58265 2012   111213603204   55   65  105    0   24 6670    1    1    0    1    1    1    1    1    0    1    1    1    1    1    1    1    1    1    1    1    1    1------------------------------------------------V3.00
3121  11   2 311   2 357   42017 334   5 359   72015     173 1842005 1732057****////  61  532003 120  9796199619210096152033 178 1842001 1782100 180 1882001 1802100 187 199 198 194 193 198 205 207   2   0    0    02001
3122   0   0   0   0 360   62109   0   0 358   72104     158 1732101 1582147****////  68  592105 122  9996259625214296192101 171 1782101 1712153 171 1802101 1712151 180 195 197 191 194 199 206 208   0   0    0    02101
3123 174   1 114   1 354   42252 175   2 333   62247     157 1642230 1572300****////  69  642214 123 10096259628221796252241 168 1722239 1682300 167 1722223 1672300 176 191 195 188 194 199 206 208   0   0    0    02201
0100 350   4 314   6 314   62356 353   6 353   82354     154 1572301 1502346****////  72  692301 126 10496239625230196222342 165 1692303 1642346 164 1672302 1622346 171 187 194 186 195 199 206 208   0   0    0    02301
0101 184  10 170   6 354   70007 186   9 354  110006     147 1570014 1470100****////  74  690013 124 10196139624000996130051 159 1660030 1590100 157 1640031 1570100 168 184 193 183 195 199 206 208   0   0    0    00001
0102   0   0  95   3 192  130111   0   0 217  170105     145 1550127 1450106****////  70  630129 116  9196109614010196090130 153 1590101 1530200 148 1570101 1480200 162 180 191 181 195 200 207 209   0   0    0    00101
0103 292   4 292   6 306   80255 293   6 323  130248     135 1450201 1320240****////  76  700201 118  9496089610020196060231 148 1520201 1480300 142 1480201 1420300 156 176 189 178 195 200 207 209   0   0    0    00201
0104  83   6  87   4 355   60301  87   6 110   70332     125 1350301 1240350****////  83  760301 120  9795999608030195990359 145 1480301 1450358 138 1420301 1380400 152 172 188 175 195 200 207 210   0   0    0    00301
0105   0   0  95   2 182   50401   0   0 176   60401     125 1260422 1230437****////  84  820427 122  9995969599040195950455 144 1450402 1440417 137 1380401 1360457 149 168 186 173 195 200 207 210   0   0    0    00401
0106  18   4  42   2  81   40518  18   5 136   80513     137 1370559 1250501****////  81  800559 127 10595949596050295930547 152 1520600 1440501 144 1440600 1370501 148 166 184 170 194 200 207 209   0   0    0    00501
0107   0   0   0   0 357   50606   0   0 358   50601     144 1450657 1380601****////  81  800633 133 11295959595060995940618 154 1540700 1520601 148 1480700 1450601 150 165 182 169 193 199 206 208   1   0    0    00601
0108 353   1 347   3 347   40751 324   2 359   60748     149 1490758 1440701****////  79  780720 134 11395989598075395940709 158 1580800 1550701 152 1520800 1480701 151 165 181 167 192 199 206 208   0   0    0    00701
0109 319   6 308   6 316   70824 332   6 332   90814     167 1670859 1490801****////  70  690855 133 11296049604085995980801 168 1680900 1580801 165 1650900 1530801 155 165 180 167 191 198 205 207   1   0    0    00801
0110  16   9  28   8  43   80939  17  12 338  130934     181 1811000 1670901****////  59  570954 122 10096049607092496040903 177 1771000 1680901 180 1801000 1660901 162 168 179 167 189 197 204 206   1   0    0    00901
0111 105   4 120   3 120   91002 129   5 356  131008     191 1911100 1821002****////  56  541058 124 10196019605100796011059 190 1901100 1771004 195 1951100 1811002 170 172 179 168 188 196 203 205   2   0    0    01002
0112  64   6  79   9  98  111143  40   7 145  151140     196 1971150 1901102****////  50  501156 114  8995919601110295911200 197 1971155 1901101 205 2051200 1951101 179 177 179 170 187 195 203 205   1   0    0    01101
0113  52   5  61   9 137  151242 107   2 347  231220     205 2051300 1961201****////  43  411258 104  7595779591120195771300 217 2181255 1971201 230 2301300 2061201 191 183 180 173 185 194 201 204   2   0    0    01201
0114 104  17  84  12  96  131352 115  17 115  261359     211 2141344 2061304****////  42  381317 105  7795659577130195651359 229 2301356 2181301 243 2431355 2311301 203 191 182 176 184 194 201 203   3   0    0    01301
0115  87  13  55  14  67  191433   6  10 335  301449     224 2241500 2101417****////  40  381458 108  8295579565140195571500 239 2391500 2261438 248 2511449 2431401 211 198 184 181 184 193 200 203   0  13    0    01401
0116  96  21  73  17  90  201541 134  11 136  331522     218 2251501 2151514****////  35  341547  91  5795559558151295551559 230 2401503 2301600 238 2471501 2381513 216 204 186 185 184 193 200 203   4  60    0    01501
0117  98   7 104  12 107  221626  86   9 132  331624     213 2231611 2131640****////  33  311654  84  4495579557170095551646 206 2321609 2061700 214 2391608 2141700 209 206 189 189 186 195 202 204   0  31    0    01601
0118   0   0   0   0 106  111701   0   0 106  131709     185 2131701 1851800****////  54  321703 115  9095609561175695571701 185 2051701 1851800 193 2141701 1931800 199 204 191 191 188 196 204 206   0   0    0    01701
0119   0   0   0   0 324   31836 358   5 358   61831     154 1841801 1541859****////  67  551801 117  9395669567185195591804 167 1841801 1671900 173 1931801 1731900 186 198 192 190 190 198 206 208   0   0    0    01801
0120   0   0   4   3   6   41958   0   0 353   51901     144 1541901 1441952****////  75  671901 123 10095769576195395661901 160 1671901 1602000 162 1731901 1622000 176 192 192 187 191 199 206 209   0   0    0    01901
0121 276   2 256   4 262   52049 290   3 290   92046     138 1442001 1382037****////  77  752001 121  9895859585210095772001 156 1602001 1562100 155 1622001 1552100 169 186 191 184 192 199 206 209   0   0    0    02001
0122 305   2 290   4 295   82124   0   0 319  102118     137 1452128 1372200****////  80  772101 125 10395909590215795852101 151 1562101 1512200 149 1552101 1492200 163 181 190 181 192 199 206 209   0   0    0    02101
0123 286   5 296   5 355   52215 290   4 347   82211     134 1372201 1322240****////  83  802201 128 10695939594224395902201 148 1512201 1482300 144 1492201 1442300 158 176 188 178 192 199 207 209   0   0    0    02201
0200 289  10 295   9 296   92359 298  12 298  122358     132 1342301 1312351****////  84  832301 127 10695929593230295912321 145 1482301 1450000 140 1442301 1400000 153 172 186 175 192 199 207 209   0   0    0    02301
0201   0   0   0   0 356  100003   0   0 355  120003     128 1350016 1280100****////  83  810018 123 10095879593000695870054 143 1450006 1430100 136 1390001 1360100 149 169 185 172 192 199 207 209   0   0    0    00001
0202   0   0   0   0 353   20133   0   0 347   40131     125 1270101 1240145****////  86  830101 125 10295839587010195820152 141 1430101 1410155 134 1360101 1340154 146 165 183 170 192 199 207 209   0   0    0    00101
0203 358   4  34   1 160   50233 353   5 353   50224     131 1310259 1240204****////  85  850251 128 10695789583022295780251 144 1440231 1410202 137 1370231 1340202 145 163 181 167 191 199 206 209   0   0    0    00201
0204 328   4 330   4 330   60354 338   4 338   80350     134 1340356 1310326****////  85  840308 131 10995729578030295710358 146 1460352 1440326 139 1400352 1370323 144 161 179 165 190 199 206 209   1   0    0    00301
0205 345   8 342   6 359   60411 321   4 354   90457     137 1380413 1340401****////  82  820414 128 10795669572040295660459 147 1470411 1450437 140 1400411 1380437 144 160 178 164 190 199 206 209   0   0    0    00401
0206 283   9 290   6 301   80546 286  10 323  110543     130 1370501 1300549****////  85  820501 127 10595699569060095670501 142 1460501 1410548 135 1400501 1340548 142 159 177 163 190 199 206 209   0   0    0    00501
0207 281   2 292   3 351   80604 265   2 355   90601     133 1330700 1280638****////  85  840605 130 10895719572065095700602 145 1450700 1380628 138 1380700 1310629 141 157 175 161 189 199 206 209   0   0    0    00601
0208 333   3 338   5 339   70735 349   2 360  100730     144 1440759 1330701****////  80  800757 131 11095769576075495710701 149 1490800 1450701 143 1430800 1380701 142 157 174 160 188 198 206 208   1   0    0    00701
0209 118   2   0   0 357   50801 115   2 350   40841     149 1490859 1430807****////  81  800801 137 11795819582085395760801 154 1540900 1490801 150 1500900 1430801 145 157 173 159 187 198 205 208   0   0    0    00801
0210  80   3  92   4 114   60915  99   3 140   70908   1 163 1631000 1490901****////  72  710955 133 11295799582090795790958 164 1641000 1540901 163 1631000 1500901 150 159 173 159 186 197 205 207   3   0    0    00901
0211   0   0 275   1 308   41001   0   0 331   51007     178 1781100 1641001****////  64  641059 130 10995759579100395751059 180 1801100 1641001 184 1841100 1631001 159 162 173 160 184 196 204 206   1   0    0    01001
0212 337  11 317   6 317   61159 356   9 356  141158     189 1911157 1781101****////  58  581200 127 10595629575110195621200 193 1941149 1811101 203 2031150 1851101 171 168 173 162 182 194 202 205   2   0    0    01101
0213   7  11   8  10 359  101223 353   7 355  161257     193 1951248 1871203****////  56  551245 125 10395459562120195451300 195 1981250 1911205 209 2101257 2021203 180 175 173 165 182 194 202 204   0   0    0    01201
0214 240   9 257   6 289  101301 240   8 301   91303     200 2051344 1931301****////  51  501349 119  9695279545130195271359 202 2041352 1951302 213 2151349 2091301 187 180 175 169 181 194 201 204   2   0    0    01301
0215 244   5 231   7 231   81414 208  10 307  151409     212 2131449 2001401****////  47  451446 118  9595119527140195111458 217 2171500 2011416 224 2241446 2131401 193 185 177 172 180 193 201 203   0   1    0    01401
0216  94   8 107   9 115  131545 104  12 359  191532     207 2131530 2051550****////  47  451528 115  9095079511150795061554 202 2191520 2021553 212 2241501 2111552 196 190 179 175 181 193 201 204   2  17    0    01501
0217  94   9 109  12 115  141655  82  10 116  171652     202 2111634 2021658****////  50  451615 118  9595089509162795061606 188 2021601 1881700 199 2121601 1981659 191 191 181 179 182 194 202 205   0   0    0    01601
0218  38   6  50   6 110  161727  17   5 360  231725     191 2021701 1911757****////  55  501705 122  9995179517180095051729 176 1881701 1761800 183 1971702 1831800 185 190 182 180 183 195 203 206   0   0    0    01701
0219  61  10  55   8  55  131834  96  13 358  281830     193 1941837 1901807****////  53  521842 119  9595309530185695171801 174 1761820 1741900 179 1831801 1791900 179 187 183 179 184 195 204 206   0   0    0    01801
0220  69  13  74  16  75  161925  80   7  97  331930     190 1941905 1901958****////  55  511909 121  9895379537200095301905 170 1741901 1702000 172 1791901 1722000 174 184 184 178 184 195 204 206   0   0    0    01901
0221  23  13  21  14  24  162056  79   6 340  272055     186 1902001 1852045****////  58  552001 124 10295549554205995372001 169 1712002 1692058 170 1722002 1702100 171 182 184 177 185 195 204 206   0   0    0    02001
0222 173  10 172   7 172  162102 175  10 357  312101     166 1872103 1612151****////  66  562112 125 10295469556210695462200 157 1692101 1572200 158 1702101 1582200 167 179 183 176 186 196 205 207   0   0    0    02101
0223 343  11 342  11 342  112300 340  17 359  212255     151 1652201 1452245****////  75  672201 129 10795639563230095462201 152 1572201 1522300 150 1572201 1502300 160 175 182 174 187 197 206 208   0   0    0    02201
0300 279   4 295   2 353  142313 277   4 355  242323     143 1602325 1430000****////  78  702314 127 10595639563230295612321 149 1522316 1490000 146 1502301 1460000 156 172 181 172 187 197 205 208   0   0    0    02301
0301  30   5  19   3 358   40005  26   6 350   60005     135 1430001 1350043****////  83  790001 128 10795619563000195600048 146 1490001 1460100 141 1450001 1410100 151 169 180 170 187 197 206 209   0   0    0    00001
0302 108   4  91   2 360   50103 114   3 343   70103     130 1350101 1300151****////  85  830103 127 10595639564013095610106 145 1460101 1440149 140 1410101 1390148 148 165 179 168 187 197 206 209   0   0    0    00101
0303  73   3  98   4 108   40252  21   2 121   50245     140 1400258 1300203****////  84  840252 134 11395659566025295630201 151 1510300 1440210 146 1460300 1390209 148 163 178 166 187 197 206 208   0   0    0    00201
0304 341   5 333   4 333   60337 330   6 355   80335     151 1510349 1400301****////  79  780338 136 11595679567034595650303 154 1540400 1510301 150 1500400 1460301 149 163 177 164 186 196 205 208   2   0    0    00301
0305  46  14  49  12  50  120458  96  10  96  220457     166 1660456 1510401****////  63  630457 119  9595759575045995670401 153 1550441 1530457 151 1520445 1500401 151 163 175 163 185 196 205 207   0   0    0    00401
0306   0   0  32   4  47  130502 290   2 360  190537     162 1660501 1620558****////  66  630502 121  9895829582060095750502 155 1550600 1530501 152 1520558 1510501 151 163 175 163 185 196 205 207   1   0    0    00501
0307 304   2 330   4 357   80637 354   3 357  140634     157 1620601 1560621****////  70  650602 125 10295959595065995820603 155 1550617 1550639 152 1520618 1520606 151 163 174 162 184 196 205 207   0   0    0    00601
0308  72  16  70  18  70  180800  79  19  79  240758     167 1670754 1550721****////  55  550758 105  7696099609075995950701 152 1550724 1520800 151 1520725 1510800 151 163 174 162 184 195 205 207   1   0    0    00701
0309  68  18  69  24  69  270851  53  21  90  420851     162 1670801 1620900****////  50  500856  92  5896259625090096100802 150 1520803 1490855 151 1510900 1500834 150 162 173 162 183 195 204 207   2   0    0    00801
0310  68  40  64  36  71  390953  86  68  86  681000     155 1620901 1550955****////  39  390953  69  1696379637095696260901 152 1550936 1500911 159 1590943 1510910 152 162 173 161 183 195 204 207   3   0    0    00901
0311  74  33  72  31  81  381001  77  38 104  581047     146 1551001 1461057****////  34  331059  56 -1196459646105196371001 148 1521018 1481100 156 1601019 1561100 152 162 173 161 183 195 204 207   3   0    0    01001
0312  82  19  72  22  81  321145  66  32 128  501122     146 1461113 1431139****////  33  311154  55 -1596489648113596451101 154 1541200 1471101 163 1631200 1561105 152 162 172 161 183 195 204 207   2   0    0    01101
0313  55  17  49  18  76  271222  53  22 112  361212     147 1521235 1441216****////  29  291300  48 -3196439648120196431300 160 1681237 1551201 174 1791237 1641201 159 164 172 161 181 195 204 206   4   0    0    01201
0314  70  35  51  25  66  281330  50  27 353  391323     150 1571327 1451307****////  29  271329  49 -2996399643130296381356 166 1801331 1571308 187 1951330 1721307 166 167 172 162 181 194 203 206   3   0    0    01301
0315  48  16  50  17  75  241401  57  24 356  381425     150 1511403 1481456****////  29  281407  49 -2996389640140196371423 156 1661401 1561500 173 1861401 1731500 166 170 172 164 181 195 204 207   0   0    0    01401
0316  68   8  37   6  87  191511 116  12 360  311510     153 1541552 1491502****////  29  271557  50 -2696429642155696381501 159 1591556 1561525 171 1741510 1701547 163 170 173 165 181 195 204 207   0   0    0    01501
0317 157   5 168   8 168  131636 126   6 197  201629     147 1531613 1471659****////  30  281603  50 -2796479647165496421601 149 1601603 1491700 158 1711601 1581700 159 169 173 165 181 195 205 207   0   0    0    01601
0318 108   7 109   8 125  121734 118   7 353  191731     145 1481705 1451752****////  30  291734  50 -2996539653175996471701 144 1501702 1441800 149 1581701 1491800 154 167 173 165 181 195 205 208   0   0    0    01701
0319 116  15 120  11 121  131850 147  18 188  181842     144 1451801 1411826****////  30  301803  49 -2996639663190096531803 141 1441823 1401853 144 1491801 1441900 150 164 173 163 181 195 205 208   0   0    0    01801
0320  46   2  80   4 135  141907  77   1 242  231905     139 1441901 1392000****////  40  291935  63   596739673195996631901 140 1411901 1391938 141 1441901 1401939 146 161 173 162 181 195 205 208   0   0    0    01901
0321  80   9  81   7  86  112025  67   9 356  162019     139 1422030 1352015****////  32  282025  51 -2596799679210096732001 139 1402011 1382027 139 1412001 1392053 144 159 172 160 181 196 205 208   0   0    0    02001
0322  45  10  40   9  41   92158  77   3  77  172156     139 1402102 1322122****////  34  332101  54 -1796809681214396792101 135 1392108 1352158 135 1392101 1352200 142 157 171 159 181 196 205 208   0   0    0    02101
0323 335   8 335   9 357  102205 339  11 359  162204     132 1392201 1322242****////  43  342205  65   996829683224896802204 135 1372229 1352207 134 1362229 1342300 140 155 170 157 181 196 205 208   1   0    0    02201
0400 354  13 349  10 349  100000 359  14 359  152358     133 1332350 1312316****////  41  402357  63   396799682230296792345 133 1362326 1330000 133 1352327 1330000 139 154 169 156 181 196 205 208   0   0    0    02301
0401 302   1 309   2 359  130030   0   0 360  200001     128 1330001 1280058****////  47  400030  69  1896729679000196720100 134 1340013 1310031 132 1330012 1300042 137 151 168 154 180 195 205 208   2   0    0    00001
0402 313   1 305   2 332   50114 333   2 358   60109     125 1270101 1240122****////  53  460101  77  3296669671010296660156 134 1340157 1340101 132 1320115 1310101 136 151 167 154 180 195 206 208   0   0    0    00101
0403   0   0  33   1 359   50244   0   0 356   50235     121 1250201 1210257****////  60  520226  85  4696579666020296570300 134 1350223 1340205 131 1320225 1310259 135 150 166 153 180 195 206 208   1   0    0    00201
0404 232  12 232   9 243  100335 219   9 224  150359     126 1280335 1200305****////  57  550329  83  4396509657030196500400 132 1340308 1320400 129 1310302 1290400 134 149 165 152 179 195 206 208   1   0    0    00301
0405 245  10 221  10 244  150420 262  13 282  190416     124 1260401 1240457****////  59  570430  85  4696459650040196450500 130 1320401 1300500 127 1290401 1270500 133 148 165 151 179 195 206 208   0   0    0    00401
0406 228  16 225  12 246  150546 240  12 318  260544     124 1250554 1240524****////  59  580502  85  4696439646050196430557 129 1310518 1290535 126 1270501 1260600 131 147 164 150 179 195 206 208   1   0    0    00501
0407 184  19 186  16 233  190606 181  18 262  280603     121 1240601 1210656****////  65  590601  92  5796439644063496430608 129 1290601 1280641 125 1260601 1250642 130 146 163 149 178 195 206 208   1   0    0    00601
0408 175  10 179  17 183  250732 178  13 197  290725     118 1220714 1180756****////  66  630711  91  5796469646075596430710 128 1290701 1270729 125 1250800 1240728 129 145 162 148 178 195 206 209   0   0    0    00701
0409 170  12 169  18 172  210852 170  12 193  320848     117 1190813 1170844****////  66  640810  91  5696509651085696460803 129 1300841 1290801 127 1280843 1260801 129 144 161 147 177 195 205 208   0   0    0    00801
0410 183  15 178  14 181  160901 180   9 360  240902     118 1190940 1170906****////  65  640944  90  5496539653095196510903 133 1330959 1290904 132 1321000 1270902 130 144 161 146 177 195 205 208   1   0    0    00901
0411 188  18 194  13 198  141001 191  19 193  201058     124 1251055 1181001****////  61  611100  88  5196509653100196501100 142 1421058 1331001 143 1431100 1321001 133 144 160 146 176 194 205 208   2   0    0    01001
0412 185   6 181   7 195  161107 212  10 235  231107     134 1341200 1241101****////  57  561156  88  5196419650110196411200 153 1531200 1411110 157 1571200 1431101 140 146 160 147 175 193 204 207   1   0    0    01101
0413 135  13 188   9 220  121240 173  22 173  221300     146 1461258 1341205****////  43  411258  71  2296309641120196301259 169 1691257 1541201 177 1771300 1571201 149 150 160 148 174 192 203 206   2   0    0    01201
0414 111  19 106  20 107  201359 127  21 127  261351     145 1501324 1441306****////  35  321351  58  -896199630130196191400 160 1691303 1601358 172 1801334 1721357 156 156 160 150 173 192 203 206   2   0    0    01301
0415----------------------------------------------------------------------------------------------------------------------------------------------------------------------------------------------------------------------
0416 102   7 110   9 114  151527 125   6 143  231518     145 1461511 1441501****////  24  241553  40 -5896119612150296101514 148 1561508 1481557 156 1661507 1561559 153 160 162 154 174 193 204 207   0   0    0    01501
0417 111   5 111   4 121  141625 115   4 159  181634     143 1451601 1431624****////  27  231613  44 -4496139613165796111603 143 1481601 1421629 148 1561601 1481657 148 158 163 155 174 193 205 207   0   0    0    01601
0418 117   3 120   2 120  111728 133   5 194  141722     134 1431701 1341800****////  36  251708  55 -1496159616175996121705 140 1441702 1381733 142 1481701 1421800 144 156 164 154 174 193 205 208   0   0    0    01701
0419 296   6 301   7 305   71859 284   5 332   91851     130 1341801 1271836****////  49  381821  73  2596239623190096151802 137 1401801 1361853 139 1421801 1391900 142 154 164 154 175 193 205 208   0   0    0    01801
0420 339   4 337   4 337   91949 346   4 353  211946     133 1341950 1301901****////  52  491901  79  3796319631195196231901 137 1381937 1361951 137 1391905 1371950 140 153 163 153 174 193 205 208   0   0    0    01901
0421 344   4 340   5 350   62019 352   4 359  102030     130 1332001 1292054****////  59  522002  88  5296349634203196312001 137 1372059 1352027 137 1382001 1362027 139 151 163 152 174 193 205 208   0   0    0    02001
0422 313   6 319   2 344   62130 306   3 356   82127     128 1302101 1272154****////  60  552112  89  5296369636215296342101 137 1372117 1372155 136 1372101 1362154 138 150 162 151 174 193 205 208   0   0    0    02101
0423 284   6 302   5 306   52257 260   5 344  102253     126 1302232 1262250****////  61  572231  89  5396349637222396342258 135 1372201 1352259 134 1362201 1342259 137 150 162 150 174 193 205 208   0   0    0    02201
0500 234  14 235  13 282  142316 262   8 299  212314     130 1332324 1262301****////  60  542318  90  5496299635230996292355 133 1352301 1332359 131 1342301 1310000 135 149 161 150 174 193 205 208   1   0    0    02301
0501 252   9 248  11 265  130003 272   6 336  190004     128 1300001 1280050****////  61  590053  90  5596279632001996270056 133 1340047 1320007 130 1310048 1300058 133 147 161 149 174 193 205 208   0   0    0    00001
0502 278  10 273  13 273  180131 283  11 316  350129     123 1280101 1230200****////  61  580131  87  5096289628015296260121 129 1330104 1280134 127 1310103 1270152 132 146 160 148 174 193 205 208   0   0    0    00101
0503 261   8 243   9 265  140203 281   4 282  230219     118 1230201 1180258****////  61  590228  84  4596219629020296200249 128 1290214 1270254 126 1270214 1260251 131 145 160 147 174 193 205 208   0   0    0    00201
0504 230  10 242   6 356  120334 231   8 339  200308     118 1190302 1170356****////  55  550358  76  3196199623033196190356 129 1290354 1260329 126 1270352 1260329 130 144 159 146 173 193 205 208   0   0    0    00301
0505 160   9 156  10 186  120425 114   8 196  170454     115 1190403 1150500****////  69  550401  94  6096189618040396170432 126 1280401 1260457 125 1260401 1250458 129 143 159 145 173 193 205 208   1   0    0    00401
0506 186  23 178  21 191  290544 187  26 211  430537     111 1170530 1100556****////  73  630529  96  6496219622055496180501 123 1260501 1220545 122 1250501 1220547 127 142 158 145 173 193 206 209   0   0    0    00501
0507 176  32 159  24 188  240607 169  18 180  390656     112 1140630 1100604****////  59  590657  78  3596249625062196210602 121 1240624 1210700 121 1230622 1210700 126 141 157 144 173 193 205 208   1   0    0    00601
0508 114  13 144  17 188  250701 142  12 267  340714     106 1130712 1060759****////  67  560727  86  4796329632075696250701 119 1210708 1190719 119 1210707 1180754 124 140 157 143 173 193 205 209   1   0    0    00701
0509  88   7 101   5 173  240812 100   9 197  350810      95 1060801  950839****////  80  670801  95  6296419641085996320803 122 1220853 1180813 122 1220858 1180813 123 138 156 142 173 193 206 209   0   0    0    00801
0510  61   5  52   5  79   80936  54   7 343  120930      97  970958  940916****////  85  800901 102  7396459645095596410901 125 1251000 1210911 127 1271000 1220901 124 138 155 141 172 193 206 209   0   0    0    00901
0511 114   8 110   7 111  171044  89   7 142  221038      98  991059  951015****////  81  811100  98  6796459647105196451005 127 1271059 1241044 131 1311100 1271001 127 139 155 141 171 192 206 208   0   0    0    01001
0512  89  12 111  12 131  141113  75  10 200  241109     101 1021144  981101****////  82  791112 101  7296429646111196421200 133 1331200 1261102 140 1401200 1311101 130 140 154 141 171 192 205 208   0   0    0    01101
0513 114  16 110  17 123  191211 117  15 243  301226     102 1041220 1011201****////  81  801258 101  7196329642120296321300 130 1351226 1281247 138 1451225 1381300 133 141 154 141 170 192 205 208   1   0    0    01201
0514 124  26 113  21 114  221332 120  17 160  301315     106 1071352 1021302****////  73  731354  93  6096249632130196241400 133 1341345 1281315 143 1431345 1371312 134 143 154 142 170 191 205 208   1   0    0    01301
0515  96  17  59  13 110  211401  74  19 102  231456     115 1151500 1071401****////  67  661458  91  5696189624140196181454 135 1381447 1301422 151 1511456 1431401 138 144 154 143 169 191 204 208   0   0    0    01401
0516  79  15  86  13  89  161547 127  14 357  241512     117 1181537 1151508****////  65  631540  89  5396189618150196171522 134 1371519 1331545 146 1511501 1461600 139 146 155 144 169 190 204 208   1   0    0    01501
0517 106  14 111  16 111  201627  59   9 135  261625     115 1171601 1151619****////  64  631635  87  4996219621164396181601 130 1351603 1291649 137 1451601 1371700 136 146 155 144 169 191 205 208   0   0    0    01601
0518 117  10 117  10 123  151701  89  10 212  201701     114 1151710 1141751****////  66  641716  89  5396269626175696211701 127 1301702 1261758 131 1361701 1311759 133 145 155 144 169 191 205 208   0   0    0    01701
0519  95   9  82   9 143  101801 110   9 190  151803     115 1151842 1141801****////  62  611859  84  4596349634185996261803 126 1271811 1261855 128 1311801 1281855 131 144 155 144 169 191 205 208   1   0    0    01801
0520 102   7 118   7 128  131933 124  10 174  181945     114 1161927 1141953****////  69  611910  93  5996409640195996341901 125 1261906 1241935 126 1281901 1261948 128 142 155 143 169 191 205 208   0   0    0    01901
0521 199   5 201   3 204  102009 190   4 209  132005     113 1142015 1132042****////  73  682009  98  6696459645205696412001 126 1262056 1252009 126 1262002 1252033 127 141 155 142 169 190 205 208   0   0    0    02001
0522 171   8 191   5 212   52107 172   6 172   82159     113 1132101 1112135****////  72  712122  96  6496499649220096452102 126 1262155 1252121 125 1252101 1242122 127 140 154 142 168 190 205 208   0   0    0    02101
0523 263   6 276   9 279  112236 275   4 304  142232     112 1142222 1122231****////  71  692233  94  6196519652224896502207 125 1262201 1242239 124 1252201 1232241 126 139 154 141 168 190 205 208   0   0    0    02201
0600 233   7 267   7 308   92301 245   5 331  132305     112 1132337 1122359****////  75  712301 100  6996509652231096492351 125 1262356 1252314 123 1242340 1230000 125 139 153 140 168 190 205 208   0   0    0    02301
0601  12   4 343   3 343   80018  14   5 350  150026     111 1130017 1110057****////  77  740006 102  7296459650000196450100 124 1250008 1240100 123 1240008 1230018 125 138 153 140 168 190 205 208   0   0    0    00001
0602 340   4 327   5 359   70145   5   3 360   90141     110 1110101 1100146****////  78  760102 102  7396429645010196420134 124 1260127 1230143 122 1240129 1220152 124 138 152 139 168 190 205 208   0   0    0    00101
0603 338   4 348   2 358   50201 330   3 360   80202     110 1110229 1100202****////  77  750233 101  7196369643021496360300 124 1250224 1230206 122 1230224 1220207 124 137 152 139 168 190 205 208   0   0    0    00201
0604 345   5  19   2 360   60319 320   3 358   70313     110 1100301 1090309****////  77  770322 101  7196339637030696330400 124 1250306 1240326 122 1230308 1220336 124 137 152 139 167 189 205 208   0   0    0    00301
0605 356   3 346   5 359   50407  23   4 360   60401     110 1100446 1090431****////  76  750438 100  6996329633040196310433 124 1250446 1230405 122 1220452 1220406 124 136 151 138 167 189 205 208   0   0    0    00401
0606  74   2 122   3 354   50501   0   0 184   70550     112 1120559 1100501****////  77  760501 102  7396359635055696320522 125 1260553 1240501 123 1230550 1220501 124 136 151 138 166 189 205 208   0   0    0    00501
0607 352   3  66   2 178   30601 346   3 352   60621     112 1130639 1120607****////  79  770601 105  7796389638070096350601 126 1260700 1250602 123 1230700 1230601 124 136 151 138 166 189 205 208   0   0    0    00601
0608   0   0   0   0 354   20701   0   0 313   40735     113 1130757 1110721****////  78  780755 104  7696449644080096380701 127 1270759 1260728 124 1240800 1230702 124 136 150 138 166 189 205 208   0   0    0    00701
0609   0   0 323   2 346   20826   0   0 359   50825     116 1160843 1130801****////  74  740853 101  7196529652085696440805 128 1280858 1270807 126 1260857 1240801 125 136 150 137 166 189 204 208   0   0    0    00801
0610 314   6 299   7 299   80957 353   6 353   90949     116 1180945 1160901****////  76  740901 104  7596549655095496520902 129 1310948 1280901 129 1290959 1260901 126 137 150 137 165 188 204 208   0   0    0    00901
0611   0   0   0   0 357   91010   0   0 354  111004     108 1161001 1071046****////  82  761001 106  7996519655100796511100 129 1291001 1261028 129 1291001 1271028 126 137 150 137 165 188 204 208   0   0    0    01001
0612 310   5 329   5 345   61138 295   6 359   81133     112 1121200 1071115****////  78  781156 104  7596409651110196401156 134 1341200 1291101 140 1401200 1291101 129 138 150 138 165 188 204 208   2   0    0    01101
0613   0   0 347   2 347   81234   0   0 354  111227     116 1161225 1121202****////  74  741256 101  7196289640120196281259 135 1361244 1341235 142 1421300 1401201 133 140 150 138 164 188 204 207   0   0    0    01201
0614 112  11 126   8 126   81400 114  11 183  161344     123 1231353 1161301****////  65  631355  93  5996169627130196161359 136 1391326 1361301 144 1451352 1431301 136 142 150 139 164 187 204 207   2   0    0    01301
0615 117  13 132  12 145  151418 114  13 226  261434     122 1241451 1221404****////  62  611459  88  5196089616140196081459 134 1371409 1341459 141 1441401 1411500 136 143 151 140 164 187 204 207   0   0    0    01401
0616 116  21 118  18 121  211543 113  16 151  301516     121 1231505 1211537****////  65  611506  92  5796049608150196041558 132 1351505 1301540 138 1411506 1371540 134 144 151 141 164 187 204 207   0   0    0    01501
0617 105  10 108  12 122  181601  90  11 161  231603     123 1241655 1211605****////  63  631644  90  5596029604160396021621 131 1331615 1311607 135 1391617 1351700 134 143 151 141 164 187 204 207   0   0    0    01601
0618 110  12 104   8 104  151741 110  19 137  241728     123 1241736 1231709****////  64  621734  91  5796069606175696031703 129 1311701 1281743 131 1351701 1311800 131 143 151 141 164 187 204 208   0   0    0    01701
0619 101  12  96  15 110  151809 120  10 120  291853     123 1241824 1221851****////  64  631810  91  5796109610185996051801 126 1291801 1261859 127 1311801 1271859 129 141 152 141 164 187 204 208   0   0    0    01801
0620  61  11  70  16  87  191941  15   9 113  331941     123 1241912 1221931****////  62  621952  89  5296199619195996101901 123 1261920 1221956 124 1271902 1241957 127 140 151 140 164 187 204 208   1   0    0    01901
0621  56  12  53  14  75  152001  47  12 135  262034     121 1232001 1212057****////  64  622001  90  5596249625204196192001 122 1252018 1212059 123 1252019 1232059 126 139 151 140 164 187 204 208   0   0    0    02001
0622  81  14  80  23  81  242158  78  10  91  332155     117 1212101 1172154****////  68  642101  93  6096229627211196222156 121 1232151 1212159 122 1232120 1222159 124 138 151 139 164 186 204 208   1   0    0    02101
0623   3  16 360  12 360  232201   5  17 359  232202     111 1172201 1112259****////  74  682201  98  6696269630223296222201 118 1222216 1182300 121 1222219 1212300 124 137 150 138 164 187 204 208   0   0    0    02201
0700 359  12 353  16 353  162359  11   8 358  242358     111 1112301 1102316****////  75  742301  99  6896239625230196232348 118 1202332 1180000 121 1212328 1210000 123 136 150 138 164 187 204 208   0   0    0    02301
0701   4  10 351   9 360  160001 358  15 359  200005     111 1110001 1100047****////  78  750001 103  7496209624000296190028 120 1200048 1180001 121 1210056 1210028 122 135 149 137 164 186 204 208   0   0    0    00001
0702 355   2  17   3 353  150123   0   0 360  250122     109 1110103 1090143****////  81  770102 106  7896129621010896120200 122 1220200 1190132 122 1220159 1210126 122 135 149 136 164 186 204 208   0   0    0    00101
0703 342   8 336   9 341   90235 324   7 352  140256     110 1100236 1090201****////  80  800257 105  7796109613022396100300 122 1230217 1220300 122 1220237 1220201 122 135 149 136 163 186 204 208   0   0    0    00201
0704  23   7   8   8 359  120338  33   7 360  170334     111 1110326 1100302****////  79  790344 104  7696069610030796060356 121 1220303 1200331 121 1220301 1210339 122 135 148 136 163 186 204 208   0   0    0    00301
0705 337  11 342  11 342  110500 345   7 357  140404     112 1120407 1110401****////  79  780408 105  7796069607044996060444 122 1230440 1210408 122 1220429 1210401 122 134 148 135 163 186 204 208   0   0    0    00401
0706 342   2 360   4 360  110501 355   3 359  150505     113 1130537 1120501****////  77  770600 103  7496059606050496050524 122 1220531 1210508 122 1220501 1220516 122 134 148 135 163 185 204 208   0   0    0    00501
0707 337   7 345  10 348  100653 352   9 359  130644     113 1130601 1120623****////  78  770601 104  7696109610065896050601 121 1230644 1210700 121 1220642 1210658 122 134 147 135 162 185 204 208   0   0    0    00601
0708   6   5 360   5 360  100701   4   6 359  130720     114 1140747 1130701****////  78  780701 105  7796159616075796100701 122 1220758 1210701 122 1220758 1210709 122 134 147 135 162 185 204 208   0   0    0    00701
0709 339  11 349   7 356   90820 341  14 356  150813     117 1170852 1140801****////  77  770817 106  7896219621085996150803 124 1240855 1220805 124 1240856 1220801 122 134 147 135 162 185 203 208   0   0    0    00801
0710 357  11 350  10 359  120923 353  10 359  220917     118 1190926 1170901****////  77  760930 107  7996219621090496200923 125 1260945 1240908 128 1280957 1240901 124 134 147 135 161 185 203 207   1   0    0    00901
0711 291   7 300   6 360  141021 275   8 347  201022     114 1181001 1131048****////  84  771001 113  8896179621100296171100 128 1281100 1251024 130 1301100 1281003 125 135 147 135 161 185 203 207   0   0    0    01001
0712 322   9 311   8 321   91109 316   8 316  141159     114 1151140 1131103****////  86  841101 116  9196119617110196111159 127 1281101 1271200 130 1311128 1301108 126 136 146 135 161 185 203 207   0   0    0    01101
0713 348  11 343  10 343  111204 346   9 360  171203     116 1161256 1131205****////  87  861201 119  9595989611120395981300 131 1311300 1271202 136 1361300 1301201 128 136 147 135 161 184 203 207   0   0    0    01201
0714  67  13  66  11  72  161353 107  11 306  301344     117 1181328 1161301****////  86  861338 118  9495929598130195921400 130 1311301 1301348 136 1371307 1361333 130 138 147 136 161 184 203 207   0   0    0    01301
0715  98   6  96   8 117  121423 120   6 139  161439     120 1201451 1161423****////  84  841457 118  9495869592140695851453 136 1371458 1301401 143 1431457 1351415 132 139 147 137 160 184 203 207   0   0    0    01401
0716  75  10  85   7  93   91531  52   7 140  151522     124 1241551 1201501****////  82  821531 118  9495829586150195821600 137 1371558 1351533 144 1441544 1431504 135 140 147 137 160 183 202 207   0   0    0    01501
0717  70   5  55   8  75  141647  72   4 358  221610     129 1291646 1241601****////  75  741642 112  8695849585164895821601 133 1371601 1321646 138 1441601 1381659 135 142 148 138 160 183 203 207   0   0    0    01601
0718  17   9  44   7  50  101717   4  18 351  201734     129 1291704 1281745****////  74  731753 110  8495889588180095841704 131 1331704 1301756 134 1381702 1341800 133 142 148 139 160 183 203 207   0   0    0    01701
0719  34   7  30  12  39  151819 101   5 356  351836     129 1301821 1291817****////  74  731820 110  8495969597185595881801 127 1311801 1271859 130 1341801 1301858 131 141 149 139 160 183 203 207   0   0    0    01801
0720  28  21  20  14  22  181948  31  11 357  301947     125 1291901 1251946****////  76  731911 110  8496039603195595971901 126 1281909 1251948 128 1301909 1282000 129 140 149 139 160 183 203 207   0   0    0    01901
0721  37  11  53   9  61  172007  82  19 354  262003     125 1272015 1242057****////  74  742014 107  8096109610205996032001 126 1272035 1252008 127 1282002 1272100 128 139 149 138 160 183 203 207   0   0    0    02001
0722 357   8 359   9 359  142109 349   7 360  232101     125 1272150 1242120****////  68  632147  98  6896149614215296102101 124 1262120 1232151 125 1272101 1252155 127 138 149 138 160 183 203 207   0   0    0    02101
0723 336  10 329   8 346  112215 324   5 358  152208     120 1252201 1202300****////  81  682201 114  8896179617225896142201 126 1262242 1242201 125 1262245 1252202 126 138 148 137 160 183 203 207   0   0    0    02201
0800 310   7 322   6 338   92308 327   5 357  132331     117 1202301 1172356****////  83  812301 114  8996169618234396162359 125 1262309 1252357 124 1252305 1240000 125 137 148 137 160 183 203 207   0   0    0    02301
0801 333   6 332   8 333  100025 285   4 349  180051     116 1180001 1160059****////  83  830001 113  8896109616000296100057 125 1260009 1250100 123 1240001 1230100 125 136 148 136 160 183 203 207   0   0    0    00001
0802   0   0  27   1 356   70101   0   0 355  110109     114 1160119 1140138****////  83  820107 112  8696059610010196050156 124 1250121 1240104 122 1230101 1220200 124 136 148 136 160 183 203 207   0   0    0    00101
0803   0   0 322   1 351   50242 303   2 359   60236     111 1140201 1110259****////  84  830201 111  8596029605020696020300 124 1250221 1240240 122 1220201 1220300 123 135 147 136 160 183 203 207   0   0    0    00201
0804 245  10 256   7 260   70359 242   7 242  110359     114 1140358 1110302****////  82  820357 110  8495959602030195950357 124 1240313 1240352 121 1220301 1210359 123 135 147 135 160 183 203 208   0   0    0    00301
0805 264  14 259  11 259  120453 253  14 293  210449     113 1150408 1130436****////  83  820401 111  8595879595040295870500 122 1240401 1220454 120 1210401 1200454 122 134 146 135 160 183 203 208   0   0    0    00401
0806 245   5 255   8 272  140516 239   4 344  220515     112 1130501 1120529****////  83  830501 110  8495859589052195850558 121 1220502 1210600 119 1200501 1190552 121 133 146 134 160 182 203 208   0   0    0    00501
0807 176   5 207   6 262   70601 155   2 297  130604     111 1120601 1110605****////  82  820700 108  8195869587063995850601 121 1220619 1210659 118 1190603 1180659 120 133 146 134 160 182 203 208   0   0    0    00601
0808 178  22 184  14 184  140800 181  25 181  250800     109 1120702 1090800****////  85  820701 111  8595869587070295850745 121 1210701 1200741 118 1180800 1170729 119 132 145 133 160 182 203 208   0   0    0    00701
0809 177  19 165  12 186  210807 184  17 208  280802     113 1130853 1090801****////  83  830857 111  8595909591085395860801 128 1280900 1210805 129 1290900 1180801 121 132 145 133 159 182 202 207   0   0    0    00801
0810 160  10 156  10 171  160920 109   7 270  210913     126 1260959 1130901****////  76  761000 111  8595919592092095900905 142 1421000 1280901 150 1501000 1290901 128 134 145 133 158 181 201 206   2   0    0    00901
0811 230  12 205  11 205  181038 223  15 229  231039     146 1461059 1261001****////  58  581100  96  6495829591100395821059 161 1611058 1431001 178 1781058 1511001 143 139 145 134 156 178 199 204   3  30    0    01001
0812 153  14 167  15 214  211129 108  18 239  391143     159 1641154 1421107****////  46  441153  83  4395689582110495681159 191 1911200 1601108 198 1981200 1791101 164 148 146 138 152 175 196 201   5  60    0    01101
0813 243  10 216  21 216  221258 211   7 265  411203     169 1741252 1561210****////  44  431230  85  4695539568120195531300 208 2121252 1921201 236 2371252 2001201 187 162 148 144 152 174 195 200   4  60    0    01201
0814 119  10 108  13 284  211301  95  19 143  341353     176 1791354 1651314****////  42  401355  84  4595379553130195371400 223 2231400 2091301 248 2481400 2371301 196 174 151 151 151 174 195 200   2  60    0    01301
0815 200  18 192  20 194  231453 222  14 222  421445     180 1851411 1761418****////  39  381429  80  3995289536140195271459 221 2271411 2201456 237 2481401 2371500 205 183 155 158 152 175 195 200   3  60    0    01401
0816 174   9 158  11 161  201521 136   8 238  451513     183 1901511 1771538****////  37  361512  78  3495229527150195221559 213 2261513 2111539 225 2371501 2211537 206 190 159 164 154 175 196 201   2  52    0    01501
0817 114   7 126   9 192  121625 198   5 338  251607     173 1861607 1721644****////  40  371606  79  3695219523160895211657 181 2111601 1801656 196 2241601 1961700 193 190 163 168 157 178 199 204   0   8    0    01601
0818 125  15 119  17 122  231721 153   9 205  341723     161 1731701 1611759****////  48  411703  88  5195259525175895211701 162 1801701 1621800 174 1961701 1741800 179 185 165 169 159 179 200 205   0   0    0    01701
0819 125  11 142  11 172  221834 136   8 219  311833     154 1611801 1541853****////  52  481801  91  5695309530190095251801 153 1621801 1531900 161 1741801 1611900 168 178 167 168 160 179 200 206   0   0    0    01801
0820 121  33 119  28 119  282000 116  44 116  442000     148 1531901 1481959****////  55  511915  93  5995409540200095301901 148 1531917 1482000 154 1611901 1542000 160 172 167 165 161 179 201 206   1   0    0    01901
0821 113  13 119  15 125  312006 132  11 191  432003     140 1482001 1402056****////  62  552001  99  6895519551210095402001 145 1482001 1452100 150 1542001 1502100 154 167 167 163 163 179 201 206   0   0    0    02001
0822 123  16 123  17 124  222151 133  17 151  292141     136 1402101 1362153****////  66  622101 103  7495549554214995512101 142 1452110 1422155 146 1502101 1462155 150 163 166 160 163 180 201 206   0   0    0    02101
0823 175  13 156   8 171  172201 138  13 237  232248     133 1362201 1332254****////  69  662201 105  7795519556221495512300 140 1432222 1402256 144 1462223 1442256 147 160 165 158 164 180 201 207   0   0    0    02201
0900 235   4 261   4 271  112322 217   3 301  142316     131 1332301 1312317****////  71  682303 107  8095539553235195512308 141 1412352 1402321 143 1442301 1432358 144 157 163 156 164 180 201 207   0   0    0    02301
0901 247  12 252  11 252  120041 266   8 309  160048     131 1320015 1310010****////  71  690019 107  8095489553000295480100 138 1410003 1380054 140 1430001 1400100 143 155 162 154 164 180 201 207   1   0    0    00001
0902 264   5 264   8 264  110103 254   9 285  150103     130 1310101 1300200****////  71  700130 106  7995449548010195440141 138 1380101 1370153 138 1390101 1380154 140 153 161 152 165 180 201 207   0   0    0    00101
0903 119   7 121   6 285   90210 117   6 307  130206     127 1300201 1270257****////  74  710201 109  8295419544020195410253 137 1380207 1370222 137 1380204 1370300 139 151 160 151 165 180 201 207   0   0    0    00201
0904   0   0   0   0 354   60301   0   0 347   70321     125 1280305 1250332****////  78  740301 113  8895389541030195370359 137 1370330 1370400 136 1370302 1360400 138 150 159 150 165 180 201 207   0   0    0    00301
0905  12   4 348   2 348   20426  15   4  15   40459     123 1250401 1220426****////  79  780401 113  8895349537040195330426 136 1370401 1360500 135 1360401 1350459 137 149 158 148 165 180 201 207   0   0    0    00401
0906 123   9 121  11 122  120558 129  11 154  130549     129 1290600 1220521****////  74  740557 110  8495379537053895340501 135 1360543 1350557 134 1350539 1340559 136 148 157 147 165 180 201 207   0   0    0    00501
0907 124   4 114   5 182  110601 126   6 206  140622     125 1290603 1240649****////  78  740601 113  8895399540065295370604 134 1350609 1340635 133 1340601 1330650 135 147 157 146 164 180 201 207   0   0    0    00601
0908 211   3 202   7 202   90739 191   4 231  130751     126 1260720 1240741****////  76  760756 111  8595469546080095390701 134 1340702 1340716 133 1330800 1330717 134 146 156 146 164 180 201 207   0   0    0    00701
0909   0   0   0   0 360  100810   0   0 357  120807     130 1300859 1250803****////  75  740830 112  8795529552090095460801 139 1390900 1340808 139 1390900 1330801 134 145 155 145 164 179 201 207   0   0    0    00801
0910 317   4 320   3 359   50944 332   4 354   60942     134 1350957 1310901****////  71  710954 109  8395579557100095520902 142 1421000 1390901 144 1441000 1390901 137 146 155 144 163 179 200 206   1   0    0    00901
0911 314   5 318   4 334   81016 318   7 347  121034     136 1371056 1341011****////  71  711041 111  8495589559101395571001 144 1451056 1411014 149 1491056 1441013 140 147 154 144 163 179 200 206   1   0    0    01001
0912 313   5 336   5 360   81129 311   2 358  111106     137 1371137 1351129****////  72  711102 113  8795529558110195521156 144 1441105 1421148 150 1501159 1481147 142 148 154 145 163 179 200 206   0   0    0    01101
0913  80   9  66   7  66  121226  56   8 357  211223     135 1381210 1331235****////  73  711203 113  8895459553120295451300 143 1471219 1411233 149 1521217 1471237 142 149 154 145 163 179 200 206   0   0    0    01201
0914 339   9 347  13 350  131358 305   4 355  191356     141 1421344 1351302****////  69  691345 111  8595369545130195361400 149 1501357 1421312 159 1591400 1491303 145 150 155 146 162 178 200 205   0   0    0    01301
0915 356   9  12   8  29  161445 332  11 360  221439     146 1471454 1411416****////  67  661455 111  8595309536140295291459 153 1531455 1491435 165 1651455 1591401 149 152 155 147 163 181 201 204   1   0    0    01401
0916  26  11  38  13  57  141512  29  11 357  261510     148 1511550 1451512****////  62  621557 104  7695309530150595281532 151 1551551 1491515 165 1671549 1621514 152 154 155 148 161 178 199 205   1   0    0    01501
0917 354   6  20   9 360  161624 347  15 359  241620     148 1491643 1481602****////  65  621602 109  8395349534165195301601 148 1531643 1481655 159 1651606 1591700 153 156 156 149 162 178 199 205   0   0    0    01601
0918 359  14 351  10 359  131707  17   9 357  261726     142 1481701 1411759****////  68  651701 110  8495449544180095351701 141 1481701 1411800 148 1591701 1481800 149 156 156 150 162 179 200 206   0   0    0    01701
0919  18  18  14  15  14  151855  10  22  35  241852     140 1421801 1401831****////  70  681801 112  8695599559190095441802 138 1411801 1381858 143 1481801 1431900 145 154 157 150 162 179 200 206   0   0    0    01801
0920  56   8  48  13  54  181933  87  12 359  321924     140 1411903 1401931****////  70  691952 112  8695719571200095601901 137 1391924 1371957 140 1431901 1401957 142 152 157 149 163 179 200 206   0   0    0    01901
0921 317   5 319   5 360  122001   0   0 360  212007     136 1412003 1362059****////  73  692015 114  8995809582205595712001 138 1382047 1372025 139 1402005 1392100 140 151 157 148 163 179 200 206   0   0    0    02001
0922 311   3 315   4 315   82145 310   3 328  102142     128 1362101 1252139****////  79  732102 117  9395909590220095742120 136 1382101 1332134 136 1392101 1332134 137 149 156 148 163 179 200 207   0   0    0    02101
0923 339   7 345   9 345  122237 316   7 358  202234     134 1342255 1282201****////  75  752254 115  9195949595224495902205 136 1372254 1352232 136 1372253 1362232 136 148 156 146 163 179 200 206   0   0    0    02201
1000   0   0   8   1 358   92301   2   3 358  112303     130 1342301 1302326****////  78  742304 117  9395989598000095942304 136 1362301 1352335 135 1362301 1352359 136 147 155 146 163 179 200 206   0   0    0    02301
1001  26   3   0   0 356   30029  17   3 358   50023     127 1300001 1270050****////  81  780001 119  9595999600004795980008 135 1360004 1350059 134 1350002 1340059 135 146 155 145 163 179 200 206   0   0    0    00001
1002   0   0   0   0 210   20103   0   0 204   40101     125 1280103 1240155****////  82  800102 119  9596019601015195990101 134 1350102 1340152 133 1340110 1330200 134 145 154 144 163 179 200 207   0   0    0    00101
1003 317   4 291   7 291   70257 353   3 353   80251     126 1260300 1240226****////  83  820201 121  9896019601020195990222 134 1340210 1340250 132 1330201 1320300 133 144 154 144 163 179 200 207   0   0    0    00201
1004 263   6 272   5 327   60301 273   7 289   90351     125 1260301 1240317****////  81  810355 117  9395999601030895990357 133 1340302 1330358 131 1320302 1310400 132 144 153 143 163 179 200 207   0   0    0    00301
1005 330   2 341   3 341   50401 314   2 358   70417     124 1250401 1240453****////  82  810401 118  9495999599045995970408 133 1330401 1330454 130 1310403 1300455 131 143 153 143 163 179 200 207   0   0    0    00401
1006   0   0   0   0 358   30501   0   0 358   40502     122 1240501 1220600****////  84  820501 119  9696059605060095990502 133 1330507 1330528 130 1300502 1300558 131 142 153 142 163 179 200 207   0   0    0    00501
1007   0   0   0   0  43   20610   0   0  43   50608     121 1220611 1210601****////  85  840601 120  9796129612070096050601 132 1330602 1320700 129 1300604 1290657 130 142 152 141 162 179 200 207   0   0    0    00601
1008   0   0 113   1 360   20716 121   2 356   30712     122 1220724 1210701****////  85  850701 121  9896239623080096120703 133 1330800 1320708 131 1310800 1290711 130 141 152 141 162 179 200 207   0   0    0    00701
1009 206   4 193   2 193   30804 205   3 209   50802     135 1350900 1220801****////  81  810855 125 10396369636090096240801 139 1390900 1330801 139 1390900 1310801 132 141 151 141 161 178 199 206   0   0    0    00801
1010  59   3  49   4 102   70934   0   0 354  110929     145 1450955 1350901****////  72  721000 119  9596449644100096360901 147 1470957 1400901 151 1511000 1390901 136 143 151 141 160 178 198 205   1   0    0    00901
1011  33  16  23  15  23  161055  27  14  60  221052     148 1491059 1451005****////  70  701056 118  9496479647104896441001 152 1521100 1471016 162 1621100 1511001 143 145 151 141 160 177 198 205   1   0    0    01001
1012 102  11  90  12  92  151101 124   9 346  221112     154 1541155 1481101****////  69  681125 121  9796439648110796431159 165 1651200 1521101 179 1791200 1631101 152 150 151 143 159 176 197 204   2   0    0    01101
1013  49  12  28  14  28  161256  73  17 355  221238     161 1621243 1521208****////  63  631245 115  9196369643120296361258 167 1761235 1661201 186 1901235 1791201 161 155 152 146 159 176 197 204   2   0    0    01201
1014  92  13  81  15  81  151321  96  14 350  261327     159 1611301 1581329****////  57  571359 103  7496279636130196271358 161 1691311 1601357 177 1861320 1771400 163 160 153 149 159 176 197 204   0   0    0    01301
1015  70   9  73  11  86  201419  71  11 136  291437     163 1631452 1581409****////  59  561439 109  8396259627140296241444 163 1651447 1591421 178 1801447 1751416 162 161 155 151 159 176 197 204   0   0    0    01401
1016  67  15  53  10  89  201525  91  17 357  331521     160 1631501 1591546****////  56  551556 102  7296269626155996241508 158 1631502 1581600 171 1781502 1711600 161 163 156 153 160 177 197 205   1   0    0    01501
1017  79  17  73  17  73  171606  83  19  96  321654     157 1601601 1571659****////  55  541633  98  6796329632165996261601 149 1571601 1491658 158 1711601 1581700 157 162 158 154 160 177 198 205   0   0    0    01601
1018  30  20  18  19  18  241753  43  36  43  361800     151 1571710 1511757****////  61  521716 105  7696399640175996321701 143 1481701 1431753 150 1581701 1501753 151 160 158 154 161 177 198 205   0   0    0    01701
1019  40  11  30   7  50  191801  13   4 350  301807     149 1521804 1471824****////  62  601807 105  7796499649185996391801 140 1431814 1381842 146 1501801 1461842 147 157 159 153 161 178 198 206   0   0    0    01801
1020  50  30  41  20  41  201959  96  34  96  451958     149 1501911 1491901****////  62  591924 105  7796619661195996501901 138 1401902 1382000 142 1461901 1422000 144 155 158 152 162 177 198 206   2   0    0    01901
1021  45  19  63  22  67  232003  45  12 335  412020     146 1492001 1462100****////  60  592031 100  6996689668205996612001 136 1382014 1362058 138 1412001 1382058 141 153 158 150 162 177 198 206   0   0    0    02001
1022  58  16  63  14  64  212101 359   9 359  382139     144 1472101 1442146****////  58  582200  95  6396759675215696682101 135 1372122 1352200 136 1382106 1362200 138 151 157 149 162 177 198 206   1   0    0    02101
1023  61  26  62  26  62  262300  31  26  86  412256     143 1442201 1432300****////  43  432258  70  1996819681225996752201 129 1352201 1292300 130 1362201 1302300 136 149 157 148 162 178 198 206   1   0    0    02201
1100  69  15  69  26  70  332325  43  11 109  562331     138 1432304 1380000****////  39  382353  61   196859685235096812301 125 1292301 1252357 125 1302301 1252357 131 146 156 146 162 178 199 206   2   0    0    02301
1101  69  10  54  14  70  260014  82  16 161  500009     130 1380001 1300040****////  40  390010  60  -396859686003296840058 123 1260005 1220026 123 1260006 1230055 128 144 155 145 163 178 199 206   2   0    0    00001
1102  79  33  64  31  64  310158  76  31  97  550157     128 1300103 1270155****////  32  320158  47 -3596859685010596840121 116 1240102 1160158 116 1230101 1160200 125 141 154 143 163 178 199 206   2   0    0    00101
1103  38  18  51  21  71  320201  20  24 351  550246     125 1280201 1250258****////  29  290247  42 -5096849686020196840252 115 1170220 1140249 113 1160204 1130249 121 138 153 141 162 178 199 207   2   0    0    00201
1104  64  16  55  16  59  210301  34   8 107  380326     123 1260305 1230353****////  30  270317  43 -4896849684040096830329 114 1150301 1130316 112 1130301 1110317 118 136 152 139 162 178 199 207   2   0    0    00301
1105  34  11  34  10 359  310412  35  10 359  400403     117 1230401 1170455****////  32  280429  44 -4496829685041196820458 112 1150455 1110412 111 1120454 1100413 116 134 151 138 162 178 199 207   0   0    0    00401
1106 339   9 354   6 359  130533 346  10 360  210527     109 1170501 1090559****////  44  320502  57  -996799682050196790600 115 1150600 1100529 112 1120559 1100507 116 132 149 136 162 178 199 207   0   0    0    00501
1107 315   5 312   5 344   70602 316   4 351   90625     104 1090601 1040700****////  54  450626  68  1596829682065896790601 116 1160654 1150609 113 1130647 1120609 116 131 148 135 162 179 200 207   1   0    0    00601
1108 313   6 321   7 336  150713 284   6 360  220707     106 1080709 1040701****////  54  470708  69  1796869686075696820701 115 1160701 1120718 112 1130701 1110718 115 130 147 134 161 178 199 207   2   0    0    00701
1109   0   0   0   0 333   80802   0   0 355  150814     108 1090856 1060801****////  55  520850  71  2196899689085496860807 119 1190900 1150801 116 1160858 1120801 115 130 146 133 161 179 199 207   0   0    0    00801
1110 313   1 322   3 334   40953   0   0 336   60951     113 1130947 1080901****////  57  500945  76  3196909691091996890901 122 1221000 1190901 120 1201000 1160901 117 130 146 132 160 178 199 207   1   0    0    00901
1111 211   4 238   3 325   41011 217   5 345   71003     121 1211059 1131001****////  52  491043  73  2696869690100396861100 128 1281057 1221001 127 1271100 1201001 120 131 145 132 159 177 198 206   0   0    0    01001
1112 275  10 260   8 306   91131 242   8 329  141130     124 1241159 1211101****////  53  501114  76  3196759686110196751158 131 1311153 1281102 133 1331200 1281101 124 132 145 132 158 177 198 206   2   0    0    01101
1113 247  11 243  10 257  111207 238  11 260  171233     124 1241229 1221236****////  52  501250  75  2896609675120196601259 132 1321300 1311213 135 1351300 1331213 127 134 145 133 158 177 198 206   0   0    0    01201
1114 181   3 228   8 241  111356 192   3 303  161316     122 1241301 1221339****////  52  511307  74  2696479659130196471359 131 1331304 1311358 135 1361325 1341357 129 136 145 134 158 177 198 206   0   0    0    01301
1115 233   1 277   6 307  141420 211   5 350  181434     122 1231402 1211421****////  57  521413  81  3996339646140196331500 132 1321456 1301426 136 1361458 1341405 129 137 145 135 158 177 198 206   0   0    0    01401
1116 228   8 234  10 243  111555 265   9 265  141550     119 1221501 1191553****////  58  551504  81  3996259633150196251558 129 1321501 1291600 132 1361501 1321600 130 138 145 135 157 177 198 206   0   0    0    01501
1117 281   8 264   4 309  111611 291   8 357  161602     118 1191601 1181629****////  58  561617  80  3896229625160196221639 127 1291603 1271647 129 1321601 1291659 128 138 145 136 158 177 198 206   0   0    0    01601
1118 252   3 246   6 268   91753 304   2 317  161738     117 1181701 1171800****////  60  571716  82  4296229623173696211718 124 1271701 1231754 124 1281701 1241800 126 137 146 136 158 178 198 206   0   0    0    01701
1119 340   3 290   2 336   51801 338   4 338   81836     113 1161805 1131857****////  62  571839  83  4396259625185996211802 123 1241827 1231854 122 1241801 1221858 124 136 146 135 158 178 199 207   0   0    0    01801
1120   0   0 293   2 334   31905   0   0 352   51901     111 1131902 1101950****////  66  611924  87  5096309630194896251901 122 1231904 1221959 121 1221903 1212000 123 135 145 135 158 178 198 207   0   0    0    01901
1121 301   3 287   5 295   62021 297   5 317  112046     114 1142100 1112005****////  62  622056  84  4496329633204996302001 121 1222014 1212020 119 1212008 1192059 122 134 145 134 158 178 199 207   0   0    0    02001
1122 315   2 312   3 315   52101 293   2 343   92115     112 1142101 1112153****////  65  622131  86  4996339633220096312142 121 1212115 1212144 119 1202107 1192151 121 133 145 134 157 177 198 207   1   0    0    02101
1123 350   7 352   7 352   72259 353   6 354   92254     112 1132209 1112217****////  65  642231  86  4996319634221496312300 120 1212243 1202300 119 1192250 1192205 120 133 144 133 157 177 199 207   0   0    0    02201
1200   2   3 326   3 326  122330 347   2 347  182327     113 1132329 1112310****////  64  622328  86  4796279631231196272356 120 1212313 1192333 118 1192311 1182343 120 132 144 133 157 177 198 207   0   0    0    02301
1201 346   4 348   4 359   50016 353   4 357   70015     110 1130002 1100100****////  69  630001  91  5596239627000196230051 121 1210031 1200005 118 1190029 1180007 119 131 144 132 157 177 198 207   0   0    0    00001
1202   0   0   0   0 353   50103   0   0 336   70114     110 1120126 1090104****////  67  630125  88  5196199623010196190145 120 1210110 1200128 118 1180107 1180122 119 131 143 132 157 177 198 207   0   0    0    00101
1203 226   5 246   3 315   30239 218   3 329   70239     109 1100201 1080236****////  67  670243  87  5096159619020196150300 120 1210209 1200244 118 1180228 1180205 119 131 143 131 156 177 198 207   0   0    0    00201
1204 170   3 213   2 256   80319 155   2 287  110317     111 1120321 1090302****////  67  630321  88  5296139615031396130350 120 1200311 1190339 118 1180301 1170338 118 130 143 131 156 177 198 207   0   0    0    00301
1205   0   0 121   1 192   30402   0   0 165   30406     110 1110402 1090446****////  72  650410  94  6296129613040296110437 121 1210500 1200406 118 1180500 1180401 118 130 142 131 156 177 198 207   0   0    0    00401
1206 184   5 197   4 200  140539 174   4 225  160537     112 1120551 1080511****////  71  680529  94  6196169616060096120504 120 1210501 1190537 118 1180501 1170533 118 130 142 130 156 177 198 207   0   0    0    00501
1207 118   8 123   6 123   80635  94   5 177  130627     113 1130634 1110615****////  65  640643  87  5096249624070096160602 120 1210612 1190631 118 1180625 1180632 118 130 142 130 156 177 198 207   0   0    0    00601
1208 270   8 298   7 355   70705 260   9 352  100706     111 1130701 1100757****////  68  640707  90  5496369636075996240701 121 1210753 1190707 118 1180752 1180714 118 129 141 130 156 176 198 207   0   0    0    00701
1209  43  10  26  13  26  140857  33   7 359  190853     119 1190859 1120801****////  61  600854  85  4696499649090096360801 117 1210841 1170858 119 1190841 1180804 118 129 141 130 155 176 198 206   0   0    0    00801
1210  70   4  16   4 360  160924  82   9 358  220912     120 1200958 1180925****////  60  590913  84  4596569656100096490901 122 1221000 1170907 124 1241000 1190907 119 129 141 130 155 176 197 206   0   0    0    00901
1211 335  18 348  16 360  171041 319  20 360  331035     125 1251100 1201015****////  61  601008  88  5296579658104996551004 133 1331100 1221001 145 1451100 1241001 124 130 141 130 154 175 197 206   0   0    0    01001
1212 288   5 307   7 360  191102 280   4 359  251102     129 1331146 1251101****////  59  571147  88  5196529657110296521200 141 1461146 1331101 151 1591144 1451101 135 134 141 131 153 174 196 205   2   0    0    01101
1213 323   5 358   5 358  111231 293  10 349  201225     134 1341300 1281208****////  57  571300  88  5196429652120196421259 143 1431300 1361209 154 1541300 1481241 137 138 141 132 153 175 196 205   0   0    0    01201
1214 232  12 287  12 294  151351 248  15 342  211344     139 1421342 1331310****////  56  541344  89  5396319642130296311359 159 1591400 1441301 174 1741400 1551301 145 142 143 135 152 173 195 204   1   0    0    01301
1215 209  20 226  12 260  151418 222  25 354  281442     146 1551454 1391402****////  56  531454  93  5996249631140196241452 172 1761453 1601401 189 1911453 1751401 158 148 144 138 151 172 194 203   3   0    0    01401
1216 200  13 221   9 250  181505 195   9 241  211559     148 1481559 1431547****////  58  561503  98  6696229625151496221547 165 1711501 1621549 178 1881501 1761550 160 154 145 141 152 173 195 204   0   0    0    01501
1217 188  20 196  15 196  151700 172  18 196  221658     144 1491644 1441608****////  60  571601  98  6796259625165896221601 153 1651601 1531700 162 1771601 1621700 157 156 147 144 153 173 195 204   0   0    0    01601
1218 178  11 157   8 195  151701 190  10 340  201716     134 1441701 1341759****////  65  601701 100  7096329632175896251701 136 1531701 1361800 142 1621701 1421800 149 155 149 146 154 175 196 205   0   0    0    01701
1219 190  18 190  11 190  111900 184  16 193  221858     115 1341801 1091855****////  75  651801 102  7296419641190096321801 124 1361801 1241858 126 1421801 1261900 139 151 150 145 156 176 198 207   0   0    0    01801
1220 177  11 182   9 196  191907 154   9 207  271904     108 1221914 1082000****////  78  731907 101  7196489648195896411901 119 1241913 1191958 118 1261901 1182000 131 146 150 144 156 176 198 207   0   0    0    01901
1221 193  20 191  19 191  192059 183  26 183  262100     113 1152047 1062005****////  78  762048 104  7696519651203996482005 117 1302005 1162030 112 1182001 1122100 124 142 150 142 157 176 198 207   0   0    0    02001
1222 184  23 185  20 194  212123 174  25 203  272118     109 1142111 1082150****////  79  772112 103  7496519651215696502113 114 1252114 1142159 109 1182116 1062114 120 136 148 139 157 176 198 207   0   0    0    02101
1223 179  14 186  12 208  212201 184  14 205  252240     104 1092201 1032258****////  80  792201 101  7196509652220596502227 111 1182204 1082202 103 1202203 1002206 115 134 148 137 157 176 198 207   0   0    0    02201
1300 178   6 153   6 204  162307 194   9 260  202305      93 1062304  930000****////  83  792306  97  6696499651231496492359 106 1112301 1060000  98 1032301  980000 112 131 146 134 158 176 199 208   2   0    0    02301
1301  48   7  57   3 180  130027  48   8 203  170021      87  970032  870100****////  85  830001  96  6396459649000196450055 102 1060001 1020100  94  980001  940100 108 127 145 132 158 176 199 208   0   0    0    00001
1302  43   2  39   1 358   60104  42   2 358  110107      79  890104  780156****////  87  850101  93  5996419646011096410151  99 1020101  990200  89  940101  890200 104 124 144 130 158 177 199 209   0   0    0    00101
1303 168   4 136   2 136   20245 161   3 178   50258      72  790201  720300****////  87  870201  88  5296349641020196340300  95  990201  950258  85  890202  850259 100 121 142 127 158 177 199 209   0   0    0    00201
1304  87   5  96   4  99   40359  88   5  97   50357      70  740313  700356****////  87  870301  87  5096329635030596310353  93  950301  930400  83  850301  830359  97 118 140 125 158 177 199 209   1   0    0    00301
1305   0   0   0   0  93   40401   0   0 328   30401      70  710404  670432****////  88  880401  88  5296329632044896300415  91  930401  910500  80  830401  800500  94 115 139 123 157 177 199 209   0   0    0    00401
1306  84   3  92   3  92   30558  79   2 102   40515      72  720557  690524****////  88  880501  89  5396319632051596310558  94  940600  900530  84  840600  800525  92 113 137 121 157 177 199 209   0   0    0    00501
1307   0   0   0   0 249   30601   0   0 202   40633      89  890700  720601****////  88  880601 100  7096329633064496310602 104 1040700  940601  95  950700  840601  95 112 136 119 155 175 198 208   1   0    0    00601
1308 180   5 154   4 337   40724 193   5 193   70757      97  970758  890701****////  88  880701 106  7896389638080096310702 109 1100749 1040701 102 1070748  950747  99 113 135 119 154 175 198 207   0   0    0    00701
1309 188  16 187  16 187  170856 186  18 194  190847     102 1020855  970801****////  83  830857 103  7496439643085996380801 112 1120900 1090801 109 1090900 1020801 103 115 134 119 153 175 197 207   0   0    0    00801
1310 212   4 196   8 196  170901 256   3 256  200903     109 1091000 1020901****////  81  810938 106  7896459645092196430903 117 1171000 1120904 116 1161000 1090901 107 117 134 119 153 174 197 207   0   0    0    00901
1311 298  11 292   9 292  101016 291  13 333  161014     111 1121057 1091001****////  78  781100 103  7496409645100396401100 123 1231100 1171001 126 1261100 1161001 113 119 133 120 151 174 196 206   0   0    0    01001
1312 305   6 257   9 349  101101 313   7 329  141153     116 1191150 1111101****////  77  741152 105  7796289640110296281159 128 1291152 1241101 133 1341150 1261101 119 123 134 121 151 173 196 205   0   0    0    01101
1313 320   9 305  10 306  101257 298   9 360  161239     117 1181228 1151202****////  76  731236 104  7696129628120196121300 131 1311238 1271209 139 1391300 1331201 124 126 134 123 150 173 196 205   0   0    0    01201
1314 343   8 326  11 343  111313 345   9 357  161328     120 1211345 1171301****////  74  741348 104  7595999612130195991359 135 1361353 1301304 147 1471359 1391304 129 130 135 125 150 173 195 205   1   0    0    01301
1315 330   7 343   6 348  111401 335   7 357  121419     124 1241452 1201401****////  73  721419 105  7795909599140195901455 135 1371437 1341403 147 1481414 1461430 133 134 136 128 149 172 195 205   0   0    0    01401
1316 319   7 313   5 350   81533 321   6 351  141531     126 1261554 1231501****////  71  711523 104  7595859590150195851559 135 1371508 1341535 145 1481504 1441554 134 136 137 130 149 172 195 205   0   0    0    01501
1317 331   9 319   8 328   91646 348  11 356  121618     124 1261603 1241637****////  73  711606 105  7795849584160195841633 131 1351612 1311700 139 1451601 1391700 134 138 138 131 150 173 195 205   0   0    0    01601
1318 285   6 297   5 345   81701 283   4 347  111735     122 1241701 1221756****////  74  731701 105  7795869587175695841701 127 1301701 1271800 132 1391701 1321800 131 138 139 132 150 173 196 206   0   0    0    01701
1319   0   0 317   1 329   61802   0   0 357   81802     120 1221801 1201842****////  78  741803 109  8395929592185895871801 126 1271802 1261859 129 1321801 1291900 128 137 140 133 150 173 196 206   0   0    0    01801
1320 325   2 325   2 334   51914 313   3 349   61908     119 1201901 1181935****////  78  781901 109  8295979597195795921906 125 1261901 1251956 127 1291901 1272000 127 136 141 133 151 173 196 206   0   0    0    01901
1321 286   4 283   4 302   52016 288   4 316   82032     120 1202039 1192017****////  78  772024 109  8396009600205395972001 125 1262004 1252059 126 1272004 1262100 125 135 141 132 151 173 196 206   0   0    0    02001
1322 328   2 310   3 310   62154 300   4 330   92147     120 1202105 1192102****////  78  772104 109  8396019602214996002101 125 1252137 1252119 125 1262103 1252157 124 134 141 132 151 173 196 206   0   0    0    02101
1323 315   2 317   2 346   32201 316   2 357   42203     117 1202201 1172257****////  80  782201 110  8496029603225396012219 125 1252203 1252250 124 1252201 1242255 124 134 141 132 151 172 196 206   0   0    0    02201
1400 321   2 342   3 359   52327   0   0 356   72335     117 1182330 1172359****////  81  792326 111  8695989602230195980000 124 1252301 1242334 124 1242301 1240000 123 133 141 131 151 172 196 206   0   0    0    02301
1401 301   2 305   1 353   30001 296   2 357   30020     115 1170025 1150100****////  83  800022 113  8795939598000495930053 124 1240006 1240100 123 1240002 1230054 122 133 141 131 151 172 196 206   0   0    0    00001
1402 336   2   8   2 356   20103 335   2 355   30155     115 1150102 1140130****////  83  830101 113  8795879593010195870157 124 1240137 1230122 123 1230102 1230159 122 132 141 131 151 172 196 206   0   0    0    00101
1403 259   4 303   3 357   50220 268   5 358   60246     115 1150217 1140247****////  82  820213 111  8595849588020395840257 123 1240201 1230259 122 1230201 1220258 121 132 140 131 151 172 196 206   0   0    0    00201
1404 290   1 290   2 355   60313   0   0 347   90311     114 1160316 1140304****////  82  800313 110  8495829584030195810353 123 1230304 1230342 121 1220301 1210359 121 131 140 130 151 172 196 206   1   0    0    00301
1405 217   8 216   7 218   70459 226   7 226  100457     115 1150452 1130407****////  81  810448 110  8495819582040495810425 122 1230401 1220500 121 1210401 1210500 120 131 140 130 151 172 196 206   0   0    0    00401
1406 277   5 280   6 290  130515 294   5 313  180509     115 1160509 1150501****////  80  800535 108  8295829583055895810501 122 1220501 1220515 121 1210521 1200553 120 131 140 130 151 172 196 206   0   0    0    00501
1407   0   0 302   2 316   60601   0   0 327   60618     115 1160609 1150626****////  82  800601 111  8595879587065495820610 122 1230652 1220603 121 1210632 1210601 120 130 140 129 151 172 196 206   0   0    0    00601
1408   0   0   0   0 336   20701   0   0 336   30706     114 1150702 1130738****////  84  810713 113  8895939593075695870701 123 1230800 1220702 121 1210759 1210725 120 130 139 129 151 172 195 206   0   0    0    00701
1409 217   5 228   3 228   30859 233   7 233   70900     117 1170859 1140801****////  82  820900 113  8795999599085995930801 125 1250859 1230801 124 1240900 1210801 120 130 139 129 151 171 195 206   0   0    0    00801
1410 207   9 199   8 199   90952 209   7 215  120955     123 1230958 1170901****////  76  760945 109  8296069606095795990901 127 1270959 1250906 128 1281000 1240901 122 130 139 129 150 171 195 205   0   0    0    00901
1411 183   8 224   5 251   91004 186   6 274  131010     126 1271059 1231001****////  76  751042 111  8596059607100696051100 132 1321059 1271002 135 1351100 1281002 125 131 139 129 150 171 195 205   2   0    0    01001
1412 273   8 254   7 254   81127 299   5 333  121126     129 1301143 1261103****////  74  731149 110  8495999605110195991156 136 1361154 1321101 141 1411154 1351101 128 133 139 130 149 170 194 205   0   0    0    01101
1413 268   4 291   6 327   71201 284   6 355  101243     136 1361300 1291201****////  72  711242 112  8795889598120195881300 144 1441300 1361201 152 1521300 1411201 134 136 140 131 149 170 194 204   0   0    0    01201
1414 227  11 239   7 260   91342 216   6 313  161349     138 1391357 1361301****////  67  671400 106  7895819589130195811357 148 1481359 1441301 158 1581358 1521301 139 139 140 132 149 169 193 204   0   0    0    01301
1415 242   2 287   5 296  101416 224   6 319  141447     140 1401408 1371442****////  68  671403 109  8295759582140295751459 145 1491408 1451456 155 1591407 1551449 142 142 141 134 149 169 193 204   0   0    0    01401
1416 245   7 242   5 272  101541 232   9 312  141526     139 1411503 1381538****////  67  671514 106  7995749576152495741550 143 1461504 1421541 151 1551501 1511600 142 144 142 136 149 170 194 204   0   0    0    01501
1417 338   4 307   4 343   81604 317  11 356  131615     137 1391601 1371642****////  69  671601 108  8195759575163095731606 138 1431601 1381658 144 1511601 1441658 140 144 143 137 150 170 194 205   0   0    0    01601
1418 308   5 302   3 327   61709 306   6 352  101707     133 1371701 1331800****////  73  691701 111  8695799579175595751711 135 1381701 1351800 139 1441701 1391800 137 144 144 138 150 170 194 205   0   0    0    01701
1419 333   2 322   2 338   41801 317   4 357   71818     130 1341805 1301857****////  76  731801 114  8995849584190095791801 133 1351801 1331859 136 1391801 1361900 135 143 144 138 150 170 194 205   0   0    0    01801
1420 323   2 316   2 316   41919 338   1 338   61918     128 1301901 1271927****////  78  761901 115  9195899589195295841901 132 1331901 1321954 134 1361901 1342000 133 142 145 138 151 170 194 205   0   0    0    01901
1421 266   3 282   3 282   42056 278   2 340   52004     127 1282001 1262016****////  79  782001 116  9295939593210095892001 132 1322047 1322025 133 1342001 1332059 132 141 145 137 151 170 194 205   0   0    0    02001
1422 259   2 285   2 357   42107 242   2 356   52101     123 1282113 1232200****////  81  782110 116  9195959595215795932113 130 1322101 1302159 131 1332101 1312158 130 140 145 137 151 170 194 205   0   0    0    02101
1423 189   1   0   0 209   72239 189   2 231  102232     125 1252244 1232201****////  81  802238 117  9395979598223795942205 131 1312259 1302236 131 1312201 1312237 129 139 144 136 151 170 194 205   0   0    0    02201
1500  22   3   0   0 202   32308  15   4 230   52303     124 1262306 1242354****////  83  802305 119  9695949597230495942356 131 1312332 1312301 131 1312328 1312301 129 138 144 136 151 170 194 205   0   0    0    02301
1501 352   2 330   3 330   40049   7   2 348   60047     121 1240001 1210100****////  85  830001 120  9795929596003295910059 130 1310009 1300100 129 1310001 1290059 129 138 144 135 151 170 194 205   0   0    0    00001
1502 257   7 296   6 322   70151 264  11 264  110200     120 1210107 1190140****////  84  840102 118  9495879594010695870150 128 1300101 1280152 127 1290101 1270200 127 137 144 135 152 170 194 205   0   0    0    00101
1503 194  11 199  11 201  120245 190  10 216  180239     124 1240240 1200201****////  81  810240 117  9295879589020895870250 127 1280230 1270300 127 1280233 1270208 127 136 144 135 152 170 194 205   0   0    0    00201
1504  96   3 139   2 315  140312  91   4 341  200307     121 1240301 1210329****////  83  810301 117  9395869588030195860400 128 1280348 1270332 127 1270302 1270331 126 136 143 134 152 170 194 205   0   0    0    00301
1505 157   4 166   6 185   70442  85   3 228  100442     121 1210401 1180438****////  83  830401 117  9395849587041095840458 127 1280401 1270500 126 1270402 1260500 125 135 143 134 152 170 194 205   0   0    0    00401
1506 202   7 190   7 193  130544 198   5 210  170538     120 1210501 1190522****////  84  830501 118  9495869586052895840510 126 1270501 1260533 125 1260501 1250530 124 135 143 133 152 170 194 205   0   0    0    00501
1507 256   4 269   4 349   70601 253   4 306  100635     120 1210641 1200630****////  83  830635 116  9295919592065895860601 126 1260608 1260640 124 1250601 1240700 124 134 143 133 152 170 194 205   0   0    0    00601
1508 348   4 328   2 332   50704 349   3 355   70716     118 1210719 1180751****////  84  820718 116  9295979597075295920701 126 1260701 1260737 124 1240701 1240738 123 134 142 133 152 170 194 205   0   0    0    00701
1509   0   0   0   0 350   30802   0   0 359   50807     124 1240852 1180801****////  83  830832 119  9696059605090095960807 129 1290859 1260801 129 1290900 1240801 124 133 142 132 151 170 194 205   0   0    0    00801
1510 141   2 139   2 139   50938  99   1 244   70938     130 1301000 1240901****////  80  800934 120  9696099610094196050901 134 1341000 1300901 136 1361000 1290901 126 134 142 132 151 169 193 205   1   0    0    00901
1511 161   5 176   7 181   81028 152   2 216  121038     137 1371058 1301003****////  77  771051 121  9796089610101696081048 145 1451100 1341001 152 1521100 1361001 132 136 142 132 150 168 193 204   0   0    0    01001
1512 110  11 115   8 122   81159  96   9 112  131158     154 1571149 1371101****////  67  651154 117  9396069608110196061159 167 1671200 1451101 185 1851200 1521101 145 140 142 134 148 166 191 202 674   0    0    01101
1513 114  13 117  15 131  161247  74  17 234  231239     171 1741253 1541201****////  55  541258 107  8096009606120196001259 191 1931257 1681201 215 2151300 1861201 165 149 143 137 146 164 188 200   6   1    0    01201
1514  80  22  64  16  82  191348  68  25 135  291339     173 1781305 1721301****////  52  501316 103  7495969600130195961358 186 2051329 1861400 212 2261329 2121358 179 161 144 142 146 164 189 200   4  28    0    01301
1515 105  30 108  21 109  231432 118  18 134  371429     179 1831418 1711404****////  50  471421 102  7395939596140195931455 197 2031418 1811446 216 2251422 2051446 182 168 147 148 147 165 189 201   0  35    0    01401
1516  80  25  89  19 114  261504  62  18 131  341514     174 1801514 1741539****////  51  491504 101  7295999599160095931502 174 1981510 1741600 195 2161501 1951600 182 171 150 153 149 166 190 202   0   2    0    01501
1517  73  22  63  15  90  221618  74   8 161  381610     169 1751605 1691700****////  54  501630 104  7596089608165995991602 162 1751610 1621700 179 1961602 1791700 174 172 153 156 150 167 191 203   0   0    0    01601
1518  60  13  65  15  68  191746  66   8 119  321741     161 1691701 1611757****////  57  531701 104  7696179617175896081702 152 1621701 1521800 164 1781701 1641800 165 168 155 156 151 167 192 204   0   0    0    01701
1519  97  30  74  20  74  201900  97  38  97  381900     157 1611801 1561837****////  60  571801 107  8096289628185796171803 147 1521804 1461830 155 1641801 1551830 156 165 156 156 152 168 192 204   0   0    0    01801
1520  65   8  80  11  96  351909  89  15 126  551908     150 1561901 1502000****////  64  591902 109  8396419641195996281901 145 1471901 1431954 151 1541901 1481954 151 160 157 154 153 168 192 204   0   0    0    01901
1521   4  12   2   9 360  162037  44  10 360  292028     135 1502001 1352100****////  79  652001 122  9996519651204796412001 141 1452018 1412037 147 1512002 1472100 148 157 156 152 154 168 193 205   0   0    0    02001
1522 251   4 271   2 359  112126 228   7 353  142118     134 1382130 1342200****////  82  762131 126 10496579657215896502101 141 1422154 1412127 145 1472101 1452159 145 155 156 151 154 169 193 205   0   0    0    02101
1523 358   8 351   8 351   92259 350   5 351  112257     137 1372300 1322205****////  80  802258 125 10396659666225496572201 141 1422229 1412300 144 1452201 1442300 143 153 155 149 155 169 193 205   1   0    0    02201
1600  49   4  29   5  57  122328   0   0 358  202327     138 1402333 1362303****////  69  682342 109  8296709670235896652301 137 1412302 1372336 139 1442301 1392359 141 151 154 148 155 169 193 205   0   0    0    02301
1601 339   5 352   5 360  100022 337   6 359  160015     128 1380011 1280100****////  72  610030 106  7996719672003896690009 135 1370002 1340024 137 1390002 1370100 138 149 154 146 155 169 193 205   0   0    0    00001
1602 350   8 352  10 353  120154 342  10 357  140133     132 1320153 1270115****////  71  700109 108  8196739674015796700103 133 1350101 1330200 134 1370101 1340200 136 147 153 145 155 169 193 205   0   0    0    00101
1603 348   5 354   7 360  140214 346   4 359  230209     127 1350215 1270300****////  59  540223  87  4996759675024196730207 130 1330201 1300216 131 1340201 1310300 134 146 152 144 156 169 193 205   0   0    0    00201
1604 330   9 330  10 330  110355 346   8 354  190347     121 1270301 1190335****////  65  590315  92  5796779678035296740306 128 1300301 1280400 128 1310302 1280400 131 144 151 143 156 169 193 205   0   0    0    00301
1605 319   9 319  10 330  120414 313   8 341  210450     114 1210401 1140500****////  73  650401  98  6796799681043996770401 126 1280405 1260500 125 1280401 1250500 129 142 151 141 156 169 193 205   0   0    0    00401
1606 176   6 213   6 322  110505 212   4 336  150504     105 1140501 1050548****////  79  710519 100  7096749679050396740543 124 1260501 1240532 123 1250501 1230559 127 140 150 140 156 170 193 205   0   0    0    00501
1607 355   7 358   4 358  130621  15   6 354  190617     107 1070700 1020642****////  78  770626 100  7096919691070096740601 122 1240602 1210639 120 1230601 1180643 124 138 149 139 156 170 194 206   0   0    0    00601
1608  48   2  63   4 360   50703  36   6  92   90751     110 1100759 1060709****////  79  780701 104  7596989698080096910701 124 1240732 1220701 122 1220800 1200701 123 137 148 137 156 170 194 205   0   0    0    00701
1609   0   0 168   2 179   50834   0   0 203   80826     118 1180844 1100801****////  73  720837 101  7197079707085896980801 129 1290900 1240801 129 1290900 1220801 124 136 147 136 155 169 193 205   1   0    0    00801
1610 129   1 141   2 360   70945   0   0 315   90946     130 1300955 1180901****////  58  560952  87  4997129712095597060921 134 1341000 1290901 138 1381000 1290901 128 136 146 136 154 169 192 204   1   0    0    00901
1611  92  10 106  10 118  111056  94  11 147  171049     135 1371045 1311001****////  51  511100  79  3697129714101597111002 144 1441100 1351001 152 1521100 1391001 134 139 146 136 153 168 191 204   3   0    0    01001
1612 169  13 167   9 342  101101 213  15 213  221158     157 1641155 1351101****////  38  381200  68  1497009711110197001159 177 1771200 1441103 179 1791200 1531101 147 143 146 137 150 165 188 201   9  18    0    01101
1613 199  16 186  17 186  211252 191  22 223  261223     149 1521208 1461240****  63  74  691201 125 10395809593120195801300 195 1951300 1801240 198 1981300 1791241 159 158 157 150 162 177 193 203   0   0  285  2851201
1614 234  16 204  19 204  271338 237  16 270  451329     177 1771350 1641315****////  36  351339  73  2596749686130296741400 209 2091400 1991317 231 2311400 2181302 184 166 148 146 148 163 186 199   0  59    0    01302
1615 244  16 231  17 231  251441 217  29 288  391418     184 1861456 1751410****////  37  351406  78  3596639673140396631459 211 2141416 2091404 228 2351416 2281500 193 174 151 153 148 163 186 199   1  60    0    01401
1616 224  14 239  15 245  261515 197  16 318  421513     182 1851547 1781540****////  39  361503  81  4096579663150196571554 199 2111502 1991600 205 2271501 2051600 193 180 155 158 149 164 187 200   1  60    0    01501
1617 208  20 207  16 231  201613 245  18 275  341606     175 1861605 1751656****////  40  371616  80  3896579658160796561622 175 1991603 1751700 183 2051602 1831700 183 181 158 162 151 166 189 201   0  60    0    01601
1618 195  10 194  15 231  201707 192  12 283  291707     157 1741701 1571800****////  46  391702  82  4196599659174196561722 152 1751701 1521800 159 1821701 1591800 169 176 160 162 154 168 191 204   0  17    0    01701
1619 160   2 173   2 229  151801   0   0 255  141809     118 1561801 1181859****////  66  461801  91  5796669666185996591801 136 1521801 1361900 140 1581801 1401900 155 169 161 161 157 171 191 206   0   0    0    01801
1620 192   6 189   8 189   81957 196   5 202   91950     105 1171901 1041952****////  74  671904  94  6196719671195096661901 127 1361925 1272000 128 1421925 1271924 144 162 161 158 158 171 194 206   0   0    0    01901
1621 203   5 206   6 206   72001 192   6 220  152051     105 1062055 1022042****////  71  692054  90  5596719673202796712100 120 1272001 1202100 119 1282001 1192100 136 155 160 154 159 171 194 207   0   0    0    02001
1622   0   0   0   0 280   92120   0   0 333  132104      95 1062110  952154****////  76  662109  90  5596699671211196682148 115 1202101 1152200 111 1192101 1112200 128 149 158 150 160 171 194 207   0   0    0    02101
1623 184   6 208  10 208  102300 155   3 241  162255      93  952201  872235****////  76  762201  89  5396649669220196642258 110 1152201 1102300 105 1112201 1052300 122 143 156 146 160 171 194 207   0   0    0    02201
1700 340   2 349   2 360   92301 338   2 358   92313      82  922301  822358****////  81  762301  88  5196639664230296622359 106 1112307 1060000  99 1052301  990000 116 138 154 143 160 172 194 207   0   0    0    02301
1701   0   0  57   1  57   40051   0   0  34   70047      73  810001  730100****////  84  820001  86  4896579663000396570059 101 1050001 1010100  93  990001  930100 111 133 152 139 160 172 195 208   0   0    0    00001
1702   0   0   0   0  85   20134   0   0  91   40131      70  730101  690154****////  85  840101  85  4796539656010396530200  98 1010101  970158  88  930101  880159 105 131 149 137 160 172 195 208   2   0    0    00101
1703   0   0   0   0   0   00201   0   0 184   20221      65  700201  650259****////  86  850201  83  4396449653020196440300  94  970203  940259  84  890201  840300 102 125 147 133 160 172 195 208   0   0    0    00201
1704  95   2   0   0  97   40312  87   4 105   60305      65  680313  640323****////  86  860301  83  4396399643030196390400  91  940312  910359  81  840303  810400  98 121 145 130 160 172 195 208   1   0    0    00301
1705   0   0   0   0 103   30423   0   0 112   40401      64  650401  620421****////  87  860401  84  4496379639040696360452  89  910401  890500  78  810401  780500  94 118 143 127 159 172 195 208   1   0    0    00401
1706   0   0   0   0 339   40541   0   0 352   70539      60  650501  600600****////  87  870501  81  4096389638060096360512  87  890501  870600  75  770501  750600  91 115 141 124 159 172 195 208   0   0    0    00501
1707 319   5   3   3 101   40638 322   4 322   60657      61  620657  580631****////  87  870601  82  4196419641065396370601  85  870601  850655  72  750601  720700  88 112 139 121 158 173 195 208   0   0    0    00601
1708 347   2 338   3 357   50704 347   1 352   70736      64  640800  560739****////  87  870701  84  4496459645080096410702  86  860800  840729  74  740800  710735  86 109 137 119 157 172 195 208   0   0    0    00701
1709 314   7 314   5 334   50817 302   8 302  100859     103 1030900  650801****////  78  780859  98  6696499649085896450806 102 1020900  870801  93  930900  740801  89 108 135 117 155 170 193 206   3  16    0    00801
1710 167   7 213   5 301   80939 150   6 360  120911     134 1341000 1040901****////  56  561000  86  4896509650095096490907 121 1211000 1030901 137 1371000  930901 104 111 134 117 150 167 189 202   6  60    0    00901
1711 236   5 233   7 233   71033 312   4 312  121046     153 1531037 1361001****////  52  511039  90  5596469649100196461056 151 1511100 1211001 169 1691100 1381001 127 120 133 118 147 164 186 200   4  60    0    01001
1712 179  13 196  12 267  131114 162  13 288  211105     168 1681200 1541101****////  48  481200  92  5796379647110996371200 178 1781200 1521101 184 1841200 1691101 152 133 134 123 145 163 185 198   3  60    0    01101
1713 268  16 247  10 247  181245 273  12 285  251239     174 1801256 1631213****////  44  421257  87  5096219637120396211259 200 2001300 1781201 221 2211256 1851201 173 148 136 130 144 163 185 198   4  60    0    01201
1714 228  13 171  13 300  181320 239  11 239  261356     181 1861343 1731301****////  43  401331  89  5396059620130196051400 206 2061400 2001303 232 2331354 2211301 184 161 139 138 144 163 185 198   0  60    0    01301
1715 219   7 189  11 286  171404 256   2 319  281409     185 1881441 1791422****////  40  391445  85  4795939605140295931500 208 2121447 2061432 222 2331403 2221500 191 170 143 146 144 163 185 199   0  60    0    01401
1716 120  13 173  13 180  131559 114  14 349  211518     183 1921536 1821546****////  39  381535  82  4195859593150295851554 196 2091517 1961600 204 2221502 2041600 192 176 148 152 145 164 186 199   3  60    0    01501
1717 201   3 199   7 224  151608 206   4 269  191618     179 1851627 1791657****////  44  391601  90  5595829585160395811643 173 1961601 1731700 182 2031601 1821700 181 177 151 156 147 166 188 201   0  53    0    01601
1718   0   0   0   0 272   71717   0   0 293  111716     141 1791701 1411800****////  63  411706 101  7295819583171795811750 148 1731701 1481800 158 1811701 1581800 168 173 154 157 150 168 190 204   0   0    0    01701
1719 334   5 325   6 329   61856 334  12 334  121900     121 1401801 1191855****////  73  641801 103  7495849584185695811802 133 1481801 1331900 139 1581801 1391900 154 166 156 156 153 170 192 205   0   0    0    01801
1720   0   0 124   3 322   61901 231   2 344   81905     117 1211901 1172000****////  76  731901 104  7695899590195395841901 130 1331901 1302000 133 1391901 1332000 145 159 156 154 154 170 192 206   0   0    0    01901
1721   0   0   0   0 329   32023   0   0 333   42020     104 1172001 1042059****////  81  762001 102  7395929593205395892001 122 1302001 1132037 123 1392036 1232059 137 153 155 150 155 170 193 206   0   0    0    02001
1722  38   2   3   2 357   32155  31   2 350   32146      98 1042101  982200****////  83  812101 100  7195939594213395922105 117 1222101 1172200 116 1232101 1162200 130 147 154 147 155 170 193 206   0   0    0    02101
1723   0   0   0   0 352   32207   0   0 359   42206      98  982205  952219****////  84  832201 102  7295929594223995922258 116 1172201 1152231 114 1162201 1132241 124 142 152 144 156 170 193 206   0   0    0    02201
1800  40   6  66   4 107   42345  39   8 130   92337      96  982301  962326****////  84  832306 100  7095919593234195912359 113 1162301 1130000 109 1142301 1090000 121 139 151 141 156 170 193 206   0   0    0    02301
1801 278   8 301   4 332   70050 272   9 276  100059      94  970002  930022****////  85  840003 100  7095899591000195890030 109 1130001 1090100 104 1090001 1040100 117 135 149 138 156 170 193 206   0   0    0    00001
1802  14   4   5   2 359   50104  42   4 358   80101      98  980200  910123****////  85  850101 103  7495859589010195850200 116 1160200 1070121 111 1110200 1020122 114 132 147 136 156 170 193 206   0   0    0    00101
1803  40   3  22   4  28   40259  51   2  51   80255     111 1110258  980201****////  82  820257 108  8195819585020195810256 120 1260220 1160201 116 1200220 1110201 116 131 146 134 154 169 192 205   0   0    0    00201
1804   0   0 328   3 343   40301   0   0 339   60351     114 1140353 1110301****////  81  810306 109  8395859586035895800303 122 1220356 1200301 119 1190400 1160301 118 130 145 132 154 169 191 205   0   0    0    00301
1805   0   0 111   2 358   50427   0   0 358   70420     115 1170440 1130406****////  80  780444 108  8295849586043095840458 123 1230446 1220401 120 1200457 1190401 119 131 144 132 154 169 191 205   0   0    0    00401
1806   0   0   0   0 105   30516   0   0 112   30507     116 1160558 1140505****////  82  800501 112  8695819584050195810556 123 1230556 1230501 121 1210555 1200501 119 131 143 131 154 169 191 205   0   0    0    00501
1807 338   3 346   4 350   50657 339   2 357   80652     117 1180646 1160610****////  82  810652 113  8795879587065295810602 124 1240650 1230601 121 1210657 1210601 120 131 142 131 153 169 191 205   0   0    0    00601
1808  29   1  35   3 360   40701   0   0 350   50714     119 1190757 1170701****////  78  780749 109  8295959595075995870701 124 1240759 1240724 122 1220758 1210701 120 131 142 131 153 169 191 205   0   0    0    00701
1809  19   4  42   2  53   50826  63   5 297   80847     128 1280900 1190801****////  71  710859 105  7796059605090095950801 127 1270900 1240801 126 1260900 1220801 121 131 141 131 152 168 191 205   0   0    0    00801
1810  34   8  42   6  42   80948 357   7 357  140956     139 1390958 1280901****////  65  640949 103  7496099609095996060901 133 1330959 1280901 135 1351000 1260901 124 132 141 131 152 168 190 204   0   0    0    00901
1811  13  12   5  14   5  151059  47  13  47  171054     145 1451043 1391001****////  62  611045 102  7396119611110096081017 138 1401044 1331001 146 1461100 1351001 131 134 141 131 151 167 189 203   0   0    0    01001
1812  28  10  51   9  56  181112  31  15 360  251116     150 1501157 1441119****////  59  581158 101  7196049612110296031159 145 1451158 1351115 156 1561200 1451114 135 137 141 132 150 167 189 203   7   0    0    01101
1813 286  10 300   6 351  111202 312   9 359  141202     156 1561250 1491210****////  56  551237  99  6995969604120895961300 153 1531258 1441208 162 1621258 1561210 142 141 142 134 149 166 188 202   3   0    0    01201
1814 315  11 311  12 311  121400 325  10 358  191338     157 1601351 1541308****////  54  511352  96  6495869595130195861353 154 1551353 1521308 165 1661347 1621302 147 145 143 136 149 166 188 202   0   0    0    01301
1815 231   3 278   4 359  131401 198   3 359  241405     162 1621459 1571401****////  50  501500  92  5895829586140195821432 154 1551435 1531407 167 1671432 1651418 150 148 144 139 149 166 188 202   0   0    0    01401
1816 280  22 294  17 295  171559 260  25 308  281558     162 1641556 1591525****////  55  511501 101  7295809582150195801553 160 1601559 1531527 168 1681556 1641541 152 151 145 141 149 166 188 202   3  15    0    01501
1817 281  22 285  23 291  271648 284  20 320  431646     152 1621601 1521700****////  60  551601 104  7595849584170095791604 148 1601601 1481700 153 1671601 1531700 150 152 146 142 150 166 189 203   0  15    0    01601
1818 281  17 288  17 290  221701 277  18 292  301755     141 1521701 1411800****////  65  601701 105  7695919592175895831701 134 1481701 1341800 137 1531701 1371800 143 151 147 143 151 167 190 204   0   0    0    01701
1819 247   8 248  10 287  171801 228   7 314  191816     131 1421801 1301854****////  71  641801 107  8096039603190095911801 124 1341801 1241857 123 1361801 1231900 134 147 148 142 152 168 191 205   0   0    0    01801
1820 234  13 227  13 259  141918 236  17 298  211913     123 1311918 1191947****////  75  711901 107  8096119611200096031901 119 1241901 1181954 115 1231901 1151956 127 142 148 141 153 169 191 205   0   0    0    01901
1821 206  15 215  11 235  132001 190  16 244  162026     117 1232001 1152038****////  78  752003 107  8096169617204996122001 115 1192046 1122045 109 1152002 1062046 121 138 147 138 153 169 191 206   0   0    0    02001
1822 211  16 220  13 243  152114 202  19 276  252111     117 1202113 1162139****////  76  762113 104  7696219621215796162101 114 1182120 1102121 106 1172121 1052122 117 134 146 136 153 169 191 205   0   0    0    02101
1823 241   7 258   8 269  142204 258   6 306  272216     109 1172202 1092300****////  78  762201 102  7296229623225896212218 110 1142203 1062242 101 1062204  912241 113 131 145 134 154 169 191 206   1   0    0    02201
1900 268   7 267  11 267  122356 321   6 321  202352     108 1112308 1072347****////  79  782301 102  7396219623231496212359 108 1102308 1072349  98 1012301  982349 109 128 143 131 154 169 192 206   0   0    0    02301
1901 164   3 197   2 300  110001 164   3 333  140007     101 1080003 1010100****////  82  790001 101  7296189621000196180058 108 1100030 1080001  99 1010030  980001 108 125 142 129 153 169 191 206   0   0    0    00001
1902 201   9 209   4 216   40159 201   8 201   90159      94 1000101  930126****////  85  820101 100  7096129618010196120156 108 1090153 1070122 100 1000149  990116 106 123 141 127 153 169 191 206   0   0    0    00101
1903 216   2 160   1 197  120208   0   0 303  170206      97  980228  940203****////  85  840216 102  7396089612020196080300 109 1090259 1070226 101 1010300  990222 105 122 139 126 153 169 191 206   0   0    0    00201
1904   0   0   0   0 174   60332   0   0 201   90324      97  980339  960303****////  85  850301 102  7396029608030196020356 109 1090312 1090353 102 1020400 1010301 105 121 138 125 153 169 191 206   0   0    0    00301
1905   0   0  93   2  93   30411   0   0 128   60454      93  970413  930500****////  86  850401 101  7195979602040195970459 106 1100407 1060500  99 1020419  990500 105 120 137 124 152 169 191 206   0   0    0    00401
1906  82   2 137   1 223   50528  71   2 347   80520      81  930504  810600****////  87  860501  94  6195959598050195950525  98 1060501  980600  89  990501  890600 102 119 136 123 153 169 192 206   0   0    0    00501
1907   0   0  97   2 360   30641   0   0 354   50633      73  810601  730658****////  87  870601  89  5395979597070095940628  92  970601  920700  83  890601  830700  97 116 135 121 153 170 192 207   0   0    0    00601
1908 339   1 329   3 359   40723   0   0 359   50719      73  740705  710714****////  88  870701  90  5495999600075695970706  90  920701  890743  80  830701  800748  93 113 134 120 152 170 193 207   0   0    0    00701
1909   0   0   0   0 329   50815 352   1 358   80812      89  890900  720807****////  88  880801 100  7096029602083796000801 101 1010900  900801  92  920900  800801  93 111 133 118 151 169 191 206   2   0    0    00801
1910 119   5 120   6 122   90952 162   4 190  130945     138 1381000  900901****////  66  661000 104  7696009602090195990915 125 1251000 1010901 136 1361000  930901 105 113 132 117 146 165 187 202   8  51    0    00901
1911 106   4 100   8 105   91058 208  11 208  111056     158 1621052 1391001****////  58  541056 104  7696009601101395991055 153 1531058 1251001 170 1701100 1371001 128 121 132 118 143 162 184 199   4  60    0    01001
1912 175   6 177   7 249  101133 124   4 347  161129     183 1841154 1591105****////  44  441159  92  5995919600110195911158 180 1801200 1531101 188 1881200 1701101 152 133 132 123 141 160 183 197   0  60    0    01101
1913 329  10 277   6 277  101227  78   9 343  151219     187 1941235 1761206****////  35  291221  75  2995769591120195761300 186 1991234 1811201 203 2141234 1891201 170 148 134 129 142 161 183 198   0  33    0    01201
1914 118   9  97  13 108  141348 100   6 140  211345     188 1911337 1831318****////  30  291359  65   995659576130195651400 185 1861301 1771326 205 2061356 2011326 174 157 138 137 143 162 185 199   0   0    0    01301
1915  74  24  69  15  96  191438  57  21 285  371436     193 1991456 1871409****////  27  271459  60  -195549565140295541459 191 1921458 1831430 210 2121451 2051404 179 163 141 143 142 162 184 199   0  27    0    01401
1916  27  18  59  17  80  231548 106  19 314  351507     181 1911501 1801558****////  31  271502  64   795519554150995501548 166 1901501 1661559 184 2091501 1841556 176 167 145 147 144 163 186 200   0  28    0    01501
1917  78  13  78  13  78  211632  87  27 121  441631     171 1811601 1711700****////  32  281617  62   395549554165695511601 153 1671604 1531700 166 1841605 1661700 167 166 148 150 146 164 187 202   0   2    0    01601
1918  35  14  30  16  58  181710  34  19 341  381743     156 1701703 1561800****////  32  321759  57 -1095589558175495541707 136 1531701 1361800 143 1651701 1431800 154 162 149 150 147 166 188 203   0   0    0    01701
1919  48  16  53  18  53  181900  48  18 350  341812     147 1561801 1471900****////  37  321817  62   295649564185895581802 126 1351801 1261859 126 1421801 1261900 141 155 150 149 149 166 189 204   0   0    0    01801
1920  75  12  74  12  75  181901 101   7 360  261907     135 1461901 1352000****////  45  371901  70  1895749574200095641901 121 1261901 1212000 119 1261901 1191959 132 149 150 146 150 167 189 204   0   0    0    01901
1921  86  20  79  18  79  182100  79  19  99  332059     129 1342001 1272026****////  57  462001  85  4695829582205995742001 117 1212001 1162050 112 1192001 1122100 125 143 149 143 150 167 190 205   0   0    0    02001
1922  64   7  64   9  84  182101  56   5 139  352105     117 1282101 1172200****////  65  572101  89  5395919591220095832101 114 1172101 1142156 107 1122101 1072200 120 138 148 139 151 167 190 205   0   0    0    02101
1923  73  10  75  10  78  172220  46   6 133  322224     115 1192222 1152300****////  70  652201  95  6295959595225995912201 112 1142201 1122300 104 1072201 1042300 115 134 146 136 151 167 190 205   0   0    0    02201
2000  63   5  59   5  90  102301 356   4 356  162332     107 1152301 1072357****////  77  702301  99  6895969597232095952305 108 1142334 1042336 100 1042301  982334 111 130 145 133 152 168 190 205   0   0    0    02301
2001  24   7  11   5 358  120046   2   1 352  150040     113 1140051 1030023****////  76  750050 102  7295969597000195960050 112 1180054 1080015 105 1060053  940054 110 127 143 131 151 167 190 205   0   0    0    00001
2002  27   5  24   8  55  100118  83   7 357  260127     115 1170129 1130101****////  74  740117 100  7095949597010595940150 115 1150200 1120102 109 1090159 1040101 111 126 141 129 151 167 190 205   0   0    0    00101
2003  41   8  27  10  63  110209  33   4 360  190201     116 1160203 1150201****////  72  720258  98  6795929594020995920258 116 1160243 1150210 111 1110300 1090201 112 125 140 128 151 167 190 205   0   0    0    00201
2004  41   6  27   5 359  100301  61   8 359  190306     113 1160301 1130344****////  74  720301  99  6895869591030195860359 116 1160340 1160309 111 1110345 1110301 112 125 139 127 150 167 190 205   0   0    0    00301
2005   0   0   0   0  94   90417   0   0 357  110412     112 1150411 1120500****////  77  740401 102  7395849586040895830443 116 1160429 1160405 111 1120440 1110404 112 125 138 126 150 166 190 204   0   0    0    00401
2006   0   0   0   0  62   20524   0   0  66   30510     108 1110501 1070555****////  80  770501 104  7595839584050295820531 116 1160501 1160512 111 1120503 1110519 112 125 138 126 150 167 190 205   0   0    0    00501
2007   0   0  97   1 123   20624   0   0 184   50624     106 1080602 1060614****////  82  800601 105  7795859585070095820601 115 1160633 1150652 111 1120635 1110654 112 124 137 125 150 167 190 205   0   0    0    00601
2008  52   3  66   2  92   30726  58   3  58   60759     107 1070718 1060701****////  82  810702 105  7895889588080095850701 116 1160800 1150714 112 1120800 1110701 112 124 136 125 149 167 190 205   0   0    0    00701
2009  46   1  94   2 354   20801 354   2 354   50855     118 1180900 1070801****////  77  760851 107  7995909590083995880801 122 1220900 1160801 120 1200900 1120801 114 124 136 125 149 166 189 204   0   0    0    00801
2010  30   8  50  10  51  110955  42  20  42  201000     127 1270944 1180901****////  68  670957 100  7095899591091395890957 129 1291000 1220901 132 1321000 1200901 119 125 136 125 148 165 188 204   0   0    0    00901
2011 359   8  16  13  43  161038  28  16 360  221032     134 1341100 1261007****////  65  641049 100  7095869590100195861059 138 1381100 1281009 148 1481100 1321001 126 128 136 125 147 165 188 203   0   0    0    01001
2012  23  17  49  14  86  141119  29  17 358  241112     141 1421132 1341114****////  61  601158  98  6795759586110195751159 156 1581154 1391101 174 1741158 1491101 140 134 136 127 145 163 186 201   0   0    0    01101
2013 328  14  10  12  53  151202 306  13 359  261212     156 1561251 1401201****////  56  561259  99  6995609575120195601300 176 1761300 1551203 199 1991300 1741201 155 142 137 131 144 162 185 200   0   0    0    01201
2014 110  20  51  15  51  211348  39   7 355  311324     156 1611337 1511309****////  55  541338  97  6695489560130195481400 175 1841342 1721318 202 2081338 1981317 168 152 139 136 144 162 185 200   0   0    0    01301
2015  17  21  26  21  39  211408  30  15 357  381407     152 1571403 1511422****////  56  541404  97  6595409548140295401455 160 1751403 1601500 185 2021403 1851500 167 158 141 141 145 163 186 202   0   0    0    01401
2016   9  11  19  15  52  211501  18  12 357  311525     152 1541516 1511547****////  55  541546  95  6295389540150195371553 154 1601504 1541600 175 1851502 1751600 164 160 144 144 146 164 187 202   0   0    0    01501
2017   1  14  17  16  32  171603 356  16 358  281621     149 1521608 1491658****////  57  541602  97  6595419541170095381607 146 1541601 1461700 162 1751601 1621700 158 159 146 146 147 164 187 202   0   0    0    01601
2018  69  12  48  14  48  171709  52  10 348  311750     145 1491701 1451749****////  57  561701  94  6195509550180095421702 138 1461701 1381800 149 1621701 1491800 151 157 148 146 148 165 188 203   0   0    0    01701
2019  38  11  57  11  66  151812  57   8 344  271813     144 1451801 1441900****////  55  551857  90  5595589558185995501801 134 1381801 1341900 142 1491801 1421900 144 153 148 146 148 165 188 203   0   0    0    01801
2020  56   5  62   6  89  121903  59   7 104  181952     145 1461949 1431916****////  56  551951  92  5895699569200095581901 134 1341910 1331951 139 1421901 1381953 140 150 149 144 149 165 188 203   0   0    0    01901
2021  54   9  58   9  64   92009  24  11 358  152004     144 1452004 1422051****////  55  552005  90  5595779577205595692001 132 1342001 1322059 136 1392001 1362100 137 147 148 143 149 165 188 203   0   0    0    02001
2022  48  13  53  10  68  132124  24  12 336  282116     143 1442117 1432103****////  54  542137  88  5195829582220095772101 130 1322104 1302159 133 1362101 1332200 134 145 148 141 150 165 188 203   0   0    0    02101
2023  33   4  28   7  47  112207  50   6 357  272205     140 1432201 1402300****////  56  542201  89  5495869586225395822201 129 1322233 1292254 131 1332205 1312256 132 143 147 140 150 165 188 203   0   0    0    02201
2100   8  10  13   9  19  102345 355  16 355  172354     135 1392301 1352354****////  59  562301  91  5795889588234195852303 128 1292307 1280000 129 1312302 1290000 130 141 147 139 150 165 188 204   0   0    0    02301
2101  38   9  16   6  59  110003  24   3 350  140002     131 1360001 1300056****////  61  590001  92  5895869588002495860055 127 1280001 1270100 127 1290001 1270100 128 140 146 138 150 165 188 204   0   0    0    00001
2102  19   4  36   5  44   70106  49   3 359  160123     126 1310103 1250156****////  64  600102  93  6095829587010895820150 126 1270107 1260130 126 1270108 1260159 127 138 145 137 151 165 188 204   0   0    0    00101
2103   0   0   0   0 189   50201   0   0 356   60203     118 1260201 1170244****////  73  640201 101  7195809582020495800247 125 1260202 1250247 125 1260202 1250258 126 137 145 136 151 165 188 204   0   0    0    00201
2104   0   0  32   1 139   20330   0   0 359   50330     115 1180301 1150330****////  76  730301 103  7495779580030195760356 124 1250301 1240400 123 1250301 1230400 124 136 144 135 151 165 188 204   0   0    0    00301
2105   0   0   0   0 360   20419   0   0 358   20413     101 1150401 1010500****////  79  740406  98  6695749577041395740453 115 1240401 1150500 113 1230401 1130500 122 134 143 134 151 166 189 205   0   0    0    00401
2106   0   0   0   0  62   40544   0   0  74   70542      87 1010501  870600****////  84  790501  94  6295769576055695730510 107 1140501 1070600 103 1150517 1030600 115 132 142 132 152 167 190 205   0   0    0    00501
2107 359   2  30   1 360   20615 331   3 359   50613      82  880613  820655****////  85  840601  92  5895829582065395760602 102 1070607 1020700  96 1030601  960700 110 128 141 131 152 167 190 206   0   0    0    00601
2108   0   0   0   0 358   40708 313   1 359   60718      82  840704  790745****////  86  850701  93  6095859585074995820701 101 1020701 1000751  94  960701  940749 105 125 140 128 152 167 190 206   0   0    0    00701
2109 313   5 302   3 315   60833 314   5 341   80828     113 1130900  820801****////  78  770859 104  7695889588090095840820 115 1150900 1010801 111 1110900  940801 106 122 139 126 151 166 189 204   0   0    0    00801
2110  52   4  78   3 338   50905 102   2 347   90958     137 1380958 1130901****////  63  620958  99  6895879589092395870906 134 1341000 1150901 135 1351000 1110901 116 123 138 125 148 164 187 202   0   0    0    00901
2111 148   7 140   9 210  111043 339   2 339  181037     154 1571056 1371001****////  57  551054 100  6995849588102795841058 165 1651100 1351001 179 1801057 1361001 137 130 138 126 145 161 184 200   0  25    0    01001
2112  24   5  89   7 185  161122 328   7 328  241113     162 1621200 1551101****////  53  531158  98  6695709584110195701200 178 1781159 1651101 192 1921200 1801101 155 141 138 130 144 160 183 199   0  26    0    01101
2113 208  12 239  13 248  191215 221   7 301  291209     163 1691255 1611235****////  53  501257  98  6795599570120195591300 182 1911243 1781201 202 2091242 1921201 169 151 139 135 144 160 183 199   0   0    0    01201
2114 269   8 304   7 326  161318 257   7 323  231312     170 1751346 1591316****////  51  491344  99  6895429559130195421400 189 1931347 1731323 209 2101349 1941324 174 159 142 141 144 160 183 199   0   0    0    01301
2115  96  23 122   9 146  131449  79  16  88  341459     169 1771414 1651449****////  52  461413 100  7095309543140195301459 179 1951415 1791500 197 2141414 1971500 178 165 145 146 145 161 184 200   0   2    0    01401
2116  92  19  74  12 356  161506  95  13 356  221512     164 1701534 1641600****////  51  491536  95  6295279530150195271600 166 1781501 1661600 183 1971501 1831600 174 168 148 150 146 162 185 201   0   0    0    01501
2117  99   9  87   5  96  141604  61   6 347  161601     162 1651606 1621657****////  52  501610  96  6395299529165495271603 156 1661601 1561700 169 1831601 1691700 166 166 150 152 148 163 186 202   0   0    0    01601
2118  86  12  85  14  85  141759  54  17  87  261755     157 1621701 1571800****////  51  501724  91  5695359535175995281707 146 1551701 1461758 156 1681701 1561800 158 163 152 152 149 164 186 202   0   0    0    01701
2119  68  14  61  12  87  151802  67  31  67  311900     157 1581825 1561836****////  49  481847  87  5095479547190095351801 142 1461801 1421900 149 1561801 1491900 151 160 153 151 149 164 186 202   0   0    0    01801
2120  74  19  79  15  82  221946  88  18 132  391926     153 1571901 1531957****////  49  481933  85  4795589558200095471902 140 1421901 1391948 144 1491901 1411959 144 159 154 145 150 164 186 203   0   0    0    01901
2121  74  14  71  14  78  152001  60  11  98  302040     150 1532001 1502051****////  50  492041  85  4795689568205795582001 136 1392010 1362056 139 1432001 1392100 142 153 152 148 151 164 186 203   0   0    0    02001
2122  30   8  49  13  67  172110  26  23 338  292145     146 1502101 1462200****////  54  492126  90  5495739573220095682101 134 1362101 1332158 136 1392101 1362159 138 150 152 146 151 164 187 203   0   0    0    02101
2123  57  19  47  18  47  182300  64  18  78  292254     145 1462209 1442223****////  54  532201  89  5395779577230095742206 133 1342215 1322238 134 1362203 1342300 135 147 151 144 151 164 187 203   0   0    0    02201
2200  12  15  21  16  39  192319 356  25 359  562317     140 1452301 1400000****////  58  552301  93  5995799580234595772301 130 1332309 1300000 132 1342307 1320000 133 145 150 143 151 163 187 203   0   0    0    02301
2201   6   8 360  10 360  170003  24   9 360  280002     138 1410019 1380100****////  58  570032  91  5795789579000295780050 130 1310009 1300044 131 1320010 1310057 132 143 149 141 152 164 187 203  39   0    0    00001
2202 353   5 327   7 360   90101   5   1 359  150137     132 1380101 1320200****////  65  580102  99  6895739578010195730200 129 1300111 1290154 129 1310110 1290200 130 142 148 140 152 164 187 203  83   0    0    00101
2203 307   9 312   8 328   90217 322   6 349  150216     127 1310201 1270242****////  70  640201 103  7495749575024095730202 128 1290201 1280258 128 1290201 1270257 129 140 148 139 152 164 187 203   0   0    0    00201
2204 323   6 320   7 332  130322 300   5 352  180321     124 1270301 1230358****////  72  700301 104  7595719575030695710355 127 1280301 1270358 126 1270302 1260356 127 139 147 138 152 165 187 204   0   0    0    00301
2205 312   2 330   3 360   80412   0   0 360  100411     119 1230401 1190458****////  75  720401 104  7695709573042095690436 126 1270401 1260500 124 1260401 1240500 126 138 146 137 152 165 187 204   0   0    0    00401
2206 282   7 279   5 325   50527 281   6 318   60525     116 1190501 1150557****////  78  750501 106  7995719571060095680514 124 1260501 1240554 122 1240501 1220600 124 136 145 136 152 165 187 204   0   0    0    00501
2207 276   6 267   5 267   70628 269   7 304  110627     118 1200629 1160601****////  76  740630 105  7795769576070095700605 123 1240601 1230659 121 1220601 1210659 123 135 145 135 152 165 187 204   0   0    0    00601
2208 300   2 267   2 267  110721 277   5 320  140717     119 1200749 1180701****////  76  750707 106  7895839583080095750714 124 1240800 1230718 121 1210702 1200722 122 134 144 134 152 165 187 204   0   0    0    00701
2209 303  10 289   9 322  150830 296  12 341  190822     124 1240850 1180804****////  74  740858 106  7995909590085995830801 128 1280900 1240802 126 1260900 1210801 122 133 143 133 151 165 187 203   0   0    0    00801
2210 279   3 281   3 310  110905 337   3 337  160902     130 1300956 1240901****////  73  730916 109  8395989598095895900901 132 1321000 1280901 132 1321000 1260901 125 134 143 133 151 164 187 203   0   0    0    00901
2211  24   2 357   4 360   81012 293   2 359  111011     132 1321036 1301003****////  70  701059 106  7996009601105795981008 135 1351100 1321001 138 1381100 1321001 128 135 142 133 150 164 186 203   0   0    0    01001
2212  28   7  25  11  25  111157 274   2 356  161124     138 1391139 1321101****////  67  671158 106  7895969600110495961200 136 1421143 1361101 140 1451137 1381102 133 137 142 133 150 164 186 202   0   0    0    01101
2213   2  13   7  11  23  111240  14  16 360  211257     144 1451254 1381201****////  64  631253 105  7795899597120195891300 140 1421251 1361201 147 1491251 1401206 135 139 142 134 150 164 186 202   0   0    0    01201
2214  31  39  49  28  51  281359  28  42 117  521349     145 1461332 1441301****////  51  511350  84  4595869589130895851348 136 1401307 1361400 144 1471304 1441400 136 140 143 135 149 164 186 202   0   0    0    01301
2215  77  37  82  28  85  331404  88  20 109  611458     142 1451406 1421452****////  49  491459  79  3695859585140395831420 132 1361425 1321500 139 1451422 1391500 135 141 143 136 150 164 186 202   0   0    0    01401
2216  88  34  94  30  94  411523  93  29 152  661501     132 1421501 1321558****////  51  431532  77  3395959595155795851502 127 1321501 1271559 132 1391501 1321600 131 140 143 136 150 164 186 203   0   0    0    01501
2217  94  29  96  28 104  361634  90  13 128  671611     120 1311601 1201657****////  54  491618  76  3096099609165895951601 122 1271603 1221700 124 1321601 1241700 127 138 143 136 151 165 187 203   0   0    0    01601
2218 110  16 113  13 113  311713  89  19 141  481706     115 1201701 1141758****////  57  541705  77  3396229622180096091703 120 1221703 1201757 120 1241701 1201759 123 136 143 135 151 165 187 203   0   0    0    01701
2219 152   4 168   3 202  141802 104   2 215  151809     109 1151801 1091859****////  62  561801  81  3996309630190096211802 117 1201801 1171851 116 1201801 1161857 120 134 143 133 151 165 187 204   0   0    0    01801
2220 358   4 339   4 339   41953   2   4 358   71952     107 1091901 1031945****////  69  601903  89  5396519652195396311903 117 1171901 1161943 115 1161901 1151950 118 132 142 132 151 165 187 204   0   0    0    01901
2221 100  15 153   9 157  102050 128  16 128  252059     113 1152051 1062004****////  53  532100  71  2196549656203196522001 115 1172034 1152100 113 1152035 1132100 117 130 141 131 151 165 187 204   0   0    0    02001
2222 343   4 322   5 360  122105 334   3 360  202103     106 1202107 1062157****////  58  452105  74  2796629664213096542102 114 1152101 1142108 111 1132101 1112200 115 129 140 130 151 165 187 204   0   0    0    02101
2223 306  12 314   5 316   82224 302  16 302  162300     104 1082242 1042256****////  63  582236  79  3796699669230096612204 113 1142203 1132300 110 1112201 1102259 113 127 140 129 151 165 187 204   0   0    0    02201
2300 326   3 317   7 322   92304 333   3 346  112350     103 1092305 1012354****////  61  582303  76  3196679671231096662344 112 1132301 1122358 109 1102314 1082356 112 127 139 127 151 165 188 204   0   0    0    02301
2301  17   3 353   3 353  100037 357   4 357  140032     105 1070048 1000028****////  61  590007  77  3396649668003596620021 112 1190058 1050033 105 1170054  960032 109 126 138 124 150 165 187 204   0   0    0    00001
2302 322   2 311   5 356   60114 327   2 357   80106      99 1050101  970142****////  67  610101  82  4196629664010196610144 111 1200138  970139 107 1230137  960135 110 124 138 125 150 165 187 204   0   0    0    00101
2303 320   6 321   5 341  100240 322   4 346  180235     101 1040239  980224****////  69  660201  85  4796619662020396600258 115 1180252 1010253 111 1150254  980251 110 117 136 130 150 165 187 204   0   0    0    00201
2304  65  10  60   9  61  130337  86  12 134  220329     114 1140342  990318****////  37  350359  50 -2896619661040096580336 104 1210314 1010318 102 1140313  970316 107 122 136 124 149 165 187 204   0   0    0    00301
2305  78  10  74   9  85  120416  54  13 131  230422     109 1130401 1090434****////  35  340450  46 -4096579661040296570500 104 1060438 1040450 100 1020406 1000457 105 120 135 123 149 165 187 204   0   0    0    00401
2306  76   9  77  11  86  120513  97  12 103  220540     107 1100502 1070600****////  34  340553  44 -4596579658050296560548 103 1050528 1030555  98 1000530  980600 104 119 135 122 149 165 187 204   0   0    0    00501
2307  87  17  89  26  91  300653  96  21 124  380651     108 1090657 1070601****////  29  280652  38 -6596629662065796570601  99 1030608  990657  94  990608  940656 101 118 134 121 148 165 187 204   0   0    0    00601
2308  80  20  74  22  75  250755  86  21 108  470752     107 1080701 1060711****////  29  280754  37 -6696699670075696620701  98 1000712  970757  92  940710  920757  99 116 133 120 148 165 187 204   0   0    0    00701
2309  67  11  69  12  80  220801  75  12 352  280806     107 1070858 1050830****////  29  290803  37 -6696799679090096690802 100 1010854  980801  97  970856  920801  98 114 132 118 148 165 187 204   0   0    0    00801
2310  54  13  39  11  77  150905  35   8 308  260950     110 1100957 1070901****////  31  280903  41 -5596869686095896790902 105 1050951 1000901 104 1041000  970901 100 114 131 117 147 164 186 204   0   0    0    00901
2311 105  12  93  12  93  131054 121  13 129  211053     112 1121059 1101001****////  30  281049  40 -5796839688103596831100 111 1111100 1051001 112 1121100 1041001 103 114 131 117 146 164 186 203   0   0    0    01001
2312  94   9  94  12 121  171120  97  10 140  221126     113 1131137 1111109****////  30  271122  40 -5696749682110196741159 115 1161140 1121101 119 1191200 1121101 108 116 130 117 146 164 186 203   0   0    0    01101
2313 119   7 116   8 117  161218 123   5 162  241210     115 1151240 1111213****////  28  271205  38 -6496619674120196611300 125 1251300 1161201 130 1301300 1191201 113 119 130 118 145 164 185 202   0   0    0    01201
2314  93   8  97  13 116  161346  84  12 143  251337     112 1171316 1121349****////  29  281338  39 -6296469661130196461359 124 1261306 1231326 132 1331335 1291319 118 122 130 119 144 163 185 202   0   0    0    01301
2315 107  14  83  12 111  171430  97  22 155  251406     113 1141421 1111408****////  30  271405  40 -5696359646140196351500 122 1241402 1221458 131 1331437 1311409 120 125 131 121 144 164 185 203   0   0    0    01401
2316 104   8  95   8 111  171507 115   7 156  251521     109 1121501 1091600****////  31  281511  40 -5696309635150196301600 118 1221517 1171552 124 1311501 1241600 119 126 131 122 144 164 186 203   0   0    0    01501
2317  93   8  85  10 111  131620 100   4 138  211626     107 1101601 1071657****////  31  291606  40 -5796289630160696281654 110 1181601 1101659 116 1241601 1161700 116 125 132 123 144 164 186 203   0   0    0    01601
2318  94   6  90   8  95   91701  92  10 127  131704     104 1071701 1041800****////  34  311714  43 -4896329633175596271704 106 1111707 1061800 109 1151701 1091800 112 124 132 123 145 164 187 204   0   0    0    01701
2319  96   6  83   5  87   91808  82   4 118  131806      92 1031801  921854****////  44  321820  51 -2496409640185996321802 104 1071801 1021841 104 1111841  981842 108 122 132 122 145 165 187 204   0   0    0    01801
2320 118   2 111   3 114   71920 114   3 124  101928      90  951935  901955****////  54  411930  62   296449644195596401902 103 1041902 1031958 102 1041901 1022000 106 120 132 121 145 165 187 204   0   0    0    01901
2321 107   3 152   3 205   62014  71   3 210  102013      87  902008  872053****////  56  522023  63   496469648202796442001 102 1032011 1022100 100 1022002 1002100 104 118 131 120 145 165 187 204   0   0    0    02001
2322 187   8 185  10 185  102158 157   7 196  122151      90  902200  872101****////  52  522200  60  -396499650213696452105 101 1022128 1012200  99 1002102  992157 102 117 131 119 145 165 187 204   0   0    0    02101
2323 135   2 148   5 345  102201 185   6 196  122245      94  952257  902238****////  47  472255  55 -1396439651221996432300 100 1012231 1002252  97  992205  972257 101 116 130 118 145 165 187 204   0   0    0    02201
2400 174   6 180   6 196  112314 133   6 248  132309      90  952302  900000****////  50  482331  57  -996409644230496392349 100 1002304  992320  96  972301  962353 100 114 129 117 144 165 187 204   0   0    0    02301
2401 195   8 190   8 198  100028 187   8 220  140027      90  920023  890053****////  52  500033  60  -396329641000396320057  99 1000002  990036  95  960002  950100  99 113 129 116 144 165 187 204   0   0    0    00001
2402 179  14 178  11 194  110130 169  15 184  150158      93  930200  890109****////  45  450200  53 -2096279633010296270159  97  990101  970200  94  950101  940200  97 112 128 115 144 164 187 204   0   0    0    00101
2403 100   4 123   3 178  120203 102   6 219  120202      86  940205  850245****////  58  440204  65   896239626020396230300  98  980257  970206  94  940300  930205  97 111 127 114 144 164 187 204   0   0    0    00201
2404  87   3  82   2 112   80324  61   3 121   90318      84  900313  840358****////  65  530311  72  2296179623030196160352  98  980306  980324  94  940301  940326  96 111 127 114 143 164 187 204   0   0    0    00301
2405   0   0   0   0  89   20401   0   0  95   30401      82  840401  810447****////  69  640409  75  2996109617040196100500  98  980414  980455  94  940409  930452  96 110 126 113 143 164 187 204   0   0    0    00401
2406 290   4 301   2 327   40548 266   6 356   70527      83  840558  820502****////  65  620556  71  2196079610051596070552  98  980513  980501  93  940506  930600  96 110 126 112 143 164 187 204   0   0    0    00501
2407 250   6 242   3 271   80634 229   8 292  110626      87  890638  830601****////  54  500635  61  -196069607060196040647  96  980601  960647  92  930603  920644  95 109 125 112 143 164 187 204   0   0    0    00601
2408 233  11 243  10 264  100736 249  10 299  170734      88  890729  860719****////  56  500707  63   596069607073596040710  95  960701  950800  90  920702  900800  94 109 125 111 142 164 187 204   0   0    0    00701
2409 182   9 208   7 252  110802 169  13 280  130809      88  890806  880810****////  53  510847  60  -296079608084996060802  96  960857  950818  93  930900  900812  94 108 124 111 142 164 187 204   0   0    0    00801
2410  35  12  27  14  28  140957  30  15 339  230936     152 1520952 1490901****  63  70  700930 121  9896359635095696330902 157 1571000 1420901 165 1651000 1470901 147 154 159 151 164 173 188 201   4   0  285  2850901
2411 176  11 184   8 191   81039 186  10 204  141041      97  971050  921002****////  52  491054  63   396019607100296011058 111 1111100 1021005 112 1121100 1001004 100 109 124 110 140 163 186 203   0   0    0    01002
2412 125   2 110   2 185   91104 164   3 345  111104     104 1041200  971101****////  47  461159  59  -495889601110195881200 120 1201200 1111101 127 1271200 1121101 108 112 123 111 139 162 185 202   0   0    0    01101
2413  63   6  67   7 226   91231  64  10 360  131233     108 1131219 1051201****////  43  421256  56 -1395719588120195711300 127 1321254 1211201 144 1461259 1271201 119 117 124 113 138 161 184 202   0   0    0    01201
2414 181  10 179   9 179  131351 206  10 221  211348     112 1131330 1091301****////  40  381342  53 -1995529571130195521400 130 1331328 1281303 143 1471344 1431358 125 123 124 116 138 161 184 202   0   0    0    01301
2415 212   2 239   7 281  111433 298   3 355  181413     112 1131423 1091432****////  41  381432  55 -1695419551140195411459 126 1311405 1261500 136 1431404 1361500 126 126 126 119 138 161 185 202   0   0    0    01401
2416 125   7 146   9 147  111552  86   9 196  211549     109 1121507 1091600****////  42  391511  55 -1595359541150195341555 122 1261501 1211552 131 1361501 1311600 124 128 127 121 139 161 185 202   0   0    0    01501
2417  88  16  83  18  83  181659  89  14  89  221656     106 1091601 1061700****////  43  421624  55 -1595359537162395341609 112 1221603 1121659 120 1311603 1201700 120 127 128 122 139 162 185 203   0   0    0    01601
2418  89   6  87   7  91  181701 146   4 146  271722     103 1061701 1031753****////  45  421723  56 -1195389538173495351726 108 1121703 1081800 112 1201701 1121800 115 126 129 122 140 162 186 203   0   0    0    01701
2419  82   5  41   3  96   81806  87   9 355  171804     101 1041810 1001845****////  45  421806  56 -1395449545185395381804 106 1081802 1051852 107 1121801 1071900 111 123 130 121 140 162 186 204   0   0    0    01801
2420  63   5  53   6  73  121926  91   4 352  221920     101 1031903 1011948****////  45  411922  56 -1395529554195895441903 102 1051901 1021959 103 1071904 1031958 107 120 129 120 140 162 186 203   0   0    0    01901
2421  17  17  25  11  25  112100  29   8  29  232059     100 1022005 1002027****////  45  432016  55 -1495599560204795522002 100 1022013 1002100 101 1032001 1012057 105 119 129 119 140 162 186 204   0   0    0    02001
2422  62  15  58  12  62  202109  70  18 347  372101      96 1002101  962152****////  57  452102  68  1595639564213195592101  98 1092138  902141  98 1052139  892141 102 117 128 118 141 162 186 204  84   0    0    02101
2423  37   7  61  10  82  132201  85  11 347  222229      94  962201  942257****////  57  562204  67  1395699569225995642204  97  992215  972300  96  982204  962300 100 115 128 117 141 162 186 204   0   0    0    02201
2500  51  14  34  10  71  162333 330   6 348  272329      92  942301  922341****////  53  502324  62   195729573234595692301  95  972306  952335  94  962304  942352  98 113 127 115 141 162 186 204   0   0    0    02301
2501  73   6  52   8  54  160027  25  15 347  310044      90  920001  900049****////  57  530001  65   995729573001795700045  94  950001  940028  93  940001  930051  96 112 126 114 141 162 186 204   0   0    0    00001
2502  41  13  31  14  36  190143  26  21 360  350135      87  900106  870148****////  65  560101  73  2595719572010195690125  94  940110  930141  92  930108  920141  95 110 126 113 140 162 186 204   0   0    0    00101
2503  14  10  42   9  46  180208 338   9 360  320204      84  870201  840259****////  71  650201  78  3595739575022895710203  94  950227  930215  93  930248  920202  95 109 125 112 140 162 186 204   0   0    0    00201
2504 358  16  11  13  15  160347  12  13 355  250358      84  840301  830342****////  73  710301  80  3895799579040095730301  94  950327  930357  93  930310  930359  95 109 124 111 140 162 186 204   0   0    0    00301
2505 353   6  15   5 360  150403  22   8 355  170404      85  850500  840401****////  73  730401  81  3995849585044995780423  96  960455  940409  95  950459  930401  95 108 124 111 140 162 186 204   0   0    0    00401
2506 276   7 295   8 309   90553 283   7 342  140550      85  860517  850501****////  74  730501  82  4195889588055995840506  97  970544  960501  94  950518  940600  95 108 123 110 139 161 186 204   0   0    0    00501
2507 225   1 248   5 319  100627  67   3 347  150630      85  850601  840612****////  75  740601  83  4396009600070095880601  96  970601  960655  93  940601  930627  95 108 123 110 139 161 186 204   0   0    0    00601
2508 294  11 290  16 290  250734 295   9 341  400733      85  870717  840741****////  74  740704  82  4196099609080096000707  95  960710  950751  92  930702  920749  94 107 122 110 139 161 186 204   0   0    0    00701
2509 340   5 316   3 316  160801 339   5 360  260804      87  870856  840813****////  75  750801  84  4596269626090096100801  98  990858  950801  96  960900  920801  94 107 122 109 139 161 186 204   0   0    0    00801
2510 235   4 239   3 276   60943 168   5 269   90942      91  910957  860902****////  74  730930  85  4796399639100096260902 102 1020946  970948 101 1020951  960950  96 107 122 109 138 161 185 203   0   0    0    00901
2511 231   7 232   9 264   91027 231   7 295  161026      90  911001  871038****////  78  741003  89  5496459645105296391003 101 1041058  971037 106 1061040  961039  97 109 118 108 138 161 185 203   0   0    0    01001
2512 302  10 292   9 292  111115 306  10 327  151114      92  941134  901101****////  76  751147  88  5296469647113396451101 106 1071149  971102 109 1121101 1041102 102 110 121 110 137 160 185 203   0   0    0    01101
2513 342   5 323   8 335   91201   9   4 328  121255      94  951238  921203****////  78  761201  92  5896439647120796431300 107 1071300 1051224 110 1101300 1071229 103 111 121 110 137 160 185 203   0   0    0    01201
2514 302  13 318  14 323  161348 292  18 347  241334      96  961357  941335****////  75  751359  90  5496419643130396411350 112 1121355 1071304 121 1211356 1111301 107 113 122 111 137 160 185 203   0   0    0    01301
2515 334   8 315  12 339  161404 322   9 360  211404     101 1011500  961401****////  73  731419  90  5596409641144696391428 114 1141500 1121401 125 1251500 1201420 111 115 122 112 136 160 184 203   2   0    0    01401
2516 351  16 342  18 342  191559   4  21 355  261552      98 1021504  971531****////  73  701518  88  5296479647155696401501 109 1151504 1091559 118 1251502 1171548 112 117 123 113 137 160 184 203   0   0    0    01501
2517 334  37 330  27 330  271700 347  25 347  461659      93  981601  931700****////  69  661639  81  3996569656165696471603 103 1091601 1031700 112 1181601 1121700 110 118 123 114 137 160 185 203   0   0    0    01601
2518 327  14 327  15 341  301707 297  11 358  381703      89  931701  891758****////  74  691701  84  4596679667180096551712  99 1031725  931727 103 1111701 1001727 106 117 124 115 137 160 185 203   0   0    0    01701
2519 302  10 306  13 329  161803 317  12 337  271824      88  891801  881823****////  73  731900  83  4296809680185996681802  98 1001801  981900  99 1031801  991900 103 115 124 115 137 160 185 204   0   0    0    01801
2520 320   6 294  13 294  231952   0   0 336  351943      84  891906  841941****////  79  731901  87  5097029702195896801901  96  981911  961953  97  991903  961953 100 113 124 114 137 160 186 204   0   0    0    01901
2521 345  11  25   7 323  182027 336  21 351  262020      82  842001  822100****////  80  792001  87  5097189719205497022001  95  972014  952058  96  972007  962059  99 112 124 113 137 160 185 204   0   0    0    02001
2522  92  22  58  26  58  262200  88  29  88  382157      71  822101  712200****////  78  772159  79  3597309730220097182101  89  952108  892159  91  952101  912200  97 111 123 112 138 160 186 204   0   0    0    02101
2523  88  12  90  18  90  282237  58  10 114  422229      56  702201  562300****////  81  782201  74  2697379737230097312201  83  902213  832258  85  912201  852258  93 109 122 111 138 161 186 205   0   0    0    02201
2600 278   6 294   5 342  172301 285   7 298   92357      58  582352  552312****////  85  812301  78  3597439744232197382301  86  862358  832304  84  852305  842339  90 106 122 110 138 161 186 205   0   0    0    02301
2601 289  26 288  25 288  260056 291  37 291  370100      58  590008  580016****////  84  840046  77  3397369744001197360100  85  870012  850100  81  840008  810100  87 104 121 108 138 161 186 205   0   0    0    00001
2602   3   7 298  13 298  310127  14   8 345  460140      59  590103  580101****////  82  820152  76  3197299736010197270145  82  850102  820200  79  810104  780149  85 103 120 107 138 161 186 205   0   0    0    00101
2603 329   2 309   9 316  180237 352   2 358  250230      55  590201  550300****////  82  810220  74  2797249732021297240257  82  830216  820252  75  790206  750300  83 101 119 106 138 161 186 205   0   0    0    00201
2604 294   6 318   6 342  100316 276   6 353  160315      54  550303  540334****////  84  820301  75  2997239727031197210349  82  820301  810324  75  750301  740322  81  99 118 104 137 161 186 205   0   0    0    00301
2605 325   7 334   5 339   80403 323   8 359  120402      53  540401  520438****////  85  840401  76  3097179723040197170453  81  820401  800454  72  760455  710456  78  96 118 103 137 160 186 205   0   0    0    00401
2606 243   8 255  10 255  120556 255  21 282  220554      56  560556  530501****////  82  810558  75  2897119717050197110557  80  810501  800600  73  740501  730600  78  96 116 102 137 160 186 205   0   0    0    00501
2607 171   4 224   4 255  140623 200   7 281  220625      53  560601  530645****////  82  820601  73  2597109713061197090642  77  800604  770638  68  730601  670640  76  95 116 100 136 160 186 205   0   0    0    00601
2608 181   8 182  11 182  120756 174   8 210  150750      51  530701  480734****////  85  820701  75  2897119711075397100727  76  770701  750731  67  680701  650733  74  93 115  99 136 161 187 205   0   0    0    00701
2609 153   4 166   7 190  100801 171   9 241  140820      73  730900  520801****////  75  750900  77  3297129714083597110801  87  870900  760801  84  840900  670801  76  92 114  98 135 159 185 204   0   3    0    00801
2610 284   7 250   7 258  100919 277  15 295  160940      76  790935  720907****////  71  710959  74  2797119713092297110958  92  921000  870901  96  980934  850901  85  94 113  98 132 157 184 202   0  24    0    00901
2611 245   8 233  11 233  141057 237   5 248  201047      86  871055  761003****////  66  641052  74  2697059711100297051100  99 1001056  921032 106 1081055  941035  91  98 113  99 132 157 183 202   0   5    0    01001
2612 241  16 255  16 257  181156 230  10 300  221154     106 1081152  841110****////  57  571154  73  2496909705110196901200 134 1341200  961111 142 1421200 1011110 111 103 114 101 128 153 179 198   0  48    0    01101
2613 154  22 161  24 167  261258 112  15 194  361258     120 1211249 1061201****////  35  331247  49 -3096719690120196711300 150 1501259 1351201 176 1761258 1431201 136 116 114 105 126 152 178 197   0  56    0    01201
2614 207  24 195  15 204  261315 172  11 263  421340     130 1311357 1141302****////  33  301343  49 -2996529671130296511359 160 1611359 1491302 192 1931357 1761301 147 129 116 112 126 152 178 197   0  60    0    01301
2615 238  16 268  11 343  191417 229  21 331  271405     130 1361438   01434****////  32  301424  48 -3396429651140196421456 161 1651434 1581452 186 1941405 1861500 155 138 120 119 126 152 179 197   2  60    0    01401
2616 139   8 189   7 249  151523 195  17 307  241516     131 1341557 1271510****////  33  311507  50 -2896379642150296371600 150 1621508 1501600 162 1861501 1621600 156 144 123 124 127 153 179 198   0  60    0    01501
2617  30   3 356   4 356  151615 231   2 358  231612     130 1371630 1271622****////  35  301631  52 -2196379638163496361646 133 1501601 1331700 139 1611601 1391700 144 144 127 128 129 154 181 200   0  59    0    01601
2618 279   6 281   4 341   51712 264   6 358   71702      92 1301701  921800****////  59  341704  69  1696419641175896371701 112 1331701 1121800 117 1381701 1171800 131 140 129 129 133 157 184 203   0  15    0    01701
2619 238   4 258   4 312   61805 229   3 338   71828      67  921801  671900****////  74  601801  73  2496479647190096411801  99 1121801  991900 100 1171801 1001900 118 133 130 127 135 159 186 204   0   0    0    01801
2620   0   0   0   0 352   61920   0   0 358   81918      56  671913  561959****////  79  741923  72  2396529652195796471901  92  991901  922000  90 1001901  902000 107 126 130 125 136 159 186 205   1   0    0    01901
2621  96   6  91   4  91   42059  84   6 109   82056      53  592015  532100****////  82  792001  73  2596569656210096522002  86  922001  862100  82  902001  822100  99 119 129 121 137 159 186 205   0   0    0    02001
2622   0   0  66   1 358   62103   0   0 347   62101      50  532151  502200****////  83  822101  72  2496569657211096552120  82  862101  822200  76  822101  762200  92 113 128 118 137 159 186 205   0   0    0    02101
2623   0   0   0   0 313   92244   0   0 206  152240      48  512209  452242****////  84  832201  72  2396579657221296552203  78  822201  782300  70  762201  702300  86 108 126 114 138 159 186 205   0   0    0    02201
2700 179   5 180   5 333   62328 168   1 220   82356      43  482309  422358****////  85  842301  71  2096579658231896562302  75  782301  752358  66  702301  662358  81 104 124 111 138 159 187 205   0   0    0    02301
2701 179   9 175  10 311  140027 187  13 244  220023      72  720100  440001****////  73  730100  74  2796529657000196510053  85  850100  750001  78  780100  660001  81 100 122 108 136 158 185 204   1   0    0    00001
2702 183  20 183  18 183  180159 191  21 191  240157      77  770112  730101****////  69  690155  72  2496469651010196450155  85  860122  850103  80  800152  780101  82  99 120 106 136 158 185 204   0   0    0    00101
2703 178   9 182   9 185  210204 156   9 222  290202      74  760204  740251****////  69  690201  71  2196389647020596380300  86  860231  850207  81  810255  800204  83  99 119 104 135 157 185 204   0   0    0    00201
2704 178  11 178  12 183  150335 190   9 215  190333      75  760359  740301****////  67  670355  69  1896329638030896320400  86  860310  860340  80  810309  800400  83  98 118 103 135 157 185 204   0   0    0    00301
2705 181   5 118   1 197  110401 178   4 221  130409      71  760401  710500****////  71  660430  72  2296229632040196220500  87  870500  860423  81  810455  810401  83  98 117 102 135 157 185 204   0   0    0    00401
2706 177  11 180  11 191  120552 186   9 198  150547      73  730557  710503****////  66  660546  67  1496199622050696190600  85  870515  850551  80  810507  800558  83  98 116 102 134 157 185 204   0   0    0    00501
2707 124   1 131   2 248  100601   0   0 306  130601      71  730603  700642****////  74  660601  75  2896199619070096170634  86  860630  850601  81  810656  800601  82  97 115 101 134 157 185 204   0   0    0    00601
2708  84   2  52   2  90   50720  82   3 100   80719      71  720722  690749****////  76  700721  77  3296219621075896180733  87  870800  860729  82  820800  810722  82  97 114 101 134 157 185 204   0   0    0    00701
2709   0   0  44   2 101   40823   0   0 105   70845      81  810900  710801****////  67  660859  72  2396199621080196190840  91  910900  870801  89  890900  820801  84  97 114 100 133 157 184 203   0   0    0    00801
2710  14   6  45   2 358   30904  10   4  10   80959      90  900956  810901****////  57  571000  65   996249624095996190912  97  980954  910901  99 1060954  890901  88  98 114 100 132 156 183 203   0   0    0    00901
2711 127   1 100   8 100   91058 153   1 360  111010      97  981054  891006****////  51  501059  61   196199625101496191057 108 1081057  971007 117 1171100  991001  95 100 114 101 131 155 182 202   1   0    0    01001
2712 106   3 187   7 244  141136  89   3 339  231130     110 1111152  981101****////  47  441144  62   196099619110196091200 130 1311155 1081101 145 1451200 1181101 112 106 114 103 128 153 180 199   2   2    0    01101
2713 115   6 159  13 195  161257 341   3 341  201248     116 1211246 1111220****////  43  431245  59  -595959608120195951300 146 1461300 1311201 170 1701300 1461201 126 115 115 106 127 152 179 199   1   7    0    01201
2714 251   9 219  13 219  181348 247  10 264  281340     124 1251338 1161301****////  42  421349  60  -195789595130295781359 156 1591335 1461301 185 1891354 1711301 141 125 117 111 125 150 178 197   5  60    0    01301
2715 172  16 147  16 261  191418 212  19 341  291417     122 1301424 1211455****////  35  351459  50 -2895739578140195731459 149 1601417 1471453 169 1911412 1691452 148 134 119 117 126 151 179 198   0  55    0    01401
2716 222   8 220   9 220  161501 188   5 314  231515     120 1261533 1201540****////  41  371518  57  -895759575155995711531 135 1481501 1351600 154 1691501 1541600 145 138 122 121 128 153 180 200   0   7    0    01501
2717 246   4 273   1 273  131613 198   3 268  191612     119 1211603 1191615****////  40  381651  56 -1395829582165995751601 126 1351601 1261700 140 1531601 1401700 137 138 125 124 130 154 181 201   0   0    0    01601
2718   0   0   0   0 193   31742   0   0 208   51739     109 1191701 1091800****////  54  391703  70  2095949594180095821701 116 1261701 1161800 126 1391701 1261800 129 135 127 125 131 154 182 202   0   0    0    01701
2719 325   4 330   5 335   91834 340   6 353  181838     104 1081806 1031820****////  57  531821  72  2396059605190095941803 109 1161801 1091900 116 1261801 1161900 122 132 127 124 132 155 183 202   0   0    0    01801
2720 292   8 296   8 296   91944 306   8 311  111937      87 1041901  861945****////  66  571902  74  2796119611200096041922  99 1121907  951906 102 1251905 1022000 113 127 128 123 133 156 184 203   0   0    0    01901
2721 284   5 282   5 318   82001 298   4 352  112009      75  912015  752058****////  75  632013  78  3496199619210096122001  95  992001  952055  95 1022001  952055 106 122 128 121 134 156 184 204   0   0    0    02001
2722 309   4 321   5 353   82114 305   2 355  122111      81  832138  752101****////  75  722128  81  3996299629214796192101  96  982129  952101  95  972131  952101 102 118 127 119 134 156 184 203   1   0    0    02101
2723 313   4 315   2 319   52201 322   4 322   52209      82  822259  772242****////  77  742205  84  4496299631220796262237  98  982259  942219  96  962300  932215  99 115 126 116 134 156 184 203   0   0    0    02201
2800 189  11 197   5 197   50000 172  14 172  140000      74  842317  732359****////  80  772301  82  4296299630230896282352  93  982310  930000  90  962311  900000  97 113 125 114 135 156 184 203   0   0    0    02301
2801 250   5 248   8 260  130007 272   6 306  180001      87  880033  740001****////  70  700031  79  3596299633001696290001  95  950100  920017  91  910059  880019  94 110 124 113 135 155 184 203   0   0    0    00001
2802 291   1 228   3 238  100143 348   3 348  130135      76  870101  760157****////  78  700101  81  4096259629010196240150  90  950114  890152  85  910115  840151  92 108 123 111 135 156 184 203   0   0    0    00101
2803 123   7 133   4 139   40228 107   8 107   80300      76  780240  750214****////  81  780201  84  4696209625020296200300  93  930245  900201  89  890255  850201  91 106 122 110 134 155 183 203   0   0    0    00201
2804 156   2 114   3 131   90308   0   0 155  120303      77  800310  760350****////  82  790308  86  4896149619030196130354  93  930338  930352  89  890338  890301  91 105 121 108 134 155 183 203   0   0    0    00301
2805 177  15 180  13 180  130500 173  16 173  160500      84  840459  760405****////  66  660500  73  2496119615042096110500  91  930401  910500  87  890402  870500  90 104 120 107 134 155 183 203   0   0    0    00401
2806 223   6 229   4 246  140507 206   7 274  160501      82  840501  810542****////  62  620600  67  1496109611050196090532  91  910501  900523  87  870501  870524  89 104 119 106 134 155 183 203   0   0    0    00501
2807 191   5 182   7 330  110609 201   5 294  190609      72  850609  720700****////  71  610609  72  2396179617070096090605  85  910601  850700  79  870601  790700  87 103 118 105 134 155 183 203   0   0    0    00601
2808  87   3 120   3 295   70701  80   3 360   70712      58  710701  570755****////  81  710701  75  2896239628073896180701  81  850701  810755  75  790701  750756  83 100 117 104 134 156 184 204   0   0    0    00701
2809 190   4 190  14 190  230839 121   3 200  310837      74  750838  580801****////  73  720836  75  2996249625082496210844  83  840825  810801  77  790825  750802  81  99 116 103 134 155 184 204   0   0    0    00801
2810 132   5 159   3 338  120901 110   5 338  150915      99  991000  750901****////  61  610958  74  2796349634094696240901 102 1021000  830901 109 1091000  780901  89  99 116 102 131 153 181 201   3   8    0    00901
2811 151  10 179  10 181  131034 141  12 213  201026     114 1161055  991001****////  56  551055  75  2996299635101996271041 122 1221100 1031001 137 1371100 1101001 105 104 116 103 128 150 178 198   3  53    0    01001
2812 219  12 236   9 246  131108 198  10 325  231105     129 1301150 1141101****////  42  421200  62   396249629112696231154 143 1431159 1231101 153 1531200 1381101 125 113 116 106 126 149 177 197   3  58    0    01101
2813 127   1 135   5 236  121223 229   2 229  271222     143 1431300 1291201****////  41  401259  67  1296069625120596021249 164 1641300 1421201 182 1821300 1531201 143 124 117 111 125 148 176 196   2  58    0    01201
2814   8  10 330  12 330  131318  12   9 360  201336     144 1501355 1391323****////  37  361356  61  -195889606130195881400 169 1701351 1641301 195 1951400 1821301 153 135 120 117 125 148 176 196   2  60    0    01301
2815 148   9 164  15 193  271439 134   5 238  421438     148 1551446 1451401****////  35  301451  59  -595769587140195751449 169 1701428 1661441 189 1961422 1891459 159 143 123 123 126 148 176 196   1  60    0    01401
2816 184  12 199   9 201  171526 171  12 325  291503     148 1561517 1471507****////  31  311559  52 -2295799579160095761501 155 1701503 1551600 168 1891501 1681600 159 148 126 128 125 149 177 198   0  60    0    01501
2817 174  11 164   9 228  141607 170  13 332  191601     141 1501617 1411700****////  35  311618  56 -1195809582162995781621 137 1541601 1371700 146 1681601 1461700 149 148 129 131 129 151 179 199   0  43    0    01601
2818 169   1 173   2 196   91701 164   2 211  111710     102 1411701 1021800****////  58  351702  72  2395889588180095801701 116 1371701 1161800 124 1461701 1241800 136 144 131 132 132 153 181 201   0   0    0    01701
2819 108   7 112   8 119   81853  95   6 139  111848      91 1021801  911827****////  68  591801  79  3595949594184695881804 108 1211817 1081900 112 1241801 1121900 124 137 132 131 133 154 183 203   0   0    0    01801
2820 106   5 104   6 133  191917 116   7 191  241916      96 1201923  881908****////  59  471923  70  2096069606195395951901 102 1081901 1022000 103 1121901 1032000 115 131 132 128 134 154 182 203   0   0    0    01901
2821 116   8 114   7 114   92052 111   6 140  122008      90  962001  902100****////  69  602001  79  3696139613205596062001 104 1052035 1022006 104 1052033 1032004 110 126 131 125 134 154 182 203   0   0    0    02001
2822 121   5 136   4 168   82101 110   3 202   92125      95  952159  882112****////  66  662200  78  3596169616214096132101 105 1052200 1022119 105 1052200 1022119 107 122 130 122 135 154 182 203   0   0    0    02101
2823  26   1   0   0 110   72221  38   2 128  102218      88  982220  872259****////  70  612218  79  3696169616220296142227 102 1052202 1022242 101 1052201 1012246 105 119 129 120 135 154 182 203   0   0    0    02201
2900  76   2  83   3  94   42357  88   2 113   62351      89  892312  852342****////  76  702301  87  4996149615230296132330 102 1032311 1012330 101 1012308 1002326 103 117 128 118 135 153 182 202   0   0    0    02301
2901 173   5 151   2 175   50033 178   5 253  100033      92  950043  880002****////  68  650041  79  3696099614000196090058 102 1030035 1020059 101 1010016 1010053 102 116 127 117 135 153 182 202   0   0    0    00001
2902 165   6 157   8 182  150141 108   7 208  190135      97  980138  900109****////  61  590151  73  2696039609010396030200 100 1020104 1000200  99 1010101  990200 101 114 126 115 135 153 182 202   0   0    0    00101
2903 191   8 189   7 191   90239 188   9 201  130211      91  970201  910253****////  66  600201  76  3195969603020195960257 100 1010223 1000250  98  990209  980250 100 113 125 114 135 153 182 202   0   0    0    00201
2904 174   2 179   4 191  120337 174   2 204  150331      92  940345  910302****////  64  620342  74  2895949596030195940357 100 1000301  990336  98  980302  980347  99 112 124 113 135 153 182 202   0   0    0    00301
2905   0   0   0   0 179   30401   0   0 158   30403      87  920404  870446****////  71  640401  80  3795889595040795880500 100 1000410 1000423  97  980410  970456  98 111 123 112 135 153 182 202   0   0    0    00401
2906  99   7  88   6  88   60559  96   6  97   80558      87  880505  860513****////  74  710501  83  4395849588050195830552  99 1000506  990558  97  980503  970600  97 110 122 111 135 153 182 202   0   0    0    00501
2907  86   4  95   4 135   70603  91   5 109   90647      86  880651  850610****////  76  730620  85  4695879588063695840601  99  990637  990621  96  970601  960658  97 109 122 111 134 153 182 202   0   0    0    00601
2908  72   7  83   6  84   60758  67   6  91   80755      88  880758  850701****////  74  730730  84  4495899590072095870701  99  990701  990736  96  960701  960738  96 109 121 110 134 153 181 202   0   0    0    00701
2909  24  11  25   9  59  100828  26  18 356  180842      92  930842  880801****////  65  640827  76  3095979597090095890801  98  990808  970829  96  960810  960831  96 108 121 109 134 153 181 202   0   0    0    00801
2910  87   9  77   7  77  100901  79   7 356  140901      96  960945  920901****////  64  630956  76  3196039603100095970906 101 1050952  930953 101 1070952  960902  96 108 120 109 133 153 181 202   0   0    0    00901
2911  79   9  82   9  87  141046  77  10 117  211041      99  991054  961001****////  62  611049  76  3096039605102496021042 104 1041100 1001001 106 1061100 1001002  98 108 120 109 133 152 181 201   0   0    0    01001
2912  22  10  35   9  95  111115  20   7 337  141115     103 1031151  991101****////  63  611130  79  3695999603110195981152 108 1081159 1041101 113 1131200 1061101 102 109 119 109 132 152 180 201   1   0    0    01101
2913  30  21  23  19  23  191258  36  13 353  291250      96 1031201  961253****////  65  621210  78  3495929598120195921300 103 1081201 1031253 108 1121201 1081253 103 111 119 109 132 152 180 202   0   0    0    01201
2914  64  22  53  17  54  201304  97  29 326  401331      93  961301  931400****////  63  631400  74  2695889592130195871339 104 1051343 1021324 111 1121357 1081323 104 111 119 110 132 152 180 202   1   0    0    01301
2915  31  24  36  24  36  241500  44  23 128  441417      88  931403  881459****////  68  641401  77  3295859588140195831453  99 1041408  991500 106 1111407 1061459 104 113 119 108 132 153 181 202   1   0    0    01401
2916  53  11  33  10  58  251501  19   3 360  441502      91  911544  881506****////  67  661541  77  3395859586155695831533 100 1011506  921502 105 1161504 1021502 102 112 119 110 132 153 181 202   0   0    0    01501
2917  33  12  22  17  25  171654  23  12 320  271651      92  931629  911615****////  67  661611  78  3495949594165795851601  99 1101647  891648 102 1161650  951643 102 110 119 110 132 153 181 202   0   0    0    01601
2918 351   7   1  10 359  161701 346  11 355  201751      92  931731  911703****////  68  661742  79  3696009600174795941701  97  991718  971755  99 1031716  991800  99 110 119 110 132 153 181 202   0   0    0    01701
2919 312   7 326   6 360  111810 310   7 350  151806      89  921801  891859****////  72  681801  82  4196099609190096001801  97  971805  971814  98  991802  981844  98 109 119 109 132 153 181 202   0   0    0    01801
2920 331  13 323  11 334  131934 332  13 357  211947      89  901914  891901****////  73  701919  83  4396189618195896091901  96  971902  962000  96  981901  961956  96 108 119 109 132 153 181 202   0   0    0    01901
2921 310   8 309   8 342  142015 338   3 353  182004      86  892011  862053****////  74  732001  83  4296209620201796172001  94  962001  942100  92  962003  922100  95 107 119 108 132 153 181 202   0   0    0    02001
2922 308   8 294   6 341  122116 300   6 358  162113      84  872115  842200****////  76  742101  84  4496229626211496202101  92  952133  922200  90  932122  902158  93 106 118 107 132 153 181 202   0   0    0    02101
2923 284   8 266   8 266   82257 282   8 310  112256      79  842201  792233****////  78  762201  83  4396239625223496222201  88  922201  882300  84  902201  842259  90 105 118 106 132 153 181 203   0   0    0    02201
3000 189   4 229   4 306   82330 179   6 320  112335      76  792355  762333****////  78  772356  81  4096199623230196192354  86  892344  860000  81  842343  810000  88 103 117 106 132 153 181 203   0   0    0    02301
3001   0   0   0   0 264   40001   0   0 278   70010      59  760001  590057****////  85  780001  79  3696179620000596170057  78  860001  780100  72  800001  720100  83 101 116 104 133 154 182 204   0   0    0    00001
3002   0   0   0   0  48   20116   0   0 144   60115      51  600107  500158****////  86  850101  76  3096129618010296120200  74  780101  740200  66  720101  660200  78  98 116 103 133 154 183 204   0   0    0    00101
3003   0   0   0   0 354   20219   0   0 349   50217      47  540220  470258****////  87  860201  74  2796089613021796080259  71  740201  710300  62  660201  620300  74  95 114 101 133 154 183 204   0   0    0    00201
3004   0   0   0   0 205   30318   0   0 200   50309      51  510400  450305****////  87  860304  76  3196079609035696060309  74  740400  690337  65  650400  600335  71  92 113  99 133 154 183 204   1   0    0    00301
3005   0   0   0   0  57   40439   0   0  74   70439      61  610440  520401****////  87  870401  82  4196029609040796020457  80  800500  740401  72  720500  660401  73  90 112  97 131 153 182 203   1   0    0    00401
3006 343   1   0   0 203   50536 332   3 344   80535      66  660538  620501****////  87  870501  85  4696009602050195980535  82  820559  800501  75  750600  720501  75  90 111  96 131 153 181 203   0   0    0    00501
3007 334   4 328   4 328   50654 322   4 339   60647      71  710654  660601****////  86  860635  87  4995999600060195970636  84  840658  820601  77  770658  750601  77  91 110  95 130 153 181 203   0   0    0    00601
3008 323   2 325   2 330   60743 322   3 333   90744      74  740757  710701****////  85  850755  87  5096039604075495990703  85  850758  840703  79  790759  770701  78  91 110  95 130 153 181 202   0   0    0    00701
3009   0   0   0   0 320   30802   0   0 336   40808      77  770900  740801****////  84  840809  88  5296069607085796020805  87  870900  850801  82  820900  790801  80  92 109  95 129 152 180 202   0   0    0    00801
3010  68   6  80   6 105   60942  69   5 116   70935      82  820957  770902****////  79  791000  86  4896079607100096050910  90  901000  870901  86  861000  820901  82  93 109  95 128 152 180 202   0   0    0    00901
3011   0   0   0   0 359   51001   0   0 353   51035      87  881051  831001****////  77  761044  87  4996099609101196071001  94  941100  901001  91  911059  861001  85  94 109  96 128 152 180 202   0   0    0    01001
3012   0   0   0   0 198   31117   0   0 240   41109      90  901200  861113****////  76  741149  87  5096029609111496021200  96  961156  941101  95  951200  911101  87  96 109  96 127 151 180 201   0   0    0    01101
3013   0   0 153   1 186   31242   0   0 206   41238      90  911206  891234****////  75  731224  86  4895869601120195861259  97 1051211  931212  97 1051211  831210  90  98 109  97 127 151 180 201   0   0    0    01201
3014 260   3 247   1 247   21332 252   2 281   41358      92  921349  901301****////  74  731322  86  4895749586130195741359  99  991322  971302  99 1001355  971301  92  99 109  98 127 151 179 201   0   0    0    01301
3015 326   6 317   6 319   71456 337   8 337   91449      89  911413  891456****////  77  721416  88  5195719574140295701456  98  991401  981451  99  991458  991447  93 100 110  99 126 151 179 201   0   0    0    01401
3016 331   8 338   8 352   81538 331   4 355  141557      89  891600  881510****////  78  771501  89  5395699571152595691538  97 1091531  921528  98 1021524  881525  93 101 110 100 126 151 180 201   0   0    0    01501
3017 346   9 351   8 351  121617 345  10 355  151626      92  921645  901603****////  75  751700  87  5095719571165795671632  97  971652  961621  99  991634  981659  94 102 110 101 126 151 179 201   0   0    0    01601
3018  23   8  14   7  18  111715   2   9 360  151708      92  931719  921749****////  73  721723  85  4695769577175795701704  93  971701  931757  94  991709  941800  93 103 111 101 126 151 179 201   0   0    0    01701
3019  25   4  20   6  36   91821  10   9 354  211844      92  931823  911805****////  72  721817  84  4495859585190095761801  93  941801  931850  92  941801  921852  92 102 111 101 126 151 180 201   0   0    0    01801
3020  29   4  27   2  65   61901  35   2 353  111918      87  921931  861957****////  76  711925  85  4795919591195795851901  92  931915  922000  91  921901  912000  90 101 111 101 126 151 180 202   0   0    0    01901
