58265 2012   051213603204   55   65  105    0   24 6670    1    1    0    1    1    1    1    1    0    1    1    1    1    1    1    1    1    1    1    1    1    1------------------------------------------------V3.00
3021  49  17  43  16  55  212004  39  18 323  402018     250 2602001 2502059****////  57  512001 181 15994579457205994482003 236 2482002 2352057 235 2442001 2352059 243 251 235 239 210 188 162 156   0   0    0    02001
3022  87  22  83  19  83  192117  98  25 360  302103     250 2502137 2482112****////  57  572200 181 15994649465215994572101 233 2382131 2232153 231 2352106 2312158 237 246 234 236 211 188 163 156   0   0    0    02101
3023  38  23  44  32  53  402219  48  12 348  732211     182 2532206 1822258****////  82  542207 171 15194789478230094652203 174 2362205 1742259 206 2312201 2002240 220 234 232 229 214 191 165 158   0   0    0    02201
0100   6  16 349  21 357  372332  30  21 360  442324     173 1842303 1730000****////  84  822332 166 14694969496235994802301 167 1792305 1662351 199 2072305 1990000 211 230 230 227 215 191 165 159   0   0    0    02301
0101  42  20  60  20  67  310033  70  15 350  520041     164 1720001 1640100****////  84  830004 157 13794909498001094880047 159 1670001 1590056 188 1980001 1880059 202 223 227 222 215 192 166 159   0   0    0    00001
0102 357  18 359  16 359  210106 342  21 360  370119     163 1640101 1620120****////  87  840101 161 14194959498015194860116 160 1610157 1570115 186 1880102 1850116 196 216 225 217 215 197 165 163   0   0    0    00101
0103  24  15  25  17 360  220208  22  12 360  350203     163 1630259 1610230****////  89  870201 165 14594969501023394940203 161 1610257 1590230 183 1860201 1820233 188 208 221 211 214 192 166 159   0   0    0    00201
0104 306   6 284   9 297  210319 335   8 342  290318     164 1650349 1630307****////  89  890301 166 14695049504035994910319 162 1630348 1610324 182 1830302 1810327 186 204 218 207 213 192 166 159   0   0    0    00301
0105 271   4 279   5 350  100444 275   5 354  150441     166 1680430 1630402****////  90  890401 170 15095089508050095040421 164 1650428 1620410 183 1840436 1820401 186 202 215 204 213 192 166 159   0   0    0    00401
0106 315   5 339   8 360   90534 309   4 360  120529     167 1670512 1660532****////  90  900501 171 15195149514060095080501 164 1650522 1630538 182 1830514 1820540 186 201 213 201 212 192 166 159   0   0    0    00501
0107 323   9 326   9 330   90656 317  12 360  130602     169 1690657 1670601****////  89  890609 171 15195199519065495130601 166 1660700 1630622 183 1830700 1820617 186 200 210 200 210 192 166 159   0   0    0    00601
0108 273  11 273  11 275  110757 297  19 297  190800     173 1740747 1690701****////  88  880755 174 15395299529075995190701 179 1830747 1660702 191 1910751 1830701 187 199 209 198 209 192 166 159   0   0    0    00701
0109 254  14 254  14 262  140849 212   8 312  210849     178 1780856 1730801****////  84  840851 171 15195349535085995290807 199 1990900 1790802 203 2030900 1910801 191 199 207 197 208 191 165 158   1   0    0    00801
0110 228  13 259  10 286  170919 242  17 242  220958     186 1870958 1780901****////  80  790959 171 15195389538100095340902 215 2150948 1990901 215 2151000 2030901 197 200 206 197 206 191 165 158   2   0    0    00901
0111 241  11 248  14 250  201043 243   9 284  281042     192 1921100 1861008****////  79  781021 176 15595409540105795381012 219 2221026 2111005 222 2221048 2151003 203 203 205 197 205 191 165 158   0   0    0    01001
0112 244  24 255  22 255  221200 234  27 257  341157     201 2011154 1921113****////  73  711157 172 15195359540110295351200 235 2391155 2201101 234 2341200 2221101 209 206 205 198 204 190 164 157   1   0    0    01101
0113 261  10 238  16 238  241229 283   5 283  361226     212 2141245 2011201****////  66  651258 166 14695289534120495281259 257 2641245 2361201 250 2501300 2341201 217 210 205 200 202 189 163 156   3   0    0    01201
0114 231  12 227  14 244  201330 251  16 298  281303     227 2281348 2131301****////  57  551353 157 13895239528130195231356 321 3211400 2521305 288 2881400 2501301 229 214 206 202 201 188 162 155   3   0    0    01301
0115 197   9 233  15 258  241416 101   2 351  371442     234 2341500 2271408****////  52  521500 150 13095209524140395201449 305 3231401 2881440 289 2941425 2861445 242 222 207 205 200 188 162 154   2   0    0    01401
0116 234  15 230  11 288  201519 267  14 316  371526     245 2471559 2351501****////  46  461600 141 12195129520150295121559 338 3501558 2911520 294 2991538 2881553 249 229 209 209 200 188 162 155   3  41    0    01501
0117 326   7 308   9 308  141608 311   6 347  261649     254 2561640 2401604****////  37  351655 120  9795099512160295091653 323 3491640 3041626 273 2911601 2731700 252 234 211 213 200 188 162 154   3  54    0    01601
0118 316   8 338   8 360   91706 316   7 359  191715     243 2551703 2411734****////  43  341701 131 10995119511175895091730 265 3331703 2561734 251 2731703 2511800 244 236 213 216 202 189 163 155   0   7    0    01701
0119   8  10   4   9 358  101841   4  10 359  151835     228 2441801 2281859****////  52  431810 144 12495139515184295111801 217 2641801 2171900 233 2511801 2331900 235 234 215 218 203 190 164 156   0   0    0    01801
0120 338   5 333   6 359  101904 340   6 358  141935     203 2281901 2032000****////  64  521901 152 13395269526200095131903 181 2161901 1801957 212 2321901 2121959 223 230 216 217 205 192 166 158   0   0    0    01901
0121 354   8 346  10 349  132035 336   7 355  172052     214 2142056 2032010****////  61  602033 155 13695339533205895262001 194 1962035 1812001 210 2132018 2102100 216 225 217 216 206 191 166 158   0   0    0    02001
0122   0   0 280   1 360  102101   0   0 359  132107     202 2142101 2012152****////  71  622102 168 14895419541215895332101 187 1942105 1872130 206 2102101 2062159 211 221 216 214 206 192 166 158   0   0    0    02101
0123 116   4   0   0 190   22224 104   3 248   52219     198 2022201 1972238****////  76  702208 175 15595429543224795412202 188 1892227 1872256 205 2062201 2052259 208 218 215 211 206 192 166 158   0   0    0    02201
0200   0   0  40   2 115   72343   0   0 128  122342     198 1992353 1962331****////  77  752301 178 15795409544232095400000 186 1882304 1862313 202 2052301 2020000 205 215 214 209 207 192 166 158   0   0    0    02301
0201 330   1   0   0 360   40018 338   1 359   50011     194 1980001 1940100****////  80  770001 180 15995389541000495380055 184 1860001 1840059 200 2020001 2000057 203 213 213 208 207 192 166 158   0   0    0    00001
0202   0   0   0   0 322   50128   0   0 341   80123     191 1950132 1910200****////  82  780111 181 16095299538010195290154 182 1840102 1820151 198 2000101 1980200 201 211 212 206 207 192 166 158   0   0    0    00101
0203 115   4   0   0   0   00201  98   6  98   60300     190 1910201 1890239****////  83  820201 182 16095249529020295240300 181 1820202 1810230 196 1980201 1960258 199 209 211 205 206 192 166 158   0   0    0    00201
0204 112  12 110  10 110  100359 114  14 114  170359     193 1930400 1890305****////  76  760400 170 15095179524031595170400 182 1820329 1800354 195 1960301 1950400 197 207 210 203 206 192 166 159   0   0    0    00301
0205   0   0   0   0 139  110401   0   0 219  150402     188 2030407 1880500****////  79  690406 171 15195179520044195170403 176 1830404 1760500 192 1940401 1920459 195 205 209 202 206 192 166 159   0   0    0    00401
0206   0   0   0   0   0   00501   0   0   0   00501     187 1880501 1860518****////  82  790501 177 15695209521053595170505 175 1760508 1750529 190 1920501 1900600 193 204 208 200 206 192 167 159   0   0    0    00501
0207  44   1  22   2 358   60617   0   0 360   80612     186 1870601 1850634****////  84  820601 180 15895239524063195200601 182 1820700 1740606 191 1910700 1900625 192 202 207 199 205 192 167 159   0   0    0    00601
0208   0   0   0   0 357   60716   0   0 359   70735     206 2060800 1860701****////  76  760757 184 16295299529080095240706 222 2220800 1830701 207 2070800 1910701 195 202 206 198 204 191 166 158   2   0    0    00701
0209  35   7  26   5  26   50900  29   6  79  110856     221 2240853 2070801****////  61  600856 162 14295339533085895280809 246 2470850 2220802 229 2290900 2080801 203 203 205 198 202 190 164 156   1   0    0    00801
0210 106  10  98   7 125   80953 159  17 159  171000     233 2330959 2200903****////  56  561000 160 14095329534091495320917 287 2871000 2460901 261 2611000 2290901 216 207 205 198 201 189 163 155   2   3    0    00901
0211 166   9 153  10 354  111011 198  11 198  211051     245 2451100 2321001****////  55  491030 169 14995319532101295301046 312 3201055 2851007 288 2881056 2621001 234 215 205 201 199 187 162 154   4  16    0    01001
0212 338  12   2  12  10  121158 341  11 352  171125     237 2491122 2371200****////  49  481136 144 12495239530110195231159 256 3191120 2561200 267 2961121 2671200 243 223 206 204 199 188 163 154   0  18    0    01101
0213  19   6  23   7 357  121201 355   4 355  161237     231 2361201 2301231****////  54  501202 153 13395139522120195131258 229 2551201 2261246 239 2661201 2391300 233 226 208 208 201 190 165 156   0   0    0    01201
0214  70   9  73  13  76  171352 118   8 118  231347     230 2311338 2281309****////  56  531311 157 13895059513130195051400 233 2331400 2271317 235 2391301 2351355 227 225 210 210 201 190 165 157   0   0    0    01301
0215  85  19  88  23  88  231500  62  15 101  411457     246 2461500 2301401****////  49  491500 152 13294969505140194961457 336 3361500 2341401 297 2971500 2361401 234 224 211 211 200 188 163 155   5   2    0    01401
0216 113  26 106  26 106  261558  85  19 128  401557  13 242 2511525 2411554****////  53  461526 160 14094889496150194871553 307 3451503 2751546 290 3041517 2791547 247 230 211 212 200 188 163 155  15   6    0    01501
0217 117  26 113  26 125  281606 124  18 149  401606 319 234 2441602 2341658****////  53  501604 152 13394839488160294831653 254 3011601 2541700 266 2891601 2661700 246 234 213 215 201 189 164 155 318   0    0    01601
0218 123  15 109  16 120  301704  98  13 151  421702     235 2361750 2331703****////  51  491727 148 12894839483173094821745 238 2541701 2381759 249 2661701 2491800 238 234 214 217 202 190 165 156   0   0    0    01701
0219  92  14  88  13 109  161801  80  19 152  211805     231 2351801 2311900****////  55  511803 155 13694869486185894831801 217 2381801 2171900 230 2481801 2301900 230 231 215 217 203 190 165 157   0   0    0    01801
0220 100   6  99   7  99  161937  88   7 138  251901     225 2311901 2252000****////  58  541903 158 13894969496200094861902 208 2161901 2082000 221 2301901 2212000 222 228 216 216 204 190 166 157   0   0    0    01901
0221  64   4  88   4  93  102030  52   3 113  132039     218 2262027 2182059****////  65  582002 170 14995019501205894962001 200 2072001 2002100 217 2222017 2172100 217 224 216 215 204 191 166 158   0   0    0    02001
0222   0   0   0   0  87   72116   0   0 112   92110     210 2182101 2102200****////  69  652101 172 15195059505215495002107 197 2012119 1972200 213 2172101 2132200 213 221 215 213 205 191 166 158   0   0    0    02101
0223  36   2  54   2 360   42215  53   2 360   72213     208 2112201 2072239****////  72  702201 177 15695079508223895052201 196 1982206 1962256 211 2132201 2112300 211 218 214 211 205 191 167 158   0   0    0    02201
0300  11  11   6  12   6  122355  12  17 355  212348     214 2142358 2052328****////  68  682354 173 15395069507230495062313 199 2022355 1962314 209 2112304 2082326 208 216 214 210 205 191 167 158   0   0    0    02301
0301 266   9 247  13 351  170013 274  14 358  270007     199 2140006 1990100****////  79  670005 183 16295059507003195050100 185 2000008 1850100 204 2090001 2040100 206 214 213 208 205 191 167 158   0   0    0    00001
0302 302   8 315   9 321  130101 298   6 359  260108     191 1980101 1910152****////  81  790101 179 15895009504010294990155 180 1850102 1800157 201 2040101 2010157 203 212 212 207 206 192 167 159   0   0    0    00101
0303   0   0 337   4 358   90201   0   0 349  140212   4 187 1920204 1860255****////  85  810201 183 16194959500020194950253 182 1820300 1800230 199 2010213 1990258 201 210 211 205 206 192 168 159   0   0    0    00201
0304   0   0  50   3  67   90326   0   0 140  160331   3 187 1890325 1870301****////  85  840322 183 16194939495030194910350 182 1840305 1810354 198 2000307 1980357 199 209 210 204 205 192 168 159   2   0    0    00301
0305  45   6  50   5 358   60411  58   4 357  120407   1 187 1880403 1860459****////  86  850401 185 16394899493040394890500 181 1840450 1810428 197 1980406 1970500 198 207 209 202 205 192 168 159   0   0    0    00401
0306  76  11  80  11  80  120516  93  10 356  190512   1 185 1870507 1850548****////  86  850540 183 16194909490054394890502 179 1820512 1790600 196 1980529 1960600 197 206 208 201 205 192 168 159   0   0    0    00501
0307   0   0  38   5  41  140645   0   0  74  240643   1 184 1850601 1830633****////  85  850607 180 15894959495070094900601 179 1790603 1770645 195 1960601 1950651 195 205 207 200 205 192 168 159   2   0    0    00601
0308 353   5  14   7 360  130722 359   2 359  200730     187 1870759 1840701****////  83  820749 179 15895009500075594950701 189 1890800 1790701 200 2000800 1950701 195 203 206 199 204 192 168 159   0   0    0    00701
0309   0   0 335   1 359   90826 262   2 360  130817  19 183 1880805 1820842****////  86  830801 181 15995089509085895010801 182 1910803 1790846 195 2000802 1950900 195 203 205 198 204 192 168 159   0   0    0    00801
0310  72   9  55   9  55  100941  64   5 356  170945  44 182 1830901 1800939****////  88  870901 184 16295119511095895080904 194 1941000 1800914 207 2071000 1950918 195 202 205 197 204 192 168 159   4   0    0    00901
0311  76  10  51   8  86  111017  96   9 356  141008   2 184 1861056 1811018****////  87  871007 184 16295149515105895111001 191 1941001 1861032 208 2081059 2051032 198 202 204 197 203 192 168 159   2   0    0    01001
0312  15  19   7  16   7  161159   2  13  44  241156   1 192 1921200 1841101****////  85  851158 189 16695099515110595091200 234 2341200 1891102 233 2331200 2081104 204 204 203 197 202 191 167 158   3   0    0    01101
0313  76  16  54  18  54  241250  56  15  83  271257     213 2171253 1931201****////  72  701258 182 16195049509120795041253 293 3541243 2371201 289 3111244 2331201 227 208 203 198 199 189 165 156   7   6    0    01201
0314  35  14  56  16  96  211329 164  12 164  271357     227 2311349 2141301****////  66  631350 182 16094969504130194961355 316 3581346 2531329 304 3121349 2661329 240 218 204 201 198 188 164 155   2   5    0    01301
0315  84  23  64  19  78  221419  85  21 360  361424     232 2371430 2291401****////  62  601425 176 15594889496140294881500 281 3681418 2811500 291 3341427 2911500 253 227 205 206 198 188 164 155   2  12    0    01401
0316  81  27  92  22  95  221559  75  25  93  371558     236 2361559 2291503****////  60  591559 175 15494839488150294831559 312 3121600 2611529 288 2901501 2771535 250 233 208 211 199 189 165 156   0   1    0    01501
0317  81  23  78  21  96  231614  78  15 179  361610     240 2461623 2371601****////  57  561657 170 15094839483162294821615 296 3411620 2871631 289 3031617 2891639 256 237 210 214 198 188 164 155   4  12    0    01601
0318  90  12  73  13 101  241704  53   6 123  331702     235 2401701 2351752****////  61  571704 177 15694859485175994831703 243 2971702 2431757 258 2891701 2581800 250 239 213 217 200 189 165 156   0   0    0    01701
0319  26  27  25  26  26  261857  32  17 351  441851     229 2361801 2291859****////  62  591806 173 15294909490185394861801 227 2431802 2261857 239 2581801 2391900 238 237 215 219 201 190 166 157   0   0    0    01801
0320  64   7  65  11  65  241901  20  15 360  311902     222 2291901 2222000****////  65  611903 174 15394989498200094901904 202 2271902 2022000 221 2391901 2211959 228 233 216 219 203 191 167 158   1   0    0    01901
0321  14  20  10  14  40  142024  28  14 357  262022     214 2212001 2142051****////  69  652001 176 15595119511210094982001 198 2022001 1922038 212 2212001 2122100 218 227 216 217 204 191 168 158   0   0    0    02001
0322  52   9  34   9  37  182116  41  15 360  332109     216 2162112 2142101****////  68  672113 175 15495219521215895112101 201 2012200 1952131 209 2122101 2082138 212 223 216 214 204 191 168 158   2   0    0    02101
0323  64  10  69  10  82  142227 107  12 356  242233     214 2162201 2142252****////  68  672211 173 15395259526224895212201 199 2032213 1982242 207 2092206 2072300 209 219 215 212 204 191 168 158   1   0    0    02201
0400  24  10  37  11  41  152342  35  14 357  282333     211 2142301 2102349****////  70  682301 175 15495259527231995252354 196 1992301 1952333 204 2072301 2032347 205 216 214 210 205 191 168 158   2   0    0    02301
0401  53  14  56  16  68  160048  50  22 342  260055     208 2110013 2080057****////  68  670047 167 14795239526003795230100 197 1980026 1960001 201 2040002 2010100 203 213 213 208 205 191 168 158   0   0    0    00001
0402  25   8  59  11  72  210148  27   4 127  340122     204 2080101 2040155****////  67  660128 161 14195219523010395170147 193 1970101 1900152 198 2010108 1960148 200 211 211 206 205 191 168 159   1   0    0    00101
0403  52  14  44  15  44  160229  41  15 309  270220     202 2040201 2020252****////  67  670201 159 13995219523022295210202 192 1940230 1910252 197 1990217 1970300 198 209 210 204 205 191 168 158   0   0    0    00201
0404  58  14  63  11  77  150301 107   8 351  240308     197 2020302 1970358****////  70  670301 161 14195219522032995200309 178 1920301 1780400 194 1970301 1940400 196 207 209 202 205 191 169 159   0   0    0    00301
0405  18   7   9   5  73  110401   8   9 360  150417  18 181 1970401 1800458****////  85  700401 176 15595249525045295220401 176 1770401 1750428 193 1950413 1920458 194 205 208 201 205 192 169 159   0   0    0    00401
0406  27   5  48   7 359  110517  15   2 357  230512  22 178 1800501 1780533****////  87  850501 177 15695319531055795230501 175 1760553 1730526 191 1930502 1900523 191 203 207 199 205 192 169 159  20   0    0    00501
0407  95   9  90  10  92  130649  96  10 108  190639  17 179 1790605 1780601****////  88  870601 180 15995349534065995300612 176 1770655 1740628 191 1910603 1900628 190 201 206 198 204 192 169 159  22   0    0    00601
0408 359   5 353   7 359  100701   4   2 360  140704   1 182 1820749 1790701****////  88  880701 184 16295439543075795340704 182 1820800 1760701 194 1940800 1910701 190 200 204 197 204 192 169 159   2   0    0    00701
0409  16   8 356  10 356  100852  34   7 360  170809   8 183 1830837 1820811****////  87  870826 183 16195489548085295430802 184 1840842 1810821 197 1970900 1950801 191 200 203 196 203 192 169 159   6   0    0    00801
0410 340  12 344  14 347  140957 332   8 360  200950   2 185 1860957 1830913****////  86  860949 183 16195539553100095480901 195 1950956 1830927 203 2031000 1970901 193 200 203 195 202 192 169 159   4   0    0    00901
0411  14  14  37  14  48  141058 358  17 358  221057   4 196 1961100 1851001****////  81  811058 185 16395519555103895511100 241 2411100 1921004 239 2391100 2041001 202 201 202 195 200 190 168 158   2   0    0    01001
0412  91  23  92  17  98  191110  84  23  84  341159     220 2201200 1951103****////  67  671200 177 15695519553113895501152 328 3461143 2401105 302 3021200 2391101 222 206 202 196 198 188 166 156   4   9    0    01101
0413 102  17  87  18  97  181201  88  17 137  311220     229 2321215 2191201****////  63  611228 176 15595459551120195441259 296 3641214 2931259 296 3301213 2961251 246 219 202 200 197 188 165 155   4  15    0    01201
0414 112  23 123  14 135  201303  97  24 357  301330     239 2431344 2261306****////  56  551359 166 14695389545130195371359 331 3691344 2851308 320 3301357 2891316 255 227 204 205 196 187 164 154   2   0    0    01301
0415 103  22 104  19 120  251407 114  29 303  381436     244 2501433 2371404****////  54  521428 165 14595339538140495331457 306 3651415 3061500 313 3351414 3131500 266 236 207 211 196 187 164 154   1   5    0    01401
0416  60  20  16  14  36  241549 117  24 360  351505     252 2571533 2431506****////  51  491540 163 14495279533150195271552 327 3601531 2971503 300 3181512 2971555 265 242 210 216 197 188 165 155   3  38    0    01501
0417  26  15   9  10  70  191647  10  26 355  301638     251 2611638 2501648****////  50  471619 159 14095249527160295241658 286 3621614 2841647 281 3091613 2811700 266 246 213 220 198 188 165 155   4  30    0    01601
0418  11  14  24   8  47  161741  10  14 360  231701     251 2611718 2501702****////  52  451715 166 14695249526171795231757 269 3301717 2691800 274 2861721 2741800 260 247 216 223 199 188 166 156   0  13    0    01701
0419 349  17 358  12 359  161807 353  17 358  231802     242 2501801 2421900****////  54  511801 163 14395279527190095231809 239 2661801 2391900 253 2741801 2531859 250 246 219 224 201 189 167 157   0   0    0    01801
0420 172  15 179  16 200  201946 177  18 219  271946     232 2421901 2321955****////  67  541901 190 16795339533194895271904 221 2391901 2201956 237 2521901 2372000 239 241 220 224 203 190 168 157   0   0    0    01901
0421   8   9 354  11 354  172001  10   7 357  192050     228 2332005 2282038****////  61  602052 169 14995389538202895332003 214 2212001 2132046 229 2372001 2292100 230 236 220 223 204 190 168 158   2   0    0    02001
0422   0   0   0   0 315  112103   0   0 223  132120     214 2282101 2142200****////  78  612105 199 17495469546220095382107 201 2142101 2012141 222 2292101 2222200 224 232 220 221 205 191 169 158   0   0    0    02101
0423  84   3  71   3 129   42215  96   3 164   72211     212 2142201 2082222****////  82  782201 206 18095489549223395462205 204 2042254 1982210 220 2222201 2202211 220 228 219 219 205 191 169 158   0   0    0    02201
0500 339   4 355   3 359   92328 356   4 356  142320     210 2162329 2102313****////  80  772330 199 17495519552235895472301 202 2052332 2020000 218 2202303 2180000 216 225 218 216 206 191 169 158   0   0    0    02301
0501 212   8 198  10 198  190043 213   4 214  320036     212 2130039 2070028****////  80  790039 201 17695529552003595510003 202 2030045 2000030 214 2170001 2140054 213 222 217 214 206 191 169 159   2   0    0    00001
0502   8   1  35   2 302  100101   0   0 359  110114     207 2120103 2070200****////  83  790102 203 17795469552010195450153 199 2020116 1990155 213 2140104 2130200 211 220 216 213 206 191 169 159   0   0    0    00101
0503 328   5 326   5 326   50300 284   4 353   70221     203 2070206 2030300****////  82  820300 195 17195449546021295420250 198 1990201 1980259 211 2130201 2110300 209 217 215 211 206 191 169 159   0   0    0    00201
0504 165   3 180   4 346   60304 161   2 358  110309     201 2070311 2010400****////  81  760313 190 16795419545031095410350 192 1980301 1920400 208 2110301 2080359 207 216 214 210 206 191 169 159   0   0    0    00301
0505 202   2 192   4 323   40401 200   2 330   70419     199 2020440 1980459****////  83  800409 193 16995399541040595390447 191 1930417 1900455 206 2080401 2060457 205 214 213 208 206 191 169 159   1   0    0    00401
0506 277   7 259   6 267  100521 274   9 288  130513     203 2050542 1980501****////  79  770529 188 16595439543060095390501 193 1930559 1910503 205 2060503 2050600 204 213 212 207 206 191 169 159   0   0    0    00501
0507 288   4 265   4 282   80609 262   5 292  120608     203 2030601 2020638****////  79  780620 188 16595479547065995420617 195 1950659 1930607 205 2050601 2050625 203 211 211 206 206 191 169 159   0   0    0    00601
0508   0   0   0   0 356   70739   0   0 359   80701     203 2030701 2010741****////  83  790701 198 17395529552080095470702 199 1990800 1930731 207 2070800 2050703 202 210 210 205 205 191 169 159   0   0    0    00701
0509 180  13 188  15 193  180850 193  11 211  220845     206 2070828 2030804****////  76  760851 184 16295569557085595510805 206 2070840 1990801 211 2110900 2070801 203 210 210 204 205 191 169 158   0   0    0    00801
0510 205   2 184   5 189  140901   0   0 226  150911     210 2101000 2060930****////  76  750913 189 16695599560092695570901 218 2181000 2050925 215 2151000 2110930 204 210 209 203 205 191 169 158   1   0    0    00901
0511 210  12 210  14 210  161054 189  12 244  251053     211 2131012 2101001****////  72  701021 180 15995599561103095581053 230 2301100 2151027 223 2231100 2151001 206 210 209 203 204 191 169 158   0   0    0    01001
0512 225   8 224  10 269  131101 237  12 315  161106     214 2141136 2121101****////  71  711128 181 15995589560111495581159 237 2371200 2231115 229 2291200 2221112 210 211 208 203 201 188 168 157   0   0    0    01101
0513 199  10 184  15 184  151219 194   6 215  201217   1 209 2161205 2091300****////  74  711252 183 16195539558120195531300 212 2471206 2101259 226 2321207 2241244 211 213 208 203 204 191 169 158   0   0    0    01201
0514 275   4 273   4 273  141318 268   4 308  171306   1 208 2091306 2061337****////  80  741301 196 17295479553130495471355 206 2171310 2061400 224 2311314 2241357 213 214 208 204 204 191 169 158   0   0    0    01301
0515 347   2   0   0 304   71407  31   4 357  101403   2 211 2111500 2061409****////  80  791458 200 17595429547140195421459 215 2191455 2061406 228 2301453 2241408 213 214 208 204 203 191 169 158   0   0    0    01401
0516  64   8  58   9 100  121544  34   6 115  181537     216 2171552 2101504****////  73  721538 188 16695329542150195321559 226 2331549 2151510 234 2361550 2271522 216 215 208 205 208 192 165 157   1   0    0    01501
0517 351  11 358  12 359  121640 357   7 360  231632     214 2161616 2141700****////  75  711615 191 16895299532160195281646 209 2261601 2091700 223 2341601 2231700 215 216 208 205 203 191 169 158   0   0    0    01601
0518  63   3  77   5 359  111701 142   3 357  141706     212 2161743 2121709****////  78  751701 196 17295269529170295261752 204 2111743 2031709 219 2231703 2191800 212 215 209 205 203 191 169 158   0   0    0    01701
0519   0   0   0   0 360   51801   3   2 356  121826     209 2131809 2091847****////  81  771835 200 17595289528185895261818 200 2061804 1991838 215 2201806 2151900 210 215 209 205 203 191 169 158   0   0    0    01801
0520 297   4 302   3 337   71923 306   4 355   81916     206 2091902 2041946****////  83  801909 201 17695329532194995281901 198 2001903 1981943 211 2151901 2112000 208 214 209 205 203 192 170 159   0   0    0    01901
0521 292   3 305   4 341   72023 282   5 355  102021     205 2062001 2012043****////  82  812053 198 17395389538210095322021 196 1992020 1952049 209 2112001 2092100 206 212 209 204 204 192 170 159   0   0    0    02001
0522 284   8 299   4 320   82122 296   9 351  112114     207 2082144 2032105****////  81  802117 198 17395459545215795382101 198 1992154 1952103 208 2092101 2072129 204 211 208 204 203 192 170 159   0   0    0    02101
0523 336   9 335  10 336  102259   9   5 359  162215     204 2082205 2042255****////  82  802222 196 17295449547222295432251 196 1992217 1962256 206 2082201 2062259 203 210 208 203 203 192 170 159   1   0    0    02201
0600 333   7 343  10 346  102359 330   5 345  132354     203 2052319 2032356****////  81  812312 193 16995449545232895442302 196 1982324 1962302 205 2062324 2042357 201 208 207 202 203 192 170 159   0   0    0    02301
0601 299   5 312   5 341   90001 268   7 360   90011     202 2040003 2020040****////  81  810002 192 16895399544000395390100 195 1960001 1940041 204 2050003 2040100 200 208 207 202 203 192 170 159   0   0    0    00001
0602 301   6 294  10 294  130149 295   5 341  220151     203 2040140 2020101****////  80  790142 190 16795349540010995340200 192 1960134 1920155 202 2040113 2020200 200 207 206 201 203 192 170 159   0   0    0    00101
0603  46   1 343   2 343  120216  99   3 342  150218     201 2030201 2000245****////  82  800201 193 16995289534020195280259 191 1930227 1900255 201 2020206 2010252 199 206 206 200 203 192 170 159   0   0    0    00201
0604 111   2   0   0  86   20301 111   3 116   30318     198 2010301 1970347****////  85  820301 196 17295249528030195240346 192 1930339 1910316 201 2020307 2010400 198 205 205 199 203 192 170 159   0   0    0    00301
0605 330   5 317   1 355   40433 326   5 357   70430     197 1980401 1960418****////  85  840436 195 17195239524040895220437 192 1930446 1910423 201 2010405 2010500 197 205 205 199 203 192 170 159   0   0    0    00401
0606 223   4 247   4 250   70544 244   4 280  130542     200 2000549 1960515****////  82  820545 192 16895249525051795230501 192 1920553 1910518 200 2010506 2000557 197 204 204 198 202 192 170 159   0   0    0    00501
0607 179   5 183   4 244   60622 193   6 257  110621     200 2000637 1980620****////  83  820601 194 17095279527065995240601 193 1940657 1910607 200 2000700 2000608 196 203 204 198 202 192 170 159   0   0    0    00601
0608   0   0  49   2 360   50705  40   1 345   70704     200 2010749 1990707****////  84  830701 196 17295289529073695270701 199 1990800 1940701 203 2030800 2000701 196 203 204 197 202 192 170 159   0   0    0    00701
0609 112   5 112   3 157   30812 111   5 290   50804   1 200 2030832 2000801****////  85  830802 199 17495339533084495280801 195 2000804 1950900 204 2050855 2020810 198 203 203 197 201 192 170 159   0   0    0    00801
0610  30   6  33   9  34  120946   9   6 356  160939   2 196 2000901 1940946****////  85  850901 194 17095329533091295320958 201 2011000 1930923 210 2101000 2040901 199 203 203 197 201 192 170 159   0   0    0    00901
0611  99   5  90   8 102   91001 157   6 157  151051     203 2031100 1971001****////  81  801053 193 16995299532100395291057 215 2151059 2021001 216 2161049 2111002 202 204 203 197 200 191 170 158   1   0    0    01001
0612 112  14 110  16 117  171138  99  11 115  251155     206 2061157 2021102****////  82  801107 199 17495229529110195221200 231 2401121 2141102 231 2311200 2161102 208 206 203 197 200 191 169 158   0   0    0    01101
0613  86  17  83  14 115  171225  95  17 133  281244     216 2181255 2051218****////  76  751256 196 17295139522120295121259 255 2761252 2241215 252 2551251 2291214 215 209 203 198 199 190 168 157   2   0    0    01201
0614  88  15 107  16 107  221318  65   8 127  331312     214 2181338 2121356****////  76  751345 194 17095069512130195061400 245 2681344 2431318 251 2571344 2471323 222 213 203 200 199 190 168 157   0   0    0    01301
0615  32  12  46  12 116  161401  57   8 347  231455     225 2271446 2141401****////  71  711459 193 17094969506140194961458 278 2951442 2471401 269 2731451 2511402 229 217 204 202 198 189 168 156   3   0    0    01401
0616  51  10  61   8  65  181517  28  13 351  271516     226 2271546 2241530****////  70  701548 192 16994919496151894911559 244 2751501 2441600 252 2681501 2521600 231 221 205 205 199 190 168 157   0   0    0    01501
0617  77  13  84  12  90  141635  66  14 124  231620     225 2251601 2211646****////  72  711601 196 17294839491160194831700 250 2501700 2311636 247 2521601 2431646 227 223 207 207 199 190 169 158   0   0    0    01601
0618 101  12  93  13  96  141716 108  12 132  191716     224 2251701 2231752****////  74  721703 200 17594809484170394801751 233 2511701 2331744 240 2471701 2401800 226 223 208 208 199 190 169 158   2   0    0    01701
0619 110   9  94   9 118  171826 122  10 148  221827     217 2241801 2171855****////  77  731803 200 17594859485185994801801 215 2321801 2151859 228 2391801 2281900 221 222 209 209 200 191 170 158   0   0    0    01801
0620  17   9  30   9 105   91901  56   5  65  191953     217 2171905 2161931****////  74  742000 192 16994909490200094851901 210 2151901 2091939 222 2281901 2211941 217 220 209 209 201 191 170 158   0   0    0    01901
0621  31   9  38   9  38  132052  53  14  57  192049     217 2182001 2162044****////  75  742002 195 17194909493202694902054 207 2102003 2072100 217 2212001 2172100 214 218 210 208 201 191 170 159   0   0    0    02001
0622  77  10  55  10  66  142115  59   8 108  192154     213 2172101 2132153****////  76  742101 192 16994939495215094902102 203 2072109 2032200 213 2172101 2132200 210 216 210 207 201 191 170 159   0   0    0    02101
0623  96   7  85   7 360  102201  85  16  85  162300     211 2132201 2102248****////  77  762201 193 16994929496223994912255 203 2032300 2012222 212 2132201 2122224 208 214 209 206 202 191 170 159   0   0    0    02201
0700  37   2  59   3 358   82301   0   0 359  142301     211 2122304 2102351****////  77  772301 193 16994889492230194882359 202 2042304 2022348 211 2122301 2112356 206 213 209 205 202 191 170 159   0   0    0    02301
0701   0   0   0   0 309   30001   0   0 157   50019     203 2110001 2030055****////  83  770001 198 17394849488000294840058 198 2020001 1980057 209 2110001 2090059 205 212 208 204 202 191 170 159   0   0    0    00001
0702 330   5 326   3 333   60147 331   4 359   70108     206 2060149 2030101****////  82  820147 199 17494799484010194790200 198 1990116 1980137 208 2090101 2080158 204 210 208 203 202 191 170 159   0   0    0    00101
0703 324   5 319   5 341   70247  47   3 359  100246     205 2060201 2050212****////  82  820201 198 17394759479020194750300 199 1990251 1980201 207 2080201 2070259 203 209 207 203 202 191 171 159   0   0    0    00201
0704 349   1 347   2 360   50304   0   0 355   70306     204 2060317 2030331****////  83  820301 199 17494729475030294720347 198 1990315 1980356 207 2070302 2070400 202 209 207 202 202 191 171 159   0   0    0    00301
0705   0   0 340   5 354   70450   0   0 358  110448     205 2050458 2030406****////  82  820456 198 17394699473040194680451 198 1990427 1980408 206 2070401 2060500 201 208 206 201 202 191 171 159   0   0    0    00401
0706 320   6 335   6 344   70555 270   2 360  110513     204 2050501 2030540****////  82  820501 196 17294689469050194670516 198 1990509 1980540 206 2060508 2060559 201 207 206 200 202 191 171 159   0   0    0    00501
0707 317   1 319   2 340   60601   0   0 359   80610     205 2060652 2040624****////  83  820601 200 17594719471065994670623 201 2010700 1980617 206 2060700 2050620 200 207 205 200 201 191 171 159   0   0    0    00601
0708  28   4  51   4  95   70748  27   4 342  110744     211 2110758 2050704****////  79  790759 198 17394749475075694710701 213 2130800 2010701 211 2110800 2060702 201 206 205 200 201 191 170 159   0   0    0    00701
0709  81   8  77   8  82  100830  81   7 359  190820     219 2190840 2110801****////  75  750859 197 17394759476084094740801 240 2400900 2130801 225 2250900 2110801 205 207 205 199 200 190 170 158   0   0    0    00801
0710  92   9  69   7 108  110913 119   8 359  140908     231 2310957 2190901****////  70  690958 198 17394759475094194740914 278 2781000 2420901 251 2511000 2260901 214 209 204 200 199 189 169 157   1   0    0    00901
0711  13   7  62   8  93  121030  25  14 358  171022     241 2411100 2311001****////  68  671057 204 17894789479105994751001 284 2891011 2651045 262 2621058 2521001 225 214 205 201 198 188 168 156   2   0    0    01001
0712  86  27  43  18  43  221148 115  29 358  361145     248 2491159 2401105****////  65  651119 203 17894769478110194761200 311 3151158 2791103 288 2891158 2621101 236 220 205 204 198 188 168 156   4   0    0    01101
0713 127   6 125  16 125  221208 115   7 158  311202     259 2611247 2461203****////  61  601247 204 17894739476120294721251 335 3641247 3091201 312 3221249 2881201 252 227 207 207 196 187 166 155   2   0    0    01201
0714  64  10  77  12 103  201316 108   8 353  371311     264 2641400 2501317****////  61  591359 210 18394719473133794711353 347 3481357 2751316 308 3101301 2701319 253 233 209 211 197 187 167 155   0   0    0    01301
0715  73  16  53  14 130  191410  23  17 318  371402     276 2761443 2611410****////  55  551459 203 17894669471140194661459 376 3851443 3291410 332 3331445 3071408 269 239 211 215 196 186 166 154   2  15    0    01401
0716  84  23  94  19 104  241518  62  29 138  401542     272 2781550 2701527****////  56  541510 202 17794599466150194591559 316 3831505 3161600 310 3361505 3101600 273 247 214 220 197 187 166 155   1   5    0    01501
0717   2  12  48  13 246  191601 356   6 356  241613     281 2851651 2701603****////  52  501658 198 17394559459160194551700 335 3671632 3131607 302 3091601 3021700 273 251 217 224 198 186 166 155   3  25    0    01601
0718  90  12 102  14 117  191732 115  12 180  321720     276 2891715 2741738****////  55  501711 203 17894569456175994541726 294 3531714 2921759 285 3061714 2821748 268 253 219 227 200 187 167 156   0   6    0    01701
0719 111   2 121   9 131  151802 107   2 218  241841     269 2781812 2691900****////  59  541819 209 18294589458190094561805 261 2941801 2611900 266 2851801 2661900 259 252 222 229 201 188 168 156   0   0    0    01801
0720   0   0  79   1 118  101914   0   0 140  131905     238 2681901 2382000****////  74  581902 218 18994649464200094581902 222 2601901 2222000 246 2661901 2462000 248 248 223 229 204 190 170 158   0   0    0    01901
0721 179   3 177   4 183   62038 193   4 193   82038     226 2382001 2262044****////  81  742001 222 19294739473210094632001 211 2212001 2112059 235 2462001 2352100 238 243 224 228 205 191 171 159   0   0    0    02001
0722 125   2   0   0 285   92130 111   2 287  112128     221 2262101 2212158****////  83  812101 221 19194829482220094732101 206 2122102 2052154 227 2352101 2272200 231 238 224 226 207 191 171 159   0   0    0    02101
0723 329   5 335   5 340   52258 322   3 340   62255     215 2212201 2142254****////  85  832201 218 18994889488230094822202 201 2052201 2012251 221 2272201 2212300 225 234 223 224 207 191 171 159   0   0    0    02201
0800 223   4 206   4 208   72336 315   3 315  102343     214 2152301 2112323****////  86  852301 219 19094959495000094882302 201 2022354 1972332 218 2212301 2180000 220 230 222 221 208 191 171 159   0   0    0    02301
0801 222   6 230   6 234   60054 217   6 351  100013     211 2140011 2110033****////  86  850021 215 18794949496004794940011 203 2030059 1970030 216 2170001 2150044 216 226 221 219 208 191 171 160   0   0    0    00001
0802   0   0   0   0 355   60101   0   0 349   60103     214 2140144 2120101****////  86  860101 219 19094889494010194880200 206 2070154 2030119 217 2170150 2160101 215 224 220 217 208 191 171 159   0   0    0    00101
0803   0   0 132   2 165   40227   0   0 173   60224     211 2140201 2110252****////  87  860201 218 18994839488020394830300 198 2060201 1980257 213 2170201 2130300 213 222 219 215 208 191 171 159   1   0    0    00201
0804  92   3 134   4 194  150338 116   6 201  210336     215 2190341 2100308****////  85  840346 218 18994829483030294810331 194 2050337 1940400 210 2140332 2100400 211 220 218 213 208 191 171 159   0   0    0    00301
0805  93   4 100   4 190  120438  86   4 191  150434     207 2150401 2060430****////  86  850401 210 18394829482040194810406 187 1980441 1870500 204 2100401 2040500 207 218 216 212 208 192 172 160   0   0    0    00401
0806   0   0   0   0 358   60511   0   0 298   70510     203 2080503 2020551****////  88  860501 210 18294879488055994820501 184 1870535 1840544 201 2040501 2010600 204 215 215 210 209 192 172 160   1   0    0    00501
0807  36   3  23   4 356   50609  31   3 342   70604     206 2060700 1990634****////  89  880601 216 18794949494070094870601 203 2030700 1830616 206 2060700 1980618 202 213 214 208 208 192 172 160   0   0    0    00601
0808   0   0 159   1 159   50701   0   0 161   90731     218 2180758 2060701****////  88  880745 230 19795009500075794940701 219 2190800 2030701 216 2170758 2070701 206 211 214 208 207 191 171 159   0   0    0    00701
0809 151   4 160   2 183   50840 113   3 206   70838     247 2470900 2180801****////  72  720900 224 19395059506085695000801 280 2830858 2210806 248 2480900 2170801 213 213 212 206 205 190 170 158   1   0    0    00801
0810 163   4 141   4 218   70928 195   7 249  120919     270 2701000 2470902****////  62  621000 221 19195049505090195020935 325 3251000 2810901 282 2821000 2490901 229 218 212 207 203 188 168 155   0  40    0    00901
0811 182  11 199  10 204  131049 149   6 233  181044     284 2851059 2671009****////  55  551100 213 18595029506101195021100 365 3821056 3241029 317 3201056 2801002 246 225 212 209 201 187 166 154   4  44    0    01001
0812 178  10 184  13 184  131156 102  13 222  221152     304 3041200 2831101****////  48  451158 208 18294989502110994981200 434 4341200 3561106 378 3781200 3171101 272 236 213 214 200 185 165 153   0  59    0    01101
0813 217   7 209  15 209  201256 246   4 246  271248     314 3211246 3011213****////  38  381258 175 15494919499120294911259 426 4431251 3951236 399 3991300 3691236 294 250 215 220 199 185 164 152   3  53    0    01201
0814 177  21 188  19 339  211311 263  21 279  381334     312 3231333 3101357****////  43  331330 195 17194829491130194821400 399 4441333 3741350 369 4001328 3611357 307 264 219 228 200 185 165 153   3  45    0    01301
0815  62  15  27   8 355  211433  78  17 353  311426     330 3311459 3131401****////  33  321448 166 14694729483140394721500 421 4471440 4021401 364 3781410 3641500 311 272 224 236 200 185 165 153   3  58    0    01401
0816  20   7  64  13 169  251536  43   5 358  411535     324 3341508 3151535****////  33  311508 160 14194659472150594651559 388 4301507 3481535 336 3641501 3361553 306 278 228 242 202 186 166 154   2  29    0    01501
0817 199  15 134  10 188  191630 224  15 246  291627     319 3281603 3181624****////  35  321639 165 14594599465160194591653 335 3921603 3351700 315 3361602 3151700 297 278 232 246 204 187 166 154   4   3    0    01601
0818 191  16 184  19 208  271713 186  18 217  361709     306 3181701 3051757****////  43  331701 189 16694599459170294581757 301 3341701 3011759 294 3141701 2941800 283 275 235 248 207 188 168 156   0   0    0    01701
0819 188  10 189  14 194  221819 203  13 213  361817     295 3061817 2951859****////  47  421818 194 17094639463185994581803 273 3021805 2731900 276 2931801 2761900 271 270 237 247 209 189 168 156   2   0    0    01801
0820 160   4 166   5 216  131901 157   3 229  181904     268 2941901 2682000****////  62  471902 218 18994719471200094631901 241 2721901 2412000 262 2761901 2622000 262 264 238 245 211 190 170 158   0   0    0    01901
0821 162   7 161  11 183  232045 204   3 204  412039     278 2802043 2562034****////  55  542042 205 17994819481205894722001 244 2452057 2322035 251 2622001 2512100 253 259 238 243 213 191 170 158   0   0    0    02001
0822 176   4 175   4 177  122120   0   0 247  192113     253 2772101 2532158****////  68  552102 219 19094889488215994812108 229 2452103 2292158 246 2522102 2462200 246 254 237 240 214 191 171 158   0   0    0    02101
0823   8   6  10   8 359   82228  37   7  37  122256     246 2532201 2452248****////  74  682204 229 19794989498230094882201 224 2292209 2232255 240 2462201 2402257 241 249 236 238 215 192 171 159   0   0    0    02201
0900  79   8  76   7 165   82301  80   8  89  102355     238 2452301 2380000****////  77  722316 227 19595019502235094982302 220 2262312 2200000 236 2412311 2360000 237 245 235 235 216 192 171 159   2   0    0    02301
0901  68   7  94   6 208  110043  68   6 216  130039     255 2550100 2380001****////  68  680100 222 19295019502002094990042 230 2300058 2190009 237 2370055 2350013 234 242 234 233 216 192 171 159   0   0    0    00001
0902  50  22  34  22  44  340133 135  13 360  720125  14 221 2590129 2200158****////  75  580129 199 17595129512015795020101 204 2400132 2040200 228 2380124 2260153 231 240 232 230 217 192 171 159   0   0    0    00101
0903  49  13  44  16  44  270222  55  10 358  520220  15 202 2210201 1990233****////  87  760201 206 18095139515021095120202 198 2040203 1950230 220 2270201 2180229 222 235 231 228 218 194 173 160   0   0    0    00201
0904 324  10 346  16 359  220330 346   6 354  350345   1 203 2050332 2020301****////  86  850314 205 17995139513030195040326 198 2000334 1980359 217 2200303 2170353 220 231 229 225 218 194 173 160   0   0    0    00301
0905 239  20 244  19 244  190500 232  21 270  280455     205 2050447 2020412****////  87  860401 210 18395139514044695080423 200 2000427 1980415 216 2180417 2160500 218 229 228 223 218 194 173 160   1   0    0    00401
0906 284  17 316  16 359  220520 297  16 343  320552   1 202 2060505 2020600****////  87  870501 206 18095189519054895110508 197 2010541 1970600 215 2160541 2150600 215 227 226 221 218 194 173 160   5   0    0    00501
0907 213   4 150   6 355  160601 250   6 360  250602     202 2020602 2010604****////  88  860612 208 18195239525065095180602 200 2000659 1960606 214 2150601 2140633 214 225 225 219 217 194 173 160   2   0    0    00601
0908 136   6  84   5 332   80714 142   3 356  180717     212 2120759 2020704****////  86  860754 216 18895339533075995240701 236 2360759 1990702 228 2280800 2140702 215 223 224 218 216 194 172 160   1   1    0    00701
0909  98   6 100  13 103  230831  97   5 127  350829     231 2310900 2110801****////  76  750855 215 18695349534090095310840 249 2500826 2370801 244 2440900 2290801 222 224 223 217 215 193 171 159   2   9    0    00801
0910 243   4 222   7 244  170938 285   4 285  240933   1 242 2420959 2300937****////  70  701000 211 18495399540093595340901 312 3130959 2500901 282 2821000 2440901 229 226 222 217 213 192 170 158   1  17    0    00901
0911 111   3  83   6 104  111049 159   3 339  161048     262 2621100 2421001****////  64  611057 218 18995389539102895371041 335 3481025 3031002 311 3151034 2801001 250 232 221 218 210 190 168 156   6  55    0    01001
0912 154   4 186   5 195  131133  86   3 254  241131   1 277 2781155 2641101****////  54  541154 201 17695349538110195331155 373 4001133 3271115 341 3481133 3091116 268 241 222 221 209 189 167 155   2  42    0    01101
0913  17   9 327   7 327  151248 123   4 341  221247   1 299 2991300 2791201****////  45  421242 190 16795289534120195281300 406 4191239 3671207 378 3821256 3431207 291 253 224 227 208 188 166 154   3  58    0    01201
0914 174  25 203  19 237  221323 176  16 192  451357     297 3031337 2891319****////  48  441340 200 17595219528130195211400 421 4451348 4041304 389 3951348 3771304 308 265 227 233 208 188 166 154   3  60    0    01301
0915 177  13 188  17 206  251404 198  11 351  301403     306 3131449 2951404****////  41  411446 180 15995099521140195091500 427 4411421 4171450 363 3881401 3631500 316 276 230 241 209 189 166 154   3  59    0    01401
0916  87  29 123  20 123  201600 105  13 105  361556   1 315 3201550 3061501****////  37  341536 171 15195039509150195021557 399 4361508 3901550 344 3631501 3441600 318 284 235 248 210 189 167 154   4  59    0    01501
0917 181  19 154  14 225  191601 171  11 206  241656     315 3221622 3141601****////  37  331651 171 15195009503160394991650 377 4091605 3771658 326 3431601 3261700 311 287 239 253 211 190 167 154   6  58    0    01601
0918 114   7 160   8 217  191706 109  12 252  281704   1 315 3211739 3121709****////  36  341736 166 14695029502175995001717 326 3761701 3261800 309 3251701 3091800 299 286 243 256 213 190 168 155   3  45    0    01701
0919 262  11 257  11 257  121838 277   7 283  181857     299 3191812 2981855****////  44  351816 186 16395059505184695021805 275 3261802 2751900 286 3091802 2781856 286 281 245 257 215 192 169 156   0   0    0    01801
0920   0   0 240   3 262  111901 249   3 265  161917     270 2981901 2702000****////  62  421903 221 19195129512195995041903 251 2731901 2512000 272 2861901 2722000 274 275 247 255 218 193 170 158   0   0    0    01901
0921 226   7 272   4 276   72038 226   8 307  122005     256 2692001 2562100****////  66  592007 217 18895239523210095122003 234 2512001 2342059 260 2722001 2602100 265 270 247 253 220 194 171 159   0   0    0    02001
0922 239   9 218   8 218  112112 243  13 248  152108     250 2562101 2482151****////  67  652112 212 18495299529220095232102 227 2342101 2272156 251 2592101 2512200 256 264 246 250 222 195 172 159   0   0    0    02101
0923 331   8 303   6 318  102240 324  10 359  132220     248 2522255 2412238****////  68  662254 213 18595339534224495292201 223 2272201 2232258 245 2512201 2452259 249 259 245 247 223 196 172 159   1   0    0    02201
1000 328   4 335   6 335   72301 308   3 358  112342     246 2492304 2432320****////  68  672302 210 18395329534231295322356 217 2232304 2170000 239 2442301 2390000 244 254 244 244 223 195 172 160   2   0    0    02301
1001   0   0   0   0 320   60013   0   0 359  100010     229 2460001 2290100****////  78  680001 218 18995329534003395320006 212 2170001 2120100 234 2390001 2340100 238 250 242 241 224 196 172 160   0   0    0    00001
1002 137   2 156   6 171   60156   0   0 166   90154     221 2280101 2210151****////  81  780101 215 18795289532010195280151 206 2120101 2050155 228 2340101 2280159 234 246 240 238 224 196 173 160   0   0    0    00101
1003 321   5 329   4 330   60248 307   6 347   80244     219 2230210 2180228****////  80  800207 210 18395279528023095260241 204 2070205 2030250 224 2280201 2240257 230 242 239 235 224 196 173 160   1   0    0    00201
1004 307   6 282   7 290   80353 284   6 307   90345   1 217 2180301 2140342****////  82  800301 213 18595269528034295250358 200 2040301 1990358 220 2240301 2200400 226 239 237 233 224 197 173 160   1   0    0    00301
1005 354   5 350   4 350   80407 352   6 357  130406     212 2170408 2120446****////  82  810409 206 18095249526040495230456 197 2000407 1970436 217 2200401 2170458 223 236 235 230 224 197 173 161   0   0    0    00401
1006   0   0 348   4 352   90541   0   0 359  140534     212 2170546 2120504****////  80  780543 201 17695259526052695240501 195 1970538 1940556 214 2170501 2140559 219 233 233 228 224 197 173 161   1   0    0    00501
1007   0   0 138   2 192   60610   0   0 192  100608     215 2150700 2110613****////  82  800601 210 18395319531065895250602 207 2070700 1960601 219 2190700 2140605 218 230 232 226 223 197 173 160   0   0    0    00601
1008 299   3 313   3 313   50711 269   3 350   70708     241 2410748 2150701****////  71  700744 213 18595359535080095300701 249 2490800 2080701 237 2370800 2190701 221 229 230 224 221 196 172 159   1   0    0    00701
1009  88  10  95   7 104   70859  78   9  78  130859     255 2560854 2420801****////  64  630855 209 18295379538083995350804 282 2820900 2510801 260 2600900 2370801 229 230 229 223 220 195 170 158   2   2    0    00801
1010 143   3 171   4 358  100904   0   0 340  210906     273 2760944 2550901****////  56  560948 203 17895389539095595370907 315 3290949 2840901 287 2930950 2610901 242 234 228 223 218 193 169 156   2  39    0    00901
1011 124   4 169   9 185   91056 144   4 238  121014     282 2831051 2731025****////  55  541053 210 18395339538100195331100 352 3591052 3161001 312 3121100 2871003 255 240 228 225 216 193 168 155   3  29    0    01001
1012 203   9 197  15 213  191151 214  16 214  311149     292 2941124 2811105****////  50  501156 203 17795249533110195241200 385 3851200 3441104 339 3391200 3101105 270 248 229 228 215 192 168 155   2  39    0    01101
1013 180  23 174  26 174  261259 159  17 205  341250     298 3021209 2921223****////  47  471258 197 17395149524120195141259 397 4011258 3561224 359 3591300 3351224 283 256 230 233 215 192 167 155   2   5    0    01201
1014 227  16 201  24 224  251327 276  19 299  491327     307 3111346 2971301****////  45  441353 199 17495029514130195021400 405 4191324 3901354 366 3701340 3601301 297 265 233 238 214 192 167 154   3  40    0    01301
1015 191  29 207  21 210  241401 190  26 243  401410     305 3151439 3051459****////  48  431405 210 18394929502140394921459 360 4101402 3581458 340 3691402 3401459 301 273 235 243 215 193 167 155   3  11    0    01401
1016 201  16 192  21 200  281543 186  23 221  461539     311 3131525 3051501****////  47  431522 212 18594829492150294821600 394 4031529 3541511 337 3471528 3361539 300 277 239 248 216 193 168 155   3  45    0    01501
1017 224  17 198  13 252  221609 234  16 269  371643     313 3151639 3101656****////  42  401646 192 16994759482160194751658 347 3941601 3441655 320 3371601 3201700 299 279 242 251 217 193 168 155   4  48    0    01601
1018  13  30   8  27 360  281750  15  27 360  491743     292 3141708 2921753****////  52  411701 211 18394739475170194721742 286 3421710 2861752 295 3191710 2831753 288 279 244 254 219 195 170 157   0   0    0    01701
1019  14  27  12  23  42  291802  44  21 311  311849   1 284 2921801 2841859****////  56  521802 217 18894739473185794711830 271 2861801 2711900 280 2941801 2801900 277 275 246 254 221 196 170 158   2   0    0    01801
1020  53   7  48  10  48  241902  23   9  80  321943     278 2841901 2781956****////  58  561901 217 18894789478195894731901 259 2701901 2592000 270 2791901 2701959 268 270 247 253 223 196 171 158   1   0    0    01901
1021  64  10  63  16  63  172058  43   6 345  272054     275 2782001 2742037****////  60  582010 220 19094839483205094782003 257 2592017 2532039 261 2692001 2612059 261 266 247 251 224 197 171 158   2   0    0    02001
1022  72   7  56  11  58  162132 351   8 351  272126     269 2742101 2692150****////  65  612101 230 19894889488220094832101 252 2572101 2522157 257 2612101 2572200 256 262 246 249 225 197 171 158   2   0    0    02101
1023  64  10  45   8  62  122209  31  11 351  232201     266 2692201 2662250****////  67  652201 233 20094899489223694882209 248 2532203 2472254 254 2572201 2542300 252 258 245 246 225 197 172 159   0   0    0    02201
1100  71   3  54   6  64  102302   8   2 119  182310     261 2662301 2612355****////  69  662302 233 20094839489230994832358 244 2492312 2440000 252 2542302 2522351 248 255 244 244 226 198 172 159   0   0    0    02301
1101 350  17 343  13 355  150044 329  12 341  250059     256 2610001 2560100****////  71  690001 233 20094819483003594810023 239 2450021 2390100 247 2520002 2470100 246 252 243 242 226 198 172 159   1   0    0    00001
1102  20  13  24  17  24  230134  13  10 340  370136     253 2550101 2530110****////  71  700158 229 19794789481010394770158 241 2420148 2390101 245 2480101 2450135 242 250 242 240 226 198 172 159   1   0    0    00101
1103 357  14  10  16  23  220253  25  13 359  320244     248 2540211 2480254****////  69  690221 216 18794719478020194710300 236 2410227 2360300 242 2450203 2410256 240 248 241 238 226 199 172 159   0   0    0    00201
1104  27  18  15  15  23  200332  50  15 360  310313     245 2480301 2450356****////  67  670345 206 18094679471030294670338 232 2360306 2320359 239 2420301 2390400 237 245 240 237 226 199 173 159   1   0    0    00301
1105  67  23  61  19  61  210419  53  12 360  350416     240 2470415 2400500****////  70  670403 209 18294689469041394660425 230 2340419 2300500 235 2390403 2350500 234 243 238 235 226 199 173 160   1   0    0    00401
1106  51  21  55  27  60  300558  29  34  75  480557     233 2400501 2330600****////  79  700501 226 19594729472055994680501 225 2300501 2230545 232 2340501 2320555 231 241 237 233 226 200 173 160   1   0    0    00501
1107  64  35  63  33  63  330700  67  24  91  420658     234 2350635 2310616****////  76  760659 219 18994779477070094720602 227 2270633 2250601 232 2330605 2320700 230 239 236 232 226 200 173 160   1   0    0    00601
1108  24  30  31  33  34  380756  22  38  84  640747     216 2340701 2160759****////  87  760701 224 19394889488080094770701 211 2270701 2110757 221 2320702 2210800 226 237 235 230 226 200 174 160   0   0    0    00701
1109  89  16  80  23  82  340801  90  25 105  440849  44 210 2150801 2100849****////  89  870801 221 19194969496090094890802 214 2140900 2090806 225 2250900 2170804 218 229 234 226 225 201 174 161  33   0    0    00801
1110  42  13  51  17  85  220901 101  12 101  330947  13 221 2211000 2090916****////  86  861000 229 19694989500094494960901 248 2500958 2090917 242 2421000 2250916 221 229 232 224 224 201 174 160  16   0    0    00901
1111  73  22  70  18  70  181057  79  26 102  321056   6 227 2281056 2211001****////  79  791058 218 18995009503103194981002 239 2461001 2271028 241 2431056 2381028 226 230 231 224 223 200 173 160   7   0    0    01001
1112  87  20  84  17  85  221139  88  18 121  391148   3 241 2421158 2271101****////  73  721149 219 19095009500110894991136 269 2891125 2351103 262 2641157 2411102 234 232 230 224 221 199 173 159   5   0    0    01101
1113  87  28  94  20  94  241253  92  27 114  391246   2 245 2461258 2401215****////  69  691300 212 18494939500120194931300 256 2921235 2511217 260 2681235 2581220 240 236 230 225 221 199 172 158   4   0    0    01201
1114 138  13 106  20 106  231309 180  13 180  341339   1 244 2571339 2441302****////  71  641337 217 18894879493130194871353 246 3431334 2461400 266 2941337 2581305 248 239 230 226 220 199 172 158   4   0    0    01301
1115 202  16 198  13 206  191401 190  18 253  281417   1 258 2601453 2431402****////  67  641451 223 19294779487140194771500 323 3781444 2461404 299 3091451 2631407 256 243 230 228 218 198 171 157   6   9    0    01401
1116 209  15 202  13 219  181508 214  10 281  291511     257 2581557 2511519****////  66  651556 218 18994729478150494721559 302 3161502 2661521 284 2981502 2801526 257 248 231 230 219 199 172 158   0   0    0    01502
1117 210  13 234  12 239  181634 273  11 284  291630   1 257 2581654 2511620****////  65  641658 215 18694719473162794711646 275 2981601 2551620 272 2831601 2691632 253 249 232 233 220 200 172 158   0   0    0    01601
1118 308   8 277  12 277  131745 310  11 311  191729     250 2591704 2501756****////  70  641712 222 19194709471170194671719 248 2811717 2481800 261 2721701 2611800 251 249 233 234 220 200 173 159   1   0    0    01701
1119 338  19 340  14 340  211816   6  10 356  361814     241 2501801 2411824****////  76  691804 228 19694789478185894701802 232 2471801 2321900 250 2601801 2501900 245 248 234 234 221 201 174 159   0   0    0    01801
1120   5  23   7  24 359  341927   7  21 359  501924     226 2411901 2261958****////  81  761901 222 19294889488200094781901 214 2331912 2142000 239 2501901 2392000 240 245 234 233 222 202 174 160   0   0    0    01901
1121  22  21  21  22  23  302029   8  14 327  542040   1 219 2252001 2192026****////  84  812001 221 19194959495205694872001 210 2142002 2092023 232 2392001 2322100 235 243 234 232 223 202 175 161   0   0    0    02001
1122  30  24  24  24  24  252159  28  31  28  312200     212 2182101 2122159****////  87  842101 219 19095039506214694952101 209 2122143 2092200 229 2322102 2292200 230 239 234 231 223 203 175 161   0   0    0    02101
1123  21  17  31  19  46  252205 360  12 360  412230     212 2142231 2122201****////  83  832247 209 18295039504224995002212 203 2092201 2032300 224 2292201 2242300 227 236 233 229 224 203 175 161   2   0    0    02201
1200  38  13  34  15 358  182301  78  10 358  322327     207 2122301 2070000****////  83  822328 203 17795059508234295032303 200 2032301 1992353 221 2242301 2210000 224 234 232 227 224 203 175 161   0   0    0    02301
1201  31   5 358   5 360  180040  74   3 358  320039     203 2080002 2030057****////  85  830001 202 17795069509002795060004 197 2000003 1950053 219 2210003 2190100 221 232 231 226 224 203 175 161   0   0    0    00001
1202 291   5 295   7 348   90115 302   2 359  140106     200 2030101 1990143****////  86  840108 201 17695049508012195040139 195 1980106 1940121 216 2190101 2160200 218 229 230 224 224 203 175 161   0   0    0    00101
1203 340   2  18   8 359  160235   0   0 358  260233   1 197 2000201 1970250****////  87  850210 200 17595029509022595020259 193 1950203 1930211 214 2160201 2130258 216 227 229 222 223 204 176 161   0   0    0    00201
1204 311  11 305  12 305  120359 291  13 322  140351     196 1980303 1960358****////  88  870301 201 17695079508034295020301 193 1950324 1930358 211 2140303 2110400 214 225 228 221 223 204 176 161   0   0    0    00301
1205 322   5 332   6 332  150421 310  14 357  270444     197 1980424 1960401****////  87  870451 200 17595119512045195060412 193 1940409 1920443 210 2110409 2100445 211 223 226 219 223 204 176 161   2   0    0    00401
1206 309   1 334   1 360  120510   0   0 360  210502     197 1980507 1970531****////  88  870501 202 17795189518055995110501 193 1950536 1920525 209 2100501 2090559 210 222 225 218 222 204 176 161   0   0    0    00501
1207 107   2   0   0 354   90628 142   2 353  120607     198 1990659 1960612****////  88  870637 203 17895249524065195180603 196 1960700 1920623 210 2100700 2090630 209 220 224 216 222 204 176 161   2   0    0    00601
1208 286   4 272   2 359   30737 309   5 309   60726     203 2030758 1980702****////  88  880701 210 18295349534080095240701 210 2100757 1960708 218 2180800 2100703 210 219 223 215 221 203 175 161   0   0    0    00701
1209 267  10 270   9 273   90859 270  10 324  120846   1 211 2110854 2020801****////  84  840836 210 18395409541085895330801 224 2260855 2110801 232 2320900 2190801 215 220 223 215 219 203 175 160   2   1    0    00801
1210  61   9  55  11  66  190937 136  17 136  380933     224 2240959 2100906****////  59  590950 160 14095449545094695400906 230 2340956 2170943 242 2421000 2320901 221 222 222 215 219 203 174 160   2   0    0    00901
1211  71  23  77  29  78  351053  97  17 107  581050     236 2451040 2251001****////  42  391049 122 10095519551110095451001 264 3021037 2301001 276 2901040 2431001 234 225 222 215 216 201 173 158   7  24    0    01001
1212  90  17  66  15 109  261101  89  16 138  341101     250 2521158 2371101****////  42  371151 133 11295499551110295481143 320 3251158 2621124 308 3081159 2711124 243 231 222 218 215 200 172 157   3  12    0    01101
1213  79  24 106  23 110  261210  17  14 353  561218     254 2571235 2471211****////  34  331244 110  8495429549120295411259 342 3421300 3041249 326 3271257 3061204 262 239 223 221 200 204 184 149   3   6    0    01201
1214  94  10  97  17 107  221301 101  15 360  381305     268 2681400 2541301****////  34  321332 120  9695349542130195341358 374 3741400 2981327 347 3481359 3111331 273 248 225 226 214 200 172 157   1  20    0    01301
1215  28  10 323  13 342  181442  40   5 357  251438     272 2721458 2601442****////  36  311401 130 10895269534140495261459 364 3821406 2981442 329 3481410 3161444 283 257 227 231 215 199 172 157   1  25    0    01401
1216  64   9  54  14 360  211512  64   6 351  411530     269 2781521 2671532****////  35  311557 124 10295179526150195171600 308 3701504 3041559 303 3311504 3031558 291 264 229 236 215 200 172 157   4  60    0    01501
1217 336  11 340  15 340  231645  13   9 357  341636     263 2731603 2611655****////  40  301602 137 11695109517160195101700 285 3341605 2761656 289 3061606 2891656 284 267 233 240 216 201 173 158   0  20    0    01601
1218 300  15 307  15 323  211711 325   5 348  341728   1 253 2671705 2531800****////  48  401701 155 13595099510170195091707 247 2961705 2471800 273 2911705 2731800 275 266 236 243 217 201 173 158   2  39    0    01701
1219 316  25 303  21 303  301842 339  23 349  411833     241 2531801 2411854****////  54  481802 162 14295139513190095081826 232 2451801 2311859 254 2731801 2541900 262 263 238 243 219 202 175 160   0   0    0    01801
1220 288  17 294  15 300  221950 328  14 337  351949     231 2411901 2311949****////  58  551901 164 14495209520200095131901 221 2321901 2201957 240 2531901 2402000 250 257 239 242 220 203 175 160   2   0    0    01901
1221   0   0 300   3 311  192015 278   7 341  292013     227 2312001 2272100****////  61  582001 168 14895289528210095212002 210 2202001 2102100 234 2392001 2342100 241 251 239 239 221 203 175 161   0   0    0    02001
1222   0   0   2   3 360  122116 307   1 360  152108     221 2272118 2212200****////  68  602117 181 15995309530220095282101 207 2122113 2062155 230 2342101 2292136 235 246 238 237 222 204 176 161   0   0    0    02101
1223 188  11 184  13 187  152245 229   8 229  182240     222 2232236 2172210****////  67  652233 179 15895279531221295272255 206 2072244 2052210 227 2302201 2262258 231 242 236 234 222 204 176 161   0   0    0    02201
1300 201   7 208   9 242  122301 193   8 271  202316     221 2232305 2212301****////  65  632350 173 15295279529231795272348 204 2072309 2042353 223 2262301 2232357 227 238 235 231 223 204 176 161   2   0    0    02301
1301 236  15 241  14 268  170034 224  21 287  230031     215 2210001 2150059****////  67  630029 172 15195229527000395220051 194 2060037 1940100 219 2230001 2190100 223 235 234 229 223 204 176 161   1   0    0    00001
1302 262  14 261  13 262  210123 226   8 312  250118     209 2150102 2090153****////  70  670101 173 15295169522010195160200 200 2000142 1930108 215 2190101 2150200 219 232 232 227 223 204 177 161   2   0    0    00101
1303   0   0 215   4 250  160222 344   1 344  240213     207 2090217 2070256****////  70  680243 171 15095069516020295060300 192 1990201 1920259 213 2150213 2130259 216 229 231 225 223 204 177 162   1   0    0    00201
1304 334   3 304   3 359   70341 347   3 358  100340   1 202 2070301 2000351****////  74  700301 175 15495029506030195010359 190 1920301 1900356 211 2130301 2110400 214 226 229 222 222 205 177 162   1   0    0    00301
1305 357   5 359   6 360  100414 337   3 360  130409     201 2030417 2010443****////  75  720405 176 15595009504041495000456 190 1910426 1900458 209 2110401 2090500 212 224 228 220 222 205 177 162   0   0    0    00401
1306 123   1 109   1 114   80538   0   0 341  100535     199 2010501 1970520****////  77  750501 179 15894969500050194960600 189 1900539 1880521 208 2090501 2080550 210 223 226 219 222 205 177 162   0   0    0    00501
1307  83   9  86   9  89  100658  97  10 102  170650     207 2070700 1960626****////  65  650659 159 13994989498065894960601 194 1940700 1890612 209 2090657 2080628 209 221 225 217 221 205 177 162   2   0    0    00601
1308  75   4  88   4 129   90701 112   5 153  130705     212 2120759 2050739****////  68  640707 171 15194979498074094970752 215 2150800 1940701 216 2160800 2090701 210 220 224 216 220 204 176 161   0   0    0    00701
1309 300   7 290   8 290   80859 346  11 346  110900     217 2230848 2120801****////  63  610843 163 14494989498085294960817 230 2390849 2150802 229 2290900 2160801 214 220 223 215 219 203 175 160   1   0    0    00801
1310 279   3 276   3 335  100914 279   2 347  120909     224 2250942 2170901****////  62  590947 168 14894999500094694970924 233 2480932 2310901 234 2370937 2290901 220 222 222 215 218 203 175 160   1   0    0    00901
1311 347   8 353   8 357   91032 310   6 360  131005     233 2351049 2231007****////  56  551049 160 14094929499100194921059 269 2711052 2331001 253 2531059 2341001 225 224 222 215 217 202 174 159   3   0    0    01001
1312 323  10 334  10 340  101159 333   4 340  181153     229 2331117 2291134****////  56  551158 156 13794859492110194851157 235 2681101 2351200 245 2531101 2451200 229 227 222 216 217 203 175 160   1   0    0    01101
1313  33   8  36   9 359  131235  37   6 359  221249     220 2291201 2191249****////  61  551202 161 14194779485120194771257 206 2331201 2061259 228 2441201 2281259 225 228 222 218 218 204 176 161   0   0    0    01201
1314  40   8  55  12  69  161320  62  11 360  271320   1 210 2201301 2071331****////  67  611302 167 14694729477130194721400 204 2081305 1941322 222 2281315 2221359 221 227 223 218 218 205 177 162   1   0    0    01301
1315  72  12  79  13  79  131456  71  30  71  301500     215 2161438 2101401****////  66  641439 169 14994639472140194631500 207 2101438 2041403 221 2231417 2211459 219 226 223 218 218 204 177 161   1   0    0    01401
1316 104  17 103  21 103  231509 116  16 128  371540     213 2151503 2101540****////  63  601555 160 14094659465155994611528 203 2081518 2031558 217 2211501 2171600 216 224 222 217 218 205 177 161   1   0    0    01501
1317  86  19  87  19 103  221601  68  31 124  371610     214 2141655 2121603****////  64  621648 163 14394789478170094651603 202 2041614 2011639 214 2171610 2141700 213 223 222 216 218 205 177 161   1   0    0    01601
1318  26  50  36  46  38  511755  56  50 341  881743     171 2141701 1711800****////  83  651701 162 14294959495180094781701 167 2041709 1671800 201 2141706 2011800 209 221 221 215 219 206 178 163   0   0    0    01701
1319  86  25  75  31  75  481817 131  29 355  821815     170 1711801 1681830****////  84  831801 163 14395129512190094951801 165 1661801 1641817 195 2011801 1951852 203 218 220 214 219 207 179 163   0   0    0    01801
1320  27  14  57  10  86  411910  10  10 354  831903     170 1711948 1681913****////  81  801945 157 13795199519195995121901 166 1661959 1611915 194 1951901 1931914 199 214 220 212 219 207 179 163   0   0    0    01901
1321 349   5 351   6 357  222025 316   8 360  312015     174 1762046 1712001****////  81  782043 161 14195349534210095202008 167 1672045 1652006 193 1942002 1932051 197 212 218 210 218 206 179 163   1   0    0    02001
1322 342  17 346  15 347  152156 335  31 335  312200     177 1772154 1732101****////  78  772157 158 13895499549215995342101 164 1682112 1642200 191 1932101 1912200 196 210 217 208 218 206 179 163   0   0    0    02101
1323  93   9  78  13  78  202242  99  12 125  352235     178 1792242 1762209****////  68  672253 139 11895639563225995502201 157 1652207 1552254 188 1912206 1882254 193 208 216 206 217 206 179 163   1   0    0    02201
1400 348   9   1  12  90  182325  23   6 358  292315     175 1782301 1692347****////  60  582358 120  9795639564235895602323 156 1582302 1542338 185 1882301 1850000 191 206 215 205 217 206 179 163   1   0    0    02301
1401 306   4 304   4 359  110001 285   4 338  150039     164 1750001 1640100****////  75  590002 140 12095669566005995630029 153 1550001 1500043 183 1850009 1830100 188 204 213 203 216 207 179 164   0   0    0    00001
1402 277   6 264   7 322   70113 293   4 348  140130     161 1680138 1600159****////  72  660135 132 11195689569012495660101 150 1540111 1490138 181 1830108 1810159 187 202 212 201 216 207 180 164   0   0    0    00101
1403 290   6 287   6 356   90229 322   7 354  140226   1 158 1620215 1580222****////  77  720203 138 11895699571023795670214 152 1520221 1470230 180 1810201 1800246 185 200 211 200 215 207 180 164   2   0    0    00201
1404 290   6 315   6 317  130331  40   3 357  190349     165 1660332 1590301****////  81  740308 152 13295699571032195690356 154 1540355 1500319 179 1800303 1790351 184 199 210 199 215 206 179 164   0   0    0    00301
1405 254  13 254  10 304  100415 240  12 264  190458     167 1670452 1650401****////  78  780451 148 12895679570040995660452 154 1540452 1530427 179 1790404 1790459 182 198 209 197 214 206 179 164   0   0    0    00401
1406 231  14 231  19 232  190558 256  12 256  310557     167 1680502 1660530****////  79  780501 150 13095729572055795660521 156 1560559 1540520 177 1790501 1770557 181 196 207 196 213 207 180 164   0   0    0    00501
1407 207  19 216  15 238  260637 226  18 279  440636     167 1670601 1660613****////  79  780622 150 13095779577065995720607 163 1630700 1550613 179 1790700 1760630 180 195 206 195 212 205 181 164   2   0    0    00601
1408 263  21 247  15 247  220747 267  17 297  340747     179 1800735 1670701****////  67  670800 137 11795869586075995770702 188 1960735 1640701 196 1960800 1790701 184 195 205 194 210 205 178 162   2  25    0    00701
1409 271  18 275  14 275  210818 273  21 320  410828     189 1910856 1780819****////  61  600859 133 11295899589090095860804 218 2230857 1860820 216 2170858 1960801 189 196 205 194 209 204 178 162   2   9    0    00801
1410 256  19 246  15 261  220912 265  16 354  410905     200 2000955 1860906****////  60  570948 140 12095929593093495900902 246 2520946 2130912 234 2341000 2160901 199 199 204 194 207 203 176 160   4   4    0    00901
1411 240  21 248  19 274  301028 267   9 313  431010     213 2151053 2001003****////  51  501054 129 10895889593101095881100 276 2761100 2421004 253 2531100 2341003 209 204 204 196 206 202 176 160   2   4    0    01001
1412 282  13 261  25 261  271158 347  17 347  371150     231 2311153 2131103****////  43  421158 121  9995829589110195821200 317 3671141 2821101 295 3061141 2551101 229 211 205 198 204 200 174 158   2  51    0    01101
1413 205   9 166  12 356  241201 118   9 358  361247     252 2521258 2321201****////  27  271300  87  4995739583120195731300 433 4511258 3181201 351 3541258 2961201 250 221 206 203 203 199 173 157   3  35    0    01201
1414   6  23   2  25   2  251400 341  22 359  381310     259 2641352 2471316****////  28  241332  94  6095659574130595651359 418 4431346 3471314 370 3701400 3301316 270 234 209 209 202 199 173 157   4  41    0    01301
1415 111  10 119  11 360  261401  89  10 359  221401     267 2691454 2561425****////  26  221449  91  5695569565140195561500 402 4561416 3511425 356 3801417 3451428 281 246 212 217 202 198 173 156   4  43    0    01401
1416 195  26 175  21 175  211600 203  12 203  471527     258 2711525 2581600****////  26  231538  86  4995519556150395511559 343 4401519 3431600 332 3641519 3321600 283 255 216 224 203 199 174 158   4  56    0    01501
1417 321   6 353   8 353  221602 319   4 360  291612     259 2631610 2561639****////  27  241611  90  5595499551160395481645 293 3671609 2891657 298 3351602 2981700 272 257 221 229 205 200 175 159   0  12    0    01601
1418 197  14 228  10 236  161741 197  19 263  211734     252 2641711 2511744****////  30  241710  96  6495489549175395471720 247 3121709 2461745 266 3021709 2661800 259 255 224 232 207 201 176 160   0   0    0    01701
1419 250  14 242  14 242  231823 313  16 313  311819     237 2521801 2371858****////  36  281814 105  7895509550183295471804 221 2461801 2201858 238 2651801 2381900 244 250 226 232 209 203 177 161   1   0    0    01801
1420 268  14 265  20 265  221911 260  15 304  341941   1 228 2371901 2282000****////  39  361902 108  8195599559195695501901 209 2221903 2081946 220 2381901 2201958 230 242 227 230 211 203 178 162   3   0    0    01901
1421 288  16 273  18 273  262026 323  13 323  462017     224 2292005 2242058****////  41  382006 111  8595669566205895592001 206 2132014 2062100 209 2202001 2092055 220 235 227 227 212 203 178 162   3   0    0    02001
1422 337   9 313   9 313  172101 283  22 349  302114     218 2242101 2182159****////  41  412115 107  8095739573220095662101 195 2052108 1942158 206 2092102 2062200 214 229 226 223 213 203 179 162   2   0    0    02101
1423 259  20 259  24 287  242247 262  29 277  402255     217 2192214 2152229****////  34  332256  88  5295819581230095722203 195 2002212 1892221 196 2062201 1952258 208 225 224 220 214 204 179 163   2   0    0    02201
1500 220  17 215  14 277  262317 224  11 298  542314     210 2172302 2082351****////  37  332316  92  5895839583235195802301 181 1972311 1772350 193 1952301 1930000 202 220 223 217 214 204 179 163   2   0    0    02301
1501 227  21 251  17 271  190039 247  36 247  360100     203 2110001 2020057****////  41  370001  98  6695809583000295790032 180 1830053 1770019 188 1930004 1880100 197 216 221 214 214 204 180 163   3   0    0    00001
1502 242  16 241  15 251  200104 244  10 311  280142     197 2030102 1970159****////  43  410101  99  6895819583013195800114 176 1820104 1740155 182 1870101 1820200 193 212 219 211 215 204 180 163   2   0    0    00101
1503 276  12 268  12 268  170250 314   6 314  280255     194 1980208 1930255****////  43  410230  97  6595769581020295750259 174 1760243 1710224 179 1830203 1790259 189 208 217 208 214 204 180 164   2   0    0    00201
1504 242  11 253  10 266  170349 248  12 286  270343     191 1940301 1910357****////  44  430331  97  6695749576031295730359 166 1730301 1660359 176 1790301 1760351 186 205 215 205 214 204 180 164   1   0    0    00301
1505 260  13 276  11 279  180424 260   9 327  250420     190 1940423 1900441****////  45  420426  99  6895739575042895730408 161 1680423 1610500 175 1760403 1750455 183 202 213 203 214 204 180 164   2   0    0    00401
1506 255   8 245  14 246  150544 220   7 313  220502     187 1900503 1870600****////  46  440501  99  6995739575051195730544 165 1670553 1580510 172 1750509 1720600 180 200 211 200 213 204 180 164   2   0    0    00501
1507 260   8 247  12 256  130601 276   6 293  190650     189 1890653 1860627****////  46  460608 100  7095789578065695730606 169 1690700 1580623 175 1750700 1720618 179 197 210 198 213 204 180 164   1   0    0    00601
1508 251   8 245  18 247  190757 279  15 279  300752     201 2010800 1880716****////  46  450748 108  8195829582075995780701 209 2090800 1690701 190 1900800 1750712 181 196 208 197 211 203 179 163   3  24    0    00701
1509 263   9 241  15 250  190830 202  14 267  300842     215 2150900 2010806****////  40  390859 103  7395829583084995800837 240 2400900 2100801 240 2400900 1910801 194 197 207 196 209 201 178 161   3  60    0    00801
1510 229  16 243  27 247  290957 254  13 287  400952     230 2340949 2130905****////  39  350949 110  8395839584093395810910 283 3180948 2310910 273 2860948 2350906 215 204 206 196 207 200 177 160   4  60    0    00901
1511 249  11 265  15 270  261001 199  13 344  371004     239 2421036 2271005****////  36  331058 107  7995829585101195821056 301 3291034 2711012 286 3051033 2651012 231 213 206 200 206 200 176 159   6  36    0    01001
1512 230  19 231  21 236  241118 276  20 279  351115     251 2521152 2391102****////  31  301158  99  6895759582110395751200 337 3501115 2951106 314 3211115 2861101 245 222 208 204 204 199 175 158   3  21    0    01101
1513 210  36 203  34 205  351226 248  39 248  471220     261 2631255 2511206****////  30  281253 101  7295659575120795651300 388 3881300 3231203 354 3541300 3111202 262 232 210 210 204 199 175 158   2  42    0    01201
1514 203  31 219  29 229  401335 205  31 276  571330     267 2731351 2591310****////  27  261355  95  6295579565130295571357 343 3951351 3261334 333 3551351 3251334 269 241 213 216 203 198 175 158   4  14    0    01301
1515 209  27 215  26 247  321404 213  40 322  451403     269 2731452 2641406****////  25  231442  89  5295459557140195451457 337 3921451 3301430 330 3521451 3281431 275 248 216 221 204 198 175 158   4  18    0    01401
1516 189  12 202  20 203  371542 273  11 296  471524     276 2791532 2671539****////  26  221516  96  6495379546150195371549 335 3871533 3151539 321 3531532 3181556 275 254 220 226 205 199 176 159   3  58    0    01501
1517 269  18 255  20 255  291624 281  10 283  431622  66 266 2771601 2661640****////  26  241601  91  5595329538160395321655 279 3331601 2781659 286 3201601 2861700 266 255 223 230 206 200 176 159  69   2    0    01601
1518 242  23 260  23 260  231800 227  32 333  361744     265 2741729 2651800****////  28  251731  97  6595299532170495291757 267 3071730 2671800 271 2931716 2711800 258 253 226 232 207 200 176 160   3   8    0    01701
1519 217  19 245  19 271  231801 192  17 304  341816     256 2651801 2561859****////  29  271801  95  6395349534190095301801 234 2651801 2341900 240 2691801 2401900 246 249 227 232 210 201 178 161   0   0    0    01801
1520 274   6 247  12 247  251904 215  13 277  381917     245 2571904 2452000****////  33  271923 101  7295379537194195341928 207 2341904 2061957 220 2401901 2202000 232 243 228 230 212 202 179 162   1   0    0    01901
1521 185   8 206  12 212  182052 161   8 228  262048     233 2452001 2332100****////  40  322002 114  9095399539205595372001 186 2072005 1862100 209 2202001 2092056 222 237 228 228 213 203 180 163   0   0    0    02001
1522 202  11 195  16 195  242142 200  19 211  292141     229 2312130 2222114****////  42  402145 117  9395419541215195382111 192 1952146 1832113 205 2102112 2052157 215 231 227 224 214 203 180 163   1   0    0    02101
1523 225   9 228   8 228  162201 209   8 267  212203     219 2332205 2162251****////  45  382205 118  9495439543220895422201 181 1962206 1802254 202 2052201 2022300 210 226 225 221 215 203 181 164   1   0    0    02201
1600 238   3 236   5 242  122348 267   3 267  182345     217 2212354 2032336****////  47  442354 122  9995399543230895392358 181 1852354 1762318 200 2022302 1992353 206 222 224 218 215 204 181 164   0   0    0    02301
1601 260   4 259   4 269  100029 266   6 292  130025     200 2160001 2000100****////  59  470033 138 11895369540000695360056 174 1830026 1740100 197 2000012 1970100 204 219 222 215 215 204 181 164   0   0    0    00001
1602 203   7 213   6 272  110131 219   7 277  190128     206 2120135 1980105****////  54  500124 131 11095329537012995320200 173 1800135 1710151 194 1970101 1930147 200 216 220 213 215 204 181 164   2   0    0    00101
1603 117   5 116   3 198   80227 132   6 220  130225     196 2090209 1960259****////  63  510208 144 12495279532020195270252 176 1760300 1730201 194 1950244 1940201 199 214 219 211 215 204 181 164   1   0    0    00201
1604 177   9 178   9 188  160343 166   7 215  190338     199 2050331 1940324****////  60  560330 139 11995289528032495270333 172 1760301 1720357 191 1950301 1910400 197 211 217 209 215 204 181 164   0   0    0    00301
1605 278   1 310   1 310   90401   0   0 282  110402     191 1990401 1890439****////  67  610401 148 12895289528040195250433 170 1720401 1700428 190 1910401 1900500 195 209 216 207 215 204 181 164   0   0    0    00401
1606  11   2  19   2 355   70532   8   2 356   90528     180 1910501 1800600****////  72  660502 149 12995309531055995270511 161 1700501 1590536 184 1900501 1840552 192 208 215 206 215 204 182 165   0   0    0    00501
1607 336   5 347   5 348   50659 337   3 359   60608     188 1880658 1790618****////  73  700655 158 13995399539070095300601 182 1820700 1610608 191 1910700 1840606 191 206 213 204 214 204 182 164   0   0    0    00601
1608 335   5 332   5 344   50701 349   5 349   60752     210 2100800 1880702****////  59  590800 147 12795409541075495380701 217 2170751 1820701 210 2100800 1910701 195 205 212 203 212 203 180 163   0   0    0    00701
1609   0   0 203   1 357   50801   0   0 274   70824     224 2240857 2100801****////  48  480900 130 10995459545085895400801 239 2390900 2120812 224 2240900 2080822 201 206 211 202 211 202 179 162   2   0    0    00801
1610 191   2 212   1 258   70930   0   0 340   90927     234 2340957 2240914****////  48  460939 138 11895479547094595450907 254 2580932 2390901 237 2380938 2240901 210 210 211 203 210 201 179 161   3   0    0    00901
1611  41   3 341   2 341   51027  42   1 346   71037     243 2451056 2341001****////  46  421008 140 12095479548101195471002 262 2651032 2491019 246 2461100 2361011 216 213 211 204 209 200 178 161   1   0    0    01001
1612 185  10 156   5 169   81140 192   4 192  161159     265 2711157 2431101****////  27  261155  93  6095449547110195441200 369 3741156 2621101 314 3161159 2461101 233 218 211 206 206 198 176 158   5  18    0    01101
1613 119  17 185  10 214  141232  94  15 342  321230     270 2761209 2651201****////  29  241212 103  7595359544120295351300 350 4411234 3471259 329 3681235 3141201 263 230 212 210 205 197 175 158   3  36    0    01201
1614 190  15 126  17 126  201340 176  18 220  291336     280 2801400 2691343****////  27  241357 102  7395289535130195271359 392 4011317 3341328 349 3531317 3241343 271 242 215 216 205 197 175 158   3   6    0    01301
1615  71   6  99   7 137  201432 109   7 357  331430     278 2801411 2741420****////  26  231448  97  6695229528140195211448 346 4051410 3461500 323 3571408 3231500 278 250 218 223 206 198 176 158   4   5    0    01401
1616 345  28 356  24 360  291548 337  33 360  451543     267 2791501 2611546****////  36  251501 126 10495139522150295131552 324 3451501 2841545 303 3221501 2911546 267 254 221 228 208 200 178 160   0   0    0    01501
1617  19  21  20  19 360  281614 339  20 359  481622     258 2671604 2581656****////  37  351606 123 10095119513161295101642 276 3211601 2721657 276 3021601 2761657 260 253 225 231 209 200 178 161   0   0    0    01601
1618  18   9   2  15 360  221704  12  19 360  351702     252 2591712 2521759****////  37  351753 119  9595129512175995091713 246 2831710 2461800 255 2781704 2551800 250 250 227 231 210 201 179 161   3   0    0    01701
1619 345  11 349  10 360  151801 350  10 359  261821     245 2511802 2451900****////  36  341852 111  8595169516185995111808 224 2451801 2241900 239 2551801 2391900 240 246 228 231 212 201 180 162   0   0    0    01801
1620   3   8 357   7 357  111905  20   6 359  161918     226 2451901 2251958****////  47  351902 129 10795239523195895161909 204 2241901 2042000 228 2391901 2282000 231 241 228 229 214 202 180 163   0   0    0    01901
1621  76   3  66   3 360   72001  69   3 359  112003     216 2262001 2162053****////  54  472014 139 11995299529205195232003 197 2042001 1972100 221 2282001 2212100 225 236 228 227 215 203 181 164   0   0    0    02001
1622 344   3 351   3 352   42104 344   2 356   62103     208 2152101 2082154****////  61  492139 150 13095359535220095292104 194 1972102 1922151 215 2202101 2152200 220 232 227 224 215 203 181 164   0   0    0    02101
1623 291   6 309   5 320   62235 273   6 338   72229     207 2082232 2062210****////  61  552228 149 12995379538224095352201 191 1952202 1902252 211 2152201 2112300 215 228 225 222 216 203 182 164   0   0    0    02201
1700 322   5 327   6 360   72304 323   5 330   92354     202 2062301 2020000****////  65  572337 154 13495359539231495350000 188 1912324 1882356 208 2112301 2080000 212 225 224 219 216 203 182 164   0   0    0    02301
1701 279   5 270   6 336   60001 294   6 359   90005     204 2070018 2010007****////  65  600016 156 13695359537002995350008 186 1880021 1850058 205 2080001 2050100 209 222 223 217 216 203 182 164   0   0    0    00001
1702 355   4 340   4 340   70117 356   3 357  110144     207 2070200 2000117****////  64  600150 156 13795319535010195310200 184 1860101 1840200 203 2050101 2030200 206 220 222 215 216 204 182 164   2   0    0    00101
1703   8   2 360   4 360   70226  23   2 360  110221     200 2060201 2000300****////  69  620244 161 14195289532020895280255 183 1840211 1820222 201 2030201 2010300 204 218 220 214 216 204 182 164   0   0    0    00201
1704 338   5 325   5 352   60314 310   4 359   70313     194 1990301 1900351****////  73  690301 164 14495239528030695230400 179 1830303 1780354 198 2010301 1980400 202 215 219 212 216 204 182 165   0   0    0    00301
1705  64   1   0   0 354   50401   9   2 356   30401     188 1940401 1880458****////  75  710412 163 14395219523040195210456 177 1790413 1770500 195 1980401 1950500 200 213 218 210 216 204 182 165   0   0    0    00401
1706  12   4  30   3 356   40508   9   5 360   60502     186 1910507 1860600****////  77  730505 165 14595229522051795200545 175 1770517 1740534 193 1950502 1930533 197 211 217 209 215 204 182 165   0   0    0    00501
1707 305   5 293   2 340   40628 299   5 353   80627     193 1930700 1860602****////  75  750606 168 14895279527065395220601 193 1930700 1760601 197 1970700 1920646 196 210 215 207 215 204 182 165   0   0    0    00601
1708 347   4   2   4 360   50735 349   6 359   80735     223 2230800 1930701****////  56  560800 151 13195319531080095270701 229 2290800 1950701 211 2130759 1980701 200 209 214 206 213 202 181 163   1  20    0    00701
1709 325   4 358   5 358   80841 314   3 358  110836     243 2430900 2230801****////  46  430855 140 12095349534085695310803 257 2570900 2300801 247 2470900 2110801 212 211 214 205 211 200 179 161   1  60    0    00801
1710 219  10 271   9 355   90954 161   6 284  160953     257 2650944 2430904****////  43  400945 142 12295349535092595330910 338 3381000 2580901 289 2891000 2480901 230 217 213 207 209 199 177 160   4  60    0    00901
1711 121  13 130  11 144  121048 159   7 174  201041     268 2711049 2581001****////  39  391053 137 11795289534100195281058 385 3861057 3291003 329 3291100 2761010 251 227 214 210 207 198 176 159   5  60    0    01001
1712 260   7 239  12 239  191147 203  13 344  321149     279 2791200 2681107****////  39  381124 147 12795199528110195191158 411 4141149 3681117 356 3561200 3291101 271 238 216 215 207 198 176 158   2  60    0    01101
1713 140  21 168  19 226  241248 148  23 250  381253     285 2861254 2751205****////  33  301257 128 10795099519120295091259 436 4361300 4071203 380 3801300 3561203 289 250 218 222 206 197 175 158   3  60    0    01201
1714 192  14 179  17 238  241319 185   7 280  321312     290 2941346 2831304****////  28  271317 112  8794989508130194981400 408 4411344 4081400 368 3801301 3681400 300 262 222 229 206 197 175 158   4  55    0    01301
1715 165  23 119  26 136  291438 180  22 196  461433     291 3021430 2881439****////  32  221427 129 10794879498140194871459 401 4331410 3991458 374 3821429 3661401 304 270 226 236 207 197 176 158   3  57    0    01401
1716  89  18 100  25 138  281513 111  19 333  461512     294 3001542 2901515****////  30  291547 123 10094819487150194811600 376 4031510 3671556 356 3741501 3561600 301 275 231 242 209 198 176 159   4  60    0    01501
1717 107  18 113  20 140  291626 119  27 193  451611     293 2951609 2911624****////  28  271651 114  8994739481160194731659 340 3761607 3371657 330 3551603 3301700 293 276 235 247 210 198 177 159   5  57    0    01601
1718 142  11 127  16 161  211702  61   5 197  361735     289 2941711 2881738****////  31  261707 123 10194729475170894721729 298 3421710 2981758 299 3291701 2991800 281 274 238 249 212 199 177 160   2  21    0    01701
1719 136   9 123  12 125  231822 158  17 224  331806     280 2891801 2801900****////  31  281834 117  9394739473185994701818 255 2981801 2551900 268 2991801 2681900 267 269 240 249 214 200 179 161   0   0    0    01801
1720 101   6 107   7 159  121901 108   8 205  181906     241 2801901 2412000****////  44  311908 132 11194809480195694741901 215 2541901 2152000 247 2671901 2472000 254 263 241 247 217 202 180 162   0   0    0    01901
1721 112   6 107   5 107   72001 111   5 117   62001     226 2422002 2262100****////  59  442001 162 14294879487205894802002 204 2152001 2042100 235 2462001 2352100 244 256 241 244 219 203 182 164   0   0    0    02001
1722  29   6  24   3 105   62103  44   7 341   72104     234 2342157 2252113****////  60  532119 173 15294969496220094872101 217 2172200 2032111 236 2362200 2332122 238 250 240 241 220 203 181 164   0   0    0    02101
1723  59   7  69   6  87  112222  71   7 359  182219     254 2572247 2332201****////  42  402242 136 11695039503230094962201 220 2222248 2172201 234 2382206 2332248 235 246 239 237 220 202 181 163   1   0    0    02201
1800  81   8  80   8  91   92328  78   9 116  132321     239 2542303 2372352****////  51  412301 151 13295079507233995032301 216 2202301 2162353 231 2342302 2312358 232 243 237 235 220 203 181 163   0   0    0    02301
1801   4   3  12   6  79   80001  11  12 352  130047     238 2390058 2320030****////  51  490057 150 13195069507000395060031 212 2160001 2110045 227 2310001 2270100 229 240 236 232 221 203 181 163   1   0    0    00001
1802 229   2 227   2 360   70101 226   2 358  110104     224 2400106 2240158****////  59  490105 160 14094979506010294970200 207 2130106 2070145 223 2270101 2230200 225 237 234 230 221 203 181 164   0   0    0    00101
1803 332   8 328   8 334   80252 305   8 335  120255     225 2250204 2220247****////  58  580300 158 13894959497020194940236 205 2120208 2050300 220 2240209 2200207 223 235 233 228 221 203 182 164   0   0    0    00201
1804   0   0   0   0 355  110314   0   0 352  230308     218 2300314 2180358****////  63  540312 164 14494929496030594920359 202 2070310 2020350 217 2200301 2170400 220 232 232 226 221 203 182 164   0   0    0    00301
1805   0   0 144   4 168   60451 347   1 347   80451     211 2180401 2110459****////  68  620414 170 15094899492040194880448 190 2030403 1900500 211 2170403 2110500 217 230 230 225 221 204 182 164   0   0    0    00401
1806   0   0   0   0 141   90510 141   1 181  140504     196 2120508 1960600****////  74  650505 169 14894899490055594870513 179 1890501 1790556 202 2110501 2020600 212 227 229 223 222 204 183 165   0   0    0    00501
1807 303   6 324   6 359  100637 332   6 358  120629     202 2020700 1940612****////  72  710642 170 15094979497065794890607 192 1920700 1780608 204 2040700 2010624 209 224 228 221 221 205 183 165   0   0    0    00601
1808 337   7 327   6 330   70703 341   8 359  100752     233 2330800 2030701****////  57  560759 163 14395009500080094970702 229 2290800 1920701 221 2210800 2050701 211 222 226 219 220 203 181 163   1   0    0    00701
1809 108   2 144   1 335  110810   0   0 360  150811     256 2560900 2330801****////  49  470856 161 14195019501084595000830 269 2690900 2290801 250 2500900 2210802 221 223 225 218 217 201 179 161   2  58    0    00801
1810 358   3 350   3 359   80922   0   0 360  110915     265 2650956 2530916****////  44  441000 152 13395029504093195000904 309 3091000 2690902 273 2731000 2510901 233 227 224 218 216 200 178 160   3  54    0    00901
1811  77   9  51   7  96  101041  97   9 114  171040     279 2791100 2651001****////  38  381056 143 12395009502103495001100 328 3281100 3081001 289 2891100 2731001 244 233 224 220 215 200 178 160   3   0    0    01001
1812  96   8  32  10 105  171149 119  16 344  271148     289 2891200 2791101****////  34  331159 135 11594969500110194961159 370 3721140 3311101 323 3231200 2891101 258 239 225 223 213 199 177 159   5  26    0    01101
1813 132   8 118  15 118  201256 227   6 227  311246     299 3001232 2891202****////  34  311228 143 12494899496120394891259 390 3901300 3731201 341 3411300 3231201 272 248 226 227 213 198 176 158   4   7    0    01201
1814 146  14 143  14 143  241344  90  16 197  391315     308 3081400 2981317****////  33  301336 147 12794839489130294831354 408 4181354 3871307 364 3641358 3421301 285 256 228 231 212 198 176 158   2   0    0    01301
1815 198  19 172  17 172  201413 179  16 232  311413     310 3161439 3051410****////  29  291440 130 10994819483141694801459 393 4151430 3751445 359 3661424 3511445 291 264 231 237 213 198 176 158   2   0    0    01401
1816 147  12 156  16 159  211533 213   9 213  381527     308 3231516 3041544****////  34  291502 151 13194769481150394761550 356 4001515 3261545 334 3591501 3261546 288 269 235 242 214 199 177 159   0   0    0    01501
1817 174  11 189  12 200  221641 162  10 343  341613     305 3101628 3051641****////  35  321603 153 13394769476160194721637 312 3571609 3121700 310 3341609 3101700 283 270 237 245 215 200 177 159   0   0    0    01601
1818 306   7 292   8 292  131731 257   6 335  181728     294 3041701 2921748****////  40  331724 164 14494849484180094761701 272 3101701 2711747 282 3091701 2821800 272 269 240 247 217 201 179 161   0   0    0    01701
1819 323   5 304   3 342  131832 333   7 339  211828     293 2941801 2881846****////  44  371811 179 15894839485181694781833 283 2841854 2701834 277 2811801 2731832 264 265 241 247 219 202 179 161   2   0    0    01801
1820   3  10 329  10 329  101958   8  10 344  141958     277 2921901 2681951****////  45  391905 167 14794939493195994841901 238 2841902 2371954 256 2771902 2561957 257 261 242 246 222 202 181 162   0   0    0    01901
1821 360   6 360   9 360  182022  24   8 360  242013     273 2782019 2682009****////  46  432018 167 14795049504210094932001 246 2522022 2392001 250 2572009 2502058 250 257 242 244 221 203 180 162   2   0    0    02001
1822 327   3 309   4 359   92101 324   2 358  142104     249 2732101 2492200****////  59  452104 186 16395109510215995042101 220 2452101 2202200 240 2502101 2402200 245 254 242 242 223 204 181 163   0   0    0    02101
1823 312   2 335   2 344   72225 299   1 360   92223     230 2482201 2292258****////  68  592204 191 16895159516225895112204 208 2192201 2082300 231 2402201 2312300 238 249 241 240 224 205 182 164   0   0    0    02201
1900  99   2  22   3 353   32336 114   5 114   50000     224 2302301 2232346****////  72  682306 195 17195179518232595152302 203 2092320 2022353 224 2312320 2240000 232 245 240 237 225 205 182 164   0   0    0    02301
1901  99   7 102   7 359   90007  76   5 349  190004     217 2290009 2160049****////  75  680008 195 17195209520005095150015 199 2030001 1980055 219 2240001 2190100 227 241 238 235 225 205 183 164   0   0    0    00001
1902 127   5 132   4 174   80102  95   3 152  130134     215 2190121 2130156****////  73  720135 187 16595149519010495140200 193 1990101 1930200 214 2190101 2140200 223 238 237 232 225 206 183 165   1   0    0    00101
1903 239   1 219   6 219   70255   0   0 261  120255     212 2160201 2110246****////  76  730202 191 16895119513020995110300 190 1930202 1900253 210 2140201 2100300 219 234 235 230 225 206 183 165   0   0    0    00201
1904   0   0  64   1 360   60301   0   0 153   50333     202 2120301 2020358****////  80  750303 189 16695099510030395090348 185 1900301 1850359 206 2100301 2060400 215 231 234 227 225 206 183 165   0   0    0    00301
1905 170   3 168   9 184  160454 160   4 187  210448     220 2200458 2010427****////  72  720456 190 16795129512045895090402 187 1890455 1840439 203 2060401 2030500 212 228 232 225 225 206 183 165   0   0    0    00401
1906 316   4 284   6 284   80501 272   1 343  120549     213 2200501 2080523****////  74  720547 187 16595159515060095120501 182 1870504 1820529 200 2030501 2000600 209 225 231 223 225 206 183 165   0   0    0    00501
1907   4   4 343   3 360   60601  17   5 360   80611     201 2120601 1990644****////  81  740601 190 16795209520065995150602 191 1910658 1800619 203 2030700 1990625 207 223 229 221 224 206 183 165   1   0    0    00601
1908   0   0   0   0 359   40703   0   0 341   50701     226 2260759 2020701****////  69  690800 189 16695229523073995200701 228 2280800 1910701 222 2220800 2030701 207 222 227 218 223 205 182 164   0   0    0    00701
1909 183  15 182  13 182  130858 184  11 184  210858     241 2440835 2270801****////  61  600854 183 16195259526085395220801 263 2630900 2290801 248 2480900 2210801 219 223 226 218 220 204 180 162   2   1    0    00801
1910 142   8 181  12 192  140951 161  18 174  190957     256 2560956 2410901****////  56  560959 184 16295259526091995240907 315 3150959 2630901 282 2821000 2490901 232 227 225 218 219 203 179 161   2  60    0    00901
1911 148  19 165  12 307  151020 196  18 320  211032     275 2771059 2561002****////  49  481046 180 15895219525100295211056 367 3681059 3151001 321 3211100 2831001 250 234 225 220 217 201 178 159   6  60    0    01001
1912 179  16 191  16 201  221150 180  14 228  351146     286 2861200 2731104****////  48  461157 188 16595169521110195161200 399 3991200 3651103 350 3501200 3211101 267 243 226 224 216 201 177 159   2  60    0    01101
1913 200  16 184  13 256  161220 216  20 273  251221     300 3021239 2861201****////  41  401239 174 15395109515120295101300 419 4221238 3851221 374 3741259 3501201 284 253 228 229 215 200 176 158   3  30    0    01201
1914 164  14 199  18 199  181400  86   7 252  321331     307 3091352 2981302****////  41  391358 181 15995009509130295001358 410 4261353 4041334 379 3791357 3721304 295 263 231 235 215 200 176 158   2   0    0    01301
1915 162  15 181  15 221  211403 223  14 272  331441     315 3161459 3031405****////  39  381418 180 15994929500140194921459 416 4251433 4031405 386 3871433 3791405 302 271 234 241 215 200 176 158   3   0    0    01401
1916 196  16 184  11 208  211546 245  14 251  361542     317 3221521 3141545****////  42  381501 196 17294839492150294831559 385 4201502 3851600 365 3871502 3651600 303 277 238 247 216 200 176 158   3   0    0    01501
1917 190  25 172  18 172  181626 172  34 172  341700     316 3201617 3141605****////  39  381651 181 16094779483160294771700 353 3781601 3391639 339 3621601 3391639 296 280 242 251 217 201 177 159   2   0    0    01601
1918 182  15 187  18 207  201705 193  14 234  291707     311 3171725 3111758****////  42  371702 190 16794759477170394741759 314 3501701 3141800 312 3381701 3121800 287 279 245 254 219 202 178 160   0   0    0    01701
1919 194  16 192  13 208  171801 195  12 229  261814     303 3131809 3021858****////  42  381815 181 16094749474180294721826 279 3131801 2791900 288 3111801 2881900 278 276 247 255 221 202 179 160   0   0    0    01801
1920 183   7 187   5 194  141902 187   7 218  201901     269 3021901 2691959****////  56  411903 198 17494799479200094741902 243 2781901 2432000 268 2881901 2682000 268 271 248 254 224 204 180 162   0   0    0    01901
1921 195  10 192  10 192  112045 207   6 207  142040     269 2692001 2602038****////  57  562055 202 17794879487205894792002 235 2432001 2342052 256 2672001 2562100 259 266 249 252 226 205 181 163   0   0    0    02001
1922 206  16 201  14 201  152158 203  20 203  202200     280 2802200 2642114****////  52  522200 197 17294949494215894872101 243 2462150 2352101 253 2582139 2532200 254 262 248 250 226 205 181 163   0   0    0    02101
1923  46   3  67   2 204  162204  30   5 226  202203     252 2802203 2522259****////  65  512204 208 18294979498225194952202 232 2432204 2282245 247 2532201 2462251 249 258 247 247 227 205 182 163   0   0    0    02201
2000  67   2 102   4 104   42337  79   1 123   72354     245 2532316 2450000****////  69  632307 212 18495009500234994972301 224 2342315 2240000 241 2482305 2410000 245 255 246 245 228 206 182 163   0   0    0    02301
2001 102   9 103   8 104   80059  93   8 102   90058     239 2450027 2390100****////  74  700001 219 19094969500002594960100 220 2290019 2200100 238 2420019 2380100 241 252 245 243 229 206 182 164   0   0    0    00001
2002  21   2  19   2 187   80101  15   3 228   60101     230 2390116 2300158****////  76  720114 213 18594919496010194910154 213 2200101 2130158 231 2370101 2310200 237 249 244 241 229 207 182 164   0   0    0    00101
2003  73   6  96   9 110   90256  64   4 112  160252     230 2300256 2260242****////  76  760201 213 18594889491020394880238 208 2130201 2060258 227 2300201 2250256 233 245 242 235 230 207 183 164   0   0    0    00201
2004   0   0  81   3 112   90301   0   0 360   90306     224 2300301 2230341****////  79  760301 214 18694869489030494860347 207 2100303 2070306 223 2260307 2230305 229 242 241 236 229 207 183 164   0   0    0    00301
2005  99   5  99   4 110   40454  80   4 103   60449     227 2270500 2220418****////  79  780401 218 18994889488044194860401 218 2190453 2060409 228 2280459 2220420 227 240 240 234 229 207 183 164   0   0    0    00401
2006  73   2  42   2 330   50506  49   1 343   70518     234 2350520 2270501****////  74  730517 213 18594929492055894870501 221 2210554 2180501 230 2300559 2280501 228 238 238 232 228 207 182 164   0   0    0    00501
2007  98   5 104   5 106   60623 100   5 358   80618     235 2370623 2340601****////  75  720621 217 18894959495065994920601 225 2250700 2210611 231 2310659 2300601 228 237 237 231 228 207 182 164   0   0    0    00601
2008 343   3  10   2 360   80727 338   4 359  100721     247 2470800 2350701****////  71  680756 221 19195009500075494940701 248 2480800 2250701 242 2420800 2310701 229 236 236 230 227 206 182 163   0   0    0    00701
2009   7  14  37  10  37  100900  22   9 348  170852     264 2640856 2470801****////  59  570859 203 17795039503090095000802 279 2800858 2490801 262 2620900 2420801 236 237 235 229 225 205 180 162   2   0    0    00801
2010 346  13 352  10 357  120940 350  18 350  181000     269 2710930 2640901****////  55  540953 195 17195019503090995010959 290 2960929 2800901 274 2740949 2620901 244 240 235 230 225 205 180 161   3   0    0    00901
2011 356   7  20   8 360  141008 359  13 360  191006     274 2741055 2691001****////  56  531020 204 17994979501100394971100 296 2991017 2831035 277 2771100 2721032 248 244 235 231 224 205 180 161   0   0    0    01001
2012  12  17  13  17  17  181152   6  20 356  251121     280 2801200 2731135****////  54  531113 204 17894909497110194901200 319 3211157 2911136 296 2961200 2781101 253 246 235 232 223 205 179 161   1   0    0    01101
2013  78  15  72  15  84  181253  32   5 122  241249     287 2891223 2801201****////  53  491224 209 18294829490120194811259 347 3611227 3201201 317 3181228 2921216 264 251 236 234 222 203 178 160   4   0    0    01201
2014   9   9  11  13  62  171315 349  12 353  311352     292 2921400 2861304****////  49  471358 199 17494729482130294721400 348 3621308 3371322 326 3261400 3161321 271 256 237 237 222 204 178 160   2   0    0    01301
2015 104  20  97  22  97  221500 109  29 355  301425     292 2951446 2901415****////  51  461441 207 18094639472140194631500 340 3531445 3311432 324 3271450 3201430 275 260 238 240 222 204 179 160   3   0    0    01401
2016  64  20  62  21  92  251519  86  26 125  471510     292 2931525 2891513****////  48  481554 194 17194589463150194581558 339 3471525 3281550 323 3251527 3191550 276 263 240 242 223 204 179 160   1   0    0    01501
2017  59  16  61  18  93  231617  97  15 346  401609     293 2981632 2911614****////  48  451633 196 17294539458161094531657 334 3451630 3301655 318 3251633 3181700 277 265 241 245 223 204 179 160   2   0    0    01601
2018  82  19  85  20  93  271710  68  19 131  361716     281 2941701 2811800****////  52  471702 198 17394509454170894481746 290 3331701 2861754 294 3181701 2941800 273 266 243 246 224 205 180 161   0   0    0    01701
2019  65  24  61  16  68  211819  58  29 141  371814     270 2811801 2701851****////  54  521804 192 16994529453185194501803 259 2891801 2591900 268 2931801 2681900 263 264 244 247 226 206 181 162   0   0    0    01801
2020  41  22  46  18  62  201907 109  14 112  321910     263 2701901 2631959****////  58  541901 198 17494559455195694521901 248 2591901 2471955 255 2681901 2552000 255 261 245 247 227 207 181 163   2   0    0    01901
2021  44  27  52  20  63  222014  83  24  98  372043     255 2622001 2552100****////  60  582001 196 17294589459205594562001 242 2472001 2412058 247 2552001 2472100 249 257 245 245 228 207 182 163   0   0    0    02001
2022  47  24  61  24  63  252108  22  13 343  472106     250 2552101 2502200****////  62  602101 196 17294679467215594592101 237 2422101 2372200 241 2472101 2412158 243 253 245 243 228 208 182 163   2   0    0    02101
2023  69  17  61  15  66  252218  72  22 133  542215     248 2502201 2482259****////  64  622201 200 17594739473225694672201 229 2362201 2292300 238 2412203 2382300 239 250 244 241 229 208 182 164   2   0    0    02201
2100  98   9  93  11  93  222312  81  11 323  402311     236 2482301 2360000****////  75  642301 218 18994759475234294732302 221 2292324 2172335 236 2382301 2352335 236 246 243 239 229 208 183 164   0   0    0    02301
2101  60  10  41  14  41  150055  50   8  50  260053  14 218 2360001 2180059****////  86  750001 225 19494729476001094710048 215 2210008 2150100 231 2360002 2300045 233 244 241 237 229 209 183 164   0   0    0    00001
2102  72  14  69  14  76  180135  70  11 167  260127   1 219 2190154 2160111****////  86  860101 226 19594649472010294640200 215 2180119 2140120 230 2310119 2290120 231 242 240 235 229 209 184 165   0   0    0    00101
2103  38  15  45   7  62  140205 350  11 354  260234   1 219 2200223 2190201****////  86  860201 226 19594609464020194600300 217 2210233 2140237 230 2320233 2280226 229 240 239 233 229 209 183 164   1   0    0    00201
2104  36  18  49  13  52  160328  69  13 357  290351     220 2210348 2190301****////  85  850320 225 19494589460031594570336 216 2170331 2150325 229 2300301 2290358 228 238 238 232 229 209 183 164   0   0    0    00301
2105  77  15  73  18  73  200452  99  15 109  300440     217 2210425 2170454****////  86  840422 223 19394599459044494580403 213 2160413 2130459 226 2290401 2260459 226 237 237 230 229 209 184 165   0   0    0    00401
2106  34  14  41  14  76  180501 337   8 343  300511   1 216 2170501 2160508****////  87  860501 224 19394639463053194590501 214 2150534 2130522 226 2260511 2250526 225 235 236 229 228 209 184 165   0   0    0    00501
2107  55   6  47  14  47  180654  18  11 132  320619     218 2180659 2160601****////  86  860658 225 19494709470065794630605 215 2150646 2130607 225 2260642 2250655 224 234 235 228 228 210 184 165   1   0    0    00601
2108  70  13  66  11  66  150709  13  14 352  320715     217 2180701 2170704****////  86  850723 223 19394769476075894700703 217 2180758 2130724 227 2270758 2250721 223 233 234 227 227 210 184 165   0   0    0    00701
2109  53  12  57  16  60  170857  83  24  83  390855     218 2180855 2170801****////  86  860802 225 19494829482085894760802 217 2210814 2170801 228 2300815 2270801 224 232 233 226 227 210 184 165   0   0    0    00801
2110  82  15  81  17  81  190916  55  17 359  370906     215 2190905 2140958****////  87  860901 223 19294879487095894820901 217 2180906 2140926 228 2280904 2260925 223 232 232 225 227 210 184 165   0   0    0    00901
2111  69  19  74  19  74  211059  92   7 116  341052     214 2151028 2141005****////  87  871001 222 19194929492105894871004 219 2201033 2151007 230 2301100 2271014 223 231 231 225 226 210 184 165   0   0    0    01001
2112  47  27  56  29  56  291200  43  32 359  411101     210 2151108 2101158****////  87  871101 216 18894959495115994921102 213 2221107 2121159 228 2311107 2271158 223 231 231 224 226 210 184 165   0   0    0    01101
2113  40  26  46  26  61  301201  41  42 358  601255   1 202 2101201 2021300****////  86  861240 203 17894999499125994951201 206 2161236 2051258 226 2291236 2261259 223 230 230 224 226 210 184 165   0   0    0    01201
2114  45  28  51  27  53  301348  46  24  92  501349     199 2031328 1991400****////  86  861301 200 17594989499130194981355 203 2101319 2021358 225 2281323 2241359 221 230 230 223 226 210 184 165   0   0    0    01301
2115  26  27  41  26  54  331419  53  19 358  511413     190 1991401 1901459****////  86  841414 189 16694989499140894971440 197 2031406 1961459 221 2241403 2211458 219 229 229 222 226 211 185 165   0   0    0    01401
2116  51  23  57  26  59  311532  36  16 110  511519     188 1901501 1871540****////  85  851504 184 16294999499155994971528 191 1981502 1891547 215 2211502 2151559 217 227 229 222 225 211 185 166   0   0    0    01501
2117  43  44  47  32  49  321655 354  15 354  661646     182 1881601 1821700****////  84  841612 175 15595019501165994981630 182 1921607 1821700 209 2151607 2091700 214 225 228 220 225 211 185 166   0   0    0    01601
2118  61  16  59  20  71  331727  82  26 354  671734     181 1831702 1811750****////  86  831722 179 15795079507180095021703 183 1841708 1811737 205 2101703 2051759 210 223 227 219 225 212 185 166   0   0    0    01701
2119  44  11  44  18  66  211805  62  10  78  461852     182 1821816 1801832****////  85  851853 178 15695149514185795061810 182 1851822 1801847 204 2061816 2041854 208 221 226 218 225 212 185 166   0   0    0    01801
2120  49  13  58  11  72  191931  20  11 110  311940     185 1852000 1821901****////  84  842000 179 15795259525200095151901 181 1831901 1801932 201 2041901 2012000 205 219 225 216 224 212 185 166   0   0    0    01901
2121 337   3  26   5  71  112001  52   6 349  112006     184 1852001 1832037****////  85  832001 180 15895319531210095252001 182 1842047 1812001 201 2022037 2012001 204 217 224 215 224 211 185 166   0   0    0    02001
2122 309   6 331  10 344  152153 314  14 357  232135     183 1852115 1832153****////  86  842105 181 15995389538214795312114 180 1832132 1802200 200 2012101 2002154 203 216 223 213 223 211 185 166   1   0    0    02101
2123 358   9 342  12 343  152229 355   6 358  252220   1 183 1842238 1822217****////  85  852224 179 15795449544230095382201 180 1812217 1792229 199 2002201 1992300 201 214 222 212 222 211 185 166   2   0    0    02201
2200 290   9 307   8 358  122303 260   8 357  232302     186 1860000 1832301****////  83  832332 178 15795489550234895432303 180 1822355 1792330 198 1992301 1982336 200 213 221 211 222 211 185 166   1   0    0    02301
2201 345   9 330  10 350  130038  48  13 359  230031     185 1870012 1850047****////  84  830001 179 15795479550003295470002 179 1820013 1790100 197 1980016 1970100 199 212 220 210 221 211 185 166   0   0    0    00001
2202 305   5 325   6 343  110106 269   5 359  180122     186 1870145 1850101****////  84  830130 180 15895439547010295430200 181 1820145 1780129 197 1970120 1970126 198 211 219 209 221 211 185 166   0   0    0    00101
2203   1   6 318   6 318  130244 318  10 360  210222     188 1890253 1850204****////  82  810245 178 15795399543022995390257 180 1810201 1790239 196 1970201 1960249 197 210 218 208 220 211 185 166   0   0    0    00201
2204 351   4 323   4 327   70319 334   8 345  150311     187 1880301 1860332****////  83  820301 179 15895399540033595380323 182 1820400 1790321 196 1960307 1960353 196 209 217 207 219 211 185 166   1   0    0    00301
2205 275  20 246  14 246  140500 304  20 304  250458     185 1870401 1850500****////  84  830401 179 15795429543045695390406 179 1830423 1790431 195 1960423 1950500 196 208 216 206 219 211 185 166   0   0    0    00401
2206 261   7 264  10 317  200506 246  12 337  300503     184 1840501 1830508****////  85  840501 180 15895449544054595410505 180 1800522 1780514 194 1950501 1940514 195 208 215 205 219 211 186 166   0   0    0    00501
2207 291  10 281   6 308  130614 280  12 329  210612     184 1840601 1830650****////  85  850601 180 15895509550064395440601 181 1820626 1790608 195 1950700 1940614 195 207 215 205 218 211 186 166   0   0    0    00601
2208 357  10  15   6 359  140708 324   6 354  250702     190 1910755 1830705****////  83  790739 182 16095559555080095490708 194 1940751 1800705 202 2020800 1950705 196 206 214 204 217 211 185 166   1   0    0    00701
2209  75  10  76  15  87  200839  81  13 121  290835     195 1950843 1900809****////  71  680842 161 14195609561084495550801 202 2020900 1880834 207 2070900 2010816 198 207 213 204 216 211 185 165   0   0    0    00801
2210  85  12  77  15  83  260917  68  25 350  400911     197 1971000 1950901****////  67  650948 154 13495639563095795600908 205 2060957 1950919 210 2100955 2060920 200 207 213 203 215 210 185 165   2   0    0    00901
2211  68  22  64  24  70  261012  63  15 350  511007     201 2011100 1961006****////  65  631055 153 13395649564105595631007 235 2361057 2031007 227 2271100 2101001 204 208 213 204 215 210 184 165   3   0    0    01001
2212  72  34  75  27  83  321154  74  30  95  441144     201 2081127 1991147****////  65  631132 153 13395679568115495641107 243 2681126 2341137 240 2451126 2281101 212 211 213 204 214 209 185 163   3   0    0    01101
2213  43  18  58  22  84  361219  70  13 128  541246     197 2021228 1941248****////  68  641217 156 13695659568121195641256 259 2651256 2351221 251 2521256 2401201 218 215 213 206 212 210 184 167   2   0    0    01201
2214  77  31  77  30  83  321321  89  39 128  481320     199 2031352 1941321****////  67  661353 156 13695599565130295591358 278 2851352 2421306 266 2681352 2461306 225 219 213 208 212 209 184 164   2   0    0    01301
2215  70  17  73  24  92  311401  73   9 359  501414     204 2051450 1981402****////  65  631452 156 13695519558140295511459 251 2751422 2501457 257 2651401 2571500 229 223 214 210 212 209 184 164   0   0    0    01401
2216  70  17  88  27  94  311558  90  15 112  431552     210 2121549 2021511****////  60  591556 149 12995469551150495461554 264 2911537 2411513 264 2691548 2531514 231 225 216 213 212 208 183 164   3   0    0    01501
2217  90  10  99  11 100  261601  61   5 142  421628     209 2111602 2061620****////  62  591603 153 13495419546160195411658 227 2651601 2161646 240 2631601 2371650 227 227 217 214 213 209 185 165   0   0    0    01601
2218  63   3  62   7  93  181731  61   1 163  301728     209 2101707 2071731****////  61  591704 151 13195369541170795361751 220 2311705 2161750 231 2401702 2311759 223 226 218 215 213 209 185 165   1   0    0    01701
2219  86  15  91  13  92  141826 104  14 120  221820     204 2101802 2041900****////  60  591842 144 12495389539185395361804 199 2221804 1991900 219 2311802 2191900 218 224 218 215 213 209 185 165   1   0    0    01801
2220  89  10  84  10  84  181932  99   8 148  301928     197 2041901 1972000****////  63  601917 145 12595449544200095381903 188 1991901 1882000 209 2191901 2092000 212 222 219 214 214 210 186 166   0   0    0    01901
2221  85  10  92  10 104  142009  83  21  83  212100     194 1972001 1942026****////  65  632004 146 12795519551205095432002 185 1882001 1852100 205 2092001 2052100 207 219 218 213 214 210 186 166   0   0    0    02001
2222  99  18  99  19  99  202154 115  15 115  282145     187 1932102 1872200****////  68  642107 147 12795559556215295512102 178 1852101 1782200 199 2052101 1992200 203 216 218 211 215 210 186 166   0   0    0    02101
2223 130  11 126  12 126  182201 111  11 151  202219     187 1872201 1862212****////  68  672245 147 12795589558225495552201 178 1792245 1772209 197 1992201 1972300 200 214 217 210 215 210 186 166   0   0    0    02201
2300 119   7 116   4 125  122303 127   6 166  202315     185 1872305 1852316****////  69  672302 147 12795589559234695582359 178 1782355 1772328 196 1972301 1962346 197 211 216 208 214 210 186 166   0   0    0    02301
2301   0   0   0   0 170   60008   0   0 204   70015     180 1850004 1800055****////  74  690002 153 13395539558000295530055 175 1780004 1750053 194 1960005 1940059 196 209 215 206 214 210 187 167   2   0    0    00001
2302   0   0   0   0 194   10112   0   0 175   40118     177 1810103 1760149****////  80  750101 162 14295449553010295440200 175 1760105 1740155 193 1940101 1930159 194 208 214 205 214 210 187 167   0   0    0    00101
2303 211   6 242   6 248   60258 246   6 258  100257     179 1790227 1750222****////  74  740258 152 13295379544020195370255 171 1760201 1700256 191 1930201 1910300 193 206 213 204 214 210 187 167   0   0    0    00201
2304 280   7 287   4 322   90316 273   8 352  120308     177 1800314 1770351****////  76  730312 154 13495349537030395340400 171 1730350 1700308 190 1910301 1900400 191 205 212 203 214 210 187 167   0   0    0    00301
2305 247  13 262  11 271  130429 222  13 316  170426     177 1780402 1760427****////  77  750404 156 13695329534040195310442 170 1710418 1690407 187 1900401 1870459 190 204 211 201 213 210 187 167   0   0    0    00401
2306  64   2  31   2 348  130503   0   0 338  180501     176 1770524 1760536****////  78  760514 157 13795359536054295320503 171 1710554 1700502 187 1870515 1870600 189 202 210 200 213 210 187 167   0   0    0    00501
2307 334   2 347   2 357   40648 327   2 358   50646   1 177 1770659 1740624****////  81  780601 164 14495349534060195330612 177 1770700 1710607 189 1890700 1870601 188 201 209 199 212 210 187 167   2   0    0    00601
2308 278   9 274   6 313   90745 265   8 317  140743     186 1860800 1770701****////  78  770757 167 14795379537075995330714 194 1940800 1770701 198 1980800 1890701 190 201 209 199 211 209 186 166   1   0    0    00701
2309 354   8 339   7 341   90816   3  10 359  150813     193 1930900 1860801****////  75  740851 168 14895419541085395370801 210 2100900 1940801 209 2090900 1980801 194 201 208 198 210 208 186 166   0   0    0    00801
2310  33  15  29  22  69  250939  19  19 360  380934     203 2030952 1920903****////  60  580947 143 12395419542093395410902 233 2331000 2090911 224 2240958 2090901 200 203 207 199 209 208 185 165   4   0    0    00901
2311  19  18  43  16  74  241001  18  23 358  411001     207 2081057 2021013****////  58  571058 142 12195409541100595401042 248 2491057 2321012 235 2351100 2251001 207 206 207 199 208 207 185 165   3   0    0    01001
2312  65  24  74  19  84  241124  93  24 198  421116     218 2191159 2061102****////  54  541200 141 12195369540110195361159 300 3001200 2481101 270 2701200 2361101 218 210 208 201 206 206 184 163   4   0    0    01101
2313  16  26  24  26  55  341234  26  28 357  471233     219 2221223 2141210****////  56  531227 147 12795299536120295291259 299 3111223 2911242 285 2851300 2711201 232 217 208 203 207 205 184 163   3   0    0    01201
2314  84  29  73  22 104  261301  67  19 149  401346     229 2311359 2181310****////  52  521347 145 12595209529130495201355 334 3501335 2991301 307 3101346 2841309 245 224 210 207 205 204 183 162   2   0    0    01301
2315  41  21  47  23  55  241459 353  23 359  391403     235 2351459 2221405****////  51  501451 148 12895149520140195141457 356 3591459 3131412 328 3311459 3011411 253 232 212 212 205 204 183 162   0   2    0    01401
2316  63  17  76  25  83  261557  39  15 354  491511     226 2351501 2241556****////  55  501530 151 13195099514150195091559 277 3491501 2741557 281 3241501 2811600 253 238 214 216 207 205 184 163   0   0    0    01501
2317  58  24  66  22  97  301622  97  24 330  451619     220 2261601 2201658****////  56  541601 148 12895079510160395061646 250 2741601 2501700 264 2801601 2641700 245 239 217 219 208 206 185 164   0   0    0    01601
2318  73  21  80  22  80  241703  64  14 357  421722     210 2201701 2101757****////  61  561701 152 13295089508172395071716 223 2501713 2231800 243 2641701 2431800 238 237 219 221 209 207 185 165   0   0    0    01701
2319  86  17  80  16  85  241808 101  23 142  371801     204 2101801 2031857****////  66  611803 158 13895149514185995071806 205 2221801 2051859 227 2431801 2271900 228 234 220 221 210 207 186 166   0   0    0    01801
2320  66  20  68  21  91  241911  71  15 358  391932     197 2031901 1971957****////  68  671901 156 13695229522194895141901 194 2051901 1942000 215 2271901 2152000 220 230 221 219 211 208 187 166   1   0    0    01901
2321  74  19  78  28  79  302057 104  24 318  542056     194 1972001 1942053****////  70  682003 158 13895289528210095222001 189 1942001 1892059 208 2152001 2072058 213 225 220 218 212 208 187 166   2   0    0    02001
2322  67  18  72  18  83  272101  84  18 133  352115     192 1942101 1922157****////  72  702101 160 14095359536215595282101 186 1892101 1862200 203 2082101 2032200 209 221 220 215 213 208 187 167   2   0    0    02101
2323  80  15  84  15  84  302229  49  10 139  502228     190 1922203 1902222****////  72  712205 158 13895459545230095352201 186 1862201 1852212 201 2032203 2012242 205 218 219 213 213 208 187 167   2   0    0    02201
2400  72  10  71  14  94  202338   8   4 324  322312     177 1902301 1772353****////  83  722313 168 14895469546233495442313 177 1862302 1742335 197 2012301 1970000 201 215 218 211 213 208 188 167   0   0    0    02301
2401  70   6  53   8  71  130001   0   0 117  210021   3 172 1770003 1720055****////  87  830001 171 15095449546000195430054 174 1770004 1740100 195 1970001 1950036 198 213 216 209 213 208 188 167   0   0    0    00001
2402   3  13   8  10  45  150132   6  17 356  340125     174 1740154 1720102****////  87  870101 173 15295399544010295380154 175 1760111 1720131 195 1950108 1940134 196 210 215 207 213 208 188 168   0   0    0    00101
2403  46  17  50  21  50  230234  62  11  89  400255   1 170 1730210 1700257****////  86  860237 167 14695369539021995360257 170 1750209 1690258 191 1950210 1910300 195 208 214 205 213 208 188 168   0   0    0    00201
2404  57   8  53  13  56  230334  35   2 120  370327     169 1710302 1680337****////  87  860301 167 14795349536030195340339 169 1710310 1670334 189 1910302 1890348 193 206 213 204 213 208 188 168   0   0    0    00301
2405  84  26  64  28  64  280500  48  42  90  500454   1 166 1690401 1660452****////  83  830457 157 13795379537045395340401 162 1700404 1620458 185 1890406 1850459 191 205 212 202 213 208 188 168   2   0    0    00401
2406  73  36  67  20  70  320503  83  36 109  520520     164 1660501 1630555****////  83  820512 155 13595439543055895370501 160 1620501 1590541 181 1850501 1810542 188 203 210 201 212 208 189 168   0   0    0    00501
2407  55  22  42  17  61  250633  46  24 348  520632     163 1640601 1630608****////  84  830601 156 13695489548070095430610 162 1620700 1580635 182 1820700 1800631 186 201 209 200 212 208 189 168   0   0    0    00601
2408  30  20  34  17  60  240733  37  11 293  450729     163 1630704 1630717****////  85  830729 157 13895549554075995480702 164 1650759 1600705 184 1840800 1810705 185 199 208 198 211 208 189 168   0   0    0    00701
2409  50  18  45  19  49  230818   6  23 129  450848  13 163 1640833 1630801****////  85  840825 157 13895599559085995540801 168 1680839 1630804 187 1870857 1840801 185 198 207 197 210 208 188 168  14   0    0    00801
2410  91  24  85  25  86  270952  41  19 136  440943   1 171 1710957 1630908****////  79  790955 154 13495589560092595570952 177 1780959 1670902 195 1951000 1870902 187 198 206 196 210 208 188 168   0   0    0    00901
2411  71  21  86  18  95  251007   1  10 138  351005     178 1791058 1711001****////  74  741100 151 13195639563110095581001 197 1971100 1771001 204 2041058 1951001 190 198 205 195 209 207 188 167   0   0    0    01001
2412  60  15  80  17  81  221149  43  12 132  311104     191 1921159 1791106****////  65  651200 144 12495629563111895621142 264 2641200 1981101 234 2341200 2041101 196 200 205 195 207 206 186 166   4   0    0    01101
2413  53  23  23  21  70  221218  39  38  39  381300     199 2021241 1911201****////  61  601258 142 12295589562121995581248 250 2851239 2501300 250 2571240 2361201 211 204 205 196 205 205 185 165   5   0    0    01201
2414  69  18  62  12  71  211301  49  10 358  261326     202 2031358 1981302****////  59  581359 140 11995549558130195541348 230 2541308 2301400 238 2501301 2381400 215 210 205 199 206 205 186 165   0   0    0    01301
2415  90  12  85  18  85  231440  84  13 138  461433     201 2081419 2011402****////  58  551421 136 11695529554140295511441 225 2551419 2251458 238 2451422 2381459 216 213 206 201 205 205 186 165   2   0    0    01401
2416  30  19  39  18  39  181557  32  19 111  351552     206 2061555 2021501****////  56  551516 136 11595489552150795481557 241 2411600 2251507 240 2401559 2361513 216 214 207 203 205 205 186 165   0   0    0    01501
2417  21   6  28   9  60  171601 320   9 358  211605     206 2071603 2051627****////  56  551618 136 11595509550161995481607 220 2391601 2161650 228 2401601 2281654 215 215 208 204 205 205 186 166   0   0    0    01601
2418  49   3  39   9 360  141735  56   5 354  291729     204 2061701 2021722****////  58  551704 139 11995529552174095501703 204 2201701 2041759 219 2291703 2191800 212 215 209 205 206 206 187 166   0   0    0    01701
2419 356   5 355   4 355   91801 339   3 357   91818     199 2051805 1981839****////  64  571806 149 12995559555185895521802 194 2061805 1941900 212 2191801 2121900 208 214 209 205 206 206 187 166   0   0    0    01801
2420 337   8 343   9 352  151939 341   9 360  201931     195 1991901 1941954****////  66  621905 150 13095619561195495551901 184 1941901 1842000 204 2111901 2042000 204 213 210 205 207 206 188 167   0   0    0    01901
2421 286  10 305   5 329  132033 300   8 350  182029     192 1952001 1912057****////  68  662001 151 13295669566205895612002 181 1842002 1812100 200 2042001 2002100 200 210 210 204 207 206 188 167   0   0    0    02001
2422 283   3 325   5 356   92110 340   4 358  122109     187 1932102 1862151****////  74  682102 159 14095719572215795662101 180 1812125 1792159 197 2002101 1972200 198 208 209 203 207 206 188 167   0   0    0    02101
2423 293  11 291  10 294  152247 281   5 342  192246     187 1872205 1832234****////  75  742202 162 14295779577230095712201 171 1802201 1712247 194 1982201 1942300 195 207 209 202 207 206 188 167   0   0    0    02201
2500   0   0 358   2 358  102301   7   1 356  102306   1 179 1872301 1792358****////  83  752301 170 15095729578230995722357 175 1750000 1712301 192 1942311 1920000 193 205 208 201 207 206 188 168   0   0    0    02301
2501 299   5 287   5 333   50023 293   7 293   70100     176 1790001 1750056****////  85  830001 171 15195679572000295670051 173 1750001 1730059 191 1920001 1910100 192 204 208 200 207 206 188 168   0   0    0    00001
2502 339   3   4   2 359   60101 354   3 354   60104     173 1770104 1730158****////  86  850101 170 14995629567010195620200 171 1730118 1710158 189 1910101 1890159 190 202 207 199 207 206 188 168   2   0    0    00101
2503 195   4 219   7 228   70245 162   5 249  110244     176 1760300 1710245****////  80  800257 161 14195599562020995590259 169 1730217 1690258 187 1890201 1870300 189 201 206 198 207 206 189 168   0   0    0    00201
2504   0   0   0   0 226  120320   0   0 212  170314     171 1760306 1710400****////  83  790321 162 14295579559030295560322 167 1690301 1670400 185 1870301 1850400 187 199 205 196 207 206 189 168   0   0    0    00301
2505   0   0  22   2 354   50417   0   0 360   80415     170 1750428 1700500****////  84  800423 163 14395589559045095560416 167 1680407 1650426 184 1850401 1840459 186 198 204 195 207 206 189 168   0   0    0    00401
2506 280   2 316   2 337   40528 218   3 339   60535     170 1710507 1690514****////  84  830503 163 14395659565060095580501 168 1680600 1670535 183 1840505 1830559 184 197 204 195 206 206 189 168   0   0    0    00501
2507 325   4 308   2 340   50644 333   5 358   70643     173 1730700 1690620****////  83  830646 164 14495669566065995620622 175 1750700 1670619 186 1860700 1830615 184 196 203 194 206 206 189 168   0   0    0    00601
2508 237  10 232   9 254  100752 224  12 266  140743     181 1810800 1730711****////  73  730800 152 13295709570075995650714 181 1830758 1730732 193 1930800 1860701 185 196 202 193 205 205 188 167   1   0    0    00701
2509 239   4 275   4 315  100801 249   5 359  130801     190 1910833 1810801****////  68  660844 149 13095749574084795710801 201 2060834 1810801 205 2060840 1940801 190 196 202 193 204 204 187 166   0   0    0    00801
2510 216   2 222   4 255   70920 205   4 302  110913     200 2001000 1890903****////  65  640958 152 13295769576095995730921 240 2420958 2010901 222 2220957 2050901 195 198 201 193 203 204 186 166   0   0    0    00901
2511 166   9 211  10 220  171041 116   8 274  271036     206 2061058 1981010****////  61  591056 148 12895769577101395751028 284 2841100 2331006 251 2511100 2211005 203 201 201 194 202 203 185 165   6   0    0    01001
2512 184  22 201  16 206  191136 193  19 193  311159     216 2161200 2051103****////  56  561157 144 12595729576110395711154 333 3331200 2791118 287 2871200 2521101 216 206 202 196 200 201 184 164   3   5    0    01101
2513 160  18 171  22 179  231257  91  11 194  321252   1 231 2321248 2151201****////  50  491239 141 12195669572120295661259 404 4151251 3411201 344 3481252 2911201 248 216 203 199 203 200 185 164   3  58    0    01201
2514 227  17 206  20 223  221351 245  13 245  361348     234 2431343 2301306****////  47  451344 135 11595599565130195591359 362 4301343 3541358 340 3601344 3311312 264 229 205 205 198 200 183 163   4  26    0    01301
2515 186  19 184  21 184  211459 215  20 215  391459     248 2501459 2351401****////  46  431444 144 12495529560140495521500 370 3831457 3171435 341 3491458 3161435 266 239 208 212 199 200 183 163   3  14    0    01401
2516 234   9 234   5 236  211538 194  13 341  361513     247 2611527 2411549****////  47  411530 146 12695459551150195441559 300 3901512 2901548 303 3511507 2961548 269 246 212 218 200 200 184 163   1  23    0    01501
2517  84  10  77  11  77  111658 103  15 103  181649     243 2541624 2431658****////  45  411611 137 11695419545160495411657 250 3141639 2501700 272 3051609 2721700 262 248 216 223 202 201 184 164   0   0    0    01601
2518   2   9   8   5  54  111738   7  15 331  191734     245 2461756 2421702****////  44  431710 135 11595459545175795411701 258 2591752 2491702 265 2721701 2651800 251 246 219 225 204 202 185 165   0   0    0    01701
2519  16  14  26  14 354  171838  64  12 359  281831     228 2451801 2281858****////  55  431801 153 13395549554185895451804 220 2571801 2201900 242 2651801 2421900 243 243 221 226 206 203 186 166   2   0    0    01801
2520 204  15 207  11 208  241931 197  16 225  361926     214 2281901 2142000****////  68  541904 173 15395629562200095541901 203 2201901 2011944 230 2421901 2302000 234 238 221 225 208 203 187 166   0   0    0    01901
2521 196  19 200  23 200  282052 194  22 218  342045     207 2142001 2072056****////  70  662031 171 15095709570210095622001 199 2042012 1962032 222 2322001 2222100 226 235 223 223 209 204 188 167   1   0    0    02001
2522 211   9 218  11 219  212101 192  11 253  282122     203 2082118 2032155****////  70  682117 167 14795759576215995692121 193 1992115 1932200 215 2222102 2152200 219 230 222 221 210 204 188 167   0   0    0    02101
2523 175  21 186  20 188  202259 189  23 189  272257     199 2032201 1992258****////  74  702201 172 15195759577222795752220 189 1932201 1892258 209 2152201 2092300 214 226 221 219 211 204 188 167   0   0    0    02201
2600 229  12 242  15 254  202301 209  13 302  262329     200 2000000 1962311****////  72  722349 168 14895729576230695722336 187 1892303 1862340 205 2092301 2052358 209 222 220 216 211 204 188 168   0   0    0    02301
2601 197   7 211  11 244  170012 190   6 304  250010     195 1990001 1950055****////  75  720001 170 15095659572000195650100 183 1870001 1820052 202 2050001 2020059 206 219 219 214 212 204 188 168   1   0    0    00001
2602 174   6 189   9 240  110101 179   8 218  110152     188 1950101 1860142****////  81  760101 176 15595609565010195580144 176 1820101 1760200 197 2020102 1970200 203 216 218 212 212 204 189 168   0   0    0    00101
2603 207   1 165   2 190   80201   0   0 209  150217     182 1880201 1820257****////  83  800202 173 15395569559020195550257 172 1760201 1720255 193 1970201 1930300 199 214 216 210 212 204 189 168   0   0    0    00201
2604   0   0 308   2 308   70344  53   1 283  100325     177 1820301 1760355****////  86  830301 174 15395519556030895500351 165 1720301 1650400 188 1930301 1880400 196 211 215 208 212 205 189 169   0   0    0    00301
2605 147   3 140   2 182   50446 223   3 229   80444     171 1770401 1710436****////  87  850403 170 14995509552045395490414 158 1640401 1580459 181 1880401 1810500 192 208 214 206 212 205 190 169   0   0    0    00401
2606   0   0  37   2 178  130511   0   0 206  210524     171 1820525 1710501****////  86  830527 168 14795509550055395480538 154 1630527 1540556 178 1810510 1780559 189 205 212 204 212 205 190 169   0   0    0    00501
2607 349   3   0   0 292   20601 353   4 353   40637     175 1750700 1670629****////  87  860601 174 15395539553065995490611 174 1740700 1540614 184 1840700 1780611 186 203 211 202 211 205 189 169   0   0    0    00601
2608 214   8 201   7 201   70800 185  10 252  100757     202 2050739 1760701****////  74  720740 175 15495609560075995530701 210 2100800 1750701 203 2030800 1840701 190 202 210 200 209 203 188 167   2  52    0    00701
2609 111   7 101   7 241  150808 114   4 311  250806     217 2170855 1990806****////  68  670858 176 15595629563083995600801 249 2490900 2080806 239 2390900 2030801 200 203 209 199 207 201 186 165   2  60    0    00801
2610 167  10 129   7 234  130937 177  11 290  200933     232 2330959 2130908****////  61  611000 173 15395599562090495590958 319 3191000 2490912 273 2731000 2390901 215 208 208 200 206 200 185 164   1  59    0    00901
2611 139  10 165  12 184  201029  60   5 227  251014     234 2401043 2281016****////  56  551057 161 14195519559100195511100 321 3741044 3201001 297 3121051 2741001 236 216 208 202 204 199 184 163   7  56    0    01001
2612 195  28 196  23 196  231200 212  23 259  341142     249 2491159 2351101****////  52  491147 164 14495459552110295451200 403 4061146 3191101 346 3461200 2961101 251 226 209 207 203 199 183 163   0  49    0    01101
2613 201  25 183  20 209  251203 242  27 265  421215     255 2601240 2481206****////  48  451230 157 13795379545120195371300 387 4301240 3171254 340 3601242 3161254 266 236 212 213 203 199 183 163   2  40    0    01201
2614 184  16 160  18 206  241323 181  11 278  351332     269 2691359 2561302****////  41  391355 145 12595279538130195271359 435 4351400 3941301 376 3761400 3421301 283 247 215 219 203 198 182 162   2  56    0    01301
2615 162  23 179  23 182  261454 178  25 233  411450     272 2731428 2611422****////  44  411457 159 13995169527140195161459 418 4341401 3741421 370 3771403 3541421 291 257 219 226 203 198 182 162   3  33    0    01401
2616 169  26 133  25 193  291522 169  29 217  431516     270 2771532 2691520****////  44  391510 157 13795069516150195061557 342 4251508 3421600 335 3711504 3351600 294 264 223 232 204 198 183 163   8  52    0    01501
2617 119  19 127  15 145  241601 122  13 206  411609     261 2701603 2601653****////  45  421606 152 13295039507160195021659 274 3381601 2741700 287 3331601 2871700 277 265 227 237 207 200 185 164   0   0    0    01601
2618  20   7  33  10 207  231743   3   8 222  291740     267 2771701 2671800****   0  47  371701 165 14595339538170895251745 269 2971701 2681758 258 2811701 2581759 270 270 230 245 207 196 181 161   0   013800129001734
2619 111  18 123  17 125  331842 131  20 170  461839     247 2581802 2471856****////  53  451809 165 14595039504180695011837 237 2601802 2371900 251 2711802 2511900 253 256 232 238 211 202 186 166   3   0    0    01802
2620 114  22 117  21 117  212000 125  26 199  381939     243 2471901 2431955****////  56  531903 170 15095109510200095021901 229 2371901 2292000 240 2511901 2401959 244 251 233 236 213 202 187 166   2   0    0    01901
2621 115  23 115  27 121  272011 145  22 145  452056     237 2432007 2372053****////  59  552006 173 15295179517210095102004 224 2282001 2242100 232 2402001 2322100 237 246 233 234 214 202 187 166   2   0    0    02001
2622 184  12 178  15 178  302116 172   8 222  372110     232 2362101 2322158****////  61  592103 173 15395249524215995172101 219 2232101 2192159 229 2332102 2292157 231 241 232 231 215 203 187 167   0   0    0    02101
2623 352  24 349  23 349  232257  14  26 359  292214     211 2322205 2112257****////  77  612202 193 16995329532225895242201 208 2192213 2082300 225 2302212 2252300 228 238 231 229 216 203 188 167  65   0    0    02201
2700  23  12   7  15 360  242301  30  15 360  362322     207 2112301 2072332****////  81  762301 198 17395339534232495322304 205 2082301 2042351 222 2252301 2222359 224 235 230 227 217 203 188 168   0   0    0    02301
2701 335  13 353  11 360  150003 315   6 358  220003     204 2070008 2040059****////  81  800012 194 17095319533002295310057 201 2050015 2010100 220 2220003 2200100 222 232 228 225 217 203 188 168   1   0    0    00001
2702  29  11  16  14  19  190129 360   8 360  260123     202 2040101 2020200****////  81  810101 192 16895269531010295260157 200 2010115 2000158 217 2200101 2170200 219 230 227 223 217 204 188 168   0   0    0    00101
2703  37   9  32  14  37  180237  18  11 356  270231     204 2040249 2030202****////  80  800233 192 16895249526020195240237 199 2010212 1990258 215 2170210 2150256 217 227 226 221 217 204 188 168   1   0    0    00201
2704  51   9  39  10  41  240328  55  12 357  380322     202 2040308 2020356****////  80  790359 189 16695249525035795220333 198 2000302 1970341 212 2150301 2120358 214 225 225 219 217 204 188 168   0   0    0    00301
2705  60  16  57  18  57  210454  44  27  84  400458     203 2030458 2010423****////  78  780500 186 16395279527045595240406 197 1980403 1970431 209 2120401 2090500 212 223 224 218 217 204 188 168   1   0    0    00401
2706  55  10  42   9  65  180501  71   7 107  300510     203 2030507 2020510****////  78  770501 186 16395329532055995270502 196 1970508 1960559 208 2090509 2080533 210 221 223 216 217 204 188 168   1   0    0    00501
2707  52  10  54  12  56  150643  45  14 108  270641     203 2030603 2020601****////  76  760615 181 15995379537070095320601 196 1960700 1950617 208 2080601 2070645 209 220 221 215 216 204 188 168   0   0    0    00601
2708  65   3  45   4  85  120701  92   2 350  150701     206 2060800 2030701****////  75  740758 182 16095429542080095370701 202 2020800 1960701 210 2100800 2080710 208 219 220 214 216 204 188 168   1   0    0    00701
2709 308   8 322   7 333  120844 341   8 341  150841     205 2070829 2050846****////  78  730827 188 16595459545083995420801 215 2150858 2030801 218 2180858 2110801 209 218 220 212 215 204 188 167   0   0    0    00801
2710 340  18 346  13 346  131000 320  18 320  181000     210 2110943 2040909****////  72  721000 179 15895489548095995430933 224 2290943 2120910 224 2250943 2180906 212 218 219 212 214 203 187 167   1   0    0    00901
2711  19   6  13   6 360  151008  11   3 360  171012     216 2161054 2101001****////  68  681057 175 15495509552104595481001 242 2421100 2231001 231 2311100 2241001 215 219 218 212 214 203 187 167   2   0    0    01001
2712   5   8 359   7 359   71143 360  10 360  111157     223 2231152 2161101****////  67  651158 180 15995479550110195471145 257 2571200 2351113 241 2411200 2311101 219 220 218 212 213 202 186 166   2   0    0    01101
2713 298   8 296  10 296  121253 338  11 338  211245     227 2281220 2231201****////  66  631220 182 16095429547120195421259 253 2631223 2531236 247 2481254 2411201 224 222 218 213 212 202 186 166   0   0    0    01201
2714 350  11 329  10 341  161337  38  12 354  211335     230 2301400 2251341****////  61  601359 171 15195359542130395341359 269 2691400 2461342 253 2531400 2461341 226 225 218 214 212 202 186 166   0   0    0    01301
2715 182   6 213   8 225  171441 158  13 360  251403     250 2501454 2311401****////  55  531453 174 15395269534140195261500 344 3511454 2681404 294 2961457 2531401 238 228 218 215 209 200 184 164   8   0    0    01401
2716 191  18 199  14 199  141600 211  14 309  221539     244 2511501 2421525****////  55  541556 168 14895219526150295201559 290 3541502 2901600 279 2931501 2781558 244 233 219 217 210 201 184 164   4   0    0    01501
2717 194  12 200  13 226  141601 204  11 287  251635     246 2501642 2441601****////  53  521637 164 14495149521160595141656 287 2991631 2871700 273 2791601 2731700 244 236 220 220 210 201 185 165   0   0    0    01601
2718 237  10 241  10 252  121701 265  11 288  191718     244 2471703 2441800****////  55  531742 168 14895139514170395111733 249 2831701 2491800 256 2731701 2561800 241 237 222 222 211 202 185 165   0   0    0    01701
2719 250  11 247  11 261  141809 292  14 292  221824     240 2441801 2401855****////  56  551807 167 14795169516190095131802 232 2481801 2311843 241 2561801 2411900 234 236 223 223 213 203 186 166   0   0    0    01801
2720 229  15 228  15 234  181951 228  16 242  241953     235 2401901 2352000****////  61  571901 177 15695209521194895161909 220 2321902 2201959 230 2411901 2302000 228 234 224 223 213 204 187 167   0   0    0    01901
2721 276   9 256  10 269  152002 273   6 306  222003     230 2352001 2302100****////  64  602004 180 15895279527205995212001 215 2202001 2142055 225 2302001 2252100 224 231 224 222 214 204 187 167   0   0    0    02001
2722 252   9 251   8 264  122117 262   5 284  212114     229 2312112 2292150****////  65  642101 181 16095359535215895282101 212 2152106 2122159 223 2252102 2232200 220 229 224 220 214 204 187 167   0   0    0    02101
2723 215   6 233   7 267  122222 226   6 305  152219     227 2292201 2272300****////  67  662202 185 16395379538223595342201 210 2132203 2102259 220 2232201 2202254 218 227 223 219 214 204 187 167   0   0    0    02201
2800 242  10 245  10 245  122340 246  10 265  182355     225 2272303 2252346****////  65  652342 177 15695359538230795342345 208 2102301 2082350 217 2202301 2172358 216 225 223 218 215 204 188 167   0   0    0    02301
2801 273   5 298   5 310  100001 211   4 305  110058     217 2250001 2160058****////  73  650001 189 16795319535000195300028 205 2090024 2050056 216 2210024 2150022 214 224 222 217 214 205 187 168   0   0    0    00001
2802 207   9 213   9 216   90159 241   8 243  130152     220 2220126 2160112****////  72  700122 190 16795299531010195280145 204 2050128 2040158 215 2160102 2150200 213 222 221 216 215 204 188 168   0   0    0    00101
2803 229  11 227  10 227  120207 239   9 239  170259     219 2210211 2170241****////  73  710210 192 16895249529020195240253 204 2050218 2040246 214 2150201 2140257 211 221 221 215 215 204 188 168   0   0    0    00201
2804 183  10 184  10 186  170342 202  10 216  190340     213 2190301 2130400****////  77  730301 195 17195239525032095230345 202 2040330 2020359 212 2140301 2120359 210 220 220 214 215 205 188 168   0   0    0    00301
2805 241  11 252  10 283  100401 231   8 314  140404  17 204 2130401 2040500****////  85  780401 204 17895269526043895220418 199 2020401 1990500 209 2120402 2090500 209 219 219 213 215 205 188 168   0   0    0    00401
2806   0   0   0   0 289  110503   0   0 349  140503  16 199 2040501 1940514****////  88  850501 204 17995229526050695220558 199 1990600 1950512 209 2100528 2080507 207 217 219 212 215 205 188 168   3   0    0    00501
2807  97   7 101   8 112  110642  90   7 134  140637   2 197 1990601 1960645****////  88  880601 202 17795239524065295210616 203 2030700 1980607 210 2100700 2090628 207 216 218 211 215 205 188 168   1   0    0    00601
2808 110   3 109   3 129  110711  63   1 186  140709     199 2000750 1960717****////  87  870729 202 17795279527080095230702 207 2090752 2020719 214 2140752 2100701 207 216 217 211 214 205 188 168   0   0    0    00701
2809   0   0 255   2 360   30801   0   0 358   50813     199 2010848 1980830****////  86  860856 200 17595299530083495260808 206 2070844 2050804 214 2140851 2130814 208 216 217 210 214 205 188 168   0   0    0    00801
2810 196   3 180   4 184   70925 186   3 250   90919     203 2030954 1990901****////  83  820944 198 17395299530095095280932 218 2181000 2060909 218 2181000 2140901 209 216 216 209 213 205 188 168   0   0    0    00901
2811   0   0   0   0 189   41001  98   3 151   61046     210 2101100 2031001****////  81  811029 201 17695299530102995281054 235 2361054 2181001 226 2261100 2181001 211 216 216 209 213 204 187 167   0   0    0    01001
2812  97   4  78   4 130   81127   0   0 261  111123     219 2231142 2101101****////  75  741153 197 17395289529110195271142 243 2591143 2351101 234 2381145 2261101 216 218 216 209 211 203 186 166   2   0    0    01101
2813  98   6  95   5 358   81215 104   4 359  111217   2 208 2211205 2071253****////  81  741209 199 17495229527120595221256 216 2421201 2111242 224 2341201 2241300 216 219 216 210 212 204 187 168   0   0    0    01201
2814 289   8 285   8 287   81359 278   4 306  101356     217 2171359 2081303****////  76  761400 197 17395169522130195161353 224 2301328 2151305 233 2331400 2221304 217 220 216 211 211 204 187 167   0   0    0    01301
2815  28  25  37  20  37  201500  47  25  66  341454     227 2271457 2171401****////  69  691459 190 16795099516140195091457 256 2591457 2231444 250 2501500 2331401 220 221 216 211 211 203 186 166   2   0    0    01401
2816  66  20  75  21  94  261538  73  17 115  411536     229 2341515 2261548****////  70  681515 195 17195039509150195031600 274 2941553 2551501 259 2661554 2501501 229 224 216 212 210 203 185 166   3   0    0    01501
2817  66  13  66  16  78  251629  84  18 358  411608     220 2281601 2181655****////  74  711601 196 17294989503160294981659 237 2701601 2331656 242 2581601 2411657 229 226 217 214 211 204 187 167   0   0    0    01601
2818  94  15  88  22  88  241755  94  14 113  411755     215 2201711 2151757****////  76  731704 195 17194999499175794971739 218 2381711 2171757 230 2421701 2301800 225 227 218 215 212 204 187 167   0   0    0    01701
2819  41  15  41  12  99  211801  28  14  81  321848     207 2151801 2071900****////  83  761801 203 17795079507190094991801 206 2171801 2051857 223 2301801 2231900 221 226 218 215 212 205 188 168   0   0    0    01801
2820  48   8  66   9  73  181910   3   7 353  301903   2 201 2071901 2011939****////  86  831901 202 17795169516200095071901 203 2051901 2021942 218 2231901 2182000 217 224 219 215 213 205 188 168   0   0    0    01901
2821  51   7  58  10  63  192046  41   9 319  292044     202 2042037 2012002****////  86  842031 203 17895229522204295172001 201 2032001 2002025 215 2182001 2152054 215 222 219 214 213 205 188 168   0   0    0    02001
2822  48  19  38  18  49  192144  40  12 358  342135     207 2072200 2022107****////  82  822156 200 17595319531220095222101 199 2032115 1992155 214 2152113 2142200 213 221 218 213 213 205 188 168   0   0    0    02101
2823  70  15  53  21  53  242214  89  10 358  482224     208 2082259 2072202****////  80  802254 196 17295379537230095312201 199 2002235 1982253 212 2142201 2122259 211 219 218 212 213 205 188 168   1   0    0    02201
2900  24  15  25  13  80  192301   6  13 360  282305     207 2082301 2072348****////  81  802301 198 17395419541235195372303 199 2002347 1982352 211 2122304 2112333 209 218 217 211 213 205 188 168   0   0    0    02301
2901 338  14 336  10 360  150005 329  18 356  260007   5 202 2070002 2020055****////  86  810001 203 17895439544004895410001 198 1990003 1980025 210 2110055 2100054 208 217 217 211 212 205 188 168   0   0    0    00001
2902   3  15   3  13 360  180121   2  11 359  260104   6 201 2020103 2010116****////  87  860101 205 17995439543010195410140 198 1980104 1970112 210 2100104 2100200 207 216 216 210 213 205 188 168   0   0    0    00101
2903 347  14 338  11 360  140203 350  14 357  180207   1 200 2010222 2000234****////  88  870201 206 18095439545023095420209 197 1990228 1970245 208 2090201 2080300 206 215 216 209 212 205 188 169   0   0    0    00201
2904 242  11 238  10 357  160308 237   7 351  190312  34 197 2000301 1970400****////  88  880301 202 17795529552035995420301 195 1970301 1950330 205 2080301 2050358 204 214 215 208 212 205 188 169   2   0    0    00301
2905 296   8 277   8 277  100401 299   9 304  150424  28 195 1970417 1950445****////  89  880401 202 17695589558050095520401 194 1970419 1940453 205 2060419 2050500 203 213 214 207 212 205 189 169   0   0    0    00401
2906 268   6 250   9 322  120535 270   6 351  140520  33 192 1950501 1920534****////  89  890501 198 17395669566055995580502 191 1940503 1900536 202 2050502 2020559 201 211 214 206 212 205 189 169   3   0    0    00501
2907 198  10 219  13 242  170628 178   6 265  270624   7 194 1940657 1910611****////  90  890601 203 17795749574065895660604 195 1950700 1900612 203 2030700 2020626 200 210 213 205 212 205 189 169   0   0    0    00601
2908 257  20 258  17 258  190756 276  14 300  250733   1 194 1950720 1940701****////  89  890705 200 17595809580075995740701 195 1990747 1940734 206 2060755 2030701 200 209 212 205 211 205 188 169   1   0    0    00701
2909 266  18 270  22 271  300844 251  11 294  370846     197 1970857 1940805****////  83  830840 190 16795859585085695790804 200 2000900 1950807 209 2090900 2060801 201 209 212 204 211 205 188 169   1   0    0    00801
2910 241  13 252  15 269  200901 257  10 278  250931     208 2081000 1970904****////  77  770958 189 16695889588095995830908 243 2431000 2000902 228 2281000 2100901 205 210 211 204 210 204 187 168   1   0    0    00901
2911 173  20 189  22 200  271049 184  12 249  461046     235 2351100 2081001****////  68  661059 197 17395849588100295831047 410 4141058 2411014 317 3171058 2291001 222 213 211 204 206 201 185 165   3  44    0    01001
2912 250  34 234  23 234  281144 278  24 318  501123     252 2531158 2351112****////  55  541155 176 15595799585110895791200 395 4131101 3481126 333 3331200 3031117 245 222 211 207 206 201 183 164   3  53    0    01101
2913 239  26 242  35 290  451226 251  29 302  761241     264 2651252 2521208****////  48  451249 165 14595729579120395721253 406 4071258 3671244 357 3571300 3341203 266 234 213 212 205 200 184 164   3  60    0    01201
2914 254  21 263  24 292  331301 237  31 347  531327     268 2761317 2641305****////  45  421323 159 13995689572130595681357 318 4321314 3171359 317 3741315 3171400 272 245 216 219 205 201 184 163   3  15    0    01301
2915 243  25 240  21 250  301437 241  39 284  521436     266 2691426 2601439****////  51  451402 178 15695649569140595641500 363 3661426 3121446 322 3331426 3101447 269 250 219 224 206 200 184 164   2  11    0    01401
2916 262  15 272  17 294  281508 239   7 300  381545     274 2751545 2671501****////  45  431552 164 14495579564150295561555 303 3871513 3031556 302 3301513 3021600 270 253 223 228 206 200 184 164   5  23    0    01501
2917 226  11 243  14 314  171601 250  12 350  301602     274 2831636 2741604****////  45  431611 164 14495519557160295511658 297 3261632 2971659 294 3021633 2941700 266 255 225 231 207 200 184 164   3   0    0    01601
2918 236   9 236   9 248  161719 249   8 284  321714     276 2771730 2751701****////  45  371742 166 14695479551170195471752 273 3001711 2731800 280 3081715 2801800 261 254 228 233 209 201 184 165   0   0    0    01701
2919 261   3 263   4 323   91801 225   4 346  141808     271 2781823 2711859****////  43  401818 154 13595499550185695471801 254 2741807 2541859 268 2801804 2681900 255 253 230 234 210 201 185 165   0   0    0    01801
2920 172   4 185   4 216   81937 173   6 246  101917     247 2721902 2472000****////  60  451901 187 16495559555195795491901 232 2551903 2322000 253 2671901 2532000 249 250 231 234 213 203 186 167   0   0    0    01901
2921 201  14 199  13 199  142031 206  15 220  192056     250 2502100 2422021****////  56  562100 177 15695659565210095552008 225 2332002 2252100 245 2532001 2452100 242 247 231 233 214 203 187 167   0   0    0    02001
2922   0   0   0   0 345  142104   0   0 340  172115     233 2502101 2322157****////  68  562102 194 17195689569215895652102 220 2252102 2202153 238 2442101 2382200 237 244 231 232 215 203 187 168   0   0    0    02101
2923 181   2 217   6 228   82247 156   1 241  122250     229 2332201 2232236****////  70  662204 195 17195719572224595682202 215 2202203 2152300 232 2382201 2322300 234 242 231 232 216 204 188 168   0   0    0    02201
3000   0   0 124   2 214   62301   0   0 258   72309     216 2292301 2160000****////  78  712301 201 17695709571230195702354 209 2172301 2090000 227 2342303 2270000 229 238 230 228 217 204 188 168   1   0    0    02301
3001 168   5 189   3 238   50040 184   3 257  100039     204 2150001 2040100****////  81  780001 194 17095669570000195660055 195 2080001 1950100 217 2270001 2170100 224 235 230 227 218 205 189 169   0   0    0    00001
3002 201  13 197  12 197  120200 193  13 199  170158     205 2050200 2000136****////  81  810200 195 17195609565010195600150 189 1970122 1890155 212 2170102 2120200 219 232 229 225 219 205 189 169   0   0    0    00101
3003 349   7 352   3 358  130202 329   6 337  150238     202 2060202 2000229****////  82  800202 194 17095579560020195570246 193 1930259 1880212 210 2120201 2100253 215 228 228 223 219 205 189 169   0   0    0    00201
3004 132   3 154   6 185   80353 113   2 202  110349     199 2020301 1970345****////  85  820301 197 17395569558033195560359 195 1950400 1930319 210 2100301 2090342 213 226 226 221 219 205 189 169   0   0    0    00301
3005 152   1 163   2 184  100411  95   2 214  130409     201 2040415 1990401****////  84  830415 198 17395579558045295560407 195 1960421 1950401 209 2100412 2090500 212 224 225 219 218 205 189 169   0   0    0    00401
3006 117   4 134   5 212   50533 117   4 237   80531     201 2020501 1990532****////  85  840501 200 17595599560053895570501 195 1950520 1940509 208 2090501 2080600 210 222 224 217 218 205 189 169   0   0    0    00501
3007 226   5 220   3 354   50601 224   9 244  100650     201 2010700 1990619****////  86  850601 202 17795659565070095580603 199 1990700 1950601 209 2090700 2080614 209 220 223 216 218 205 189 169   0   0    0    00601
3008 194   6 164   4 360  110740 186   5 237  210733   2 211 2110800 2010706****////  85  840742 213 18595729572080095650702 213 2130800 1990701 216 2160800 2090701 210 219 222 214 217 205 188 169   1   0    0    00701
3009   1  20  73  11 191  120827 357  41 357  410900     218 2180852 2100801****////  81  790847 211 18495739573090095700827 221 2220857 2140801 222 2220900 2170801 212 219 221 214 216 204 188 168   0   0    0    00801
3010 278   6 302   4 360  210907 300   3 356  390901     232 2320957 2160903****////  68  680953 193 17095809580095995740904 235 2380953 2150904 233 2331000 2220901 215 220 220 213 215 204 187 167   1   0    0    00901
3011  66  10  75  11 359  181011  78  12 359  291024     234 2361043 2311003****////  49  471053 141 12195749581100295741100 227 2351001 2231006 232 2361025 2321054 219 221 220 213 214 203 187 167   3   0    0    01001
3012  85   8  84   7  95  161119  97   4 349  221112     237 2381157 2321127****////  48  441121 141 12095709574110195701156 234 2371155 2241121 235 2351157 2321119 220 223 219 214 214 203 187 167   2   0    0    01101
3013  93  13  36  11  36  111258 118  11 327  171249     248 2491258 2371201****////  40  391259 125 10395669571120895661259 282 2821300 2351201 253 2531300 2351201 224 224 220 214 213 202 186 166   4   0    0    01201
3014 108   9  79  12  91  161328 131  18 142  281330     258 2581400 2471302****////  39  361353 130 10895599566130695591357 307 3121338 2831301 272 2721400 2541301 232 227 220 215 211 201 185 165 417   0    0    01301
3015  96  10  90  12 118  181447  77  14 190  271412     268 2681500 2561405****////  39  361404 137 11795519559140195511500 342 3421500 2941417 287 2901418 2681417 240 231 220 217 211 201 184 164   0   0    0    01401
3016 100  11 113  16 119  181557 146  25 146  251551     275 2781550 2671503****////  33  321552 121  9895449551150295441600 341 3681549 3271522 296 2991552 2871502 250 236 221 219 210 200 183 164   2   1    0    01501
3017 127   9 150   7 154  181604 117  17 227  281615     289 2891700 2731606****////  35  301636 139 11995389544160295371659 340 3731627 3301647 292 3031624 2911647 257 241 222 222 210 200 184 164   0  39    0    01601
3018 114  21 113  19 183  191740 119  28 119  281800     276 2901701 2761800****////  41  331702 151 13295379538172195371743 290 3401703 2901800 276 2921701 2761800 256 245 224 226 211 201 184 165   4  59    0    01701
3019 108  13 116  11 132  231818 105   8 195  321811     268 2761801 2681900****////  44  401803 155 13595399539190095371808 254 2891801 2541900 259 2761801 2591900 249 246 226 228 212 202 185 166   0   5    0    01801
3020 105   7 110   6 120  151906  85   8 249  221902     250 2681901 2502000****////  53  441903 168 14895449544195795391901 224 2531901 2242000 244 2591901 2442000 240 244 227 229 214 204 187 167   0   0    0    01901
3021 121   7 117   7 121   92018 117   7 151  132009     229 2492001 2292100****////  68  532001 190 16795489548204595442001 217 2242002 2172052 236 2442001 2362100 235 241 228 228 216 205 188 168   0   0    0    02001
3022 108  10 114  11 116  112159 108   7 129  152156     223 2292101 2212147****////  70  672112 188 16695539553215695482101 214 2172111 2122136 230 2362101 2302140 230 237 228 227 217 205 188 169   0   0    0    02101
3023 105   6 108   5 118  152234 145   8 159  202227     230 2442232 2232201****////  66  572231 185 16395559555225495532202 211 2152210 2112259 227 2302203 2272300 226 235 228 225 217 205 188 169   2   0    0    02201
3100  19   5  17   5 122   52301  10   7 152   72301     220 2302301 2200000****////  73  672301 193 16995529556230995520000 212 2162327 2112331 226 2282330 2232331 224 232 227 224 217 205 188 169   0   0    0    02301
3101  22   1   0   0  40   60003  26   3  26   80001     215 2200002 2150058****////  76  730001 195 17195469553000795460100 211 2130010 2090041 223 2260002 2230100 222 230 227 223 217 205 189 168   1   0    0    00001
3102   0   0   0   0 334   40113   0   0 343   60111     216 2170112 2140157****////  79  760104 204 17895459548011595440157 211 2110159 2090111 222 2230101 2220157 220 229 226 221 218 205 189 169   0   0    0    00101
3103   0   0   0   0   0   00201   0   0   0   00201     213 2170203 2120250****////  77  770251 195 17195419544020195400232 207 2110209 2070300 220 2220204 2190258 218 227 225 220 218 205 189 169   0   0    0    00201
3104 331   3 347   5 349   60359 291   2 348  100350     220 2210357 2120307****////  72  720356 190 16795409543033095400356 207 2100322 2060346 219 2200320 2190359 217 226 225 219 218 205 189 169   0   0    0    00301
3105 305   3 299   5 350   50401 296   3 324   80452     215 2200401 2100451****////  74  720403 190 16795439544045495400402 205 2080407 2050447 218 2190402 2180500 216 225 224 218 218 206 189 169   0   0    0    00401
3106   0   0 345   2 345   60514 347   1 355  110526     207 2160516 2070555****////  78  720515 190 16795459546055795430501 202 2050502 2010557 215 2180501 2150559 214 223 223 217 217 206 189 169   0   0    0    00501
3107  94   4  49   3 358   50614 121   3 354   80637     212 2120658 2070604****////  78  770610 196 17295509550065695450608 208 2080658 2010610 216 2160700 2140608 213 222 222 216 217 206 189 169   0   0    0    00601
3108  75   8  64   7  64  190730  83   7  93  270727     222 2230737 2120701****////  70  700748 187 16595549555073995500701 209 2090800 2040731 217 2170800 2160701 213 221 222 215 216 205 188 169   1   0    0    00701
3109  44  13  39  14  39  140900 329   7 354  230817     228 2280852 2220801****////  61  610900 169 14995589558085395540801 223 2250854 2100801 224 2240900 2160814 214 221 221 215 217 205 188 167   2   0    0    00801
3110 348  24 357  24 357  241000   3  29 360  370954     226 2290914 2250956****////  65  610909 178 15795589559091595580947 239 2391000 2220901 235 2351000 2240901 217 221 220 214 215 205 188 168   2   0    0    00901
3111 330  17 338  18 359  261023 344  14 358  411013     222 2261008 2221024****////  67  641005 179 15895599560102295581001 241 2411100 2331024 238 2381100 2351001 220 223 220 214 215 205 188 168   0   0    0    01001
3112 359  17 358  22 360  231140  20  19 359  341150     228 2281142 2221101****////  62  611153 172 15195569559110495561143 243 2481143 2401127 243 2431200 2381101 224 224 220 215 215 205 187 168   0   0    0    01101
3113 351  23 359  19 359  251226 352  17 360  321220     232 2331258 2281201****////  60  601228 171 15095529556120195521300 256 2561300 2361228 248 2481300 2421235 226 226 220 216 214 205 187 168   0   0    0    01201
3114  32  19  24  25  24  281358  12  22 334  381350     238 2401346 2321302****////  60  581329 177 15695459552130295451348 258 2761329 2551301 253 2561349 2481301 230 228 220 216 213 204 186 167   3   0    0    01301
3115  24  20  35  17  61  241401   3  25  30  321458     241 2431454 2381401****////  59  571455 177 15695389545140195381500 259 2681408 2521428 252 2541411 2491441 231 229 221 217 214 204 187 167   2   0    0    01401
3116  31  22  46  14  57  241510   3  10  79  331540     237 2411524 2371600****////  62  581501 182 16095349538150195331553 236 2621524 2361600 243 2521524 2431600 231 230 221 218 214 205 187 168   0   0    0    01501
3117  78  28  72  23  72  231700  93  33  93  391655     234 2371601 2341646****////  58  581656 167 14795349534160595331622 219 2351601 2191700 232 2431601 2321700 228 230 222 219 215 205 188 168   0   0    0    01601
3118 109  11 102  13 102  251703 116   9 131  391703     231 2341707 2311758****////  62  581703 175 15495399539180095341701 216 2201718 2151754 227 2321701 2271800 224 229 222 219 215 205 188 169   0   0    0    01701
3119 215  26 208  23 208  261844 197  21 235  401841     209 2311802 2091900****////  70  631802 173 15295509550185895401802 195 2161801 1951900 219 2271801 2191900 220 227 222 218 215 206 189 169   2   0    0    01801
3120 263  10 242  16 255  231901 316   7 316  361916  12 192 2091901 1921958****////  81  711902 180 15995609560200095501901 188 1951905 1881958 213 2191901 2132000 215 225 222 217 217 207 190 170   0   0    0    01901
