58265 2011   051213603204   65   24 6670   55    1--------------------------------------------------------------------------------------------------------------------------------------------------------------------------------------------------
3021946294629463946394629463946394639463946394639463946394639463946394639463946394639463946494649464946494649464946594659465946594659465946594659465946594669466946694679467946794679467946794689468946894689468946894689468946894689468946894699468
3022946894699469946994699469947094709470947094709470947094719471947094709471947194729472947294729472947294729472947294739473947394739473947394749473947394749474947494749474947494749474947594759475947594759475947594759475947594769476947694769476
3023947694769476947794769477947794779478947894789478947894789478947894789479947994799479947994799480948094809480948094819480948094819480948094809480948094809480948094819481948194819482948194829482948294819482948294829482948294829483948394839483
0100948394839483948394839483948394839483948394839483948394839484948494849484948494849484948494849484948494849484948494849484948494849484948494849484948494859484948494859485948494849485948494849484948494849484948494849485948494859485948594859486
0101948694859486948694859485948594859485948594859485948594859484948494849484948494849484948494849484948494849484948394849483948494849484948494849485948594859485948594869486948694869486948694869486948794869486948594859486948694869485948694869487
0102948794879487948794879487948794879486948694879486948694869486948694869486948694869487948694869486948694859485948494849484948494849483948494849484948494849484948494849484948394839483948394839483948494849484948494849484948394849483948494849484
0103948494849484948494849484948494849484948394849484948494849484948494849484948494849485948594859485948694869486948594859485948594849484948494839483948394829482948294839483948394839483948394849483948394839482948194819481948194819481948294829483
0104948394839483948494849484948594859485948694869486948694869486948594859485948594869486948794879487948794879487948794879487948794879487948794879486948794879487948794889488948894889488948894889488948994899489948994899489948994899489948894889488
0105948794879487948794879488948794879487948894879487948794879487948894889488948894889487948694859484948494849484948594849485948594859485948594859485948694869486948694869485948594859486948694879487948794899489949094909491949294929492949294929492
0106949294929492949294939493949394949494949494949494949494949494949494949493949394929492949294929492949294939493949394949495949594969497949894989498949894989498949794979496949694969497949794989499950095009500950095019572950195019501950094999499
0107949794979496949594959494949494949494949494949494949494949494949494969497949995009502950395049504950595059504950495049505950695079507950895099509950995099509950995099508950895079508950895079507950795069506950695069506950695069505950595049504
0108950495049503950395039503950295029502950195019500950095009500950095009499949995009500950095019502950395049504950495029502950395039504950595079508950995099509950995089508950795079508950895099509951095109511951195109510951195119512951295129512
0109951295129512951295129512951395139513951395139513951295129511951195109509950895089508950895089508950995099509950995099510951195129512951395139513951395149514951495149514951495149514951495149514951595149515951495149513951295129512951195119510
0110951095099510950995099509950895079507950695069506950795079508950995099510951095109511951195109511951195119511951195119511951295129512951195119511951195119511951195119510951095109509950995099509950995109510951095109510950995099509950995099509
0111951095109510951095109510951095109595951095119511951195119511951195119511951195119511951195119510951095109510951095109510951195119511951195119511951195119511951195109510950995099509950995099509951095109511951195119510951195109510951195119511
0112951195109510951095109510951095109509951095099509950995099509950995099509950995099510950995099509950995099510951095109509951095109509950995109510951095109510951095109509951095099509951095099509950995099509950995099509950995099509950995089509
0113950895089508950895089508950895089508950795079507950795079507950795089508950895089508950895089508950895089507950895089508950795079508950795089508950895089508950795079508950895089507950895089508950895079507950795079508950895089508950895089508
0114950895089508950895089507950795079507950795079508950895089509950895089508950795089507950795079507950695079506950695069506950695069506950695069506950695069506950595069506950695069505950595059505950595059505950495049504950495049504950395039503
0115950395039503950395039502950295029502950295039503950395039503950395039503950395039502950295019562950295029502950295029502950295019501950195009500950095009500950095009500950095009500950094999499949994999499949994999499949994999498949894989498
0116949894989498949894989498949894989498949894989497949794979497949794979497949794969496949694969496949594959495949594949495949494949494949494949494949494949494949494949494949494939493949394949494949394939493949394939492949294929492949294929491
0117949194919491949194919491949194919490949094909490949094909490949094919491949194919491949294929492949294929492949394929492949294929491949194919491949194909490949094909490949094909490949094909489948994899490948994899490949094909490949094909490
0118949094899489948994899489948994899489948994899490948994909489949094909489949094909490949094909490949094909489948994899490949094909490949194919490949194919490949094909489949094909490949094909490949094899489948994909490949094909490949094909491
0119949194919491949094919491949194919491949194919491949194929492949294929492949294929492949294919492949194919491949194919491949294929492949294929492949294929540949294929492949394949494949494959495949694969496949694969496949694959495949594959496
0120949694969496949694979496949794979497949794989498949894999499950095009500950195019501950295029503950395039504950495049504950495049505950595059506950695069506950695069506950695069506950695069506950695069506950695069507950795089508950895089508
0121950895099509950995099509950995099509950995099509950995099509950995099509950995099509951095109511951195119512951295129513951395149514951395149514951495149515951595159516951695179517951795189518951895199519952095209520952095209520952195229521
0122952195229522952295229522952295229522952295229522952295239522952295229522952395239523952395239523952495249525952595269526952695269527952795279527952795279528952895289528952895279528952895289528952895289528952895289528952895289529953095309530
0123953195309531953195309530953095309529952995299529952995309530953095309530953095309530953095309530953095319531953195329532953295329532953295329532953295319531953195319530953195319532953395349535953595369536953795379537953795379537953795369536
0200953695369536953795379537953795389539953995399540954095409541954195419541954195429542954295429543954395459545954795489548955095519552955395549554955595559556955695569555955495539553955295529552955295539553955495539554955495549554955495549555
0201955595569556955695559555955595559556955695579557955795579557955795579557955695569555955495539552955195509549954995499549954995509551955195529552955395549555955595569556955695569556955595549554955495549554955495549554955395539553955295529552
0202955295539553955395539553955395539553955295529552955295529552955295519551955195519551955295529552955395539553955295539553955395539553955395529552955295529552955295519551955195519552955195519551955195509551955195519552955295529552955195519550
0203955095499549954995489549954995499549955095509550955095509549954995489548954895489548954895489548954895489547954895489548954895499549954995489548954995499550955095509550955095509551955095509550955095509550955095509551955195519551955195529552
0204955195529552955195519551955195529551955295529552955295529552955295519551955195509550955095519551955195529552955395539554955495559555955695569556955595559556955695559555955595559555955595549554955295529551955195509550955095519551955195519551
0205955195519551955195519552955295529553955395549554955495549554955495549554955495549555955595559555955595559555955595559556955695569556955695559555955595549554955495549554955595559556955695579557955795589558955895589559955995609560956095609560
0206956095609560956195619560956095609560956095619561956195619562956295629562956295629563956395639563956395639563956395639563956395629563956295629563956395639563956395639563956495649564956495649564956595649565956595659565956595659566956795679568
0207956895689568956995699569956995699569956895699569956995699569957095699570957095709570957095709571957195729572957295729573957395739573957495749574957595759575957595769575957695769576957695769576957695769576957695779577957795779577957795779577
0208957795779577957895779578957895789579957995799580958095819581958195829582958295839583958395849584958495849584958495849584958495859585958595859586958695869586958695859585958595859585958595869586958695879587958695879587958695879587958795879586
0209958695869586958695869586958695879587958795879588958895889589958995909590959195909591959195919591959195929592959395939593959295939592959295929592959295929592959395939593959395949594959395949594959495949594959495949595959595959595959695969596
0210959695959595959595949594959495949594959495949595959595959595959695969596959595959595959695969596959695969597959795979597959795979597959895989598959895989598959895989599959995999599959995999599959995999598959995999599959995999599960096009600
0211960096019601960196019601960196019601960196019601960196019601960196019601960196019601960196019601960196029602960396039603960396039603960396049605960596059605960696069606960696069606960596059604960496049604960396039603960396039603960396039603
0212960396039603960496039603960396039602960396029602960296029602960296019601960196019601960196019601960196019601960196019601960196029602960196019602960296029602960296029602960296039603960396029603960296029602960196029602960196019601960196029602
0213960296019601960196009599959995999599959995999599959995999599959995999599959995999599959995999599959995999599959995989598959895989597959795979597959795969596959695969596959695969596959695959595959595949594959495939593959495949594959495949594
0214959495949593959395939593959395939593959395939593959295929592959295929592959295929592959195919591959095909590959095909589958995899589958995899588958895899588958995889589958995899589958895889588958895889588958895889588958895889587958795879587
0215958795879586958695869586958595859584958495849584958495849583958395839582958295829582958295829582958295829582958295829581958295819581958195819581958095809580958095809580958095809580958095809580958095809580957995799579957995799579957895789578
0216957895789578957895779577957795779577957795779576957695759575957595759575957595749574957495749573957395729572957295729571957195719571957195719571957195719570957095709570957095709569956995699569956895689569956895689568956795679567956795679567
0217956795679567956795679567956795679566956795679567956795669566956595659565956595659565956595659565956595659565956595649565956495649564956495639563956395639562956295629562956295629562956295619561956195619561956195629561956195629562956195629562
0218956195619561956195629561956195619561956195609560956095609560956095609560956095599559955995609559955995599559955995599559955995609559955995609560956095609560956095609560956095609560956095609560956195619561956195619561956195619561956195619561
0219956195629562956295619561956195619561956295629562956295629562956295629562956295629562956295629562956295629562956195619561956195619561956195629562956295629562956295629562956295629563956395639563956395629563956395639563956395639563956395639563
0220956395639563956395639564956495659564956495659565956595649565956595659566956595659565956595659565956595649564956595659565956595649564956495659565956595659565956595669565956595659566956695669567956795679567956795679567956795679567956895689568
0221956895699569956995699569956995699569957095709571957195719571957195719571957195719571957195719571957195719572957295729572957395729573957395739573957395739573957395739573957395739573957395739573957395739573957395749574957595759576957695769576
0222957695759576957695769577957895779578957895779577957795789578957895789578957995789578957995789579957995799579957995799579957995799579958095809580958095819581958195829582958195819582958295829582958295839583958495849584958495849584958495849585
0223958495859585958595859585958595849585958595859585958595869586958695869586958695869586958695869586958695869585958595859585958495859585958595859585958595859585958595859585958495859585958595859585958595859584958595859584958495859584958495859585
0300958595859585958595859585958595859585958595859585958595859585958595859586958695869586958695869586958695869586958695859586958695869586958695869586958695869585958595849584958495849584958495839583958395829582958295829582958295829581958195819581
0301958195819581958195819582958295829581958195819581958195819581958195819581958195819581958195819581958195829581958195819581958195819581958095809580958095809579957995799579957995799579957995789579957995789579957895789578957895789578957895789578
0302957795779577957795779577957695779577957695779576957695759575957595759575957595759574957495749574957495749574957495749574957495749573957395739573957395739573957395739573957395739573957495749574957495749574957595759575957595759575957595759575
0303957595759574957495749574957495759575957595759574957495749574957495749574957395739573957395739573957495749574957395739572957295729572957295729572957295729572957295729572957295729572957295729572957395739573957395739573957295729572957295729571
0304957195719571957195709571957095719571957195719570957095709571957095709570957095719571957195719571957195709571957095709570957095709570956995699569956995699569956995709570957095699570957095709570957095709571957195719571957195719571957195719571
0305957295729572957295729572957295729572957295729573957395729573957295739572957395739572957295729572957295729572957295729571957195729572957295729572957295729572957295729572957295729572957295729572957295729572957295729572957295729572957295729572
0306957295739572957395739573957395739573957395739573957395739573957395739573957395739573957395739573957395739573957395739573957295729572957295729572957295729571957295729572957295729572957295729572957395729573957395739573957395739573957395739573
0307957395739573957395739573957395739573957395739573957395749574957495749574957495749574957395739574957495749574957495749574957495759575957595759575957595769576957695769576957795779577957895789578957895789578957995799579958095809580958095809580
0308958195819581958295829582958295829582958395839583958395839583958395839583958395839583958395839583958395839583958395839583958395839584958495849584958495849584958495849585958595859585958595859585958595859586958695869586958694749587958795879587
0309958795879587958895889588958895889588958895889588958895899588958995899589958995899589958995899590958995899589958995899588958895889588958895889588958895899589958995899589958995899589958995899589958995899589958995899589958995899589958995899589
0310958995899589959095909590959095909590959095909590959095909590959095909590959095909590959195919591959195919591959195919591959195919591959195919591959195919591959195929591959295929592959295929592959295929592959295929592959295919592959295929592
0311959295929592959195919591959195919591959195929591959195919591959195919590959195909590959095909590959095909590959095899588958895889588958895889588958895889588958895889588958895889588958895889588958895889588958895889588958895889588958895879587
0312958795889587958895889587958795879587958895889588958895889588958895889588958895889588958895889588958895889588958995899589958995899589958995889589958895889588958895889588958795879587958795879586958595859585958495849584958495849584958495849584
0313958495849583958395839583958395839582958294669582958295829581958195809580958095809580957995789578957995789578957895789578957895779577957795769576957695769576957595759575957495759575957595759574957495739573957395739573957395739573957395739573
0314957395739573957395739573957395729572957295729572957295729572957295729571957195719571957195719571957195719571957195719570957095709570957095699569957095709571957195709570957095709569956995699568956995689568956895689568956895689568956895689568
0315956795679567956795679567956795669566956695669567956695679566956695669565956595659565956595659565956595659565956595649564956395639563956395639562956295629562956295629562956295629562956295619562956195619561956195619561956095609560956095609559
0316955995599559955995599559955995589558955795589557955795579557955695569556955695569556955595559555955595559555955595559555955595549554955495549553955395539553955295529552955295529552955295529552955295529552955295529552955295529551955195519551
0317955195509550955095509550955095509550955095499549954995499549954995499549954995499549954995509549954994449549954995489549954995499549955095509549955095509550955095509550955095509550955095509550955095509550955095509550955095509550955095509550
0318955095509550955095509550955095509550955095509550955095509551955195519551955195519551955195519552955195529551955295529552955295529553955295529553955395539553955395539553955395539553955395539553955395539553955395539553955395539553955395549554
0319955595559555955595559555955595559555955595559555955695569556955695569556955695569556955695569556955795579557955795589558955795579558955895589558955895589558955895589558955895589558955895589558955895589558955995589559955995599559955995599559
0320956095609559956095609560956095609561956195619561956195629562956295629562956295629562956395639563956395639563956495649564956495649564956495649564956595659565956595659565956595659565956695669566956695669567956695669567956795679567956895689568
0321956895689568956995699569956995699569956995709570957095709570957195719571957195719572957295729572957295729572957295729573957295739573957395739573957395749574957494629574957595759575957595759575957595769576957695769576957695779577957795789578
0322957895789578957895789578957995799579957995799579957995809580958095809580958095809580958095809580958195819581958195819581958195829582958195819582958295829582958295829582958295829582958295829582958295829582958295829582958295829582958295829582
0323958295829583958395839583958295829582958295829581958295829581958195819581958195819581958195819580958095809580958095809580958095809580957995799579957995799579957995799578957895789578957895779577957795779577957695779576957695769577957695769576
0400957795769576957695769576957695779577957795779577957795779577957795779577957795779577957795779578957895789578957895789578957895789578957895789578957895789578957895789578957895789578957895789578957895789578957895799578957895789579957895789578
0401957895789578957795779577957795779577957795789578957895789578957895779577957795779577957795779577957795789578957795779577957795779576957695769576957695769575957595759575957595759574957495749573957395739573957395739573957394629573957395739573
0402957395729572957295729572957195719571957195719571957195719571957095709571957095709570957095709570956995699569956995699569956895689568956895689567956795679567956795679567956795679567956795679567956795679567956795679567956795679566956695669566
0403956695669566956695669566956695669566956695669566956695669566956695669566956695669566956695669566956695659565956595659565956595659565956595649564956495649564956495649564956395649563956395639562956295629561956195619561956195619561956195619561
0404956195619561956295629562956395629562956195619561956195619560956095619560956095609560955995599559955995599559955995599559955895589558955895589558955895589558955895589557955795579557955795579556955695569556955695569556955695579557955795569556
0405955695569556955695559555955595559555955495549554955495549554955495549553955395539553955395529552955295529552955295529552955295529552955295529552955295529552955195519551955195519551955195519551955195519551955095509550955095509550955095509550
0406955095499549954995499549954995499549954995499549954995499549954995499549954995499549954995499549954995499549954995499549954995509550955095499549954995499549954895499548954895499549954995499549954995499549955095509550955095519550955095519551
0407955195509551955095519551955195529552955295529552955295519551955195519551955195519552955295529551955195519551955195519551955195519551955195519551955195519551955195519551955195519551955195519551955195519551955195519551955195509550955095509550
0408955095509550955095499550955095509550954995499549954995499549954995499549954995499549954995499549955095509550955095509550955095509550955095509551955195519551955195519551955195529552955295529552955295529552955295539553955395539553955395539553
0409955495549554955495549554955595559555955595559555955595569556955695569556955695569556955695569556955695569556955695569556955795569557955795579557955795589558955895589558955895589558955995599559956095609560956095609560956095609560956095619561
0410956195629562956295629563956395639563956395639563956395639562956295629562956295629562956295629562956395629563956395639563956395639563956395639563956295629562956295629562956295619561956195619561956195619561956195619561956195619561956195619561
0411956195619561956295629562956295629562956195619561956195619561956195619561956195619562956295619561956195619560956095609559955995599559955995599559955995609559956095599559955995599559955995599559955995599559955995599559955895599559955995599558
0412955995589558955895589558955895589558955895589558955795579557955795579556955795579556955695569556955595559555955595549554955495549554955495549554955495539553955395529552955395529552955195529551955195519551955195509550955095499550955095499549
0413954995499549954995489548954895489548954895489548954795489547954795479547954795479547954695469546954695469545954595459544954495449544954395439543954395429542954295419541954195419541954195409540953995399539953995399538953995389538953895389538
0414953795389538953895379538953895379537953795379537953795379537953795379536953795379536953595359535953595359535953595369535953595359535953595349534953395339532953395339532953295329532953295339533953295329532953295329531953195319530953095309530
0415953095309530952995299530952895299528952895279527952795269527952695279526952695269525952595249524952495239523952395229523952295229522952295229521952195229521952195219521952195219521952095209520952095209519951995199518951895189518951895189517
0416951795179518951795179517951795169516951695159515951595159515951595159514951495149513951395139513951395139513951295129512951195129512951295129511951195119511951095109510951095109510951095109510951095099509950995099509950995089508950895089508
0417950895079507950795089507950795079507950695069506950795079507950695069507950695069506950695069506950695069506950695069506950695059505950595049504950495049504950395039504950495039503950495039504950495049503950395039503950395039503950395039503
0418950295039503950395029502950295019501950195019501950195019501950195019501950195019501950195019501950195019501950195019501950195019501950195019501950195019501950295029502950295029502950295019501950195019501950195029502950295029502950295029502
0419950295019501950195029502950295029502950295029502950295029502950295029502950295029502950295029503950395039503950395039503950395039503950395039503950395039502950395039503950395039503950395039503950395039503950395049504950495039503950395049504
0420950495049504950495059505950595059505950695069506950695069506950695069506950695069506950695069506950695069506950695069506950695079506950695069506950695079507950795069507950695079507950795069507950795079507950795079507950795089508950895089508
0421950895089508950895089508950895089508950895089508950895089508950895089508950895089508950895089508950895099509950995099509950995099509950995099510951095109510951095109510951095109510951095109511951095109510951095119511951095109511951195119511
0422951195119511951195119511951195119511951195129512951295129512951395139513951395129513951395139513951395139513951395139513951395139513951495139514951495149514951595159515951595159515951695169516951695179517951795179517951795179517951895189518
0423951895189518951895189518951895189518951895189518951995199519951995209519951995199520952095209520952095209520951995209519951995199519951995199519951995199519951995199519951995199519951995199519951995199519951995199520951995199519951995199519
0500951995199519952095209520952095209520952095209520952095209520952095209520952095209520951995199519951995199519951995199519951995199519951995189518951895189518951895189518951895189518951795179517951795179517951795179517951795179517951695179516
0501951695159515951595159515951595159515951595159515951595149514951495149514951495149514951495149514951495149514951495149514951495149514951495149513951395139513951395129512951295129512951295129512951295129512951295129511951295119511951195119511
0502951195119511951195119511951195119511951095109511951095119511951195119511951195119511951095109510951095109510951095109510951095109510951095109509950995099509950995099509950995089508950895089508950895089507950795079507950795069506950695069506
0503950695069506950595059505950595059505950595059505950595059505950595059505950595059505950595049504950495049504950395039503950395039504950495049504950395039503950295029502950295029502950295029502950295029502950295019501950195019501950195009500
0504950095009500950095009500950095009500949995009499949994999499949994999499949894989498949894999498949994999499949994989499949994989498949894989498949894989498949894989498949794979497949794979497949794979497949694979496949694969496949694969496
0505949694969496949694969495949594959495949594959495949594949494949494949494949494949494949494949494949494949494949494949494949494949494949494949494949494949494949494949494949494949494949494949494949494949494949494949494949494949494949394939493
0506949394939493949394939493949394939493949394939493949394939493949394939493949394939493949294939492949394929493949394939493949394939493949394939493949394939494949394939493949494949494949494949494949494949494949494949494949494949494949494949494
0507949494949494949494939493949394939493949394939493949394929492949394929492949294929492949294929492949294929492949294929492949394939493949394939493949394939493949394949494949494949494949494949494949494949494949494959495949594959495949594959495
0508949594959495949594959495949594959496949694969496949694969495949594959495949594969496949694969497949794979497949794979497949794979497949794979498949894989498949894989498949894989498949894989498949994999499949994999499949994999499950095009500
0509950095009500950095009500950195019501950195019500950095009500950095009500950095009500950095009499950094999499949994999499949994999499949894989498949894989498949894989498949894989498949894989498949894989498949894999499949894999499949994999498
051094999499949994999499949994989499949894989498949894989498949894989498949894979497949794979498949794979497949794979497949794979497949794979497   0   09496949694979496949694969497949794979496   0949794979496949694969496949694969495949594969496
0511949594969495949594959496949594959495949694959495949594959495949594959495949594949494949494949495949594959494949494959494949494949494949494939493949394939493949394939493949394939493949394939492949294929492949294929492949194919491949194919491
0512949194909490949094909490949194909490949094909490948994899488948894889488948894889488948894879487948794879487948794879487948694869486948694869486948594859485948594859484948494849484948494849484948494839484948394839483948394829482948294829482
0513948194819481948194819480948094809480948094809480947994799479947994799479947994799478947894789478947894789478947794779477947794779476947694769475947594769475947594759475947494749474947494749474947494749474947394739472947394739472947294729472
0514947294729471947194719471947194709470947194709471947094709470947094709470947094709470947094709469947094699470946994699469946994699469946894689468946794679467946794679467946694669466946694669466946594659465946494659465946594659464946494649464
0515946494649464946494639464946394639463946294639463946094639463946294629462946294629461946194619460946094609460946094599459945994599459945994599459945994589458945894589458945894579457945794579457945794579457945694569455945594559455945494549454
0516945394539452945394539453945394539452945394529452945294529452945294529452945194519451945094509450945094509450944994489448944994499448944894489449944894499449944994499449944994489449944994499449944894489447944794479447944794479447944794479447
0517944794479447944794479447944794479446944794479446944694479446944694469446944694469446944694469446944694469446944694459446944594459445944694469446944694469445944694459445944594449445944594459445944594459445944594459445944594459445944594459446
0518944594459445944594459445944594469445944594459445944594459445944594459445944594459446944694469446944694469446944694469446944694469446944694469446944694469446944694469445944594469446944594459446944694469446944694479446944694469446944694469446
0519944694469447944794479447944794489448944894489448944894479447944794479448944894489447944794479447944794479448946094489448944894489448944894489448944894489448944894489448944894489448944894489448944894499448944994509450945094509450945094509450
0520945094519451945194519451945194519451945194529452945294529452945294529453945394539453945494549454945494559455945594559455945694559456945694559455945594569456945694559456945694569456945694579457945794579457945894589458945894589459945994599460
0521946094609461946194619461946294629463946394639464946494649464946594659465946594659465946594669466946694669466946694669467946794689468946894689469946994699469946994699469946994699470946994709470947094719471947194729472947294729472947294729473
0522947394739474947494749474947494759475947594759475947694769476947694769476947694769476947694769477947794779477947794779477947794779478947794789478947794779478947894789478947894789478947894799479947994799479947994799479947994809480948094809481
0523948194819481948194819481948194819481948294829482948294829482948294839483948394839483948394839483948394839483948394839483948394839483948394839483948394829483948394839483950694839482948394839483948294839483948394839482948294829482948294829483
0600948294829482948294829482948294829482948294829482948294829482948194819481948194819481948194819481948194829481948194819482948194829482948294829482948194829482948294819481948294829481948294819481948194819481948194819481948194819481948194819481
0601948194819481948194819481948194819481948194819480948194809480948094809480948094809480948094809480948094809480948094809480948094809480948094809480948094809479948094799479948094799480947994799479947994799479947994799479947994799479947994799479
0602947994799479947894789478947894789478947894789477947794779477947794779476947694769476947694769475947594759475947594759474947494749475947494749474947494749474947494739473947394739473947394739473947294729472947294729472947294729472947294729472
0603947194719471947194719471947194719471947194709470947094709470947094709470947094709470946994699469946994699469946894699468946894689468946894689468946894679467946794679467946794669466946694659466946694669466946594659465946594659465952594659465
0604946594659465946594659465946594649464946494649464946494649464946494649464946494649464946494649464946494649464946494649464946494649464946494649464946494649464946494649464946494649464946494649464946394639464946394639463946394639463946394639463
0605946394639463946394639463946394639463946394639463946394639463946394639463946394639463946394639464946494639463946394639463946394639464946494649464946494649464946494649464946494649464946494649464946494659465946594659465946594659465946594659465
0606946594659465946594659465946594659465946594659465946594659465946594659465946594659465946594659465946594659465946594659465946594669466946694669466946594669466946594669466946694669466946694669466946694669467946794679467946694669466946694679467
0607946794679467946794679467946794679467946794679467946794679467946794679468946894689468946894689468946894689468946894689468946894689468946894689469946994699469946994709470947094709470947094719471947194719471947194719471947194719471947194719472
0608947294729472947294729472947294729472947294739472947394739473947394739473947494749474947494749474947494749474947494749474947594749474947594759475947594759475947594759475947594759475947594759476947694769476947694769476947694769477947794779477
0609947794779477947794789478947894789478947894789478947894789478947894789478947994799479947994799479947994799479947994799479948094809479948094809480948094809480948094819481948194819481948094819481948194809480948194819481948194819481948194819481
0610948194819481948194809481948194819481948194819481948194819481948194819481948194819481948194819481948194819481948194819481948194819481948194819481948194819481948194829481948194819482948194819482948294829481948294829481948194819482948294829482
0611948194819481948194819481948194819481948194819481948194819481948194819481948194819481948194809480948094809479947994799479948094809480948094809480948094809480948094799480948094809479948094809479948094809480948094799479947994799479947994799479
0612947994799479947994799478947894789478947894789478947894789478947894789478947894779477947794779477947794779476947694769475947594759475947594759475947594759475947594749475947594759475947494759474947494749474947394739473947294739473947394739472
0613947294729472947294729472947294719471947194719470947094709470947094709470947094709469946994699469946994689468946994689468946894689468946894689468946894689468946794679466946794669466946694669466946594659465946594659465946494649464946494639463
0614946394639463946394639462946294629462946294629461946294619461946194609461946094609460945994599459945994599459945994599459945894589458945894589458945894579457945794579457945794579457945694569456945594569455945594559454945494549453945394539453
0615945394539453945394539453945294529452945294529451945194519450945194509450945094509450945094499450944994499449944994489448944894489447944794479447944794479447944794479447944794469446944694469446944694469446944694469446944694469446944594459445
0616944594449444944494449444944494449444944494449444944494449444944394449444944394439443944394439443944394439443944394429442944294429443944294429442944294429442944294419442944194419441944194419441944194419441944194419441944094409440944094409440
0617944094409440944094409440944094409440944094399439943994409439943994399439943994399439943994399439943994399439943994399438943894389438943894389439943994399439943994399439943994409440944094409440944094409440944094409440944094409440944094409440
0618944094409440944094409439943994399438943994389438943894399438943994389439943894389438943894389438943994399439943994399438943994399439943994399439943994399439943994399439943994399439943994399439943994399439943994399439944094409439943994399440
0619943994399440944094399439943994399439943994399439943994399439943994399439943994399439943994399439943994399439943994399439943994399439943994399439943994389438943894389438943894389438943894389438943894389438943894389438943894389438943794389438
0620943894389438943894389439943894399439943994399439943994409440944094409440944094409440944094409440944194419441944194419442944194419442944294429441944194429441944294429442944294429443944394439443944394439443944394439443944394439443944394439443
0621944394439444944494449444944494449444944494449444944494449445944494459445944594449445944594469445944694469446944694469446944694479447944794479448944894489448944894489449944894499449944994499449944994509449944994509450945094509450945094509450
0622945094509450945094509450945094509450945194519451945194529452945294529452945394539453945394539453945494549454945494549454945494549455945594569456945694569457945794579458945894599459945994609460946094619461946194619462946294629462946294629462
0623946294629462946294629462946294629462946394629463946394639463946394639463946394639463946394629462946394639463946394639464946494639464946494649464946494649464946494649464946394649463946494649464946494649464946494649464946494649464946494649463
0700946494639463946394639463946294639463946394639463946394639463946394639463946394639463946394649463946394639463946394639463946394639463946394639463946394629462946294619462946294629461946194619461946194619461946094619460946094609460946094599459
0701945994589458945794579457945794579457945694569456945694559455945594559455945494549454945494549454945494549454945494549454945494549453945494549454945394539453945394539453945394539453945294529452945294529452945294529451945194529451945194519451
0702945094519451945094509450944994509449944994499449944894489448944894479448944894479447944794479447944794479447944794479447944794469447944794469447944694469446944694469446944594469446944694459445944594459444944494449444944494449444944394439443
0703944294429442944294429442944294429441944194419441944194419441944194419441944194419441944194419440944094409440944094409440944094409440944094409439944094399439944094399439943994399439943994399439943994399439943894389438943894389438943894389438
0704943894389438943894389438943894389438943894389437943794379437943794379437943794379437943794379437943794379437943794379437943794379437943794379437943794379437943794379437943794379437943794379437943794379437943794379438943894379438943894389438
0705943894389438943894389437943894389437943794379437943794379437943794379437943794379437943794379437943794379437943794379437943794379437943894389438943894389438943894389438943894389438943894389438943894379438943894389438943894389438943894389439
0706943994399439943994399439943994399439943994399439943994399439943994399439943994399439944094399440944094409440944094409440944094409440944094409440944094409440944094409440944094409440944094409440944094419441944194419441944194419441944194419441
0707944194419441944194419442944294429442944294429442944294429442944394439443944394439443944394439443944394439443944394439444944394449443944394439443944494449443944494439444944394439443944394439443944394439443944394449443944494449444944394449444
0708944594449444944594459445944594459445944594459446944594469446944694469446944694469446944694469446944794479447944794479447944794479447944794479447944794479447944794479447944794489447944894489447944894489448944894499449944894499449944994499450
0709944994499449945094509450945094509450945094509449945094499450945094509450944994509450945094509450945194519451945194519451945194519451945194519451945194519451945294529452945294529452945294529452945294529452945294529452945294529452945294539452
0710945394529453945394529453945394539453945394539453945294539453945294529452945294529452945294539452945294529452945294529452945294529452945294529452945294529452945294529452945294529452945294529452945294529452945294529452945194519451945194519451
0711945194519451945194519452945194519451945094509450945094509450945094509450945094509450945094509450945094509450945094509450945094509450945094509450945094509450945094509450945094509450945094509450945094509450945094509450945094509449944994499449
0712944994499448944894489448944894489448944894479447944694479446944694469446944594459445944694469446944594459445944594459445944594459445944594449444944494449444944494449444944494449444944494449443944394439443944394439443944394439442944294429442
0713944294419442944194419441944194419441944194419441944094419440944094409439943994399439943994399439943994399438943894389438943794389437943794389437943794379437943794379436943694369436943694369436943594359435943594359435943594359434943494349434
0714943394339433943294329432943294319432943294319431943194319431943194309430943094309430943094299430943094299429942994299428942794279428942894279427942794279426942794269426942694269426942694269426942694259425942594259425942494259424942494249424
0715942494239423942494249423942394239423942394239422942294229422942294229422942294229422942294229421942194219420942094209420941994199419941994199419941994199419941994189418941894189418941794169416941694169416941694169416941594169415941594159414
0716941494149414941394139413941394139413941394139413941294129412941294129413941294129413941294129412941294129412941194119411941194119411941194109410941094099409940994099409940994099408940994089408940894089408940794079407940794079407940794079407
0717940694079407940794079407940794079407940794079407940794079508940694069406940794069406940694059405940594049405940594059404940494049404940494049403940394039403940394039402940294019401940194019401940194019401940194019401940194019401940194019401
0718940194019401940194019401940194019401940194019401940194019401940194019401940194019401940194019401940194009401940194019401940194019401940094019401940094009401940094009400940094009400940094009400940094009400940094009400940094009400940094009399
0719939994009400940094009400940094009400940093999400939993999400939993999400940094009400940094019401940194019401940194019401940194019401940194019401940294029402940294029402940294039403940394039403940394039403940394049403940494049404940494049404
0720940594059405940594059405940594059405940594069406940694069406940694069407940794079407940894089408940894089408940894089408940894089408940894099409940894099409940994099409940994099410941094109410941094109410941094109410941094109410941094109410
0721941094109410941194119410941194119411941194119411941194119411941194119412941294129413941394139413941394139413941394139512941394139414941494149414941494149414941494159415941594159415941594159415941594169416941694169416941794179417941794179417
0722941794179417941794179417941794189418941894189418941894189418941894189418941894189418941994199419941994199420942094209420942094209420942094209420942094219421942194229422942294219421942194229422942294229421942294229422942294229422942294229422
0723942294229422942294229423942394239423942394249424942394239423942494239423942394239423942394239423942394239423942494249424942594259425942594259425942594259425942594249425942594259425942594259425942594259425942494249424942494249424942494249424
0800942494249424942394249424942494249424942594259425942494259424942494249424942494259425942494249425942494259425942494259424942594259424942494259424942494249424942494249424942594249424942494249424942494249424942494249424942494249424942494249424
0801942494239424942494249424942394239423942394239424942494249424942494249424942494249424942494249424942494249424942494249424942494249424942594249424942494249424942394249424942494249518942494249424942494249423942394239423942394239423942394239423
0802942294229422942294229423942294229422942394239422942294239422942294229422942294229422942294229422942294229422942194229422942194229422942294229422942294229422942294229422942194219421942194219421942294229421942194219420942094209421942194219421
0803942194219421942194219421942094209420942094209419941994199420942094209420942094209419941994199419941994199419941994199419941994199419941994199419941894199419941894189418941894189418941894189418941794179416941694169416941794169416941694169416
0804941694169416941694159416941694159415941694169416941794169416941694179416941794179417941794169416941694179416941694169416941794169416941694169416941694169416941594159415941594159414941594149414941494149414941394149414941494149414941494149413
0805941494139414941494149414941494149414941494149414941494159414941494149414941494139414941494149414941494149413941494149413941494149414941494149414941494149414941494159415941594149414941494149414941494149414941494149414941494149414941494149494
0806941494139413941394139413941394139413941394139413941394139413941394139413941394139414941394149414941494149414941494159415941594159415941694169416941694169416941694169416941694169416941794179417941794179417941794189418941894189418941894189419
0807941894199419941994199419941994199419941994199419941994189418941894189419941994189419941994199419941994199419942094209420942094209420942094209420942094209420942094209420942094209421942094219421942194229422942294229422942294229422942294229422
0808942294229422942294239423942394239423942394239423942394239423942494239423942394239424942394249424942494249424942494259425942594259425942594259425942594259425942594259425942594259425942594259425942594259426942694279427942794279427942794279426
0809942794269426942694269425942594259425942594259425942594259425942594259425942694269426942594269426942694269427942694279427942794279427942794279427942794279426942794269426942694269426942694269426942694269426942694269426942694269426942694269426
0810942694269426942794269426942694279426942794279427942794269502942794279427942794279426942694269426942694269426942694269426942694269426942694269426942694269426942694269426942594259425942594249425942594259425942594259425942594259425942594259424
0811942494249424942494249424942494249424942494249423942394239423942394239423942294239422942294229422942294229422942294229422942294239422942294229422942294229422942294229422942294229422942294229421942294219421942194219421942194219421942194219421
0812942194209420942094209420942094209420941994199419941994209420942094209420942094209420942094209420942094209420942094209420942094209420942094199420941994199419941994199419941994199419941994199419941994199419941994199419941994199418941894189417
0813941794169416941794169416941694159415941594159415941594159414941494149414941394139413941394139413941394139413941394139413941394139412941294129412941294119412941194119411941194119410941194109409940994099409940894089408940894079407940894079408
0814940794079407940794079407940794079407940694069406940694059405940594059405940594059405940594049404940494049403940494049404940394039403940294029402940294029402940294029402940294029402940194029401940194019401940194019400940094009400939993999399
0815939893999398939893989399939993999399939893989398939893989398939893989398939893989397939793979397939793979397939793979396939793969396939693969396939693969396939693969396939693959395939693959395939593949394939493949394939493949394939493939393
0816939393939393939393939392939293929392939193929391939193919391939193919391939193919391939193909390939093909390939093909390939093899389938993899389938993889388938893889388938893889388938893889387938893879387938793879387938693879387938693869385
0817938593859386938693869385938593859385938593859385938593859385938593859384938593859385938593859385938593859385938593859385938493859384938593849384938593849384938493849385938593859384938593859385938493859384938493849385938493849384938493849384
0818938493849384938493849384938493849384938493849384938493849384938493849384938493849384938493849384938493849384938493849384938393839383938393839383938393839383938393839383938393839383938393839383938393839383938393839383938393839383938493839383
0819938393839384938393839383938393839382938393829382938393829383938393839383938393839383938393849384938493849384938493849384938493849384938493859384938693869386938693869386938693879386938693879387938793879387938793879387938793879387938893889388
0820938793889388938893889388938893889388938893889388938893889387938893889388938893889388938893889388938893889389938993899389938993899388938993909389939093909390939093909390939093909390939093909390939093919391939193919391939193919391939193919391
0821939193919391939193919392939193919392939293929392939293939393939393939394939493949394939593959395939593959395939593959395939593959395939593959395939593959395939593959395939593949395939593959395939593959395939593959395939593959395939593959395
0822939593959395939593959395939593959396939593969396939693969396939693979396939693969397939693969396939693959395939593969396939693969397939893989398939893989398939893989398939893989398939993999399939993999399939893999399940094019402940294039403
0823940394029402940294019401940194019402940294029402940294029401940094019401940194009400940094009399939993999399939993989399939993999399939893989398939893989399939993999399939993999399939993989398939893979397939793979397939793979397939793979397
0900939793979398939893989398939993999399939993989398939893989398939893989398940094019401940194019401940194019401940194019400940094009400940094009400940094009400940094009401940194019401940194009401940094009400940094009400940094009401940194019401
0901940194019402940194019401940194019401940194019401940194009401940194029402940294029402940294029402940294029402940294029402940294019401940194019400940093999399939893989398939893989399939993989398939893979397939793979396939693959395939493949393
0902939393949394939593959395939493949394939493949395939593959395939593959395939593949394939493939393939393949394939393939393939393939394939493949393939393939393939393929392939293929391939193919391939193929391939193929392939293929393939393939393
0903939393939393939393929392939393939394939493949395939593949394939393939392939193909391939293939394939493949395939593959395939493949393939393939392939393939393939393949394939493949394939493949394939493949394939493949395939593959396939593959394
0904939393929391939193919391939193919391939193919392939193919391939193919391939193919390939193909390939193909390939093909390939093909389938993889388938893889388938893879387938793879387938793879387938793889388938893879387938793879387938893879387
0905938793879386938693869385938593849384938593859386938693869387938893879388938793889388938793889387938793869386938693869386938593859385938593859385938593859385938593849385938593859385938593859385938593849384938493849383938393849384938493849385
0906938593849384938493849384938493849384938393849383938493849384938493859384938593859386938693869386938693879387938793879387938793879386938693869386938693869386938693869386938593859385938593859385938593859385938593859385938593859385938593859385
0907938593859385938693869386938693869386938693869386938693869387938693869386938693869386938693869386938693869387938793869387938793879387938793879387938793879387938893889388938893889388938893899389938993899389938993899389938993899389938993899389
0908938993909390939193909390939093909389939093909390939093909390939093909390939093909391939193919391939193919391939193909390939093909390939093919391939193919390939093909390939093909390939093909390939193919391939193919392939293929391939193919391
0909939193919390939193919391939193919391939093919391939193919391939193919392939193929392939293929392939293929392939293929392939293939393939293939393939393939392939393939393939393939393939393929392939393929393939293929392939293929392939293929392
0910939293929392939293929392939293929392939293929392939293929392939293929392939293929392939293919391939193919392939293929392939293929392939293929392939293929391939193919391939193919391939193919391939193919391939193909390939193919391939193919391
0911939193919391939093909391939093919391939193919391939193919391939093909390939093909390939093909390939193919390939193919391939193919391939193919391939193919391939193919391939193919391939193919391939193919391939193919391939193919391939193909390
0912939093919391939193919391939193919391939193919391939093909390939093909391939193919391939193919391939193919390939093909390939093909390939093909390939093909389938993909389938993899389938993899389938993889388938893879387938893879388938893879387
0913938793879387938793879387938793879387938793879387938793869387938793869387938693869386938693859386938593859386938693869386938593859385938693859385938593859384938493849383938393839383938293829383938293829382938293829382938293829382938293829382
0914938293829382938293829382938293829382938293829382938293829382938293829382938193819381938193819381938193819380938093809379937993799379937993799379937893799379937893789378937993799378937893789378937793779377937793779377937793769376937693769376
0915937693769376937693769375937593759375937593759375937593759375937693759375937593759375937593759374937493749374937493749374937493749374937493749374937493749374937493739374937493749374937393739373937393739373937393739374937393739373937393739374
0916937493739374937593749374937493739373937493739373937493749374937493749374937493749374937593759374937493749374937493749374937493749374937493759374937593749374937593749374937493749374937493739374937393739374937493749374937493749374937493749374
0917937593759375937593759375937593759375937593759375937593759375937593769376937693759375937693769376937693769376937693779376937793779377937893789378937893789378937893789378937893789378937893799379937993799379937993799379937993809379938093809380
0918938093809380938093809380938093809380938093809380938093809380938093809380938093809380938193819381938293819381938193819381938193819381938193819381938193819381938193819382938293839382938393839384938493839383938493839384938493849385938593849384
0919938493849385938493849384938593859385938593859385938693869386938793879387938793889388938893889388938993889389938993899390939093909390939093909390939093909390939193919391939093919391939193909391939193919391939293919391939193919391939293919392
0920939293929392939393939393939393939393939393939393939393939394939393949394939593959395939593959395939693969396939793979396939793979397939793979398939793979398939893989398939893999399940094009401940194019402940194029402940294029401940294029401
0921940294029402940294039403940394039403940494049404940594059405940594059405940594069405940594059406940694069406940794079407940794079408940794089408940994099409940994099409940894089409940894089408940894089409940894099409941094109410941094109410
0922941094109410941094109410941094109411941194119411941194109410941194119410941094119410941194119411941194119411941194129411941194119411941294129412941194129413941394139413941394139413941394139413941394139413941394139413941394139413941394139412
0923941394139412941394129413941394139412941294129412941394139413941494149415941594169416941694169417941794179417941794179417941895919418941894189418941894189419941894199418941994209420942194219421942194219422942294229421942294229422942294229421
1000942194229422942294239423942394239423942394239423942394229422942294229422942294229422942294229423942394239423942494249424942394239423942294229423942294229422942294229422942294229422942194219421942094209420942094209421942194229422942294229422
1001942294229422942294229422942394239423942394239423942394239424942394249425942594269427942794269427942794279427942794279427942794279427942894289428942894289427942794279428942894289428942894289428942894289428942894289428942894289428942894289428
1002942894289428942894289428942794289427942894289428942894289429942994299429942994299429942994299429942994299428942894289428942894299429942994299430943194319431943294329432943294329432943294339433943394349433943494349434943494359435943594369436
1003943794369436943794369436943694359435943594359435943594359435943594359436943694369437943794379437943894389438943894389438943894389438943894389438943894389438943794379436943694359435943595869436943794379437943794379437943794379437943794379437
1004943794379437943794379437943894389438943794379437943894379438943794379438943894399439943894389438943894389438943894379437943794389438943894389438943894399439943994399439943994399439943994399439944094409440944094409440944094409440944094409440
1005944094409440944094409440944094409440944094419441944194419441944194429442944394439444944494459445944594469447944794479447944794479447944794479447944794479447944794489447944894479447944794479447944794479447944794479448944894489448944894499448
1006944894489448944994499450944994499450944994499449944994499449945094509450945094509450945094509450945094509450945094509450945094509451945094509450945194509451945294529452945294529452945294529452945394549455945594559455945594559455945594559455
1007946094619461946194619462946294629580946294639463946494649464946494659465946594659465946694669466946794679467946794679467946894689468946894699469947094709471947194719471947194719472947294729472947294729472947294729472947294739473947394739473
1008947394749474947494749475947494749474947494749474947494749475947594759475947694769477947794789478947894789478947894789478947894799479947994799479948094809481948194819481948194819482948294829482948294839483948394839483948394839482948394839483
1009948394849484948494849484958495849585958595859585958595859585958595859585958595859585958595859585958595859585958495849584958595849584958595849584958595849584958495849584958495859585958495849584958495849584958495849584958495849584958495849584
1010948494849484948494839484948494849485948594859485948594869486948694869486948694869487948794879487948794879488948794889489948994899490949094909490949094909490948994899489948994899490949094909490948994899489948994899489948994899489948994899489
1011949194919491949194919491949194919490949094909490949094909490949094909490949094909490949094909490949094909490949094909490949094909491949194919491949094909491949194909490949094919490949094909490949094909490949094909490949094909490949094909490
1012949094909490949094909490949094909490949094909490949094909490949095769490949094909490948994899489948994899489948994899489948994899489948994899489948994899489949094909490949094909490949094919491949194919491949094919491949194919491949194919490
1013949094909490949094909490949094909490949094909490949094909490949094909490949094909490949094909489948994899490949094899489949094909489948994899489948894899488948994899488948894889487948794879487948794879487948794879486948694869486948694859485
1014948594859485948594859484948494849484948494849484948494839483948494839484948394849484948394839483948494849484948494849484948494849484948494849484948494849484948494849484948494849484948494849484948394839483948394839483948394839483948394839483
1015948394839483948394839483948394839483948394829482948394839483948394839483948394829482948294829481948294819481948294829482948194819481948194809479947994809479947994799479947994799479947994799479947994799479947994799478947894789478947894789478
1016947894789478947794789477947794779477947794779477947794779476947794779477947694779477947694769476947694769476947694759475947594759475947594759475947494749474947494749474947494749474947494749474947494749474947494749474947494749473947494739474
1017947394739473947394739473947394729472947294729472947294729472947294719472947294729471947294729472947294719471947194719471947194729472947194729472947194719470947094709470947094709470947194709470947094719470947094709470947194709471947094709470
1018947094709470947094709470947094709470947094709469946994699470947094709470947094719471947194719471947194709471947094719471947194719471947194719471947194719471947194719471947194719471947194719471947194719471947294719471947194719471947194719471
1019947194719471947294729472947294729472947394739473947394739473947494739473947394749473947394739473947394739473947394739473947394739473947494749474947394739474947494749474947494739474947494749474947494739474947494739474947494749474947494749474
1020947594759475947594759475947594759475947594759476947694769476947594769475947594769475947594759475947594759476947594759475947694769476947694769476947694769476947694769477947694779477947694769476947694769476947694769476947694769477947794769477
1021947794779477947794789477947794789477947794789477947794789478947894789479947894799479947894789479947994799479947994799479947994799479947994799479948094809480948094809480948094809480948094809480948194819481948294829482948294829482948294829482
1022948294839483948394839483948394839483948494849484948494859485948594859485948594859485948694869486948694879487948794879488948794879487948794879487948794879487948794889488948894899489948994899490949094909491949194919491949194919491949294929492
1023949294929492949294929492949294929492949294939493949394939493949394939493949494939493949394939493949394939494949494959495949594969496949694969497949794989498949894989498949894989498949894989498949894989498949994999498949994999499949994999499
1100949994999499949994999499950094999500950095009500949994999499949894989498949894989498949894989498949894989498949894989497949894979497949794979498949794989498949894989498949894999499949994999499949994989499949994989498949894989498949894989499
1101949994999499949894999498949994999499949995009499950095009500950095009499949994999499949994989498949894989498949894989497949794979497949894979497949794979497949794979497949794979497949794969497949794979497949794979496949694969496949594959495
1102949694969496949694969496949694969497949794979497949794989498949894989498949894989498949894989497949894989498949894989498949894989498949794979497949794979497949694969496949694969496949694969496949694969496949694959495949494949495949594949495
1103949594959495949494949495949594959495949594959496949694969496949694969496949694969496949694969496949694969496949694969495949594959495949494949494949394939493949394939493949394939492949294939492949294929492949294929491949194919491949194909490
1104948994909490949094909490949094899489949094909490949094909490949094909490949094909490949094899489949094909490949094909490949094909490949094909490949094909490948994909490949094909490949094909490949094909490948994899490949094909490949094919490
1105949194909490949094899489948994899489948894889488948894879487948794879488948794879487948794879487948794879486948694869486948694879486948794869487948694869487948794879487948794879487948794879487948794869486948694869486948694879487948794879487
1106948794879487948794889488948894889488948894889488948894889488948894889488948894889488948894889488948894889489948994899489948994899488948894889488948894889488948894889488948894889488948894889488948894889489948994899489948994899489948994899489
1107948994899489948994899489949094909491949194919491949194919491949194919491949194919491949194929492949294929492949294929492949294929492949294929492949294929492949294929492949294929493949394939493949494949494949494949494949594949494949494949494
1108949494949494949494949495949594959495949594959495949594969496949694969496949794979497949794979497949794979497949794979497949794979497949794979497949794979498949894989498949894989498949994999500950095009500950095019501950195029502950295029502
1109950295029502950295029502950295029502950295029502950295029503950395039503950495049504950495049504950495049504950495049504950495049504950495059505950595059506950695069506950695069506950695069506950695069506950695069506950695069507950795079507
1110950795079507950795079507950795079507950895089508950895089508950895099508950895089508950895089508950995099509950995099509950995099509951095109510951095119511951195119511951195119511951295129512951295129512951295129512951395129513951295129512
1111951295129512951295129512951295129512951295129512951295129512951295129512951295129513951395139512951295129512951295139512951295129512951295129512951295129512951295129512951195129511951195129511951195119512951195129512951295119512951195119511
1112951195119511951195119512951195119511951195119511951195109510951095109510951195119511951095109511951195109510951095109511951095109510951095109510951095109509950995089509950895089508950895089508950895089507950895079507950895079507950795069506
1113950695069506950695069505950695059505950595059505950495049504950495049504950395039503950395039502950295029502950295029502950295029502950195019501950095009500950095009499949994999499949994989498949894989497949694979496949694969496949694969496
1114949694969496949694959495949594959495949594959495949494949494949494949493949394939493949394939493949394939493949394939493949394939493949294939492949294929492949294929492949294929492949294929492949194919491949194919491949194919491949194919491
1115949194919491949194919491949194909490949094909489948994899489948894889488948894889488948894889488948794889488948894879487948794879487948794879487948694879487948794869486948694869486948594859485948594859485948494849484948494849484948494849484
1116948494839483948394839483948394839483948294829483948294829482948294829482948294829482948294829482948294829482948194829482948194819481948194819482948194819481948194819481948194819481948094809480948094809480948094809480948094809480948094809480
1117948094809480948094799480947994809479947994809481948194819480948194809480948094809479948094799480947994809480948194809480948194809481948194819481948194829481948294819482948294829482948294839483948494849483948494849483948494839483948394839483
1118948494859484948494849484948594859485948594859485948594859485948594869486948694869486948694869486948694869486948694869486948694869486948694879486948694879487948794879487948794879487948894889488948894889488948894889488948894899489948994899489
1119948994899490949094909490949094909491949194919491949194919491949194919492949294929492949294929492949294929492949394939493949394929493949294929492949394939493949394929492949394929493949394939493949394939493949394939493949494949495949594959495
1120949594959495949694969496949694979497949794979498949894989498949894999499949994989499949894999499949995009500950095009500950095019501950195019501950195029501950295029502950395039503950395039504950495049504950595059506950695069506950695079507
1121950795079507950795079507950795079507950795079507950795089508950895099509950995109510951095109510951095109510951095109510951095109510951195119511951295129512951295129512951395139513951395139513951395149515951595159515951695169516951795189518
1122951895189519951995199519951995209520952195219521952195219522952295229522952295239523952495249524952595269526952695269527952795279528952895289528952895289528952995299529952995309530953095309530953095319531953195329532953295329532953295329533
1123953395339533953395339534953495349534953495349535953595359536953695369536953695369536953695369536953795379537953795379538953895389538953995399539953995399539953995399539954095409540954195419541954195419541954195419541954195419542954295429542
1200954295429542954295429542954295429542954395439543954395439543954495439544954395449544954495459545954595459545954595469545954695469545954695469545954695469546954695469546954795479547954795479547954795479547954795479547954795479547954795479547
1201954795479547954795479547954695479546954695469546954695469546954795479547954795479547954795479548954895489549954995499550955095509550953395509550955095519551955195529552955295529552955295529553955295529552955195519551955095519551955195519551
1202955195529552955295529552955295529552955295529552955295529552955295529552955295539553955395539553955395539553955395549554955495549554955595559555955595559556955695569556955595559555955695569555955695559555955595559555955495549554955495549553
1203955395539552955295529552955295519551955195519551955295529552955295529552955295529552955295529552955295529552955295529552955295529552955295529552955295529553955395539553955395539553955395539553955495549554955495549554955495549554955495549554
1204955495549554955495549555955595559555955595559556955695559555955595559555955595559555955595559556955695569556955695569556955695569556955695579556955695569556955795579557955795579558955895589558955895589558955895589558955895589557955795579557
1205955795569557955695569557955695569556955795579557955795579557955795579557955795579557955795579557955795579557955795579557955695579557955795579557955795579557955795589558955895589558955895589558951595589558955895599559955995599559956095599559
1206956095599559955995599559955995599560956095609560956095609560956095609561956195619562956195619562956195629562956295629562956295629562956295639563956395639563956495649563956495649564956495649564956495649563956395639563956395649564956595659565
1207956595659565956595669566956695669566956695669566956695679567956795679567956895689568956895689569956995699569956995699569957095709571957195719571957195719572957295729573957395739573957395739574957495759575957595759575957595759575957595759576
1208957595769576957695779576957695769576957695769577957795769577957795779577957795789578957895789578957895789578957995799579958095809581958195819581958295829582958295829582958295829582958295829582958395839584958495849584958495849584958495849584
1209958495849584958495859585958595859586958695869586958695869586958695869586958695869586958695869586958695869586958695869586958695869586958695879587958795889587958895889588958895889588958795879587958795879587958795879587958795879587958795879587
1210958895889588952495899589958895899588958895889588958895889588958895899589958995899589958995899589958995899589958995909590959095909590959195919591959195919591959195919591959195929592959295929592959295929592959295929592959295929592959295929593
1211959395939592959295929592959295919592959295929592959295939592959395929592959295929592959295929591959195919591959195919591959195929592959295929592959295929592959295929593959295929592959295929592959395939592959395939593959395939592959295939593
1212959395939593959395939592959395929592959295929592959395929592959295929592959295929592959295919591959195919591959195919591959295929592959295929593959295939592959295929592959295929591959295929591959195919591959195919591959195919591959195919591
1213959195919591959195909590959095909590958995899589958995899590958995899589958995899589958995899589959095899589958995899589958895899588958895889588958895889588958895889587958795879587958795879587958695879586958795869586958695869586958695859585
1214958595859585958595859584958595849584958495849584958395839583958295829582950795829582958295829582958295829582958295829582958295829582958295819581958195819581958195819581958195809581958195809580958095809580957995809580957995799579957895789578
1215957895789578957895789578957795779578957895779577957795779577957795779576957695769576957595759576957595759575957495749574957495749573957395739573957395729573957395739572957395729573957395739573957295729572957295729572957295729571957195719571
1216957095709570957095709570957095699569956995699569956995699569956995699569956895689568956895689568956895679567956895679567956795679567956795679567956795669566956695669566956695669566956695669566956595659565956595659565956595649564956495649564
1217956495649564956495649564956495649564956395639564956395639564956395639562956395629562956395639562956295639562956295629562956295629562956295629562956295629562956295629562956295619562956295629562956295629561956295629562956295619562956295629561
1218956195619561956295619562956295629561956195619561956195609560956095619560956095619560956195609560956195619560956095609561956095609560949295609561956195609560956095609560956095619560956095609560956095619560956095609560956095609560956095609560
1219956095609560956095609560956095609560956095609560956095609560956095609560956095609560956095609560956095609560956095619561956195619561956195619561956195619562956295629562956295629563956295629562956295629563956395639563956495639564956395639563
1220956395649564956495659565956595649564956595659565956595659565956595659565956595669566956695669566956695669565956695669566956695669566956795679567956795679567956795679568956895689569956995699568956995699568956995699570957095709570957195719571
1221957195719571957195719571957195729571957295729572957295729572957295729572957395739574957495749574957495749574957595759575957595759575957595759575957595759575957595759575957595769576957695769576957695769576957695769577957695779577957795789578
1222957895789578957895789578957895799578957995799579957995799579957995799579958095809580958095809580958095819581958195819581958195819581958195819581958195819581958195819581958195819582958295829582958295829581958195819581958195819582958295829582
1223958395839583958395839583958395839582958295829582958295829583958395839584958495849584958495849584958495849584958495849584958495849584958495859585958595859585958595869585958695869586958695869586958595869586958695869586958695879587958695879586
1300958695869586958695869586958695869586958695869586958695869586958695869586958695869587958695869587958795869586958695869585958595859585958595859585958695869586958695869586958695869585958595859585958595869586958695869586958695869586958795879587
1301958795869586958695869586958595859585958495849584958495849584958495849584958495849584958595859585958595859586958595859585958595859585958495849584958495849584958495849584958495849583958395829582958295829581958195819581958195819581958095809580
1302958095809580958095799580958095799579957995799579957895789578957995799579957995799578957895789578957895789578957895789578957895789578957895789578957895789578957995799579957995799579957995799579957995789578957895789578957895779578957795779577
1303957795779577957795779577957695769576957695769576957595759575957595759575957495749573957395729572957295729572957295739573957395739574957495739572957295729571957195719571957195729572957295729572957295729572957295729572957295729572957195719571
1304957195719571957195719570957095709570956995699569956995699569956995699569956995699569956995699569956995699569956995699569956995699569956995699569956995699569956995699568956995699569956995689569956995689569956995699569956995699569956995699569
1305956995699569956995689568956995699568956995689569956895699569956995699569956995699569956995689568956895679568956895679568956795679568956795679567956795679567956795689567956895689568956895689568956895689568956895689568956895689568956895689568
1306956895689568956895689568956895699568956895689568956895689568956895689568956895689569956995699569956995699569956995699569956995699569956895689568956895689568956895689568956895689568956895689568956895699569956995699569957095709570957095709570
1307956995699569956995699569956995699569956995709570957095709570957095709570957095709569956995699569956995699569956995709570957095709570957195719571957195719572957295729573957395739573957395749574957395739573957395739573957395739573957395749574
1308957495749574957495749575957595759575957595759575957595759575957595759575957595759576957695769576957695769576957595769576957695769577957795779577957795779577957795769576957695769576957695779576957695769576957795779577957795779577957895779578
1309957895789577957895779577957795779578957795779578957895789578957895789579957995799579957995799580958095799580958095809580958095809580958095809580958095809580958095809580958095809580958095809580958095799580958095809580958095809581958195819581
1310958195819581958295829582958295839583958395839583958395839584958495849585958595859585958595859585958595859586958595869586958695869586958695869587958795879587958795879587958795889588958895889588958895889588958895889588958895879587958795879587
1311958795879587958795879587958795879587958795889587958795879588958895879587958795879587958695869586958695869586958595859585958595859585958595869586958695869586958695869586958695869587958795879587958795879587958795879587958795869586958695869585
1312958695869585958595859584958495849583958395839583958395839583958395839583958395839583958395839583958395839583958395839583958395839584958395849583958395849583958395839583958295829582958295829582958295829582958295829582958295829581958195809580
1313958095809580958095809579957995809579957995799579957995799578957995789578957895789578957895789578957895789578957895789577957795779577957695769576957695769576957695769575957595759575957595759574957595749574957395739573957395739573957395739573
1314957395739573957395739573957395739573957395739573957395739573957295729572957295729571957195719571957195719571957195719570957095709570956995699569956995689568956895689568956895689568956795679567956795679567956795679566956695669566956595659565
1315956595659565956595659565956595659565956595659565956595659565956595659565956495649564956495649563956395639563956395639563956395629562956295629562956295629562956295629562956295629562956195619561956195609560955995599559955995599559955895589558
1316955895589558955795579557955795569556955695569556955695569556955695569555955595559555955595559554955495549554955495549554955495549553955495539553955395539553955395529552955295529552955295529551955295519551955195519551955195509550955095509550
1317955095509550955095509550955095499550955095509550954995509549954995499549954895489548954895489547954795479547954795479546954695469546954695469547954795469546954695469546954695469545954595459545954595459545954595459545954595459544954595459545
1318954595449544954495449544954495459544954495449544954595449545954595449545954595449545954495449544954495449544954495449544954495439544954395449544954395439543954395439543954395439543954395439543954395439543954395449544954395449544954495449544
1319954495449545954595459545954595459545954595459545954595459545954595459545954595459545954595459545954595459545954695469546954695469546954695479547954795479547954795479547954795479547954795479548954895489548954895489548954995499549954995499549
1320955095509550955095509550955095509550955095509551955195519550955195519551955195519552955295529552955295529552955295539553955395549554955495549554955495549554955495549554955495559555955595559555955695569556955695579557955795579557955895589558
1321955895589559955995599560956095609561956195619561956195619562956295629562956395639563956395639564956495649564956495659565956495649564956595659565956595659565956595659565956595659565956595659565956595659565956595669566956695669566956795679567
1322956795689568956895689568956995699570957095709570957095719571957195719571957295729572957295729573957395739574957495749575957595759575957595759575957595759575957595759576957695769576957695779577957795779578957895789578957995799579957995799579
1323957995799579957995799580958095809580958095819581958195819582958295829583958395839583958495849584958495849585958595859586958695869586958695869586958695859586958695869586958695869586958695869586958795879587958795879588958895879589958895899589
1400958995899589958995899589959095909590959095919591959195919592959195929592959295929592959295939593959395929593959395939593959495949594959495949594959595959595959595959595959595959595959595969596959595959596959695979596959695979597959695979597
1401959795979597959795979597959795979597959795979598959895989598959895989598959895989598959895989598959895999599959995989599959895999598959895989598959895999598959995989599959995999599959995999600959995999600960096009601960096019601960196019601
1402960196009601960196019601960196019601960196019600960196009600960096009600960196009600960096009600960096009600960096009600960096019601960196019600960196009600960096009600960096009600960096009600960096009600960096009600959995999599959995999598
1403959895999598959995989599959895999599959995999600960096009599960096009600960096009600960096009600960096009600960096009600960096009600960096009600960096009600960096009600960196019600960196009600960096009600960096009600960095999599959995999598
1404959895989598959895979598959795979597959795979597959795979596959795969596959695969596959695969596959695969596959695969596959695969596959695979597959695969597959795979597959795979597959795979598959895989598959895989598959895989598959895989597
1405959795979598959895999599960096019601960196029602960296029602960296019601960196019601960196019601960196019601960196019601960196019601960196019601960196019601960296029602960396039603960396039603960496049604960496049604960496049603960396039604
1406960396039603960496049604960496059604960496049604960496049604960496049604960396039603960396039603960396039603960396039603960396049604960496049604960496049604960596059605960596059605960596069605960596059605960496059605960596059605960596059605
1407960696069606960696069606960696069606960796079608960896089607960896089608960896099609960996099609960996099609960996099608960896089608960896089608960896089609960996099610961096109610961096109610961196119575961196119611961196129612961296129612
1408961296129612961296139613961396139614961496149614961596159615961596159616961696169617961696169617961796179617961796179616961696169616961696169616961696179617961796179617961796189618961896189618961896189618961896189618961996199619961996199619
1409961996199619961996199619961996199619961996199619961996209620962096209621962196219621962196219621962196219621962196209620962096209620962096209620962096209620962096209620962196219621962196219622962296229623962396239623962396229622962296229622
1410962296229622962196219621962196219621962196219621962196209621962096209620962096209620962096219621962296229622962396229622962396239623962396229622962296229621962296229622962296229622962296229622962196219621962196219620962096209620962196219621
1411962196229622962296229622962296229622962296229622962396229622962296229622962196219622962196219622962196219621962196219621962196219621962196209620962096209620962096209619962096209619961996199620962096209620962096209620962096209619961996209619
1412962096209619962096209582961996199619961996199619961996199619961996199619961996199619961996189619961896199618961896189617961896179617961796179617961796179617961796179617961796179617961796169616961696159615961496149614961396139613961396139613
1413961396139612961396129612961296129611961196109610961096099609960996099609960996099609960896089608960896079608960796079607960696069606960696069606960696069604960496059604960496049603960396049604960496029602960296029602960296029602960296029602
1414960296029602960196019601960196019600960096009600960096009600959995999599959995999599959895989598959895979598959795979597959795969596959695959596959595969595959695959595959595969595959595959595959495949594959495939594959395939593959395939593
1415959395939593959395939593959295929592959195919591959095919591959195919590959095909590959095909590959095909589959095899588958895889588958795879587958795879587958695869586958695869586958695859585958595849584958495839583958495839583958395849584
1416958395839583958395839582958295829582958295829582958295829582958295829582958195819538958195809580958095809580957995799579957995799579957995789579957995789578957895789578957895789578957895779577957795779578957795779577957695769576957795769576
1417957695769575957695759575957595759575957495749573957395739573957395739573957395739573957395739573957395739572957295729572957195729572957295719571957295719571957195719571957195719571957195719571957095719570956995709570957095699570957095699570
1418957095709570957095709570957095699569956995699569956995699569956995709569956995699569956995699569956995709570957095709570957095709569956995699569956995699569956995699569956995699569956895699569956895699568956995689569956995699569956995699568
1419956895689568956895689569956895699569956995699569956995699569956995699570957095709570957195719570957095719571957195719571957195719572957195729572957295739573957395749574957395739573957395739573957495749574957495749574957595759575957595759574
1420957495759575957595769576957695769576957695769576957695779577957795789578957895789578957895789578957995799579957995799580958095809580958095809531958095809580958095809580958195819581958195819581958295829582958295829582958395839583958395839583
1421958495849584958495849584958495849584958495849585958595869586958695869586958695869586958695869587958795879587958795879587958895889588958895889588958895899589958995909590959095919591959195919591959195919591959295929592959295929593959395939594
1422959495959595959595959595959595959595959595959595959595959596959695969596959695969596959695979597959795979597959795989597959895989598959995999599960096009600960096009601960196019601960196019601960196019601960196019601960296029602960296029603
1423960396039603960396039603960396039603960396039603960496049604960496049605960496059604960596059605960596059605960596059605960596069606960696069606960696069606960796079607960796079607960796079607960796079607960796079608960896089609960996099609
1500960996099609960996099609960996099609960996109610961096109610961096109609961096109610960996099609960996099609960996099609960996099609960996099609960996099609960996099609960996089608960896089608960896089608960896089609960996089608960996099610
1501961096109610961096109610961096109611961196119611961196119611961196119610961096109610961096109610961096109610961096109610961096109610961096109610961096109610961096109610960996109610961096109610961096109610961096109610960996109610961096109610
1502961096109609960996099609960996099608960896089608960896089608960896089608960896089608960896079608960796079607960796079607960696069606960696069606960696069606960596069606960596059605960596059604960596059605960596059605960596059605960596059605
1503960596059605960596049604960496049604960396039603960396039603960396029602960296029602960296029603960296029602960296029602960296029603960296039602960296029602960296029602960196019602960196019601960196019601960196019601960196019601960196019601
1504960196019602960296029602960296029602960296029602960296029602960296019601960196019601960196019601960196019601960196019601960196019601960296029602960296029602960296019601960296019602960196019601960196019601960196029602960296029601960296019602
1505960296029601960296029601960196019601960196019601960296029601960196019602960296029602960296029602960296029602960296029602960296029602960296029602960296029602960196019601960196029602960296029602960296029602960196029602960296029602960296029602
1506960196029602960296029603960396029603960396039603960396039603960396039603960396039603960396049604960496049604960496059605960596059605960596059605960596059605960696069605960696069606960696059606960596069606960696069607960796079607960796079607
1507960796089608960896089608960896089608960996099609960996099610961096109611961196119611961196129612961296129612961396139613961396149613961396139613961396139613961396139613961396139614961396149615961596159616961696169616961696169617961696169617
1508961796179618961896179617961796179617961796179616961796189619961996199620962196219621962196229622962296229622962296229622962296239623962396249624962496259625962596269528962696279627962796279627962796279627962796279627962896289628962896289628
1509962896289628962896289628962896289628962896289629962996299629962996299629963096309630963096299629962996299629962896289628962896299628962996299629963096309630963096319631963196319631963196319631963296329632963296329632963296329632963296329632
1510963296329632963296329632963196329632963296329633963396339633963396329633963396339633963496349634963396339633963396349634963496349634963596359634963496359634963596359635963596359635963596359635963596359635963596359635963596369636963696369636
1511963696369636963696369636963696369636963796369636963696369636963696369636963696369636963696369636963696369636963696369636963696369636963696369636963696359635963496359635963596359634963596359635963596359634963496339633963396339634963496349634
1512963496349634963396339633963396339633963396339633963396339633963396339633963396339633963396339633963396329633963296329632963296329632963296339632963296329632963296319631963296329632963196319631963196319631963096309629963096309517962996299629
1513962896289628962896289628962796289628962796279627962796279627962796269626962696269625962596269626962696259626962596259625962596259625962596259625962496249623962396239623962396239622962296229622962196219621962196219620962096219621962096209620
1514962096209619961996199619961996199618961896189618961896189617961796179618961796189618961796179617961796179617961696169616961696169616961696169616961696169616961696169616961596159616961696169616961596159615961596149614961496149614961496149614
1515961396139613961296129612961296119610961196109610960996099609960996099609960996099609960996099608960896089608960796079607960796089608960896089608960896079607960696069606960696069606960696069606960696069606960596049604960496049604960496049604
1516960496049604960496039603960396039602960296029602960296029601960196019601960196019601960196009600960096009599960095999599959995999598959895979597959795989598959895999599959995999598959895989598959795979596959695959595959695969596959695969596
1517959695979596959695969596959595959595959595959484959595969596959695969596959695969595959595959595959595949595959595959594959495959595959595959595959595949594959495939593959395939593959395939594959495959595959695969596959695959595959595959594
1518959495949594959495959596959595979597959795979597959895979597959795979597959795979597959795979597959895989598959895989599959995999599959995999599959995989599959995989598959995999599959995999599959995999599959996009601960196019601960196019602
1519960296029601960196019601960096019601960196019601960196019601960196019601960196019601960196019601960196019601960196019601960296019601960196019601960196019601960196019602960296039603960396049604960496039603960396049603960396039603960396039603
1520960396029603960296029602960296029602960396039603960396039603960396039603960396039603960396049604960596069606960796079607960896079607960796079606960696069606960696069607960796089609961096109611961196129612961296129612961296119610961096109611
1521961196129612961296139614961496159615961496159615961596159616961696169617961796179617961796179616961696169616961696159615961596149614961396139612961296129611961096109610961096109609960896089609961196129613961396139613961396129612961396129612
1522961296129612961296129613961396159615961696179617961796179618961896189618961996199619961996209620962096209620962096209620962196219620962196219621962196219622962296239623962496249624962496259624962496259625962696259626962696269625962696269626
1523962796279627962796289629962996309630963096299630963096309630962996309630963096309630963096309630963096309630963096309631963196319631963296329632963396339632963396329632963296329632963296329632963196319631963196319631963196329632963296329632
1600963296329632963396339633963396339633963396339633963396349634963496349635963696369637963696369635963596359635963596369635963696369636963596359635963596359634963496339633963296329632963296329632963296339633963396349634963596359634963496349634
1601963496349634963496339633963496349634963496349634963396339633963396339633963396339633963496339633963496349633963396339633963296339632963296329632963296329632963196329632963296329632963196319631963196319631963196309630963196309629962996299629
1602962996299629962996299629962996299629962996299629962996299629962996299629962996299629962996289628962896299629962996299629962996299629962996299629962996289628962896289628962896289628962896289628962796279626962696269626962696269625962596269625
1603962596259625962596249624962396249623962396249624962496249623962396239623962396239623962396249623962496249624962496249623962396239623962396239623962396239623962396239623962296239623962396229622962296229622962296229622962196219621962196219621
1604962196219621962196219620962096209620962096209620962096209620962096209620962096209620962096209620961996199619961996209619962096199619961996199619961996199618961996189619961896189618961896189618961896189618961896189618961996189619961996199619
1605961996199619962096209619961996199619962096209620962196209620962096209620962096199619961996209619961996199619961996199619961996199620961996199619961996199619961996199619961896189618961896189617961896189617961796189617961796179617961796179616
1606961796169617961696169616961696169616961696169616961696179616961696179617961796179617961796179617961796179617961796179616961696179617961796179617961796179617961796179617961796179617961696169616961796179617961796179617961796179617961796179618
1607961796179617961896189618961896189618961896189618961896189618961896189619961996199619961996199619962096209620962096209620962096219620962196219621962196219621962196219621962196219621962196219621962196219621962196219621962196219621962196219622
1608962296229623962396239624962496249624962496249624962496259625962596259626962696269626962596259626962596269625962596259625962596259626962696269626962796279627962896279628962896289628962896299628962896299629962996299629962996309630963196319631
1609963196319631963196329632963296329632963296329632963296329632963296329632963396329633963396329633963396339633963396339632963396329632963296329632963296329631963296319632963196329632963296329631963196319631963196319631963196319631963196319631
1610963196319631963196329631963296329632963296329632963296329632963296339633963396339633963396339632963296339633963496349634963496359635963596359635963696359636963596359635963596359635963596369636963596369636963696369636963696369636963696359636
1611963696359636963696369636963596369636963696369636963696369636963696369636963696369636963696369636963696369635963596359635963596359635963596369635963696369635963596369636963596359635963596359635963696359636963696359636963596359635963596359635
1612963596359635963496349635963496349634963496349634963496339634963396339633963396339633963296329632963296329632963296329632963296329632963296329632963296329632963296329632963296329632963296319632963296329631963196319631963196319632963196319631
1613963196319631963196319631963196319631963096309630963096309630963096299629962996299629962996299628962896289627962896279627962796279627962796279628962796279627962796279627962796269627962696269626962596259625962596259625962596259625962596259625
1614962596259624962496249623962396239623962396239622962296239622962296229622962296219621962196219621962096209620962096209619962096199619961996189618961896179617961796179617961796179617961796179617961696169616961696159615961596149614961496149614
1615961496149614961396149613961396129612961396129612961296129612961296129611961096109611961096109611961096109610961096109609961096099610960896089608960896089608960896089608960796079607960796069606960696059605960596059605960496049604960496049604
1616960496039603960396039602960396029602960296019601960196019601960096009600960095999599959995999599959995989598959895989597959795979597959795979596959795969596959695969596959595959595959595959595959595949594959495939593959395949593959395939593
1617959395939593959395939593959395929592959295929592959295919591959195909590959095899590958995899588958895879587958795879587958795879587958695869586958695869586958695869586958695859586958595869585958595859585958495859585958595859585958495849584
1618958495849584958495849584958395839583958395839582958395829582958295829582958295829582958295829582958295829582958295829582958295829582958295829581958195819581958195819581958195819580958095809580958095809580957995799579957995789579957995799579
1619957995799579957995799579957895799579957995799578957895799578957895789578957895779578957795779577957695779577957695769576957695769576957695769576957595769575957595769575957695759576957695769576957695769576957695769576957695769576957695769576
1620957695769576957695769576957695769576957695779577957795779577957795779577957795779577957795779577957795779577957795779577957895789578957895789578957895789578957995789578957995799579957995799579957895789578957895789578957895789578957895789578
1621957895789578957895799580958095809580958095809580958095809580958095809580958095809580958095809580958095809580958095809580958095809580958195819581958195819580958195819581958195819581958195819581958195819582958295829582958295829582958295829581
1622958295829582958195829581958295829582958295829582958395839583958395839583958395839583958395839583958395849583958495849584958495849584958495849584958495849584958595859585958595859586958695869586958695869586958695869587958695879587958795879587
1623958795879587958795879587958795889588958895889588958895889588958895889588958995899588958995889588958895889588958895889588958895889588958895899589958995899589958995899589958995909590959095909590959095909590959095909590959095909590959095909590
1700959095909590959095909590959095899590958995899589959095899590959095899589958995899589958995899589958995899589958995899588958995899589958995899589958995899588958895889588958895879587958895879587958795879587958795879587958795879586958795869586
1701958695869586958695869586958695869586958695869586958595859586958595869585958695859585958595869585958595849585958495849584958495849584958495849584958495849584958495849583958395839583958295829582958295829581958195819581958095809580958095799579
1702957995799579957995799579957995799579957995799579957995799579957895789578957895789578957895779577957795779576957795779576957695769576957695759575957595769576957695769575957595759575957595759575957595759575957595759574957495749574957495749573
1703957395739573957395739572957295729572957295729571957195719570957095709570957095709570957095709570957095699569956995699568956895689568956895689568956795679567956795679567956795679567956795679567956795669567956695669566956695669566956695669566
1704956695669566956595659565956595659565956595659565956495659564956495649564956495649564956495649564956495649564956395639563956395639563956395639563956395639563956395639563956395639563956395639563956395639562956295629562956295619561956195619561
1705956195619561956095619560956095609560956095609559955995609560956095599560956095609559955995609560956095599560956095609560955995599559955995599559955995599559955995589558955895589558955895589558955895589558955895589558955895579557955795569556
1706955695569556955695559555955595549554955495559554955595559555955595559555955595569556955695569556955695569556955695199556955695569556955595569556955695569556955695569556955795579557955795579557955795579557955795579557955795579557955895589558
1707955895589558955895589558955895589557955795579558955795589558955995599559955995599559955995599559955995599558955895589558955895589558955895599559955895599558955995589559955895589558955995599559955995599559955995599559955995599559955995599559
1708955995609560956095609560956095609560956095609559956095609560956095609560956095609560956195609561956195609560956195619561956195619561956195619562956295619561956195619561956195619561956195619561956295619562956295629562956295629563956395639563
1709956295639562956295629562956295629562956295629562956295629563956395639563956395639563956395639563956395639563956395649564956495649564956495649564956495649564956495649564956495649564956495649564956495649564956495649564956495649564956495649564
1710956495649564956495649564956495649563956495649564956395639563956395639563956395639563956395639563956395639563956395639563956395639562956295619561956195619561956195609560956095179560956095619560956095609560956095609560956095609560956095609560
1711956095609560956095609560956095609560956195609561956095609560956095609560956095609559955995599559955995599558955895589559955895589558955895589558955895589558955895589558955895579557955795579556955695569556955695569556955695569556955795569557
1712955695569556955695569556955695569556955695569556955695569555955595559555955595559555955595559554955495549554955495549554955495539553955395529552955295519551955195529552955295519552955195519552955195529551955295529551955195519551955195519551
1713955195519551955195509549954995499549954995489548954795489547954795479546954695469546954695469545954595449545954495449544954495449544954395439543954295429542954195419540954095409540954095409540954095409540954095409540954095409540954095399539
1714953995399539953995399539953895389539953895389538953895389538953795379537953795379537953795369536953695369536953595359535953595359535953595359534953495349534953395329532953295329532953295319531953195309530953095299529952995299529952994909528
1715952895289528952995289528952895289528952895289527952795279527952795279527952795279526952695259526952595259524952495259524952495239524952495239523952395229522952295229522952295239522952295229522952295229521952195219520952195209520951995199519
1716951895189517951895179517951795169517951695169516951695169516951595159515951595159515951595159515951595159514951495149514951495149514951495139513951395129512951295129512951295129511951195119511951095109510951095099509950995099509950995099508
1717950895089508950895079507950795079506950695069506950695069506950695059505950595059505950595059505950595049504950495049504950495049504950495049504950395049504950395039503950395039503950395029503950395039503950395039503950395039503950395039503
1718950395039503950395039503950395039503950395039503950395039503950295029502950295019501950195009500950095009500950095009500950095009500950095009499949994999499949994999499949994999499949994999499949994999499949994999499949994999499950094999499
1719949994999499949994999499949994999499949994989499949894849499949894999499949994999499949994999499949994999499949994999499949994999498949994989499949994999498949994999499949994999499949894989498949894989498949894989498949894989498949894989498
1720949894989498949894989498949894989499949994999499949994999499949994999499950095009500950095009500950095009500950095009500950095009500950095009499949994999500949994999500949994999499949994999499949994999499949995009499949994999499949994999499
1721949894989498949894989498949894989498949894989498949894989498949894989498949894989499949994999499949994999499949994999499949894989499949994989498949894989498949894989498949894989498949894999499949994999500950095009500950095009501950195019501
1722950295029502950295029502950295029502950295029501950295029502950295029502950295029502950295019501950295029502950295019501950195009500950095009500950095009501950195019501950295029502950295029502950295039503950395039503950495049504950495049504
1723950595059505950595059505950595069506950695069506950695069506950695069506950695069507950795079507950795089507950895089508950895089508950895089508950895089508950895089508950895099509950995099509950995099509950995099509950995099509950995099509
1800950995089509950895099509950995099509950995099509950895089508950895089508950895089508950895099508950895089508950895099509950895099508950995089508950895089508950895089507950795079508950795089508950895089508950895079507950895079508950795079507
1801950795079507950795079507950695069506950695069506950695069506950695069506950695069506950695069506950595059505950595059505950595059505950495049504950495049504950495049503950395039503950295029502950295029502950195019501950195019501950195019501
1802950195019500950095009500950095009500950095009500950095009500950094999499949994999499949894989498949894989498949894989498949894989498949894989497949894979497949894979497949794979497949694969496949694969496949594969496949594959495949594959495
1803949594959495949594959495949594949494949494949494949494949494949394949493949394939493949394939493949394939492949294939492949294929492949294919491949294929491949194919491949194919491949194919491949194919491949194919491949194919491949194919491
1804949194919491949194919491949194919491949194919491949194919491949194919491949194919491949194919491949194919491949194919491949194919491949194919491949194919491949194919490949194909491949194919490949094919491949194919491949194919491949194909490
1805949094909490949094909490949094909490949094909490949094909489948994899489948994899489948994899489948994899489948994899489948994899490949094909490949094909489948994899489948994899489948894889489948994899489948994889489948894889488948894889488
1806948894889488948894889488948894889489948994889489948894889488948894889488948894899489948994889489948994899489948894899489948994899489948994899488948894889489948994899489948994899489949094899490949094909490949094909490949094919491949194919491
1807949194919491949294929492949294929492949294929492949294929491949194929491949194919491949294919491949194929492949294929492949294929492949294939492949294929493949394939493949394939493949394939493949394939493949494949494949494949494949494959495
1808949594959495949694969496949694969496949594969495949594969496949694969496949694969496949694969496949794979496949794979497949794979497949794979497949794979497949794979497949794979497949794989498949894989498949894989499949894989498949894989498
1809949894989499949994999499949994999499950095009499949994999499950094999499950095009500950095009500950095009500950095009500950095009500950095009500950095009500949994999499949994999500950095009500950094999500950094999500950095009500950095009500
1810950094999499949995009499949995009499949994999499949994999499949894989498949894989498949894989498949894989498949894979497949794979497949794979496949694969496949694959495949594959495949594969495949594959495949594959495949594959495949594959494
1811949494949494949594959495949594959494949494949493949494939493949394939493949394939493949394929493949294939493949294939492949294929492949194919491949194919491949194919491949194919490949194909490949094909490949094909490949094909490949094909490
1812949094899489948994899489948994899489948994899489948994899489948894899489948994889488948894889487948894879487948794879487948794879487948794879487948794879487948794879487948794879487948794879487948694869486948694869486948594859485948594859485
1813948594859484948494849484948494849484948494849484948394839482948294829482948294829482948294829482948294829481948194829481948194809480948094809480948094809479947994799479947894789477947794779477947794779476947694779477947794769476947694769476
1814947694769476947694769475947594759475947494749474947494749474947494749473947394729473947394729472947294729472947294719471947194719471947094719471947094709470947094709470947094709470946994709469946994699468946894689468946794679467946794669466
1815946694669466946694669466946694669465946594659465946594659464946494649464946494639463946394639462946294639463946394629462946194619461946194619460946094609460946094609460946094609460946094609459945994599459945994599458945994589458945894579457
1816945794579456945694569456945594559455945594549455945594549454945494549454945494549454945394539453945294529452945194529451945194519450945094509450945094509450945094499450944994499449944994499449944894489448944894489448944894489448944894489448
1817944894489448944794489448944894489447944794479447944794479447944794469446944694479446944694469446944694469446944694469446944694469446944694469446944694469445944594459445944594459445944594459446944594459445944594459445944694469445944694469446
1818944594469445944694459446944594459445944594459445944594469446944594469445944594459445944594459445944694459446944594459445944594459445944594459445944594459445944594449445944594459445944594469445944594469445944694469446944694469446944694469445
1819944594459445944594469446944694469446944694469446944694469446944694479447944794479447944794479447944794479447944894489448944894489448944994499448944894489449944994499449944994499449944994499449944994509450945094509450945094519451945194519451
1820945294519452945294529451945294529451945294529452945294529452945294529453945394539454945494549454945594559455945594559455945694569456945694569456945694569456945794579457945694579457945794569457945794579458945894589458945894589458945994599460
1821945994609460946094609460946094609460946194609461946094619461946194619461946294629462946294629462946294629462946294639463946394639464946494649464946494649464946594659465946694669466946694669466946694679467946794689468946894689468946994699469
1822946994699469946994709470947094709471947194719471947194729472947294729472947294729472947294739472947294729472947394739473947394739473947394749474947394749474947494749474947494749475947594759475947594759476947694769476947694769477947794779477
1823947794779477947794779477947794789477947894789478947894799479947994799480948094809480948094809480948094819480948194819481948194819481948194819482948294829482948294829482948394829483948394829483948394839483948394839483948394849484948494849484
1900948494859484948494859485948594849484948494849484948594859485948594859484948594859485948594859485948594859485948594859485948594859485948594859485948594859485948594859485948594859485948594869486948594859485948594859486948694859486948694869486
1901948694869486948694869486948694869486948694869486948694869486948794879487948794879487948794879487948794879487948794879487948794879487948794879487948794879487948794879487948794879487948794879487948794879487948894879488948894889487948894889487
1902948794889488948794889487948894889488948894889487948894879487948794889487948794889487948794879487948794879487948794879487948794879487948794879487948894879487948794879487948794879487948794879487948894889488948894889488948894889488948894899489
1903948994899488948894889488948894899489948994899488948894899488948894889488948894889487948894889488948894889488948894889488948794879487948794879487948794879487948794879487948794879487948794879487948794879487948794869487948794879487948794879487
1904948794879487948794879487948794879487948794869487948794879486948694869486948794869486948694879486948694869486948694869486948694869486948794869486948694869486948694869486948694869486948694869486948694869486948794869486948694869486948694869485
1905948694869486948694869486948694869486948694869486948694869486948694869487948694879486948794879487948694879487948694869486948694869487948794879487948794879487948794879487948794879487948894889488948894889488948894889488948894889488948894889488
1906948894889488948894899489948994889489948994899489948994899489948994899489948994899489948994899489948994899489948994909490949094909491949194919491949194919491949194919491949194919491949194919491949194929491949194919492949294929492949294929492
1907949294929492949294929493949394939493949394939493949394939493949394939493949394939493949494949494949494959495949594959495949594959495949594959495949594969496949594959496949594969495949594959495949594959495949594969495949694969495949694969496
1908949694969496949694969496949694969496949694969496949694969496949694979497949794979497949794979497949794979497949794979497956194989498949894989498949894989498949894989498949994989498949894989498949894989498949894989498949894989498949894989498
1909949894989498949994999499949994999499949994999499949994999499950094999499950095009500950095009500950095009500950095009500950095009500950095009500949994999500949994999499949994999499949994999498949894989498949894989498949894989497949794979497
1910949794979497949694969496949694969496949694969496949694969496949694969496949694969496949694969496949694969496949694969496949694969496949694969496949694969496949694969495949694969496949694969496949694969496949694969495949594969495949594959495
1911949594959495949594959494949494959495949594949494949494949494949394949493949394939493949394939493949394939493949394929492949294929492949294919491949194919491949194919491949194919490949194919490949094909490949094909490949094919491949094909490
1912949094899489949094909490949094909490949094909490948994899489948994899488948894889488948894889488948894889488948894889488948894889488948894879488948894889487948794889488948894879487955794879487948794869487948794869486948694869485948694859485
1913948594849484948494839483948394839483948394829482948194819481948194819481948094809480948094809479947994799478947894789478947794789478947794779477947794769477947794769476947694769476947594759475947594759475947494749473947394739474947394739473
1914947394739473947294729472947294729472947294729472947294729472947294719472947194719471947094719470947094709469946994699468946894689468946794679467946694679466946794679466946694669465946594659465946494649464946394639463946394639463946294629462
1915946294619461946094609460946094599460945994599459945894589458945894589457945794579456945694569455945594559455945594559455945594559455945594559455945494559455945494549454945494539454945394539453945394539453945394529452945294529451945194519451
1916945194519451945194519451945194519451945094509450945094509449944994489448944894489448944894489448944894479448944894489447944794479447944694469446944694459445944694459445944594459445944594449444944494449444944494449444944494439443944394429443
1917953494429442944294429442944294419441944194419440944094409439943994399439943994389438943894389437943794379436943694369436943694359436943694369436943594359435943594359435943594359435943594359435943594359435943594349434943494349434943494349433
1918943394339434943394339433943394339433943294339433943394329432943294329432943294329432943294329432943294329432943294329432943294329432943194319431943194319431943194319431943194319431943194319431943194319431943094309430943094309430943094309429
1919943094299429942994299429942994299428942994289429942994299428942894289428942894289428942894289428942894289428942894289428942894289427942894289428942794279427942794269426942694279427942794279427942694269426942694269426942794279427942794279427
1920942794289428942794289428942894289428942894299428942894299429942994299429943094299430943094309431943094319430943194309431943194319430943194319431943194319431943194319432943294329432943294339433943394339434943494349434943494349434943494349434
1921943494349434943594359435943594359436943694369436943694369436954794369437943794379437943794379437943894389437943894389438943894389438943894389439943894389438943994399439943994399440944094409440944094409440944094409440944194419441944194419441
1922944194419441944194419441944194419441944294429442944294429442944294439443944394439443944394439443944494449444944494449444944494459445944594459446944694469447944794479447944794479447944794489448944894489448944894489449944994509450945094509450
1923945094509450945194519451945294529452945294529452945294529452945294529452945394539453945394549454945494549453945494539454945494539453945494549453945494549454945494549453945494549454945494559455945594569455945694569456945694579457945794579457
2000945794579457945794589458945894589458945894589458945894589459945994599459945994599459945994599459945894599459945994599458945894589458945894589458945894589459945894589458945994599459945994599459945994599459945994599459945994599458945894589458
2001945894589458945894589458945894589457945794579457945794579457945794579457945794579457945794579456945694569456945694569456955394569456945594569456945794579457945794579457945794579457945794579457945794579457945794579457945794579457945794579457
2002945794579457945794579457945794579456945694569456945694569456945694569456945694569456945694569455945594559455945594559455945594559455945594569456945694559455945594559455945494559454945494549455945594559454945494549454945494549454945494549454
2003945494549454945494549454945494549454945494549454945494549454945494549454945494549454945494549454945494549454945494539453945394529452945294529451945194519451945194519450945194519450945094519450945094509450945094519450945094509450945094509450
2004945094509451945194519451945194519451945194519451945194519451945194519451945194519451945194519451945294529451945194519451945094519451945094509450945094509450945194509450945094509451945094509450945094519451945194509451945194519451945194519451
2005945194519451945194519451945194519451945194519451945194509450945094509450945094499449944994499448944894489448944794489448944894489448944894489448944894479447944894489447944894489447944894489447944894489448944894489448944794479447944794489448
2006944894489448944894499449944994489448944894489449944994489449944894489448944894499448944994489448944894489448944894499448944894489448944894489449944894499448944894489448944894489448944894479447944894479448944894489448944894489448944894489448
2007944894489449944894489449944994489448944894489448944894489448944894489448944894489448944894489448944894489448944894489448944894489449944894499449944994499449944994499450944994509450945094509450945094509450945094519451945194519451945194519451
2008945194519451945194519451945194519450945194519451945194529452945294529452945294529452945294529452945294529452945294529452945294529452945294529452945294529453945394539453945394539453945394549454945494549454945394539453945394539453945394529453
2009945394539454945494539454945594559455945594559456945694569455945594559455945594559455945594559456945694569456945694579457945794569456945694569457945794579457945794579457945794579457945794579457945794579457945794579457945794579457945794579457
2010945794579457945894579458945894589458945894589459945994599459945994599458945894599459945894589458945894589458945894589458945894589457945794589457945794579457945694569455945594559455945594559455945594559455945694569456945694569456945694569456
2011945694569456945694569456945694569456945694569456945694569456945694569456945694569456945694579456945694569456945794569457945794579457945794579456945794579457945794579457945794579457945794569456945694569456945594559456945694559455945694569456
2012945694569456945694559455945594559455945594549454945494549454945494549454945494549454945494549454945494549454945494549454945594559455945594559455945594559455945594559454945494549453945394539453945394539452945394539453945394539454945494549454
2013945494549453945494549453945494549454945494539453945394529452945294529452945294529452945294529452945194519451945094519450945194519450945094509450945094509450945094499449944994489448944894489448944894489448944894489448944894489448944894489448
2014944894489448944894479447944794479447944794479447944694469446944694459445944594459445944594459444944594449444944494449444944494449444944494449444944494439443944394429442944294429441944294419442944294429441944294419441944194409441944094409440
2015944094399439943994399438943894399438943894389438943894379437943794379437943794369437943694369436943594359435943594359435943594359434943594359434943494349434943494349434943494349433943394339433943394339433943394329432943294339432943294329432
2016943294329432943294329431943194329431943194329432943294329432943294329432943194329432943294329431943294329432943294329432943294329432943294329431943194319431943094319431943194309430943094309430943094309430943094309430943094309430943094309430
2017943094309430943094309430943094309430943094309430942994309430943094309429942994309429943094299429942994299429942994299429942994299430943094319430943194319430943094309430943094309430942994299429943094309429942994289429942994299429942994299429
2018942994299430942994309429943094299430943094309430943094299429942994299428942894289428942894289428942894289427942894289427942794289428942894289429942894299429942994299428942894299428942894289428942894279428942894289429942994299429942994309429
2019942994299429942994299429942994299429942994309431943194319431943094319431943094319430943094319430943194319431943294339433943494349434943594359435943694369436943794379437943794379437943794379437943794379437943794379437943794389438943994399439
2020943994409439943994399440943994409439943994409440944094419440944194419441944194419441944194419441944194409441944194419441944194419441944194419442944294429442944294439444944494449444944494459444944594459445944594459445944694459445944694469446
2021944694469447944694479447944794479447944794479447944794479447944794489448944794489447944794479447944794489448944894489448944894489448944894489448944894489449945094509451945194519451945294539453945394529453945394549453945494549454945494549455
2022945494559454945594559454945494549454945394549453945494549454945494549455945594549454945494559455945594559455945594569456945694569457945794579457945794589458945794589458945894589458945894589459945994599459946094619461946194619461946194629462
2023946294629463946394639463946394639463946394639463946394639463946394639463946394639464946494659464946594659465946594659465946594659465946594649464946494639463946394639463946494649464946594659465946594659465946594659466946594669466946694679467
2100946894689468946994699470947094719470947194719471947194719471947294729471947194729472947294729473947394739474947394749474947594769476947694779477947894789478947894789478947894799479947894789478947894789477947794779477947794779477947894779478
2101947894799479947894789478947894779477947694759474947494739472947294739472947394749475947694769477947794789478947894789479947994799479947994799479947994799479947994799479947994809480948094809480948094819480948094809480948094799480947994799479
2102947994799480948094799479947994799479947894789479947994799479947894789478947894789478947894789478947794779477947794779477947794769476947694769476947694769476947694769476947694759475947594759475947594749474947494749473947394739473947394739473
2103947394729473947394739474947394739473947394739474947394739473947394749473947394739473947394739473947394739473947394749473947494749474947494749474947594759475947594759475947694769475947594769475947594759475947494749475947494749474947494749474
2104947494749474947494749475947494759474947494749474947494749474947494759475947694759475947594759475947694759475947594759475947594759475947594759475947694759476947694769476947694769476947694769476947694769476947694769476947794779477947794789478
2105947894789477947894789478947894789478947894789478947894789478947894789478947894789478947894789478947894789478947894799479947994789478947894789478947894789478947894789478947994799480948094809480948194819481948194819481948194819481948294829482
2106948394839482948394829483948294839483948394839483948394839483948294829482948294839483948394839483948394839483948394839483948394839483948394839483948394839483948394829483948394839483948394839483948494849485948594869486948694879487948894889488
2107948994889488948894889488948994899489948994899489949094899489948994899490948994899489948994909490949194919491949194929492949294939493949394939493949394939492949394939493949394949494949394949494949494949494949594949494949494959495949594959495
2108949594959495949594959496949694969496949694979498949894989499949994999500950195019500950195019502950295029502950395049504950495059505950695069506950795079508950895099510951095109510951095119511951295129511951195129511951295119512951295129512
2109951295129512951295139512951295129513951395139513951395129513951295129512951295119511951195119511951195119511951295129512951395139513951395139514951495159515951595169517951795179518951895189518951895189518951995199519951995209520952095209520
2110952095209520952195219520952295219521952295219521952295229522952295229521952295229522952295239523952395239523952395239523952495239524952495249524952495249524952495249523952395249523952395239523952295229522952195219521952195229521952195229522
2111952295229522952295229522952295239523952395239523952395249523952495249524952495249525952495249525952595259525952595259526952595259526952695269527952695269526952795269527952895279528952795289527952795289528952795279528952895289528952895289528
2112952895289528952895299528952995299529952995299529952895299529952995309530953095309530953095309531953095309531953095309530953095319530953095309530953195309530953095309530953095309530953095309529953095299528952995299528952895289528952895289528
2113952895289528952795279528952795289528952895289528952895289528952995289528952895299530953095309530953095309530953095309530953095309529952995309529953095309530953095309530952995309530953095309530953095309530953095309530953095309530953095299529
2114953095309530953095299529953095299529952995299529952995299529952995299529952995299529952995299529952995299529952995299529952895289528952895289529952895289529952995299529952995299529953095309535953095309530953095319530953095309530953095309530
2115953095309530953095309531953195309530953095309531953095309531953195309531953095309530952995299529952995299528952895299529952895299529952995299529952995299529952995289528952895289528952895289528952895289528952895289528952995299528952895289528
2116952895299529952995299528952895289528952995299528952995299529952995309530952995319530953095309531953095309530953095309530953095309530953095309530953095309530953095309531953195309530953095309530953095319530953195319531953195319531953195319531
2117953195329532953295319531953195319531953095309530953195309531953095319531953195319530953095309530953095309530953095309530953095309531953095309531953195319531953195319531953295329532953295329532953295329532953395339534953495349533953495339533
2118953395339533953495339534953395339533953395339533953495349534953495349535953595359535953595369535953595359535953495349534953495349534953495349534953495359535953695359535953595369536953695379537953795379538953895389538953995399539953895389538
2119953895389517953795389538953895399539953995389538953895379537953795379537953795379537953795379537953795379537953795379537953795389539953895409540954195419541954195419542954295429542954295429542954395439543954495459545954595459545954595459545
2120954595459546954695469546954795479547954795479548954895489548954995499549954995499549954995509550955095509550955095509550955195519551955295529551955295519551955095509550955095509550955095519552955295529552955295529553955395539553955395539553
2121955395539553955395539553955395539554955495549554955495549554955495559555955595569555955695569557955795579557955895579558955895589559955995599559955995609560956095609561956195629562956295639563956395639563956395639563956495639564956495649564
2122956495659565956595659565956595659565956595659565956695669566956695679567956795689568956895689567956895699568956995699569956995699569956995699570957095709570957195719571957195719571957195709570957095709570957195719571957195719571957295729572
2123957395739573957395739574957495749575957595759575957695769576957695769550957695769576957695769576957695769576957695769576957695769576957795779577957795779577957895789578957895789578957895789579957995799579957995799579957995799579957895789578
2200957995789579957995799579957995799579957995789579957995799579958095809580958095809580958095809580958095809580958095809580958095809580958095809580958095809580958095809580958095809580958095809580958095809580958095819581958195819581958195819581
2201958195829582958295829582958295829582958295829582958295829581958195809581958195819581958195809580958095809580958095809580958095809580958195819581958195819581958195819581958095809580958095809580958095809579957995799578957995789578957895789578
2202957895789578957895789578957895789578957795779577957695769576957795769576957695769576957695769577957795779577957795769577957795779577957795779577957795779577957795779577957895789578957995799579958095809580958195819581958195819581958195819581
2203958195829581958195819581958195819581958295829582958295829582958295829582958295829582958295829582958295829582958295829582958195819534958095809580958095799579957995799579957995799579957995799579957995799579957995799579957995799579957895789578
2204957795789578957895789578957895789578957895779578957795789578957895799579957995799579957995809580958095809580957995809580958095799580958095809580958095809580958095809580957995809579958095799580957995809580957995799579957995809579957995799579
2205958095809580958095799579958095809580958095799579957995799579957995799579957995799579957995799579958095809580958095809580958095809580958195819581958295829582958295829583958395839583958395849584958495859585958595859585958595859585958595859585
2206958595859585958595859585958595859585958595849584958495839583958395829582958295829582958295829582958295829582958295829582958295829582958195829581958195829582958295829582958295829582958295829582958395839583958495849584958595859584958495849584
2207958495849584958395839583958395839582958295829583958395839583958395839583958395849584958495849585958595859585958595859586958695879587958795879587958795889587958795889588958895889588958795879587958795879587958795879588958895889589958995909590
2208959095909590959095909590959095909590959095909590959095909591959195919591959295929592959295929592959295919592959195919591959195929592959195929592959195929592959295919592959295929592959295919591959195919591959195919591959195919592959195929592
2209959295919591959195919591959195929592959295929592959295929592959295939593959395939593959395939593959395949594959495949594959595959595959595959596959695969595959595959595959595969596959695969596959695969596959695959596959695969596959695969596
2210959695969596959695969595959695969596959595959595959595949594959495949594959495949593959495939593959495949593959395939593959395949593959395939593959395939594959395939594959495949594959395939593959395949594959495949594959495949594959595959595
2211959595959595959595969596959695969596959695969596959795979597959795979597959795979597959795969596959595959595959595959596959695959596959695969596959595959596959695969596959695969595959595959595959695969595959595959595959595959595959595959595
2212959595959594959495949593959395939594959395939594959495949594959595959595959595949593959395939593959395929593959395939593959395939593959395939592959295929593959395929592959295919591959195919591959095919591959195919591959195919591959195919591
2213959195919591959195919591959195919591959195919591959095919590959095909590959095909590958995909590959195909590958995899588958895889588958795879587958795879588958795889587958795879586958695869586958695869586958695859586958695859585958595859585
2214958595859584958495839583958395839583958395819582958295829582958295829582958195819581958195819581958195819580958095809580958095809580958095809579958095809580958095809580957995799579957895799579957895789578957895789577957795779577957795779577
2215957795779577957795779576957695769576957595759575957595759574957495749573957495739573957395739573957395739573957495749574957395749574957495749575957595749574957495749574957395739572957295729572957295729572957295729572957295719571957195719571
2216957095709570957095709570957095719571957195709570957095709570957095709570957095699569956995699569956995689568956895689568956895679567956795669567956795669567956795679567956695669566956595659564956495639563956395639563956395639563956395629562
2217956295619561956195619561956195629562956295629562956295629563956395649564956495649564956495649564956495649563956495649564956495649564956495639563956395639563956395639564956495649563956395639563956395649563956495639563956495639563956395649564
2218956395649563956395639562956295629561956295619561956095609560956095609560956095609560956095609560956095619561956195619561956195609560956095609560956095609560956095609560956095609560956095609560956095609560956095609560956095609560956095609560
2219956095609560956095609560956095609560956095619562956295629562956295639563956395639563956395639563956395639563956395649564956495659565956595659565956595659565956595659565956595659565956595659565956595659566956595659565956695669567956795679567
2220956795679567956795679567956895689568956995689569956995699569956995699569956995709570957095709569956995699569956995699569956995699569956995699569956995699569956995699569956995699569956995699569956995699569956995699569956995699569956995709571
2221957195719571957195719571957195719571957195719571957295729572957295729572957295729572957195729572957295729572957395739573957395739573957395739573957395739574957395749573957395749573957495749574957495749574957495759575957595759575957595769576
2222957695769576957695769576957695779577957795779577957795779577957795779577957895779578957795779578957795779577957895789578957895789578957995809580958095809580958095809580958095819581958195829581958295829582958295829583958395839583958395839583
2223958395839583958495849584958495849584958495849584958495849584958495849584958495849584958495849584958495849584958495849584958495849584958495849584958495849584958595859585958695869586958795869587958795879587958795879587958795879587958795879587
2300958795879587958895889588958895889588958895889588958895889588958895889588958895889588958895899588958995889589958995899589958995909590959095909590959095909590959095919591959195909591959195919590959195919591959295929592959295939593959395939593
2301959495949594959495959595959595959595959595959595959595969595959595959595959595959595959595959595959595959595959595959595959595959595959595959595959595959595959595959595959595959595959595959595959595949593959395939593959395939593959395939593
2302959395939593959395939593959395939593959395939593959395939593959395939592959295929592959295929592959295919591959195919590959095909590959095909589959095909590959095919591959195919591959195909590959095899589958995899589958995899589958995909589
2303959095909590959095909590959095909590959095909590959095909590959095909590958995899589958995899589958995899589958995899589958995889588958895889588958895889588958895889588958895879587958795879587958795879587958795879587958795879587958695869586
2304958695869586958595859585958595859585958495849584958495849584958495839584958395839583958395839582958395829582958295829582958295829582958295829582958295829582958295829582958295829582958295829582958295829582958295829582958295829582958295829582
2305958295829582958295829582958295819582958295819581958195819581958195819581958195819581958195819581958195819581958195819581958195819581958195819581958195829582958295829582958295829582958295819581958295819582958295829582958295829582958295829582
2306958295829583958295829583958395829583958395839582958295829582958295829582958395839583958395849584958495849585958495849584958495849584958495849585958595859585958595859585958595859586958695869585958595859586958695869585958695869586958695869586
2307958695879587958795879587958795879587958795889587958895889588958895889588958895889588958895889588958895889588958895889588958995899589958995899589959095909590959095909590959095909590959095909590958995909590959095909590959095909590959095909590
2308959095909590959095919590959095909590959095909590959095909590959095909590959195919590959195919591959195919591959195919591959195919591959195909590959095909590959095909590959095909590959095909590959095919591959195919592959295929592959295929592
2309959295929592959295939593959395939593959395949594959495949594959495959595959595959595959595959595959695969596959695969596959695969596959695969596959695969596959795979597959795979597959795979597959795979597959795989598959895999599959995999599
2310959995999599959995999599959995999599959995999599959995999599959995999599959996009599959995999599959995999599959995999598959895989598959895989598959895989598959895989598959795979597959795979597959795979597959795979597959795979597959795979596
2311959695969596959695969596959695969596959595959596959595969596959695969596959595959595959595969596959695969596959695969596959695959596959695959595959595959595959595959595959595959595959595959595959595959595959495959594959595959595959595959595
2312959595959595959595959595959595959595959695959595959595969596959695969596959695979597959795979596959795979597959795969596959695969596959695969596959695969596959595959595959595959595959595959595959595949594959495939593959395939593959395939592
2313959295929592959295939593959395929592959295929592959295929592959195919591959195919591959195919591959195919591959195919590959095909590959095909590959095909590959095909590959095909590959095899589958995899589958895889588958895879587958795879587
2314958795879587958795869586958695869586958695869586958695869585958595859585958595849584958495849583958395839583958395839583958395839583958395839583958395829582958295829583958295829582958295829582958295819581958195819580958095809580958095809579
2315957995799579957995789578957895789578957895789578957895789578957895789578957795779577957795769576957695769576957695769576957595759575957595759574957595749574957495739573957395739573957295729572957195729572957195719571957195719571957195719571
2316957095709570957095709570956995699569956995689568956895689568956795689567956795679567956795679566956695669565956695659565956595659565956595649564956395639563956395639563956295629562956295629562956294779561956195619562956295629562956295629562
2317956295629562956295629562956295629562956295629562956395639563956395639563956395639563956395639562956395629562956195619561956195619561956195619562956195619561956195619561956095609560955995599559955995599559955995609560956095609560956095609560
2318956095609560956095609559955995599559955995599559955995589558955895589558955895589558955895589558955995599559955995599559955895589558955895599559955995599559955995599559955995599559955995609559955995599558955895589558955895589559955895599559
2319955995599559955995599559955995599559955995599559955895589558955895589558955995599558955895589559955895599560956095609559956095609560956095609560956095609560956095609560956095609560956095599559955995609560956195629562956295639563956395639563
2320956395639562956295629562956395639563956495649564956495639564956495659565956595659565956595659565956595659564956595659565956595659566956595669567956795679567956895689568956895699569956995699569957095709570957095709570957095709571957195719571
2321957195719571957194779571957195719571957295729572957195719571957195719571957195719571957195719571957195719571957195719571957195719571957195719571957095709569956995699569956995699569956995699569956995699569956995699570957095719571957195719571
2322957095709570957095719570957095709570957095719571957195719572957295729572957195719571957195719570957095709570957095719571957195719571957195709571957195719572957295729572957295729573957395739574957495749574957495759575957595759575957695769576
2323957595759575957595759575957695769576957695769576957695769576957795769576957695769577957795779577957795769576957695769576957695779577957795779577957795779577957795779577957795779577957795779577957795779577957895789578957895789578957895789578
2400957895789578957895789579957995799578957895789578957895789578957895789578957895789578957895789578957895789578957895789578957895789578957895789578957895789578957895789578957895789578957895789578957895789578957895789578957895789578957895789577
2401957795779577957795789577957795779577957795779577957695769576957695759575957594899576957595769575957695769575957595759576957595759575957595759575957595759575957595759575957595759575957595759575957595759574957495749574957495749573957495749574
2402957495749574957395739573957395739573957395739573957395739573957395739572957295729572957295729572957295719571957195719571957195709571957095709570957095709570957095699569956995699568956895689568956895679567956795679567956795679567956795679567
2403956795679567956795679567956795679567956795689568956895689568956895679567956795679567956895679567956795679567956695669566956695669566956695669566956695669566956695669566956695669566956695669566956695669566956695669566956695659566956595669566
2404956695669566956595669566956695659565956695659565956595659565956595649564956495649564956495649564956495649564956495649563956395639563956395639563956395639563956395639563956395639564956395649564956495649564956495659565956595659565956595659565
2405956595659565956595659565956595659565956595659565956595659565956595659565956595659565956695659565956695669566956695669566956695669566956694829566956695669566956695669566956695669566956695669566956695669566956595659566956695669566956695669566
2406956795679567956795679567956795679567956795689568956895689568956895689568956995699569956995709570957095709570957095709570957195719571957195719571957195719571957195719571957195719570957095719571957195719571957195719571957195729572957295729572
2407957295729572957295729572957295729573957395739573957395739573957295739572957395739572957395739573957395739573957395739574957495739573957395749573957495749574957495749574957495749574957495759575957595759575957595759575957595759575957695769576
2408957695769576957695769577957795779577957795779578957795779578957795789578957895789578957895799579957995809580958095819581958195819581958195819582958295829582958295829582958295839583958395839583958395829583958395839583958395839584958495849584
2409958495849584958495849584958495849584958595849584958595859585958695869586958695869587958795879587958795879587958795889588958895889588958895889588958895899589958995899589958995899589958995899589958994959589958995899589958995899589958995909590
2410959095909590959095909590959095909590959095909590959095909590959095909590959095909591959195919591959195919591959195919591959195919591959195919591959195919591959195919591959195919591959195929592959295929592959395939592959295929592959295929592
2411959295929593959295929592959295929592959295929592959295929592959295939593959395929593959295929592959395929592959395939593959395939593959395939592959295929592959295929592959295929592959295929592959295929592959295919591959195909591959095909590
2412959095909590959095899590959095899589958995909590959095909590959095899589958995899589958995889589958995899589958995899589958895889589958995889588958895889588958895889587958795879587958795879587958795879587958795879587958795879587958795879587
2413958795879587958795879587958795879586958695869586958595859585958595859585958595859585958495849584958495849584958495849584958495849584958495839583958395839583958395839583958395829582958295829582958295829582958295829582958295819581958195819581
2414958195819580958095809580958095799579957995789579957895789578957895779577957795779577957695779577957695769577957795769576957795779577957795769577957695769576957695769576957695779577957695779576957595759575957595759575957595759575957595749575
2415957595759575957595749574957495749574957495739573957395739573957395739573957395739572957295729572957395729572957295729571957295719571957295719570957195709570957095709570957095699569956995699570957095699569956995699569956995689569956895689568
2416956895689567956895689567956795679567956795679567956795679567956795679567956695669566956695669566956695669566956595659565956595659564956495649564956495639563956395639563956395639563956395639562956295629562956295619561956195609561956195619560
2417956095619560956195619560956095619560956195619561956195619560956095609560956095609560956195619561956195619561956195609561956095619561956195619561956195619561956195629561956195619562956295629563956395639563956395639563956395639563956395639564
2418956495649564956495649564956495649564956495649564956495649564956495649565956595659565956695669566956595669566956595659566956695659566956695669566956695669566956795679567956795679567956795679567956795679567956795689568956895689568956895689569
2419956895699569956995689569956895699568956895689568956895689568956895689568956895689567956895689568956895689568956895689568956895689568956895689568956995699569956995699569956995699569956995699569956995699570957095709570957095709570957195719571
2420957195719571957195719572957295729572957295729573957395739573957395739574957395739573957395739573957495749574957495749574957495749574957595759574957595749574957495759574957495759575957595759575957595759575957595759575957695769576957695769576
2421957795779577957795779577957795789578957895789578957895789578957895789579957995799579957995799579957995799579957995799579958095799579957995799580958095809580958095809580958095809580958195819581958295829582958295829582958295829582958295829582
2422958295829582958295829582958295829582958295829582958295839582958295839583958395839584958495849584958495849584958495849584958495849584958495849585958495849585958595859585958595859585958595859585958595859586958695869586958795879587958795889587
2423958795879587958895889588958895899589958995899589958995899589958995909590959095909590959095909590959095899589958995899589959095909590959095909590959095909590959095909590959095909590959095909590959095909590959095909590959095909590959095909590
2500959095909590959095909590959095909590959095909590959095909589958995899589958995899589958995899589958995889588958895889588958895889588958895889588958895879588958895889588958895889588958895899588958995889589958895889588958795879587958795869586
2501958695879587958795889588958795889588958795879588958895889588958895879587958795879587958695869586958695869586958595859585958595849584958495849584958495849584958495859585958495849584958495849584958495849584958495849585958595859584958495849584
2502958495849584958495849584958495849584958395849583958395839583958295829581958195819581958095809580958095799579957995789578957895789578957895789578957895789578957895789577957795779576957795769577957695779577957795789578957895789577957795779577
2503957795779577957795779577957795779577957795779577957795779577957795779577957795779577957695769576957695769576957595759575957595759575957595759575957495749574957495739573957395739573957295729571957295729571957295719571957295729572957195719571
2504957195709571957195719570957095719570957195719570957095709570956995699569956995699569956995699569956995699569956995699569956995689568956895689568956895689568956995699569956895689568956895689567956795679567956795669566956795679567956795679567
2505956795679567956795679567956795679567956795679567956795679567956795679566956695669565956595659566956595659565956595659565956595659565956595669566956695669566956595659565956595659565956595659565956595659565956595659565956595669567956795689568
2506956895689568956895689568956995699569956995699569956995699569956995689568956895689568956895689568956895699569956995709570957095709570957095709570957095709570957095709570957095709570957095709570957095709570957095709570957095709571957095709571
2507957195719571957195709570957095709570957095709570957095699569956995699570957095709570957095709569956995699570957095709570957095709570957195719571957195719571957195719571957195729572957295729572957395739573957395749574957495749574957495759575
2508957495749574957495749575957495759575957595759575957595759576957695769577957795779577957895789578957895779577957795789578957895779578957895789578957895789578957895789579957995799580958095819581958195819581958195819581958195819581958195819581
2509958195819581958295819582958295829582958295819582958195829582958295829582958295829582958295839583958395839582958395839583958395839583958395839583958495849584958495849584958495849584958595859585958595859585958595859585958595859585958595859585
2510958595859585958695869585958595859585958595859585958595859585958595859585958595859585958595859585958495849584958495849584958495849584958495849583958395839583958395839584958395849584958395839583958395839582958395839583958395839583958395839582
2511958295829582958295829582958195819582958195819581958195819581958095819580958095809580958095809580958095809580958095809579958095799580958095809580958095809580958095809580958095809580958095809580958095809580958095809580958095809580958095809580
2512958095809580958095799579957995789579957895789578957895789578957895789578957895789578957795779577957795769576957695769575957695769576957695769576957695769575957595759574957495749574957495749574957495739573957395739573957395739573957395739573
2513957395739572957395729573957395739573957395739572957295729572957295719571957195719571957195719571957195719571957195719570957095709569956995699569956995699568956995689568956895689568956895689568956895689568956895689568956895679568956795679567
2514956795679567956795679567956795679567956795669566956595659565956595659565956495649563956495639563956395629562956295619561956195619561956195609560956095599559955995599559955895589558955895579557955695569556955695569556955695569556955695569555
2515955695559555955495549554955495549553955395539552955295519551955195519550955095509550955095509550955095509549955095499549954995499549954995489548954795489547954795479547954795479546954795479547954695469546954695469546954695469545954595469545
2516954595469546954695469546954695459545954595459545954595459545954595459545954595459544954495449543954395439542954295429541954195419541954195409540954095409540954095399539953995399539953995399539953995399539953895399538953895389538953895389538
2517953895389538953895389538953795379537953795379537953795379537953795379537953695369536953695359535953495349534953495349534953495349534953495349533953495349534953495349534953495349534953495339533953495339533953395329532953295329532953195319531
2518953195319532953195319531953195319531953195319531953195319531953095309530953095309529952995299529952995299529953095299529952995299529952995299529952995299529952995309530953095309530953095299529952995299529952895289528952995289528952895289528
2519952895289528952895289528952895289528952895299528952895299529952995299528952995299529952995299529952895299528952895299529952995309530953095309530953095309530953095309530953095309530953095309530953095309530953095309530953195319531953195329532
2520953295329532953295329532953295339533953395339533953495349534953595359535953595359536953695369536953695369536953695369536953695379537953795379537953795379538953895399538953995399539954095409540954095419542954295439543954295439543954495449544
2521954595459545954595459545954595469546954695469547954795479548954895489549954995499550955095509551955195529552955295529553955395539554955395549554955495549553955495549554955495559555955595559556955695569556955595569556955695569556955795579557
2522955795579557955895589558955895589558955895589558955995589559955995589559955995599558955895589558955895589558955895589558955895589559955895589558955895589559955995609560956095619561956195619561956195619561956195619560956095609560956095599559
2523955995599558955895589558946695589559955995599559955995599559955995599560956095609561956295629563956395639563956395649564956495659565956595659565956695669566956695669566956695669566956695669566956695669567956795689568956895699569956995699570
2600957095709571957195719571957195719572957295729572957295729572957295739573957395739573957395739573957395739573957395739573957395739573957395739573957395739573957395739572957295729572957295729572957295729572957295739572957295729572957295729572
2601957295729572957295729572957295729571957195719571957195719571957195719571957195719570957095709570957095709570957095709570957095709570957095709570957095709570957095709570957095699570957095709570956995709570957095709570957095709570957095709570
2602957095709570957095709570956995709570957095709570957095709570957195719571957195719571957195719571957195719571957195719570957195719571957195719571957095709571957195719571957195719571957195719572957295729572957295729572957295729572957295729572
2603957295729572957295729572957295729572957195719571957195709571957095709570957095709570945395709570957095709570957095709570957095709570957095709570957095709570957095709570957195719571957195719571957195719571957195719571957195719570957195719571
2604957195719571957095709570957095709570957095709570957095709570957095709570957095709570957195719571957195719571957195719571957195719571957195719571957195719571957195719571957195719571957195719571957195729572957295719571957295719572957195729572
2605957195729571957195719571957195719571957195719571957195719571957195719571957095719571957195719571957195709570957095709571957195719571957095709570957095709570957095709569956995699569956995699570957095699570957095699569956995699569956995699569
2606956995699570956995709570957095709570957095709570957095709571957095709570957095709570957095709570957095709571957195719570957195719571957195709570957095709570957095699569956995699569956995699569956995699569956995699569956995699569956995689568
2607956795679567956795679567956795679567956895679568956895699569956995699569956995699569957095699570957095709570956995709570956995709570957195719571946095719571957195719571957195719572957195719571957295729572957295739573957395749574957495749575
2608957595759575957595759575957595759575957595759576957595769576957695769576957695769576957695769576957695769576957695769576957695769576957695769576957595759575957595759575957595749573957495749574957495759575957595759575957595759575957595759576
2609957595759576957695769576957695769576957695769575957695759575957695769576957695769576957695769576957695769576957595759575957595769576957595759575957595759575957595769576957695769576957695769576957695769576957695769576957695769576957695769575
2610957595759575957595759575957595759574957495749574957495749574957495739573957395739573957395739573957395739573957395739573957395739573957395729572957395729573957395739573957395739572957295739573957295739572957295729572957295729572957295729572
2611957195729572957195729572957295729572957295729572957295729572957295719571957195719571957195719571957195719571957195719570957095709570957095709570957095709570957095709570957095709570957095709570957095699569949295699569956995699569956995689569
2612956895689568956895689567956895689567956895679567956795679567956795679567956795679567956795679567956795679567956795669566956595659565956595659565956595659565956595659564956495649564956495639563956395629562956295629563956295629562956295619561
2613956195629562956195629561956295629561956295619561956195619560956195619560956095609560956095609560955995599559955995599558955895589558955895589558955795579557955795579557955795579558955895579558955795579557955795579556955695569556955595569556
2614955595559555955595549554955495549554955395539553955395539553955295529552955195519551955195519551955195519550955095519550955095509550954995509549954995499549955095499548954895479547954795479547954795479546954695469545954595469545954595459545
2615954595459546954695469546954695469546954695459545954695469546954595459545954595459544954495439543954395439543954395439543954395439543954395439543954395429542954295419541954195419542954295429542954195419540954095409540954095399539953995399539
2616953995399539953995399539953995399539953895389538953795379537953795379537953695379537953795379537953795379537953695369536953695369536953595369536953595359535953595359535953495349534953595349535953495349534953495349534953495349534953495349534
2617953495349534953395339534953495349534953495349534953495349534953495359535953595359536953695369536953695369537953695369536953695369536953695369536953695369536953695369536953695369536953695369536953695369536953695369536953695369537953795379537
2618953795379537953795379537953795389537953895389537953795379537953795379536953695369535953595359535953495339532953295319531953195309530953095299529952995289528952695269526952595259525952695269526952695279528952995309531953295339533953395339533
2619953395329532953195329531953195329532953395349535953695379537953695379537953795369537953795379537953695369536953695369536953695359534953495349534953495349535953595359536953595359535953495349534953495349534953495349533953395339533953295329532
2620953195329532953195319532953295339533953395349534953495349534953495359535953595369536953695369536953695369536953695379537953795389538953895389538953895389538953895389538953895399539953995409539953995399539953995399539953995399538953895379537
2621953895379538953795379537953795379537953795369536953695369535953695369536953695369537953795379537953695369536953795379537953795389538953895399539953995399540954095419541954195429542954295429542954195419541954095409540954095419541954195419541
2622954195419541954195419541954195419541954195429541954195419541954195419542954395439544954495449544954395439543954295429542954195429542954295419541954195419540954095399538953895389538953895389539954095409541954195429542954395449544954495449544
2623954495459545954695469547954795469546954695469546954795489548955095519551955195519552955195529552955295529552955295529552955295519551955095509550954995499549954995499549954995489548954895479548954795479547954795479547954795479547954795479547
2700954795479547954795479547954895479548954895499549954995499549954995499548954895479547954795479546954695469546954695469546954695469545954595469545954595459545954595459545954695459545954595459545954595459545954495449543954395429543954395439542
2701954395439543954395439543954395439543954495449543954395439543954395439543954395439543954395439543954395439542954295419541954195419541954195419541954195419541954095409540954095409539954095409540954095399539953995399539953995399539953995389539
2702953995389538953895389537953895389537953795379537953695369536953595359535953595359536953695369536953695369536953795379537953795379537953795379537953795379537953795379537953795379537953895389538953895389538953895389538953895389538953895389538
2703953895389538953895389538953895389538953895389538953895389538953895379537953795369536953595369535953595359535953595359535953595359535953595359535953695369536953695369535953595359535953595349534953395339533953295329533953395339533953395339533
2704953395339533953395349534953495349534953495349534953595349534953495359534953495359535953595359535953595359534953495349534953495349534953495349534953495339533953395339533953295329532953295329532953295329532953295329532953295329532953295339533
2705953395349534953495349534953495349533953495339533953395339533953395339533953395339533953395339533953395339533953395339533953395349534953495359535953595359535953595359535953595369536953695379537953795379537953795379538953795379537953795379537
2706953795379537953795379538953895389538953895389538953895389539953995409540954195419541954195419541954195419541954295429542954295429541954195419541954095409539953995389538953895389538953895389538953895399539953895399539953995399539953995409539
2707954095399539953895399538953895389538953895389538953995399539954095399539953995409540954095409541954195419541954195419541954195419541954195429542954295429542954295429542954295429542954295429542954295429542954295429542954295429542954295429542
2708954295429541954195419541954195419541954195419541954195419541954195419541954195419542954295419542954295429542954295429542954295429543954395439543954395439543954395439543954395439543954395439543954395439543954395439543954395439543954295429542
2709954295429542954195419541954195429541954195419541954195419541954195419541954195419541954195419541954195429541954195419542954295429542954295429542954295429542954295429542954295429542954295429542954295429542954295429542954295419541954195429542
2710954295429542954295429542954295429542954295429542954295429542954295429542954295429542954295429542954295429541954195419541954195419541954195419541954195419541954095409540954095409540954095409540954095409540954095409540954095409541954095409540
2711954095409540954095409539954095409539953995399539953995399539953995399539953995399539953895389538953895389538953895389538953895389538953895389538953895389538953895389538953895389538953895389538953895389538953895389538953895389538953895389538
2712953895389538953895379537953795379538953795389538953895379537953895379537953795379537953795379537953695379537953695379536953695369536953695369536953695359535953595349534953495349534953495339533953395339533953295329532953195319531953195319530
2713953095309530953095309530953095309530953095309530953095309530952995299528952895289528952895289528952895289528952895279527952795279527952795289527952795279527952695269526952695259526952695259525952595259524952495259525952595259525952495249524
2714952395249523952495249524952495249524952495249524952495249524952495249524952395239523952295229522952295239523952395239524952395239523952395229522952295229522952295229521952295229521952195219521952095199519951995199519951895189518951895199519
2715951995199518951895189518951895189517951895179517951695169516951695169515951595159515951595159515951495149514951495139513951395139513951395139513951395139513951395139513951295139512951295129511951195119511951195109510951095109510951095109510
2716951095109510951095109510951095099510951095099509950995089508950895079507950695069506950695069506950695069506950695069506950695069506950595049504950495049504950495049504950495049504950495039503950395039502950395039503950395029502950195019502
2717950295029502950395029503950295029502950295039502950395039503950395039502950295029502950195019501950195019501950295029502950295019501950195019501950095009500949994999499949894989498949894999498949894989499949994999499949994999499949994999499
2718949994999498949894989498949894989498949894989498949794989497949794979497949794979497949794979496949694969496949694969496949694969496949694969496949694969495949694969496949694959495949594959495949594959494949494949494949494949494949494949494
2719949494949493949394939493949494949494949494949494949494949494949494949494949494949494949494949495949494949494949494959494949494949494949494949494949494949494949394939493949394939493949394939493949394939493949394929492949294929492949394939493
2720949494949494949494949495949594969496949694969496949794979497949794989498949894989498949894989498949894999499950095009500950095009499949994999499949994999500950095009500950095009500950095019501950195019501950195019502950295029502950295029503
2721950395039503950395039503950395039503950495059505950595059505950595059505950595059505950595059506950695059505950595069505950595059505950595059506950695069506950795079507950795079507950795079507950795079506950795079507950795069507950795079507
2722950795079507950895089508950995099509950995099509950995099509950995099509950995099510951195119512951295139512951395139514951495149513951295129512951195119510951195119511951195119511951195119511951195119511951195119511951195119511951195119511
2723951195129511951195129512951295129512951295129513951295129512951395139513951395139513951395139513951395139513951395139513951495149514951495149514951495149514951395139513951395139513951395139514951495149515951595159515951595159515951595159515
2800951695159515951595159516951695169516951695169516951695169516951795179517951795179517951795179517951795179517951795179517951795179518951895189518951795179517951695169516951795179517951795189518951795179518951795179517951795189517951895179517
2801951795189518951895189518951895189551951995199519951995199519951895189518951895189518951995189518951895179517951795179518951895189517951895179517951795189517951795179517951795179517951795179517951695169516951695169516951695169516951695169516
2802951595159515951595159515951595159515951495149514951595159515951595159515951595159515951495149514951495149514951495149514951495149514951395139513951395139513951395139513951395139512951295129512951295119512951195129511951295119511951195119511
2803951195119511951095109510951095109510951095109509950995099509950995099509950995099509950995099509950995099509950995089508950895079507950795079507950795079507950795079507950795079506950795069506950695069506950595059505950595059505950595059505
2804950595059505950595059505950595059505950595059505950595049505950595059504950595059505950595059505950595059505950495059504950495049504950495049504950495049504950495049504950495049505950495049504950495049504950495049504950495049504950495049504
2805950495049504950495049504950495049504950495059505950495049504950495049504950595049504950495049544950495049504950495049504950595059505950595059505950595059505950595059505950595059505950595059505950595059505950595059505950595059505950595059505
2806950595059505950595059505950595059505950595059505950595059505950595059505950595059505950595059505950595059506950695069506950695069506950595059505950595059505950595059505950595059506950595069506950695069506950695059506950695069506950695069507
2807950795079507950795079507950795089508950895089508950895089508950895089508950895089509950995099509950995089508950995099509950995099509950995099509950995099510950995099509950995099509950995089509950995099509950995099510950995109510951095109510
2808951095109510951095109510951095109510951195119511951195119511951195119511951295129512951295139513951395139513951395139513951395139513951395139514951495149514951495149514951495149514951495149515951495159515951595159515951595159515951595169515
2809951595159515951595159516951695169516951695179517951795179517951795179517951795179518951795189518951895189518951995199519951995199519951995199519951995199566951995199519951995199519951995199519951995199519952095209520952095209520952095199519
2810951995199519951995199519951995199519951995199519951995199519951995209520952095209520952095209521952095219521952195219521952195219521952195219521952195219521952195219521952195219521952195219521952095219521952195219520952095209520952095209520
2811952095209520951995209519951995199520952095199520952095209520952095209520951995199519951995199519951995199518951895189518951895189518951895189518951895189518951895189518951895189518951895189518951995189519951895189518951895189518951895189518
2812951895189518951895189517951795179517951795179517951695169516951695169516951695169516951695169516951695159516951595159515951695159516951695159515951595159515951595159515951595149515951495149513951395139512951295129512951295119511951195119512
2813951295129512951295129512951295129512951295129512951295129512951295129512951295129512951295139513951295139513951295129512951295129512951295129512951295129512951295119512951295129512951195119511951195119511951195119555951095109510951095099509
2814950995099509950995099509950995099509950995089509950995099509950995099508950895099509950995089508950895099508950895089508950895099509950995099509950995099509950895089508950895089508950795079507950795079506950695069507950695069506950695069506
2815950695069506950695069506950695069506950695059506950695069505950695059505950595059505950595059505950495049504950495049504950395039504950395039502950295029502950295029502950295029502950295029502950295029502950295029501950295029502950295029502
2816950295029502950295029502950295029502950195019501950195019501950095009500950095009500950095009500950095009500950095009499949994999499949994999498949994989498949994989499949894989498949894989497949894989497949794979497949794979497949794969496
2817949694969496949694969495949594959495949594959495949594959495949594959494949494949494949494939493949394949494949494949494949594959495949494949494949494939493949394939493949394929492949294929492949294929492949194919491949194919491949194919491
2818949194919491949194919491949194919529949194919491949194919491949194919490949194909490949094909490949094899489948994899489948994899489948994899489949094909489948994899489948994899489948994899489948994899489949094909490949094909490949094909490
2819949094919491949194919491949194919491949194919491949194919491949194919491949194919491949194919491949194929492949294929493949394939494949394939494949494939494949494949493949494939494949394949494949494949494949594949495949594959496949694979497
2820949794969496949694969497949794979497949894989498949894999498949994999499949994999499949994999499949994999499949995009500950095009500950095019502950295029502950295039503950495049504950495059506950695069506950795079507950795089508950895099509
2821950995099509950995089508950895089507950695069507950695069506950695069506950695069506950695069506950695069506950695079507950795079507950695069506950695069506950695069506950695069506950695069506950695069506950695069506950695069506950695069506
2822950695069506950695069506950695069506950695069506950695079507950795079508950895099509951095109511951195119511951195119511951195129512951295139513951495159515951595159515951595159516951695169517951795179517951795179517951795179517951795179517
2823951895189518951995199520952095209521952195219521952195229522952295229522952395239523952395239523952495249523952495249525952595259525952595259525952595259524952595259525952595259526952695269526952695269526952695269526952695269526952795279528
2900952895289528952895289528952895289529952995299530953095309530953095309530953095309530953095309530953095309530953095309531953295329532953295329531953095309529952895279526952695269526952695269527952795279527952695269526952695259525952595259524
2901952495249525952595269526952795289528952995309530953095319531953195319531953195319532953295329531953195319531953195309530953095309530953095309530953095309530953095299528952895289528952895289528952895289528952895289528952895279527952695269525
2902952495249524952495259525952695269526952695269526952695269526952595259525952495239522952195219521952295239524952495249524952495249524952495249524952495249524952495249524952495249523952395249523952395239522952395239523952395249524952495249524
2903952495239523952395229522952295229522952395239523952295239522952395239523952395239523952395229522952295229522952295229522952295229522952295229522952295219521952195219521952195219522952295229522952295229522952295229521952195219521952195219521
2904952195219521952095209520952095209520952095219521952195219521952195219521952195219521952195219521952195219521952195219520952095209520952095209520952095209520952095209520952095209520952095209520952095209520952095219521952095209520952095209519
2905951995199519951995209520952095219521952195219521952195219521952195229522952295229522952295229522952295229522952295229523952395239524952495249524952495239524952495249524952495249524952495249524952495249524952495249524952495249525952595259525
2906952595259525952595259525952595269525952695259526952695269526952695279526952695279527952795279527952795279527952895289528952895289528952895289528952895289529952995289528952995289529952995299529952995309530953095309530953095309530953095309530
2907953095309531953095319531953195319531953195319531953095309530953095319530953195319531953195319532953195319532953295329532953295329532953295329532953295329532953295329532953295329532953295329532953295329533953295339533953395339534953495349534
2908953495349534953495349534953595359536953695369536953695369537953795379537953795379538953795379537953895379537953895389538953895389538953895389538953895389538953995399539953995399539954095409541954195419541954195429542954295429542954295429542
2909954295439543954395439543954395439544954495449544954495449544954595459545954495459545954595459545954595459545954595459546954595469546954695469546954695469546954695469546954695469546954795479547954795479547954895489548954895489548954895489548
2910954895489548954895489548954895489548954895489548954995499549954995499549955095509550955095509550955095509550955095519551955195519551955195519551955195519551955195519552955195519551955195519551955295519551955195519551955195519551955195519551
2911955195529551955295519552955295519551955195519552955295519551955195529552955295529552955295529552955295529552955295529552955295529552955295529552955295529551955195519551955195519551955195519551955195519551955195519551955195519551955195519551
2912955195519551955195519551955195509551955195509550955095509550955095509550955095509550955095509550955095509550955095509550955095509549955095499550955095509550955095509550955095509550955095519551955195519551955195529552955195519551955295529552
2913955295529551955195529551955195519552955295529551955295529552955295529552955295529552955295529552955295519552955295529552955295519551955195529551955195519551955295529552955295529552955295529552955295529552955295529552955295529553955395539553
2914955395529552955295529552955295529552955295529552955295529552955295529552955295529552955295529552955295529552955195529552955295529551955195519552955195529552955195519551955195519551955195519551955195509550955095509550954995509549954995499549
2915954995499549954995499549954995499549954995489549954995489548954895489549954995499549954995499549954995489548954895489547954795479547954795479547954795489548954795489547954895489547954795479547954695479547954795469547954695479547954795479547
2916954695469546954695469546954695469546954695469546954595459546954595459545954595449544954495449544954495439544954495449544954495449544954395449543954395439543954395439543954395439543954395439543954395439542954295439542954295429542954295429542
2917954295429542954295429541954195429542954295429542954295429542954295429542954295419542954295419541954195419541954195409540954095409540953995399539953995399539953995399539953995399539953995399539953995399539953995399539953995399538953895379538
2918953895379538953795379537953795379537953795379537953795369536953795379537953795379537953795379537953895379538953795379537953795379537953795389538953895389538953895389539953995399539953995399539953895399539953995399539953995399539953995389538
2919953895389538953895389538953895399538953895379537953795379537953895389538953895389538953895389538953895389538953895389538953895389538953895389538953995399539953995399539953995399539954095409540954095409540954095409540954095409540954095409540
2920954195419541954195419541954195419541954195419541954195409540954095409540954095409540954095409540954095409541954195409541954095409540954095409540954095409541954095419541954195429542954295439543954395439543954495449544954495449545954495459545
2921954595459545954595459545954595449545954595459545954595459545954595459545954595469546954695469546954695479546954695479546954695469546954695469546954695479547954795479548954895489548954895499549954995509550955095509551955195519552955295519551
2922955195519551955195519550955195519551955295529552955295529553955395539553955395539554955495539553955395549554955495549554955495559555955595559555955595569556955695569556955695559555955595569556955695569557955795579557955795589558955895589558
2923955895589558955895589559955995599558955995599559955995609560956095609561956195619561956195629562956295629562956395639563956395639562956295629562956195619561956195619561956195619562956295629563956395639564956395639564956495649564956595649565
3000956595659564956495659564956495649563956395639563956395639563956395639563956495649565956595659565956595659565956595659565956595659565956495649564956495639563956395639563956395639563956395639563956395639563956395639563956395639563956395639563
3001956395639564956395639563956395639563956395639563956395639563956395639563956295639562956295629562956295619561956095609560956095609560956095609560956095609560956095599559955995599559955995589559955895599559955995599559955995609560956095609560
3002956095609560956095609560956095609559955995599558955995589558955895589559955995599559955995609559955995599558955895589557955795579557955795579556955695569557955695569556955795579556955695569556955695569556955695569556955695559555955595559555
3003955595559555955595559555955595559554955495549554955495549554955495549554955395539553955395529552955295529552955295529551955195519551955195519550955095509550955095509549954895499549954995489548954895489548954895489548954895489548954895489548
3004954895479547954795479548954795489548954895489548954895489548954795479547954795479547954795479547954795479547954795479547954795479547954695469546954695469546954595459545954595459545954595459545954595459545954595459546954695469546954695469546
3005954695459546954695469546954695469545954695469546954695469546954695469546954695469546954695469546954695469546954695469547954795479547954795469546954695469545954595459545954595459545954595459545954595459545954595459545954595459545954595459544
3006954495449545954595459545954595459545954595459545954595469546954795479547954795479547954795489548954895489548954895489548954895489548954895499549954995489549955095509550955095509550955095509550955095509551955095509550954995499548954895489548
3007954895489548954895489549954895489549954895499549954995499550955095509551955195519551955195519551955095149550955195509550955195509550955095509550955095519550955095519551955195519551955195519551955195519550955095509550955195509551955195519551
3008955195519551955195519551955195529552955295539552955395549554955495549554955495549554955495549554955495559554955495549554955495549554955395539553955395539553955395539553955395539553955395539553955395539553955395539553955495539553955395549554
3009955495559555955595559556955695569556955695579557955795579557955795579557955795589558955895599559955995609560956195619562956295629563956295639563956395639564956495649565956595659566956695679567956795679567956795679567956895689568956895689568
3010956895689568956895689568956895699569957095709570957195719571957195719572957295729572957295729571957195719571957195719571957195719571957195719571957195719571957295729572957295729572957295729572957295729572957295729573957295739573957395739573
3011957395739573957395739573957395749573957395739573957395739573957495739573957395739573957395739573957395739573957395739572957395729573957395739573957295739573957395239573957395739573957295729572957295729572957295729571957295719571957195719571
3012957195709571957195719570956995699569956995699570957095709571957095709569956995699569957095709570956995699569956995699569956895689568956995699569956995689568956995699569956995699569956995699569957095699570957095709569957095709570957095709570
3013957095709570957095709570957095709570957095709570957095709570957195719571957195719571957195719571957195719571957195719571957195709570957095709570956995699569956995699569956995699569956995699569956995699569956995699569956895689568956995689568
3014956995689568956895689568956895689568956895689568956895689568956795679567956795679567956695659565956595669566956695659566956695679566956695669566956695669566956695659565956695669565956595659565956595659565956595659564956495649564956395639563
3015956395629562956295619561956195619560956095619560956195619561956195619561956095609561956195629562956295619562956195619561956195619562956295629562956295629562956295629562956295629562956295629562956295629562956295629562956295059562956195619560
3016956095609560956095609560956095609560956095609560956195619561956295629562956295629563956395639563956395639563956395639563956495649564956495649564956495659565956595659565956595649564956495649564956595659565956495649563956395649565956495639562
3017956295629562956295639563956295629563956295629562956195629562956395629561956195619561956095619561956195619561956195629560956095609560956095609560956195619561956095609561956195619561956295629562956295629563956395639563956295629562956295629562
3018956295629562956295629562956295629562956295629562956295629562956295629562956395639563956395639563956395629562956295629562956295639563956395639563956395639563956395649564956395639563956395639563956395649564956495649564956495649564956495649564
3019956495649564956495649564956495649564956395639562956295639563956395639563956395639563956395639563956395639563956495649564956495639563956495649564956495649564956495659565956695669566956695669566956795679567956795679567956795689568956895689568
3020956895699569957095709569956995699569956994999570957095709570957095709570957195719571957195729572957295729573957395739573957495749574957595759575957595759576957695779578957895789579957995799579957995799579957995809580958095809580958095809580
3021958095819581958195819581958295829582958195829581958195829581958195819581958195819581958195819581958295829582958295829583958395839583958495849584958595859585958595869586958695869586958795879587958795879587958895879588958895889588958895889588
3022958995899589958995899589958995899589958995899589958995899590959095909590959095919591959195919591959195919591959195919591959195919591959295939593959495949594959595959595959695969597959795979597959795979597959795979597959795979597959795989598
3023959895989598959895999599960096009600960096009600960096009600960196019601960196019602960296029602960296029602960296029603960396039603960396039603960396039603960396039603960396029603960396049604960496049604960496049605960596059605960596059605
3100960596059605960596059605960596059605960496059604960496049604960496059605960496059604960496049604960496049604960496049604960496049604960496039603960396039603960396029602960296029601960296029602960296029601960196019601960196019601960296029602
3101960296029602960296029602960296039603960396039603960396029602960296029602960296029602960196029601960196019601960196019601960296039603960496049604960496059604960496049604960396039603960396039604960396039603960296029601960196019601960096019600
3102960096009600959995999599959995989598959895989598959895979597959795979597959695969596959695969596959695959596959595959594959395949594959595949595959595949594959495949593959395939593959395939593959395939593959495939593959395939593959395939592
3103959295929592959195919592959295929592959295929592959295929591959295919591959195919591959195929591959295929592959295919591959195919591959195919591959195919591959195909590959095909590959095909590958995899589958895899588958895889588958895889588
3104958895889587958795879588958795889588958895889588958895889588958795889588958795879587958795869586958695869585958495849584958495849584958495849584958495849584958495839583958395839583958395829582958295829582958295829582958295829582958295819581
3105958195819581958195819581958195819581958195819581958095809580958095809580958095809579957995799579958095799579957995799580957995799579957895789578957895789578957895789578957895789579957995799579957995799578957895799578957995799579957995799579
3106957995809580958095809580958095809580958095809580958095819580958095809580958095809580958195819580958195819581958195819581958195819581958195819581958195819581958195819581958195819581958195819581958195819581958195819581958195819581958195819581
3107958195819581958195819581958195819582958295829582958395839583958395839583958395839583958395839583958395839583958395829582958395829582958295829582958295829582958395839582958395829583958295829582958295829582958295829582958295829582958295829583
3108958395839583958495849584958495849584958495859585958495849584958495849584958495859585958595859585958595869586958695869587958795879586958695879586958795879586958695879587958795879587958795879587958795879587958795889588958895879587958895879588
3109958795889587958795879587958795869587958795879587958795889588958895889588958895889588958895889588958795879587958795879587958795879587958795879587958795879587958795879588958895889587958795889587958695869586958695869586958695859585958495849584
3110958495849585958595859586958695869586958695869587958795889588958895889588958895889588958895889588958895889588958895899589958895899589958995899589958995899589958895899589958995899589958995899589958995889588958795879587958795879587958795879587
3111958695869586958695869587958795869587958795869587958795879587958795879587958795879587958795879586958695869586958695869586958595859585958595859584958495859584958495849584958495859584958595859585958595869586958695869586958695869586958695869586
3112958695869586958695859585958595859584958495849584958495849584958495849584958395839583958395839583958395839583958395839583958395839583958395829582958295829582958295829582958195829581958295829582958295829582958295829582958295819581958195819581
3113958195819580958095809580958095809580957995799579957995799579957995799578957895789578957895789579957895789579957895789578957895789578957895789578957895789578957895789578957895789577957795779577957795779577957695779576957695769576957695759575
3114957595759575957595759575957495749574957395739573957395739573957295739572957295719572957295729572957195719571957095719571957095709571957095709569956995699569956995709570957095709570957095709569956995699569956895689568956795689568956895689568
3115956895689567956895679567956895679567956895689568956795679567956895689567956795679567956795679567956795679567956795679566956795669567956695669566956695669566956595669566956595659566956695659566956695669566956595659565956595649564956495639563
3116956395629562956295629562956195619561956195619561956195619561956195619561956195619561956195619561956095609560956095609560956095599559955995589558955895599558955895589558955895589557955795579557955795569556955695569556955695569556955695569556
3117955695559556955695559555955595559555955595559555955595569556955595559555955595559555955595559554955595549554955495549553955495539554955495549553955495549553955395539553955395539553955395539553955395529553955295529552955295519552955295529551
3118955195519551955195519551955195509550955095509550955095499549954995499549954995489548954895489549954895489548954995489548954895489548954895489548954895489548954895489548954895489549954995499550954995509549954995499549954995499549954995499549
3119954995509550955095509549954995499549955095509550955095509550955095509550955095509550955095509550955095509550955095509550955095509550955095509550955095509551955195519551955195509550955195519550955095509550955095509551955195519550955195519551
3120955195519551955195519551955295529552955295529552955395539553955395539553955395549554955495549554955495549554955495549554955495549554955495559555955595559555955595559556955695569556955695569556955695569556955695569556955695569556955695569556
