58265 2013   011213603204   65   24 6670   55    1--------------------------------------------------------------------------------------------------------------------------------------------------------------------------------------------------
3121963996399639963996399639964096409640964096409640964096419641964196419641964196419641964196889642964296439643964396439643964496449644964496449644964496449644964496449644964496449644964496459645964596459645964596459645964596459646964796479646
3122964696469646964696479646964696479646964796469646964696469646964696469645964596459645964596469646964696469647964796479647964696469646964796479647964796469646964596469646964796479647964796469646964696469646964696469646964696459646964696469647
3123964796479647964796479647964796489648964896489648964896479648964896489648964896489648964896489648964896479647964796479646964796479647964796489648964896489648964896489648964996489648964896489648964896489648964896489648964796479647964796479647
0100964796479647964796479647964796479647964796479647964796479647964796479647964796479647964696479646964696469646964796479647964796479647964796479647964796479647964796469646964596459645964596459645964596469645964596459645964596449645964596459645
0101964596459645964596449643964496439643964396439643964396439644964496449644964496449644964496449644964496449643964496439644964496449644964496439644964496909644964496449643964396439643964396439643964396429642964296429642964296429642964196419641
0102964196409641964196419640964196419641964096409640964096409640964096409640964096409640964096409640964096399639963996399639963996409640964096409640964096409640964096409640964196419641964096409640964096409640963996409640964096409640964096399640
0103963996399639963996399639963996399639963996399640963996409640964096399639963996399639963896389639963896399638963896389638963896389638963996399639963996399639964096399640964096409640964096409640964096409639964096399640964096399639963996399638
0104963896389638963896389638963896389638963896389638963896389638963896389637963796379637963896389637963796379637963796379637963896389638963896379637963796379637963796379637963796379637963796369636963696369636963696369636963696369636963696369636
0105963696369636963696369635963596359635963496349634963496349634963496349634963496339633963496349634963496339633963396339632963396339633963396339632963296329632963296329632963296329632963296329632963296329632963296329632963296329631963196329631
0106963196319631963196319631963196319631963196319630963096309630963096309630963096309630963096309630963096319631963196319631963196309630963196319631963196309630963096309630963196309630963096309630963096319631963196319630963096309630963096309630
0107963096309630963096309630963096309630963096319631963196319631963196319631963196319631963196319631963296329632963296339633963396339633963396339633963396349633963496349634963496349634963496349634963496349634963496349635963596359635963596359635
0108963596359635963596359635963596359635963596359635963696369636963596369636963696369636963696369636963696369636963696369636963696369636963696369636963696369636963696369636963696379637963796389638963896389638963896389638963896389638963896389638
0109963796389638963896389638963896389638963896389638963896399639963996399639963996399639964096409640964096399640963996399640964096409641964096419641964196419641964196419641964196419641964196419641964196419641964196419641964196419641964196419641
0110964096419641964196419641964196419641964196419642964296429642964296429642964296429642964296429643964296429642964296439643964396439643964396439643964396439642964296429642964296429642964296429642964296429642964296429641964296419642964296429641
0111964196419641964196419641964296429642964296429642964296429642964296429642964396439643964396439643964396429642964296429642964396439642964296429642964296429642964196419641964196419641964196419640964096409640964096399639963996399639963896389638
0112963896389638963796379636963796369636963696369636963696369635963596359634963496349634963496339633963396339633963396339633963296329632963296329632963196319631963096309629962996289628962896289628962796279627962796279627962796279627962696269625
0113962596259624962496249624962396239622962196219621962096209620962096209619961996199619961896189618961896189617961796169616961696169615961596149614961396139613961296129612961196119611961196109610961096099609960896089608960796079607960796069606
0114960696069605960596059604960496049603960396039602960296029601960196019600960096009599959995999598959895989597959795979597959795969596959695969596959695959595959595959595959495959594959495949594959495949593959395939593959395939592959295919591
0115959195919591959095909590959095899588958895889587958795879587958795879587958695869585958595859585958495849584958495849584958395839583958395839583958295829582958295829582958295829582958295829582958295819581958095809580958095799579957995809579
0116957995799579957895789578957895789578957895779577957795779576957795779577957795779577957795779576957695769576957695769575957595759575957595759575957595759574957595759575957595759575957595759575957495739573957395739573957395739573957295739573
0117957395739573957495739573957395729572957295729573957295729572957195719571957195719571957195719571957295719571957195719571957095709570957095709569956995699569956995689568956895689568956895689568956995709570957195719570957095709570957195719571
0118957095709570957095709570957095709570957095709569956995699569956995699569957095709570957095709570957095699569956995699569956995689568956895689568956895699568956995699568956995699569956995699569956995699569956995699569957095709570957095709570
0119957095709570957095719571957095719570957195719571957195709571957095719571957195719570957195719571957095709571957195719571957195719571957195719571957195719571957195719571957295719572957295719572957195719571957195709571957095709571957095709570
0120957095709569957095709570957095709571957195719571957295729573957395739573957395739574957495749574957495749574957495749575957595759575957595759575957595759575957595769576957695769575957595769575957695769576957695769576957695759575957595749574
0121957395749574957495749574957395749574957495749574957495759575957595759575957595759575957595759575957595759575957595759575957595759575957595759575957595759576957695769576957695769577957895789578957795779577957795779578957895779577957695779577
0122957795779577957895789578957995799579957995799578957795769576957795779578957895789578957895789578957895789577957895789578957895789578957895789578957895779578957995799579957995799579957995799579957895789578957895799579957995809580958095809580
0123958095799580958095809580958095819581958195819581958195829582958295829582958295819581958195819581958295829582958295819580958095809580958095809580958195819580958095819580958095809580958095809581958195809580958095809580958095809581958195819581
0200958095809581958095809580958095809580958095809580958095809579958095809581958095809580958095809580958095809579957895789578957895789578957895789578957895789578957895789577957795779578957895789578957895789578957895789578957795769576957595749573
0201957395729573957495759577957995819582958295829582958295819581958095809581958295829583958395839583958395839583958295829582958295829583958295829581958195809580958095819581958195819581958295829582958395839584958495849584958495839583958295829582
0202958295829582958295839583958395839583958495849584958395839582958295829582958295829582958295829582958395839583958295829582958395839583958395839583958395839584958495849584958495839584958395839584958495849584958495849585958595859585958595859585
0203958695879587958695869586958695869586958695869586958695869587958795879588958895889588958895889588958895889589959095909590959095919591959195929591959195919591959195919592959295939593959295929592959295929593959295929593959395939593959395939593
0204959495949594959495949593959395939593959495949594959395949594959495939593959395939593959295929591959195929592959195919591959195919591959195919591959095909591959095909590959095909591959195919591959195919590959095909589958995899589958995899589
0205958995899588958895889589958995889589958895899589958995899589958995909589958995899589958995899589958995899589958995899588958895889588958895879587958895889590959095919591959195909590959095909590959095919591959295929592959195919591959195929591
0206959295929592959395939593959295929592959195919591959195919592959395939594959495949594959495939593959295929593959395939593959395939593959395929592959295939593959395939593959295929591959195919591959195919591959195919591959195919592959295929593
0207959395939593959395939593959295929592959295929591959095909591959195929594959695989598959895989598959795959593959295929593959395949594959495949593959295929592959395959596959795989598959795979597959795979598959895989597959695969597959795989598
0208959995999600960096009600960096009600959996009601960196019601960196029601960196019601960196019601960196029602960296029603960496049604960596059606960796089609961096109610961096109611961196119611961196129611961196119610961196119611961296129612
0209961296129611961196119611961196109610961096109610961096119611961196119611961196119612961296129611961196119612961296139613961396139613961396129612961296129613961396139614961496149615961596159615961696169616961696169617961696179616961796179617
0210961796179618961996199619961996209620962196219620962096219622962396239622962296239624962596259625962596259624962496249624962596269626962696269625962596269627962796289628962796279628962996299629962996299629962996299629962996299629962996309630
0211963096309629962996309632963296329631963196319631963296329633963396339634963496339633963396349634963596359635963596359635963596369636963696369637963896389638963896399639963996399639963996399639963996399639964096409639963996389638963996399639
0212963996399638963896399639963996399639963996399639963996409638963896379636963796379637963796379637963696359635963596369636963696379637963896389638963896389637963796389638963996399639963896389637963796389638964096409640963996399640964096409640
0213964096409640964096399638963896389639963996399639963896379636963696369636963696369636963696369636963696369636963696379637963696369635963596359635963496349634963496339633963396339632963296329631963196319630962996299629963096309631963096309631
0214963196319632963196319631963096309631963196319630963096299629963096309630963096299629962996299629962996299629962996299629962996299629962996299629962896289628962996309629962996289628962896299629962896279627962796279627963396269626962696269626
0215962696269626962796269626962696269626962696269626962596259625962696269627962796279627962896289628962896289629962996299629962896279627962796279627962796279627962796289628962896299629962996299629962996299629962996289628962996299629963096309629
0216962996299629962996299629963096319631963096309631963296329632963196309630963096319631963196319632963296329631963296329632963296329632963296329632963296339633963396339633963396339633963396349634963496339634963396349634963396339634963496359636
0217963696369636963796379637963896389638963896389638963896389638963896389638963996399640963996409640964096409641964196419640964096419642964396439643964396439643964396439643964496439643964396449644964496449644964496449644964596469645964696479647
0218964896489649964896489648964896499649965096519651965196529652965396539653965396539654965496559655965596559655965596569657965796589658965796579658965896599659965996609660966096609661966096619661966196619662966296639663966396649663966496649664
0219966496659666966696669666966696669666963896679668966896689669967096709671967196719671967296729673967396749675967596759675967696769677967796779678967996809680968196819682968296829683968496849684968496849685968596869686968696879687968796889688
0220968896889689968996899689969096909690969096919692969296929693969296929693969296939694969496959695969596959695969696969696969696969697969896989698969896989699969896989699969996999699970096999700970197019701970197019701970197029702970397039704
0221970497049704970497059706970697079707970797079707970797089708970897099709971097109710971097119711971197119711971197119711971197119711971197129713971397139713971497149714971497159714971597159716971697169716971797179717971797179718971897189718
0222971897199719971997199720972097209721972197219721972297229722972297229723972397239723972397239723972397239724972397249724972497249724972597259726972697259726972797279728972897299728972897289728972897299729972997309730973097309730973197319731
0223973197319732973297329733973397339733973297339733973397339733973497339734973497349734973597359735966997359735973597369736973697369737973797379737973797379737973797389738973897389738973897399739974097409740974197419741974197419742974297429742
0300974297419742974297429742974297439743974497449744974497439744974497449745974597459745974697469745974697469746974697479747974797479747974797479748974797479747974897489748974897489748974897489749974997499749974997499749974997499749975097499749
0301975097509750975097509750975097519751975197529752975197529752975297529752975297519752975297519752975297529752975297529752975297529752975297529753975397539753975397539753975397529752975297539753975397539753975397529752975297539753975297529752
0302975297529752975297529753975397539753975397539753975397539752975297529752975297539752975297529752975297539753975297529752975297529752975297529752975297529752975297529752975297529752975297529752975297529752975297529752975297529752975297529752
0303975297529752975297529752975397539752975297529752975397539752975297529752975297539752975297529752975397539753975397539754975397549754975497539754975497549754967397539753975397549753975297529752975297529752975297529752975297529752975297529752
0304975297529752975297529752975297529752975197529751975297529751975197529751975297519751975197519751975197519751975197519751975197519751975197509750975097509750975097519750975097509750975097509750975097509750974997499749974997499749974997499749
0305974897489748974897489749974897489748974897489748974797479747974797479747974797479747974797469746974697469746974697469746974697469746974697469746974697469746974697469746974697469746974597459745974697469746974597459745974597449744974497449743
0306974397429742974397449744974497459744974597459745974597449744974497449744974497439742974397439743974397439742974197429743974397429742974397439743974397429742974297429742974297429742974297429742974197429742974297429742974297429741974097419741
0307974197419741974197409740974097419741974197429742974297429742974297429742974197419741974197409740974097409741974197419741974197419740974197419741974197429742974397429743974397439743974397439743974397439743974497449745974597449744974497449744
0308974497449744974597459745974597459745974597449744974497449744974497449744974497449744974497449745974597459745974597459745974597459745974597459745974597459745974597459745974697469746974697469746974697469746974697469746974697469747974797479747
0309974797469746974797479747974797479747974797479747974797479747974797479747974897489748974897489748974897499749974997499748974897489748974897509750975097509750974997509750975097509751975097519751975197519750975097509750975097519751975197519751
0310975197519751975197529752975297529751975297519751975197519751975197519751975197519751975197539753975397539753975297529752975297529752975397539754975497539753975397539754975597559755975597559755975597559756975697569756975697569756975697569755
0311975597559755975597569756975697579756975797579757975797579757975797579756975697569757975697569757975797579758975897599759975997589757975797589759975997599759975997599758975797569756975697579757975797579757975697569756975697569756975697569756
0312975797579758975897579756975697569755975597549755975597559755975597569756975697559754975397539752975297529751975197519752975297519751975197509750975097509749975097499750975197519751975097499748974797479746974697469746974697469746974597449744
0313974497449743974397439744974497449744974397429741974197419741974197409740974097399739973997399738973897389737973797379736973597359735973497349734973497339733973397339732973297329731973197319731973197319731973197309730972997299729972997299729
0314972897279727972797279726972597259725972597259725972597249724972397239723972397239722972297229721972197219721972197219720971997199719971997189718971897189718971897179717971697169717971697169716971597159715971597159715971497139713971497139713
0315971397139713971297119711971097119710971097109710970997099709970997089708970897089707970797079707970797069706970697069705970597059705970597059705970497049704970497039703970397039703970297029702970297029702970297029702970297019701970197009701
0316970097009700970097009700970097009700969996999699969996999699969996999699969996999699969996999699969996999699969896989698969796979697969896979697969796979698969896979697969796979697969796979697969796979697969796979696969696959695969696969695
0317969696969696969696969696969696969696969696959695969596949695969596959695969596949694969596959695969596959695969596949694969596949694969596949694969596959694969596949694969496949694969496949694969596959695969596959696969696969695969596959695
0318969696969695969596959695969596969696969696969696969696969696969696969695969596959696969596969695969696969696969696969696969696969696969696979696969696979697969696969696969696979697969796979698969896989698969896989698969896989698969996999699
0319969996999699969996999699969996999699969997009700970097009700970097009700970097009700970097009700970197019701970197019701970197019701970197019701970197029702970297039703970297039703970397039702970397039703970397039703970397039704970497049704
0320970497049704970497049704970597059705970597059704970597059705970597059705970597059705970597069706970697069706970797079707970797079707970797079707970797079707970797079707970797079707970797079708970897089708970897089708970797079707970797079707
0321970797079708970897079707970797089708970897099709970997099709970997099709970997109710971097109710971097109710971097109710971097109710971097109710971197119710971097109711971197119712971297129712971197129712971297129712971297129712971297139713
0322971397139713971297129712971297129712971297139712971397129713971397139713971397129712971297139713971397139713971397139714971497149714971497159715971597159715971597149714971497149714971497149714971497149714971497149714971597149715971597159714
0323971497149714971397139713971397149713971497149714971497149714971397149714971497149714971497149715971597159715971597159715971597149714971497149715971597159714971597149714971497149714971597159714971497149714971497159715971597159715971597159715
0400971597159715971597159714971497149714971497149714971497149714971497149714971397139712971297129712971197119711971197119711971197119711971197119711971197119711971197119711971197119711971197119711971197109710971097109710971097109710971097109710
0401971097109710971097109710971097109710971097099709970997099709970997099709970997099709970997099709970997099708970897089708970897089707970797079707970797079707970697079707970697069706970697069706970597069706970597059705970597059704970497049704
0402970497049704970397039703970397049703970497039703970497039703970397039703970297029702970297019701970197019700970097009700970097019701970197019700970097009700970097019700970097009700970097009699969996999699969996999699970097009699970096999699
0403969996989698969896989698969896989698969996989699969896989698969896989698969896989698969896989698969896979697969796979697969796979697969796979697969696969697969696969696969696969696969696969696969696969696969596969696969696969696969596959695
0404969596959695969596959695969596959695969496949694969496949694969496949694969496949693969396939693969296929692969296929692969296929692969296929692969296929692969296929692969296929692969296929692969296929692969296929692969296929691969196909690
0405969096909690969096909691969196919691969196909690968996899689968896889688968896889688968796879687968796879686968696869686968696869686968596859685968596859684968496849684968496849684968496849683968496849684968496849683968396839683968396839683
0406968396839683968296829682968296829682968296829682968296829682968296829682968296829682968296829682968296829682968296829682968296829682968196829682968296829682968296829682968196819681968196819681968096809679967996799680968096809680968096809680
0407968096809680968096809680968096819681968096809680968096809681968196819681968196819681968196819681968196819681968196819681968196819682968196819681968196819681968196819680968096809680968096809680968096809679967996799678967996789678967896789679
0408967896789678967996799679967996799679967996799679967996799680967996809680968096809680968196819681968196819681968196819681968196819682968196819682968296829682968296829681968296829682968296829681968196819681968196809680968196809681968096819681
0409968196819681968196809681968096819681968096819681968196819681968196819681968096809680968196809681968196819681968196819681968196809680968096809681968196809680968096809680968096809680968096809680967996809680967996799679967996799678967896789678
0410967896789678967896789678967996799679968096809680968096809681968196819681968196819681968196829682968296829682968296829681968196819681968196819681968196819681968196819681968196819681968196809680968196809681968196809680968096809680968196809680
0411968096809680968096809681968196819681968196819681968196819681968196819681968196819681968196819681968196819681968196819681968196819681968196819680968096809680968096809680968096799679967996789678967896789678967896789678967896789678967896789678
0412967796779677967796779677967796779678967896789678967796779676967596759675967596759675967596759675967596759675967596759675967496749674967496749673967396729672967296719671967096709670967096709669966996699669966996699668966896689667966896679667
0413966796679666966696669666966596659665966596649665966496639663966396629662966196619660965996599659965896599658965996589658965896589657965696569656965696569655965596559655965596559655965596559655965596549654965496539653965396529652965296519651
0414965196519650965096499649964896489648964896489648964896489648964796479647964796479647964696469646964696469646964696469645964596449644964396439643964396439643964396429642964296429642964296419641964196419640964096409640964096409640963996399639
0415963896389638963896379637963796369636963696369636963696369636963696369636963696369636963596359635963596349634963496349633963396339633963396339632963296329632963296329632963296329632963196319631963096309630963096309630963196319630963096309630
0416963096299629962996299629962896279627962796279627962796279627962796279627962796279626962696279626962696269626962696269626962696259625962596259624962496249623962496249623962496239623962396239623962396229622962296239623962396239671962396239623
0417962396239623962396239623962396239623962396239623962496249624962596249624962496259625962596259624962496249624962496249624962496249624962596259625962696259625962596259625962596259625962496259625962596249625962596259625962596259626962696269626
0418962696269626962696279627962796279627962796279626962696269626962696269626962796279627962896289628962996299629962996299628962996299629962996299629962996289628962896289629962996299629962996299629963096309630963096309631963296329632963396329632
0419963396339634963496349634963496349634963496349635963696369636963696369636963796379637963896379637963796379638963896389638963896399639963996399640964096409640964096409640964196419641964196409640964196419641964296429642964296429642964396439644
0420964596459645964596459645964596459645964696469646964696479647964796469646964696469647964796469646964796479647964796489647964796479648964796479647964796479646964796479647964796489648964896489648964896489649964996499648964896489648964896499649
0421964996499649964996499649964996499649965096509689965096519651965196519651965196519651965296529652965296529652965296529653965396529652965296529652965296529652965296539653965396539653965396539653965496549654965496559655965596559655965596559655
0422965596559654965596549654965496549654965496559655965596559655965596559654965496559656965696559655965496549654965496559655965596559655965696569656965696569656965696579657965796579656965696569657965796579657965796579657965796579657965796579657
0423965796579657965896589658965896589658965896589658965896589658965896599659965896589658965896589659966096609660966096609660966096609660966096609660966096609660966096609661966196619661966196619660966096619661966196619661966196609660966096619661
0500966196619661966196609660966196609660966196609660966096609660966096619661966196609661966196619661966196619661966296629661966196619660966196619661966096609661966196609660966096609660966096609660966096609660966096609660966096609660965996599659
0501965996609660966096609659965996599659965996599659965996599659965996589657965896589658965896589658965896589684965796579657965796579657965796579656965796579657965796589657965796579657965796579657965796579657965796569656965696569655965596559655
0502965696569656965696559655965596559656965696569656965696569655965596559655965696559656965596569655965596559655965596559655965596559655965596559655965596559655965596549655965596549654965496549654965496549653965496549654965496549654965496549654
0503965496549654965496549655965496549654965496539653965396539653965396549654965496549654965396539653965396539653965396539653965396539653965396539653965296529652965296519652965196529651965296529652965296529652965396539652965296519651965296529652
0504965296519651965196529652965296529652965296529652965296529651965296529651965196519651965196519651965196519651965196519651965096509651965196509650965096519650965096499650964996499649964996499648964896489647964796479647964796479648964896479647
0505964896489648964796479647964896489648964896479647964896479647964796479647964796479647964796479646964696479647964896479648964796479647964796489647964896489647964796469664964696469645964596459645964596459646964596469645964596459645964696469646
0506964696459645964596469646964696459645964596459645964596449644964496459645964596459645964596459645964496449644964496459644964296439643964396439644964496449644964496449644964496449643964396439643964396439643964396449644964496449644964496439643
0507964496439644964396439643964296439643964396439643964496449644964496449644964496449644964496449645964596459645964596459645964596459645964596459645964596459646964696469647964696469645964696469646964696479647964796479646964696479646964696479646
0508964796469646964696469646964796479647964796479647964796469647964796479646964696479647964896489648964996499650964996499650965096509650965096509650965096509650964996509650965096509650965096509651965196519651965196519651965196519651965196519651
0509965196519651965196519651965196519651965196519651965196519650965196519651965196519651965196519651965196519651965196519651965296529652965396539653965396539653965496549654965496559655965596559655965596559655965696569657965796579668965796579657
0510965796579657965796579657965796579657965796579657965796579657965796579657965896589658965996599659965996599660966096609660966096609660966096609661966196619661966196619662966196629662966296629662966296639663966396639663966396639663966396639663
0511966396639663966496649664966596659665966696669666966596669665966596669666966696669665966596669666966696669666966796679667966796669667966796679668966896689668966796679667966796679667966796689667966796679667966796679667966796679666966696669666
0512966696669665966596659664966596659664966496649665966496649664966396639663966396639663966396639663966396639663966396629663966296629662966296629662966196619661966196619660966096609660966096609660965996589658965896589658965896579657965796579656
0513965696569655965696559655965596549654965496549653965396539653965396529652965296529652965296529651965196519651965196519650965096509650965096509650965096509649965096509650965096499649964996499649964996489648964896489647964796479647964796469646
0514964696469646964696469645964596459645964496449644964396439643964396439643964296429642964196419641964196419641964096419641964196409640964196419641964196419641964196419640964096409640964096409640964096409640964096399639963996399639963996399639
0515963896389638963896389638963896389638963896389638963896389637963796379636963696379637963796379636963696369636963696369636963696369635963596369636963696369636963696369636963696369636963596359635963496359635963496359635963596359635963596359635
0516963596359635963596359634963496349635963596359634963496349634963496349634963596359635963596359635963596359635963596349634963496359635963596359635963596359635963596359634963496349634963596349634963496349634963496349635963596359635963596349634
0517963496359635963596359635963596359635963596359635963596359635963596369636963696359635963596369636963596359635963596369636963696369637963796369636963796379636963696369636963796379638963896389637963796379638963996399639963996389638963896389639
0518964096409639963896389640964196419641964196419640964096419642964296439642964296429642964496449643964396439643964396439645964596459644964496449645964696469646964696469646964796479647964896489649964996499649964896499649964996509650965096509650
0519965096509651965196519650965096519652965296529651965096519652965396549653965196519651965396559655965596549653965396539653965496559655965596559656965696569656965696569657965896589658965796589658965996599659965996599659965996599660966096609659
0520965996609660966096609660966196619661966196619662966296629662966296639663966296629662966296629663966396649663966496649664966396649664966496649664966596659665966596659665966596669666966696679667966796689668966896689668966996699669966996699669
0521966996709670967196719671967196719671967196729672967296719671967296729672967396739673967396739674967496749674967496749674967496739674967496749673967496749674967496749674967496749674967496749675967496749674967596769676967696769675967596759675
0522967696769676967696769676967596769676967696769676967696769676967696769676967796779677967796779677967796789678967896799680968096809680968096809680968096809680968096809680968196819681968196809681968096809681968196819681968196819681968196819681
0523968196819682968296829682968296829682968296819681968296829682968296819681968296829682968296829682968296829682968296829682968296829682968296839683968296829682968296829682968296829683968296829683968296829682968396839683968396839683967596829682
0600968296829682968296839683968396839682968296829683968396839683968396829682968296829682968396829682968196819682968296829682968196819681968196819681968196819681968196819681968196819681968196819681968196819681968196819681968096809680968096809681
0601968196819681968196809680968096809680968096809680968096809680968096809680967996809679968096809680968096809680968096809680967996799680967996799679967996799679967996799679967996799679967996789678967896789678967896789678967796779677967796779676
0602967796769676967696769676967696769676967596759675967596759675967596759675967596759675967596759675967596759675967496749673967396739673967396729673967396739673967396739673967396739673967396739673967396739673967396739672967396729672967296729672
0603967296739672967296729672967296729672967296729672967296739673967296729672967296739673967296739673967396739672967296729672967296729672967296729672967296719671967196719671967196719671967096709670967096709670967096699670967096709670967096699669
0604966996699670967096699669966996699669966996689668967296689668966896689668966896689667966796679667966796669666966696669666966696669666966696669665966596659665966596669666966696669666966596659664966496649664966496639663966396639663966396639663
0605966396639663966396639663966396639663966396639663966396639662966296629662966396629662966296629662966296629662966296619661966296629662966196619661966196609660966096609660965996609659965996599659965996599659965996599659965996589658965896589658
0606965896589658965896589658965896589658965896589658965896589658965796579657965796579657965796579657965896589657965796589658965896589658965896589657965796579657965896579657965796579658965796589658965796579657965796589658965896589658965896589658
0607965896589658965896589658965896589658965896589658965796579657965796579657965796579656965696579657965796569656965696579657965796579657965796579657965796579657965796579658965896589658965796579657965796589658965896589658965896589658965896589658
0608965896589658965896589657965896589658965896589658965996599659965996589658965896589658965896589659965896599659965996599659966096609660966096609660966096599659965996609660966096619661966196619661966196619661966196619662966196629661966296629662
0609966296629663966396639663966396639663966496649664966496639664966496649664966496649664966496659666966696669666966696669665966596659665966696659666966696669666966696669666966696669666966696669666966696679667966796689668966896689669966996699669
0610966996699670967096709671967096709670967096719671967196719671967296729672967296729672967296729672967396739673967396739673967396739673967396749674967496749674967496749674967496749675967596759674967596759675967696769676967596769676967696769676
0611967796779677967796779677967796779677967796779677967796779677967796779677967796789678967896779677967796779677967696769676967696769676967696769676967696769676967696769676967696779677967796769676967696769676967696759675967596759676967696759675
0612967596759674967496749673967396749673967396739673967396739673967396739672967296729672967196719671967196719671967196719671967196719670967096709670966996699669966996699669966896679667966796679667966796669666966696669665966596649664966496649663
0613966396639663966296629662966296619661966196619661966096609660966096609659965996599658965896589657965696569656965696559655965596559655965496539653965396539653965296539652965196519651965196519650965096509649964996489648964896489648964896479647
0614964696469646964596459645964596449644964396439642964296429642964296429642964296429642964296419641964196419641964196419640964096409640964096399639963896389638963896389637963796379636963696369636963596359635963696359636963596359635963496349634
0615963496339633963396339633963396329632963196309630963096309631963096309630962996299629962996299629962996299629962896289629962896289628962896289628962896279627962796279627962796279627962796279627962796279627962696269625962596259625962696269626
0616962696269626962696269626962696269626962696269626962696269626962596259625962596259625962596269626962596259625962596269626962696269625962596259625962596259625962596259625962596259625962596259625962596259625962596259625962596259625962596259625
0617962596269625962596259626962596259625962596259625962696269626962796279627962796279627962896289628962896289629962996309630963096309630963096309630963196319631963196319631963296329632963296329632963296329632963296329633963396339633963396339633
0618963396339634963496349635963596359635963696369636963596359636963696369636963696379637963796379637963896389637963896389638963796379638963896389639963996399638963996409640964096399639964096409640964096409640964096419640964196419641964196419641
0619964196419641964196419642964296429642964396439643964396439643964396449644964496449644964496439644964496449644964596459646964696469646964696469646964696479646964696469646964796479647964796479647964796489648964896489648964996499649964996499649
0620964996509650965096509650965096509650965196519651965196519651965196519651965196519651965296529652965296539653965396539653965396539653965396539653965496549654965496549653965496549655965596559655965596559655965596559656965696579657965796579657
0621965796579657965796579657965796579657965896589658965896589658965896599658965996599659965996599659966096609660966096609661966196619661966196619661966296629662966296629662966296629662966296639663966396639663966296629662966296629663966396639663
0622966496649664966496649663966396639663966396639664966596659664966496649664966496649664966496649664966496649664966596659666966696669665966596659665966596659666966696669666966596659666966696679667966796679667966796679667966796679667966896689668
0623966896689668966896699669966996699669966996709670966996699669966996699669966996709670967096709671967296729672967296729673967396739673967296729672967296729672967296729673967396739673967496739673967496739673967396739673967396739673967396739673
0700967496749673967396749674967496749674967596759675967596749674967496749674967496739673967396739673967396739673967396739674967396739673967396739673967396739673967396739673967396739673967396739673967396739673967396739673967396739672967296739672
0701967296729672967296729672967296739673967396739672967296739673967396739673967396739673967396739673 -249673967300019672967296729672 -249672 -24 ///96729672 -259672 -259672 -26 -269671967196719670967096709671 ///96709670967096709670967096700054
07029670966996709670 -2596699669 ///9668966896689668 -249668   4 -2396679667 -209667 -20966796679667 -19966696669666966696659665966596659665966596659665966596649664966596659664966596659665 -1696659666966696669666 -189666 -189666 -18966696669666
0703 -19 -18 -189666 -189666966596669666966696669665966596659665966596659665  -102040220  -102200217022402040204   9022402040217   9   00233   0023402340204  -20204  -2023496630243  -29663  -202470246  -2  -2  -2   0020696629663966396630246  -2
070403019662966296629662966296629662  -89662966296629661   4  -996610301 -1096619661966196619661 -10 ///9660966096609660965996589658030196579657965896579658965896580334  -2  -4   803440302030203340302  -4   6  -40352  -4  -4  38  -59663 -129657
0705 -25 -25 -25 -26 -26 -26 -26 -26 -26 -27 -26 -27 -27 -27 -27 -27 -27 -26 -26 -26 -27 -27 -28 -28 -28 -29 -29 -30 -30 -30 -30 -30 -30 -30 -30 -30 -30 -30 -29 -29 -29 -27 -26 -26 -26 -25 -26 -26 -26 -26 -26 -27 -26 -26 -27 -27 -27 -27 -26 -25
0706 -23 -23 -22 -22 -22 -22 -22 -22 -22 -22 -22 -22 -22 -22 -22 -22 -23 -22 -23 -23 -23 -23 -23 -23 -23 -23 -23 -23 -23 -23 -23 -23 -23 -23 -23 -23 -23 -239652965296529652965296529651965196519651965196519651965196519651965196509650965096509650
0707965096499650965096509650965096509649965096509650965196519651965196519650964996499649965096509650965096509651965196519651965196519651965196519651965196519651965196519651965196519652965296529652965296529652965396529652965296529652965296529652
0708965296529652965396539653965396539653965396539653965396539653965496539653965396539652965296519652965296529652965296529652965296539653965396539653965396539653965296539653965396539653965496549653965396539653965396539654965496549655965596559655
0709965596559655965596559655965596559655965596569656965696569656965596559655965696569656965696569655965596559655965596559656965696569656965696569656965696559655965596559655965596559656965696569656965696569656965796579657965796569656965696569657
0710965796579657965796579657965896589658965896589657965796589658965896589658965896589659965996599659965996599659965996609660966096609661966196619661966196629662966296629662966296639663966396639663966396639663966496659665966596659665966596659665
0711966596669666966696669666966696659665966596669666966696669665966596659665966596649664966496649664966496649664966496649664966596659665966596659665966596659665966496639662966296629662966296629662966296629662966296629662966296629662966296619661
0712966096609660966196619661966196619660966096609660965996599659965896599659965996589658965896589658965796579657965796579656965696559655965496559654965596559655965596559655965596549654965496539653965396539652965296529652965296519651965196509650
0713964996499649964996489648964896479647964796479647964696469646964696459645964596459645964496449644964396429642964296429642964196409640964096399638963896389638963896389638963896389637963796379637963796369636963696369636963696359635963596349634
0714963496339633963496339633963296329631963196309630963096299629962996299629962896289628962896279627962796269625962596259625962596259624962496239623962396239623962396239623962396229622962196219621962096209620961996199619961996189618961996199618
0715961896189618961896189618961896189617961696169615961496149614961596159615961496149614961496149614961596159615961596159615961496149614961496139613961296139612961296119610961096109609961096109610961096109610960996099609960996099610961096109610
0716961196109610961096109610961096109610961096109610961096109610961096109610961096109609960896089608960896089608960896089608960896089608960896089608960896089608960796079606960696069606960696069607960796069606960696079607960796079607960796079608
071796089608960896089608960896089608960896089609960996099609960996099609960896099609960996099609960996089608960996109610 ///961096109610960996099610960996099610961096099610961096109610961096109609961096109610961096109610961096109610961096119611
0718961096109610961096119611961196129612961296129611961196119610961196119611961196119611961296129612961296129612961296129613961396139612961296129612961296129613961296139612961296129613961396139613961496139614961496149614961596159616961696169616
0719961696169616961696169616961696169616961696179617961796179617961796189618961896189619961996199619961996199619961996199620962196229622962296229622962196219621962196219621962196219621962296239623962496249624962496249624962396249624962496259625
0720962596269626962696269627962796279626962696269626962696279627962796279628962896289628962996299629962996299629963096309630963196319631963196309630963196319631963196319632963296329632963396339633963396339634963496349635963596359635963596359636
072196369637963896389638963896389638963896399639964096409640964096409640964096419641964196419641964196419641964196419641964196419640964096409641964296429642964396439643964396439644 ///964496449645964596459645964596459645964596459645964596459646
0722964696469646964796479647964896489648964896489648964896489648964896489648964896499649964996489649964896499649964896489648964896489648964896489648964796489648964896489648964996489649964996499649964996499648964896489648964896479648964896489648
0723964896489648964896489649964896499649964996499649964996499648964996499650965096509650965096509650965196509650965096509650965096509650964996499649965096509650965096509650965096509650965096509650965096509650965096519651965196529652965196529652
0800965396539654965596559655965596549654965496549654965496549654965396549654965396539653965396539653965496559655965596569656965696569656965696569656965696569656965796569656965696569657965796579658965896579657965796589658965896579658965796579658
0801965896589658965896579657965796579657965896589658965896589658965896589658965896589658965896589658965896589658965896589658965896589657965796579657965896589658965896589658965896589658965896599659965896599659965896589658965896589658965896599719
0802965896589658965896589658965896589658965896589658965796589658965896589658965896589658965896589658965896589658965896589658965896589658965896589658965896589657965796579657965696569656965696569656965696579656965696569656965696569656965596559656
0803965696569656965696569656965596569656965696569656965696569656965696569656965696569655965696559656965696559655965596559655965696559655965596559655965596559655965596559655965596559655965596559655965596559655965596559655965596549654965496549653
0804965396539654965496549654965496549653965496549654965496549654965496549654965396539653965396539653965396539653965396539653965496549654965496549654965596559655965596559655965596559655965596559655965596569656965696569656965696569656965596559655
0805965596559655965596559655965596549654965496549653965496539653965396539653965396539653965396539652965296529652965296519651965196519651965196519651965196519651965296529651965296519651965196519651965196519650965196519651965196519651965196519651
0806965296529652965296529652965296529652965296529651965296529707965296529652965196519651965196519651965196519650965096509649964996499649964996499649964996499649964996499649964996499649964996499649964996499648964896499649964996499649964996499649
0807964996499649964996499649964996499649964996499649965096499650965096509650965096519651965196519651965196519651965196519651965196519651965296529652965296529653965396539653965396539653965396539653965496549654965496549655965596559655965596559655
0808965596559655965596569656965696569656965696569656965696569656965696579657965796579657965896589658965896589658965896589658965996589658965896599659965996599659965996599659965996599659965996599659966096609660966096619660966196619661966196619661
0809966196619661966196619661966196619662966296629662966296629662966296639663966396649664966396649664966496649664966496649665966596659666966696669666966796679667966796679667966796679667966896689668966896699669966996699670967096709670967196719671
0810967196729672967296729672967296729672967296739673967396739673967396739673967496749674967596759675967596759676967696769677967796789678967896799678967996799679967996799679968096809680968096819681968196819681968196819681968296819682968296829682
0811968296839683968396839683968396839683968396839683968396839684968496849684968496849684968496849683968396839683968396839683968396839683968396839682968396829683968396839683968396829682968296829682968296829682968296829682968296829682968296829681
0812968196819681968196819681968196819681968196809680968096809679967996799679967996799678967996799678967896789678967896789677967896779677967796779677967796769676967696769676967696769675967596759675967596749675967496749674967396739673967396739672
0813967296729672967296729672967196719671967196709670967096699669966996689668966796679667966696669666966696659665966596659665966496649664966496649663966396639663966296629662966296629661966296619661966196619661966096609660965996599658965896589658
0814965896589657965796569656965696569656965596559655965596559655965496559654965496549654965396539653965396539652965296529651965196519651965196519651965196519651965196519651965196519651965196509650965096509650965096499649964996499649964996499649
0815964996499649964896489648964896489648964896479648964896479647964796479647964796479647964796479647964696469646964696469646964696469646964696459645964696469646964596459646964596469646964696459645964596459645964696469645964596459645964596469645
0816964696469646964596469646964696469645964596469645964696459645964596459645964596459644964496459645964496449644964496449644964496449644964396439643964396439643964396439643964396439643964396439643964396439643964296429642964296439643964396439643
0817964396449643964396439643964396439644964396449644964496449644964496449644964596459645964596459645964596459646964696469645964596459645964596459645964596459645964696469646964696469646964696469646964696479647964796479647964796479648964896489648
0818964796489648964896489648964896489648964996489649964996499649964996509650965096509651965196519651965296529652965296529652965296539653965396539653965396539653965396539653965396539653965396549654965496549654965496559654965596559655965596559655
0819965596559655965596559655965696569656965796569657965796579657965896589658965896589658965896589659965996599659965996599660966096609660966096609661966196609661966196619662966296629662966396639663966396649663966496649664966496649665966596659665
0820966696669666966696679667966796679668966896699669966996699670967096709670967096709670967096719671967196719671967196719672967296729673967296739673967396739673967496749674967496759675967596759675967696769676967696759675967596769676967696759675
0821967596759676967696779677967796789678967896789678967996799679967996799680968096809680968096809680968096819681968196819681968196819682968296829682968296839683968396839684968496859684968596859686968696869686968696869686968696869686968696869686
0822968696869686968696869686968696879687968796879687968796879687968796889688968896889688968896889688968896889688968896889688968796879688968796879687968896889687968796889688968896889689968996899689968996899689969096909690969096909690969096919691
0823969196919691969196919692969196919692969296929692969396939693969396949693969396939694969396949693969496949693969396939694969496939694969496949695969596959695969696969696969696969696969796979697969796979697969796979697969896989698969896989698
0900969896989698969896989698969896989698969896989698969896989698969996999699969996999699969996999699969996999699969996999699969996999699970097009700970097009700970097009700970097009700970097009701970197019701970197019701970197019701970197019701
0901970297029702970297039702970397039703970397039703970397029702970397029702970397029702970397029702970297029702970297029702970297029702970297019701970197019701970297029702970297029703970297029702970297039702970297029702970297029702970297019701
0902970197019701970197019700970097009700970097009700970097009700969996999699969996999699969996989699969996989698969896979698969896989698969896989698969996999698969896989698969896989698969896989698969996999698969896989698969896989698969996999699
0903969996999699969996989698969896989698969996999699969996999699969996999699969996999699970097009700969996999699969996989699969996999699969996999699969996999699969996999699969996989698969896989698969896989697969796979696969696969696969696969696
0904969696969696969696969696969696959695969596959695969596959695969596959695969596959695969596959694969496939692969396929693969496949693969396929693969396949693969396939693969496939694969396939693969396939693969396939693969396929692969296929692
0905969396929692969296929691969296929692969296929692969196919691969096909690969096909690969096919691969096909690969096909691969196919690969096909690969096899689968996899690969096909690968996899690968996909689968996899689968896889688968896889688
0906968796879687968896879688968796869685968596859685968596859685968596859685968596859685968496849685968596849685968496859685968596849685968496849684968496849684968496849684968496849684968496849684968496849684968496849685968596859685968596859685
0907968596849684968496849684968496849684968496849684968496849684968396839683968396839683968396839683968396839683968396839683968396839683968396839683968396839683968396839684968396839683968396839683968496849684968496849684968596859685968696869686
0908968696869686968696869686968696869686968696869687968696879687968796879687968796879687968796879687968796879687968896889687968796889689968996899689968996899689968996899688968896899689969096909689969096909690969096909690969096909690969096909690
0909969096919690969096909690969196919691969196919691969296919691969196919692969296929692969296929692969296929692969296929692969396939693969396939693969396939693969396939693969396939693969396939693969396939693969496949694969496949694969496949694
0910969496949694969496949694969496949694969496949694969496949694969596959695969596959696969696969696969696979697969796979697969796979697969796989698969796989698969896989698969896989698969996999699969996989699969996999698969896989698969796979697
0911969796979697969796979697969796979697969796979697969796979697969896989698969796979697969796979697969796979696969696969696969596959694969496949694969496949694969396949694969496949694969496939693969396939693969396949693969396949693969396939693
0912969396939693969296929692969196919691969096909691969196909690969096909690969096909690969096909690969096899689968996899689968996889688968896889688968796879687968796879687968796869686968696859685968496849684968396849683968396839683968296829682
0913968296829681968196819680968096799679967896799679967896789678967796779676967696759675967496739673967396739673967296729672967296719671967096709670967096709670967096699670966996699669966896679667966796669666966696669666966696669665966596659665
0914966596659664966496649664966396639663966296629662966296629662966296619661966196619661966196609660965996599659965996589658965796579657965796569656965696569656965696559655965596559654965496549653965396539653965396539652965296529651965196519651
0915965196509650965096499650964996499648964896499648964896489648964896489648964896489648964896489647964796479646964796479646964696479646964696469646964696469646964696469646964596469645964696459645964596459646964696469645964596459645964696469645
0916964596459645964596459645964596449644964396439643964396439643964396439643964396439643964396429642964296429642964196419641964196429641964196419641964196419641964196409640964096409640963996399639963996409640964096409640964096409640964096409640
0917964096409640964096409641964196409640964096409641964196419642964196419641964196429642964296429642964396439643964396439643964396439643964396439642964396439642964296439643964396439643964496449644964496449644964496449644964496449644964496449644
0918964496449644964496459645964596459645964596459645964596459645964596459645964596459645964596459645964596459646964696469646964696469646964696469646964796479647964796489648964996499649964996499650965096509650965096509650965096509651965196519651
0919965196529652965296529652965296529652965296529652965396539653965396539653965396539654965496539653965396539653965496539654965396829654965396549653965396549654965496549654965496559655965596559655965596559655965596559655965596559655965596559655
0920965596569656965696569656965696579657965796579657965896589658965896589658965896589658965896589659965996599659965996599659966096609660966096609660966096609660966096609661966196629662966296629662966296629662966296629662966296629662966296629662
0921966296629662966396639663966296639662966396639663966396649664966596659665966596659665966596659665966496649665966596659665966596659666966696669666966696669666966696669667966796679667966896689668966896689668966996699669966996699669967096709670
0922967196719671967196729672967296729672967296719672967296729672967396739673967396739673967396729672967296729672967396739673967396739673967396739673967396739673967396739673967496749675967596759675967596759675967496749674967496749675967596759675
0923967596759676967696769677967796779678967896789678967796789678967896789678967896789678967896789678967896799679967996799679967996799680968096809681968196819680968196819681968196819681968197079681968096809680968096809680968196819681968196819681
1000968196819681968196819681968196819681968196819681968296829683968396839682968196819682968296829682968296819681968196819681968196819681968196819681968196819681968196809680968096809680968096809680968096809681968096819681968196819681968096809680
1001968096809680968096809680968096799679967996799679967996799679967996799679967996799678967896789678967896789678967896789678967896789678967896789678967896789679967996799679967996799679967996799679967896789678967896789678967896789677967896789677
1002967896779677967796779677967796779677967796769676967696769676967696769676967596759675967596759675967596759675967596759675967596759675967596759674967496749674967496749674967496749674967496739673967396739673967396739673967396739673967396739673
1003967396739672967296729672967296729672967296719671967196719671967296719671967196719671967296719671967196719671967096709670967096709670967096709670967096709670967096709670967196709670967096709671967196709670967096709670967096709670967096709670
1004966996909669966996689668966896689669966996699669966896689667966796679667966796689668966796679667966796669666966796679667966796679666966696669665966496649664966596659665966496649664966496649664966496649664966496649663966396639663966396639662
1005966296629662966296629662966296629661966196619661966196619661966096609660966096609660966096609660966096609659965996599658965896589658965896589658965896589658965896589658965896589658965896589658965896589658965896589657965796579657965796579657
1006965796569657965796569656965696569656965696569656965696569657965696569656965696569655965696569656965596559655965596559655965596559655965596559654965496549654965596559655965596549654965396539653965396539653965396539653   4   39654   2   39655
10079655   3   4   4965506019655965596559655965596559655965596559655965596559655  370606  36  3706060624  3606250602  3706020606  37  370606  370635965506379655  370639  37  360602  37  370613060206060602  37  37065106010606  370654  370654  37
10089657 ///9657965696579657   39656965607019657965796579657   49657  47 ///96589658   59658   69658   6 123965996599659966096609660  1107019660966096609661966196619661  379661070607440744  380706  3796560749966196629662   79661  11   796629662
1009   89662   896619661   1   8966296629662966296629663 /// ///966396629663966396639662   5080196639663966396639663   99663 ///966396639663  109663  109663  10966396639663  11  11  119664080196649664966496649665  159665   196669665966596659665
101096669666090196669666966696669667  119667   89667966796679667  12  129668   2  1296699669  12  12  119670090896709670967096709670967096709670967096709671967196710901090109019672967296729672967296729672  149673967396739673  52  1496730929  14
10119673967396739673  15  13 ///967496749674967496749675967510089675967596759675967596759675  49  45  501025  50102710011001100110011032  451001  481001100110389676  521001  49  491001100110469676  52  49  501001  451001  501050  50  4510011001
1012  11  11  509676  501101  511101  5111081101  51  511113  52  52   81101  52111311131121  531123  53  5011011127  54  54  54  55  55  551133  56  56  56  50  56  5011011138  50110196711101  5096711101  50  501101  50  6011011155  5011571158
1013966896689668  11   9   99667  109666966696669666966696659665966596659664966496649664  76  77  7712241225  7896639662  16966296629662966296619661  16  169661   4  1796609660  18  16  1696591205965996589658965896589658965896589657965796579657
101496579657965796579657965796569656965696569655  119654965496549654   3  1296541319  1296539653965396529652  11 ///9652965196519651965196519651965096509650965096509649964996491342  8113231323  83  81  84130713231350  82  811323  821354  801323
101596479647  119647  129646  14  159646964696469646964696469646964596459645964596459645964596451423  851401142314271427  8514271401  8514311401142696431437142614391439  841426  85  841445  80  84  80  80142614261426  84  84  841426  8414261426
10169642964296429642964296429642964296429642  109642964296429642964296429642964296429642964296429642964296429642964296429642964296429642964296429642964296429642964396429642964296429642964296429642964296429642964296439642964396439642964396439642
1017964296429642964296429642964296429642964296429642964296429642964296429642964296429642964296429642964296429642964296429642964296429642964296429642964396429642964296439643964396439643964396439643964396439643964496439644964496449644964496449644
1018964496449644964496449644964596459645964596459645964596459645964596459645964596459645964596459646964696469646964696469647964696479647964796479647964796479647964796479648964896479647964896489648964896499649964996499649964996499649964996499650
1019965096499649964996509650965096519651965196519651965196519651965196529652965296529652965296529652965396539653965396539654965496549654965396549654965496559655965596559656965696569656965696569656965796579657965896589657965796589658965896589658
1020965796589658965896589658965896589658965896599658965996599659965996599659966096609660966096609660966096609660966196609661966196619661966196629662966296629662966296629662966396639663966396639663966396639663966396649663966396649664966496649664
1021966496649665966596659665966596659666966696669666966696679667966796679667966796679667966796679667966796679667966796689668966896689668966996699669966996699670967096709670967096709671967196719671967196719671967296719671967196729671967196719671
1022967196719671967196729672967296729672967296739673967396739673967396739673967396739674967496749675967496759675967596759675967596759675967596759675967596759675967696769676967696769676967796779677967796779677967796779677967796779677967696769676
1023967696769676967696769677967796789678967796789679967996799679967996799679967996799679967996809680967996799679967996799679967996799679967996799680968096809680968096809681968096819681968196819681968196819680968096809680968096809680968096799679
1100967996799679967996799679967996809680968096809680968096809680968096799680968096809680968096809680967996799679968096809680968096809679968096799679968096799680967996799679967996809680968096809680968096809680968096809680968096809680968096809680
1101968096809680968096809680968096809680968096809680968096809680968096809680968096809680968096809680968096809680968096809679967996799679967996799679967996799679967996799678967996799679967996789678967896789677967796779677967796779678967896789678
1102967896789678967896789678967796779677967796779677967796779677967796779677967796779677967796779676967696769676967696759675967596759675967596759675967596759675967596759675967596759675967596759675967596759675967596759675967596759675967596759675
1103967596759675967596759674967596749674967496749674967496739674967496749674967496749674967496749674967496749675967596759676967696769676967696759675967696759675967596759675967596749675967596759675967596759675967596749675967496749674967596749674
1104967496749674967596759675967696769676967696769676967696769676967696769675967596769675967696769676967696769676967696769676967696769676967696779677967796779677967796779677967796779677967796769676967696769676967696769676967596759676967696769676
1105967696769676967696759675967696759675967596759675967596759675967596759675967596759675967596759674967496749674967496749674967496749674967496749674967496749675967596749674967496749674967496749674967496749673967496749674967496749675967596759675
1106967596759675967596759675967596749675967596759675967596759674967496759675967596749674967496749675967596759675967596759675967596759675967696769676967696769676967696769676967696769675967696769676967696769676967696769676967696769676967696769677
1107967796779676967696769676967796769677967796779678967896789678967996789679967996799679967996799679967996799679968096809680968196819681968196819681968196819682968296829682968296829682968296829682968296829682968296829682968296839683968396839683
1108968496839683968396839684968496849684968496849684968496849684968596859685968596859685968696869686968696879687968796879687968796879688968896889688968896889688968896889689968996899690969096909690969096909690969096919691969196919691969196929692
1109969296929692969296939693969496949694969496949694969496949694969496959695969596969696969696969696969696969696969696969696969696969696969696969696969696969696969696969696969696969696969696969696969696969696969696969697969796989698969896989698
1110969896989699969996999699969996999700970097009701970197019701970297029702970297029703970397039703970397039703970397049704970497049704970597059705970697069706970697069706970797079707970797079707970797079707970797079707970797089708970897099709
1111970997099709970997099709970997099709970997089708970897089708970897089708970897079708970897089708970897089709970897099709970897099708970897089708970897089708970897089708970997099709971097109710971097109710971097109710971097109711971197119711
1112971197119711971197119711971097109710971097109710970997099709970897089709970997099708970897089708970797079707970797079706970697069706970697069706970697069706970697069706970697069705970597059705970497049703970397039702970297029701970197009700
1113970097009700969997009699969996999698969896989698969796979696969696959695969596959694969496939693969396939693969396939692969296929692969196919691969096909690969096899689968996889688968896889687968796879687968796869686968696859685968596849683
111496839683968396829682968296829681968196819681968096809680967996799679967896789678----------------------------------------------------------------------------------------------------------------------------------------------------------------
1115------------------------------------------------------------------------------------------------------------------------------------------------------------------------------------------------------------------------------------------------
1116------------------------------------------------------------------------------------------------------------------------------------------------------------------------------------------------------------------------------------------------
1117------------------------------------------------------------------------------------------------------------------------------------------------------------------------------------------------------------------------------------------------
1118------------------------------------------------------------------------------------------------------------------------------------------------------------------------------------------------------------------------------------------------
1119------------------------------------------------------------------------------------------------------------------------------------------------------------------------------------------------------------------------------------------------
1120------------------------------------------------------------------------------------------------------------------------------------------------------------------------------------------------------------------------------------------------
1121------------------------------------------------------------------------------------------------------------------------------------------------------------------------------------------------------------------------------------------------
1122------------------------------------------------------------------------------------------------------------------------------------------------------------------------------------------------------------------------------------------------
1123------------------------------------------------------------------------------------------------------------------------------------------------------------------------------------------------------------------------------------------------
1200------------------------------------------------------------------------------------------------------------------------------------------------------------------------------------------------------------------------------------------------
1201------------------------------------------------------------------------------------------------------------------------------------------------------------------------------------------------------------------------------------------------
1202------------------------------------------------------------------------------------------------------------------------------------------------------------------------------------------------------------------------------------------------
1203------------------------------------------------------------------------------------------------------------------------------------------------------------------------------------------------------------------------------------------------
1204------------------------------------------------------------------------------------------------------------------------------------------------------------------------------------------------------------------------------------------------
1205------------------------------------------------------------------------------------------------------------------------------------------------------------------------------------------------------------------------------------------------
1206------------------------------------------------------------------------------------------------------------------------------------------------------------------------------------------------------------------------------------------------
1207------------------------------------------------------------------------------------------------------------------------------------------------------------------------------------------------------------------------------------------------
1208------------------------------------------------------------------------------------------------------------------------------------------------------------------------------------------------------------------------------------------------
1209------------------------------------------------------------------------------------------------------------------------------------------------------------------------------------------------------------------------------------------------
1210------------------------------------------------------------------------------------------------------------------------------------------------------------------------------------------------------------------------------------------------
1211------------------------------------------------------------------------------------------------------------------------------------------------------------------------------------------------------------------------------------------------
1212------------------------------------------------------------------------------------------------------------------------------------------------------------------------------------------------------------------------------------------------
1213------------------------------------------------------------------------------------------------------------------------------------------------------------------------------------------------------------------------------------------------
1214------------------------------------------------------------------------------------------------------------------------------------------------------------------------------------------------------------------------------------------------
1215------------------------------------------------------------------------------------------------------------------------------------------------------------------------------------------------------------------------------------------------
1216------------------------------------------------------------------------------------------------------------------------------------------------------------------------------------------------------------------------------------------------
1217------------------------------------------------------------------------------------------------------------------------------------------------------------------------------------------------------------------------------------------------
1218------------------------------------------------------------------------------------------------------------------------------------------------------------------------------------------------------------------------------------------------
1219------------------------------------------------------------------------------------------------------------------------------------------------------------------------------------------------------------------------------------------------
1220------------------------------------------------------------------------------------------------------------------------------------------------------------------------------------------------------------------------------------------------
1221------------------------------------------------------------------------------------------------------------------------------------------------------------------------------------------------------------------------------------------------
1222------------------------------------------------------------------------------------------------------------------------------------------------------------------------------------------------------------------------------------------------
1223------------------------------------------------------------------------------------------------------------------------------------------------------------------------------------------------------------------------------------------------
1300------------------------------------------------------------------------------------------------------------------------------------------------------------------------------------------------------------------------------------------------
1301------------------------------------------------------------------------------------------------------------------------------------------------------------------------------------------------------------------------------------------------
1302------------------------------------------------------------------------------------------------------------------------------------------------------------------------------------------------------------------------------------------------
1303------------------------------------------------------------------------------------------------------------------------------------------------------------------------------------------------------------------------------------------------
1304------------------------------------------------------------------------------------------------------------------------------------------------------------------------------------------------------------------------------------------------
1305------------------------------------------------------------------------------------------------------------------------------------------------------------------------------------------------------------------------------------------------
1306------------------------------------------------------------------------------------------------------------------------------------------------------------------------------------------------------------------------------------------------
1307------------------------------------------------------------------------------------------------------------------------------------------------------------------------------------------------------------------------------------------------
1308------------------------------------------------------------------------------------------------------------------------------------------------------------------------------------------------------------------------------------------------
1309------------------------------------------------------------------------------------------------------------------------------------------------------------------------------------------------------------------------------------------------
1310------------------------------------------------------------------------------------------------------------------------------------------------------------------------------------------------------------------------------------------------
1311------------------------------------------------------------------------------------------------------------------------------------------------------------------------------------------------------------------------------------------------
1312------------------------------------------------------------------------------------------------------------------------------------------------------------------------------------------------------------------------------------------------
1313------------------------------------------------------------------------------------------------------------------------------------------------------------------------------------------------------------------------------------------------
1314------------------------------------------------------------------------------------------------------------------------------------------------------------------------------------------------------------------------------------------------
1315------------------------------------------------------------------------------------------------------------------------------------------------------------------------------------------------------------------------------------------------
1316------------------------------------------------------------------------------------------------------------------------------------------------------------------------------------------------------------------------------------------------
1317------------------------------------------------------------------------------------------------------------------------------------------------------------------------------------------------------------------------------------------------
1318------------------------------------------------------------------------------------------------------------------------------------------------------------------------------------------------------------------------------------------------
1319------------------------------------------------------------------------------------------------------------------------------------------------------------------------------------------------------------------------------------------------
1320------------------------------------------------------------------------------------------------------------------------------------------------------------------------------------------------------------------------------------------------
1321------------------------------------------------------------------------------------------------------------------------------------------------------------------------------------------------------------------------------------------------
1322------------------------------------------------------------------------------------------------------------------------------------------------------------------------------------------------------------------------------------------------
1323------------------------------------------------------------------------------------------------------------------------------------------------------------------------------------------------------------------------------------------------
1400------------------------------------------------------------------------------------------------------------------------------------------------------------------------------------------------------------------------------------------------
1401------------------------------------------------------------------------------------------------------------------------------------------------------------------------------------------------------------------------------------------------
1402------------------------------------------------------------------------------------------------------------------------------------------------------------------------------------------------------------------------------------------------
1403------------------------------------------------------------------------------------------------------------------------------------------------------------------------------------------------------------------------------------------------
1404------------------------------------------------------------------------------------------------------------------------------------------------------------------------------------------------------------------------------------------------
1405------------------------------------------------------------------------------------------------------------------------------------------------------------------------------------------------------------------------------------------------
1406------------------------------------------------------------------------------------------------------------------------------------------------------------------------------------------------------------------------------------------------
1407------------------------------------------------------------------------------------------------------------------------------------------------------------------------------------------------------------------------------------------------
1408------------------------------------------------------------------------------------------------------------------------------------------------------------------------------------------------------------------------------------------------
1409------------------------------------------------------------------------------------------------------------------------------------------------------------------------------------------------------------------------------------------------
1410------------------------------------------------------------------------------------------------------------------------------------------------------------------------------------------------------------------------------------------------
1411------------------------------------------------------------------------------------------------------------------------------------------------------------------------------------------------------------------------------------------------
1412------------------------------------------------------------------------------------------------------------------------------------------------------------------------------------------------------------------------------------------------
1413------------------------------------------------------------------------------------------------------------------------------------------------------------------------------------------------------------------------------------------------
1414------------------------------------------------------------------------------------------------------------------------------------------------------------------------------------------------------------------------------------------------
1415------------------------------------------------------------------------------------------------------------------------------------------------------------------------------------------------------------------------------------------------
1416------------------------------------------------------------------------------------------------------------------------------------------------------------------------------------------------------------------------------------------------
1417------------------------------------------------------------------------------------------------------------------------------------------------------------------------------------------------------------------------------------------------
1418------------------------------------------------------------------------------------------------------------------------------------------------------------------------------------------------------------------------------------------------
1419------------------------------------------------------------------------------------------------------------------------------------------------------------------------------------------------------------------------------------------------
1420------------------------------------------------------------------------------------------------------------------------------------------------------------------------------------------------------------------------------------------------
1421------------------------------------------------------------------------------------------------------------------------------------------------------------------------------------------------------------------------------------------------
1422------------------------------------------------------------------------------------------------------------------------------------------------------------------------------------------------------------------------------------------------
1423------------------------------------------------------------------------------------------------------------------------------------------------------------------------------------------------------------------------------------------------
1500------------------------------------------------------------------------------------------------------------------------------------------------------------------------------------------------------------------------------------------------
1501------------------------------------------------------------------------------------------------------------------------------------------------------------------------------------------------------------------------------------------------
1502------------------------------------------------------------------------------------------------------------------------------------------------------------------------------------------------------------------------------------------------
1503------------------------------------------------------------------------------------------------------------------------------------------------------------------------------------------------------------------------------------------------
1504------------------------------------------------------------------------------------------------------------------------------------------------------------------------------------------------------------------------------------------------
1505------------------------------------------------------------------------------------------------------------------------------------------------------------------------------------------------------------------------------------------------
1506------------------------------------------------------------------------------------------------------------------------------------------------------------------------------------------------------------------------------------------------
1507------------------------------------------------------------------------------------------------------------------------------------------------------------------------------------------------------------------------------------------------
1508------------------------------------------------------------------------------------------------------------------------------------------------------------------------------------------------------------------------------------------------
1509------------------------------------------------------------------------------------------------------------------------------------------------------------------------------------------------------------------------------------------------
1510------------------------------------------------------------------------------------------------------------------------------------------------------------------------------------------------------------------------------------------------
1511------------------------------------------------------------------------------------------------------------------------------------------------------------------------------------------------------------------------------------------------
1512------------------------------------------------------------------------------------------------------------------------------------------------------------------------------------------------------------------------------------------------
1513------------------------------------------------------------------------------------------------------------------------------------------------------------------------------------------------------------------------------------------------
1514------------------------------------------------------------------------------------------------------------------------------------------------------------------------------------------------------------------------------------------------
1515------------------------------------------------------------------------------------------------------------------------------------------------------------------------------------------------------------------------------------------------
1516------------------------------------------------------------------------------------------------------------------------------------------------------------------------------------------------------------------------------------------------
1517------------------------------------------------------------------------------------------------------------------------------------------------------------------------------------------------------------------------------------------------
1518------------------------------------------------------------------------------------------------------------------------------------------------------------------------------------------------------------------------------------------------
1519------------------------------------------------------------------------------------------------------------------------------------------------------------------------------------------------------------------------------------------------
1520------------------------------------------------------------------------------------------------------------------------------------------------------------------------------------------------------------------------------------------------
1521------------------------------------------------------------------------------------------------------------------------------------------------------------------------------------------------------------------------------------------------
1522------------------------------------------------------------------------------------------------------------------------------------------------------------------------------------------------------------------------------------------------
1523------------------------------------------------------------------------------------------------------------------------------------------------------------------------------------------------------------------------------------------------
1600------------------------------------------------------------------------------------------------------------------------------------------------------------------------------------------------------------------------------------------------
1601------------------------------------------------------------------------------------------------------------------------------------------------------------------------------------------------------------------------------------------------
1602------------------------------------------------------------------------------------------------------------------------------------------------------------------------------------------------------------------------------------------------
1603------------------------------------------------------------------------------------------------------------------------------------------------------------------------------------------------------------------------------------------------
1604------------------------------------------------------------------------------------------------------------------------------------------------------------------------------------------------------------------------------------------------
1605------------------------------------------------------------------------------------------------------------------------------------------------------------------------------------------------------------------------------------------------
1606------------------------------------------------------------------------------------------------------------------------------------------------------------------------------------------------------------------------------------------------
1607------------------------------------------------------------------------------------------------------------------------------------------------------------------------------------------------------------------------------------------------
1608------------------------------------------------------------------------------------------------------------------------------------------------------------------------------------------------------------------------------------------------
1609------------------------------------------------------------------------------------------------------------------------------------------------------------------------------------------------------------------------------------------------
1610------------------------------------------------------------------------------------------------------------------------------------------------------------------------------------------------------------------------------------------------
1611------------------------------------------------------------------------------------------------------------------------------------------------------------------------------------------------------------------------------------------------
1612------------------------------------------------------------------------------------------------------------------------------------------------------------------------------------------------------------------------------------------------
1613------------------------------------------------------------------------------------------------------------------------------------------------------------------------------------------------------------------------------------------------
1614------------------------------------------------------------------------------------------------------------------------------------------------------------------------------------------------------------------------------------------------
1615------------------------------------------------------------------------------------------------------------------------------------------------------------------------------------------------------------------------------------------------
1616------------------------------------------------------------------------------------------------------------------------------------------------------------------------------------------------------------------------------------------------
1617------------------------------------------------------------------------------------------------------------------------------------------------------------------------------------------------------------------------------------------------
1618------------------------------------------------------------------------------------------------------------------------------------------------------------------------------------------------------------------------------------------------
1619------------------------------------------------------------------------------------------------------------------------------------------------------------------------------------------------------------------------------------------------
1620------------------------------------------------------------------------------------------------------------------------------------------------------------------------------------------------------------------------------------------------
1621------------------------------------------------------------------------------------------------------------------------------------------------------------------------------------------------------------------------------------------------
1622------------------------------------------------------------------------------------------------------------------------------------------------------------------------------------------------------------------------------------------------
1623------------------------------------------------------------------------------------------------------------------------------------------------------------------------------------------------------------------------------------------------
1700------------------------------------------------------------------------------------------------------------------------------------------------------------------------------------------------------------------------------------------------
1701------------------------------------------------------------------------------------------------------------------------------------------------------------------------------------------------------------------------------------------------
1702------------------------------------------------------------------------------------------------------------------------------------------------------------------------------------------------------------------------------------------------
1703------------------------------------------------------------------------------------------------------------------------------------------------------------------------------------------------------------------------------------------------
1704------------------------------------------------------------------------------------------------------------------------------------------------------------------------------------------------------------------------------------------------
1705------------------------------------------------------------------------------------------------------------------------------------------------------------------------------------------------------------------------------------------------
1706------------------------------------------------------------------------------------------------------------------------------------------------------------------------------------------------------------------------------------------------
1707------------------------------------------------------------------------------------------------------------------------------------------------------------------------------------------------------------------------------------------------
1708------------------------------------------------------------------------------------------------------------------------------------------------------------------------------------------------------------------------------------------------
1709------------------------------------------------------------------------------------------------------------------------------------------------------------------------------------------------------------------------------------------------
1710------------------------------------------------------------------------------------------------------------------------------------------------------------------------------------------------------------------------------------------------
1711------------------------------------------------------------------------------------------------------------------------------------------------------------------------------------------------------------------------------------------------
1712------------------------------------------------------------------------------------------------------------------------------------------------------------------------------------------------------------------------------------------------
1713------------------------------------------------------------------------------------------------------------------------------------------------------------------------------------------------------------------------------------------------
1714------------------------------------------------------------------------------------------------------------------------------------------------------------------------------------------------------------------------------------------------
1715------------------------------------------------------------------------------------------------------------------------------------------------------------------------------------------------------------------------------------------------
1716------------------------------------------------------------------------------------------------------------------------------------------------------------------------------------------------------------------------------------------------
1717------------------------------------------------------------------------------------------------------------------------------------------------------------------------------------------------------------------------------------------------
1718------------------------------------------------------------------------------------------------------------------------------------------------------------------------------------------------------------------------------------------------
1719------------------------------------------------------------------------------------------------------------------------------------------------------------------------------------------------------------------------------------------------
1720------------------------------------------------------------------------------------------------------------------------------------------------------------------------------------------------------------------------------------------------
1721------------------------------------------------------------------------------------------------------------------------------------------------------------------------------------------------------------------------------------------------
1722------------------------------------------------------------------------------------------------------------------------------------------------------------------------------------------------------------------------------------------------
1723------------------------------------------------------------------------------------------------------------------------------------------------------------------------------------------------------------------------------------------------
1800------------------------------------------------------------------------------------------------------------------------------------------------------------------------------------------------------------------------------------------------
1801------------------------------------------------------------------------------------------------------------------------------------------------------------------------------------------------------------------------------------------------
1802------------------------------------------------------------------------------------------------------------------------------------------------------------------------------------------------------------------------------------------------
1803------------------------------------------------------------------------------------------------------------------------------------------------------------------------------------------------------------------------------------------------
1804------------------------------------------------------------------------------------------------------------------------------------------------------------------------------------------------------------------------------------------------
1805------------------------------------------------------------------------------------------------------------------------------------------------------------------------------------------------------------------------------------------------
1806------------------------------------------------------------------------------------------------------------------------------------------------------------------------------------------------------------------------------------------------
1807------------------------------------------------------------------------------------------------------------------------------------------------------------------------------------------------------------------------------------------------
1808------------------------------------------------------------------------------------------------------------------------------------------------------------------------------------------------------------------------------------------------
1809------------------------------------------------------------------------------------------------------------------------------------------------------------------------------------------------------------------------------------------------
1810------------------------------------------------------------------------------------------------------------------------------------------------------------------------------------------------------------------------------------------------
1811------------------------------------------------------------------------------------------------------------------------------------------------------------------------------------------------------------------------------------------------
1812------------------------------------------------------------------------------------------------------------------------------------------------------------------------------------------------------------------------------------------------
1813------------------------------------------------------------------------------------------------------------------------------------------------------------------------------------------------------------------------------------------------
1814------------------------------------------------------------------------------------------------------------------------------------------------------------------------------------------------------------------------------------------------
1815------------------------------------------------------------------------------------------------------------------------------------------------------------------------------------------------------------------------------------------------
1816------------------------------------------------------------------------------------------------------------------------------------------------------------------------------------------------------------------------------------------------
1817------------------------------------------------------------------------------------------------------------------------------------------------------------------------------------------------------------------------------------------------
1818------------------------------------------------------------------------------------------------------------------------------------------------------------------------------------------------------------------------------------------------
1819------------------------------------------------------------------------------------------------------------------------------------------------------------------------------------------------------------------------------------------------
1820------------------------------------------------------------------------------------------------------------------------------------------------------------------------------------------------------------------------------------------------
1821------------------------------------------------------------------------------------------------------------------------------------------------------------------------------------------------------------------------------------------------
1822------------------------------------------------------------------------------------------------------------------------------------------------------------------------------------------------------------------------------------------------
1823------------------------------------------------------------------------------------------------------------------------------------------------------------------------------------------------------------------------------------------------
1900------------------------------------------------------------------------------------------------------------------------------------------------------------------------------------------------------------------------------------------------
1901------------------------------------------------------------------------------------------------------------------------------------------------------------------------------------------------------------------------------------------------
1902------------------------------------------------------------------------------------------------------------------------------------------------------------------------------------------------------------------------------------------------
1903------------------------------------------------------------------------------------------------------------------------------------------------------------------------------------------------------------------------------------------------
1904------------------------------------------------------------------------------------------------------------------------------------------------------------------------------------------------------------------------------------------------
1905------------------------------------------------------------------------------------------------------------------------------------------------------------------------------------------------------------------------------------------------
1906------------------------------------------------------------------------------------------------------------------------------------------------------------------------------------------------------------------------------------------------
1907------------------------------------------------------------------------------------------------------------------------------------------------------------------------------------------------------------------------------------------------
1908------------------------------------------------------------------------------------------------------------------------------------------------------------------------------------------------------------------------------------------------
1909------------------------------------------------------------------------------------------------------------------------------------------------------------------------------------------------------------------------------------------------
1910------------------------------------------------------------------------------------------------------------------------------------------------------------------------------------------------------------------------------------------------
1911------------------------------------------------------------------------------------------------------------------------------------------------------------------------------------------------------------------------------------------------
1912------------------------------------------------------------------------------------------------------------------------------------------------------------------------------------------------------------------------------------------------
1913------------------------------------------------------------------------------------------------------------------------------------------------------------------------------------------------------------------------------------------------
1914------------------------------------------------------------------------------------------------------------------------------------------------------------------------------------------------------------------------------------------------
1915------------------------------------------------------------------------------------------------------------------------------------------------------------------------------------------------------------------------------------------------
1916------------------------------------------------------------------------------------------------------------------------------------------------------------------------------------------------------------------------------------------------
1917------------------------------------------------------------------------------------------------------------------------------------------------------------------------------------------------------------------------------------------------
1918------------------------------------------------------------------------------------------------------------------------------------------------------------------------------------------------------------------------------------------------
1919------------------------------------------------------------------------------------------------------------------------------------------------------------------------------------------------------------------------------------------------
1920------------------------------------------------------------------------------------------------------------------------------------------------------------------------------------------------------------------------------------------------
1921------------------------------------------------------------------------------------------------------------------------------------------------------------------------------------------------------------------------------------------------
1922------------------------------------------------------------------------------------------------------------------------------------------------------------------------------------------------------------------------------------------------
1923------------------------------------------------------------------------------------------------------------------------------------------------------------------------------------------------------------------------------------------------
2000------------------------------------------------------------------------------------------------------------------------------------------------------------------------------------------------------------------------------------------------
2001------------------------------------------------------------------------------------------------------------------------------------------------------------------------------------------------------------------------------------------------
2002------------------------------------------------------------------------------------------------------------------------------------------------------------------------------------------------------------------------------------------------
2003------------------------------------------------------------------------------------------------------------------------------------------------------------------------------------------------------------------------------------------------
2004------------------------------------------------------------------------------------------------------------------------------------------------------------------------------------------------------------------------------------------------
2005------------------------------------------------------------------------------------------------------------------------------------------------------------------------------------------------------------------------------------------------
2006------------------------------------------------------------------------------------------------------------------------------------------------------------------------------------------------------------------------------------------------
2007------------------------------------------------------------------------------------------------------------------------------------------------------------------------------------------------------------------------------------------------
2008------------------------------------------------------------------------------------------------------------------------------------------------------------------------------------------------------------------------------------------------
2009------------------------------------------------------------------------------------------------------------------------------------------------------------------------------------------------------------------------------------------------
2010------------------------------------------------------------------------------------------------------------------------------------------------------------------------------------------------------------------------------------------------
2011------------------------------------------------------------------------------------------------------------------------------------------------------------------------------------------------------------------------------------------------
2012------------------------------------------------------------------------------------------------------------------------------------------------------------------------------------------------------------------------------------------------
2013------------------------------------------------------------------------------------------------------------------------------------------------------------------------------------------------------------------------------------------------
2014------------------------------------------------------------------------------------------------------------------------------------------------------------------------------------------------------------------------------------------------
2015------------------------------------------------------------------------------------------------------------------------------------------------------------------------------------------------------------------------------------------------
2016------------------------------------------------------------------------------------------------------------------------------------------------------------------------------------------------------------------------------------------------
2017------------------------------------------------------------------------------------------------------------------------------------------------------------------------------------------------------------------------------------------------
2018------------------------------------------------------------------------------------------------------------------------------------------------------------------------------------------------------------------------------------------------
2019------------------------------------------------------------------------------------------------------------------------------------------------------------------------------------------------------------------------------------------------
2020------------------------------------------------------------------------------------------------------------------------------------------------------------------------------------------------------------------------------------------------
2021------------------------------------------------------------------------------------------------------------------------------------------------------------------------------------------------------------------------------------------------
2022------------------------------------------------------------------------------------------------------------------------------------------------------------------------------------------------------------------------------------------------
2023------------------------------------------------------------------------------------------------------------------------------------------------------------------------------------------------------------------------------------------------
2100------------------------------------------------------------------------------------------------------------------------------------------------------------------------------------------------------------------------------------------------
2101------------------------------------------------------------------------------------------------------------------------------------------------------------------------------------------------------------------------------------------------
2102------------------------------------------------------------------------------------------------------------------------------------------------------------------------------------------------------------------------------------------------
2103------------------------------------------------------------------------------------------------------------------------------------------------------------------------------------------------------------------------------------------------
2104------------------------------------------------------------------------------------------------------------------------------------------------------------------------------------------------------------------------------------------------
2105------------------------------------------------------------------------------------------------------------------------------------------------------------------------------------------------------------------------------------------------
2106------------------------------------------------------------------------------------------------------------------------------------------------------------------------------------------------------------------------------------------------
2107------------------------------------------------------------------------------------------------------------------------------------------------------------------------------------------------------------------------------------------------
2108------------------------------------------------------------------------------------------------------------------------------------------------------------------------------------------------------------------------------------------------
2109------------------------------------------------------------------------------------------------------------------------------------------------------------------------------------------------------------------------------------------------
2110------------------------------------------------------------------------------------------------------------------------------------------------------------------------------------------------------------------------------------------------
2111------------------------------------------------------------------------------------------------------------------------------------------------------------------------------------------------------------------------------------------------
2112------------------------------------------------------------------------------------------------------------------------------------------------------------------------------------------------------------------------------------------------
2113------------------------------------------------------------------------------------------------------------------------------------------------------------------------------------------------------------------------------------------------
2114------------------------------------------------------------------------------------------------------------------------------------------------------------------------------------------------------------------------------------------------
2115------------------------------------------------------------------------------------------------------------------------------------------------------------------------------------------------------------------------------------------------
2116------------------------------------------------------------------------------------------------------------------------------------------------------------------------------------------------------------------------------------------------
2117------------------------------------------------------------------------------------------------------------------------------------------------------------------------------------------------------------------------------------------------
2118------------------------------------------------------------------------------------------------------------------------------------------------------------------------------------------------------------------------------------------------
2119------------------------------------------------------------------------------------------------------------------------------------------------------------------------------------------------------------------------------------------------
2120------------------------------------------------------------------------------------------------------------------------------------------------------------------------------------------------------------------------------------------------
2121------------------------------------------------------------------------------------------------------------------------------------------------------------------------------------------------------------------------------------------------
2122------------------------------------------------------------------------------------------------------------------------------------------------------------------------------------------------------------------------------------------------
2123------------------------------------------------------------------------------------------------------------------------------------------------------------------------------------------------------------------------------------------------
2200------------------------------------------------------------------------------------------------------------------------------------------------------------------------------------------------------------------------------------------------
2201------------------------------------------------------------------------------------------------------------------------------------------------------------------------------------------------------------------------------------------------
2202------------------------------------------------------------------------------------------------------------------------------------------------------------------------------------------------------------------------------------------------
2203------------------------------------------------------------------------------------------------------------------------------------------------------------------------------------------------------------------------------------------------
2204------------------------------------------------------------------------------------------------------------------------------------------------------------------------------------------------------------------------------------------------
2205------------------------------------------------------------------------------------------------------------------------------------------------------------------------------------------------------------------------------------------------
2206------------------------------------------------------------------------------------------------------------------------------------------------------------------------------------------------------------------------------------------------
2207------------------------------------------------------------------------------------------------------------------------------------------------------------------------------------------------------------------------------------------------
2208------------------------------------------------------------------------------------------------------------------------------------------------------------------------------------------------------------------------------------------------
2209------------------------------------------------------------------------------------------------------------------------------------------------------------------------------------------------------------------------------------------------
2210------------------------------------------------------------------------------------------------------------------------------------------------------------------------------------------------------------------------------------------------
2211------------------------------------------------------------------------------------------------------------------------------------------------------------------------------------------------------------------------------------------------
2212------------------------------------------------------------------------------------------------------------------------------------------------------------------------------------------------------------------------------------------------
2213------------------------------------------------------------------------------------------------------------------------------------------------------------------------------------------------------------------------------------------------
2214------------------------------------------------------------------------------------------------------------------------------------------------------------------------------------------------------------------------------------------------
2215------------------------------------------------------------------------------------------------------------------------------------------------------------------------------------------------------------------------------------------------
2216------------------------------------------------------------------------------------------------------------------------------------------------------------------------------------------------------------------------------------------------
2217------------------------------------------------------------------------------------------------------------------------------------------------------------------------------------------------------------------------------------------------
2218------------------------------------------------------------------------------------------------------------------------------------------------------------------------------------------------------------------------------------------------
2219------------------------------------------------------------------------------------------------------------------------------------------------------------------------------------------------------------------------------------------------
2220------------------------------------------------------------------------------------------------------------------------------------------------------------------------------------------------------------------------------------------------
2221------------------------------------------------------------------------------------------------------------------------------------------------------------------------------------------------------------------------------------------------
2222------------------------------------------------------------------------------------------------------------------------------------------------------------------------------------------------------------------------------------------------
2223------------------------------------------------------------------------------------------------------------------------------------------------------------------------------------------------------------------------------------------------
2300------------------------------------------------------------------------------------------------------------------------------------------------------------------------------------------------------------------------------------------------
2301------------------------------------------------------------------------------------------------------------------------------------------------------------------------------------------------------------------------------------------------
2302------------------------------------------------------------------------------------------------------------------------------------------------------------------------------------------------------------------------------------------------
2303------------------------------------------------------------------------------------------------------------------------------------------------------------------------------------------------------------------------------------------------
2304------------------------------------------------------------------------------------------------------------------------------------------------------------------------------------------------------------------------------------------------
2305------------------------------------------------------------------------------------------------------------------------------------------------------------------------------------------------------------------------------------------------
2306------------------------------------------------------------------------------------------------------------------------------------------------------------------------------------------------------------------------------------------------
2307------------------------------------------------------------------------------------------------------------------------------------------------------------------------------------------------------------------------------------------------
2308------------------------------------------------------------------------------------------------------------------------------------------------------------------------------------------------------------------------------------------------
2309------------------------------------------------------------------------------------------------------------------------------------------------------------------------------------------------------------------------------------------------
2310------------------------------------------------------------------------------------------------------------------------------------------------------------------------------------------------------------------------------------------------
2311------------------------------------------------------------------------------------------------------------------------------------------------------------------------------------------------------------------------------------------------
2312------------------------------------------------------------------------------------------------------------------------------------------------------------------------------------------------------------------------------------------------
2313------------------------------------------------------------------------------------------------------------------------------------------------------------------------------------------------------------------------------------------------
2314------------------------------------------------------------------------------------------------------------------------------------------------------------------------------------------------------------------------------------------------
2315------------------------------------------------------------------------------------------------------------------------------------------------------------------------------------------------------------------------------------------------
2316------------------------------------------------------------------------------------------------------------------------------------------------------------------------------------------------------------------------------------------------
2317------------------------------------------------------------------------------------------------------------------------------------------------------------------------------------------------------------------------------------------------
2318------------------------------------------------------------------------------------------------------------------------------------------------------------------------------------------------------------------------------------------------
2319------------------------------------------------------------------------------------------------------------------------------------------------------------------------------------------------------------------------------------------------
2320------------------------------------------------------------------------------------------------------------------------------------------------------------------------------------------------------------------------------------------------
2321------------------------------------------------------------------------------------------------------------------------------------------------------------------------------------------------------------------------------------------------
2322------------------------------------------------------------------------------------------------------------------------------------------------------------------------------------------------------------------------------------------------
2323------------------------------------------------------------------------------------------------------------------------------------------------------------------------------------------------------------------------------------------------
2400------------------------------------------------------------------------------------------------------------------------------------------------------------------------------------------------------------------------------------------------
2401------------------------------------------------------------------------------------------------------------------------------------------------------------------------------------------------------------------------------------------------
2402------------------------------------------------------------------------------------------------------------------------------------------------------------------------------------------------------------------------------------------------
2403------------------------------------------------------------------------------------------------------------------------------------------------------------------------------------------------------------------------------------------------
2404------------------------------------------------------------------------------------------------------------------------------------------------------------------------------------------------------------------------------------------------
2405------------------------------------------------------------------------------------------------------------------------------------------------------------------------------------------------------------------------------------------------
2406------------------------------------------------------------------------------------------------------------------------------------------------------------------------------------------------------------------------------------------------
2407------------------------------------------------------------------------------------------------------------------------------------------------------------------------------------------------------------------------------------------------
2408------------------------------------------------------------------------------------------------------------------------------------------------------------------------------------------------------------------------------------------------
2409------------------------------------------------------------------------------------------------------------------------------------------------------------------------------------------------------------------------------------------------
2410------------------------------------------------------------------------------------------------------------------------------------------------------------------------------------------------------------------------------------------------
2411------------------------------------------------------------------------------------------------------------------------------------------------------------------------------------------------------------------------------------------------
2412------------------------------------------------------------------------------------------------------------------------------------------------------------------------------------------------------------------------------------------------
2413------------------------------------------------------------------------------------------------------------------------------------------------------------------------------------------------------------------------------------------------
2414------------------------------------------------------------------------------------------------------------------------------------------------------------------------------------------------------------------------------------------------
2415------------------------------------------------------------------------------------------------------------------------------------------------------------------------------------------------------------------------------------------------
2416------------------------------------------------------------------------------------------------------------------------------------------------------------------------------------------------------------------------------------------------
2417------------------------------------------------------------------------------------------------------------------------------------------------------------------------------------------------------------------------------------------------
2418------------------------------------------------------------------------------------------------------------------------------------------------------------------------------------------------------------------------------------------------
2419------------------------------------------------------------------------------------------------------------------------------------------------------------------------------------------------------------------------------------------------
2420------------------------------------------------------------------------------------------------------------------------------------------------------------------------------------------------------------------------------------------------
2421------------------------------------------------------------------------------------------------------------------------------------------------------------------------------------------------------------------------------------------------
2422------------------------------------------------------------------------------------------------------------------------------------------------------------------------------------------------------------------------------------------------
2423------------------------------------------------------------------------------------------------------------------------------------------------------------------------------------------------------------------------------------------------
2500------------------------------------------------------------------------------------------------------------------------------------------------------------------------------------------------------------------------------------------------
2501------------------------------------------------------------------------------------------------------------------------------------------------------------------------------------------------------------------------------------------------
2502------------------------------------------------------------------------------------------------------------------------------------------------------------------------------------------------------------------------------------------------
2503------------------------------------------------------------------------------------------------------------------------------------------------------------------------------------------------------------------------------------------------
2504------------------------------------------------------------------------------------------------------------------------------------------------------------------------------------------------------------------------------------------------
2505------------------------------------------------------------------------------------------------------------------------------------------------------------------------------------------------------------------------------------------------
2506------------------------------------------------------------------------------------------------------------------------------------------------------------------------------------------------------------------------------------------------
2507------------------------------------------------------------------------------------------------------------------------------------------------------------------------------------------------------------------------------------------------
2508------------------------------------------------------------------------------------------------------------------------------------------------------------------------------------------------------------------------------------------------
2509------------------------------------------------------------------------------------------------------------------------------------------------------------------------------------------------------------------------------------------------
2510------------------------------------------------------------------------------------------------------------------------------------------------------------------------------------------------------------------------------------------------
2511------------------------------------------------------------------------------------------------------------------------------------------------------------------------------------------------------------------------------------------------
2512------------------------------------------------------------------------------------------------------------------------------------------------------------------------------------------------------------------------------------------------
2513------------------------------------------------------------------------------------------------------------------------------------------------------------------------------------------------------------------------------------------------
2514------------------------------------------------------------------------------------------------------------------------------------------------------------------------------------------------------------------------------------------------
2515------------------------------------------------------------------------------------------------------------------------------------------------------------------------------------------------------------------------------------------------
2516------------------------------------------------------------------------------------------------------------------------------------------------------------------------------------------------------------------------------------------------
2517------------------------------------------------------------------------------------------------------------------------------------------------------------------------------------------------------------------------------------------------
2518------------------------------------------------------------------------------------------------------------------------------------------------------------------------------------------------------------------------------------------------
2519------------------------------------------------------------------------------------------------------------------------------------------------------------------------------------------------------------------------------------------------
2520------------------------------------------------------------------------------------------------------------------------------------------------------------------------------------------------------------------------------------------------
2521------------------------------------------------------------------------------------------------------------------------------------------------------------------------------------------------------------------------------------------------
2522------------------------------------------------------------------------------------------------------------------------------------------------------------------------------------------------------------------------------------------------
2523------------------------------------------------------------------------------------------------------------------------------------------------------------------------------------------------------------------------------------------------
2600------------------------------------------------------------------------------------------------------------------------------------------------------------------------------------------------------------------------------------------------
2601------------------------------------------------------------------------------------------------------------------------------------------------------------------------------------------------------------------------------------------------
2602------------------------------------------------------------------------------------------------------------------------------------------------------------------------------------------------------------------------------------------------
2603------------------------------------------------------------------------------------------------------------------------------------------------------------------------------------------------------------------------------------------------
2604------------------------------------------------------------------------------------------------------------------------------------------------------------------------------------------------------------------------------------------------
2605------------------------------------------------------------------------------------------------------------------------------------------------------------------------------------------------------------------------------------------------
2606------------------------------------------------------------------------------------------------------------------------------------------------------------------------------------------------------------------------------------------------
2607------------------------------------------------------------------------------------------------------------------------------------------------------------------------------------------------------------------------------------------------
2608------------------------------------------------------------------------------------------------------------------------------------------------------------------------------------------------------------------------------------------------
2609------------------------------------------------------------------------------------------------------------------------------------------------------------------------------------------------------------------------------------------------
2610------------------------------------------------------------------------------------------------------------------------------------------------------------------------------------------------------------------------------------------------
2611------------------------------------------------------------------------------------------------------------------------------------------------------------------------------------------------------------------------------------------------
2612------------------------------------------------------------------------------------------------------------------------------------------------------------------------------------------------------------------------------------------------
2613------------------------------------------------------------------------------------------------------------------------------------------------------------------------------------------------------------------------------------------------
2614------------------------------------------------------------------------------------------------------------------------------------------------------------------------------------------------------------------------------------------------
2615------------------------------------------------------------------------------------------------------------------------------------------------------------------------------------------------------------------------------------------------
2616------------------------------------------------------------------------------------------------------------------------------------------------------------------------------------------------------------------------------------------------
2617------------------------------------------------------------------------------------------------------------------------------------------------------------------------------------------------------------------------------------------------
2618------------------------------------------------------------------------------------------------------------------------------------------------------------------------------------------------------------------------------------------------
2619------------------------------------------------------------------------------------------------------------------------------------------------------------------------------------------------------------------------------------------------
2620------------------------------------------------------------------------------------------------------------------------------------------------------------------------------------------------------------------------------------------------
2621------------------------------------------------------------------------------------------------------------------------------------------------------------------------------------------------------------------------------------------------
2622------------------------------------------------------------------------------------------------------------------------------------------------------------------------------------------------------------------------------------------------
2623------------------------------------------------------------------------------------------------------------------------------------------------------------------------------------------------------------------------------------------------
2700------------------------------------------------------------------------------------------------------------------------------------------------------------------------------------------------------------------------------------------------
2701------------------------------------------------------------------------------------------------------------------------------------------------------------------------------------------------------------------------------------------------
2702------------------------------------------------------------------------------------------------------------------------------------------------------------------------------------------------------------------------------------------------
2703------------------------------------------------------------------------------------------------------------------------------------------------------------------------------------------------------------------------------------------------
2704------------------------------------------------------------------------------------------------------------------------------------------------------------------------------------------------------------------------------------------------
2705------------------------------------------------------------------------------------------------------------------------------------------------------------------------------------------------------------------------------------------------
2706------------------------------------------------------------------------------------------------------------------------------------------------------------------------------------------------------------------------------------------------
2707------------------------------------------------------------------------------------------------------------------------------------------------------------------------------------------------------------------------------------------------
2708------------------------------------------------------------------------------------------------------------------------------------------------------------------------------------------------------------------------------------------------
2709------------------------------------------------------------------------------------------------------------------------------------------------------------------------------------------------------------------------------------------------
2710------------------------------------------------------------------------------------------------------------------------------------------------------------------------------------------------------------------------------------------------
2711------------------------------------------------------------------------------------------------------------------------------------------------------------------------------------------------------------------------------------------------
2712------------------------------------------------------------------------------------------------------------------------------------------------------------------------------------------------------------------------------------------------
2713------------------------------------------------------------------------------------------------------------------------------------------------------------------------------------------------------------------------------------------------
2714------------------------------------------------------------------------------------------------------------------------------------------------------------------------------------------------------------------------------------------------
2715------------------------------------------------------------------------------------------------------------------------------------------------------------------------------------------------------------------------------------------------
2716------------------------------------------------------------------------------------------------------------------------------------------------------------------------------------------------------------------------------------------------
2717------------------------------------------------------------------------------------------------------------------------------------------------------------------------------------------------------------------------------------------------
2718------------------------------------------------------------------------------------------------------------------------------------------------------------------------------------------------------------------------------------------------
2719------------------------------------------------------------------------------------------------------------------------------------------------------------------------------------------------------------------------------------------------
2720------------------------------------------------------------------------------------------------------------------------------------------------------------------------------------------------------------------------------------------------
2721------------------------------------------------------------------------------------------------------------------------------------------------------------------------------------------------------------------------------------------------
2722------------------------------------------------------------------------------------------------------------------------------------------------------------------------------------------------------------------------------------------------
2723------------------------------------------------------------------------------------------------------------------------------------------------------------------------------------------------------------------------------------------------
2800------------------------------------------------------------------------------------------------------------------------------------------------------------------------------------------------------------------------------------------------
2801------------------------------------------------------------------------------------------------------------------------------------------------------------------------------------------------------------------------------------------------
2802------------------------------------------------------------------------------------------------------------------------------------------------------------------------------------------------------------------------------------------------
2803------------------------------------------------------------------------------------------------------------------------------------------------------------------------------------------------------------------------------------------------
2804------------------------------------------------------------------------------------------------------------------------------------------------------------------------------------------------------------------------------------------------
2805------------------------------------------------------------------------------------------------------------------------------------------------------------------------------------------------------------------------------------------------
2806------------------------------------------------------------------------------------------------------------------------------------------------------------------------------------------------------------------------------------------------
2807------------------------------------------------------------------------------------------------------------------------------------------------------------------------------------------------------------------------------------------------
2808------------------------------------------------------------------------------------------------------------------------------------------------------------------------------------------------------------------------------------------------
2809------------------------------------------------------------------------------------------------------------------------------------------------------------------------------------------------------------------------------------------------
2810------------------------------------------------------------------------------------------------------------------------------------------------------------------------------------------------------------------------------------------------
2811------------------------------------------------------------------------------------------------------------------------------------------------------------------------------------------------------------------------------------------------
2812------------------------------------------------------------------------------------------------------------------------------------------------------------------------------------------------------------------------------------------------
2813------------------------------------------------------------------------------------------------------------------------------------------------------------------------------------------------------------------------------------------------
2814------------------------------------------------------------------------------------------------------------------------------------------------------------------------------------------------------------------------------------------------
2815------------------------------------------------------------------------------------------------------------------------------------------------------------------------------------------------------------------------------------------------
2816------------------------------------------------------------------------------------------------------------------------------------------------------------------------------------------------------------------------------------------------
2817------------------------------------------------------------------------------------------------------------------------------------------------------------------------------------------------------------------------------------------------
2818------------------------------------------------------------------------------------------------------------------------------------------------------------------------------------------------------------------------------------------------
2819------------------------------------------------------------------------------------------------------------------------------------------------------------------------------------------------------------------------------------------------
2820------------------------------------------------------------------------------------------------------------------------------------------------------------------------------------------------------------------------------------------------
2821------------------------------------------------------------------------------------------------------------------------------------------------------------------------------------------------------------------------------------------------
2822------------------------------------------------------------------------------------------------------------------------------------------------------------------------------------------------------------------------------------------------
2823------------------------------------------------------------------------------------------------------------------------------------------------------------------------------------------------------------------------------------------------
2900------------------------------------------------------------------------------------------------------------------------------------------------------------------------------------------------------------------------------------------------
2901------------------------------------------------------------------------------------------------------------------------------------------------------------------------------------------------------------------------------------------------
2902------------------------------------------------------------------------------------------------------------------------------------------------------------------------------------------------------------------------------------------------
2903------------------------------------------------------------------------------------------------------------------------------------------------------------------------------------------------------------------------------------------------
2904------------------------------------------------------------------------------------------------------------------------------------------------------------------------------------------------------------------------------------------------
2905------------------------------------------------------------------------------------------------------------------------------------------------------------------------------------------------------------------------------------------------
2906------------------------------------------------------------------------------------------------------------------------------------------------------------------------------------------------------------------------------------------------
2907------------------------------------------------------------------------------------------------------------------------------------------------------------------------------------------------------------------------------------------------
2908------------------------------------------------------------------------------------------------------------------------------------------------------------------------------------------------------------------------------------------------
2909------------------------------------------------------------------------------------------------------------------------------------------------------------------------------------------------------------------------------------------------
2910------------------------------------------------------------------------------------------------------------------------------------------------------------------------------------------------------------------------------------------------
2911------------------------------------------------------------------------------------------------------------------------------------------------------------------------------------------------------------------------------------------------
2912------------------------------------------------------------------------------------------------------------------------------------------------------------------------------------------------------------------------------------------------
2913------------------------------------------------------------------------------------------------------------------------------------------------------------------------------------------------------------------------------------------------
2914------------------------------------------------------------------------------------------------------------------------------------------------------------------------------------------------------------------------------------------------
2915------------------------------------------------------------------------------------------------------------------------------------------------------------------------------------------------------------------------------------------------
2916------------------------------------------------------------------------------------------------------------------------------------------------------------------------------------------------------------------------------------------------
2917------------------------------------------------------------------------------------------------------------------------------------------------------------------------------------------------------------------------------------------------
2918------------------------------------------------------------------------------------------------------------------------------------------------------------------------------------------------------------------------------------------------
2919------------------------------------------------------------------------------------------------------------------------------------------------------------------------------------------------------------------------------------------------
2920------------------------------------------------------------------------------------------------------------------------------------------------------------------------------------------------------------------------------------------------
2921------------------------------------------------------------------------------------------------------------------------------------------------------------------------------------------------------------------------------------------------
2922------------------------------------------------------------------------------------------------------------------------------------------------------------------------------------------------------------------------------------------------
2923------------------------------------------------------------------------------------------------------------------------------------------------------------------------------------------------------------------------------------------------
3000------------------------------------------------------------------------------------------------------------------------------------------------------------------------------------------------------------------------------------------------
3001------------------------------------------------------------------------------------------------------------------------------------------------------------------------------------------------------------------------------------------------
3002------------------------------------------------------------------------------------------------------------------------------------------------------------------------------------------------------------------------------------------------
3003------------------------------------------------------------------------------------------------------------------------------------------------------------------------------------------------------------------------------------------------
3004------------------------------------------------------------------------------------------------------------------------------------------------------------------------------------------------------------------------------------------------
3005------------------------------------------------------------------------------------------------------------------------------------------------------------------------------------------------------------------------------------------------
3006------------------------------------------------------------------------------------------------------------------------------------------------------------------------------------------------------------------------------------------------
3007------------------------------------------------------------------------------------------------------------------------------------------------------------------------------------------------------------------------------------------------
3008------------------------------------------------------------------------------------------------------------------------------------------------------------------------------------------------------------------------------------------------
3009------------------------------------------------------------------------------------------------------------------------------------------------------------------------------------------------------------------------------------------------
3010------------------------------------------------------------------------------------------------------------------------------------------------------------------------------------------------------------------------------------------------
3011------------------------------------------------------------------------------------------------------------------------------------------------------------------------------------------------------------------------------------------------
3012------------------------------------------------------------------------------------------------------------------------------------------------------------------------------------------------------------------------------------------------
3013------------------------------------------------------------------------------------------------------------------------------------------------------------------------------------------------------------------------------------------------
3014------------------------------------------------------------------------------------------------------------------------------------------------------------------------------------------------------------------------------------------------
3015------------------------------------------------------------------------------------------------------------------------------------------------------------------------------------------------------------------------------------------------
3016------------------------------------------------------------------------------------------------------------------------------------------------------------------------------------------------------------------------------------------------
3017------------------------------------------------------------------------------------------------------------------------------------------------------------------------------------------------------------------------------------------------
3018------------------------------------------------------------------------------------------------------------------------------------------------------------------------------------------------------------------------------------------------
3019------------------------------------------------------------------------------------------------------------------------------------------------------------------------------------------------------------------------------------------------
3020------------------------------------------------------------------------------------------------------------------------------------------------------------------------------------------------------------------------------------------------
3021------------------------------------------------------------------------------------------------------------------------------------------------------------------------------------------------------------------------------------------------
3022------------------------------------------------------------------------------------------------------------------------------------------------------------------------------------------------------------------------------------------------
3023------------------------------------------------------------------------------------------------------------------------------------------------------------------------------------------------------------------------------------------------
3100------------------------------------------------------------------------------------------------------------------------------------------------------------------------------------------------------------------------------------------------
3101------------------------------------------------------------------------------------------------------------------------------------------------------------------------------------------------------------------------------------------------
3102------------------------------------------------------------------------------------------------------------------------------------------------------------------------------------------------------------------------------------------------
3103------------------------------------------------------------------------------------------------------------------------------------------------------------------------------------------------------------------------------------------------
3104------------------------------------------------------------------------------------------------------------------------------------------------------------------------------------------------------------------------------------------------
3105------------------------------------------------------------------------------------------------------------------------------------------------------------------------------------------------------------------------------------------------
3106------------------------------------------------------------------------------------------------------------------------------------------------------------------------------------------------------------------------------------------------
3107------------------------------------------------------------------------------------------------------------------------------------------------------------------------------------------------------------------------------------------------
3108------------------------------------------------------------------------------------------------------------------------------------------------------------------------------------------------------------------------------------------------
3109------------------------------------------------------------------------------------------------------------------------------------------------------------------------------------------------------------------------------------------------
3110------------------------------------------------------------------------------------------------------------------------------------------------------------------------------------------------------------------------------------------------
3111------------------------------------------------------------------------------------------------------------------------------------------------------------------------------------------------------------------------------------------------
3112------------------------------------------------------------------------------------------------------------------------------------------------------------------------------------------------------------------------------------------------
3113------------------------------------------------------------------------------------------------------------------------------------------------------------------------------------------------------------------------------------------------
3114------------------------------------------------------------------------------------------------------------------------------------------------------------------------------------------------------------------------------------------------
3115------------------------------------------------------------------------------------------------------------------------------------------------------------------------------------------------------------------------------------------------
3116------------------------------------------------------------------------------------------------------------------------------------------------------------------------------------------------------------------------------------------------
3117------------------------------------------------------------------------------------------------------------------------------------------------------------------------------------------------------------------------------------------------
3118------------------------------------------------------------------------------------------------------------------------------------------------------------------------------------------------------------------------------------------------
3119------------------------------------------------------------------------------------------------------------------------------------------------------------------------------------------------------------------------------------------------
3120------------------------------------------------------------------------------------------------------------------------------------------------------------------------------------------------------------------------------------------------
