58265 2013   011213603204   65   24 6670   55    1--------------------------------------------------------------------------------------------------------------------------------------------------------------------------------------------------
3121  17  17  16  16  16  16  16  16  16  16  16  17  17  17  18  18  18  19  19  19  20  20  82  20  21  22  22  22  23  24  24  24  25  25  25  25  25  25  25  25  25  25  25  25  26  26  26  26  26  25  26  25  25  25  25  25  25  25  25  25
3122  25  24  24  25  25  24  24  24  25  24  24  24  24  24  24  23  23  23  23  23  23  22  22  22  22  22  22  23  23  23  23  23  23  23  23  23  24  23  23  23  23  22  22  21  21  21  21  20  20  20  19  19  18  18  17  16  16  15  15  15
3123  14  14  14  14  13  13  12  12  12  11  11  11  11  10  10  10  10  10  10  10  10  10  10   9   9   9   8   8   7   7   7   6   6   6   6   6   6   6   6   6   6   6   6   6   6   6   6   6   5   5   5   5   4   4   4   4   4   3   3   3
0100   3   3   2   2   2   2   2   2   2   2   2   2   2   2   1   1   1   1   1   1   1   1   0   0  -1  -1  -2  -2  -2  -2  -2  -2  -1   0   0   0   0   1   1   1   1   1   0   0  -1  -2  -2  -3  -4  -4  -4  -4  -4  -4  -4  -4  -5  -5  -5  -5
0101  -5  -5  -5  -4  -4  -4  -4  -5  -5  -5  -5  -5  -5  -5  -4  -4  -4  -4  -4  -4  -3  -3  -3  -3  -3  -4  -4  -4  -5  -5  -5  -5  -6  -6  -6  -6  -5  76  -4  -1   0   1   1   2   2   2   2   2   2   1   1   0  -1  -2  -3  -5  -6  -7  -7  -7
0102  -8  -8  -9  -9  -9  -9 -10 -10 -10 -10 -10 -10 -10 -10 -10 -11 -11 -11 -11 -10 -10  -9  -9  -8  -8  -8  -8  -9  -9  -9  -9  -9 -10 -10 -11 -11 -10 -10 -11 -11 -11 -12 -12 -13 -13 -13 -13 -13 -13 -13 -13 -13 -13 -13 -13 -13 -14 -14 -14 -14
0103 -13 -13 -13 -13 -13 -13 -12 -12 -12 -12 -12 -12 -12 -12 -12 -12 -12 -12 -12 -12 -13 -13 -14 -14 -14 -14 -14 -14 -14 -14 -14 -14 -15 -15 -15 -16 -16 -16 -16 -16 -16 -16 -16 -16 -16 -16 -16 -16 -16 -16 -16 -16 -16 -16 -16 -16 -16 -16 -16 -16
0104 -16 -16 -16 -16 -17 -17 -17 -17 -17 -17 -17 -17 -17 -17 -17 -17 -17 -17 -17 -17 -18 -18 -18 -17 -17 -16 -15 -15 -15 -15 -16 -16 -16 -15 -15 -15 -15 -14 -15 -15 -15 -15 -14 -15 -15 -15 -15 -16 -16 -16 -17 -17 -17 -18 -18 -18 -18 -18 -19 -19
0105 -19 -19 -19 -19 -19 -19 -19 -19 -19 -19 -19 -19 -19 -19 -20 -20 -21 -21 -21 -21 -21 -21 -21 -21 -21 -22 -22 -22 -22 -22 -22 -22 -22 -22 -22 -21 -21 -21 -21 -21 -20 -20 -20 -20 -19 -19 -19 -20 -20 -20 -19 -19 -19 -20 -20 -20 -20 -20 -20 -20
0106 -20 -20 -19 -19 -19 -19 -19 -19 -19 -19 -19 -19 -19 -20 -20 -20 -19 -19 -19 -19 -20 -21 -21 -21 -20 -19 -19 -19 -19 -19 -19 -19 -19 -19 -19 -19 -19 -19 -19 -19 -20 -20 -21 -21 -21 -21 -21 -21 -21 -21 -21 -21 -20 -20 -20 -21 -21 -21 -21 -22
0107 -22 -23 -23 -24 -24 -24 -24 -24 -24 -25 -24 -24 -24 -24 -24 -24 -24 -24 -24 -24 -24 -24 -24 -25 -24 -24 -24 -24 -24 -24 -24 -24 -24 -24 -24 -24 -24 -24 -24 -23 -23 -23 -23 -23 -23 -23 -22 -22 -22 -22 -22 -22 -22 -23 -23 -23 -23 -23 -23 -23
0108 -22 -22 -22 -22 -22 -21 -21 -22 -22 -22 -22 -22 -22 -23 -23 -23 -23 -23 -22 -22 -23 -23 -23 -23 -23 -22 -22 -21 -21 -21 -21 -21 -21 -21 -21 -21 -21 -21 -21 -21 -21 -22 -22 -22 -22 -21 -21 -21 -21 -21 -20 -19 -19 -20 -20 -21 -21 -21 -20 -19
0109 -18 -18 -19 -19 -19 -19 -20 -20 -21 -21 -21 -21 -21 -21 -22 -22 -22 -22 -22 -22 -22 -22 -22 -22 -22 -22 -22 -22 -21 -21 -20 -20 -19 -18 -18 -17 -17 -17 -17 -16 -16 -16 -15 -15 -15 -15 -15 -15 -15 -14 -14 -14 -14 -13 -13 -13 -12 -12 -11 -11
0110 -10 -10 -10  -9  -9  -8  -8  -7  -7  -6  -5  -5  -3  -3  -2  -1   0   1   1   2   3   4   5   6   7   8   8   9  10  11  12  13  13  14  15  15  16  17  18  18  19  20  20  21  21  22  23  24  25  25  27  28  29  29  30  31  32  33  34  35
0111  37  39  40  42  42  43  43  44  45  46  47  47  47  47  47  47  47  48  48  48  49  50  52  52  52  52  52  53  53  52  52  53  54  55  53  52  52  52  52  52  52  52  53  53  54  55  56  57  56  56  57  57  56  56  56  57  58  59  60  62
0112  63  64  64  63  64  64  64  64  63  63  64  64  64  64  64  65  66  66  67  67  67  67  67  68  69  70  69  69  69  69  70  71  73  74  74  74  74  74  74  75  75  75  74  72  72  72  72  72  71  72  73  73  73  75  76  76  76  75  75  76
0113  77  77  78  78  77  78  79  79  79  79  79  81  82  84  84  85  83  83  83  82  82  82  82  82  83  83  83  83  82  81  80  81  82  83  84  84  85  84  84  85  87  88  88  87  86  87  89  90  90  91  91  90  92  93  94  93  92  91  89  89
0114  90  91  90  90  90  92  93  94  93  92  92  93  93  92  91  91  92  93  91  90  90  90  92  91  91  91  92  93  95  95  94  93  92  94  97  98  98  97  96  96  94  93  92  92  91  91  92  92  92  92  94  95  95  95  94  94  95  95  95  95
0115  96  96  96  96  96  96  96  96  96  97  98  98  97  97  98  99  99  99  98  99  99 100 100 100  99  99  99 100  99  96  96  97  97  99  99  99 100 100 101 101 100  97  97  97  98 100 101 102 102  99  96  96  95  96  95  95  95  96  96  98
0116 100 100 100 101 103 103 104 104 103 100 101 100  99  98  98  98  98  97  96  97  97  97  97  97  98 100 100 100 100 101 101 101 100 100 100 101 101 101 102 102 102 102 103 103 103 104 104 105 105 104 105 105 104 103 102 101 102 102 102 103
0117 103 103 103 102 101 101 101 102 102 103 102 101 101 101 100 100  99  99  99  98  98  99  99  99  99  99  99  99 100 100 100  99  98  98  98  97  98  98  98  98  98  98  98  98  98  98  99  99  99 100  99  98  98  98  98  98  99 100 100 101
0118 100 101 101 101 101 101 100 100  99  98  98  98  98  97  97  96  96  95  95  95  94  94  94  94  94  93  93  93  90  88  87  86  85  83  82  81  79  79  78  77  76  76  75  74  73  72  72  71  71  70  69  69  68  67  66  65  65  64  64  63
0119  62  62  61  60  59  59  58  57  56  55  54  54  53  52  51  51  50  50  49  48  47  47  46  45  44  43  42  41  40  40  39  39  38  38  37  36  36  36  36  36  35  35  35  34  34  34  33  33  32  32  32  31  30  30  30  30  31  32  32  32
0120  33  32  32  32  32  31  30  30  30  29  29  29  29  29  29  29  29  28  28  28  29  28  28  29  29  28  28  28  27  27  27  26  26  25  24  24  23  23  23  22  22  22  21  21  21  20  20  20  20  20  20  20  20  20  20  20  20  19  19  19
0121  18  18  18  17  17  17  17  16  16  15  15  15  15  15  15  14  14  14  14  14  13  14  14  14  14  14  14  14  14  15  15  15  15  15  15  14  14  14  14  14  14  14  14  13  13  13  13  13  14  14  13  13  13  13  12  12  12  12  11  11
0122  11  11  10  10  10  11  11  13  14  15  16  16  15  15  14  13  13  12  12  12  12  12  13  13  13  13  12  12  11  10  10  10  11  11  11  11  11  11  10  11  12  13  13  14  14  14  14  14  13  13  13  13  12  12  11  11  11  11  10  10
0123  10  10  10  10  10  10  10  10  10  10  10  10  10   9  10  10  10  11  11  11  11  10   9   9   8   8   8   8   7   7   7   7   6   6   5   5   5   4   4   4   4   4   4   4   4   3   3   3   2   2   2   2   2   2   2   2   2   2   2   2
0200   2   2   2   3   4   4   4   4   4   4   4   4   4   4   4   3   3   3   3   2   2   2   1   1   1   1   1   1   1   1   1   1   1   1   0   0   0   0  -1  -1  -1  -1  -1  -1  -2  -1  -1   0   0   1   1   1   1   1   1   1   0   0   0   0
0201   0  -1  -1  -1  -2  -2  -1   0   0   0   1   1   2   3   3   3   3   2   2   2   3   3   3   3   3   4   4   5   5   5   4   4   4   3   3   2   2   1   1   1   0  -1  -1  -2  -2  -2  -3  -3  -3  -3  -4  -3  -4  -3  -3  -4  -4  -4  -4  -4
0202  -4  -4  -5  -5  -5  -5  -5  -5  -5  -5  -4  -4  -4  -4  -4  -4  -4  -4  -5  -5  -5  -5  -5  -5  -5  -5  -4  -4  -4  -4  -4  -4  -4  -4  -4  -4  -4  -5  -5  -6  -6  -6  -6  -7  -7  -7  -7  -7  -7  -6  -6  -6  -5  -5  -5  -6  -5  -5  -5  -5
0203  -5  -5  -5  -4  -4  -4  -4  -4  -4  -5  -5  -5  -5  -5  -5  -5  -5  -5  -5  -5  -5  -5  -6  -6  -6  -7  -6  -6  -6  -6  -5  -5  -5  -5  -5  -5  -6  -6  -6  -6  -6  -6  -5  -5  -5  -5  -5  -5  -5  -5  -5  -5  -5  -5  -6  -6  -6  -5  -5  -5
0204  -5  -4  -4  -4  -4  -4  -4  -4  -5  -5  -5  -5  -5  -5  -5  -5  -5  -6  -6  -6  -6  -6  -6  -6  -6  -6  -6  -6  -5  -5  -5  -5  -5  -5  -5  -5  -5  -5  -5  -5  -5  -5  -5  -5  -5  -5  -5  -4  -4  -4  -4  -4  -4  -4  -4  -4  -4  -4  -4  -4
0205  -4  -4  -4  -4  -3  -3  -3  -2  -1  -1   0   0   0   1   1   1   1   1   1   1   1   1   2   2   2   2   2   2   3   3   3   4   4   5   5   5   5   6   6   6   6   7   7   7   8   8   8   9   9   9   9  10  11  12  12  12  13  14  14  14
0206  15  15  15  15  15  15  16  16  16  16  16  16  16  16  16  17  17  17  17  17  18  19  19  20  21  21  21  21  22  22  22  22  22  23  23  23  24  24  24  24  24  24  25  25  25  25  25  25  27  27  27  27  26  26  26  27  28  28  29  29
0207  30  30  30  30  31  30  30  30  31  31  31  31  31  31  32  32  32  33  33  34  34  34  34  34  34  34  34  33  33  34  34  33  33  32  32  32  31  31  31  31  30  30  30  30  30  29  29  29  29  29  29  29  29  29  29  29  29  29  29  29
0208  29  29  28  28  28  29  29  29  29  29  29  29  29  29  29  29  29  29  29  29  29  29  29  30  30  30  29  29  29  29  29  28  29  28  28  29  28  28  28  28  29  30  31  31  32  32  32  32  32  33  34  34  34  34  34  34  35  35  35  35
0209  34  34  34  34  34  34  34  34  34  34  35  34  34  34  34  34  34  35  36  36  36  36  35  35  35  34  34  34  33  33  33  33  33  32  32  32  32  32  32  32  32  32  32  32  33  33  33  34  34  33  33  34  34  35  35  36  36  36  37  37
0210  37  37  37  36  36  36  36  36  35  35  36  36  36  36  36  36  36  37  38  38  38  39  39  39  39  40  39  40  40  41  41  41  41  41  42  42  42  43  44  44  44  45  45  46  46  47  48  48  48  49  49  49  49  49  49  49  50  50  49  50
0211  50  50  50  50  50  50  50  51  51  51  51  51  52  52  52  52  52  52  52  53  53  53  53  54  54  54  54  54  54  55  55  54  55  55  55  55  55  56  56  56  57  57  57  57  57  57  57  57  57  58  58  58  58  58  58  58  58  58  58  58
0212  58  59  59  59  59  59  60  60  61  61  61  61  62  62  63  62  62  63  63  63  63  64  64  64  65  65  64  65  64  64  64  64  64  65  64  64  64  64  64  64  64  64  64  65  65  65  65  65  65  65  65  65  65  65  65  65  66  66  66  66
0213  66  66  66  66  66  66  66  66  67  68  68  68  68  68  68  68  68  68  69  69  68  68  68  68  68  69  69  69  69  70  70  70  71  71  71  71  71  71  71  72  72  72  73  73  73  72  72  72  72  72  72  73  73  74  74  74  74  74  75  75
0214  75  76  76  76  75  76  76  76  77  77  77  77  76  77  77  77  77  77  77  78  78  78  78  78  78  78  78  79  79  80  79  79  79  79  79  79  78  79  79  79  79  79  79  79  79  80  80  81  81  81  82  82  82  82  92  82  81  81  82  82
0215  82  82  82  82  82  82  82  83  83  83  83  84  84  84  84  84  83  84  84  83  83  83  83  83  83  83  83  83  83  82  83  83  84  84  84  84  84  84  84  83  83  83  83  83  83  83  83  84  84  84  84  84  84  84  84  84  84  85  85  85
0216  85  85  86  86  86  86  86  86  86  86  86  86  86  86  86  86  86  86  86  86  86  86  86  86  86  86  86  86  86  86  86  87  87  87  87  87  87  87  87  86  86  86  86  86  86  86  86  86  86  86  86  86  86  86  86  86  86  86  86  86
0217  86  86  86  86  86  86  86  86  86  86  86  86  85  86  86  85  86  86  85  85  85  85  85  85  85  85  85  85  85  85  85  85  85  85  85  85  85  85  85  85  85  85  85  85  85  85  85  85  85  85  85  85  85  85  85  85  85  85  85  85
0218  85  85  85  85  86  85  85  85  85  86  85  85  85  85  85  85  85  85  85  85  85  85  85  85  85  85  85  85  85  85  85  85  85  85  85  85  85  85  85  85  85  85  85  85  85  85  85  85  85  85  85  84  84  84  84  84  84  84  84  85
0219  84  84  84  84  84  84  83  83  83  84  84  84  84  84  83  83  83  83  83  82  82  82  82  82  82  82  82  82  82  82  81  81  81  80  80  80  80  79  79  79  79  79  78  78  78  78  78  77  77  77  77  77  77  76  76  76  76  76  76  76
0220  76  76  76  76  76  76  75  75  75  75  75  75  75  74  74  74  74  73  73  73  74  74  74  74  74  73  73  73  73  73  73  73  74  74  74  74  74  74  74  74  74  74  74  74  74  74  74  74  74  74  74  74  73  74  73  73  73  73  73  73
0221  73  73  72  72  72  72  72  72  72  72  72  72  72  72  72  72  72  72  72  72  72  72  72  72  72  72  72  72  71  72  71  71  71  71  71  71  71  71  71  71  71  71  71  71  71  71  71  71  70  71  71  70  70  70  70  69  69  69  69  69
0222  69  69  69  69  69  69  69  69  69  69  69  69  69  69  69  69  69  69  69  69  69  68  68  68  68  68  68  68  68  68  68  67  67  67  67  67  67  67  66  66  66  66  66  66  66  66  66  66  66  66  66  65  65  65  65  65  65  65  66  65
0223  65  65  65  65  65  65  65  65  64  64  64  64  64  64  64  64  64  64  64  63  64  63  63  63  78  63  63  63  63  63  63  63  63  63  63  63  63  63  63  63  63  63  63  63  63  63  63  62  62  62  62  62  62  62  62  62  62  62  62  61
0300  61  61  61  61  61  60  60  60  60  59  59  59  59  59  59  58  58  58  58  58  57  57  57  57  57  57  57  57  57  57  56  56  56  56  56  55  55  55  54  54  54  54  53  53  52  52  51  51  50  50  49  48  47  47  47  46  46  46  46  46
0301  46  46  46  46  46  46  45  45  45  45  45  45  45  45  45  45  45  45  45  45  44  45  45  45  45  45  44  44  44  44  44  44  43  43  44  44  44  43  43  43  43  43  43  43  43  43  43  43  43  43  43  42  42  42  42  42  42  42  42  42
0302  42  42  42  42  42  42  42  42  42  42  42  42  42  42  42  42  42  42  42  42  42  42  42  42  42  42  42  42  42  42  42  42  42  42  42  42  42  42  42  41  41  41  41  41  41  41  41  41  41  41  41  41  41  41  41  41  41  41  41  41
0303  41  41  41  41  41  41  40  40  40  40  40  40  40  39  39  39  39  39  38  38  38  38  38  38  38  38  38  37  37  37  36  36  36  36  35  35  35  35  35  63  34  34  34  34  34  34  34  34  34  34  34  34  34  34  34  34  34  34  34  34
0304  33  33  33  33  33  33  33  33  33  33  33  33  33  33  33  33  33  33  33  33  33  33  33  33  33  33  33  33  33  33  33  33  33  33  33  33  33  33  33  33  33  33  33  33  33  33  33  32  32  32  32  32  33  33  32  32  32  32  32  32
0305  32  33  33  33  33  33  33  32  32  33  32  32  32  32  32  32  32  32  32  32  32  32  32  32  31  32  32  32  32  32  32  32  32  32  32  32  32  32  32  32  32  32  32  32  32  32  31  31  31  31  31  31  31  31  31  30  31  31  31  30
0306  30  30  30  31  30  30  30  30  30  30  30  30  30  30  30  30  30  30  30  30  30  30  30  30  30  30  30  31  31  31  31  31  31  31  31  31  31  31  31  31  32  32  32  31  31  31  31  31  31  31  30  31  30  30  30  30  30  30  30  30
0307  30  30  30  30  30  30  30  30  30  30  30  30  30  30  30  30  30  30  30  30  30  30  30  30  30  30  30  30  30  30  30  30  30  30  30  30  30  30  30  30  30  30  30  30  30  30  30  30  30  30  30  30  31  31  31  30  30  30  30  30
0308  30  31  31  30  30  31  31  31  31  31  31  31  31  31  31  30  30  30  30  31  31  31  31  31  31  31  31  31  31  31  31  31  31  31  31  31  31  31  31  30  30  30  30  30  30  30  30  31  31  31  31  31  30  31  31  31  31  30  30  30
0309  30  30  30  30  30  30  30  30  30  30  30  30  30  30  30  30  30  30  30  30  30  30  30  30  30  31  31  31  31  31  31  31  31  30  30  30  30  31  31  31  31  31  31  31  31  32  32  32  32  31  31  32  32  32  32  32  32  32  32  32
0310  32  32  32  32  32  32  32  32  32  32  32  32  32  32  32  32  32  32  33  33  33  33  33  33  33  33  33  33  33  33  33  33  33  33  33  33  33  34  34  34  34  34  34  34  34  34  34  34  34  34  34  34  33  33  32  32  32  32  32  32
0311  32  32  32  32  33  33  33  34  34  34  33  34  33  33  32  32  32  32  32  33  33  33  33  33  33  34  34  34  33  33  33  33  33  33  33  32  33  33  33  33  33  33  33  33  32  32  32  32  32  33  33  33  33  33  33  34  34  33  33  33
0312  33  33  33  34  34  34  35  35  34  34  34  34  34  34  34  33  33  33  34  34  34  34  35  35  35  35  35  35  34  35  35  35  36  36  35  35  36  36  37  37  38  37  36  35  35  35  35  35  35  34  35  36  35  34  35  35  35  35  36  36
0313  36  35  36  36  36  35  36  35  36  36  35  35  36  36  37  38  38  38  38  38  38  39  39  39  38  38  38  37  37  38  38  39  39  39  39  39  39  38  37  37  37  37  36  35  35  35  35  35  35  36  37  37  36  35  35  36  36  35  36  35
0314  36  36  35  35  35  35  35  35  36  36  34  34  34  35  35  35  35  34  34  35  36  36  37  38  39  38  37  37  37  37  36  36  36  37  36  36  36  36  35  35  35  35  35  36  37  37  37  38  38  38  38  38  37  37  37  36  36  36  35  35
0315  35  35  35  34  33  33  34  35  35  35  35  35  35  35  35  36  35  34  34  33  33  33  33  34  34  34  33  33  33  33  33  33  34  35  35  36  35  35  35  34  34  33  33  33  33  33  34  34  34  33  33  32  32  33  33  33  32  31  31  32
0316  32  32  32  31  32  32  32  32  32  32  32  32  32  32  32  31  31  32  32  32  32  32  32  32  33  33  32  31  31  31  31  32  32  31  31  32  32  31  32  32  32  32  32  32  31  31  30  30  30  30  31  31  31  31  32  32  32  32  33  32
0317  32  32  32  32  31  31  31  31  31  30  30  30  30  30  30  29  30  30  30  30  30  29  29  29  29  29  29  29  30  29  28  28  28  28  28  28  28  28  28  28  28  28  28  28  28  28  28  27  28  28  28  28  28  28  27  27  27  27  27  27
0318  27  27  27  27  27  27  26  26  27  27  27  27  28  28  28  28  28  28  28  28  27  27  28  28  28  28  27  27  27  26  26  26  26  26  26  26  26  26  26  26  26  26  26  25  25  26  26  25  26  26  26  26  26  26  26  26  26  26  26  26
0319  26  26  26  26  26  26  25  25  25  25  25  25  25  25  25  25  25  25  25  24  24  24  24  24  24  24  24  24  24  24  24  24  24  24  24  23  23  23  23  23  23  23  23  23  23  23  23  23  23  23  22  22  22  22  22  22  22  22  22  22
0320  21  21  21  21  21  21  21  21  21  21  21  20  20  20  20  20  20  20  20  20  20  20  20  20  20  20  20  20  20  20  19  19  19  19  19  19  19  19  19  19  19  19  19  19  19  19  19  19  19  19  19  19  19  19  19  19  19  19  19  19
0321  19  19  19  19  19  19  19  19  19  19  19  19  19  19  19  19  19  19  19  19  19  19  20  20  19  20  20  20  20  20  20  20  20  20  20  20  20  20  20  20  20  20  20  20  20  20  20  21  21  21  21  21  21  21  21  21  21  21  21  21
0322  21  21  21  22  21  21  21  21  21  21  22  21  22  22  21  21  21  21  21  21  21  21  21  21  21  21  21  21  21  21  21  21  21  21  21  21  21  21  21  21  21  21  21  21  21  21  21  21  21  21  21  21  21  21  21  21  21  21  21  21
0323  21  21  21  21  21  21  21  21  20  20  20  20  20  20  20  19  19  19  20  19  19  19  19  19  20  19  19  19  19  19  19  19  19  19  19  19  19  19  18  18  18  18  18  18  18  18  18  18  18  18  18  18  18  18  18  18  18  18  18  18
0400  18  18  18  18  18  18  18  18  18  18  18  18  17  17  17  17  17  17  17  17  17  17  17  18  18  18  18  18  18  18  18  18  18  18  18  18  18  18  18  17  17  17  17  17  17  17  17  17  17  17  17  17  17  17  17  17  17  17  17  17
0401  17  17  17  17  17  17  17  17  17  17  17  17  17  17  17  17  17  17  17  17  17  17  17  17  17  17  17  17  17  17  17  17  17  17  17  17  18  17  17  17  18  18  18  18  18  18  17  17  17  17  17  17  17  18  17  17  18  18  18  18
0402  17  17  17  17  17  17  18  18  18  18  18  18  18  18  18  18  18  18  18  18  18  18  18  18  18  18  18  18  18  18  18  18  18  18  18  17  17  17  17  17  17  17  17  17  17  18  18  18  18  18  18  18  18  18  18  18  17  18  18  18
0403  18  18  18  18  18  18  18  18  18  18  18  18  18  18  18  18  18  18  18  19  18  18  18  18  19  18  19  19  19  19  19  19  19  19  19  19  19  19  19  19  19  19  19  19  19  19  19  19  19  19  19  19  19  19  19  19  19  19  19  19
0404  19  19  19  19  19  19  19  19  19  19  19  19  19  19  19  19  19  19  19  19  19  19  19  19  19  19  18  19  19  19  19  19  19  19  19  19  18  18  18  18  18  18  18  18  18  18  18  18  18  18  18  18  18  18  18  18  18  18  18  18
0405  18  18  18  18  18  18  18  18  18  18  18  18  18  18  18  18  18  18  18  18  18  18  18  18  18  18  18  18  18  18  18  18  18  18  18  18  18  18  18  18  18  18  18  18  18  18  18  18  18  18  18  18  18  18  18  18  18  18  18  18
0406  18  18  18  18  18  18  18  18  18  18  18  18  18  18  18  18  18  18  18  18  18  18  18  18  18  18  18  18  18  18  18  18  18  18  18  18  18  18  18  18  18  18  18  18  18  18  18  18  18  18  18  18  18  18  18  18  18  18  18  18
0407  18  18  18  19  18  19  19  19  19  19  18  18  18  18  19  18  19  18  19  19  19  19  19  19  19  19  19  19  19  19  19  19  18  19  19  19  19  19  18  18  18  18  18  18  18  18  18  18  18  18  18  18  18  18  18  18  18  18  18  18
0408  18  18  18  18  18  18  18  18  18  18  18  18  18  18  18  18  18  18  18  18  18  18  18  18  18  19  19  18  19  19  19  19  19  19  19  19  19  19  19  19  19  19  19  19  19  19  19  19  19  19  19  19  19  19  19  19  18  18  18  18
0409  18  19  18  19  19  18  18  19  19  19  19  19  19  19  19  19  19  19  19  19  19  19  19  19  19  19  19  19  19  19  19  19  19  19  19  19  19  19  19  19  19  19  19  19  19  19  19  19  19  19  19  19  19  19  19  19  19  20  20  20
0410  20  20  20  20  20  20  20  20  20  20  20  20  20  20  20  20  21  21  21  21  21  21  21  21  21  21  21  21  21  21  21  21  21  21  21  21  21  21  21  21  21  21  21  21  21  21  21  21  21  22  22  22  22  22  22  22  22  22  22  22
0411  22  22  22  23  23  23  23  23  23  23  23  23  23  23  23  23  24  24  24  24  24  24  24  24  24  24  25  24  24  24  25  25  25  25  25  25  25  25  25  26  26  26  25  25  25  25  25  25  25  25  25  25  26  26  26  26  26  26  26  26
0412  26  26  26  26  26  26  26  26  26  26  25  25  25  25  25  25  25  25  25  25  25  25  25  25  25  24  25  25  25  25  26  25  25  24  24  23  23  23  23  23  23  23  23  23  23  23  22  23  23  23  23  23  23  23  23  23  23  23  23  23
0413  23  23  23  23  23  23  23  23  23  23  23  23  23  23  23  24  23  23  23  23  23  24  24  24  24  24  24  24  24  24  24  24  24  24  24  25  24  24  24  24  24  24  24  24  24  24  24  24  24  24  24  24  23  23  24  23  23  23  23  23
0414  24  24  24  24  24  24  24  24  23  23  23  23  22  22  22  22  22  22  23  23  23  23  23  23  23  23  23  23  23  23  23  23  23  23  22  22  22  22  22  23  23  22  22  22  22  21  21  22  22  21  21  21  21  21  21  21  21  21  21  21
0415  21  21  21  21  21  21  21  21  21  21  21  21  22  22  22  22  22  22  22  22  22  22  22  23  23  23  23  22  22  22  22  22  22  22  22  22  22  22  23  23  23  23  23  23  23  23  23  22  22  22  22  22  21  21  21  21  21  21  21  21
0416  22  22  22  22  22  22  22  22  22  22  22  22  22  22  22  22  22  22  22  22  22  22  22  22  22  22  22  22  22  22  22  23  22  22  22  22  22  22  22  23  23  23  23  22  22  22  22  22  22  22  22  22  22  22  23  23  69  23  23  23
0417  23  23  23  23  23  23  24  24  24  24  24  24  24  24  24  24  24  24  25  25  24  24  24  25  25  25  24  25  25  25  25  25  25  25  25  25  25  25  25  25  25  26  26  26  26  26  26  26  26  27  27  27  27  27  27  27  27  27  27  27
0418  27  27  27  28  28  28  28  28  27  27  27  27  27  27  27  27  27  27  27  27  27  27  27  27  27  27  27  27  27  27  27  27  27  27  27  27  26  26  26  26  26  26  27  27  26  26  26  26  26  26  26  26  26  26  26  26  26  26  26  26
0419  26  26  26  25  25  25  25  25  25  24  24  24  24  24  24  24  24  24  24  23  23  23  23  23  23  23  23  23  23  23  23  23  23  23  23  23  23  23  23  23  23  23  23  23  23  23  23  24  23  24  24  24  24  24  24  24  24  24  24  24
0420  24  24  24  24  24  24  24  24  24  24  24  25  25  25  25  25  25  25  25  25  25  25  25  25  25  25  25  25  25  25  25  25  25  25  25  25  25  25  25  25  25  25  25  25  25  25  25  25  25  25  25  25  25  25  25  25  25  25  25  26
0421  26  26  26  26  26  26  26  26  26  26  25  53  26  26  26  26  27  27  27  27  27  27  27  27  27  27  27  27  28  27  27  28  28  28  28  28  28  28  28  28  28  28  28  28  28  28  28  29  28  29  28  29  29  28  29  29  29  29  29  29
0422  29  29  29  29  29  29  29  29  29  29  29  29  29  29  29  29  29  29  29  29  29  29  28  28  28  28  28  28  28  28  28  28  28  28  28  28  28  28  29  29  28  28  28  28  28  28  28  28  28  28  28  28  29  29  28  28  28  28  28  28
0423  28  28  28  28  28  28  28  28  28  28  28  28  28  28  28  28  28  28  28  28  28  28  28  28  28  28  28  28  28  28  28  28  28  28  28  28  28  28  28  28  28  28  28  28  28  28  28  27  27  27  27  27  27  26  26  26  26  26  26  26
0500  26  26  26  26  26  26  26  26  26  26  26  26  26  26  26  26  26  26  26  26  26  26  26  26  26  26  26  26  26  26  26  26  26  26  26  26  26  26  26  26  26  26  26  26  26  26  26  25  25  25  25  25  25  25  25  25  25  25  25  25
0501  25  25  25  24  24  24  24  24  24  24  24  24  24  24  24  24  24  24  24  24  23  23  23  23  23  23  41  23  23  23  23  23  23  23  23  23  23  23  23  22  22  22  22  22  22  22  22  22  22  22  22  22  22  22  22  23  23  23  23  23
0502  23  23  22  22  23  22  23  23  23  23  23  23  23  23  23  23  23  23  23  23  23  23  23  23  23  23  23  22  23  23  23  23  23  23  23  23  22  22  22  22  22  22  22  22  22  22  22  22  22  22  22  22  22  22  22  22  22  22  22  22
0503  22  22  22  22  22  22  22  22  22  22  22  22  22  22  22  22  22  22  22  22  22  22  22  22  22  22  22  21  21  21  21  21  21  21  21  21  21  21  21  21  21  21  20  20  20  20  20  20  20  20  20  20  20  21  21  21  21  21  21  21
0504  20  21  21  21  21  21  21  20  20  20  20  20  20  20  20  20  20  20  21  20  20  20  20  20  20  21  21  20  20  20  20  20  20  20  20  20  20  20  20  20  20  20  20  20  20  20  20  20  20  20  20  20  20  20  20  20  20  20  20  20
0505  20  20  20  20  20  20  20  20  20  20  20  20  20  20  20  20  20  20  20  20  20  20  20  20  20  20  20  20  20  20  20  20  20  20  20  19  19  19  19  19  19  39  19  20  20  20  19  19  19  19  19  19  19  19  19  19  19  19  19  19
0506  19  20  19  19  19  19  19  19  19  19  19  19  19  19  19  19  19  19  19  19  18  18  18  18  19  19  19  19  18  19  19  19  19  19  19  18  19  19  19  19  19  18  18  18  18  19  18  18  18  18  18  18  18  19  18  18  18  18  18  18
0507  18  18  18  18  18  18  18  18  17  17  17  18  17  18  18  18  18  17  17  17  17  18  18  17  18  18  18  17  17  17  17  17  18  18  18  18  18  18  18  18  18  18  18  18  18  18  18  18  18  18  18  18  18  18  18  18  18  18  18  18
0508  18  18  18  18  18  18  18  18  18  18  18  18  18  18  18  18  18  18  18  18  18  18  18  18  18  18  18  18  18  18  18  18  18  18  18  18  18  18  18  18  18  18  18  18  18  18  18  18  18  18  18  18  18  18  18  18  18  18  18  18
0509  18  18  18  18  18  18  18  18  18  18  18  17  18  17  18  17  18  18  18  18  18  18  18  18  18  18  18  18  18  18  18  18  18  18  18  18  18  19  19  19  19  19  19  19  19  19  19  19  19  19  19  19  19  18  18  18  40  18  18  19
0510  19  18  18  19  19  19  19  19  19  18  18  18  18  18  18  18  18  18  18  18  18  18  18  18  18  18  18  18  18  18  18  18  18  18  18  18  18  18  17  17  17  17  17  17  17  17  17  17  18  18  18  18  18  18  18  18  18  18  19  19
0511  18  18  18  19  19  19  19  19  19  20  20  20  21  21  21  22  22  22  23  23  22  23  23  23  23  24  24  23  24  23  23  23  23  23  23  23  23  23  24  24  24  24  24  24  24  24  24  24  24  23  24  24  24  25  25  25  26  26  26  26
0512  27  28  28  28  27  26  26  26  27  27  27  27  26  26  26  26  26  26  26  26  28  28  28  28  29  30  30  30  30  30  30  30  30  30  29  29  29  29  29  29  29  29  29  29  30  30  30  30  30  30  30  31  30  30  29  29  28  29  29  29
0513  29  29  29  28  29  29  29  29  30  30  30  30  30  30  31  32  32  31  31  31  31  30  31  31  32  31  31  31  30  30  31  31  31  31  31  31  31  31  31  30  30  30  30  31  30  30  31  31  31  31  31  32  32  32  31  32  32  32  32  32
0514  32  33  33  32  33  32  32  32  32  32  33  32  32  33  33  33  33  33  33  33  33  32  32  32  32  32  32  32  32  32  32  33  32  32  32  32  33  32  32  33  33  33  33  33  33  32  32  32  32  32  33  33  33  33  33  33  33  33  33  33
0515  33  33  33  33  33  33  33  33  33  32  32  32  32  32  32  32  32  32  32  32  32  32  32  32  32  32  32  32  32  32  32  31  31  31  31  31  31  31  30  30  29  28  28  28  28  28  28  28  28  28  28  28  28  28  29  29  29  29  30  30
0516  31  31  32  32  32  32  32  32  32  33  33  33  33  34  34  34  34  34  34  34  35  35  35  36  36  36  36  36  36  37  37  37  37  37  37  37  37  37  37  37  37  37  37  37  37  37  37  37  37  37  37  37  37  38  38  38  38  38  38  37
0517  37  37  37  37  37  37  37  37  37  37  37  37  37  37  37  36  36  37  37  37  37  37  37  36  37  37  37  37  37  37  37  37  37  37  37  37  37  37  37  37  37  37  37  37  37  37  37  37  38  38  38  38  38  38  38  38  38  39  38  39
0518  38  38  38  38  38  38  38  38  38  38  38  39  38  38  38  38  38  38  38  39  39  39  39  39  39  39  39  38  38  38  38  38  38  38  38  38  38  38  38  38  38  38  38  38  38  38  38  38  38  38  38  38  38  38  38  38  38  38  38  38
0519  38  38  38  38  38  37  37  37  37  37  37  37  37  38  38  37  37  37  38  37  37  37  37  37  37  37  37  37  37  37  37  36  36  36  36  36  36  36  36  36  36  36  36  36  36  36  36  36  36  36  36  36  36  36  35  35  35  35  35  35
0520  35  35  35  35  35  35  35  35  34  34  34  34  34  34  34  34  34  33  33  33  33  33  33  33  32  32  32  32  32  32  32  32  31  31  31  31  31  31  30  30  30  29  29  28  28  28  27  27  27  26  26  25  25  24  24  23  23  22  22  22
0521  21  21  21  21  20  20  20  20  20  19  19  19  19  19  19  19  19  18  18  18  18  18  18  19  19  19  18  19  19  19  19  19  19  19  20  20  20  20  21  21  21  21  21  21  21  21  21  21  21  21  21  22  22  22  22  22  23  23  23  23
0522  23  23  23  23  23  24  24  24  24  24  24  24  24  24  25  25  24  24  24  25  25  25  25  25  25  25  25  25  25  25  25  25  25  25  26  26  26  26  26  26  26  26  26  27  27  26  26  26  26  26  26  26  26  26  26  26  26  26  26  26
0523  26  26  26  26  26  26  27  27  27  28  28  28  28  28  29  29  29  29  29  29  29  29  29  28  28  28  28  27  27  27  27  27  27  26  26  26  26  26  26  26  25  25  25  25  25  25  25  25  24  24  24  25  25  24  24  24  24  41  24  24
0600  24  23  23  23  22  22  22  22  21  21  21  21  21  20  21  20  20  20  20  20  20  20  20  20  19  18  17  16  16  15  15  15  15  14  14  14  13  13  12  12  12  11  11  11  10  10  10  10  10  10  10   9   9   8   8   8   7   7   6   6
0601   6   6   5   5   5   5   5   5   5   5   5   5   4   3   3   3   3   3   3   3   3   2   2   2   1   1   2   2   2   2   2   2   2   1   1   0   0  -1  -1  -2  -2  -2  -2  -2  -2  -2  -2  -2  -2  -2  -2  -2  -1  -1  -1  -1  -1  -1  -2  -2
0602  -2  -3  -3  -4  -4  -5  -5  -5  -6  -5  -5  -5  -5  -6  -6  -6  -5  -5  -6  -6  -6  -6  -7  -7  -7  -7  -7  -7  -7  -7  -7  -7  -7  -7  -8  -8  -8  -8  -8  -8  -8  -8  -8  -8  -8  -8  -8  -8  -8  -7  -8  -8  -8  -8  -8  -8  -8  -7  -7  -8
0603  -8  -8  -8  -8  -8  -8  -9  -9  -9  -9  -9  -9  -9  -9  -9  -8  -7  -7  -7  -7  -7  -8  -8  -7  -7  -7  -8  -8  -8  -8  -7  -8  -8  -8  -8  -8  -8  -8  -8  -8  -8  -8  -9  -9  -9  -9 -10 -10 -11 -11 -11 -11 -11 -11 -11 -11 -10 -10 -10  -9
0604  -9  -9  -9  -9 -10  -9 -10 -10 -10 -10 -11 -11  42 -11 -10 -10 -10 -10 -10 -10 -10 -10 -11 -11 -11 -12 -12 -12 -12 -12 -11 -11 -11 -11 -11 -11 -11 -11 -12 -12 -11 -11 -11 -11 -11 -11 -11 -11 -12 -12 -12 -12 -12 -13 -13 -13 -14 -14 -14 -14
0605 -14 -13 -12 -12 -11 -11 -11 -11 -11 -11 -12 -12 -12 -13 -13 -14 -14 -14 -14 -14 -15 -14 -14 -14 -14 -15 -15 -15 -15 -15 -13 -13 -12 -12 -11 -11 -11 -11 -11 -11 -11 -11 -11 -11 -11 -11 -11 -11 -11 -11 -11 -11 -11 -11 -11 -11 -11 -11 -11 -11
0606 -11 -11 -10 -10 -11 -11 -11 -11 -11 -11 -11 -11 -11 -11 -11 -11 -10 -10 -11 -11 -11 -11 -10 -11 -10 -11 -11 -11 -11 -11 -11 -11 -11 -11 -12 -12 -12 -12 -12 -12 -12 -12 -12 -13 -13 -13 -13 -13 -13 -13 -13 -13 -13 -13 -13 -13 -13 -13 -13 -13
0607 -13 -12 -12 -12 -12 -12 -12 -11 -11 -11 -11 -11 -11 -11 -11 -10 -10 -10 -10 -10 -10 -10 -10 -10 -11 -11 -11 -11 -11 -11 -11 -11 -11 -11 -11 -10 -10 -10 -10 -10 -10 -10 -10 -10 -10 -10 -10 -10 -10 -10 -10 -10 -10 -10 -10 -10 -10 -10 -10 -10
0608 -10 -10 -10 -10 -11 -11 -11 -11 -11 -11 -11 -11 -11 -11 -11 -11 -11 -11 -11 -11 -11 -11 -11 -11 -10 -10 -10 -10 -10 -10 -10 -10 -10  -9  -9 -10 -10 -10 -10  -9  -9  -9  -9  -9  -9  -8  -8  -8  -8  -8  -8  -8  -8  -8  -8  -8  -8  -8  -8  -8
0609  -8  -8  -8  -8  -8  -8  -8  -8  -8  -8  -7  -7  -7  -7  -7  -7  -7  -7  -7  -7  -7  -7  -7  -7  -7  -7  -6  -6  -6  -6  -6  -6  -6  -6  -6  -6  -5  -5  -5  -5  -5  -5  -5  -5  -5  -5  -5  -5  -5  -5  -5  -5  -5  -4  -4  -4  -4  -4  -4  -4
0610  -4  -4  -4  -4  -4  -5  -5  -5  -4  -4  -4  -5  -5  -4  -4  -4  -4  -4  -3  -3  -3  -3  -3  -3  -3  -3  -3  -3  -3  -3  -3  -3  -3  -3  -2  -3  -3  -3  -3  -3  -3  -3  -3  -3  -3  -2  -2  -2  -1  -1  -1  -1  -1  -1   0   0   0  -1  -1  -1
0611  -1   0   0   0   1   1   1   1   1   1   1   1   0   0  -1  -1  -1  -1  -1  -2  -2  -3  -3  -3  -2  -1  -1  -1  -2  -2  -2  -1  -1  -2  -2  -1   0   0   1   1   2   2   1   1   1   1   1   1   1   2   2   2   1   1   2   2   3   3   2   3
0612   3   3   3   3   3   4   4   4   4   4   4   5   6   6   6   5   5   6   6   7   7   7   8   7   7   8   8   8   9  11  11  11  11  12  13  14  14  14  15  14  14  15  16  16  18  19  21  22  23  24  24  25  24  23  22  25  26  26  27  28
0613  29  29  30  30  30  29  30  30  30  31  31  32  32  32  31  32  34  35  37  39  39  38  38  39  39  38  37  39  40  39  39  40  39  42  43  43  43  45  45  45  46  46  47  48  49  49  51  51  52  52  52  53  52  52  52  53  54  54  54  54
0614  55  56  56  55  55  54  56  56  56  56  54  52  52  53  53  52  52  53  53  53  53  52  52  53  54  54  56  58  58  59  59  59  60  61  61  61  61  61  61  63  63  60  58  58  58  58  59  60  62  63  62  60  60  60  60  59  57  56  57  59
0615  60  62  61  61  61  60  60  60  59  59  60  60  60  61  61  61  61  60  60  61  60  61  63  64  64  64  63  62  60  60  59  60  61  61  62  62  61  61  61  60  59  59  59  60  60  60  60  59  59  59  59  58  58  59  59  59  59  59  59  60
0616  60  60  59  59  59  59  59  59  58  58  58  57  57  58  58  58  58  57  57  57  57  57  58  58  58  58  58  58  58  58  58  57  56  55  55  55  55  54  54  55  55  55  55  55  55  56  56  56  56  56  56  56  56  56  56  56  56  57  57  57
0617  57  58  58  58  58  58  58  58  58  59  59  59  59  59  59  58  58  57  56  56  55  54  53  52  51  51  50  49  48  48  47  46  45  44  43  43  42  41  41  40  40  40  40  39  39  39  39  38  39  38  38  38  38  38  38  38  38  38  38  38
0618  38  39  39  39  39  39  40  40  39  40  40  40  40  40  40  41  41  41  41  41  41  42  42  42  42  42  42  42  42  42  42  43  43  43  43  43  43  43  43  43  44  44  44  44  44  44  44  44  44  44  45  44  45  44  45  45  44  44  44  44
0619  44  44  44  44  44  44  43  43  43  43  43  43  43  43  43  43  42  42  41  41  40  40  39  39  38  38  38  38  38  38  37  37  38  39  39  39  39  39  39  39  39  39  39  39  39  39  39  39  39  39  39  39  39  39  39  39  39  39  39  38
0620  38  38  38  37  37  37  37  37  36  36  36  36  36  36  36  36  35  35  35  34  34  34  34  33  33  33  33  33  33  33  33  33  33  33  33  33  33  33  33  33  33  33  33  33  33  33  33  32  32  32  32  32  32  32  32  32  32  32  32  32
0621  32  32  32  32  32  32  32  32  32  32  31  31  31  31  31  30  31  31  31  31  31  31  31  31  31  31  31  31  31  31  31  31  31  31  31  31  31  31  31  31  31  31  31  31  31  32  32  31  32  32  32  32  32  32  32  32  32  32  32  31
0622  31  31  31  30  30  30  30  30  30  30  29  29  29  28  28  28  27  27  27  26  26  25  25  25  25  25  25  25  24  24  23  22  22  21  21  21  21  21  21  20  20  19  19  19  19  19  18  18  17  17  17  17  17  16  16  16  15  15  15  14
0623  14  14  14  13  13  13  13  13  13  12  12  12  12  12  12  12  12  12  12  11  11  12  11  11  11  11  11  11  12  13  13  13  13  13  13  13  12  11  11  11  10  10  10  10  10  10   9   9   9   9   9   9   9  10  10   9   9   9   9   9
0700   8   8   8   7   7   7   7   7   8   8   9   9   9   9   9   9   9   9   8   8   8   7   7   6   6   5   4   4   3   3   3   3   3   2   2   2   2   2   1   1   1   1   1   1   1   1   1   1   1   1   1   1   1   1   0   0   0   0  -1  -1
0701  -1  -1  -2  -2  -2  -2  -2  -2  -3  -3  -2  -2  -2  -2  -3  -3  -3  -3  -3  -4  -4  -4  -4  -4  -4  -5  -5  -4  -4  -4  -5  -5  -5  -5  -5  -5  -6  -6  -6  -6  -6  -6  -7  -7  -7  -6  -6  -6  -6  -5  -5  -5  -5  -5  -5  -5  -6  -6  -60043
0702  -6  -6  -7  -7  -7  -7  -7  -6  -5  -5  -5  -5  -5  -5  -5  -4  -4  -3  -2  -1  -1  -1  -1  -1   0   0   0   0   1   1   2   2   3   3   3   3   3   3   3   3   3   3   3   2   2   2   2   2   2   2   2   1   1   0   0   0   0   0  -1   0
0703   0   0   0   0   1   1   3   3   4   3   3   2   2   3   4   4   4   4   5  880201   0020102010201  88  88  190201  880201////////0201////  010201  88  88  88  -4 -080201  03////////////02010201////  88  88////   0  10  10  10  100201   0
0704  10  10  10  10  10  11  11  11  10  10  10   9  10  10   9   9   9   9   9   9   9   9   9   8   8   8   7   7   6   6   6   6   6   7   7   7   6   5   5   503400301//// -160301  87  870347  87////////  870301  8703010334  87 503  870357
0705  -6  -6  -6  -7  -7  -7  -8  -7  -8  -8  -8  -8  -9  -8  -8  -8  -8  -8  -7  -8  -9  -9 -10 -10 -10 -11 -11 -11 -12 -12 -12 -12 -12 -12 -12 -11 -11 -12 -11 -11 -10  -9  -8  -8  -8  -7  -8  -8  -8  -8  -8  -8  -8  -8  -9  -9  -9  -9  -7  -7
0706  -5  -5  -5  -5  -4  -4  -4  -4  -4  -4  -4  -4  -5  -5  -5  -5  -5  -5  -5  -5  -5  -5  -6  -6  -6  -6  -6  -5  -6  -5  -5  -6  -6  -6  -6  -6  -6  -6  -6  -6  -6  -6  -6  -7  -7  -7  -7  -7  -7  -7  -7  -7  -7  -7  -7  -7  -7  -7  -7  -7
0707  -7  -7  -7  -7  -7  -7  -7  -7  -7  -7  -7  -7  -7  -7  -7  -7  -7  -7  -7  -7  -7  -7  -7  -7  -6  -6  -6  -6  -5  -5  -5  -5  -5  -5  -5  -5  -5  -5  -4  -4  -4  -4  -4  -4  -4  -4  -4  -4  -4  -3  -3  -3  -3  -3  -3  -3  -4  -4  -4  -4
0708  -4  -4  -4  -4  -4  -4  -4  -4  -4  -4  -4  -4  -4  -4  -4  -4  -4  -5  -5  -5  -5  -5  -4  -4  -4  -4  -4  -4  -4  -5  -5  -5  -5  -4  -5  -5  -5  -5  -5  -5  -5  -5  -5  -5  -5  -5  -5  -5  -5  -5  -5  -5  -5  -5  -5  -5  -5  -5  -5  -5
0709  -5  -5  -4  -4  -4  -4  -4  -4  -4  -4  -4  -4  -4  -4  -4  -4  -3  -3  -3  -3  -3  -3  -3  -3  -3  -3  -3  -3  -3  -3  -3  -2  -2  -2  -2  -2  -2  -2  -2  -2  -3  -2  -2  -2  -2  -2  -2  -2  -2  -2  -2  -2  -2  -2  -2  -2  -2  -2  -2  -2
0710  -2  -1  -2  -1  -1  -1  -1  -1  -1  -1  -1  -1  -1  -1  -1  -1  -2  -2  -2  -3  -3  -3  -2  -2  -2  -2  -2  -2  -2  -2  -2  -1  -1  -1  -1  -1  -1  -1  -1  -1   0   0   0   1   0  -1  -1  -2  -3  -3  -2  -2  -2  -2  -2  -2  -2  -2  -2  -3
0711  -3  -3  -4  -4  -3  -3  -3  -3  -3  -3  -3  -3  -3  -3  -2  -2  -2  -1  -1  -1  -1  -1  -1   0   0   0   1   1   1   1   1   2   2   2   2   2   2   2   2   3   3   4   4   4   5   4   4   4   5   5   5   5   6   6   6   6   7   8   9   8
0712   6   5   5   5   5   5   6   7   6   6   7   7   8   8   8   7   7   7   7   7   8   8   9   9   8   8   9  10  10  11  12  12  11  11  10  11  11  12  12  13  14  14  14  14  14  14  13  13  13  13  14  15  15  15  16  16  17  15  15  15
0713  17  17  19  19  20  21  21  20  20  21  21  21  21  20  20  21  21  21  21  22  22  24  24  24  24  26  26  27  27  28  30  31  32  33  35  35  35  34  35  35  34  33  32  32  32  32  33  35  36  38  38  38  38  39  39  40  39  39  39  40
0714  41  40  40  41  43  43  43  44  46  47  47  46  46  46  47  48  48  48  47  47  48  50  50  50  51  51  50  50  50  51  54  54  53  53  53  53  54  57  57  55  54  53  54  55  56  55  56  56  56  55  55  55  56  57  57  57  59  59  60  60
0715  60  60  60  60  59  60  59  59  60  61  61  60  61  61  62  63  64  64  64  64  64  64  63  64  64  64  65  66  69  69  69  71  70  69  68  67  65  64  64  65  68  69  69  69  70  71  72  73  75  75  73  73  72  72  72  72  72  73  74  74
0716  74  75  75  74  74  75  76  74  74  74  74  74  74  76  77  78  79  78  77  76  76  77  77  76  76  76  76  77  77  77  76  77  77  79  79  79  79  79  76  75  75  75  75  75  76  75  74  73  74  76  76  74  74  73  73  73  74  75  76  77
0717  77  79  78  79  79  79  79  79  79  80  80  79  78  77  77  77  76  76  76  77  76  76  76  76  76  76  76  76  76////  76  76  76  75  75  77  77  77  77  76  76  76  76  76  76  76  76  75  76  76  76  76  76  77  77  77  76  75  75  75
0718  75  75  75  75  75  75  75  74  74  74  74  74  74  74  74  74  73  73  73  73  72  72  72  72  72  72  72  71  71  70  69  69  69  68  67  67  66  66  65  65  65  64  64  64  64  63  63  63  62  62  62  61  61  60  60  59  58  58  57  57
0719  57  56  56  55  55  54  54  54  53  53  52  52  51  51  50  50  50  50  50  49  49  49  49  49  48  48  47  47  46  46  45  45  45  44  44  44  44  45  45  45  46  46  47  47  47  46  45  45  44  44  43  43  42  41  41  41  41  40  40  39
0720  39  39  38  38  38  37  37  37  38  38  38  38  38  39  39  39  39  39  38  38  39  39  39  39  39  40  40  40  41  41  42  42  42  43  43  43  43  43  42  42  43  42  43  43  44  44  44  44  45  45  44  44  44  44  43  43  42  42  42  42
0721  42  41  41  40  39  39  38  38  38  38  38  37  37  37  36  35  35  35  35  34  33  32  32  32  32  31  31  31  30  30  29  29  28  28  27  27  27  26  26  26  25  25  24  24////  23  23  23  23  23  23  23  23  23  23  23  23  23  23  22
0722  22  22  21  21  21  21  21  21  21  21  20  20  20  21  20  21  20  20  20  19  19  19  19  20  20  20  20  20  20  20  20  20  20  20  20  20  20  19  19  19  19  18  18  18  18  17  17  17  17  17  17  16  16  16  15  15  14  14  14  14
0723  14  14  14  14  14  13  13  13  13  12  12  12  12  11  11  11  11  10  10  10  10   9   9   9   9   9   9   9   9   9   9   9   8   8   9   9   9   9   9   9   9   9   9   9   9   9   8   8   8   8   7   7   7   7   7   8   8   9   8   8
0800   7   7   7   7   7   8   8   9   9  10   9   8   8   7   6   6   5   5   5   5   4   3   3   2   2   2   1   1   2   2   2   2   3   3   4   4   3   3   3   4   4   4   3   3   3   3   2   2   2   2   2   1   1   1   0   0   0   0   0   1
0801   1   2   2   2   2   2   2   1   1   1   1   1   1   1   1   1   1   1   1   1   1   1   1   0   0   0   0   0  -1  -1  -1  -2  -2  -2  -2  -2  -2  -3  -3  -3  -3  -3  -3  -3  -3  -4  -3  -4  -4  -3  -3  -3  -3  -2  -2  -2  -1  -1  -1  45
0802  -2  -2  -3  -3  -4  -4  -4  -3  -2  -1  -2  -2  -2  -3  -3  -4  -4  -4  -3  -2  -1   0   0   0   0  -1  -1  -1  -1  -1  -1  -1  -1  -1  -1  -1  -1   0   0   0   0   1   1   1   1   1   1   1   1   1   1   1   1   1   1   0   0   0   0   0
0803   0  -1  -1  -1   0   1   1   1   2   1   1   1   1   1   1   1   1   0   0   0   0   0   0   0   0   0  -1  -1  -1  -1  -1  -1  -2  -2  -2  -2  -3  -3  -3  -3  -3  -3  -2  -2  -2  -2  -2  -1  -1  -1   0   0   0   0  -1  -1  -2  -2  -2  -2
0804  -2  -2  -1  -1  -1  -1  -1  -1  -1  -2  -3  -3  -3  -3  -3  -2  -2  -3  -3  -4  -3  -3  -2  -2  -2  -1  -1  -1  -2  -3  -3  -4  -4  -5  -5  -5  -5  -4  -4  -5  -5  -5  -6  -6  -6  -6  -6  -6  -6  -6  -7  -6  -7  -7  -7  -7  -8  -8  -8  -8
0805  -9  -9  -8  -8  -7  -6  -6  -5  -5  -5  -5  -5  -5  -5  -5  -5  -5  -5  -5  -5  -5  -5  -5  -6  -6  -6  -6  -6  -6  -7  -7  -7  -8  -8  -8  -9  -9  -9 -10 -10 -10 -10 -10 -10 -10 -10 -10 -10  -9  -9  -9  -9  -9  -9 -10 -10 -11 -11 -11 -10
0806 -10 -10 -11 -11 -11 -11 -10 -10 -10 -10 -10 -10 -10 -11  41 -11 -11 -11 -11 -11 -11 -11 -11 -11 -10 -10 -10 -10 -10 -10 -11 -11 -11 -11 -10 -10 -10 -10 -10 -10 -10 -11 -11 -11 -11 -12 -12 -12 -13 -13 -13 -13 -13 -13 -13 -14 -13 -13 -13 -12
0807 -12 -12 -12 -12 -12 -13 -13 -14 -14 -14 -13 -13 -12 -12 -11 -11 -11 -11 -12 -11 -12 -13 -13 -13 -12 -11 -11 -12 -12 -12 -13 -13 -13 -12 -12 -11 -11 -12 -12 -11 -11 -10 -10 -10 -10 -10 -11 -11 -11 -11 -12 -12 -12 -13 -13 -13 -13 -13 -13 -13
0808 -13 -13 -13 -13 -13 -13 -12 -13 -13 -13 -12 -12 -12 -11 -11 -11 -11 -11 -11 -11 -10 -10 -10 -10  -9  -9  -9  -8  -8  -8  -8  -8  -7  -7  -6  -5  -5  -5  -5  -5  -5  -5  -5  -4  -4  -4  -3  -4  -4  -3  -3  -3  -3  -3  -2  -3  -3  -3  -3  -3
0809  -3  -3  -3  -2  -2  -3  -3  -2  -2  -1  -1  -1  -1  -1  -1  -1  -1  -1   0   0   0   0   1   1   1   1   2   2   2   2   2   2   2   2   3   3   3   3   3   4   4   4   4   4   4   4   4   5   5   5   5   5   6   6   7   7   7   7   8   8
0810   9   9   9  10  10  10  11  11  11  11  11  11  12  13  14  14  14  15  16  16  17  18  18  19  19  20  20  21  22  22  23  23  23  23  24  24  25  25  25  26  26  26  26  25  26  26  26  26  26  26  26  26  26  27  27  27  27  27  27  27
0811  27  28  28  29  28  29  29  30  31  31  31  31  32  32  32  32  32  33  33  33  33  34  33  33  34  34  35  35  35  36  37  37  37  37  37  37  37  38  39  39  39  39  39  39  40  41  42  42  43  43  44  43  43  43  44  44  45  46  46  45
0812  45  46  46  47  47  47  47  48  48  48  48  49  50  50  50  51  51  51  51  50  50  51  51  51  51  52  52  52  52  52  53  53  54  54  55  55  55  55  56  57  57  57  57  58  58  59  59  58  57  57  58  58  58  59  60  59  59  59  59  60
0813  60  62  62  62  61  61  61  62  63  64  65  65  64  64  65  67  67  68  68  68  68  69  68  68  68  68  68  68  68  68  69  70  71  71  71  70  71  72  75  76  74  74  73  74  73  73  73  75  76  76  76  76  76  76  76  75  75  75  75  75
0814  75  74  75  77  76  77  78  78  79  79  78  78  78  77  77  77  78  79  80  81  81  81  80  80  81  81  82  82  81  81  80  80  80  81  81  80  79  78  77  77  77  77  78  79  80  80  80  82  83  83  83  82  80  79  79  80  82  83  82  82
0815  81  80  81  82  82  82  82  84  84  84  84  83  83  83  85  87  87  88  89  87  86  85  84  84  84  83  82  81  81  81  81  82  83  83  84  85  86  87  88  88  86  86  86  85  86  86  87  88  88  87  87  88  88  87  86  86  86  87  87  87
0816  86  85  85  85  85  85  85  86  87  87  88  87  86  86  86  86  86  87  87  87  86  87  88  88  88  89  88  86  85  85  85  86  86  86  86  86  86  87  87  88  89  90  89  88  87  87  86  86  86  86  87  88  88  88  88  88  88  87  87  88
0817  89  89  89  90  90  90  90  89  90  90  90  90  90  88  86  87  88  88  88  87  86  86  86  86  86  85  86  86  86  85  85  85  85  85  86  86  86  86  85  85  85  85  86  85  86  85  85  85  85  85  85  85  85  86  86  86  86  87  87  86
0818  86  86  86  85  85  84  84  84  83  83  83  83  83  82  82  82  82  83  83  83  83  83  83  83  83  83  83  83  82  81  81  80  80  79  78  77  76  75  74  73  72  71  71  70  69  68  67  67  66  65  65  64  63  63  62  61  61  60  59  59
0819  58  58  57  56  56  55  54  53  53  52  51  51  50  49  48  47  46  45  45  44  44  43  43  42  42  41  41  41  40  40  39  39  39  39  39  39  38  38  37  37  37  37  36  36  36  35  35  35  34  34  34  33  33  32  32  32  32  32  32  32
0820  31  31  31  30  30  30  30  30  30  29  29  29  29  29  29  29  30  30  30  30  30  30  30  31  31  31  31  31  31  32  32  32  32  32  33  33  33  33  34  35  35  36  36  36  38  42  46  47  46  46  46  46  46  46  46  46  46  45  45  45
0821  45  45  44  44  44  44  44  45  45  45  45  45  45  45  45  45  45  45  45  45  45  45  45  45  45  45  45  45  45  45  45  45  45  45  45  45  45  45  45  45  45  45  44  44  44  44  44  45  45  45  46  47  47  48  48  48  48  48  48  48
0822  48  48  48  48  48  48  48  48  48  48  47  47  47  47  47  46  46  46  45  45  45  44  44  44  43  43  43  43  43  43  43  43  42  42  42  42  42  42  42  42  42  41  41  41  41  41  41  41  41  40  40  40  40  40  41  41  41  41  41  41
0823  41  41  40  40  40  40  41  41  41  41  41  41  40  40  40  40  40  40  41  40  40  40  40  40  40  40  40  40  40  40  39  39  39  39  39  39  39  39  39  39  39  39  39  39  40  40  40  40  41  41  41  41  41  41  40  40  40  40  40  40
0900  40  40  40  40  39  39  39  39  39  39  39  39  39  39  39  38  38  38  38  38  38  38  38  38  38  38  38  38  38  38  38  37  37  37  37  37  37  37  37  37  37  37  37  37  37  37  37  37  37  37  38  38  38  38  38  38  38  38  38  37
0901  37  37  37  37  37  37  37  38  38  38  38  38  37  37  37  37  37  37  37  37  38  38  38  38  38  38  38  38  38  38  38  38  38  38  38  38  38  38  37  37  36  36  36  36  35  35  35  36  36  36  37  37  37  37  37  36  36  36  36  36
0902  36  36  36  37  37  37  37  37  37  37  37  37  37  37  37  38  38  38  38  38  38  38  37  38  38  38  38  38  38  39  39  39  39  39  39  39  40  40  40  41  41  41  41  40  40  40  40  40  39  40  40  41  41  41  41  41  41  40  40  40
0903  40  39  40  40  40  40  41  41  41  41  41  41  41  41  40  40  40  40  40  40  39  39  39  38  38  37  37  36  36  36  35  35  35  35  35  34  34  34  34  33  33  32  32  32  32  32  32  32  31  31  30  30  29  28  28  27  27  26  26  26
0904  26  25  24  24  24  23  23  23  23  22  22  22  21  21  21  21  20  20  20  20  19  19  19  18  18  17  18  18  17  17  17  17  16  16  15  15  14  14  13  12  12  12  12  12  11  11  11  10  10  10  10  10   9   9   9  10  10  10  10  10
0905   9   9   9   9   9   9   8   8   8   8   8   8   8   8   8   8   8   8   8   8   8   8   8   7   7   8   8   9   9   9   8   7   7   7   7   7   7   8   8   8   8   8  10  10  10  10   9   9   8   8   7   7   6   6   6   7   7   6   5   5
0906   5   5   5   5   5   4   4   4   4   4   4   3   2   2   2   1   1   1   1   1   1   1   0   0   0   0   0   0   0   0   1   1   2   2   2   2   1   1   1   1   1   0   0   0   0   0   0   0   0  -1  -1  -2  -2  -3  -3  -3  -4  -4  -4  -4
0907  -5  -5  -5  -5  -5  -5  -5  -6  -6  -6  -6  -6  -6  -6  -5  -5  -4  -4  -4  -4  -4  -5  -5  -5  -5  -5  -5  -5  -5  -5  -6  -6  -6  -6  -6  -6  -6  -6  -6  -7  -7  -7  -7  -7  -7  -7  -7  -7  -6  -6  -6  -5  -4  -4  -3  -4  -4  -4  -4  -5
0908  -5  -5  -5  -5  -5  -4  -3  -3  -3  -4  -4  -4  -5  -5  -6  -6  -7  -7  -7  -8  -8  -8  -7  -7  -7  -7  -7  -7  -7  -8  -7  -7  -7  -7  -7  -8  -8  -8  -8  -8  -8  -8  -7  -7  -7  -8  -8  -8  -9  -9  -9  -9  -8  -8  -7  -7  -6  -6  -7  -7
0909  -7  -7  -6  -6  -6  -6  -7  -7  -6  -7  -7  -7  -7  -6  -6  -6  -6  -6  -7  -7  -7  -6  -6  -5  -4  -4  -4  -5  -5  -5  -5  -5  -5  -5  -5  -5  -5  -4  -4  -4  -4  -4  -4  -3  -3  -3  -3  -3  -3  -3  -2  -2  -2   0   1   2   3   3   3   3
0910   3   3   3   3   4   5   6   7   7   7   8   8   9  10  10  11  12  13  13  13  13  13  13  14  14  14  15  15  16  16  16  17  17  17  18  18  18  19  19  19  20  20  21  21  22  22  23  23  24  25  25  26  26  26  27  27  28  29  29  29
0911  29  30  30  31  31  31  32  32  32  33  34  34  34  35  35  37  37  37  37  37  37  37  38  38  39  40  40  40  40  41  41  42  42  43  45  45  46  46  48  48  48  48  49  49  50  50  51  52  51  52  53  54  54  54  55  56  56  57  57  57
0912  58  58  58  59  59  60  61  61  61  61  61  61  62  62  62  62  62  62  63  63  63  64  64  64  65  66  67  69  68  67  68  68  69  70  70  70  69  69  68  68  67  67  67  67  67  68  68  69  70  70  70  69  68  68  69  69  69  70  70  70
0913  71  70  70  70  71  72  72  71  71  71  71  72  72  72  72  73  73  74  75  74  74  74  74  75  75  76  77  77  79  79  78  79  80  80  80  80  79  79  79  79  79  79  80  81  81  82  83  82  83  83  83  82  82  83  83  83  84  85  85  86
0914  85  85  86  88  88  88  88  88  89  89  88  88  86  85  85  86  86  87  88  89  88  87  87  87  88  89  90  90  90  90  90  89  89  88  88  89  90  88  89  89  88  89  90  90  90  88  88  89  91  93  93  92  93  95  96  94  92  91  89  88
0915  90  89  88  88  87  86  86  86  87  88  89  91  92  93  93  93  93  91  92  90  88  87  87  87  88  88  89  90  88  88  88  89  90  91  92  92  92  92  91  90  91  92  92  92  93  94  95  94  94  94  95  96  96  97  97  96  96  95  94  94
0916  93  93  94  93  92  91  90  90  90  90  90  91  92  94  95  95  95  95  95  96  97  99  98  98  97  96  96  96  96  96  96  96  95  94  95  95  96  96  96  97  97  97  96  96  95  95  95  95  95  95  95  95  94  93  92  92  92  92  91  92
0917  93  93  94  95  96  96  97  97  96  96  96  95  95  96  95  96  96  96  97  96  96  95  95  93  92  92  92  92  93  92  92  92  93  93  93  93  94  94  93  93  94  94  93  93  93  93  93  93  92  92  92  92  92  92  91  91  91  91  91  91
0918  90  90  90  90  90  90  90  90  89  89  89  89  89  88  88  88  88  88  88  88  87  87  87  87  86  86  86  86  86  85  85  84  84  84  84  84  84  84  83  83  83  83  83  83  83  83  82  82  82  81  81  81  81  81  81  80  80  80  80  80
0919  80  80  80  80  80  79  80  79  79  80  79  79  79  79  78  78  77  77  77  76  76  76  76  77  76  76  75  75  75  75  74  63  74  75  75  74  74  73  73  73  74  74  73  73  72  71  71  70  69  69  68  67  65  64  62  61  60  59  58  56
0920  55  54  53  52  51  50  49  48  47  46  46  45  44  44  43  43  42  41  41  40  39  39  38  38  37  36  36  36  36  35  35  34  34  33  33  32  31  31  31  30  30  29  29  29  28  28  28  28  28  28  27  27  26  27  27  26  26  26  26  26
0921  26  26  26  26  26  26  26  26  27  27  27  28  28  28  27  27  27  26  26  26  26  25  26  26  26  26  26  27  27  27  27  27  27  28  27  27  27  27  27  26  26  26  26  26  26  26  25  25  25  25  25  25  25  25  24  24  24  24  24  23
0922  23  23  23  23  23  23  23  23  23  22  22  22  22  22  22  22  22  22  22  22  22  23  23  24  24  25  25  25  25  25  25  25  25  26  26  26  26  26  26  26  26  26  26  26  26  27  27  27  27  27  28  28  27  27  27  27  27  27  27  28
0923  28  28  29  29  29  30  30  30  30  31  31  31  32  32  32  32  32  32  33  32  33  33  33  33  33  33  33  34  34  34  35  36  37  37  38  38  38  39  39  39  40  40  40  41  41  41  58  41  41  41  41  41  41  42  42  43  44  44  45  46
1000  46  46  46  46  46  46  45  45  45  45  45  45  46  46  45  45  45  45  45  45  45  45  44  44  44  44  44  44  44  44  44  44  44  45  45  45  44  44  44  44  44  44  44  44  44  44  44  44  44  44  44  44  43  43  43  43  43  42  42  42
1001  42  42  42  42  42  42  42  42  42  41  41  42  41  41  41  41  41  42  42  42  42  42  43  43  43  43  43  43  43  42  42  42  42  42  42  42  41  41  41  41  41  41  42  42  42  43  43  43  43  43  43  43  42  42  42  42  42  42  42  42
1002  43  43  43  43  43  44  44  44  44  44  45  45  45  45  45  45  45  45  45  45  45  45  45  45  45  45  45  44  44  44  45  45  45  45  45  45  45  45  45  44  44  44  44  44  44  44  44  44  44  44  44  44  44  44  45  45  45  45  45  45
1003  45  45  45  45  44  44  44  44  44  44  44  44  44  44  44  44  44  44  44  44  44  45  45  46  46  46  45  45  45  45  45  45  45  44  44  44  44  44  44  44  44  45  45  45  45  44  44  43  43  43  42  42  42  42  43  43  43  43  43  43
1004  43  58  42  42  42  42  42  42  42  42  42  42  42  42  42  42  41  41  41  41  42  41  41  41  41  41  41  41  41  41  40  40  40  40  40  40  40  40  40  40  40  40  40  40  40  40  39  39  39  39  39  39  39  39  39  39  39  39  39  39
1005  39  39  39  39  39  39  39  39  39  39  39  39  39  39  39  39  39  39  39  39  39  38  38  38  38  38  38  38  38  38  37  38  37  37  37  37  37  36  36  36  35  35  35  35  35  34  34  34  34  34  34  34  34  34  34  34  34  34  33  34
1006  34  34  34  34  35  35  35  35  35  35  35  35  35  35  35  35  35  35  35  35  35  35  36  36  36  36  36  37  37  38  38  39  39  39  39  39  39  40  40  41  41  41  41  41  42  42  43  44  45  45  46  46  46  46  47  47  47  47  47  47
1007  46  46  46  46  46  45  45  45  45  45  45  45  45  44  44  44  44  43  43   20619  74////0619  76  74  760601////0601 920////  220628////  740628  76   3  76  761005  740601////////   1060106280649////////  720651////////  73   8  73////
1008  46  45  45  45  44  44  44  43  43  43  42  42  42  42  42  42   1  42  42  42  42  42  42  41  41  41  41  41  40  40  40  40  40  40  40  40  40  40  40  40  40  74////0701  79  79  30   3  74////////  40  40  40  40  40  40  40  40  40
1009  40  40  40  40  40  40  40  40  40  40  40  40  40  40  40  40  40  40  40  40  40  40  40  40  40  40  40  40  40  40  40  40  40  40  40  40  41  41  41  41  41  41  41  41  41  41  41  41  42  42  42  42  42  42  42  42  42  42  43  43
1010  43  43  43  43  43  44  44  44  44  44  44  45  45  45  45  45  45  45  45  45  45  45  45  46  46  46  46  46  46  47  47  47  47  47  47  47  47  47  47  47092909290901  47  47  47  47  47  47  47  47  47  48  48  48  48  47  47  47  48
1011  48  48  48  48  48  48  48  48  48  48  48  49  49  49  50  50  50  50  50  50  50  509675  76////  76   4  76   510071029   59676  751029//// 1611029  76 602////1007////////   21045  74   9////  34////1007  741007  19   3////  7410461007
1012  53  53   11103  751104////1103  73110311081108////1103////  22  531117  73////11031103  72  72  72  721126  71////////////  10  10  101103   8011-////  71////  7111271103  71////  571127  71  571127  71  711127  71   51127  7211271103  71
1013  60  60  60  61  60  60  61  61  61  61  61  61  61  61  61  61  61  61  62  62  62   4  -1////1201  72////  62  62  62  62  62  61  61  60  60  61  61  61  61  61  61  62  63  62  62  62  62  62  62  63  64  64  64  64  62  62  62  62  62
1014  62  62  62  62  62  62  62  62  62  62  62  62  62  62  62  63  63  63  63  62  64  64  64  63  63  63  63  63  63  63  63  64  64  64  65  65  65  65  65  65  65  64  641301////  69  68  49  68////1349  69   0////////  69  11 211////  69
1015  63  63  63  63  64  64  65  65  65  65  65  66  66  65  65  64  64  65  65  66  67  67  671401   21414140114011401  6714011428////14011428  67  66   2  67////////////  67  672302 230  67  11  67  67  67  68  68   9////  18  67   2  68  67
1016  66  66  66  67  66  66  66  66  67  67  67  67  67  67  67  67  67  67  67  67  67  67  67  66  66  65  65  65  65  65  65  64  65  65  65  65  65  65  64  64  64  64  65  65  64  64  64  64  64  64  65  65  66  66  66  65  64  64  64  64
1017  64  64  64  63  64  64  64  64  64  64  64  64  63  63  63  63  63  63  63  63  63  63  63  63  63  62  63  62  62  62  63  63  63  63  63  63  63  63  63  62  62  62  62  62  62  62  62  62  61  61  61  61  61  61  61  61  61  61  61  61
1018  61  61  61  61  61  61  61  61  61  61  61  61  61  60  60  60  60  60  60  60  60  60  60  60  59  59  59  59  59  59  59  59  58  58  58  58  58  58  58  57  58  57  57  57  57  57  57  57  57  57  57  56  56  56  56  56  56  56  56  56
1019  56  55  55  55  55  55  55  55  55  55  54  54  54  54  54  54  54  54  54  54  54  54  54  53  53  53  54  53  53  53  53  53  53  53  53  53  53  53  53  53  52  52  52  52  52  52  52  52  52  51  51  52  52  51  51  51  51  51  51  51
1020  51  51  51  51  51  51  51  51  51  51  50  50  50  50  50  50  50  50  50  50  50  50  50  50  50  50  50  50  50  50  50  49  49  49  49  49  49  49  49  49  49  49  50  49  49  49  50  50  50  49  50  50  50  50  50  50  50  50  50  49
1021  49  49  49  49  49  49  49  48  48  48  48  48  48  49  49  49  49  49  49  49  49  49  49  49  49  49  49  49  49  49  49  49  49  49  49  49  49  49  49  49  49  49  49  49  49  49  48  48  48  48  48  48  48  48  48  48  48  47  47  47
1022  47  47  46  46  46  45  45  45  45  45  45  44  44  44  44  43  43  43  43  43  42  42  42  42  42  42  42  42  41  41  41  41  40  40  40  40  40  40  41  41  42  42  42  42  42  42  42  42  42  42  41  42  42  42  42  42  42  42  42  42
1023  42  43  42  43  42  42  43  43  43  43  43  43  43  43  43  43  43  43  44  44  44  44  44  44  44  44  44  44  44  44  44  44  44  44  45  45  45  45  45  45  45  45  45  45  45  45  45  45  45  45  45  45  45  45  45  45  45  44  44  44
1100  44  44  44  44  44  44  44  44  44  44  44  44  44  44  44  44  44  44  44  44  44  44  44  44  44  44  44  43  43  43  43  43  43  43  43  43  43  43  42  42  42  42  42  42  42  41  41  41  41  41  40  40  40  40  40  40  39  39  39  39
1101  39  39  38  38  38  38  38  38  38  37  37  37  36  36  36  36  36  35  35  34  34  33  33  33  33  32  32  33  33  33  33  33  33  33  34  33  34  34  34  34  33  33  33  32  32  32  32  31  32  31  31  31  31  31  31  31  31  31  31  31
1102  31  31  31  30  30  30  29  29  29  29  29  28  28  28  28  28  28  28  28  28  28  29  28  28  28  28  27  27  27  26  25  25  25  24  24  24  24  25  25  24  24  24  23  23  22  22  22  22  22  22  22  23  23  23  23  23  22  22  22  22
1103  22  22  21  21  21  20  20  20  20  20  20  19  19  19  19  19  18  18  18  18  18  18  18  18  18  19  19  19  19  19  20  20  19  19  19  18  18  18  18  18  17  17  17  16  16  16  16  16  16  16  16  15  15  16  17  17  17  16  16  16
1104  16  15  15  15  16  16  16  16  16  16  16  16  16  17  17  17  17  17  17  17  17  17  16  16  16  16  16  16  16  16  16  16  15  15  15  15  15  15  15  15  15  15  15  15  15  14  14  14  14  14  13  13  13  12  12  12  12  11  11  11
1105  10  10  10  10   9   9   9   9   8   8   8   8   8   8   8   8   8   7   7   7   7   7   7   7   7   7   7   7   8   8   9   9  10  10   9   9   9   9   9  10  10  10  10  10  10  10  10   9   9   9   8   8   8   8   8   8   8   7   7   7
1106   7   7   8   8   9   9   9   9   8   8   8   7   8   8   8   9   9   9  10  10   9   9   8   8   8   7   7   7   7   7   7   7   7   7   7   7   7   7   7   8   8   8   8   9   9  10  10   9   9   9   9   9   9   9   9   9   8   7   7   7
1107   7   7   7   7   7   7   6   6   6   6   7   7   7   7   7   7   7   7   7   6   6   6   6   6   6   5   5   5   5   4   4   4   4   4   4   4   3   3   3   3   3   3   3   3   2   2   2   2   2   2   2   2   2   2   3   3   3   3   3   3
1108   3   3   4   4   4   4   4   4   4   4   4   3   3   3   3   3   3   3   4   4   4   3   3   3   2   2   3   3   3   3   3   3   4   4   4   4   4   4   4   4   4   4   4   3   3   3   3   3   4   4   4   4   4   4   5   6   6   7   7   8
1109   8   8   9   9   8   8   8   9   9   9   9  10  10  10  10  10  11  11  11  11  12  12  12  12  13  13  13  14  14  14  15  15  15  16  16  16  17  17  17  18  18  19  20  21  22  23  24  25  25  26  26  26  26  27  27  27  27  28  28  28
1110  28  28  28  28  28  28  28  29  29  29  29  29  30  30  30  30  30  31  30  31  31  31  31  31  31  31  32  32  32  32  32  32  32  32  32  33  33  33  33  33  33  33  33  34  34  34  34  34  34  34  35  35  35  35  36  36  36  36  36  36
1111  36  37  37  37  37  37  37  37  37  37  37  37  37  38  38  38  37  37  37  37  37  37  38  38  38  38  38  38  39  39  39  39  39  39  39  39  39  39  40  40  40  40  41  41  41  42  42  42  41  41  42  42  43  43  43  44  44  44  44  44
1112  44  44  44  44  44  44  44  44  44  44  44  44  44  45  45  45  46  46  46  47  48  48  49  48  49  49  49  49  50  50  51  52  52  53  53  53  53  53  53  53  53  54  54  54  54  55  55  56  57  57  57  57  58  59  59  60  60  60  60  61
1113  62  63  63  64  64  65  65  65  64  63  64  64  65  66  67  69  69  70  71  71  72  74  74  75  75  74  73  73  73  73  73  73  72  71  71  72  73  74  74  73  73  74  74  74  73  73  73  73  75  77  79  79  79  80  81  81  81  80  79  78
1114  77  77  77  78  78  78  77  77  77  77  77  77  77  77  77  77  77  77  77  77----------------------------------------------------------------------------------------------------------------------------------------------------------------
1115------------------------------------------------------------------------------------------------------------------------------------------------------------------------------------------------------------------------------------------------
1116------------------------------------------------------------------------------------------------------------------------------------------------------------------------------------------------------------------------------------------------
1117------------------------------------------------------------------------------------------------------------------------------------------------------------------------------------------------------------------------------------------------
1118------------------------------------------------------------------------------------------------------------------------------------------------------------------------------------------------------------------------------------------------
1119------------------------------------------------------------------------------------------------------------------------------------------------------------------------------------------------------------------------------------------------
1120------------------------------------------------------------------------------------------------------------------------------------------------------------------------------------------------------------------------------------------------
1121------------------------------------------------------------------------------------------------------------------------------------------------------------------------------------------------------------------------------------------------
1122------------------------------------------------------------------------------------------------------------------------------------------------------------------------------------------------------------------------------------------------
1123------------------------------------------------------------------------------------------------------------------------------------------------------------------------------------------------------------------------------------------------
1200------------------------------------------------------------------------------------------------------------------------------------------------------------------------------------------------------------------------------------------------
1201------------------------------------------------------------------------------------------------------------------------------------------------------------------------------------------------------------------------------------------------
1202------------------------------------------------------------------------------------------------------------------------------------------------------------------------------------------------------------------------------------------------
1203------------------------------------------------------------------------------------------------------------------------------------------------------------------------------------------------------------------------------------------------
1204------------------------------------------------------------------------------------------------------------------------------------------------------------------------------------------------------------------------------------------------
1205------------------------------------------------------------------------------------------------------------------------------------------------------------------------------------------------------------------------------------------------
1206------------------------------------------------------------------------------------------------------------------------------------------------------------------------------------------------------------------------------------------------
1207------------------------------------------------------------------------------------------------------------------------------------------------------------------------------------------------------------------------------------------------
1208------------------------------------------------------------------------------------------------------------------------------------------------------------------------------------------------------------------------------------------------
1209------------------------------------------------------------------------------------------------------------------------------------------------------------------------------------------------------------------------------------------------
1210------------------------------------------------------------------------------------------------------------------------------------------------------------------------------------------------------------------------------------------------
1211------------------------------------------------------------------------------------------------------------------------------------------------------------------------------------------------------------------------------------------------
1212------------------------------------------------------------------------------------------------------------------------------------------------------------------------------------------------------------------------------------------------
1213------------------------------------------------------------------------------------------------------------------------------------------------------------------------------------------------------------------------------------------------
1214------------------------------------------------------------------------------------------------------------------------------------------------------------------------------------------------------------------------------------------------
1215------------------------------------------------------------------------------------------------------------------------------------------------------------------------------------------------------------------------------------------------
1216------------------------------------------------------------------------------------------------------------------------------------------------------------------------------------------------------------------------------------------------
1217------------------------------------------------------------------------------------------------------------------------------------------------------------------------------------------------------------------------------------------------
1218------------------------------------------------------------------------------------------------------------------------------------------------------------------------------------------------------------------------------------------------
1219------------------------------------------------------------------------------------------------------------------------------------------------------------------------------------------------------------------------------------------------
1220------------------------------------------------------------------------------------------------------------------------------------------------------------------------------------------------------------------------------------------------
1221------------------------------------------------------------------------------------------------------------------------------------------------------------------------------------------------------------------------------------------------
1222------------------------------------------------------------------------------------------------------------------------------------------------------------------------------------------------------------------------------------------------
1223------------------------------------------------------------------------------------------------------------------------------------------------------------------------------------------------------------------------------------------------
1300------------------------------------------------------------------------------------------------------------------------------------------------------------------------------------------------------------------------------------------------
1301------------------------------------------------------------------------------------------------------------------------------------------------------------------------------------------------------------------------------------------------
1302------------------------------------------------------------------------------------------------------------------------------------------------------------------------------------------------------------------------------------------------
1303------------------------------------------------------------------------------------------------------------------------------------------------------------------------------------------------------------------------------------------------
1304------------------------------------------------------------------------------------------------------------------------------------------------------------------------------------------------------------------------------------------------
1305------------------------------------------------------------------------------------------------------------------------------------------------------------------------------------------------------------------------------------------------
1306------------------------------------------------------------------------------------------------------------------------------------------------------------------------------------------------------------------------------------------------
1307------------------------------------------------------------------------------------------------------------------------------------------------------------------------------------------------------------------------------------------------
1308------------------------------------------------------------------------------------------------------------------------------------------------------------------------------------------------------------------------------------------------
1309------------------------------------------------------------------------------------------------------------------------------------------------------------------------------------------------------------------------------------------------
1310------------------------------------------------------------------------------------------------------------------------------------------------------------------------------------------------------------------------------------------------
1311------------------------------------------------------------------------------------------------------------------------------------------------------------------------------------------------------------------------------------------------
1312------------------------------------------------------------------------------------------------------------------------------------------------------------------------------------------------------------------------------------------------
1313------------------------------------------------------------------------------------------------------------------------------------------------------------------------------------------------------------------------------------------------
1314------------------------------------------------------------------------------------------------------------------------------------------------------------------------------------------------------------------------------------------------
1315------------------------------------------------------------------------------------------------------------------------------------------------------------------------------------------------------------------------------------------------
1316------------------------------------------------------------------------------------------------------------------------------------------------------------------------------------------------------------------------------------------------
1317------------------------------------------------------------------------------------------------------------------------------------------------------------------------------------------------------------------------------------------------
1318------------------------------------------------------------------------------------------------------------------------------------------------------------------------------------------------------------------------------------------------
1319------------------------------------------------------------------------------------------------------------------------------------------------------------------------------------------------------------------------------------------------
1320------------------------------------------------------------------------------------------------------------------------------------------------------------------------------------------------------------------------------------------------
1321------------------------------------------------------------------------------------------------------------------------------------------------------------------------------------------------------------------------------------------------
1322------------------------------------------------------------------------------------------------------------------------------------------------------------------------------------------------------------------------------------------------
1323------------------------------------------------------------------------------------------------------------------------------------------------------------------------------------------------------------------------------------------------
1400------------------------------------------------------------------------------------------------------------------------------------------------------------------------------------------------------------------------------------------------
1401------------------------------------------------------------------------------------------------------------------------------------------------------------------------------------------------------------------------------------------------
1402------------------------------------------------------------------------------------------------------------------------------------------------------------------------------------------------------------------------------------------------
1403------------------------------------------------------------------------------------------------------------------------------------------------------------------------------------------------------------------------------------------------
1404------------------------------------------------------------------------------------------------------------------------------------------------------------------------------------------------------------------------------------------------
1405------------------------------------------------------------------------------------------------------------------------------------------------------------------------------------------------------------------------------------------------
1406------------------------------------------------------------------------------------------------------------------------------------------------------------------------------------------------------------------------------------------------
1407------------------------------------------------------------------------------------------------------------------------------------------------------------------------------------------------------------------------------------------------
1408------------------------------------------------------------------------------------------------------------------------------------------------------------------------------------------------------------------------------------------------
1409------------------------------------------------------------------------------------------------------------------------------------------------------------------------------------------------------------------------------------------------
1410------------------------------------------------------------------------------------------------------------------------------------------------------------------------------------------------------------------------------------------------
1411------------------------------------------------------------------------------------------------------------------------------------------------------------------------------------------------------------------------------------------------
1412------------------------------------------------------------------------------------------------------------------------------------------------------------------------------------------------------------------------------------------------
1413------------------------------------------------------------------------------------------------------------------------------------------------------------------------------------------------------------------------------------------------
1414------------------------------------------------------------------------------------------------------------------------------------------------------------------------------------------------------------------------------------------------
1415------------------------------------------------------------------------------------------------------------------------------------------------------------------------------------------------------------------------------------------------
1416------------------------------------------------------------------------------------------------------------------------------------------------------------------------------------------------------------------------------------------------
1417------------------------------------------------------------------------------------------------------------------------------------------------------------------------------------------------------------------------------------------------
1418------------------------------------------------------------------------------------------------------------------------------------------------------------------------------------------------------------------------------------------------
1419------------------------------------------------------------------------------------------------------------------------------------------------------------------------------------------------------------------------------------------------
1420------------------------------------------------------------------------------------------------------------------------------------------------------------------------------------------------------------------------------------------------
1421------------------------------------------------------------------------------------------------------------------------------------------------------------------------------------------------------------------------------------------------
1422------------------------------------------------------------------------------------------------------------------------------------------------------------------------------------------------------------------------------------------------
1423------------------------------------------------------------------------------------------------------------------------------------------------------------------------------------------------------------------------------------------------
1500------------------------------------------------------------------------------------------------------------------------------------------------------------------------------------------------------------------------------------------------
1501------------------------------------------------------------------------------------------------------------------------------------------------------------------------------------------------------------------------------------------------
1502------------------------------------------------------------------------------------------------------------------------------------------------------------------------------------------------------------------------------------------------
1503------------------------------------------------------------------------------------------------------------------------------------------------------------------------------------------------------------------------------------------------
1504------------------------------------------------------------------------------------------------------------------------------------------------------------------------------------------------------------------------------------------------
1505------------------------------------------------------------------------------------------------------------------------------------------------------------------------------------------------------------------------------------------------
1506------------------------------------------------------------------------------------------------------------------------------------------------------------------------------------------------------------------------------------------------
1507------------------------------------------------------------------------------------------------------------------------------------------------------------------------------------------------------------------------------------------------
1508------------------------------------------------------------------------------------------------------------------------------------------------------------------------------------------------------------------------------------------------
1509------------------------------------------------------------------------------------------------------------------------------------------------------------------------------------------------------------------------------------------------
1510------------------------------------------------------------------------------------------------------------------------------------------------------------------------------------------------------------------------------------------------
1511------------------------------------------------------------------------------------------------------------------------------------------------------------------------------------------------------------------------------------------------
1512------------------------------------------------------------------------------------------------------------------------------------------------------------------------------------------------------------------------------------------------
1513------------------------------------------------------------------------------------------------------------------------------------------------------------------------------------------------------------------------------------------------
1514------------------------------------------------------------------------------------------------------------------------------------------------------------------------------------------------------------------------------------------------
1515------------------------------------------------------------------------------------------------------------------------------------------------------------------------------------------------------------------------------------------------
1516------------------------------------------------------------------------------------------------------------------------------------------------------------------------------------------------------------------------------------------------
1517------------------------------------------------------------------------------------------------------------------------------------------------------------------------------------------------------------------------------------------------
1518------------------------------------------------------------------------------------------------------------------------------------------------------------------------------------------------------------------------------------------------
1519------------------------------------------------------------------------------------------------------------------------------------------------------------------------------------------------------------------------------------------------
1520------------------------------------------------------------------------------------------------------------------------------------------------------------------------------------------------------------------------------------------------
1521------------------------------------------------------------------------------------------------------------------------------------------------------------------------------------------------------------------------------------------------
1522------------------------------------------------------------------------------------------------------------------------------------------------------------------------------------------------------------------------------------------------
1523------------------------------------------------------------------------------------------------------------------------------------------------------------------------------------------------------------------------------------------------
1600------------------------------------------------------------------------------------------------------------------------------------------------------------------------------------------------------------------------------------------------
1601------------------------------------------------------------------------------------------------------------------------------------------------------------------------------------------------------------------------------------------------
1602------------------------------------------------------------------------------------------------------------------------------------------------------------------------------------------------------------------------------------------------
1603------------------------------------------------------------------------------------------------------------------------------------------------------------------------------------------------------------------------------------------------
1604------------------------------------------------------------------------------------------------------------------------------------------------------------------------------------------------------------------------------------------------
1605------------------------------------------------------------------------------------------------------------------------------------------------------------------------------------------------------------------------------------------------
1606------------------------------------------------------------------------------------------------------------------------------------------------------------------------------------------------------------------------------------------------
1607------------------------------------------------------------------------------------------------------------------------------------------------------------------------------------------------------------------------------------------------
1608------------------------------------------------------------------------------------------------------------------------------------------------------------------------------------------------------------------------------------------------
1609------------------------------------------------------------------------------------------------------------------------------------------------------------------------------------------------------------------------------------------------
1610------------------------------------------------------------------------------------------------------------------------------------------------------------------------------------------------------------------------------------------------
1611------------------------------------------------------------------------------------------------------------------------------------------------------------------------------------------------------------------------------------------------
1612------------------------------------------------------------------------------------------------------------------------------------------------------------------------------------------------------------------------------------------------
1613------------------------------------------------------------------------------------------------------------------------------------------------------------------------------------------------------------------------------------------------
1614------------------------------------------------------------------------------------------------------------------------------------------------------------------------------------------------------------------------------------------------
1615------------------------------------------------------------------------------------------------------------------------------------------------------------------------------------------------------------------------------------------------
1616------------------------------------------------------------------------------------------------------------------------------------------------------------------------------------------------------------------------------------------------
1617------------------------------------------------------------------------------------------------------------------------------------------------------------------------------------------------------------------------------------------------
1618------------------------------------------------------------------------------------------------------------------------------------------------------------------------------------------------------------------------------------------------
1619------------------------------------------------------------------------------------------------------------------------------------------------------------------------------------------------------------------------------------------------
1620------------------------------------------------------------------------------------------------------------------------------------------------------------------------------------------------------------------------------------------------
1621------------------------------------------------------------------------------------------------------------------------------------------------------------------------------------------------------------------------------------------------
1622------------------------------------------------------------------------------------------------------------------------------------------------------------------------------------------------------------------------------------------------
1623------------------------------------------------------------------------------------------------------------------------------------------------------------------------------------------------------------------------------------------------
1700------------------------------------------------------------------------------------------------------------------------------------------------------------------------------------------------------------------------------------------------
1701------------------------------------------------------------------------------------------------------------------------------------------------------------------------------------------------------------------------------------------------
1702------------------------------------------------------------------------------------------------------------------------------------------------------------------------------------------------------------------------------------------------
1703------------------------------------------------------------------------------------------------------------------------------------------------------------------------------------------------------------------------------------------------
1704------------------------------------------------------------------------------------------------------------------------------------------------------------------------------------------------------------------------------------------------
1705------------------------------------------------------------------------------------------------------------------------------------------------------------------------------------------------------------------------------------------------
1706------------------------------------------------------------------------------------------------------------------------------------------------------------------------------------------------------------------------------------------------
1707------------------------------------------------------------------------------------------------------------------------------------------------------------------------------------------------------------------------------------------------
1708------------------------------------------------------------------------------------------------------------------------------------------------------------------------------------------------------------------------------------------------
1709------------------------------------------------------------------------------------------------------------------------------------------------------------------------------------------------------------------------------------------------
1710------------------------------------------------------------------------------------------------------------------------------------------------------------------------------------------------------------------------------------------------
1711------------------------------------------------------------------------------------------------------------------------------------------------------------------------------------------------------------------------------------------------
1712------------------------------------------------------------------------------------------------------------------------------------------------------------------------------------------------------------------------------------------------
1713------------------------------------------------------------------------------------------------------------------------------------------------------------------------------------------------------------------------------------------------
1714------------------------------------------------------------------------------------------------------------------------------------------------------------------------------------------------------------------------------------------------
1715------------------------------------------------------------------------------------------------------------------------------------------------------------------------------------------------------------------------------------------------
1716------------------------------------------------------------------------------------------------------------------------------------------------------------------------------------------------------------------------------------------------
1717------------------------------------------------------------------------------------------------------------------------------------------------------------------------------------------------------------------------------------------------
1718------------------------------------------------------------------------------------------------------------------------------------------------------------------------------------------------------------------------------------------------
1719------------------------------------------------------------------------------------------------------------------------------------------------------------------------------------------------------------------------------------------------
1720------------------------------------------------------------------------------------------------------------------------------------------------------------------------------------------------------------------------------------------------
1721------------------------------------------------------------------------------------------------------------------------------------------------------------------------------------------------------------------------------------------------
1722------------------------------------------------------------------------------------------------------------------------------------------------------------------------------------------------------------------------------------------------
1723------------------------------------------------------------------------------------------------------------------------------------------------------------------------------------------------------------------------------------------------
1800------------------------------------------------------------------------------------------------------------------------------------------------------------------------------------------------------------------------------------------------
1801------------------------------------------------------------------------------------------------------------------------------------------------------------------------------------------------------------------------------------------------
1802------------------------------------------------------------------------------------------------------------------------------------------------------------------------------------------------------------------------------------------------
1803------------------------------------------------------------------------------------------------------------------------------------------------------------------------------------------------------------------------------------------------
1804------------------------------------------------------------------------------------------------------------------------------------------------------------------------------------------------------------------------------------------------
1805------------------------------------------------------------------------------------------------------------------------------------------------------------------------------------------------------------------------------------------------
1806------------------------------------------------------------------------------------------------------------------------------------------------------------------------------------------------------------------------------------------------
1807------------------------------------------------------------------------------------------------------------------------------------------------------------------------------------------------------------------------------------------------
1808------------------------------------------------------------------------------------------------------------------------------------------------------------------------------------------------------------------------------------------------
1809------------------------------------------------------------------------------------------------------------------------------------------------------------------------------------------------------------------------------------------------
1810------------------------------------------------------------------------------------------------------------------------------------------------------------------------------------------------------------------------------------------------
1811------------------------------------------------------------------------------------------------------------------------------------------------------------------------------------------------------------------------------------------------
1812------------------------------------------------------------------------------------------------------------------------------------------------------------------------------------------------------------------------------------------------
1813------------------------------------------------------------------------------------------------------------------------------------------------------------------------------------------------------------------------------------------------
1814------------------------------------------------------------------------------------------------------------------------------------------------------------------------------------------------------------------------------------------------
1815------------------------------------------------------------------------------------------------------------------------------------------------------------------------------------------------------------------------------------------------
1816------------------------------------------------------------------------------------------------------------------------------------------------------------------------------------------------------------------------------------------------
1817------------------------------------------------------------------------------------------------------------------------------------------------------------------------------------------------------------------------------------------------
1818------------------------------------------------------------------------------------------------------------------------------------------------------------------------------------------------------------------------------------------------
1819------------------------------------------------------------------------------------------------------------------------------------------------------------------------------------------------------------------------------------------------
1820------------------------------------------------------------------------------------------------------------------------------------------------------------------------------------------------------------------------------------------------
1821------------------------------------------------------------------------------------------------------------------------------------------------------------------------------------------------------------------------------------------------
1822------------------------------------------------------------------------------------------------------------------------------------------------------------------------------------------------------------------------------------------------
1823------------------------------------------------------------------------------------------------------------------------------------------------------------------------------------------------------------------------------------------------
1900------------------------------------------------------------------------------------------------------------------------------------------------------------------------------------------------------------------------------------------------
1901------------------------------------------------------------------------------------------------------------------------------------------------------------------------------------------------------------------------------------------------
1902------------------------------------------------------------------------------------------------------------------------------------------------------------------------------------------------------------------------------------------------
1903------------------------------------------------------------------------------------------------------------------------------------------------------------------------------------------------------------------------------------------------
1904------------------------------------------------------------------------------------------------------------------------------------------------------------------------------------------------------------------------------------------------
1905------------------------------------------------------------------------------------------------------------------------------------------------------------------------------------------------------------------------------------------------
1906------------------------------------------------------------------------------------------------------------------------------------------------------------------------------------------------------------------------------------------------
1907------------------------------------------------------------------------------------------------------------------------------------------------------------------------------------------------------------------------------------------------
1908------------------------------------------------------------------------------------------------------------------------------------------------------------------------------------------------------------------------------------------------
1909------------------------------------------------------------------------------------------------------------------------------------------------------------------------------------------------------------------------------------------------
1910------------------------------------------------------------------------------------------------------------------------------------------------------------------------------------------------------------------------------------------------
1911------------------------------------------------------------------------------------------------------------------------------------------------------------------------------------------------------------------------------------------------
1912------------------------------------------------------------------------------------------------------------------------------------------------------------------------------------------------------------------------------------------------
1913------------------------------------------------------------------------------------------------------------------------------------------------------------------------------------------------------------------------------------------------
1914------------------------------------------------------------------------------------------------------------------------------------------------------------------------------------------------------------------------------------------------
1915------------------------------------------------------------------------------------------------------------------------------------------------------------------------------------------------------------------------------------------------
1916------------------------------------------------------------------------------------------------------------------------------------------------------------------------------------------------------------------------------------------------
1917------------------------------------------------------------------------------------------------------------------------------------------------------------------------------------------------------------------------------------------------
1918------------------------------------------------------------------------------------------------------------------------------------------------------------------------------------------------------------------------------------------------
1919------------------------------------------------------------------------------------------------------------------------------------------------------------------------------------------------------------------------------------------------
1920------------------------------------------------------------------------------------------------------------------------------------------------------------------------------------------------------------------------------------------------
1921------------------------------------------------------------------------------------------------------------------------------------------------------------------------------------------------------------------------------------------------
1922------------------------------------------------------------------------------------------------------------------------------------------------------------------------------------------------------------------------------------------------
1923------------------------------------------------------------------------------------------------------------------------------------------------------------------------------------------------------------------------------------------------
2000------------------------------------------------------------------------------------------------------------------------------------------------------------------------------------------------------------------------------------------------
2001------------------------------------------------------------------------------------------------------------------------------------------------------------------------------------------------------------------------------------------------
2002------------------------------------------------------------------------------------------------------------------------------------------------------------------------------------------------------------------------------------------------
2003------------------------------------------------------------------------------------------------------------------------------------------------------------------------------------------------------------------------------------------------
2004------------------------------------------------------------------------------------------------------------------------------------------------------------------------------------------------------------------------------------------------
2005------------------------------------------------------------------------------------------------------------------------------------------------------------------------------------------------------------------------------------------------
2006------------------------------------------------------------------------------------------------------------------------------------------------------------------------------------------------------------------------------------------------
2007------------------------------------------------------------------------------------------------------------------------------------------------------------------------------------------------------------------------------------------------
2008------------------------------------------------------------------------------------------------------------------------------------------------------------------------------------------------------------------------------------------------
2009------------------------------------------------------------------------------------------------------------------------------------------------------------------------------------------------------------------------------------------------
2010------------------------------------------------------------------------------------------------------------------------------------------------------------------------------------------------------------------------------------------------
2011------------------------------------------------------------------------------------------------------------------------------------------------------------------------------------------------------------------------------------------------
2012------------------------------------------------------------------------------------------------------------------------------------------------------------------------------------------------------------------------------------------------
2013------------------------------------------------------------------------------------------------------------------------------------------------------------------------------------------------------------------------------------------------
2014------------------------------------------------------------------------------------------------------------------------------------------------------------------------------------------------------------------------------------------------
2015------------------------------------------------------------------------------------------------------------------------------------------------------------------------------------------------------------------------------------------------
2016------------------------------------------------------------------------------------------------------------------------------------------------------------------------------------------------------------------------------------------------
2017------------------------------------------------------------------------------------------------------------------------------------------------------------------------------------------------------------------------------------------------
2018------------------------------------------------------------------------------------------------------------------------------------------------------------------------------------------------------------------------------------------------
2019------------------------------------------------------------------------------------------------------------------------------------------------------------------------------------------------------------------------------------------------
2020------------------------------------------------------------------------------------------------------------------------------------------------------------------------------------------------------------------------------------------------
2021------------------------------------------------------------------------------------------------------------------------------------------------------------------------------------------------------------------------------------------------
2022------------------------------------------------------------------------------------------------------------------------------------------------------------------------------------------------------------------------------------------------
2023------------------------------------------------------------------------------------------------------------------------------------------------------------------------------------------------------------------------------------------------
2100------------------------------------------------------------------------------------------------------------------------------------------------------------------------------------------------------------------------------------------------
2101------------------------------------------------------------------------------------------------------------------------------------------------------------------------------------------------------------------------------------------------
2102------------------------------------------------------------------------------------------------------------------------------------------------------------------------------------------------------------------------------------------------
2103------------------------------------------------------------------------------------------------------------------------------------------------------------------------------------------------------------------------------------------------
2104------------------------------------------------------------------------------------------------------------------------------------------------------------------------------------------------------------------------------------------------
2105------------------------------------------------------------------------------------------------------------------------------------------------------------------------------------------------------------------------------------------------
2106------------------------------------------------------------------------------------------------------------------------------------------------------------------------------------------------------------------------------------------------
2107------------------------------------------------------------------------------------------------------------------------------------------------------------------------------------------------------------------------------------------------
2108------------------------------------------------------------------------------------------------------------------------------------------------------------------------------------------------------------------------------------------------
2109------------------------------------------------------------------------------------------------------------------------------------------------------------------------------------------------------------------------------------------------
2110------------------------------------------------------------------------------------------------------------------------------------------------------------------------------------------------------------------------------------------------
2111------------------------------------------------------------------------------------------------------------------------------------------------------------------------------------------------------------------------------------------------
2112------------------------------------------------------------------------------------------------------------------------------------------------------------------------------------------------------------------------------------------------
2113------------------------------------------------------------------------------------------------------------------------------------------------------------------------------------------------------------------------------------------------
2114------------------------------------------------------------------------------------------------------------------------------------------------------------------------------------------------------------------------------------------------
2115------------------------------------------------------------------------------------------------------------------------------------------------------------------------------------------------------------------------------------------------
2116------------------------------------------------------------------------------------------------------------------------------------------------------------------------------------------------------------------------------------------------
2117------------------------------------------------------------------------------------------------------------------------------------------------------------------------------------------------------------------------------------------------
2118------------------------------------------------------------------------------------------------------------------------------------------------------------------------------------------------------------------------------------------------
2119------------------------------------------------------------------------------------------------------------------------------------------------------------------------------------------------------------------------------------------------
2120------------------------------------------------------------------------------------------------------------------------------------------------------------------------------------------------------------------------------------------------
2121------------------------------------------------------------------------------------------------------------------------------------------------------------------------------------------------------------------------------------------------
2122------------------------------------------------------------------------------------------------------------------------------------------------------------------------------------------------------------------------------------------------
2123------------------------------------------------------------------------------------------------------------------------------------------------------------------------------------------------------------------------------------------------
2200------------------------------------------------------------------------------------------------------------------------------------------------------------------------------------------------------------------------------------------------
2201------------------------------------------------------------------------------------------------------------------------------------------------------------------------------------------------------------------------------------------------
2202------------------------------------------------------------------------------------------------------------------------------------------------------------------------------------------------------------------------------------------------
2203------------------------------------------------------------------------------------------------------------------------------------------------------------------------------------------------------------------------------------------------
2204------------------------------------------------------------------------------------------------------------------------------------------------------------------------------------------------------------------------------------------------
2205------------------------------------------------------------------------------------------------------------------------------------------------------------------------------------------------------------------------------------------------
2206------------------------------------------------------------------------------------------------------------------------------------------------------------------------------------------------------------------------------------------------
2207------------------------------------------------------------------------------------------------------------------------------------------------------------------------------------------------------------------------------------------------
2208------------------------------------------------------------------------------------------------------------------------------------------------------------------------------------------------------------------------------------------------
2209------------------------------------------------------------------------------------------------------------------------------------------------------------------------------------------------------------------------------------------------
2210------------------------------------------------------------------------------------------------------------------------------------------------------------------------------------------------------------------------------------------------
2211------------------------------------------------------------------------------------------------------------------------------------------------------------------------------------------------------------------------------------------------
2212------------------------------------------------------------------------------------------------------------------------------------------------------------------------------------------------------------------------------------------------
2213------------------------------------------------------------------------------------------------------------------------------------------------------------------------------------------------------------------------------------------------
2214------------------------------------------------------------------------------------------------------------------------------------------------------------------------------------------------------------------------------------------------
2215------------------------------------------------------------------------------------------------------------------------------------------------------------------------------------------------------------------------------------------------
2216------------------------------------------------------------------------------------------------------------------------------------------------------------------------------------------------------------------------------------------------
2217------------------------------------------------------------------------------------------------------------------------------------------------------------------------------------------------------------------------------------------------
2218------------------------------------------------------------------------------------------------------------------------------------------------------------------------------------------------------------------------------------------------
2219------------------------------------------------------------------------------------------------------------------------------------------------------------------------------------------------------------------------------------------------
2220------------------------------------------------------------------------------------------------------------------------------------------------------------------------------------------------------------------------------------------------
2221------------------------------------------------------------------------------------------------------------------------------------------------------------------------------------------------------------------------------------------------
2222------------------------------------------------------------------------------------------------------------------------------------------------------------------------------------------------------------------------------------------------
2223------------------------------------------------------------------------------------------------------------------------------------------------------------------------------------------------------------------------------------------------
2300------------------------------------------------------------------------------------------------------------------------------------------------------------------------------------------------------------------------------------------------
2301------------------------------------------------------------------------------------------------------------------------------------------------------------------------------------------------------------------------------------------------
2302------------------------------------------------------------------------------------------------------------------------------------------------------------------------------------------------------------------------------------------------
2303------------------------------------------------------------------------------------------------------------------------------------------------------------------------------------------------------------------------------------------------
2304------------------------------------------------------------------------------------------------------------------------------------------------------------------------------------------------------------------------------------------------
2305------------------------------------------------------------------------------------------------------------------------------------------------------------------------------------------------------------------------------------------------
2306------------------------------------------------------------------------------------------------------------------------------------------------------------------------------------------------------------------------------------------------
2307------------------------------------------------------------------------------------------------------------------------------------------------------------------------------------------------------------------------------------------------
2308------------------------------------------------------------------------------------------------------------------------------------------------------------------------------------------------------------------------------------------------
2309------------------------------------------------------------------------------------------------------------------------------------------------------------------------------------------------------------------------------------------------
2310------------------------------------------------------------------------------------------------------------------------------------------------------------------------------------------------------------------------------------------------
2311------------------------------------------------------------------------------------------------------------------------------------------------------------------------------------------------------------------------------------------------
2312------------------------------------------------------------------------------------------------------------------------------------------------------------------------------------------------------------------------------------------------
2313------------------------------------------------------------------------------------------------------------------------------------------------------------------------------------------------------------------------------------------------
2314------------------------------------------------------------------------------------------------------------------------------------------------------------------------------------------------------------------------------------------------
2315------------------------------------------------------------------------------------------------------------------------------------------------------------------------------------------------------------------------------------------------
2316------------------------------------------------------------------------------------------------------------------------------------------------------------------------------------------------------------------------------------------------
2317------------------------------------------------------------------------------------------------------------------------------------------------------------------------------------------------------------------------------------------------
2318------------------------------------------------------------------------------------------------------------------------------------------------------------------------------------------------------------------------------------------------
2319------------------------------------------------------------------------------------------------------------------------------------------------------------------------------------------------------------------------------------------------
2320------------------------------------------------------------------------------------------------------------------------------------------------------------------------------------------------------------------------------------------------
2321------------------------------------------------------------------------------------------------------------------------------------------------------------------------------------------------------------------------------------------------
2322------------------------------------------------------------------------------------------------------------------------------------------------------------------------------------------------------------------------------------------------
2323------------------------------------------------------------------------------------------------------------------------------------------------------------------------------------------------------------------------------------------------
2400------------------------------------------------------------------------------------------------------------------------------------------------------------------------------------------------------------------------------------------------
2401------------------------------------------------------------------------------------------------------------------------------------------------------------------------------------------------------------------------------------------------
2402------------------------------------------------------------------------------------------------------------------------------------------------------------------------------------------------------------------------------------------------
2403------------------------------------------------------------------------------------------------------------------------------------------------------------------------------------------------------------------------------------------------
2404------------------------------------------------------------------------------------------------------------------------------------------------------------------------------------------------------------------------------------------------
2405------------------------------------------------------------------------------------------------------------------------------------------------------------------------------------------------------------------------------------------------
2406------------------------------------------------------------------------------------------------------------------------------------------------------------------------------------------------------------------------------------------------
2407------------------------------------------------------------------------------------------------------------------------------------------------------------------------------------------------------------------------------------------------
2408------------------------------------------------------------------------------------------------------------------------------------------------------------------------------------------------------------------------------------------------
2409------------------------------------------------------------------------------------------------------------------------------------------------------------------------------------------------------------------------------------------------
2410------------------------------------------------------------------------------------------------------------------------------------------------------------------------------------------------------------------------------------------------
2411------------------------------------------------------------------------------------------------------------------------------------------------------------------------------------------------------------------------------------------------
2412------------------------------------------------------------------------------------------------------------------------------------------------------------------------------------------------------------------------------------------------
2413------------------------------------------------------------------------------------------------------------------------------------------------------------------------------------------------------------------------------------------------
2414------------------------------------------------------------------------------------------------------------------------------------------------------------------------------------------------------------------------------------------------
2415------------------------------------------------------------------------------------------------------------------------------------------------------------------------------------------------------------------------------------------------
2416------------------------------------------------------------------------------------------------------------------------------------------------------------------------------------------------------------------------------------------------
2417------------------------------------------------------------------------------------------------------------------------------------------------------------------------------------------------------------------------------------------------
2418------------------------------------------------------------------------------------------------------------------------------------------------------------------------------------------------------------------------------------------------
2419------------------------------------------------------------------------------------------------------------------------------------------------------------------------------------------------------------------------------------------------
2420------------------------------------------------------------------------------------------------------------------------------------------------------------------------------------------------------------------------------------------------
2421------------------------------------------------------------------------------------------------------------------------------------------------------------------------------------------------------------------------------------------------
2422------------------------------------------------------------------------------------------------------------------------------------------------------------------------------------------------------------------------------------------------
2423------------------------------------------------------------------------------------------------------------------------------------------------------------------------------------------------------------------------------------------------
2500------------------------------------------------------------------------------------------------------------------------------------------------------------------------------------------------------------------------------------------------
2501------------------------------------------------------------------------------------------------------------------------------------------------------------------------------------------------------------------------------------------------
2502------------------------------------------------------------------------------------------------------------------------------------------------------------------------------------------------------------------------------------------------
2503------------------------------------------------------------------------------------------------------------------------------------------------------------------------------------------------------------------------------------------------
2504------------------------------------------------------------------------------------------------------------------------------------------------------------------------------------------------------------------------------------------------
2505------------------------------------------------------------------------------------------------------------------------------------------------------------------------------------------------------------------------------------------------
2506------------------------------------------------------------------------------------------------------------------------------------------------------------------------------------------------------------------------------------------------
2507------------------------------------------------------------------------------------------------------------------------------------------------------------------------------------------------------------------------------------------------
2508------------------------------------------------------------------------------------------------------------------------------------------------------------------------------------------------------------------------------------------------
2509------------------------------------------------------------------------------------------------------------------------------------------------------------------------------------------------------------------------------------------------
2510------------------------------------------------------------------------------------------------------------------------------------------------------------------------------------------------------------------------------------------------
2511------------------------------------------------------------------------------------------------------------------------------------------------------------------------------------------------------------------------------------------------
2512------------------------------------------------------------------------------------------------------------------------------------------------------------------------------------------------------------------------------------------------
2513------------------------------------------------------------------------------------------------------------------------------------------------------------------------------------------------------------------------------------------------
2514------------------------------------------------------------------------------------------------------------------------------------------------------------------------------------------------------------------------------------------------
2515------------------------------------------------------------------------------------------------------------------------------------------------------------------------------------------------------------------------------------------------
2516------------------------------------------------------------------------------------------------------------------------------------------------------------------------------------------------------------------------------------------------
2517------------------------------------------------------------------------------------------------------------------------------------------------------------------------------------------------------------------------------------------------
2518------------------------------------------------------------------------------------------------------------------------------------------------------------------------------------------------------------------------------------------------
2519------------------------------------------------------------------------------------------------------------------------------------------------------------------------------------------------------------------------------------------------
2520------------------------------------------------------------------------------------------------------------------------------------------------------------------------------------------------------------------------------------------------
2521------------------------------------------------------------------------------------------------------------------------------------------------------------------------------------------------------------------------------------------------
2522------------------------------------------------------------------------------------------------------------------------------------------------------------------------------------------------------------------------------------------------
2523------------------------------------------------------------------------------------------------------------------------------------------------------------------------------------------------------------------------------------------------
2600------------------------------------------------------------------------------------------------------------------------------------------------------------------------------------------------------------------------------------------------
2601------------------------------------------------------------------------------------------------------------------------------------------------------------------------------------------------------------------------------------------------
2602------------------------------------------------------------------------------------------------------------------------------------------------------------------------------------------------------------------------------------------------
2603------------------------------------------------------------------------------------------------------------------------------------------------------------------------------------------------------------------------------------------------
2604------------------------------------------------------------------------------------------------------------------------------------------------------------------------------------------------------------------------------------------------
2605------------------------------------------------------------------------------------------------------------------------------------------------------------------------------------------------------------------------------------------------
2606------------------------------------------------------------------------------------------------------------------------------------------------------------------------------------------------------------------------------------------------
2607------------------------------------------------------------------------------------------------------------------------------------------------------------------------------------------------------------------------------------------------
2608------------------------------------------------------------------------------------------------------------------------------------------------------------------------------------------------------------------------------------------------
2609------------------------------------------------------------------------------------------------------------------------------------------------------------------------------------------------------------------------------------------------
2610------------------------------------------------------------------------------------------------------------------------------------------------------------------------------------------------------------------------------------------------
2611------------------------------------------------------------------------------------------------------------------------------------------------------------------------------------------------------------------------------------------------
2612------------------------------------------------------------------------------------------------------------------------------------------------------------------------------------------------------------------------------------------------
2613------------------------------------------------------------------------------------------------------------------------------------------------------------------------------------------------------------------------------------------------
2614------------------------------------------------------------------------------------------------------------------------------------------------------------------------------------------------------------------------------------------------
2615------------------------------------------------------------------------------------------------------------------------------------------------------------------------------------------------------------------------------------------------
2616------------------------------------------------------------------------------------------------------------------------------------------------------------------------------------------------------------------------------------------------
2617------------------------------------------------------------------------------------------------------------------------------------------------------------------------------------------------------------------------------------------------
2618------------------------------------------------------------------------------------------------------------------------------------------------------------------------------------------------------------------------------------------------
2619------------------------------------------------------------------------------------------------------------------------------------------------------------------------------------------------------------------------------------------------
2620------------------------------------------------------------------------------------------------------------------------------------------------------------------------------------------------------------------------------------------------
2621------------------------------------------------------------------------------------------------------------------------------------------------------------------------------------------------------------------------------------------------
2622------------------------------------------------------------------------------------------------------------------------------------------------------------------------------------------------------------------------------------------------
2623------------------------------------------------------------------------------------------------------------------------------------------------------------------------------------------------------------------------------------------------
2700------------------------------------------------------------------------------------------------------------------------------------------------------------------------------------------------------------------------------------------------
2701------------------------------------------------------------------------------------------------------------------------------------------------------------------------------------------------------------------------------------------------
2702------------------------------------------------------------------------------------------------------------------------------------------------------------------------------------------------------------------------------------------------
2703------------------------------------------------------------------------------------------------------------------------------------------------------------------------------------------------------------------------------------------------
2704------------------------------------------------------------------------------------------------------------------------------------------------------------------------------------------------------------------------------------------------
2705------------------------------------------------------------------------------------------------------------------------------------------------------------------------------------------------------------------------------------------------
2706------------------------------------------------------------------------------------------------------------------------------------------------------------------------------------------------------------------------------------------------
2707------------------------------------------------------------------------------------------------------------------------------------------------------------------------------------------------------------------------------------------------
2708------------------------------------------------------------------------------------------------------------------------------------------------------------------------------------------------------------------------------------------------
2709------------------------------------------------------------------------------------------------------------------------------------------------------------------------------------------------------------------------------------------------
2710------------------------------------------------------------------------------------------------------------------------------------------------------------------------------------------------------------------------------------------------
2711------------------------------------------------------------------------------------------------------------------------------------------------------------------------------------------------------------------------------------------------
2712------------------------------------------------------------------------------------------------------------------------------------------------------------------------------------------------------------------------------------------------
2713------------------------------------------------------------------------------------------------------------------------------------------------------------------------------------------------------------------------------------------------
2714------------------------------------------------------------------------------------------------------------------------------------------------------------------------------------------------------------------------------------------------
2715------------------------------------------------------------------------------------------------------------------------------------------------------------------------------------------------------------------------------------------------
2716------------------------------------------------------------------------------------------------------------------------------------------------------------------------------------------------------------------------------------------------
2717------------------------------------------------------------------------------------------------------------------------------------------------------------------------------------------------------------------------------------------------
2718------------------------------------------------------------------------------------------------------------------------------------------------------------------------------------------------------------------------------------------------
2719------------------------------------------------------------------------------------------------------------------------------------------------------------------------------------------------------------------------------------------------
2720------------------------------------------------------------------------------------------------------------------------------------------------------------------------------------------------------------------------------------------------
2721------------------------------------------------------------------------------------------------------------------------------------------------------------------------------------------------------------------------------------------------
2722------------------------------------------------------------------------------------------------------------------------------------------------------------------------------------------------------------------------------------------------
2723------------------------------------------------------------------------------------------------------------------------------------------------------------------------------------------------------------------------------------------------
2800------------------------------------------------------------------------------------------------------------------------------------------------------------------------------------------------------------------------------------------------
2801------------------------------------------------------------------------------------------------------------------------------------------------------------------------------------------------------------------------------------------------
2802------------------------------------------------------------------------------------------------------------------------------------------------------------------------------------------------------------------------------------------------
2803------------------------------------------------------------------------------------------------------------------------------------------------------------------------------------------------------------------------------------------------
2804------------------------------------------------------------------------------------------------------------------------------------------------------------------------------------------------------------------------------------------------
2805------------------------------------------------------------------------------------------------------------------------------------------------------------------------------------------------------------------------------------------------
2806------------------------------------------------------------------------------------------------------------------------------------------------------------------------------------------------------------------------------------------------
2807------------------------------------------------------------------------------------------------------------------------------------------------------------------------------------------------------------------------------------------------
2808------------------------------------------------------------------------------------------------------------------------------------------------------------------------------------------------------------------------------------------------
2809------------------------------------------------------------------------------------------------------------------------------------------------------------------------------------------------------------------------------------------------
2810------------------------------------------------------------------------------------------------------------------------------------------------------------------------------------------------------------------------------------------------
2811------------------------------------------------------------------------------------------------------------------------------------------------------------------------------------------------------------------------------------------------
2812------------------------------------------------------------------------------------------------------------------------------------------------------------------------------------------------------------------------------------------------
2813------------------------------------------------------------------------------------------------------------------------------------------------------------------------------------------------------------------------------------------------
2814------------------------------------------------------------------------------------------------------------------------------------------------------------------------------------------------------------------------------------------------
2815------------------------------------------------------------------------------------------------------------------------------------------------------------------------------------------------------------------------------------------------
2816------------------------------------------------------------------------------------------------------------------------------------------------------------------------------------------------------------------------------------------------
2817------------------------------------------------------------------------------------------------------------------------------------------------------------------------------------------------------------------------------------------------
2818------------------------------------------------------------------------------------------------------------------------------------------------------------------------------------------------------------------------------------------------
2819------------------------------------------------------------------------------------------------------------------------------------------------------------------------------------------------------------------------------------------------
2820------------------------------------------------------------------------------------------------------------------------------------------------------------------------------------------------------------------------------------------------
2821------------------------------------------------------------------------------------------------------------------------------------------------------------------------------------------------------------------------------------------------
2822------------------------------------------------------------------------------------------------------------------------------------------------------------------------------------------------------------------------------------------------
2823------------------------------------------------------------------------------------------------------------------------------------------------------------------------------------------------------------------------------------------------
2900------------------------------------------------------------------------------------------------------------------------------------------------------------------------------------------------------------------------------------------------
2901------------------------------------------------------------------------------------------------------------------------------------------------------------------------------------------------------------------------------------------------
2902------------------------------------------------------------------------------------------------------------------------------------------------------------------------------------------------------------------------------------------------
2903------------------------------------------------------------------------------------------------------------------------------------------------------------------------------------------------------------------------------------------------
2904------------------------------------------------------------------------------------------------------------------------------------------------------------------------------------------------------------------------------------------------
2905------------------------------------------------------------------------------------------------------------------------------------------------------------------------------------------------------------------------------------------------
2906------------------------------------------------------------------------------------------------------------------------------------------------------------------------------------------------------------------------------------------------
2907------------------------------------------------------------------------------------------------------------------------------------------------------------------------------------------------------------------------------------------------
2908------------------------------------------------------------------------------------------------------------------------------------------------------------------------------------------------------------------------------------------------
2909------------------------------------------------------------------------------------------------------------------------------------------------------------------------------------------------------------------------------------------------
2910------------------------------------------------------------------------------------------------------------------------------------------------------------------------------------------------------------------------------------------------
2911------------------------------------------------------------------------------------------------------------------------------------------------------------------------------------------------------------------------------------------------
2912------------------------------------------------------------------------------------------------------------------------------------------------------------------------------------------------------------------------------------------------
2913------------------------------------------------------------------------------------------------------------------------------------------------------------------------------------------------------------------------------------------------
2914------------------------------------------------------------------------------------------------------------------------------------------------------------------------------------------------------------------------------------------------
2915------------------------------------------------------------------------------------------------------------------------------------------------------------------------------------------------------------------------------------------------
2916------------------------------------------------------------------------------------------------------------------------------------------------------------------------------------------------------------------------------------------------
2917------------------------------------------------------------------------------------------------------------------------------------------------------------------------------------------------------------------------------------------------
2918------------------------------------------------------------------------------------------------------------------------------------------------------------------------------------------------------------------------------------------------
2919------------------------------------------------------------------------------------------------------------------------------------------------------------------------------------------------------------------------------------------------
2920------------------------------------------------------------------------------------------------------------------------------------------------------------------------------------------------------------------------------------------------
2921------------------------------------------------------------------------------------------------------------------------------------------------------------------------------------------------------------------------------------------------
2922------------------------------------------------------------------------------------------------------------------------------------------------------------------------------------------------------------------------------------------------
2923------------------------------------------------------------------------------------------------------------------------------------------------------------------------------------------------------------------------------------------------
3000------------------------------------------------------------------------------------------------------------------------------------------------------------------------------------------------------------------------------------------------
3001------------------------------------------------------------------------------------------------------------------------------------------------------------------------------------------------------------------------------------------------
3002------------------------------------------------------------------------------------------------------------------------------------------------------------------------------------------------------------------------------------------------
3003------------------------------------------------------------------------------------------------------------------------------------------------------------------------------------------------------------------------------------------------
3004------------------------------------------------------------------------------------------------------------------------------------------------------------------------------------------------------------------------------------------------
3005------------------------------------------------------------------------------------------------------------------------------------------------------------------------------------------------------------------------------------------------
3006------------------------------------------------------------------------------------------------------------------------------------------------------------------------------------------------------------------------------------------------
3007------------------------------------------------------------------------------------------------------------------------------------------------------------------------------------------------------------------------------------------------
3008------------------------------------------------------------------------------------------------------------------------------------------------------------------------------------------------------------------------------------------------
3009------------------------------------------------------------------------------------------------------------------------------------------------------------------------------------------------------------------------------------------------
3010------------------------------------------------------------------------------------------------------------------------------------------------------------------------------------------------------------------------------------------------
3011------------------------------------------------------------------------------------------------------------------------------------------------------------------------------------------------------------------------------------------------
3012------------------------------------------------------------------------------------------------------------------------------------------------------------------------------------------------------------------------------------------------
3013------------------------------------------------------------------------------------------------------------------------------------------------------------------------------------------------------------------------------------------------
3014------------------------------------------------------------------------------------------------------------------------------------------------------------------------------------------------------------------------------------------------
3015------------------------------------------------------------------------------------------------------------------------------------------------------------------------------------------------------------------------------------------------
3016------------------------------------------------------------------------------------------------------------------------------------------------------------------------------------------------------------------------------------------------
3017------------------------------------------------------------------------------------------------------------------------------------------------------------------------------------------------------------------------------------------------
3018------------------------------------------------------------------------------------------------------------------------------------------------------------------------------------------------------------------------------------------------
3019------------------------------------------------------------------------------------------------------------------------------------------------------------------------------------------------------------------------------------------------
3020------------------------------------------------------------------------------------------------------------------------------------------------------------------------------------------------------------------------------------------------
3021------------------------------------------------------------------------------------------------------------------------------------------------------------------------------------------------------------------------------------------------
3022------------------------------------------------------------------------------------------------------------------------------------------------------------------------------------------------------------------------------------------------
3023------------------------------------------------------------------------------------------------------------------------------------------------------------------------------------------------------------------------------------------------
3100------------------------------------------------------------------------------------------------------------------------------------------------------------------------------------------------------------------------------------------------
3101------------------------------------------------------------------------------------------------------------------------------------------------------------------------------------------------------------------------------------------------
3102------------------------------------------------------------------------------------------------------------------------------------------------------------------------------------------------------------------------------------------------
3103------------------------------------------------------------------------------------------------------------------------------------------------------------------------------------------------------------------------------------------------
3104------------------------------------------------------------------------------------------------------------------------------------------------------------------------------------------------------------------------------------------------
3105------------------------------------------------------------------------------------------------------------------------------------------------------------------------------------------------------------------------------------------------
3106------------------------------------------------------------------------------------------------------------------------------------------------------------------------------------------------------------------------------------------------
3107------------------------------------------------------------------------------------------------------------------------------------------------------------------------------------------------------------------------------------------------
3108------------------------------------------------------------------------------------------------------------------------------------------------------------------------------------------------------------------------------------------------
3109------------------------------------------------------------------------------------------------------------------------------------------------------------------------------------------------------------------------------------------------
3110------------------------------------------------------------------------------------------------------------------------------------------------------------------------------------------------------------------------------------------------
3111------------------------------------------------------------------------------------------------------------------------------------------------------------------------------------------------------------------------------------------------
3112------------------------------------------------------------------------------------------------------------------------------------------------------------------------------------------------------------------------------------------------
3113------------------------------------------------------------------------------------------------------------------------------------------------------------------------------------------------------------------------------------------------
3114------------------------------------------------------------------------------------------------------------------------------------------------------------------------------------------------------------------------------------------------
3115------------------------------------------------------------------------------------------------------------------------------------------------------------------------------------------------------------------------------------------------
3116------------------------------------------------------------------------------------------------------------------------------------------------------------------------------------------------------------------------------------------------
3117------------------------------------------------------------------------------------------------------------------------------------------------------------------------------------------------------------------------------------------------
3118------------------------------------------------------------------------------------------------------------------------------------------------------------------------------------------------------------------------------------------------
3119------------------------------------------------------------------------------------------------------------------------------------------------------------------------------------------------------------------------------------------------
3120------------------------------------------------------------------------------------------------------------------------------------------------------------------------------------------------------------------------------------------------
