58265 2012   091213603204   65   24 6670   55    1--------------------------------------------------------------------------------------------------------------------------------------------------------------------------------------------------
3121 233 233 233 233 232 232 232 232 232 232 232 232 232 232 233 232 232 232 232 232 232 232 232 232 232 232 233 232 232 232 232 233 233 233 233 233 234 234 235 235 236 236 236 236 236 236 235 235 234 234 234 234 234 234 233 233 233 233 233 233
3122 234 234 234 234 234 234 234 234 234 233 233 233 233 233 233 233 233 233 233 233 233 232 232 232 232 232 232 233 233 233 233 233 234 234 233 233 233 233 234 234 233 233 233 233 233 233 232 232 232 232 231 231 231 231 231 231 231 231 230 230
3123 230 230 230 230 230 230 231 230 230 230 230 230 230 230 230 230 230 230 230 230 230 230 230 230 230 230 230 230 230 229 229 229 229 229 229 229 229 229 229 229 229 229 229 229 229 228 228 228 228 228 228 228 228 228 228 228 228 229 229 228
0100 228 229 229 229 229 229 229 229 230 230 230 229 229 230 230 230 230 230 230 230 230 230 230 231 231 231 231 231 231 231 231 231 231 231 231 230 230 230 230 230 230 230 230 230 230 229 229 229 229 229 229 229 229 229 229 229 229 229 230 230
0101 230 230 230 229 229 229 229 229 228 229 229 229 229 229 229 228 228 228 228 228 228 228 227 227 227 228 228 228 229 229 229 229 229 229 229 229 229 229 230 230 230 229 229 230 230 229 229 229 229 229 229 228 228 228 227 228 228 228 228 228
0102 228 228 228 228 228 228 228 228 228 228 228 228 228 228 228 227 227 227 227 227 227 227 227 227 227 227 227 227 227 227 227 227 226 226 227 227 227 227 227 227 227 227 227 227 227 227 227 227 227 226 226 226 226 226 226 226 226 226 226 226
0103 226 227 227 227 227 227 227 227 227 227 227 228 228 228 228 228 228 228 227 227 227 227 227 227 227 227 227 227 227 227 227 227 226 226 226 226 226 226 226 227 227 227 227 227 227 226 226 226 226 226 226 226 226 226 226 226 226 226 226 226
0104 226 226 226 226 226 227 227 227 226 226 227 226 226 227 227 227 227 227 227 227 227 226 226 226 226 226 226 226 226 226 226 226 226 226 226 226 226 226 226 227 227 226 226 226 226 226 226 226 226 226 226 226 225 225 226 226 226 225 225 226
0105 226 226 226 226 226 226 226 226 226 226 226 226 226 226 226 226 226 226 227 227 227 227 227 226 226 226 226 226 226 226 226 226 226 226 226 226 226 226 226 226 226 226 227 226 226 225 225 225 226 226 226 226 226 226 226 226 226 226 226 226
0106 226 226 226 226 226 226 226 226 226 226 226 226 226 226 226 226 226 226 226 226 226 226 226 226 226 226 226 226 226 226 226 226 226 227 226 226 226 226 226 226 226 226 226 226 226 226 226 226 226 226 227 226 227 227 227 227 227 227 227 227
0107 227 227 227 227 227 227 228 228 228 229 229 229 229 228 228 228 228 228 228 228 228 229 229 230 230 230 231 231 231 231 231 232 231 232 232 232 232 231 231 231 231 230 230 230 230 230 229 229 229 229 228 229 229 229 229 229 229 229 229 229
0108 229 229 229 229 229 228 229 229 229 228 229 229 229 228 229 229 229 229 229 229 229 229 229 229 229 229 229 229 229 229 229 229 229 229 230 230 230 229 229 230 230 230 230 230 230 230 230 230 229 230 230 231 231 231 231 231 231 232 232 232
0109 231 232 232 232 232 232 233 233 233 233 233 233 233 233 233 233 233 233 234 234 233 234 234 234 234 234 234 234 234 234 234 234 234 234 234 234 234 234 234 234 234 234 234 234 234 234 234 233 234 233 234 233 234 234 233 233 233 233 233 233
0110 233 233 233 233 233 233 233 233 233 233 233 233 233 233 233 233 233 233 233 233 232 232 232 232 231 231 231 231 230 229 229 229 229 229 229 228 228 228 227 227 227 226 226 226 226 225 225 225 225 225 224 224 224 224 223 223 223 223 223 223
0111 222 222 222 221 221 221 221 221 220 220 220 220 220 220 220 220 220 220 220 220 220 221 221 221 221 221 221 222 222 222 223 223 223 223 223 223 224 224 224 223 224 223 224 224 224 224 224 224 224 224 224 224 224 223 223 224 224 224 224 224
0112 224 224 224 224 224 223 224 224 224 224 223 224 224 223 223 224 223 224 223 223 224 224 224 224 224 224 224 224 224 225 225 225 225 225 225 225 225 225 226 225 224 225 225 225 225 225 225 225 224 224 224 224 224 224 224 224 224 224 224 224
0113 224 224 224 224 224 223 223 223 223 223 223 224 224 224 224 224 224 224 224 225 224 224 225 225 225 225 225 225 225 225 225 225 225 225 226 226 225 225 225 225 225 225 225 225 225 224 224 224 224 224 223 223 223 223 222 222 222 222 222 221
0114 222 222 222 221 221 221 221 220 221 220 220 220 219 219 219 219 218 219 219 219 219 219 219 219 219 219 219 219 219 219 219 219 219 218 218 218 218 218 218 218 217 217 217 217 218 218 218 217 218 218 218 218 217 217 217 217 217 216 217 217
0115 216 216 216 216 216 216 216 215 215 215 215 214 215 214 214 214 214 214 214 214 214 215 214 214 214 214 213 213 213 213 213 213 213 213 213 213 213 213 213 213 213 213 213 213 213 213 213 213 213 214 214 214 214 213 214 213 213 213 213 213
0116 213 213 213 212 212 212 212 211 211 211 211 211 211 211 211 211 210 210 210 211 210 210 210 210 210 341 210 210 210 210 210 210 209 209 210 210 209 209 209 209 209 209 209 209 208 209 208 209 208 207 207 207 206 206 206 206 205 205 206 205
0117 206 205 205 206 206 205 206 206 206 206 206 205 206 206 205 205 205 205 205 204 204 204 203 203 203 203 203 203 203 202 202 202 202 202 202 202 202 202 202 202 202 202 202 202 202 202 202 201 201 201 201 201 201 201 201 201 201 200 200 200
0118 200 201 201 201 201 201 200 200 201 201 201 200 199 199 199 199 199 200 199 199 200 200 200 200 200 201 201 201 200 200 200 200 200 200 200 200 200 199 199 200 199 200 200 199 200 200 200 200 200 201 200 201 201 200 200 200 200 201 201 201
0119 200 201 200 200 200 200 200 201 201 201 201 201 201 201 201 202 203 202 202 202 203 203 203 202 202 202 202 202 202 202 202 202 202 202 202 202 202 202 201 201 200 200 200 201 201 201 200 200 200 200 200 200 200 199 199 198 198 198 198 199
0120 199 199 199 199 199 200 200 200 200 200 200 199 199 200 200 200 200 200 200 200 200 200 200 199 199 199 198 198 198 198 198 197 197 197 197 197 197 196 196 196 287 195 195 195 195 195 195 195 195 195 195 194 194 194 194 195 195 195 196 195
0121 195 195 195 195 195 196 196 196 196 196 197 197 197 197 198 198 199 199 200 200 201 201 201 201 202 202 202 202 202 202 202 202 203 203 203 203 204 204 204 204 204 204 204 204 203 203 204 204 204 204 204 204 204 204 204 204 204 204 204 204
0122 204 204 205 205 205 205 205 205 205 205 206 206 206 206 206 206 206 206 205 205 205 205 205 205 205 205 205 205 205 205 205 205 205 205 205 205 205 205 205 205 205 205 205 205 205 205 205 205 205 205 205 205 205 206 206 206 206 206 206 206
0123 206 206 206 206 206 206 206 205 206 205 205 205 205 205 205 205 205 205 205 205 205 204 204 204 204 204 204 204 204 204 204 204 204 204 204 204 204 204 204 204 203 204 204 204 204 204 204 204 204 204 204 204 204 204 204 204 204 204 204 204
0200 204 204 204 203 204 203 203 204 203 203 203 203 203 203 203 203 203 203 203 203 203 202 202 202 202 202 202 202 202 202 202 202 202 202 202 202 202 202 202 202 201 201 202 202 202 202 202 202 202 202 202 202 202 202 202 267 202 202 202 202
0201 202 202 202 202 202 202 202 202 202 202 201 202 201 201 200 200 201 201 201 202 202 202 202 202 201 201 201 201 201 202 201 202 202 202 202 202 202 202 202 202 201 201 201 201 202 202 202 202 202 202 201 201 201 201 201 201 202 202 201 201
0202 201 200 199 199 198 198 198 198 198 198 197 197 197 197 197 197 197 197 196 196 195 195 195 195 195 194 194 194 194 194 194 194 195 195 195 195 195 195 194 194 194 194 194 194 194 195 195 194 194 194 194 194 194 193 193 193 193 193 194 194
0203 194 193 193 193 193 193 193 193 193 193 193 193 193 193 192 192 192 192 192 191 191 192 192 192 192 192 192 192 192 192 192 192 192 192 192 192 192 192 192 192 192 192 192 193 192 192 192 192 193 193 193 192 192 192 192 192 192 192 192 192
0204 192 192 193 193 193 193 193 193 193 192 192 192 192 192 192 192 192 192 192 192 192 192 192 192 192 192 192 192 192 192 192 193 193 193 193 193 193 192 192 192 192 192 192 193 193 194 195 196 197 197 198 198 198 198 198 198 196 196 195 195
0205 195 195 195 195 194 195 195 195 194 194 256 194 194 194 194 193 193 193 193 193 193 194 193 193 193 193 193 193 193 193 193 193 193 193 193 193 192 193 192 192 192 191 191 191 191 191 191 191 191 191 191 191 191 191 191 191 191 191 191 191
0206 191 191 190 190 190 190 190 190 190 190 190 190 190 190 190 190 190 190 190 190 190 190 190 190 189 189 189 189 189 190 190 189 189 189 189 189 189 189 189 189 189 189 189 190 190 189 190 190 190 190 190 190 190 190 190 190 189 189 190 190
0207 190 190 190 190 191 191 191 191 191 191 191 191 191 191 192 192 192 192 193 193 193 193 194 194 193 193 193 194 194 194 194 194 193 194 193 193 193 193 193 193 193 193 193 193 193 193 193 193 193 193 193 193 193 193 194 194 194 194 194 194
0208 194 194 194 194 194 194 194 194 194 195 195 195 195 195 195 196 196 196 196 196 196 196 196 196 196 197 197 197 197 197 198 198 199 200 200 200 200 200 200 200 201 202 202 202 204 204 205 206 207 208 209 210 211 213 215 216 216 217 218 219
0209 219 218 217 217 217 217 216 215 214 214 214 214 213 213 213 214 214 214 213 213 212 212 212 212 212 273 213 213 213 213 213 213 213 213 214 215 216 216 217 217 217 216 216 217 218 218 218 218 219 219 218 219 218 218 218 218 217 217 218 218
0210 218 219 219 219 220 221 222 223 222 222 222 223 223 223 222 222 223 223 223 223 223 223 223 222 222 222 222 223 223 222 223 222 222 222 223 223 224 224 225 226 226 226 227 228 227 227 227 227 227 228 229 229 229 230 230 230 230 231 232 233
0211 234 234 234 234 235 235 236 237 236 236 236 236 236 237 237 237 236 236 236 235 235 235 236 236 236 235 236 236 236 236 236 237 238 240 241 242 242 241 240 239 238 239 240 241 241 241 241 241 241 241 242 242 241 242 242 241 240 239 239 238
0212 238 237 237 237 238 239 240 240 241 241 242 242 241 241 241 240 240 240 241 242 244 244 245 245 245 246 247 248 249 250 250 250 251 253 254 254 254 255 255 255 255 256 259 261 263 264 265 265 262 259 259 259 261 263 264 265 266 266 265 264
0213 265 265 266 264 263 263 263 262 262 263 265 267 267 266 267 267 266 266 266 268 270 272 271 272 274 275 275 274 273 273 273 275 276 276 277 279 279 281 283 285 286 286 284 282 280 278 279 280 282 283 284 284 284 284 284 284 284 283 285 288
0214 289 289 290 291 293 294 293 293 291 288 286 285 286 287 288 288 288 290 291 290 289 289 287 287 288 288 290 292 292 292 292 290 288 287 287 287 288 290 292 291 292 292 291 291 291 291 292 292 292 292 292 292 292 290 289 288 288 289 289 290
0215 291 291 292 292 291 289 289 289 291 293 294 293 292 293 292 292 293 294 294 293 292 292 292 292 293 292 290 289 290 290 290 290 291 291 291 291 291 290 290 292 294 294 294 295 295 295 293 295 296 297 296 293 293 294 296 298 300 301 300 300
0216 301 299 298 298 297 297 295 294 293 292 292 291 292 294 294 294 293 293 292 293 292 292 292 293 293 293 293 294 294 293 293 293 293 294 295 297 297 298 297 296 294 293 292 292 293 294 296 296 295 294 295 296 297 298 298 299 298 298 299 299
0217 300 300 300 301 301 300 300 299 298 298 298 299 299 298 298 298 299 300 302 304 305 305 305 304 303 303 302 300 299 297 296 295 293 293 292 292 291 291 291 291 292 292 293 293 294 295 295 295 295 294 293 293 292 292 293 293 293 293 293 292
0218 292 291 291 291 291 291 291 291 291 290 291 291 291 290 290 290 290 290 290 289 289 289 288 287 286 286 285 285 285 285 284 284 284 284 283 283 283 282 282 281 281 281 281 280 279 280 280 279 280 280 279 279 279 279 279 279 278 278 278 279
0219 279 278 278 277 277 277 276 277 276 276 277 277 276 276 276 276 275 275 275 274 274 274 274 273 273 273 273 272 272 272 271 271 271 271 271 271 271 272 272 271 271 270 269 269 269 268 268 267 266 266 266 265 264 264 263 262 263 263 263 262
0220 261 260 259 258 257 256 255 255 254 253 253 253 252 252 251 251 251 251 251 250 250 249 249 248 248 248 248 248 247 247 246 246 246 245 245 245 245 245 245 244 244 244 245 246 246 246 245 244 244 244 243 243 243 242 242 242 242 242 242 242
0221 242 241 241 240 240 240 240 239 239 239 239 239 238 238 238 238 238 237 237 237 238 239 239 238 238 238 238 238 238 238 237 237 237 237 237 237 237 237 236 236 236 235 235 235 234 234 234 233 233 233 233 233 233 232 232 232 232 232 233 233
0222 232 232 232 232 232 232 232 232 232 231 231 231 231 231 231 231 231 231 231 231 231 231 231 231 231 231 231 231 232 231 231 232 232 232 232 232 232 231 231 231 231 231 230 230 230 230 230 230 230 230 230 230 230 230 230 229 229 229 229 228
0223 228 228 228 228 228 228 228 228 228 228 228 228 228 228 228 228 229 229 229 229 229 228 228 228 228 228 228 228 228 228 228 227 227 227 227 227 227 227 227 227 227 227 227 227 227 227 227 227 227 227 227 226 226 226 226 225 225 225 225 224
0300 225 225 225 225 225 224 224 225 224 224 224 225 224 224 224 224 224 224 224 224 224 224 224 223 223 223 224 224 223 223 223 223 223 223 223 223 222 223 223 223 223 223 224 224 223 223 223 223 224 223 223 223 223 223 223 223 223 223 223 223
0301 223 223 223 223 222 222 222 223 223 223 223 223 223 224 224 224 224 224 224 223 223 223 223 223 223 223 223 223 223 222 222 222 222 222 222 222 222 222 222 222 222 222 222 222 222 222 221 221 222 222 222 222 222 222 222 222 221 221 221 221
0302 221 222 222 222 222 222 222 222 222 221 221 221 221 221 221 221 220 220 220 220 220 219 219 219 219 219 219 219 219 219 219 218 218 218 218 218 218 218 218 218 218 218 218 218 218 218 218 218 217 217 217 217 217 216 216 217 217 217 216 216
0303 216 216 217 217 217 217 217 216 216 216 216 216 216 216 216 216 216 216 216 217 217 217 217 217 217 217 217 217 217 218 217 218 218 217 217 218 217 218 218 218 218 218 218 218 218 217 218 219 219 218 218 218 218 218 218 218 217 217 217 217
0304 217 217 217 217 217 217 218 218 217 217 217 217 216 216 216 216 216 216 216 216 216 216 216 216 216 216 216 215 215 215 215 215 214 214 214 214 214 214 214 213 213 213 213 213 213 213 213 213 212 212 212 212 212 212 212 212 212 212 212 212
0305 212 212 212 212 212 212 212 212 212 212 212 211 212 212 212 212 212 212 212 211 211 211 211 211 211 210 210 210 210 210 209 209 209 209 209 209 209 209 209 209 209 209 209 208 208 208 208 208 208 208 208 208 208 208 208 208 208 207 207 207
0306 207 207 207 207 207 206 206 206 206 206 207 206 206 206 206 206 206 206 206 206 206 206 206 206 206 206 206 206 206 206 206 206 206 207 207 207 206 206 206 206 206 206 206 206 206 206 206 206 205 205 205 205 205 205 205 205 205 205 205 205
0307 205 205 205 205 205 205 205 205 205 205 204 204 204 204 204 204 204 204 204 204 204 204 204 204 204 203 203 203 203 203 203 203 203 203 203 203 203 203 203 203 203 203 203 203 202 202 202 202 202 202 202 202 202 202 202 202 202 202 202 202
0308 202 202 202 202 202 202 202 202 203 203 203 204 204 204 204 204 205 205 205 205 206 207 207 208 209 209 209 210 210 210 211 212 212 213 213 214 215 215 216 216 216 216 217 218 218 218 219 219 219 219 219 219 219 220 220 221 222 222 223 223
0309 224 225 225 226 227 228 229 229 229 230 230 230 231 231 231 231 231 232 232 233 233 234 234 234 235 235 236 237 237 238 238 238 237 237 236 236 236 236 236 236 236 236 237 237 237 238 238 239 239 239 239 240 240 241 243 244 245 246 248 251
0310 253 254 253 251 250 250 250 250 250 250 250 249 249 249 250 250 250 250 250 250 250 251 252 252 253 254 253 253 254 254 255 256 257 257 258 258 258 259 260 260 259 257 257 258 259 259 260 260 260 260 260 260 260 259 259 260 260 260 260 260
0311 260 261 261 261 261 261 261 262 263 265 266 267 269 270 270 270 271 273 275 275 275 275 275 274 274 274 273 273 274 274 273 272 274 275 275 275 274 273 272 272 272 272 274 275 276 277 278 277 277 278 279 280 280 280 281 282 281 282 282 280
0312 277 276 276 276 276 279 279 280 280 281 282 283 284 284 285 285 285 286 286 285 285 286 288 289 289 290 289 291 294 296 295 294 295 296 298 297 294 294 296 296 295 294 294 294 293 292 290 289 289 289 291 291 291 292 291 291 293 296 297 297
0313120612061206120612061206120612061206120612061206120612061206120612061206120612061206120612061206120612061206120612061206120612061206120612061206120612061206120612061206120612061206120612061206120612061206120612061206120612061206120612061206
0314120612061206120612061206120612061206120612061206120612061206120612061206120612061206120612061206120612061206120612061206120612061206120612061206120612061206120612061206120612061206120612061206120612061206120612061206120612061206120612061206
0315120612061206120612061206120612061206120612061206120612061206120612061206120612061206120612061206120612061206120612061206120612061206120612061206120612061206120612061206120612061206120612061206120612061206120612061206120612061206120612061206
0316120612061206120612061206120612061206120612061206120612061206120612061206120612061206120612061206120612061206120612061206120612061206120612061206120612061206120612061206120612061206120612061206120612061206120612061206120612061206120612061206
0317120612061206120612061206120612061206120612061206120612061206120612061206120612061206120612061206120612061206120612061206120612061206120612061206120612061206120612061206120612061206120612061206120612061206120612061206120612061206120612061206
0318120612061206120612061206120612061206120612061206120612061206120612061206120612061206120612061206120612061206120612061206120612061206120612061206120612061206120612061206120612061206120612061206120612061206120612061206120612061206120612061206
0319120612061206120612061206120612061206120612061206120612061206120612061206120612061206120612061206120612061206120612061206120612061206120612061206120612061206120612061206120612061206120612061206120612061206120612061206120612061206120612061206
0320120612061206120612061206120612061206120612061206120612061206120612061206120612061206120612061206120612061206120612061206120612061206120612061206120612061206120612061206120612061206120612061206120612061206120612061206120612061206120612061206
0321120612061206120612061206120612061206120612061206120612061206120612061206120612061206120612061206120612061206120612061206120612061206120612061206120612061206120612061206120612061206120612061206120612061206120612061206120612061206120612061206
0322120612061206120612061206120612061206120612061206120612061206120612061206120612061206120612061206120612061206120612061206120612061206120612061206120612061206120612061206120612061206120612061206120612061206120612061206120612061206120612061206
0323120612061206120612061206120612061206120612061206120612061206120612061206120612061206120612061206120612061206120612061206120612061206120612061206120612061206120612061206120612061206120612061206120612061206120612061206120612061206120612061206
0400 294 294 294 293 293 293 293 293 292 292 292 292 291 291 290 290 290 290 290 290 289 289 288 288 288 287 287 286 286 286 285 285 285 284 284 285 284 284 284 284 284 284 284 284 285 284 284 284 283 282 281 281 280 279 278 277 277 277 277 277
0401 277 277 277 276 275 275 275 275 275 275 274 273 273 273 273 273 273 273 272 272 272 271 271 271 270 270 270 270 270 270 270 269 269 269 269 268 268 268 267 267 267 266 266 266 266 266 266 266 266 265 265 265 265 264 265 265 264 264 264 264
0402 264 264 264 263 263 262 263 263 263 264 266 266 266 266 267 267 268 268 268 268 268 269 269 269 269 269 269 269 269 268 268 268 268 268 268 268 268 268 268 268 268 268 268 268 269 269 270 270 270 270 270 270 270 269 269 269 269 269 269 269
0403 268 268 268 268 269 268 268 268 269 269 269 269 268 268 268 267 267 267 267 266 266 266 265 265 265 265 265 264 264 264 264 264 264 264 264 264 264 264 265 265 265 266 266 266 266 266 266 266 266 265 265 264 264 264 264 265 264 265 264 264
0404 264 265 265 266 266 266 266 266 267 267 267 267 268 268 268 268 268 269 269 269 269 269 269 268 267 267 267 266 265 264 263 262 262 261 261 261 260 260 260 259 259 259 259 258 258 258 258 257 257 257 258 258 258 258 258 258 258 257 257 257
0405 257 256 257 257 258 258 258 259 259 259 260 260 260 261 262 262 262 263 263 263 262 262 262 262 262 261 262 261 262 262 262 262 262 262 261 261 261 261 261 260 260 260 260 260 260 260 260 260 260 260 259 259 258 258 258 257 256 256 256 256
0406 255 254 254 253 253 253 253 253 253 254 255 255 256 256 257 257 257 258 260 260 260 261 262 262 262 262 262 262 262 262 262 262 262 262 262 262 262 262 262 262 261 261 261 261 260 260 260 260 260 260 259 259 259 259 259 259 259 259 260 260
0407 260 261 261 261 261 262 262 263 262 262 262 262 262 262 262 262 262 263 263 263 263 263 264 264 265 265 265 265 265 265 265 265 265 266 267 268 268 268 268 269 269 269 269 270 270 270 270 271 271 272 272 272 273 273 273 274 275 274 274 275
0408 276 275 275 276 276 276 276 276 276 276 277 277 277 277 277 278 278 279 280 280 280 281 281 281 282 282 283 284 284 284 284 284 284 285 285 286 286 286 287 288 289 291 292 293 295 296 297 298 299 301 301 301 301 300 300 299 300 300 300 301
0409 302 303 301 300 299 299 299 299 299 299 299 299 299 299 298 298 297 297 296 295 295 295 295 295 295 295 295 295 295 295 295 295 295 295 295 296 296 296 296 296 296 296 297 297 298 297 297 298 298 299 299 300 299 300 300 300 301 301 302 303
0410 304 304 303 303 304 305 307 308 310 308 307 306 307 309 310 310 310 310 243 309 308 307 306 306 306 306 306 306 307 307 307 307 307 306 307 309 310 312 312 311 310 310 310 310 309 308 308 308 309 310 313 314 313 311 311 312 314 316 317 320
0411 322 322 321 321 321 321 319 318 317 319 320 321 320 321 319 318 318 316 315 314 314 316 318 319 319 321 321 320 319 317 318 318 317 318 319 320 320 319 319 318 318 318 317 317 318 318 318 317 317 319 320 319 319 321 322 324 324 324 324 323
0412 323 323 322 323 323 323 323 323 323 322 324 323 322 322 322 323 324 323 321 319 320 320 322 323 321 319 318 318 318 318 318 319 320 321 321 320 321 321 320 320 320 320 320 320 320 320 319 320 321 321 321 320 321 322 323 323 322 321 321 323
0413 323 323 324 324 324 324 323 322 323 323 324 324 324 324 324 324 324 323 324 325 325 325 327 328 329 329 329 330 331 330 329 330 329 330 331 329 328 328 328 327 328 328 330 332 333 332 332 332 331 332 332 330 330 330 330 330 331 330 332 333
0414 335 335 333 333 334 334 334 335 336 335 335 335 334 333 333 334 335 336 335 333 333 333 333 334 333 332 331 331 332 334 335 334 334 245 333 333 333 333 333 332 330 331 331 332 333 334 334 333 332 331 331 331 331 332 331 332 332 331 332 332
0415 332 332 331 331 332 332 331 331 332 332 332 331 332 333 335 335 335 335 335 335 336 336 336 336 337 337 337 337 337 336 335 335 335 334 334 334 335 335 336 336 336 336 337 336 336 336 335 335 333 332 332 332 333 332 332 333 333 333 333 335
0416 336 336 336 334 333 333 334 334 334 332 331 331 332 333 334 334 334 333 332 332 332 332 332 332 333 333 333 333 333 332 332 332 332 333 332 331 331 330 329 329 330 329 329 328 328 327 327 327 327 327 326 326 325 325 324 324 323 323 323 322
0417 322 322 322 321 320 320 320 320 320 320 320 319 319 319 319 319 320 320 320 320 320 320 320 320 320 320 320 320 319 319 319 320 319 319 320 320 320 320 320 320 320 321 321 321 321 320 320 320 320 320 320 319 319 319 319 319 319 319 318 318
0418 318 318 318 318 318 317 317 317 317 317 317 317 316 316 316 316 315 315 315 315 315 315 314 314 314 313 313 313 313 313 313 312 312 312 312 312 312 311 311 311 311 311 311 311 311 311 311 310 205 310 310 309 309 309 309 309 308 308 308 308
0419 308 307 307 307 307 307 307 307 306 306 306 306 306 306 306 306 306 306 306 305 305 305 305 305 305 305 305 305 304 304 304 304 303 303 303 303 303 304 304 304 303 303 303 302 302 302 302 302 302 302 302 302 302 302 302 301 301 301 301 301
0420 301 301 301 301 301 301 301 301 300 300 300 300 300 300 300 300 300 300 299 299 299 299 299 299 299 298 298 298 298 298 298 298 298 297 297 297 297 296 296 295 296 296 296 296 295 295 295 295 295 295 295 294 294 294 293 293 293 293 293 293
0421 292 292 292 292 292 292 291 291 291 291 291 291 291 291 290 290 290 290 290 290 290 290 290 290 290 290 289 289 289 289 288 288 288 288 288 289 288 288 288 288 288 288 288 288 288 288 288 288 288 288 288 288 288 288 288 288 288 288 288 288
0422 288 288 287 287 287 287 287 287 287 287 288 288 287 287 287 287 287 287 287 287 287 287 287 287 286 286 287 286 287 287 287 286 286 287 286 286 286 286 286 286 286 286 285 285 285 285 285 286 285 286 286 286 286 286 285 286 286 286 286 286
0423 286 286 286 198 286 286 286 286 286 286 286 286 286 286 286 285 285 285 285 285 285 285 285 285 284 284 284 285 285 285 285 285 285 285 285 284 285 285 285 285 285 284 284 284 284 284 283 283 283 283 282 283 283 283 283 283 283 283 283 283
0500 282 283 283 283 282 282 282 282 282 283 283 283 283 282 282 282 282 282 283 283 282 282 283 283 283 283 283 284 283 283 284 284 284 285 285 285 285 285 285 285 285 285 285 285 285 285 285 285 285 285 285 285 285 285 285 285 285 285 285 285
0501 285 285 285 285 285 285 285 285 285 285 285 285 285 285 285 285 284 284 284 283 282 281 280 280 279 279 279 279 279 278 278 278 278 278 278 277 277 276 276 275 275 275 274 274 273 273 273 273 273 273 273 273 272 272 272 272 271 271 271 271
0502 271 271 271 271 271 271 271 270 270 270 270 270 270 270 270 271 271 271 271 271 270 270 270 270 270 270 270 270 269 269 269 269 269 269 269 269 268 268 269 269 269 269 269 269 269 268 268 268 267 267 267 267 266 266 265 265 265 265 265 265
0503 265 264 265 265 265 265 264 264 264 264 264 264 264 264 264 264 264 264 198 264 264 264 263 263 263 263 263 263 263 263 262 262 262 262 262 261 261 261 261 260 260 260 260 260 260 260 260 259 259 259 259 259 259 259 259 259 259 259 259 259
0504 259 259 259 259 259 259 259 259 259 259 259 259 259 258 258 258 258 258 257 257 257 257 257 257 257 256 257 256 256 256 256 256 256 256 256 256 255 255 255 255 255 255 255 255 255 255 255 255 255 255 255 255 255 255 255 255 255 255 255 255
0505 255 255 255 255 255 254 254 254 254 254 254 254 254 254 254 254 254 254 254 254 254 255 255 255 254 254 254 254 254 254 254 254 254 254 254 255 255 254 254 255 255 255 255 255 255 255 255 255 255 255 255 255 255 255 255 255 255 255 256 256
0506 256 256 256 256 256 256 256 256 256 256 257 257 257 257 257 257 257 257 257 257 257 257 257 257 257 257 257 257 257 257 257 257 257 257 257 257 257 257 257 257 257 257 257 258 258 258 258 258 258 258 258 258 258 258 258 258 258 259 259 259
0507 259 259 258 258 258 258 258 258 259 258 258 259 259 259 259 260 260 260 260 260 260 260 261 261 261 261 261 261 261 261 261 261 261 261 261 262 262 262 262 262 262 263 263 263 263 263 263 263 263 263 263 264 263 264 264 264 264 264 264 264
0508 264 264 265 265 265 265 265 265 265 266 266 266 266 267 267 267 267 268 268 268 269 269 270 270 270 270 270 271 271 271 272 272 272 273 273 273 274 274 274 274 274 274 274 274 274 275 275 276 276 276 277 277 277 277 278 278 278 278 278 277
0509 277 277 277 277 277 277 277 277 277 277 276 276 276 276 277 277 277 278 278 278 277 278 278 278 278 278 278 278 278 278 278 279 280 280 280 280 280 280 280 279 280 280 280 281 282 283 283 284 284 285 285 285 285 283 282 281 281 282 283 283
0510 283 283 281 281 281 281 281 281 281 281 281 282 282 283 282 281 282 282 282 284 284 284 283 283 284 284 284 284 284 284 285 286 285 287 288 289 291 292 293 293 292 289 288 288 288 288 288 288 289 290 290 290 289 290 290 291 293 295 296 294
0511 292 292 291 290 290 289 290 290 292 292 294 295 294 292 293 293 294 295 295 296 296 296 295 295 295 295 293 293 292 291 292 294 295 296 295 294 294 295 295 296 297 294 293 293 292 292 293 293 293 293 294 296 297 298 298 297 296 297 299 298
0512 300 302 303 300 299 299 298 298 299 300 300 300 298 298 298 299 299 300 301 300 299 300 301 300 300 301 303 304 304 305 303 302 301 302 303 303 302 301 300 300 301 301 301 300 301 301 301 302 304 302 301 303 305 306 306 304 304 305 307 308
0513 308 307 306 306 305 305 306 306 306 306 307 308 307 306 305 305 307 306 307 307 307 306 306 306 305 306 307 307 307 308 309 309 309 310 310 310 310 309 309 309 308 308 309 310 309 308 308 306 305 306 308 309 309 310 310 311 312 312 311 309
0514 309 309 310 311 312 314 313 314 315 315 314 316 317 316 315 312 311 312 312 312 311 311 312 312 312 312 313 314 315 315 317 317 318 318 318 319 319 317 316 316 316 317 316 316 316 316 314 315 317 318 317 318 319 319 317 316 316 315 314 312
0515 312 314 315 317 319 321 322 322 323 323 321 321 320 320 319 318 318 319 320 322 321 321 322 323 322 321 319 318 317 317 316 316 316 317 317 315 314 313 313 314 314 314 314 314 314 314 314 316 316 316 316 316 316 316 318 318 317 317 316 316
0516 316 316 316 316 318 318 316 316 317 318 319 320 320 320 319 319 318 317 316 314 313 313 312 312 312 312 312 312 312 312 312 312 311 311 311 311 311 311 310 310 310 310 310 310 310 311 311 311 310 310 310 310 310 310 311 311 311 311 312 312
0517 312 312 312 312 312 312 312 312 313 313 313 313 313 314 314 314 314 314 313 313 313 312 312 311 311 312 312 312 312 312 312 313 312 312 312 311 311 311 312 312 312 312 311 311 311 311 311 310 310 310 310 310 309 309 309 309 309 309 309 309
0518 309 308 308 309 308 308 308 308 308 308 309 309 308 308 308 308 307 307 307 307 306 306 305 305 305 304 304 304 304 304 304 304 304 304 304 303 304 303 303 303 303 303 302 302 302 302 302 302 302 301 301 301 301 301 301 301 300 300 300 300
0519 300 300 300 300 300 299 299 299 299 299 299 298 298 298 297 297 296 296 296 296 295 295 295 295 295 295 295 294 294 294 294 294 293 293 293 292 292 292 292 292 292 292 292 292 292 291 291 291 291 291 291 291 291 291 291 291 291 291 291 291
0520 291 291 291 291 291 291 290 291 290 290 290 290 290 290 290 290 290 290 290 290 290 290 290 290 290 289 289 289 289 289 289 289 289 289 289 289 289 289 288 287 286 285 284 283 282 282 281 280 279 278 277 277 276 275 274 274 274 274 273 273
0521 274 274 274 274 274 274 275 274 275 275 275 275 275 275 275 275 275 275 275 276 276 276 276 276 276 276 277 278 279 279 279 277 275 274 273 271 270 269 267 266 264 262 261 260 258 258 257 257 256 255 254 254 254 254 253 253 253 253 252 252
0522 251 250 249 248 248 248 247 247 247 247 247 246 246 247 247 247 247 247 246 246 246 246 246 246 246 247 247 247 247 247 247 247 247 247 247 247 247 247 247 246 246 246 246 246 246 246 246 246 246 246 246 246 246 246 246 246 246 246 246 246
0523 246 246 246 246 246 245 245 245 244 243 242 242 242 241 241 241 241 241 240 240 240 240 240 240 240 239 239 239 239 239 239 239 239 239 239 239 239 239 239 239 239 239 239 239 239 239 239 239 239 239 239 239 239 238 239 239 239 239 239 239
0600 239 239 239 239 239 239 239 239 239 239 239 239 239 239 239 239 239 239 239 239 239 239 239 239 239 239 239 239 240 240 240 240 240 240 239 239 239 238 239 239 239 238 238 238 238 238 238 238 238 238 238 238 238 238 237 237 238 238 237 238
0601 238 238 238 238 238 238 238 238 238 237 237 237 237 237 237 236 236 236 235 235 235 235 235 234 234 234 234 234 233 233 233 233 233 233 232 232 231 231 231 231 231 231 231 231 231 230 230 230 229 230 229 229 229 228 228 228 228 227 228 228
0602 228 228 228 229 229 229 229 229 229 229 228 228 228 228 228 228 228 228 228 228 228 228 228 228 229 229 228 228 228 228 228 228 229 229 229 228 229 228 228 228 228 228 228 228 228 228 228 228 228 228 228 228 228 228 229 229 229 229 229 229
0603 229 228 229 229 229 229 229 229 229 228 229 228 229 229 229 229 229 228 228 228 228 228 229 228 228 228 228 229 229 229 229 228 228 229 229 229 229 228 229 229 229 228 229 229 230 229 229 230 230 230 230 229 229 230 231 230 230 230 230 231
0604 231 230 231 231 231 231 231 231 232 231 232 232 232 233 233 233 233 232 233 233 232 233 233 233 233 233 233 233 233 233 233 234 234 234 235 235 235 236 236 235 235 236 236 236 236 237 237 237 237 237 238 239 239 239 239 239 239 239 239 239
0605 239 239 238 238 238 238 239 239 239 239 239 239 240 240 240 240 240 240 240 240 240 239 239 239 239 239 239 239 239 239 239 239 239 239 239 239 239 239 239 238 238 238 239 238 238 238 238 238 238 238 238 238 238 238 238 238 238 237 237 237
0606 237 237 236 236 236 236 236 236 236 235 235 236 236 236 236 236 236 236 236 236 236 236 236 236 236 236 237 236 236 236 236 237 236 236 236 236 236 237 236 236 237 238 238 237 237 237 237 237 237 237 237 237 237 237 236 236 236 236 236 236
0607 236 236 236 236 236 236 236 236 236 235 235 235 235 235 235 235 235 235 234 234 234 234 234 234 233 233 233 233 232 232 232 232 232 232 232 232 232 232 231 232 232 232 232 232 232 232 232 232 232 232 232 232 232 233 233 233 233 233 233 233
0608 233 233 233 233 233 233 232 232 232 232 232 232 231 232 231 232 231 231 231 231 231 231 231 231 231 231 231 231 231 231 230 230 230 230 230 230 230 230 230 230 230 230 231 231 231 231 231 231 231 231 231 230 230 230 230 230 230 230 230 230
0609 230 230 230 230 230 230 231 231 231 231 231 231 231 231 231 231 231 231 231 232 232 232 232 233 233 233 233 233 233 233 233 233 233 233 234 234 234 235 234 234 234 235 236 236 235 236 235 235 235 234 234 234 235 235 235 235 235 235 236 237
0610 237 238 237 237 238 238 239 240 240 240 240 239 239 240 239 240 240 240 240 239 238 238 237 238 239 240 241 241 241 241 240 239 239 239 240 240 240 241 240 240 240 240 239 238 238 237 237 237 237 237 237 236 235 235 236 236 236 235 235 234
0611 234 234 234 234 233 233 233 233 233 233 233 233 233 233 233 233 233 233 233 233 233 234 234 234 234 234 234 234 234 234 234 234 234 234 234 234 233 233 233 233 233 233 233 233 233 233 233 233 233 234 234 234 233 233 234 234 234 234 234 234
0612 234 234 266 267 268 269 271 272 272 270 271 272 273 275 276 277 277 277 277 275 274 276 277 279 281 282 282 280 281 283 283 283 286 286 284 283 281 281 281 280 279 280 281 281 280 280 282 280 279 279 280 281 281 282 283 284 283 282 281 280
0613 281 283 283 283 284 284 285 285 286 289 290 289 290 289 289 289 290 290 290 291 290 290 291 292 290 290 291 291 290 290 289 289 289 289 289 290 292 294 296 295 296 294 293 293 293 293 292 291 292 293 295 296 297 297 296 294 295 297 296 295
0614 293 292 293 294 293 292 293 294 294 295 295 294 293 291 291 291 292 293 292 291 291 292 292 292 291 292 292 291 290 290 291 292 293 294 293 294 295 295 296 296 297 298 298 296 295 295 295 297 298 299 299 299 297 296 295 295 296 295 295 295
0615 294 293 292 292 292 291 291 290 291 291 291 291 292 292 291 290 291 289 289 289 289 289 288 289 289 288 287 287 288 288 289 289 290 291 291 290 240 288 288 288 288 288 288 288 287 287 286 286 287 287 287 286 286 286 286 286 286 286 286 286
0616 286 286 285 285 286 286 286 285 286 286 286 286 286 286 287 287 287 288 288 287 287 287 286 287 286 287 287 287 287 287 287 287 288 288 288 288 288 288 288 287 287 287 287 288 287 286 286 286 286 286 286 286 286 286 286 286 285 285 285 285
0617 285 285 285 285 285 284 285 285 285 284 284 284 284 284 284 284 284 283 284 284 284 283 283 282 281 281 280 280 280 280 280 280 280 280 279 279 279 280 280 280 280 280 280 280 280 280 280 280 281 281 280 280 280 280 280 280 280 280 280 280
0618 280 280 280 280 281 281 281 281 281 281 281 281 281 281 280 280 280 281 281 281 281 281 281 281 280 280 279 279 280 280 280 280 280 280 281 281 281 281 281 280 280 279 279 278 278 278 278 278 278 277 276 275 275 276 276 276 276 276 275 275
0619 274 273 273 272 274 274 274 274 274 274 274 274 274 273 273 273 273 272 271 270 270 268 267 266 265 264 263 263 263 263 263 262 261 260 259 258 257 257 257 256 255 254 254 254 253 255 256 257 257 257 257 258 257 256 256 256 255 254 253 252
0620 252 251 250 250 250 249 249 249 248 248 247 247 246 246 246 246 245 245 244 244 244 243 243 243 242 242 242 242 241 241 241 240 240 240 239 239 239 239 239 238 238 239 239 240 240 241 242 242 242 243 243 244 244 244 244 243 243 242 242 243
0621 243 244 246 248 249 250 251 251 251 250 250 249 248 248 249 250 250 250 250 249 250 250 250 250 250 250 250 249 249 248 248 248 248 248 248 248 248 248 247 248 247 247 247 247 247 248 248 247 248 248 247 247 248 247 247 247 247 247 247 247
0622 248 248 248 248 248 248 248 247 248 247 246 246 246 245 245 245 234 234 234 234 234 234 234 234 234 234 234 234 234 234 234 234 234 234 234 234 234 234 234 234 234 234 233 233 233 232 231 231 230 228 227 225 224 224 222 222 220 219 218 218
0623 248 248 248 248 248 248 247 248 247 246 246 246 245 245 245 245 246 245 245 245 245 245 244 244 243 243 243 242 242 242 241 241 240 240 239 239 238 238 238 238 238 238 238 238 238 238 238 237 238 238 238 238 237 237 237 237 237 237 237 237
0700 237 237 236 236 237 237 237 236 236 236 236 236 235 235 235 235 235 235 235 234 235 234 234 235 235 235 236 236 237 237 237 237 237 237 237 236 236 236 236 235 235 235 234 235 235 234 234 234 233 233 232 232 232 232 232 232 232 232 233 233
0701 233 233 233 233 232 232 232 232 232 231 231 231 231 231 232 232 233 233 233 234 234 234 234 234 234 234 234 234 234 233 233 233 232 232 232 232 232 232 232 232 232 232 232 233 234 233 233 233 233 233 233 233 234 234 234 234 233 233 233 232
0702 232 232 231 231 231 230 230 229 229 229 229 229 229 229 229 229 229 228 228 228 227 227 227 227 227 227 227 227 227 227 226 226 226 226 225 225 225 225 225 225 226 226 226 226 226 226 225 225 226 226 226 226 226 226 227 227 227 227 227 227
0703 227 227 227 227 227 227 227 226 226 226 226 226 226 225 225 225 226 225 226 226 226 226 226 226 226 226 226 226 226 226 226 226 226 226 227 226 226 226 226 226 226 226 226 226 226 226 226 227 227 228 229 229 229 229 229 229 228 229 229 229
0704 229 229 228 228 228 228 228 228 228 228 229 230 231 231 231 230 230 230 230 230 230 230 230 229 229 229 229 228 228 228 228 228 228 228 228 229 228 229 230 230 230 230 230 230 230 230 231 231 230 230 230 230 231 232 232 232 231 231 231 231
0705 230 230 230 230 230 230 230 229 229 230 230 230 230 230 230 231 231 230 230 230 231 231 231 231 231 231 231 231 231 231 231 231 230 229 229 229 229 229 228 228 228 229 229 229 228 228 228 228 228 228 228 229 229 229 229 230 230 230 230 230
0706 230 230 230 230 230 230 230 230 230 230 231 230 230 229 229 229 229 229 229 229 228 229 229 229 229 229 229 229 228 228 228 228 229 229 229 229 229 230 230 230 231 231 231 231 230 230 230 230 230 230 230 230 229 229 229 229 230 230 230 229
0707 229 229 229 229 229 229 229 229 229 228 228 229 229 229 228 228 228 228 229 228 228 228 228 228 228 228 228 228 227 227 227 227 227 226 226 226 226 226 226 226 226 226 226 227 227 227 226 227 227 227 227 227 227 227 227 227 228 228 227 227
0708 228 228 228 228 228 228 228 228 228 228 228 228 228 228 228 228 228 228 228 228 228 228 228 228 228 228 229 229 229 230 230 230 231 231 231 231 231 232 232 232 232 232 232 232 231 231 231 232 231 231 232 232 232 232 232 232 232 233 233 233
0709 233 233 233 234 233 233 233 233 234 234 234 234 234 234 235 235 235 235 236 236 236 236 237 237 237 238 238 239 239 240 240 241 241 242 242 242 243 243 243 243 243 243 243 244 244 244 244 244 244 245 245 244 244 244 244 244 244 244 244 244
0710 245 245 246 246 246 246 246 246 247 247 247 247 247 247 247 248 248 248 249 249 250 250 250 251 251 252 252 253 254 254 254 255 255 256 256 257 258 258 257 257 256 255 255 255 255 255 255 255 255 255 255 255 255 255 256 256 256 257 257 257
0711 258 258 258 258 257 257 258 258 258 258 259 259 260 260 260 261 261 262 262 262 263 264 264 264 264 264 264 263 262 261 261 261 260 259 259 259 259 259 260 260 261 261 261 261 262 262 262 263 263 263 263 263 263 263 262 261 261 261 261 261
0712 261 262 262 262 262 262 262 262 262 263 263 264 265 266 267 267 267 266 266 266 266 266 266 265 265 265 264 264 264 264 264 264 264 264 264 264 265 265 266 266 266 266 266 266 266 265 265 265 266 266 267 267 267 267 268 268 268 268 268 268
0713 269 269 268 268 268 269 270 271 272 272 272 272 271 270 270 270 270 271 271 271 271 271 271 269 269 269 270 270 271 272 272 272 272 272 272 272 272 272 273 272 273 273 273 273 275 275 276 275 275 274 274 274 273 273 273 273 273 274 274 276
0714 277 277 277 276 276 275 275 275 275 275 275 276 277 277 278 279 278 278 277 276 276 275 275 274 273 273 273 274 274 274 274 273 273 273 273 273 273 274 274 274 273 273 273 273 272 271 271 271 271 271 271 271 271 271 271 271 271 271 271 271
0715 271 271 271 272 273 273 272 272 272 272 271 271 270 270 270 270 270 269 269 270 270 271 270 270 270 270 269 269 269 268 267 266 266 266 266 266 267 267 266 266 266 265 265 265 265 264 264 264 264 264 264 263 264 264 264 264 264 265 265 265
0716 265 265 265 265 266 266 266 266 266 266 266 266 266 266 265 265 265 265 265 265 265 266 266 266 267 267 267 268 268 268 269 270 270 271 271 271 271 272 272 272 272 273 273 273 274 274 274 274 275 275 275 275 274 274 274 273 272 272 272 271
0717 271 271 271 271 271 270 270 270 270 270 270 270 269 269 269 269 269 269 269 269 270 270 269 270 270 270 270 269 269 270 270 270 270 270 270 270 270 270 270 269 269 269 269 270 270 270 270 271 271 271 271 271 271 271 271 271 271 271 271 271
0718 270 270 270 270 270 270 270 270 270 270 270 270 270 270 270 270 270 270 270 270 270 269 269 269 269 269 269 269 269 269 269 269 269 269 269 269 269 269 269 268 268 268 268 268 268 268 268 268 268 268 268 268 268 267 268 267 267 267 267 267
0719 267 267 267 267 267 267 267 267 267 267 267 267 267 267 267 267 267 267 267 267 267 267 267 267 267 267 267 267 267 267 267 267 267 267 266 266 266 266 266 267 266 266 266 266 266 265 265 265 265 265 265 265 265 265 264 264 265 264 264 264
0720 264 265 264 264 264 264 264 264 263 263 263 263 263 263 263 263 263 263 263 263 262 262 262 262 262 262 262 262 262 262 262 262 262 262 262 262 262 262 262 262 262 262 262 262 262 262 262 262 262 262 262 262 262 262 262 261 261 262 262 262
0721 262 261 261 261 261 261 261 261 261 261 261 261 261 261 261 261 261 261 261 261 261 261 261 260 260 260 260 260 260 260 259 259 259 259 259 259 259 258 258 258 258 258 258 258 258 257 257 257 257 257 257 257 257 257 257 257 257 257 257 256
0722 257 257 257 257 257 257 257 257 257 257 257 257 257 256 256 257 257 257 256 256 256 256 256 255 255 255 255 255 255 255 255 255 255 254 254 254 254 254 253 253 253 254 254 253 253 253 253 253 253 253 253 252 253 252 252 252 251 251 251 250
0723 250 250 249 249 249 248 248 247 247 247 247 247 248 248 248 249 249 250 249 249 249 249 250 250 251 252 252 252 251 251 251 250 250 250 249 249 249 249 248 248 248 248 248 248 248 248 248 248 248 248 248 248 248 248 247 247 247 246 246 245
0800 244 243 242 241 240 240 239 238 237 237 237 237 237 237 237 236 235 234 233 233 232 232 232 231 231 231 231 230 230 229 229 229 229 229 230 230 230 231 231 231 231 230 231 231 230 230 230 230 230 229 229 228 228 227 228 228 229 229 228 229
0801 229 229 230 231 231 231 231 231 232 232 232 232 232 233 233 233 232 232 231 231 230 230 231 231 231 231 231 230 230 231 230 230 230 230 230 230 230 230 230 230 231 231 231 232 232 233 233 233 233 233 233 233 232 232 232 232 231 231 230 230
0802 229 228 227 227 226 226 225 225 225 224 224 224 224 224 224 224 224 224 224 224 224 223 224 224 224 224 223 223 223 223 223 223 223 222 222 222 223 223 223 223 223 223 223 223 222 222 222 222 222 222 222 222 222 222 222 221 221 221 221 222
0803 222 222 222 222 222 222 222 222 222 222 222 222 222 222 222 222 222 222 222 222 222 222 222 222 222 222 221 221 221 221 221 221 221 221 221 221 221 221 221 222 222 221 221 221 221 220 220 220 220 220 220 220 219 219 219 219 219 219 219 219
0804 220 220 221 221 221 222 222 222 222 222 222 222 223 223 223 223 223 223 223 223 224 223 223 223 223 224 223 223 224 224 224 224 224 224 224 225 225 225 225 225 225 225 225 225 225 225 226 226 226 226 226 226 226 226 226 226 226 226 225 225
0805 225 225 225 225 225 224 224 225 225 224 224 225 224 224 224 224 224 224 224 224 224 224 224 224 224 224 224 224 224 224 224 224 224 224 224 224 224 224 224 224 224 224 224 224 224 223 223 223 223 223 223 223 194 223 223 223 223 223 223 223
0806 224 223 223 224 224 224 224 223 224 224 224 224 224 224 224 224 224 224 224 224 224 224 224 224 224 224 224 224 224 224 224 224 224 224 224 224 224 224 224 224 224 224 224 223 223 223 223 223 223 223 223 223 223 222 222 222 222 222 222 222
0807 222 222 222 221 221 221 221 221 221 222 222 222 222 222 222 222 222 222 223 223 223 223 223 224 224 224 224 224 224 224 224 224 225 224 224 225 225 225 225 225 225 225 225 225 225 225 225 225 225 225 225 226 226 225 225 225 225 225 225 224
0808 224 224 224 224 224 224 224 224 225 225 225 226 226 226 225 226 226 226 226 226 226 226 226 227 227 227 227 227 227 227 228 228 229 229 229 229 229 229 229 228 228 228 228 228 228 227 227 228 228 228 228 228 228 228 228 228 228 228 228 229
0809 229 229 230 230 230 231 231 231 231 231 231 231 231 231 231 230 229 230 230 230 230 231 232 232 231 232 232 232 233 233 233 233 233 233 232 232 232 232 233 233 233 233 232 233 233 233 234 234 234 234 235 235 235 235 236 236 236 237 237 237
0810 237 238 238 238 238 239 239 205 239 240 239 239 239 239 239 240 240 240 241 241 241 241 241 240 240 240 240 240 240 240 241 241 240 240 241 241 241 241 241 241 241 241 241 241 241 241 242 242 242 242 243 243 244 244 245 245 245 245 246 245
0811 245 245 246 245 245 245 245 245 245 245 245 245 245 245 245 245 245 245 246 246 246 246 246 246 247 247 247 247 248 248 249 249 250 250 250 250 251 251 252 253 253 253 252 251 251 251 251 251 251 251 251 251 252 253 254 254 255 255 255 256
0812 256 257 258 259 259 260 260 260 260 260 259 259 259 258 258 259 259 259 260 260 261 261 262 263 264 265 265 264 262 261 260 260 260 260 260 261 262 262 263 262 261 261 260 260 259 259 259 259 260 260 261 261 261 261 262 262 263 265 265 265
0813 265 265 266 265 266 266 266 266 266 265 265 266 267 268 269 270 270 270 270 270 271 271 271 271 270 272 274 275 276 275 275 275 275 274 274 273 272 272 272 272 272 273 272 272 272 272 272 273 273 273 273 274 275 275 273 273 273 274 274 273
0814 272 272 273 273 274 275 276 276 276 276 275 275 275 275 275 274 274 274 274 274 273 272 259 273 274 275 276 275 275 275 276 278 278 279 278 278 276 275 275 275 277 279 279 281 281 280 280 279 279 278 278 278 278 279 278 278 279 280 281 282
0815 282 283 283 283 283 284 284 285 285 284 284 282 282 283 284 284 283 282 283 285 285 285 286 286 287 286 287 287 286 287 286 287 287 286 286 287 288 289 289 290 291 292 292 291 289 287 286 286 286 286 287 287 286 286 287 286 286 286 287 288
0816 289 291 292 293 294 294 294 293 294 294 294 294 292 291 290 291 293 295 294 295 296 297 297 296 295 295 295 295 296 298 297 297 296 297 299 300 301 302 303 305 304 301 300 299 300 301 301 299 298 297 296 297 299 299 299 300 299 297 297 297
0817 298 299 300 300 299 299 300 300 301 300 300 300 300 301 301 301 300 298 297 297 298 298 298 298 298 298 299 299 299 298 300 301 301 301 301 302 304 303 302 300 299 297 296 295 295 294 293 293 293 293 293 293 293 293 294 294 295 296 296 296
0818 296 295 294 293 293 292 292 291 291 291 290 290 290 290 290 290 290 290 290 290 290 290 290 290 290 290 290 290 290 289 289 289 289 289 289 289 289 247 289 289 288 289 289 289 289 289 289 289 289 289 289 289 289 289 289 289 289 289 289 290
0819 290 290 290 290 290 291 291 291 290 290 290 290 290 289 289 289 289 289 289 289 289 289 289 289 288 288 288 288 288 288 288 288 288 288 287 287 288 288 287 288 287 287 287 287 286 286 286 286 286 285 285 285 285 285 285 284 284 283 283 283
0820 282 281 281 281 281 281 281 281 281 281 281 280 280 279 278 279 279 279 279 279 279 279 278 278 278 278 278 277 277 276 276 275 274 272 270 269 268 267 266 265 265 264 264 264 264 266 267 267 267 267 267 266 265 265 266 266 266 265 265 265
0821 264 263 263 261 259 257 256 255 255 254 253 252 251 251 250 249 249 249 248 248 247 247 246 246 246 245 245 244 244 243 243 243 243 243 243 242 242 242 241 241 240 240 240 240 240 239 239 239 239 238 238 238 238 238 238 238 238 238 238 238
0822 237 237 237 238 237 237 236 236 235 235 235 236 236 235 235 235 234 234 234 233 233 233 232 232 232 232 232 232 232 232 231 231 231 231 231 231 231 231 231 231 230 230 230 230 230 230 230 230 230 230 230 230 229 229 229 229 229 230 230 230
0823 230 231 231 231 231 231 231 232 233 233 233 232 232 231 231 231 231 230 230 230 230 229 229 229 229 229 229 228 228 228 228 228 228 228 228 228 228 228 228 228 228 228 228 228 228 228 228 227 227 227 226 226 226 226 226 226 226 226 226 226
0900 226 226 226 226 226 226 226 226 226 226 226 226 226 226 226 226 226 227 227 227 227 227 227 226 226 226 226 225 225 225 225 225 225 225 225 225 225 225 225 225 224 224 224 223 223 223 223 223 223 222 222 222 222 221 221 221 221 221 221 221
0901 221 221 221 220 221 221 220 220 220 221 221 221 221 221 221 221 221 221 221 221 221 221 221 221 221 220 220 220 219 219 219 219 219 219 219 218 218 218 218 218 218 218 218 218 218 218 218 218 217 217 217 217 217 217 217 217 217 217 217 217
0902 217 217 217 217 217 216 216 216 216 216 216 216 216 216 215 215 215 216 216 216 216 216 216 215 215 215 215 215 215 215 215 215 215 215 215 216 216 216 216 216 216 216 216 216 216 216 216 216 216 216 217 217 217 217 217 217 218 218 218 218
0903 218 218 218 218 218 218 218 218 218 218 218 218 218 218 218 218 218 217 217 216 217 217 217 217 217 217 217 217 216 216 216 216 216 216 216 216 216 216 216 215 215 215 215 215 215 215 215 215 216 216 216 217 217 217 216 216 216 215 215 215
0904 215 215 216 216 216 217 217 216 217 217 217 218 218 219 220 220 221 221 221 222 222 224 225 226 227 228 229 230 231 231 231 231 231 231 230 229 228 228 228 230 230 230 230 230 230 230 230 230 230 230 230 229 230 230 230 230 231 231 231 231
0905 230 229 229 228 227 227 226 225 224 224 223 222 222 222 222 222 222 222 221 221 220 220 220 219 219 219 218 218 218 217 217 217 217 217 217 217 218 218 218 218 218 219 219 219 219 219 219 219 219 219 219 219 218 217 217 217 216 216 216 216
0906 215 215 215 215 215 2150501   0////   60501  84   20510////  8405102331////   30501  840510  840510  83////  84 2340529  23   2////2304  840534////0537   8053705370537  85////////////////0537  85////  850510  85////////  85  859534 1850510
0907 210 210 210 210 210 210 210 210 210 209 209 209 209 209 210 210 210 210 210 210 210 210 210 209 209 210 210 210 209 209 209 209 209 208 208 209 209 209 209 210 210 209 209 209 209 210 210 211 210 211 211 211 211 211 212 212 212 213 213 213
0908 214 214 214 214 215 215 215 215 216 216 216 216 216 217 217 217 218 218 219 219 219 220 220 221 221 222 223 223 223 224 224 224 224 225 225 225 225 225 224 224 224 224 224 224 225 224 225 225 225 225 225 226 226 227 227 228 229 230 231 232
0909 233 234 234 235 235 235 236 236 237 239 240 241 241 242 243 243 243 243 243 243 243 243 243 244 244 245 246 248 250 251 253 254 254 253 252 252 253 253 252 252 253 253 254 256 256 256 257 257 257 256 255 255 255 254 253 252 252 252 252 254
0910 255 257 258 258 258 258 259 260 260 259 259 260 261 261 262 263 263 263 264 264 264 264 264 264 263 263 264 264 265 266 267 268 268 268 268 269 270 272 274 277 278 277 277 277 279 279 279 279 278 278 279 279 279 279 278 278 277 276 275 274
0911 276 276 276 276 276 276 276 276 276 278 279 281 282 282 280 281 281 281 280 279 279 279 278 279 280 282 283 284 283 284 285 285 285 286 285 287 287 287 287 289 288 286 285 285 286 284 284 284 284 284 284 284 284 285 285 285 286 287 287 288
0912 288 289 288 289 289 289 289 288 289 290 290 289 287 287 286 286 286 285 285 285 284 284 284 285 285 285 284 283 283 283 282 283 283 284 285 285 285 285 285 286 287 288 288 289 290 290 291 289 287 289 291 292 293 293 292 291 290 289 289 289
0913 289 288 288 288 288 288 288 287 288 288 288 289 290 290 290 291 292 292 293 296 296 295 294 295 294 293 292 292 292 291 291 292 292 291 290 289 289 290 291 291 291 291 291 291 293 294 294 294 295 296 296 296 295 294 293 293 292 293 294 295
0914 296 298 300 301 300 300 300 299 299 299 300 299 298 298 298 298 299 299 298 298 298 298 299 299 299 301 302 303 302 302 303 302 301 301 301 302 302 300 299 299 299 298 298 298 297 296 296 297 298 299 300 301 301 301 301 300 299 300 300 301
0915 301 302 304 306 306 306 305 304 302 301 299 299 300 301 301 300 300 300 299 299 298 298 298 298 298 298 298 299 300 301 301 301 303 304 303 303 304 304 305 305 305 304 303 303 303 303 303 303 303 303 303 302 303 302 302 303 303 303 304 304
0916 303 303 303 303 304 304 304 305 305 304 303 303 303 303 303 303 303 303 303 302 301 301 301 301 301 302 302 301 301 301 301 302 303 303 302 302 301 300 300 299 298 297 297 296 296 296 296 295 295 295 294 293 292 291 291 290 290 290 290 290
0917 290 289 289 289 289 289 289 289 289 289 289 289 289 289 289 289 289 289 289 289 289 289 289 289 289 289 289 288 288 288 288 287 287 287 287 287 287 286 286 286 285 285 285 285 285 285 285 285 285 285 285 285 285 285 285 286 286 287 287 287
0918 287 286 286 287 287 287 287 287 287 288 288 287 287 286 286 286 286 285 285 285 285 285 285 285 285 285 286 286 286 286 286 286 287 287 287 287 287 287 286 286 286 286 286 286 286 286 286 286 286 286 285 285 285 285 285 285 285 285 284 284
0919 284 284 283 283 283 283 283 283 283 283 283 283 283 283 282 282 282 283 283 282 282 282 282 282 282 282 282 282 281 281 281 281 281 281 281 281 281 280 280 280 280 280 280 280 280 280 280 280 280 279 279 279 279 279 279 279 279 279 279 278
0920 278 278 278 278 278 277 277 277 277 277 277 277 277 277 277 276 276 276 276 276 276 276 276 275 275 275 275 275 275 275 275 275 274 274 274 274 274 274 274 274 274 274 273 272 272 272 272 271 271 270 270 269 269 269 268 268 267 267 266 266
0921 265 265 265 264 264 264 264 264 263 263 263 263 263 263 263 263 263 263 263 263 263 263 263 263 263 263 263 262 262 262 262 262 262 262 262 262 262 262 262 262 261 261 261 260 260 260 260 260 260 260 261 261 261 260 260 259 259 259 259 259
0922 258 258 258 258 258 258 258 258 258 258 259 260 261 261 262 262 263 263 264 264 266 266 266 266 266 266 266 266 266 266 266 267 266 267 267 267 267 267 267 267 267 266 266 266 266 266 265 265 265 265 265 266 265 265 265 265 265 265 265 264
0923 264 264 264 263 263 263 262 262 262 262 262 262 262 262 262 262 261 262 262 262 262 262 261 261 261 261 261 260 260 260 260 260 260 260 259 259 259 258 258 258 258 257 257 256 256 256 256 256 256 256 256 256 256 255 255 255 255 255 255 255
1000 255 255 255 255 255 255 255 255 255 254 254 255 254 254 254 254 254 254 254 254 254 254 254 254 254 254 254 254 254 254 254 254 254 254 254 254 254 253 254 253 253 253 253 252 252 252 252 252 251 251 250 250 250 249 249 249 249 248 248 248
1001 247 247 247 247 247 247 247 247 247 247 246 246 245 244 243 242 241 240 239 237 236 235 234 234 233 233 233 232 232 231 231 231 231 231 231 231 231 231 231 231 231 232 232 232 232 232 232 232 232 232 232 232 232 232 232 231 231 231 231 231
1002 231 230 230 230 230 229 229 228 227 227 227 226 226 226 226 226 226 226 226 225 225 225 225 225 225 225 225 225 225 225 225 225 225 225 224 224 224 224 224 224 224 223 222 222 221 221 221 221 221 220 220 220 220 220 220 220 219 219 219 219
1003 219 218 218 218 218 217 217 216 216 216 216 215 215 215 215 215 215 215 215 215 215 215 215 215 215 215 215 215 215 215 215 215 215 215 215 215 215 215 215 215 215 216 216 216 216 216 216 216 216 216 215 215 215 214 214 214 214 214 214 214
1004 214 214 214 214 214 215 215 215 215 215 215 214 214 214 214 215 215 215 215 215 215 214 214 215 215 215 215 214 214 214 215 215 215 215 215 215 215 215 215 215 215 215 216 216 216 216 216 216 216 216 216 216 216 216 216 217 217 217 217 217
1005 217 217 217 217 217 217 217 217 217 217 217 217 217 217 218 218 218 218 217 217 218 217 217 217 217 217 217 217 217 217 217 217 217 217 217 217 217 217 217 217 217 217 217 217 217 217 217 217 217 217 218 218 218 218 218 218 218 218 218 218
1006 219 219 219 219 219 219 219 220 220 220 220 219 220 219 219 219 219 219 219 219 218 218 218 218 218 218 218 218 218 218 218 218 218 218 218 218 218 218 218 218 218 218 219 219 219 219 219 219 219 219 219 219 219 220 220 220 220 220 220 220
1007 220 220 220 220 220 220 220 220 220 220 220 220 220 220 220 219 219 219 219 219 219 219 219 219 219 219 219 219 219 219 219 219 219 219 218 218 218 218 217 217 217 217 217 217 217 216 217 217 217 216 217 217 216 216 212 216 216 216 216 216
1008 216 216 217 216 216 216 216 216 216 216 216 216 216 216 216 215 215 215 215 215 215 215 215 215 215 215 215 215 215 215 215 215 215 216 216 215 215 215 215 215 215 215 215 215 215 215 215 215 215 215 215 215 215 215 214 214 214 214 214 214
1009 214 214 214 214 214 214 214 214 214 214 214 214 214 214 214 214 214 214 215 214 215 215 215 215 215 215 215 215 215 214 215 215 215 214 214 214 214 214 214 215 214 214 214 214 215 215 215 215 215 215 215 215 215 215 215 215 215 215 215 214
1010 215 215 215 215 215 216 215 216 216 216 216 216 216 216 216 216 217 217 217 218 218 219 218 219 219 219 220 220 220 220 220 220 221 220 220 220 221 221 221 221 221 222 221 220 221 221 221 221 221 221 222 222 221 222 222 222 222 222 222 222
1011 222 222 222 221 221 221 222 222 222 222 222 221 220 220 220 220 220 221 221 221 221 221 220 220 220 221 221 222 221 221 222 222 222 223 223 223 222 222 223 223 223 223 223 224 224 224 224 225 225 225 225 225 225 226 226 227 227 227 227 227
1012 227 227 227 227 228 228 229 229 229 235 230 230 230 231 231 231 231 231 232 232 232 232 232 232 232 232 232 233 233 233 233 233 233 234 234 234 233 233 234 234 234 233 233 234 234 234 234 234 234 234 234 234 234 234 233 233 233 233 233 233
1013 233 233 233 233 234 233 233 233 233 233 233 233 233 233 233 233 232 233 233 233 233 232 232 232 232 231 231 231 231 231 231 231 231 231 231 231 230 231 231 231 231 231 231 230 230 230 230 230 230 230 230 230 230 230 230 230 230 230 231 231
1014 231 231 231 231 231 231 231 232 232 232 232 232 232 232 232 233 233 233 232 232 232 232 233 233 233 233 233 232 231 231 231 232 232 232 233 233 233 232 233 232 233 233 232 232 232 232 233 233 233 233 233 233 233 234 234 234 235 235 235 235
1015 235 236 237 237 238 238 238 238 239 240 240 241 241 241 241 241 242 242 243 243 243 243 243 243 243 244 244 244 243 243 243 244 244 244 244 244 244 244 244 245 244 243 243 243 243 243 242 243 242 242 242 242 242 242 243 243 243 243 242 243
1016 243 243 243 243 244 244 244 244 244 244 244 244 244 245 245 246 247 248 248 248 249 250 251 253 224 255 256 255 254 253 253 254 255 255 254 254 254 253 252 252 252 251 251 251 251 250 250 250 250 250 251 251 251 251 251 251 251 250 250 249
1017 249 248 247 247 247 247 247 247 246 246 246 245 245 245 245 245 245 245 245 245 244 244 244 244 243 242 242 241 240 240 239 239 239 239 238 238 238 238 238 237 237 237 238 238 239 240 241 242 242 242 243 243 243 244 244 243 244 243 243 242
1018 241 240 239 238 237 237 236 236 237 237 237 237 237 237 237 237 237 237 236 236 236 235 235 235 235 235 235 235 234 234 233 233 233 232 232 232 232 232 232 232 232 233 233 233 233 233 234 234 234 234 235 235 235 235 235 235 235 235 235 235
1019 235 235 235 235 235 235 236 235 236 236 236 236 236 236 236 236 235 235 235 235 235 235 235 235 235 234 234 233 232 232 231 231 231 230 230 229 229 229 228 228 228 227 227 227 226 226 226 226 226 226 226 225 225 225 225 225 225 225 225 224
1020 224 224 224 224 224 224 224 224 224 224 224 224 224 224 224 224 224 224 224 224 224 224 224 224 224 224 224 224 224 224 225 225 225 225 225 225 225 225 226 211 226 226 226 226 226 227 227 227 227 227 227 227 227 227 228 228 228 228 228 228
1021 228 228 228 228 228 228 228 228 228 228 228 228 228 227 227 227 227 227 226 226 226 226 226 226 226 226 226 226 226 226 226 226 226 226 226 226 226 226 226 226 226 226 226 226 226 226 225 225 225 225 225 225 225 225 225 225 225 225 225 225
1022 225 224 224 224 224 224 224 224 224 224 225 225 225 225 225 225 225 225 225 225 225 225 225 225 226 226 226 226 226 226 226 226 226 226 226 226 226 226 226 225 225 226 225 225 225 225 225 225 225 225 225 225 225 225 225 225 225 225 225 225
1023 225 225 225 225 225 225 225 225 225 225 225 224 224 224 224 224 224 224 224 224 224 224 224 224 224 224 224 224 223 223 223 223 223 223 223 223 223 224 224 224 224 224 224 224 224 224 224 224 224 224 224 223 224 223 223 223 223 223 223 223
1100 223 223 223 223 223 222 222 222 222 222 223 223 223 223 223 223 223 223 223 223 223 223 223 223 223 223 223 223 223 223 223 223 223 223 223 223 223 223 224 224 224 224 224 224 223 223 223 223 223 223 223 222 222 222 209 222 222 222 222 222
1101000300030003000300030003000300030003000300030003000300030003000300030003000300030003000300030003000300030003000300030003000300030003000300030003000300030003000300030003000300030003000300030003000300030003000300030003000300030003000300030003
1102000300030003000300030003000300030003000300030003000300030003000300030003000300030003000300030003000300030003000300030003000300030003000300030003000300030003000300030003000300030003000300030003000300030003000300030003000300030003000300030003
1103000300030003000300030003000300030003000300030003000300030003000300030003000300030003000300030003000300030003000300030003000300030003000300030003000300030003000300030003000300030003000300030003000300030003000300030003000300030003000300030003
1104000300030003000300030003000300030003000300030003000300030003000300030003000300030003000300030003000300030003000300030003000300030003000300030003000300030003000300030003000300030003000300030003000300030003000300030003000300030003000300030003
1105000300030003000300030003000300030003000300030003000300030003000300030003000300030003000300030003000300030003000300030003000300030003000300030003000300030003000300030003000300030003000300030003000300030003000300030003000300030003000300030003
1106000300030003000300030003000300030003000300030003000300030003000300030003000300030003000300030003000300030003000300030003000300030003000300030003000300030003000300030003000300030003000300030003000300030003000300030003000300030003000300030003
1107000300030003000300030003000300030003000300030003000300030003000300030003000300030003000300030003000300030003000300030003000300030003000300030003000300030003000300030003000300030003000300030003000300030003000300030003000300030003000300030003
1108000300030003000300030003000300030003000300030003000300030003000300030003000300030003000300030003000300030003000300030003000300030003000300030003000300030003000300030003000300030003000300030003000300030003000300030003000300030003000300030003
1109000300030003000300030003000300030003000300030003000300030003000300030003000300030003000300030003000300030003000300030003000300030003000300030003000300030003000300030003000300030003000300030003000300030003000300030003000300030003000300030003
1110------------------------------------------------------------------------------------------------------------------------------------------------------------------------------------------------------------------------------------------------
1111---------------------------------------------------------------------------------------------------------------------------------------------------------------------------------------------------- 270 271 272 271 270 272 273   0------------
1112 211 211 211 211 211 212 212 212 212 212 212 212 212 213 213 213 213 214 214 214 215 215 215 215 215 216 216 216 217 217 217 217 217 217 218 218 218 218 218 218 218 219 219 220 220 221 220 220 220 220 220 219 219 219 219 219 219 219 220 221
1113 221 221 221 221 222 222 222 223 223 223 223 224 224 223 223 223 222 221 221 221 221 221 221 221 221 221 222 222 222 222 222 222 222 222 223 224 224 225 225 225 224 224 225 225 226 225 225 226 227 229 230 229 228 228 228 228 227 228 228 228
1114 228 227 226 226 227 228 228 229 228 228 228 227 226 225 225 225 225 225 225 224 224 224 224 224 224 224 224 224 224 224 224 223 224 224 224 224 224 224 295 224 223 222 222 222 223 223 223 222 223 223 223 223 223 223 224 223 223 223 224 224
1115 223 223 223 223 222 223 222 222 223 223 222 222 222 222 222 222 221 221 221 221 220 220 219 219 218 217 217 216 216 215 215 215 214 214 214 214 213 213 213 212 213 213 213 213 213 213 213 213 214 214 213 214 214 214 214 214 215 215 215 215
1116 215 215 215 215 215 216 216 216 216 216 216 217 217 217 216 215 215 215 215 215 215 214 214 214 214 214 214 214 214 214 214 214 301 301 301 301 301 301 301 301 302 302 302 302 301 301 301 301 301 301 301 301 301 301 302 302 302 301 301 301
1117 301 301 301 300 300 300 300 301 301 301 301 301 301 301 301 302 302 302 302 302 301 300 300 300 301 300 300 300 300 300 299 298 298 297 297 297 297 297 297 297 297 296 296 297 297 297 297 296 296 296 296 297 297 297 297 297 297 297 296 296
1118 296 296 296 296 296 296 296 296 296 296 297 296 296 296 297 297 297 297 296 296 296 297 297 297 297 297 297 296 296 296 296 296 296 296 296 296 296 296 296 296 296 296 296 296 296 296 295 295 294 294 294 294 294 293 293 293 293 293 293 293
1119 293 293 293 293 293 292 292 292 292 292 292 292 292 291 292 292 292 291 292 292 291 291 291 291 290 290 290 290 289 289 289 289 289 288 288 288 288 287 286 284 284 284 284 284 284 283 282 281 279 278 278 278 277 277 277 276 274 210 274 274
1120 274 273 272 272 271 271 270 270 270 271 271 271 270 269 269 269 269 268 267 267 266 266 266 266 266 266 266 266 266 266 266 266 265 265 265 265 265 265 265 265 264 264 264 264 264 265 265 265 265 264 263 264 265 265 266 266 266 266 266 266
1121 266 266 266 266 266 265 266 266 266 266 266 266 266 266 267 266 265 265 265 265 264 263 262 262 263 264 264 263 263 263 263 263 264 265 265 264 264 263 263 263 263 263 263 263 263 263 263 263 263 264 264 264 264 264 264 264 264 263 263 263
1122 262 262 262 261 260 259 258 257 257 256 256 256 256 256 256 256 256 256 256 257 257 257 256 256 256 255 255 254 254 254 253 253 253 253 253 252 252 252 252 251 251 250 250 250 250 250 250 250 249 249 249 249 249 250 250 249 249 248 248 248
1123 248 247 247 247 247 247 247 246 246 246 246 246 245 245 245 244 244 244 244 243 242 242 242 242 242 242 241 241 241 241 241 241 241 240 240 241 241 240 240 240 239 239 239 239 239 239 239 239 239 239 238 238 238 238 239 239 240 240 241 242
1200 241 241 240 240 240 240 240 240 242 242 242 242 242 242 241 241 241 242 242 241 240 239 239 238 238 238 238 238 237 237 237 237 238 238 239 239 241 244 245 246 247 247 249 250 250 250 250 251 253 253 253 253 253 254 254 254 254 255 255 255
1201 255 255 255 256 256 256 257 257 257 257 258 257 256 257 256 256 256 256 257 258 258 258 257 257 257 257 257 257 257 257 256 256 256 256 256 256 256 256 256 255 255 256 256 255 255 254 254 254 254 254 254 254 254 254 254 254 254 254 254 254
1202 254 254 254 254 254 254 254 254 254 254 253 253 253 253 253 253 253 253 253 253 253 253 253 252 252 252 251 251 251 250 250 249 249 248 247 247 245 244 243 242 242 240 240 239 239 238 237 235 235 234 234 233 233 233 232 232 231 231 232 232
1203 233 233 233 234 234 234 234 234 234 235 237 238 238 238 238 238 238 239 239 239 239 238 238 237 238 238 239 238 237 237 237 236 236 235 234 233 232 233 232 232 231 231 231 232 232 232 232 231 232 232 232 234 233 234 234 235 235 235 235 238
1204 240 241 240 239 238 238 237 236 235 235 234 234 234 236 236 235 235 235 235 235 235 235 235 236 236 236 235 234 234 234 234 233 233 232 231 231 231 230 230 230 231 231 230 230 230 230 231 231 231 231 231 230 230 230 230 230 230 231 231 230
1205 229 228 228 227 226 226 226 225 225 225 224 224 223 223 223 223 223 222 222 222 222 222 221 221 221 221 220 220 220 220 219 219 219 219 219 220 221 222 222 223 223 224 224 224 224 224 224 224 223 223 222 221 221 221 221 221 221 221 221 221
1206 221 222 222 222 222 223 223 223 222 222 222 222 222 221 221 221 221 221 220 220 220 220 219 219 219 218 218 218 218 218 218 218 218 217 217 217 217 217 217 217 217 217 216 216 216 217 217 218 217 217 217 217 216 216 216 216 216 216 216 217
1207 217 217 217 217 217 218 219 218 218 218 217 217 217 217 216 216 216 216 217 219 220 220 221 222 222 221 221 220 221 221 221 221 221 221 221 222 222 222 222 221 222 222 221 222 223 223 222 221 221 220 220 219 219 219 220 222 222 223 224 224
1208 224 224 224 224 225 226 226 226 226 225 225 225 225 225 225 225 225 225 225 225 225 225 225 225 226 226 226 226 226 227 228 228 228 228 228 228 228 228 228 228 228 228 228 228 228 228 228 228 228 228 228 228 228 228 228 228 228 228 228 228
1209 228 228 228 228 228 228 228 228 228 228 228 227 227 227 227 227 227 227 227 227 227 227 227 227 227 227 227 227 227 227 227 227 227 227 227 227 227 227 227 227 227 227 227 227 227 226 226 226 226 226 226 226 226 226 226 226 226 226 226 226
1210 226 226 226 226 225 225 225 225 225 225 225 225 225 225 225 225 225 226 226 226 226 226 226 226 226 225 225 225 225 225 225 225 225 225 225 225 225 225 225 225 225 224 224 224 224 224 224 224 224 224 224 224 224 224 225 225 225 225 225 225
1211 225 226 225 225 224 225 225 225 225 225 225 225 225 225 225 225 225 225 225 225 225 226 226 226 226 226 226 227 227 227 227 227 227 226 226 226 226 226 226 226 227 227 227 227 227 228 228 228 228 228 228 228 228 229 229 229 229 228 229 229
1212 229 229 230 230 230 230 230 231 231 231 231 232 231 231 231 231 230 231 230 230 230 230 230 230 230 229 229 229 229 229 228 228 228 228 228 228 228 228 228 229 229 229 229 230 230 230 230 230 231 230 230 230 230 230 230 230 230 230 229 229
1213 229 229 228 225 224 222 220 219 218 218 217 217 217 217 218 218 219 219 219 219 220 220 220 220 221 221 221 221 221 221 221 222 222 223 223 224 224 225 226 227 227 228 228 228 228 229 229 229 230 231 231 232 232 232 233 233 233 233 234 234
1214 233 233 232 233 232 232 233 233 232 232 232 232 232 232 233 233 233 234 234 233 233 233 233 233 234 234 234 234 234 234 235 236 237 237 239 238 239 240 241 242 243 244 244 243 242 241 241 240 240 240 240 240 240 241 240 241 241 240 239 239
1215 238 239 240 241 242 242 242 241 240 240 239 239 238 237 237 237 237 236 236 236 237 237 237 237 237 238 239 239 240 239 238 238 238 237 237 238 238 239 239 239 238 239 239 239 238 238 237 238 238 237 236 236 235 235 235 235 235 235 235 235
1216 234 234 235 234 234 234 234 234 234 233 233 233 233 232 232 232 232 232 232 231 231 231 232 232 233 233 233 233 233 233 233 233 233 233 232 232 232 232 232 232 232 232 232 232 232 232 232 232 231 231 231 230 230 230 229 229 229 229 228 227
1217 227 226 226 225 224 223 223 221 220 220 219 218 217 217 217 217 217 217 217 218 218 218 217 218 219 220 220 220 220 220 220 219 219 219 218 218 218 217 217 216 216 215 215 215 215 215 215 215 215 215 215 216 216 216 216 216 216 216 216 215
1218 215 215 215 215 215 215 214 214 214 214 214 214 214 214 214 215 215 215 215 215 216 216 216 215 215 215 215 214 214 214 214 215 215 214 215 215 215 215 215 216 216 216 215 217 218 218 218 218 218 218 218 218 218 218 218 218 218 219 220 220
1219 220 220 220 220 220 220 220 220 220 220 220 220 220 220 220 220 220 220 220 220 221 221 221 221 221 221 221 221 221 221 221 221 221 222 222 221 221 221 221 220 220 220 220 220 220 220 220 220 219 219 219 219 219 219 219 219 219 219 219 219
1220 219 218 219 220 220 220 219 219 219 219 219 220 220 219 219 219 219 219 219 219 218 218 218 217 216 216 216 216 216 216 216 215 215 216 216 217 217 217 217 217 217 217 216 216 216 216 216 216 215 215 215 215 213 212 211 210 209 208 206 205
1221 204 204 203 201 200 199 199 198 197 197 197 197 197 196 196 196 195 195 195 195 195 195 195 194 195 194 194 194 194 194 194 194 194 194 194 194 194 194 194 194 194 194 194 194 194 194 194 195 195 195 195 195 195 195 195 195 195 194 194 194
1222 194 194 194 194 194 194 193 193 193 193 193 193 194 194 194 194 194 194 194 193 193 193 194 194 193 193 193 193 193 193 193 193 193 193 193 193 193 193 193 193 193 193 193 193 193 193 193 193 192 192 192 192 192 192 192 192 192 192 192 210
1223 192 192 192 192 192 192 192 192 192 192 192 192 192 191 191 191 191 191 191 191 191 191 192 192 192 192 192 192 192 192 192 192 192 192 192 192 192 191 191 191 191 191 191 191 191 191 191 191 191 191 191 191 190 190 190 190 190 190 191 190
1300 190 190 190 190 190 190 190 190 189 189 189 189 189 189 189 189 190 189 189 189 189 189 190 190 190 190 190 190 191 190 190 190 191 190 190 191 191 191 191 190 190 189 189 189 189 189 189 189 189 190 190 190 190 190 190 190 191 192 192 193
1301 194 194 194 194 194 194 194 194 194 193 192 193 194 194 194 194 194 194 193 193 192 192 192 192 193 193 192 192 192 192 193 192 192 192 193 193 193 194 194 194 194 195 195 195 196 196 196 196 195 196 196 195 195 195 195 195 195 195 194 194
1302 194 193 193 193 192 192 192 192 192 191 192 191 191 191 191 190 190 189 189 189 189 189 189 189 188 188 189 188 189 188 188 188 188 188 188 188 188 187 187 187 187 187 187 186 186 187 188 188 188 189 189 189 189 189 188 188 188 187 187 187
1303 187 187 187 187 187 187 187 187 187 187 187 188 187 187 204 187 187 187 187 187 187 187 186 186 185 185 185 185 185 186 186 187 186 187 187 187 187 187 187 187 187 187 187 187 187 187 187 187 187 187 186 186 186 186 186 187 187 187 186 186
1304 186 186 187 187 187 187 187 187 187 187 186 186 186 186 186 186 186 186 186 186 186 186 186 186 186 186 186 186 186 186 185 186 185 186 186 186 186 186 186 186 186 186 186 186 187 186 186 187 187 187 187 186 186 186 186 186 186 186 185 185
1305 185 185 184 185 185 185 185 185 185 185 185 185 185 185 185 185 185 185 185 185 185 184 184 184 184 185 185 185 185 185 185 185 185 185 185 185 185 185 185 185 185 184 184 185 185 184 184 184 184 184 184 184 184 184 184 184 185 185 184 184
1306 184 184 184 184 184 184 184 184 184 184 184 184 184 184 184 184 184 184 184 184 184 184 184 184 184 184 184 184 185 184 184 184 185 185 184 184 184 184 184 184 184 184 184 183 183 183 183 184 184 184 185 185 185 185 185 185 185 185 185 185
1307 185 184 184 184 184 184 183 184 184 184 184 185 185 185 185 185 185 185 185 185 185 185 185 185 184 184 184 184 184 184 185 185 185 186 186 186 186 186 185 185 185 185 185 185 185 185 185 186 186 186 186 186 186 186 186 186 186 186 186 187
1308 187 187 187 187 187 187 187 187 187 187 187 187 187 187 187 187 186 186 186 186 187 187 186 187 187 187 187 187 187 187 187 187 188 188 188 188 188 188 188 188 188 188 188 188 188 188 188 189 188 189 189 189 189 190 190 190 190 190 190 190
1309 194 194 195 195 195 195 195 195 195 196 196 196 197 197 197 197 197 197 197 198 198 198 198 198 198 198 199 199 199 200 200 200 201 202 202 202 202 202 202 203 203 203 203 204 204 204 204 204 204 205 206 206 206 206 206 207 207 207 208 199
1310 195 195 195 195 195 195 195 196 196 196 197 197 197 197 197 197 197 198 198 198 198 198 198 198 199 199 199 200 200 200 201 202 202 202 202 202 202 203 203 203 203 204 204 204 204 204 204 205 206 206 206 206 206 207 207 207 208 209 211 211
1311 212 213 213 214 215 215 213 213 213 214 215 215 215 215 214 213 212 211 211 212 212 212 212 212 212 213 213 214 215 215 215 216 217 216 216 215 215 215 216 217 218 218 218 217 217 217 218 220 221 221 221 220 220 221 221 221 221 221 222 223
1312 223 224 224 224 225 227 228 230 230 229 229 227 226 227 228 229 229 230 231 233 234 235 235 234 234 233 232 232 231 230 231 233 232 231 231 231 232 234 235 236 235 234 234 235 236 237 236 236 238 239 240 240 241 242 242 242 243 244 242 239
1313 237 236 237 237 237 238 239 239 241 242 242 243 243 241 240 239 239 240 240 241 239 238 237 238 239 237 236 237 237 237 236 235 236 236 237 238 239 240 241 240 240 240 240 241 241 240 238 239 240 241 241 241 240 240 238 238 239 240 238 238
1314 238 238 238 237 237 237 237 237 237 238 239 239 239 239 238 237 237 237 237 237 237 237 236 237 238 238 238 237 237 236 235 235 235 235 235 236 235 235 237 237 238 238 237 237 237 236 237 237 236 236 237 236 236 237 238 238 238 238 238 237
1315 238 239 239 239 239 239 240 239 239 239 239 238 239 239 238 238 238 238 238 238 239 239 239 239 240 240 240 241 242 243 244 245 245 245 245 245 245 245 244 243 242 242 243 244 244 244 243 242 242 241 241 241 242 243 243 243 243 244 244 243
1316 244 245 247 247 247 247 246 245 245 245 246 248 248 249 249 249 250 250 250 250 250 249 249 250 251 252 252 251 251 250 250 250 250 249 249 248 250 251 250 251 252 254 256 255 253 252 252 253 254 254 254 254 253 253 255 256 256 253 252 251
1317 250 250 251 251 251 250 249 249 250 251 252 253 253 253 252 250 249 248 248 247 236 248 249 249 249 248 247 246 245 244 244 244 244 244 244 244 244 245 245 246 246 246 246 246 245 245 245 245 244 245 244 244 243 242 242 242 242 242 242 242
1318 242 243 243 243 243 243 244 244 244 244 243 243 243 244 244 243 242 242 243 243 244 244 244 244 244 243 243 242 242 242 242 242 243 243 243 243 243 242 242 242 242 241 241 241 241 240 240 240 240 240 240 240 240 240 240 240 240 239 239 239
1319 239 239 239 239 239 239 239 240 240 240 239 238 238 238 238 238 238 238 238 238 238 238 237 237 237 238 238 238 237 236 235 233 232 232 232 231 231 230 230 229 228 228 228 227 226 226 225 225 224 224 223 223 223 223 222 222 222 222 223 222
1320 223 222 222 221 220 220 220 219 219 219 218 217 216 216 215 215 215 215 215 214 215 216 217 218 219 222 224 224 225 225 226 225 225 226 226 226 225 225 225 225 225 224 224 223 223 222 222 221 220 219 218 218 218 219 219 219 218 217 217 217
1321 218 217 217 217 217 216 216 215 216 217 217 217 217 217 217 217 218 217 217 217 217 216 216 215 215 214 214 214 214 214 214 213 213 213 213 221 213 213 213 213 213 213 213 213 213 213 214 215 215 215 215 216 215 215 216 216 216 216 216 216
1322 215 214 214 213 212 212 211 210 210 210 210 209 209 209 209 210 211 212 211 211 211 211 211 211 211 210 210 210 210 210 209 209 209 209 209 209 209 209 209 209 209 208 209 210 209 209 209 210 211 211 212 212 212 212 212 212 211 212 211 211
1323 210 210 210 210 210 210 209 209 209 209 209 209 209 209 209 209 209 209 209 209 209 209 208 208 208 208 208 209 209 209 209 209 209 210 210 209 209 209 209 209 209 209 208 208 208 208 208 207 207 206 206 206 206 206 205 205 205 204 204 204
1400 204 204 204 203 204 204 204 204 204 204 204 204 204 204 204 204 204 204 204 204 204 204 204 205 204 204 205 204 205 204 204 205 205 205 205 205 205 205 204 204 204 204 204 205 205 205 205 205 205 205 205 205 205 205 206 206 205 206 208 208
1401 208 207 207 206 206 205 204 204 203 203 203 203 203 203 202 203 203 203 202 202 202 202 202 201 201 201 200 201 201 201 201 201 201 201 202 202 202 201 201 201 201 201 201 201 201 201 200 200 200 201 209 201 201 200 200 200 200 199 199 199
1402 199 199 198 198 198 198 197 197 197 197 197 197 197 198 198 198 198 198 199 199 199 199 199 199 198 198 198 199 198 198 198 198 198 199 199 200 200 201 200 201 201 201 201 201 201 201 200 200 200 200 199 199 199 199 199 199 199 199 199 199
1403 199 199 199 199 199 199 198 198 198 198 198 198 198 198 198 198 199 200 200 200 200 200 200 200 200 200 201 201 201 201 201 201 202 202 202 202 202 202 202 202 202 201 201 201 201 201 201 200 201 200 199 199 199 199 198 199 199 199 199 199
1404 199 199 199 200 200 199 200 199 199 199 200 200 199 199 199 199 198 198 198 198 199 199 199 200 200 200 200 200 200 200 201 201 201 201 201 201 201 202 201 201 201 202 202 202 202 202 202 202 202 201 201 201 200 200 200 200 199 199 199 199
1405 198 198 198 197 197 197 197 198 198 198 199 199 199 200 200 200 201 200 200 200 200 200 200 200 200 200 200 200 200 199 199 199 199 199 199 199 199 199 198 198 198 197 197 197 196 196 196 195 195 195 195 195 194 194 194 194 194 194 194 194
1406 194 194 193 194 194 193 193 193 193 193 193 193 193 193 193 193 193 193 193 193 194 193 193 193 193 193 193 193 193 192 192 192 192 192 193 192 192 192 192 192 193 193 193 193 193 192 192 192 193 192 192 192 192 192 192 192 192 192 192 192
1407 192 192 192 192 193 193 192 192 192 192 192 192 192 193 193 192 192 192 191 191 191 191 192 191 192 192 193 193 193 193 193 193 194 194 193 193 193 193 193 193 193 193 193 193 193 193 193 193 193 193 194 194 195 195 195 196 196 196 197 197
1408 197 198 198 199 199 198 198 198 198 198 198 198 198 199 199 199 199 199 199 199 199 199 199 199 199 199 198 198 198 198 198 198 198 198 198 198 199 198 197 196 195 195 195 196 196 196 196 196 196 195 195 195 195 195 194 195 195 195 195 195
1409 195 195 195 195 195 194 195 195 196 197 198 198 198 199 199 198 198 197 197 197 197 197 196 196 196 197 197 197 197 197 197 197 197 198 198 198 198 197 198 199 198 199 199 199 199 200 200 200 200 200 201 201 201 201 201 202 202 202 201 202
1410 201 202 202 202 202 202 202 201 201 201 202 202 202 202 202 202 202 202 202 202 202 202 202 202 202 202 202 202 202 202 202 202 202 202 202 202 203 203 203 203 203 204 204 204 204 204 205 205 206 206 207 208 208 208 208 209 208 208 208 208
1411 208 208 209 209 209 210 243 210 211 211 212 212 213 213 214 214 214 215 215 216 216 217 217 218 218 218 219 220 220 220 220 221 221 222 223 223 224 224 224 224 225 225 225 226 226 226 226 226 225 225 224 224 224 224 225 226 226 227 228 228
1412 228 228 228 228 227 227 227 226 227 227 227 228 228 229 230 231 231 232 232 232 231 231 232 233 234 234 234 235 234 234 234 233 233 233 233 234 235 236 235 235 236 237 238 239 240 239 238 237 238 237 237 237 238 240 239 239 238 236 235 236
1413 238 239 240 242 242 242 242 243 243 243 242 242 241 241 241 241 241 241 242 243 244 245 245 245 245 244 243 242 241 240 239 240 240 240 240 240 240 240 240 240 240 240 241 242 240 240 241 242 243 242 241 240 240 241 242 242 241 240 239 239
1414 239 239 238 238 238 238 238 237 237 237 237 237 238 238 238 238 238 238 238 238 238 238 238 239 239 239 239 238 238 238 238 238 238 237 237 237 238 238 238 237 237 237 238 237 237 238 238 238 238 238 237 237 237 238 238 239 239 239 239 240
1415 240 240 239 239 238 238 238 238 237 237 237 238 238 239 239 238 239 239 238 237 237 272 237 237 237 239 240 242 243 243 242 241 241 241 241 241 240 240 239 238 238 238 237 237 237 236 236 237 237 236 236 236 236 237 237 238 238 239 239 239
1416 239 239 239 239 239 238 238 238 237 238 238 238 238 238 238 238 238 238 237 237 237 239 239 240 241 240 240 240 239 239 239 239 239 239 240 241 240 241 241 240 240 239 239 238 238 237 237 237 237 238 238 238 237 237 238 238 239 240 241 242
1417 242 242 242 242 241 240 240 240 240 240 240 240 240 240 241 241 242 242 242 242 242 242 243 243 242 242 243 243 243 243 244 243 243 243 244 244 242 242 242 242 242 242 242 241 242 241 242 242 243 243 243 244 244 244 244 244 245 245 245 244
1418 243 242 243 243 243 243 243 243 242 242 241 240 240 240 240 240 240 240 240 240 240 240 240 239 238 238 238 238 238 238 238 238 238 237 237 238 238 238 238 238 238 238 238 237 237 236 236 236 236 236 236 236 236 236 236 236 236 237 237 236
1419 237 237 236 236 236 236 235 235 235 235 234 234 233 232 231 231 231 231 231 230 230 230 231 230 230 230 229 229 228 227 226 225 225 226 226 227 227 227 227 227 226 226 226 225 225 225 224 224 225 225 226 226 226 226 225 224 224 223 222 220
1420 219 218 217 216 216 216 216 216 215 215 215 214 214 213 213 212 212 212 212 211 211 211 211 210 211 211 211 211 211 211 211 211 210 210 210 210 209 209 209 209 209 209 209 209 208 208 208 209 209 210 209 210 210 210 210 210 209 209 209 208
1421 208 209 209 209 209 209 209 209 209 209 209 209 209 209 209 209 208 208 208 207 207 207 207 207 207 207 207 207 207 207 208 207 208 207 208 207 207 207 207 208 209 209 211 211 211 212 213 213 213 213 212 212 211 211 211 211 211 211 211 211
1422 211 211 212 212 211 211 211 211 211 212 212 214 214 215 215 217 217 217 217 217 217 217 217 216 216 216 216 216 215 215 214 214 214 213 213 212 212 212 211 211 210 210 211 211 211 211 210 210 211 210 210 210 210 210 209 209 209 209 209 209
1423 209 209 208 208 208 209 208 208 208 208 208 208 208 208 208 208 208 208 208 208 208 208 209 209 209 209 210 210 210 210 210 210 210 211 211 211 210 210 210 210 210 209 209 209 210 210 210 209 209 209 208 208 208 209 209 209 209 209 209 209
1500 209 209 209 209 209 209 208 209 209 209 208 208 208 208 208 208 209 211 211 212 212 213 212 212 212 212 211 211 211 210 209 209 209 209 208 208 207 207 206 206 205 205 207 208 210 211 211 212 213 213 212 212 211 211 209 208 208 208 208 208
1501 208 207 207 206 206 205 205 204 203 203 202 202 201 200 200 200 199 198 197 196 195 194 194 193 192 192 191 191 190 190 190 190 189 189 189 189 189 189 189 189 189 189 189 188 188 188 188 188 188 188 188 188 188 188 187 188 188 188 188 188
1502 188 187 187 187 187 187 187 187 187 187 187 187 186 186 186 186 185 185 185 184 184 183 183 183 182 182 182 181 182 181 181 181 181 181 181 180 180 181 180 180 180 180 180 180 180 179 179 180 179 179 179 180 180 179 179 179 179 179 179 179
1503 179 179 179 179 179 180 180 180 180 180 180 179 179 179 179 179 179 179 179 179 179 179 179 179 179 179 179 179 179 179 179 179 179 179 179 179 179 179 178 179 179 178 179 179 179 179 179 179 179 179 179 179 179 179 179 179 179 179 179 179
1504 179 179 179 179 179 179 179 179 179 179 179 179 179 179 179 179 179 229 179 179 179 180 180 179 179 180 179 179 179 179 179 179 179 178 178 178 178 178 178 178 178 178 178 178 178 178 178 178 178 178 178 178 178 178 178 178 178 178 178 178
1505 177 177 178 178 177 178 178 178 178 178 178 178 177 177 177 178 178 178 178 178 178 177 177 177 178 177 177 178 178 177 178 177 177 177 177 177 177 177 177 177 177 177 177 177 177 177 177 177 177 177 177 177 177 177 177 177 177 177 177 176
1506 176 176 177 177 177 176 176 176 176 176 176 176 176 175 175 175 175 175 175 175 175 175 175 175 175 175 175 175 175 175 175 175 175 175 175 175 175 175 175 175 175 176 176 175 176 175 175 175 175 175 175 176 175 175 175 175 175 175 175 175
1507 175 175 175 175 175 175 175 175 175 175 175 175 175 175 175 175 175 175 175 175 175 175 175 175 174 174 174 175 175 174 174 174 174 175 175 175 175 175 175 175 175 175 175 175 176 176 176 176 176 176 176 176 176 176 176 176 176 176 176 176
1508 176 177 177 177 177 177 177 177 177 177 177 177 177 177 177 178 178 178 178 178 178 178 179 179 179 179 179 179 179 179 179 179 227 179 179 179 179 179 179 180 179 180 180 180 180 180 180 180 180 180 180 180 180 180 180 181 181 180 180 181
1509 181 181 181 181 180 181 181 181 181 181 181 182 181 181 182 182 182 182 182 182 182 182 182 182 182 182 183 182 182 182 182 182 183 183 183 183 183 183 183 183 183 183 183 183 183 183 183 183 183 184 184 184 184 184 184 184 184 184 184 184
1510 184 184 184 184 184 184 184 185 185 185 184 185 185 185 185 185 185 185 185 185 185 185 185 185 185 185 185 186 186 186 186 186 186 186 187 187 187 187 187 187 187 187 187 187 187 187 187 187 187 187 187 187 187 187 187 187 187 187 187 187
1511 187 187 187 187 187 187 187 187 187 187 187 187 187 187 187 187 187 188 188 188 188 189 189 189 189 190 190 190 190 190 190 190 190 190 190 190 190 191 190 191 190 191 191 191 191 191 191 191 191 191 191 191 191 191 192 192 192 192 192 192
1512 192 192 192 192 192 193 193 192 192 192 192 192 272 191 191 191 191 191 191 191 192 191 191 191 192 192 192 192 192 192 191 191 191 192 192 192 192 192 192 192 192 193 192 192 192 192 192 192 193 192 193 193 192 193 192 192 192 192 192 192
1513 192 192 192 192 193 193 193 193 193 193 193 193 193 193 193 192 193 193 193 193 193 193 193 192 192 192 192 191 191 191 192 192 192 192 192 192 192 191 191 191 191 191 191 191 191 191 192 192 192 192 192 192 193 192 192 192 192 191 191 191
1514 191 190 190 191 190 190 190 190 189 189 189 189 189 189 189 189 189 189 189 189 189 189 189 189 189 189 189 189 189 189 189 189 189 189 189 189 189 189 189 188 189 189 189 189 189 190 190 190 190 190 190 190 190 190 190 190 190 190 190 190
1515 190 190 190 190 190 190 190 190 190 190 189 189 190 190 190 190 190 190 190 190 190 190 190 190 190 189 189 189 189 189 189 189 189 188 188 188 188 188 188 187 187 187 187 187 186 186 186 186 186 187 187 187 187 187 187 187 187 187 187 187
1516 187 187 187 187 187 187 187 187 188 188 188 188 188 188 188 188 188 189 189 189 189 189 189 189 190 190 190 190 190 190 190 190 190 190 190 190 190 191 191 190 191 191 191 191 191 191 191 191 191 191 191 191 191 191 191 190 190 190 190 190
1517 189 189 189 189 189 189 189 189 189 189 189 189 189 189 189 189 189 189 188 189 188 188 188 188 189 188 188 188 189 189 189 189 189 189 189 189 189 189 188 188 188 188 188 188 188 188 188 188 188 188 188 187 187 187 187 187 187 187 188 187
1518 187 187 187 187 187 187 187 187 187 187 187 187 187 187 187 187 187 187 187 187 187 187 187 187 187 187 186 186 186 186 186 186 186 186 186 186 186 186 187 187 187 187 187 187 186 186 186 186 186 186 186 186 186 186 186 186 186 185 185 185
1519 185 185 185 185 185 185 185 185 185 185 185 185 185 184 184 184 184 184 184 184 184 184 184 184 184 184 184 184 184 184 184 184 184 184 184 184 184 184 184 184 184 184 184 184 184 184 184 184 184 184 184 184 184 184 184 184 184 184 184 184
1520 184 184 184 184 184 184 184 184 184 184 184 184 184 184 184 184 184 183 184 183 183 183 183 183 183 183 183 183 183 183 183 183 183 183 183 183 183 183 183 183 183 183 184 183 183 184 183 183 183 183 183 183 183 183 184 184 184 184 184 184
1521 184 184 184 183 183 183 183 183 183 183 184 184 184 183 183 183 183 183 183 183 183 183 183 183 183 183 182 182 182 182 182 182 182 182 182 181 181 181 181 181 181 181 181 181 180 180 180 180 181 180 181 181 181 181 181 181 181 181 181 181
1522 181 181 181 246 181 181 181 181 181 181 181 181 181 181 181 181 180 180 180 180 180 179 179 179 179 179 179 179 179 179 179 178 178 179 179 179 179 178 178 178 178 178 178 177 177 177 177 177 177 177 177 177 177 177 177 177 176 177 177 177
1523 177 176 176 176 176 176 176 176 176 176 176 176 175 175 174 174 174 174 174 174 174 174 174 174 174 174 173 173 173 173 173 174 174 174 173 173 173 173 173 173 173 173 173 173 173 173 173 173 173 173 173 173 173 173 173 173 173 173 173 173
1600 173 173 173 173 173 173 173 173 172 172 173 173 172 172 172 172 172 171 171 171 171 171 171 171 171 171 171 171 171 171 171 171 171 171 171 171 171 171 171 171 171 171 170 170 170 170 170 170 170 170 170 170 170 170 169 170 170 170 170 169
1601 169 169 169 169 169 169 170 169 169 169 169 169 169 169 169 169 169 169 169 169 169 169 169 169 169 169 169 169 169 169 169 169 169 170 170 169 170 169 169 169 169 169 169 169 169 169 169 169 169 169 169 169 169 169 169 169 169 169 169 168
1602 168 169 168 168 168 168 168 168 168 168 168 168 168 168 168 168 168 168 230 168 168 168 168 168 168 168 167 168 168 167 167 168 167 168 167 167 167 168 168 167 167 168 168 168 168 168 168 167 168 168 168 167 167 167 167 167 167 167 167 167
1603 167 167 167 167 167 167 167 167 167 167 167 167 167 167 167 167 167 167 167 167 167 167 167 167 167 168 168 168 168 168 168 168 168 168 168 168 168 168 168 168 168 168 168 168 168 168 168 168 168 168 168 168 168 168 168 168 168 168 168 167
1604 167 167 167 167 167 167 167 167 167 167 167 167 167 167 167 167 167 167 167 167 167 167 167 167 167 167 167 167 167 167 167 167 167 167 167 167 167 167 166 167 167 167 167 167 167 167 167 166 166 167 167 166 166 166 167 167 167 166 166 166
1605 166 166 166 166 166 166 166 166 166 166 166 166 166 166 166 166 166 166 166 166 166 166 166 166 166 166 166 166 166 166 166 166 166 166 166 167 166 166 166 166 167 167 167 167 167 167 167 167 167 167 167 167 167 166 167 167 166 166 166 166
1606 166 166 166 166 166 166 166 166 166 166 166 166 166 167 167 166 166 166 166 167 167 167 167 167 167 167 167 167 167 167 167 167 167 216 167 167 167 167 167 167 167 167 167 167 167 167 167 167 167 167 167 168 167 168 168 168 168 168 168 168
1607 168 168 168 168 168 168 168 168 168 168 168 169 169 169 169 169 169 169 169 169 169 169 169 169 169 169 169 169 169 169 169 169 169 169 169 169 169 169 169 169 169 169 169 169 169 170 169 169 169 169 169 169 169 169 169 169 170 170 170 170
1608 170 170 170 170 170 170 170 170 170 170 170 170 170 170 170 170 170 170 170 170 170 170 170 170 170 170 170 170 170 170 170 170 170 170 170 170 170 170 170 170 170 170 170 170 170 170 170 170 170 170 170 170 171 171 171 171 171 171 171 171
1609 171 171 171 171 171 171 171 171 171 171 171 171 171 171 171 171 171 171 171 171 171 171 171 171 171 172 172 172 172 172 172 172 172 172 172 172 172 172 172 172 172 172 172 172 172 172 172 172 172 172 172 172 172 172 172 172 172 172 172 172
1610 172 172 172 172 172 172 172 172 172 172 172 172 172 172 172 172 172 173 173 172 173 173 173 173 173 173 173 172 172 173 173 173 173 173 173 173 173 173 173 173 173 173 173 173 173 172 172 172 172 172 172 172 173 173 173 172 172 172 172 172
1611 172 172 172 172 172 172 172 172 172 172 172 172 172 172 173 173 173 173 174 174 173 173 174 174 173 173 173 173 173 173 172 173 172 172 172 172 172 172 172 172 172 173 173 172 172 173 172 172 172 172 172 172 171 171 171 171 170 170 170 170
1612 170 170 170 170 169 169 169 169 169 169 169 169 169 169 169 169 169 169 169 169 169 169 169 170 169 169 169 169 169 169 170 170 170 170 170 170 171 170 170 171 170 170 170 170 170 171 171 171 171 171 171 170 171 171 170 170 170 170 170 170
1613 170 171 171 170 170 170 170 170 170 171 171 171 171 171 171 170 170 170 170 171 171 170 171 170 170 170 170 170 170 170 170 170 170 171 171 171 170 169 169 169 169 169 169 169 169 169 169 170 169 169 170 169 170 169 170 169 170 169 169 169
1614 169 169 169 169 169 169 169 169 169 168 168 168 168 168 168 168 167 167 167 167 168 168 167 167 167 167 166 166 166 166 166 166 166 166 166 166 166 166 166 166 166 165 165 164 164 164 164 165 165 164 164 164 164 164 164 163 163 163 163 162
1615 162 162 162 162 162 162 163 163 163 162 161 161 161 160 160 161 161 161 160 160 160 160 159 159 159 159 159 159 159 159 159 159 159 159 159 160 160 160 160 160 160 160 160 160 160 160 160 160 159 160 160 160 160 160 160 160 160 160 160 160
1616 161 161 162 162 162 162 162 162 162 163 162 161 161 162 162 162 162 162 162 162 161 162 162 162 162 162 162 162 162 163 162 162 161 161 161 162 162 162 161 161 161 161 161 161 161 161 161 161 161 161 161 161 162 161 161 161 162 162 162 162
1617 162 162 162 162 162 162 163 162 162 162 162 162 162 163 163 163 162 162 162 162 162 162 162 162 162 162 162 162 162 162 163 163 163 163 163 163 163 163 163 163 163 163 164 164 164 164 164 164 164 164 165 165 165 165 164 165 165 164 164 164
1618 164 164 164 165 165 164 164 164 164 164 164 164 164 164 164 164 164 165 165 165 165 165 164 164 164 165 164 165 165 165 165 165 165 165 164 164 163 163 163 163 163 163 163 163 163 164 163 163 163 163 164 164 164 164 164 164 164 164 165 164
1619 165 164 165 165 164 165 164 165 165 165 165 164 164 164 164 164 164 164 164 164 164 164 164 164 164 164 164 164 164 163 163 164 163 163 164 163 164 163 164 164 164 164 164 163 163 163 163 163 164 164 164 164 164 164 164 164 164 164 164 164
1620 164 164 164 164 164 164 163 163 163 164 164 164 164 164 164 164 164 164 164 164 163 164 164 164 164 164 164 164 164 164 163 163 163 163 163 163 163 163 163 163 163 163 163 163 163 163 163 163 163 163 163 163 163 163 164 164 164 164 164 164
1621 164 164 164 164 164 164 164 164 164 164 164 164 164 164 164 164 164 164 164 164 164 164 164 164 164 165 165 164 165 165 165 165 165 165 165 165 165 165 165 165 165 165 165 165 165 165 166 166 166 166 166 166 166 166 166 166 166 166 166 166
1622 166 166 166 165 165 165 165 165 165 165 165 165 165 165 166 166 166 166 166 166 166 166 166 166 166 166 166 166 166 166 165 165 164 163 163 164 164 164 164 164 164 164 164 165 164 164 164 164 164 164 164 163 164 164 164 164 164 163 164 164
1623 164 164 164 164 164 164 164 164 164 164 164 164 164 164 164 164 164 164 164 164 164 164 163 164 164 164 164 164 164 164 164 164 164 164 164 164 165 165 165 165 165 165 164 164 164 164 164 163 163 163 163 163 163 163 163 163 162 162 162 162
1700 162 162 162 162 162 162 162 162 163 163 163 163 163 162 162 162 162 162 162 162 162 162 162 162 162 161 161 161 161 161 161 161 161 161 161 161 161 161 160 160 160 160 160 160 160 159 159 159 159 158 158 159 158 159 159 158 158 158 158 158
1701 158 158 159 159 159 159 159 159 159 159 159 159 159 159 160 159 160 159 160 160 160 160 160 160 160 160 161 160 160 160 160 161 161 161 162 162 162 162 162 162 163 163 162 162 162 162 162 161 161 161 161 161 161 161 161 161 161 161 162 162
1702 162 162 162 162 162 161 162 162 162 162 162 162 162 162 162 162 162 162 162 162 162 162 162 163 163 163 163 163 163 162 162 162 162 162 162 162 163 162 162 163 162 162 162 162 162 163 163 163 163 163 163 163 163 162 162 162 162 162 162 162
1703 161 161 161 161 162 162 162 162 161 161 161 161 161 161 161 161 161 161 162 162 162 162 161 161 161 162 161 161 161 161 161 161 161 161 161 161 161 160 160 160 160 160 160 160 160 160 160 160 160 160 159 159 159 159 159 158 158 158 158 158
1704 157 157 157 157 157 157 157 157 157 157 157 157 157 157 157 156 156 156 156 156 156 156 156 156 156 156 156 155 155 155 155 155 156 156 156 155 155 155 155 155 155 155 155 155 155 155 155 155 155 155 155 155 156 156 156 156 156 156 156 156
1705 156 156 156 156 157 157 157 157 157 157 157 157 157 157 157 157 157 157 157 157 157 157 157 156 156 156 157 157 157 157 157 157 157 157 157 157 157 157 157 157 157 157 157 158 158 157 157 157 158 158 158 158 158 158 158 158 158 158 158 158
1706 158 158 158 158 158 158 158 158 158 158 158 158 158 158 158 158 158 158 158 158 159 159 159 159 159 159 159 158 159 159 159 159 159 159 159 159 159 159 159 159 159 159 160 160 160 160 160 160 160 160 160 160 160 160 160 160 160 159 159 159
1707 159 159 159 159 159 159 159 159 159 159 159 159 159 159 159 159 159 160 160 160 160 160 160 160 160 160 160 160 161 161 160 161 161 161 161 161 161 161 161 161 161 161 161 161 161 161 161 161 161 161 161 161 161 161 161 161 161 161 161 161
1708 161 161 161 161 161 161 161 161 162 162 162 162 162 161 161 161 161 162 162 162 162 161 162 162 162 162 162 162 163 163 163 163 163 163 163 163 163 163 163 164 164 164 165 165 165 165 164 164 164 164 165 165 164 165 165 165 165 165 165 166
1709 166 166 167 167 167 167 167 167 167 167 167 167 167 167 167 167 167 167 167 167 168 168 168 168 168 168 168 169 169 169 169 170 170 171 171 172 172 172 172 171 171 171 172 172 172 172 173 173 173 172 172 172 173 173 173 173 173 173 173 173
1710 173 173 174 173 173 173 173 173 174 174 174 174 175 175 176 177 177 177 177 177 178 179 180 180 180 179 180 181 182 182 184 185 185 186 185 184 184 184 185 186 186 186 186 187 187 187 187 187 187 186 186 186 187 187 187 187 188 189 191 192
1711 191 192 194 194 193 193 192 191 190 190 191 192 194 196 197 199 199 199 199 198 196 195 196 195 195 194 194 195 197 197 197 198 199 200 200 200 200 198 198 198 197 196 196 196 196 197 198 198 200 200 200 201 202 204 205 204 202 200 201 201
1712 201 202 203 203 204 206 208 207 206 206 205 205 204 203 202 202 202 202 203 204 205 206 206 205 204 204 207 208 208 208 208 208 209 208 209 211 209 209 209 207 207 206 206 205 205 204 205 204 204 203 203 203 202 202 201 201 202 202 202 201
1713 201 201 202 203 203 203 203 203 203 203 202 201 201 201 202 202 202 202 202 203 203 203 203 203 203 203 203 202 202 203 203 203 203 203 204 204 205 206 206 206 206 205 205 205 205 205 206 206 207 207 205 204 204 204 204 203 203 203 204 204
1714 204 205 206 207 207 208 208 209 209 209 209 210 209 209 210 211 212 213 214 214 214 217 218 219 217 216 216 215 214 212 212 212 212 213 214 215 215 215 215 216 217 217 217 216 216 215 215 215 214 216 219 219 219 218 216 214 215 215 215 216
1715 216 216 216 216 217 217 216 216 217 218 219 220 219 219 219 219 219 220 221 223 225 223 219 217 215 215 216 216 216 216 217 218 219 220 221 223 224 224 222 222 222 221 220 220 220 221 222 223 224 224 223 223 224 224 225 223 222 220 219 218
1716 219 219 220 220 220 222 223 223 222 220 220 220 220 219 219 220 221 221 222 222 222 223 225 225 224 223 225 226 227 228 228 227 228 227 227 228 229 232 232 232 231 230 231 231 230 231 231 232 233 232 231 230 229 230 231 229 229 228 228 228
1717 227 226 226 226 226 227 227 228 229 230 230 230 229 229 230 231 234 233 233 232 231 231 231 232 233 232 231 229 229 228 228 228 228 228 228 227 227 227 228 229 230 230 230 230 229 229 230 229 230 232 232 230 231 231 231 231 231 232 232 232
1718 232 233 234 235 233 231 230 230 231 229 228 228 227 227 226 226 225 225 225 224 224 224 224 224 224 225 226 226 226 226 225 224 224 223 223 223 223 223 222 222 222 223 223 223 223 222 222 221 221 220 220 220 221 220 219 219 218 218 218 217
1719 216 216 216 215 215 215 214 213 213 213 213 214 214 214 214 213 213 213 213 212 212 212 211 211 210 210 210 210 210 209 209 209 209 208 208 208 209 208 208 207 206 206 205 204 203 203 204 204 203 203 203 204 205 205 204 204 203 202 201 200
1720 200 201 201 201 201 202 202 202 202 202 202 202 202 201 202 202 201 201 201 201 201 201 201 201 201 200 200 199 198 198 198 198 197 196 195 194 193 193 192 191 190 190 189 189 188 188 187 188 187 188 189 189 189 189 189 188 188 188 189 190
1721 191 191 191 190 190 190 189 189 188 189 191 192 192 192 192 191 192 192 192 192 191 190 190 190 191 191 190 190 191 191 192 192 192 193 194 194 194 194 194 194 194 195 195 195 195 195 195 195 195 194 194 194 194 194 194 193 193 193 193 193
1722 193 192 192 192 192 192 192 192 192 192 192 191 191 190 190 191 191 191 190 190 190 190 190 190 190 189 190 191 190 190 189 189 189 188 187 186 184 184 182 181 180 179 179 177 176 176 175 175 175 175 175 174 174 173 173 172 172 172 174 175
1723 175 174 174 174 174 173 173 173 174 174 174 174 175 175 175 174 174 174 173 173 173 173 172 172 172 172 172 172 172 172 172 171 171 171 171 170 170 169 169 169 169 168 168 168 168 168 168 167 167 167 166 166 166 166 166 166 166 165 165 165
1800 165 165 165 165 165 165 165 165 165 165 164 164 164 164 164 164 164 164 165 165 165 164 165 165 165 165 165 165 164 164 164 164 164 164 164 164 164 164 164 163 163 163 163 163 163 163 163 163 163 163 163 163 163 163 163 162 162 162 162 162
1801 162 162 162 162 162 162 162 162 162 161 161 161 161 161 161 161 161 161 161 161 161 160 160 161 160 160 160 160 160 160 160 160 159 159 159 159 159 159 160 160 160 160 160 160 160 160 160 160 160 160 160 160 160 159 160 160 160 160 160 160
1802 160 159 159 159 159 158 159 158 158 158 158 158 158 158 158 158 157 157 157 157 157 157 157 157 157 156 156 156 156 156 156 156 156 155 155 155 155 155 155 155 154 154 154 155 155 155 155 155 155 155 155 155 154 154 154 154 154 154 154 154
1803 154 154 154 153 153 154 154 154 154 154 154 154 154 154 154 153 153 153 153 153 153 153 153 152 152 152 152 152 151 151 151 151 151 151 152 151 152 152 152 152 151 152 151 152 152 152 152 152 152 152 152 152 152 152 152 152 152 152 152 152
1804 152 153 153 153 153 153 153 153 153 153 153 153 153 153 153 153 152 152 152 152 152 152 152 152 152 152 153 153 153 153 153 153 153 153 154 153 153 153 153 153 153 152 152 152 152 152 152 152 151 151 151 151 151 151 151 151 150 150 150 150
1805 150 150 150 151 151 151 150 150 150 150 150 150 150 149 149 149 149 149 149 149 149 149 149 149 149 149 148 148 148 148 148 147 147 147 147 148 148 148 148 148 148 148 148 148 148 148 148 148 148 148 148 148 147 147 147 147 147 147 147 147
1806 147 147 147 148 148 147 147 147 147 147 147 147 148 148 149 149 148 148 149 149 149 149 149 149 149 148 148 148 147 147 147 147 148 148 148 149 149 149 149 150 150 149 149 149 149 148 148 148 148 148 148 148 147 147 147 148 148 148 148 148
1807 148 148 148 148 149 149 149 149 149 149 149 149 149 149 150 150 150 150 150 150 150 150 150 150 150 150 150 150 150 149 149 150 150 150 150 150 150 150 150 150 149 149 149 149 149 148 148 148 147 147 147 147 147 146 146 146 146 146 146 146
1808 146 146 146 146 146 146 146 146 146 146 146 147 147 147 147 147 148 148 148 148 148 148 148 149 149 149 149 150 150 151 152 152 153 154 155 156 156 156 157 158 158 159 160 161 162 163 164 164 165 166 167 166 166 165 166 166 167 167 168 169
1809 170 171 172 174 174 174 175 175 177 178 180 180 181 182 182 183 184 185 186 186 186 186 188 189 189 190 190 190 190 190 189 189 189 188 188 188 188 188 189 189 189 189 189 189 190 190 190 191 192 192 192 193 194 194 193 193 194 195 198 200
1810 203 204 204 203 204 206 207 208 208 208 206 205 205 205 206 207 207 208 208 208 208 208 206 205 203 203 204 203 202 201 201 202 202 202 202 202 202 202 201 201 201 201 200 200 199 198 198 198 198 197 197 197 197 197 197 198 198 198 198 198
1811 198 198 198 198 198 198 198 199 199 200 200 201 201 201 200 200 200 201 202 203 204 204 205 206 206 207 206 207 207 206 207 208 208 207 207 208 210 210 211 212 212 213 213 213 214 214 214 213 211 209 208 207 207 207 207 207 208 209 211 212
1812 213 214 215 216 216 216 215 215 216 215 214 213 213 212 211 210 209 209 210 211 211 211 210 210 209 209 209 210 210 211 211 211 211 211 212 212 212 212 213 214 215 216 217 217 216 216 216 217 216 215 214 214 215 215 215 215 214 214 214 214
1813 214 215 215 215 215 215 215 216 216 217 218 218 217 218 218 217 216 215 215 216 216 217 218 218 219 219 219 219 219 221 221 220 220 221 220 220 220 220 220 219 220 220 220 221 219 217 216 216 217 217 217 216 216 217 218 217 217 217 216 216
1814 216 217 216 216 217 217 217 217 217 218 218 218 217 217 217 217 218 218 217 218 218 219 218 218 218 218 218 218 217 217 217 217 217 216 216 217 218 219 221 221 220 219 218 217 217 217 216 216 216 216 216 216 216 215 215 215 215 215 215 215
1815 215 215 215 215 215 215 215 216 216 216 216 216 216 216 217 217 217 217 217 217 217 216 216 216 216 216 216 216 216 216 217 217 217 218 219 219 219 219 219 220 221 222 223 222 222 222 222 221 221 221 222 222 223 222 221 221 221 221 221 221
1816 221 221 222 223 223 223 224 224 224 226 226 227 228 228 227 226 225 224 224 224 224 224 223 223 223 223 224 224 224 224 225 226 226 225 224 223 223 223 222 221 222 204 223 225 226 226 227 227 227 226 226 226 227 228 229 229 230 230 229 228
1817 227 226 226 225 225 225 225 226 226 226 225 225 225 224 225 225 225 225 226 226 225 225 225 225 225 225 225 224 224 224 224 223 223 222 222 222 221 221 221 221 221 220 220 219 219 219 219 218 218 218 218 219 219 219 219 219 219 218 218 218
1818 217 217 217 217 217 217 217 217 217 217 217 217 217 217 217 217 218 218 218 218 218 218 218 218 217 217 217 217 216 216 216 216 216 216 216 215 215 215 215 215 215 214 214 214 214 214 214 214 213 213 213 213 213 213 213 213 213 213 212 212
1819 212 212 212 212 212 212 212 211 211 211 211 211 211 211 210 210 210 210 210 210 210 210 210 210 210 210 210 210 210 210 210 209 209 209 209 209 209 209 209 209 208 208 208 208 208 208 207 207 207 207 207 207 207 207 207 207 207 206 207 206
1820 206 206 206 205 205 205 205 205 205 205 205 205 205 205 205 205 205 205 205 205 205 205 205 205 205 205 204 204 204 204 204 204 204 203 203 203 203 203 203 203 203 203 203 203 203 202 202 202 202 202 202 202 202 202 202 202 195 202 202 202
1821 201 201 201 201 201 202 201 202 201 201 201 201 200 200 200 200 200 200 200 200 200 200 201 200 200 200 200 200 200 200 199 198 198 198 198 197 197 197 197 197 197 197 197 197 197 197 197 196 196 195 195 195 195 195 195 195 194 194 194 193
1822 193 192 191 191 190 190 189 189 189 188 188 188 189 189 189 188 187 187 187 186 186 185 184 184 183 182 182 182 182 183 184 185 185 186 186 186 186 186 186 186 186 186 187 187 187 187 187 187 187 187 186 186 186 186 186 186 186 185 185 184
1823 183 183 182 182 182 182 182 182 182 182 182 182 181 181 181 181 181 181 181 182 182 182 182 182 181 181 180 180 179 179 178 178 177 176 176 176 175 175 174 174 173 173 173 172 172 171 171 170 170 170 170 170 170 169 169 169 169 169 169 168
1900 168 167 167 167 167 167 167 167 167 167 167 166 167 166 166 166 166 166 166 166 166 165 165 165 165 165 165 165 165 165 165 165 165 166 166 166 166 166 166 166 166 166 165 165 165 165 166 165 165 165 164 164 164 164 164 164 164 164 164 163
1901 163 163 163 163 163 162 162 161 161 161 161 162 162 162 162 161 162 162 162 162 161 161 161 162 162 162 161 161 161 161 161 160 160 161 161 160 160 160 160 160 160 160 160 160 159 159 159 159 159 159 159 159 158 158 158 158 158 158 158 158
1902 158 158 158 158 158 157 157 157 157 157 157 157 156 156 156 157 157 157 157 157 158 157 157 157 157 157 157 157 157 157 157 156 156 156 156 156 156 155 155 155 155 155 155 155 155 155 155 155 155 155 155 155 154 154 154 154 154 154 153 153
1903 152 152 152 152 152 152 152 152 153 153 153 153 153 153 153 153 153 153 152 152 152 152 152 152 152 151 151 151 151 151 151 151 151 151 151 152 153 153 153 153 153 153 153 152 152 152 152 152 152 152 152 152 152 152 152 152 152 152 151 151
1904 151 152 151 151 151 151 151 151 151 151 152 152 151 151 151 151 151 151 151 151 150 150 150 150 151 151 151 151 151 151 150 150 150 150 150 151 151 151 151 151 150 150 150 150 149 149 149 149 150 150 150 149 149 148 148 148 148 148 148 147
1905 147 147 147 147 147 148 148 147 148 148 148 148 148 148 148 148 148 147 147 148 148 148 149 149 148 148 148 148 148 149 149 149 149 149 149 149 149 150 148 148 148 147 147 147 147 147 147 147 147 147 147 148 147 147 147 148 148 149 149 149
1906 149 149 148 148 149 149 149 149 148 148 148 148 148 148 148 148 147 147 147 147 147 147 147 147 147 147 148 148 148 148 148 148 148 148 148 147 146 146 146 146 145 145 145 145 145 145 145 145 145 145 145 144 144 144 145 145 145 145 145 145
1907 145 145 145 146 146 146 146 146 146 146 146 146 146 146 147 148 147 147 147 147 147 147 147 148 148 147 147 148 148 148 148 148 148 148 148 148 148 148 148 148 148 149 149 149 148 148 148 149 149 148 148 148 148 148 148 148 149 149 149 149
1908 149 149 150 150 150 151 151 151 152 152 153 154 155 156 156 156 157 157 157 157 157 157 157 158 158 158 158 158 158 158 158 158 158 158 158 159 159 159 159 159 159 159 159 160 160 160 160 160 159 160 160 160 160 159 159 159 159 159 160 160
1909 160 161 161 160 160 160 160 160 160 160 160 159 159 159 159 160 160 160 159 159 159 160 160 160 160 160 161 161 161 161 160 160 160 161 161 161 160 160 160 161 160 160 159 160 160 160 161 161 161 161 161 161 162 162 161 161 162 162 162 163
1910 163 164 164 165 165 165 165 165 165 165 165 166 166 167 167 167 168 168 168 168 168 168 169 169 170 171 170 170 171 171 170 170 171 172 172 173 174 174 173 173 173 173 173 173 173 174 176 176 178 180 181 180 179 179 180 180 181 183 184 186
1911 187 188 190 191 191 192 193 193 194 195 196 198 198 200 200 200 200 201 201 201 202 202 203 204 203 202 202 202 202 202 203 204 206 207 206 207 208 209 209 210 212 209 210 211 213 215 216 218 219 221 222 221 221 221 221 219 218 218 219 220
1912 220 218 217 217 216 216 216 215 215 217 219 219 220 219 219 220 221 222 224 223 222 221 221 222 223 224 223 224 225 226 225 225 225 226 226 225 224 224 225 225 225 223 222 221 220 220 219 219 219 220 219 220 222 223 224 223 222 223 222 222
1913 222 223 224 225 227 229 229 228 229 231 232 232 232 233 235 235 235 234 233 234 234 234 236 237 237 237 239 239 237 234 233 233 231 232 232 234 235 235 236 234 233 232 232 231 231 231 232 233 233 233 233 234 234 234 234 235 235 234 232 231
1914 230 230 230 230 230 229 228 228 228 227 225 225 226 226 225 225 225 225 225 225 226 227 227 227 228 227 227 228 229 231 232 232 233 233 234 233 233 234 234 234 235 235 235 234 236 236 237 237 236 234 232 232 232 232 231 231 231 231 231 231
1915 231 231 231 230 229 229 230 230 230 229 229 229 230 231 231 231 231 232 233 233 232 232 231 231 232 232 232 232 232 234 235 234 234 233 233 233 233 232 231 231 231 232 232 232 232 234 234 235 234 234 235 236 235 235 234 234 234 234 234 234
1916 234 234 234 234 233 233 233 233 233 234 235 234 234 235 236 237 238 239 239 239 239 240 239 239 239 239 240 241 241 241 240 240 240 240 239 238 237 238 238 238 239 240 240 238 238 237 237 235 234 234 234 234 235 234 235 234 234 234 234 234
1917 234 235 234 234 234 234 235 235 235 235 236 236 235 235 235 236 237 237 238 238 238 238 237 237 236 236 236 236 237 237 238 238 237 237 237 237 237 236 235 235 235 235 235 235 235 235 235 235 234 234 235 235 235 235 235 235 236 236 236 237
1918 237 237 237 237 238 238 238 239 239 240 241 242 242 241 240 240 239 239 239 238 238 237 237 237 236 236 236 235 235 235 236 236 236 236 236 236 235 235 234 233 233 233 232 231 230 230 230 230 230 230 229 228 228 227 227 226 226 225 225 224
1919 224 224 224 224 223 223 223 223 223 223 223 223 222 222 222 222 221 221 221 220 220 219 218 218 217 217 217 217 216 216 216 215 214 214 213 213 212 212 211 210 210 209 209 208 208 208 208 207 206 206 205 205 205 205 205 205 205 204 204 204
1920 203 203 203 202 201 201 201 201 200 200 200 199 199 199 198 198 198 197 197 197 197 196 196 196 195 195 195 194 194 194 194 194 194 193 193 193 193 193 192 192 192 191 191 191 191 190 190 190 190 189 189 189 190 190 190 191 191 191 191 191
1921 191 191 190 190 190 189 190 191 191 192 192 192 192 193 193 194 193 193 193 193 193 193 193 192 193 193 193 193 194 194 194 194 194 194 194 194 194 194 194 194 194 194 194 194 195 194 194 194 195 195 195 195 195 195 195 194 194 195 195 194
1922 195 194 194 194 194 194 194 194 194 194 194 194 194 194 194 195 194 194 194 194 194 195 194 194 194 194 194 194 194 194 195 195 195 195 195 194 194 194 194 194 194 194 195 195 196 196 195 195 163 194 195 195 195 195 195 195 195 195 194 194
1923 194 194 195 194 194 194 194 194 194 194 194 194 195 195 194 194 195 195 194 194 194 194 194 194 194 194 194 194 194 194 194 193 194 194 194 194 194 194 195 194 194 194 194 195 195 196 196 197 197 198 197 197 197 196 196 196 196 196 196 196
2000 195 196 196 196 196 196 196 196 196 196 196 196 195 195 195 195 195 195 194 194 194 194 194 194 194 194 194 194 194 194 194 194 195 194 194 194 194 194 194 193 193 193 193 193 193 193 193 193 193 193 193 193 193 193 194 194 194 194 194 194
2001 194 194 193 193 193 193 193 193 193 192 192 193 193 193 193 193 193 193 193 193 192 193 193 193 192 192 192 192 192 191 191 191 191 191 191 191 191 191 191 191 191 191 191 191 192 192 192 192 192 192 191 192 192 192 192 192 192 191 191 191
2002 191 191 190 190 191 191 191 191 191 191 190 190 190 190 190 190 190 190 190 190 190 190 190 190 190 190 190 190 191 191 192 193 192 192 192 192 192 192 191 191 191 191 192 191 191 191 191 191 191 191 191 191 190 190 190 190 190 190 190 190
2003 190 190 190 190 189 189 189 189 189 189 189 188 188 189 189 189 189 189 189 189 189 189 189 189 189 189 189 189 189 189 189 189 189 189 189 189 189 190 190 190 190 190 190 190 190 190 190 190 190 190 189 189 189 189 189 189 189 189 189 189
2004 189 189 189 189 189 189 189 189 189 189 189 189 189 188 188 188 188 189 189 189 189 189 189 188 188 188 189 189 189 189 189 189 188 188 189 188 189 189 189 189 189 189 189 189 189 189 189 189 189 189 189 189 189 189 189 189 189 189 189 189
2005 189 189 189 189 189 189 189 189 189 189 189 189 189 189 189 189 189 189 189 190 190 190 189 189 189 189 189 189 189 189 189 189 189 189 189 189 189 189 189 189 189 189 189 189 189 189 189 189 189 189 188 188 188 188 188 188 188 188 188 188
2006 188 188 188 189 189 189 189 189 189 189 189 189 189 188 188 189 189 189 189 189 189 188 189 188 188 188 189 189 189 189 189 189 189 189 189 188 188 188 188 188 188 188 188 188 188 188 188 188 188 188 188 188 188 188 188 188 188 187 188 188
2007 188 188 187 188 187 188 187 187 187 187 188 188 188 188 187 187 187 187 187 187 188 187 187 187 187 187 187 187 187 187 187 187 187 187 187 187 187 187 187 187 186 186 187 187 187 187 187 187 187 187 186 186 186 186 186 186 186 186 186 186
2008 186 186 186 186 186 186 186 186 185 185 185 185 185 185 184 184 184 184 184 184 184 184 184 184 184 184 184 184 184 184 184 184 184 184 184 184 184 184 184 155 184 184 184 183 183 183 183 183 183 183 183 183 183 183 183 183 184 183 183 183
2009 187 186 187 187 187 187 188 188 188 188 188 188 188 188 188 188 164 164 188 188 188 188 189 189 189 189 189 189 189 189 189 189 189 165 165 165 165 165 166 166 166 166 166 166 167 167 167 167 167 167 167 167 167 271 167 167 166 166 166 167
2010 186 187 187 187 187 188 188 188 188 188 188 188 188 188 188 164 164 188 188 188 188 189 189 189 189 189 189 189 189 189 189 189 189 189 190 190 190 190 190 190 190 190 190 190 190 190 190 190 190 190 190 190 190 191 191 190 190 190 190 190
2011 190 190 190 190 190 190 190 190 190 190 191 191 191 191 191 191 191 191 191 191 192 192 192 192 192 192 193 193 193 193 193 193 193 193 192 193 193 193 193 192 193 193 193 193 193 193 193 193 193 193 193 193 194 194 194 194 193 193 193 193
2012 193 193 194 194 194 194 193 193 193 193 193 193 194 194 194 194 194 194 194 194 194 195 195 195 195 195 195 196 195 195 195 195 195 194 194 194 194 194 194 193 193 193 192 192 191 191 191 190 190 190 190 190 190 190 189 189 188 188 188 188
2013 188 188 188 188 188 188 189 189 189 189 188 188 188 188 188 189 190 190 190 189 189 190 191 191 190 191 192 192 192 192 192 192 193 193 193 193 193 192 193 193 193 193 193 193 194 194 194 193 194 194 194 194 194 194 195 195 195 195 195 195
2014 195 195 195 196 196 196 195 195 195 195 195 195 194 194 194 193 193 193 193 193 193 193 193 193 194 194 193 194 194 193 194 194 194 193 194 194 194 195 195 195 195 195 195 196 196 196 196 196 197 196 196 197 197 197 198 197 198 198 198 199
2015 199 199 199 199 199 200 201 201 201 202 201 201 201 201 201 201 202 202 202 202 202 202 203 203 203 203 203 203 203 203 203 203 202 202 202 202 202 202 202 202 202 202 203 203 203 203 204 203 204 204 204 204 203 203 203 203 204 204 204 204
2016 203 203 203 203 203 203 203 203 203 203 203 203 203 203 203 203 203 203 204 204 204 204 204 204 203 203 203 203 202 202 202 202 202 202 202 201 201 201 201 201 202 201 201 201 201 201 201 201 201 201 201 201 201 202 202 202 202 202 202 202
2017 202 201 201 201 202 202 201 201 201 201 201 201 201 201 201 201 201 201 200 200 200 200 200 199 199 199 199 199 199 199 199 199 199 199 199 199 199 199 199 198 198 198 199 198 199 199 199 199 199 199 199 199 199 199 199 199 199 199 199 199
2018 199 199 198 198 198 198 198 198 198 198 198 198 198 198 198 198 198 198 198 198 198 198 198 198 198 198 197 197 198 197 197 197 197 197 197 197 196 196 196 196 196 196 196 195 195 195 195 195 195 195 195 195 195 195 195 195 195 195 195 195
2019 195 195 195 195 195 195 195 195 195 195 195 195 195 195 194 195 194 194 195 195 194 194 195 194 194 194 194 195 195 195 195 194 195 195 195 195 195 194 194 195 195 194 194 194 194 194 194 194 194 194 194 194 194 194 194 193 194 194 194 194
2020 195 194 194 194 194 194 194 194 194 194 194 194 194 194 194 194 194 194 193 193 193 193 193 193 193 193 193 193 193 193 194 194 194 194 193 193 194 194 194 194 194 194 193 193 193 193 193 193 178 193 193 192 192 192 192 192 192 192 192 192
2021 192 192 192 191 191 192 192 192 192 192 191 191 191 191 191 191 191 191 191 191 191 191 191 191 191 192 192 192 192 192 191 191 191 191 191 191 191 191 191 191 191 191 191 191 191 190 190 189 189 189 189 189 189 189 189 189 189 189 189 188
2022 188 188 188 188 188 187 188 188 188 188 188 188 188 188 187 187 187 188 188 188 188 188 188 188 188 188 188 188 188 188 189 190 190 190 190 190 191 191 191 191 191 191 191 191 191 191 191 191 192 192 192 192 192 192 191 191 192 192 191 192
2023 192 192 192 192 192 192 192 192 192 192 192 192 192 193 192 193 192 192 192 192 192 192 192 193 193 193 193 193 193 193 193 193 193 192 192 193 192 192 192 192 192 192 191 191 191 191 190 190 190 190 190 190 189 189 189 189 189 189 188 188
2100 188 188 188 188 188 188 188 189 189 189 189 189 189 189 189 189 189 189 189 188 188 188 188 188 187 187 187 187 187 187 186 186 186 185 184 184 183 183 183 183 183 183 183 183 183 183 183 183 183 183 183 183 183 183 183 182 182 182 182 182
2101 182 182 182 167 182 182 182 182 182 181 181 181 181 181 181 181 181 181 181 181 181 181 181 181 181 181 181 181 181 181 181 181 181 181 181 181 181 181 181 181 181 181 181 180 180 180 180 181 181 181 181 181 181 181 181 181 181 181 181 181
2102 180 180 181 181 181 181 181 181 181 180 180 180 180 180 180 180 180 180 180 180 180 180 180 180 180 180 179 180 180 180 180 180 180 180 180 180 180 180 180 180 180 180 180 180 180 180 180 180 180 180 180 180 180 180 180 180 179 180 180 179
2103 179 179 179 179 179 179 179 179 179 179 179 179 179 179 179 179 179 179 179 179 179 179 179 179 179 179 179 179 179 179 179 179 179 179 179 179 179 179 179 179 180 179 180 179 179 179 179 179 180 179 179 179 179 179 180 180 180 180 180 180
2104 180 180 180 180 180 180 180 180 180 180 180 180 180 180 180 180 180 180 180 180 180 180 180 180 181 180 180 180 180 180 180 180 180 180 180 180 180 180 180 179 179 179 179 179 179 179 179 179 179 179 180 180 179 180 180 180 180 180 179 180
2105 180 180 180 180 180 180 180 180 180 180 180 180 180 180 180 180 180 179 156 179 179 180 179 180 179 179 179 179 179 179 179 179 179 179 179 179 179 179 179 179 179 179 178 178 178 178 178 178 178 178 178 178 178 178 178 178 178 178 178 178
2106 178 178 178 178 178 178 178 178 178 178 178 178 178 178 178 178 178 178 178 178 178 178 178 178 178 178 178 178 178 178 178 178 178 178 178 178 178 178 178 178 178 178 178 178 178 178 178 177 178 178 178 177 177 178 178 178 178 178 178 177
2107 177 177 177 177 177 177 177 178 178 178 178 177 178 178 178 178 178 178 178 178 178 178 178 177 177 177 178 178 178 178 178 178 178 178 178 178 178 178 178 178 178 177 178 178 178 177 177 177 177 177 177 177 177 177 177 177 178 178 178 178
2108 177 177 177 177 177 177 177 177 177 177 177 177 177 177 177 177 177 177 177 177 177 177 177 177 178 178 178 178 178 178 178 178 179 178 178 178 178 178 178 179 179 179 179 179 179 179 179 179 179 179 179 179 179 179 179 179 179 179 179 179
2109 179 179 179 179 179 179 179 180 180 180 180 180 180 180 180 180 180 180 180 181 181 181 181 181 181 181 181 181 181 181 181 181 181 162 182 182 182 182 182 182 182 182 182 182 183 183 182 182 182 183 183 182 182 182 183 183 182 182 183 183
2110 183 184 184 184 184 184 184 184 185 185 185 185 185 186 186 186 186 186 186 186 187 187 187 187 188 188 188 188 188 188 188 188 188 188 188 188 188 188 188 188 188 189 189 189 190 190 190 191 191 190 190 191 191 191 191 191 191 191 192 192
2111 192 192 192 192 192 192 192 192 193 193 194 194 194 195 195 195 196 195 196 196 196 197 198 198 198 198 198 198 198 198 199 199 199 199 199 199 198 198 198 197 198 198 198 198 198 199 199 199 198 199 199 199 200 199 199 200 200 201 201 201
2112 200 200 200 201 201 201 201 202 202 202 202 203 204 206 207 208 209 209 209 209 210 211 212 213 212 211 211 212 212 213 214 216 217 218 220 220 220 219 218 217 217 218 220 220 220 221 221 222 223 222 223 224 223 223 223 222 221 221 220 220
2113 219 220 220 219 219 218 218 219 220 221 222 221 222 222 222 223 223 223 223 222 222 222 224 225 226 225 225 226 228 229 228 227 228 229 229 230 230 229 230 232 233 233 233 235 237 238 240 240 241 240 238 238 238 239 238 238 238 239 238 238
2114 237 235 235 233 231 232 233 234 235 236 237 238 238 237 237 235 235 236 237 239 237 235 235 235 235 238 239 240 241 242 242 241 242 244 244 245 244 244 243 244 245 244 243 243 244 243 241 240 238 237 238 238 238 237 238 238 238 237 237 238
2115 238 239 240 242 241 241 240 238 240 241 241 241 241 241 240 239 237 237 238 240 241 243 244 246 245 245 245 243 244 245 247 248 247 247 248 247 248 248 249 249 249 250 252 252 249 248 247 248 250 251 249 249 248 248 247 247 247 248 247 247
2116 248 248 248 248 247 246 246 245 245 245 244 245 246 246 248 248 248 247 246 246 246 245 244 244 244 244 244 246 248 249 249 247 246 246 246 246 246 246 247 247 247 247 248 249 250 251 252 253 255 256 254 253 251 250 251 252 252 252 252 251
2117 252 251 251 251 251 251 253 253 254 254 254 254 252 252 253 254 255 255 255 256 257 257 258 258 256 254 253 253 253 253 253 253 254 254 253 252 252 250 250 251 252 254 256 257 256 254 253 252 252 253 254 254 255 256 255 254 253 253 254 255
2118 256 255 255 254 254 253 253 252 252 252 252 253 252 252 252 252 253 253 253 253 253 252 253 253 253 252 252 252 251 250 250 249 248 249 249 248 248 248 247 247 246 246 245 245 244 244 243 243 243 243 243 243 243 243 243 243 243 243 244 244
2119 244 243 243 243 243 243 243 242 242 242 242 241 241 241 241 241 241 241 241 240 240 240 240 239 239 239 239 238 238 238 238 237 237 237 237 237 236 236 236 236 236 236 235 235 234 234 234 234 234 234 234 233 233 233 233 232 232 232 231 231
2120 231 230 229 228 228 228 228 227 226 225 224 224 223 223 223 223 223 223 223 222 222 222 222 222 223 224 225 226 227 227 226 226 227 228 228 228 228 228 228 228 228 228 228 228 227 227 227 227 227 227 227 226 226 225 225 225 225 224 224 224
2121 224 224 224 224 224 224 224 224 224 224 223 223 223 222 222 222 222 221 220 220 220 219 219 219 219 219 219 219 220 220 219 219 218 217 217 217 217 216 216 216 216 216 215 215 215 215 214 214 213 213 213 213 213 212 212 212 212 212 212 212
2122 212 212 211 211 212 212 211 211 211 211 211 211 210 210 210 210 210 210 209 209 209 209 209 208 208 208 208 208 208 208 208 208 208 208 208 208 207 207 207 208 208 208 208 209 209 209 209 209 209 209 208 209 209 208 208 208 208 208 207 207
2123 207 207 207 207 207 207 206 206 206 206 206 205 205 206 206 206 206 206 206 206 206 206 205 205 206 206 207 207 208 208 208 208 208 208 208 208 208 208 207 208 208 208 208 208 208 208 208 208 207 207 207 207 207 207 206 206 206 206 206 206
2200 205 205 205 205 205 205 204 204 204 204 205 205 205 204 205 205 204 204 204 204 204 204 203 204 204 204 204 204 204 203 203 203 203 203 203 204 204 204 204 204 205 206 207 207 208 209 210 211 211 211 211 211 212 212 212 212 211 211 210 210
2201 210 210 210 210 210 210 210 209 208 208 207 206 205 205 204 204 203 203 203 203 203 203 203 202 202 202 201 201 201 200 200 200 200 199 199 199 199 198 198 198 198 198 198 197 197 197 197 197 197 196 196 196 196 196 196 195 195 195 195 195
2202 195 195 195 195 194 194 194 194 194 194 194 194 194 194 194 194 194 194 194 194 194 194 194 194 194 194 194 194 194 194 194 195 195 194 194 194 194 194 194 194 194 194 194 194 194 194 194 194 194 194 194 194 194 194 193 193 193 193 194 194
2203 194 194 194 194 194 194 194 194 194 194 194 194 194 194 194 194 194 193 193 193 193 193 194 194 194 194 194 194 194 193 193 193 193 193 193 193 193 194 194 193 193 193 193 193 193 193 193 193 192 192 192 192 192 192 192 192 192 192 192 192
2204 192 192 192 192 191 191 192 192 192 192 192 192 192 192 192 192 192 192 192 191 192 191 191 191 191 191 191 190 190 190 190 190 190 190 190 190 190 190 189 190 190 190 190 190 190 190 190 190 190 190 190 190 190 190 190 190 190 190 190 190
2205 190 190 190 190 190 190 190 190 190 190 190 190 190 190 190 191 190 190 190 190 191 191 191 191 191 191 191 191 191 191 191 191 192 192 192 192 191 191 191 191 191 191 191 191 191 191 191 191 191 191 191 192 192 192 192 192 192 192 192 192
2206 192 192 192 192 192 192 192 192 192 192 192 192 192 192 192 192 192 192 192 192 192 193 193 193 193 193 193 193 193 193 193 193 193 193 193 193 194 194 194 194 194 195 195 195 195 195 195 195 195 195 195 195 195 195 195 195 195 195 195 195
2207 195 195 195 195 195 195 195 195 195 195 195 195 195 195 195 195 195 195 195 195 195 195 195 195 194 194 194 194 195 195 195 195 195 196 195 195 195 195 195 195 195 195 195 195 195 195 195 195 196 196 196 196 196 196 196 196 196 196 196 196
2208 196 196 195 195 195 195 196 196 196 196 196 196 196 196 196 196 196 196 196 197 197 197 197 197 198 198 198 198 198 197 197 198 199 199 200 200 200 201 201 201 201 201 201 201 201 201 201 201 201 202 202 202 203 203 203 203 203 203 203 204
2209 204 204 204 204 205 205 205 206 206 206 206 206 206 206 206 207 206 207 207 207 207 207 207 208 208 208 208 208 209 209 209 210 210 211 211 211 211 211 211 211 210 211 211 211 211 211 211 211 211 211 211 211 211 211 211 212 212 211 211 211
2210 211 211 211 212 212 212 212 212 212 213 213 213 213 213 213 213 214 214 214 214 214 214 215 215 215 215 215 216 216 216 216 216 216 217 217 217 218 218 218 218 218 218 219 219 219 219 219 219 219 220 220 220 220 221 221 221 220 220 221 221
2211 222 223 223 223 223 224 224 224 224 224 225 225 226 226 225 225 225 225 226 227 227 227 226 226 225 225 225 225 226 226 226 225 225 225 225 225 224 224 224 224 225 225 225 225 226 226 227 228 228 228 227 227 227 227 227 227 227 227 227 227
2212 228 229 229 228 228 229 229 228 228 228 228 228 228 229 230 231 231 230 229 229 230 230 230 230 230 230 230 230 231 232 232 231 230 230 231 232 233 233 234 233 233 234 234 234 234 234 233 234 234 235 236 236 236 236 236 236 236 236 237 239
2213 241 242 241 241 242 243 244 245 243 242 241 241 242 243 245 245 245 244 243 244 246 245 245 244 243 243 244 244 245 244 244 245 244 243 242 241 241 240 241 242 243 243 242 242 242 241 241 241 241 240 240 239 238 238 237 238 238 238 238 238
2214 238 238 238 238 238 238 238 238 237 237 237 237 237 237 237 238 238 238 238 238 238 238 238 238 238 239 239 240 241 242 242 242 242 242 242 242 242 242 241 242 243 243 244 244 244 244 243 242 241 242 243 244 245 246 246 246 246 246 246 246
2215 247 248 248 249 252 253 253 252 251 252 253 254 255 254 254 252 249 248 248 247 246 246 245 246 246 246 247 248 249 250 251 251 251 252 252 251 251 250 250 248 249 249 249 249 248 248 247 247 247 247 246 247 247 246 246 245 245 245 245 246
2216 247 247 246 248 249 248 248 248 248 248 247 247 247 247 247 246 244 244 244 243 243 243 243 243 242 241 240 240 239 239 239 239 239 239 239 239 239 239 239 238 239 239 238 238 239 238 238 238 238 238 238 238 238 239 239 239 239 238 238 238
2217 239 239 238 239 238 239 238 238 238 238 238 238 239 240 241 241 242 242 242 243 244 244 243 242 242 243 243 244 243 242 242 242 243 243 242 240 240 239 239 239 238 238 238 239 239 239 240 240 240 240 240 240 241 242 242 242 242 242 242 243
2218 242 243 242 242 242 242 242 242 242 242 241 241 241 241 241 242 242 242 241 241 241 241 241 241 241 240 240 240 240 240 240 240 240 240 240 240 240 240 240 239 239 239 239 238 238 238 238 238 238 238 238 238 238 238 238 238 238 238 238 238
2219 238 237 238 238 238 237 237 237 237 238 237 237 237 237 237 237 236 235 235 234 234 234 234 233 233 233 233 233 233 233 232 233 233 232 232 232 232 231 231 231 231 231 231 231 231 231 231 231 230 230 230 230 230 230 230 230 230 230 230 230
2220 230 229 229 229 229 229 229 229 229 229 229 229 229 229 229 229 228 228 228 228 228 228 228 228 228 228 228 228 228 227 227 227 227 227 226 226 226 226 226 226 226 226 226 226 226 226 225 225 225 224 224 224 224 224 223 223 223 223 223 223
2221 222 222 222 222 221 220 220 218 218 217 216 216 215 215 215 214 214 214 214 214 214 213 213 213 213 212 212 212 211 211 211 211 211 211 211 210 210 210 210 210 210 210 209 209 209 208 208 208 208 208 207 207 207 206 206 206 206 206 205 205
2222 205 205 205 205 205 204 204 204 204 204 204 204 204 204 204 204 204 203 203 204 204 204 204 204 204 204 204 203 203 203 203 203 203 203 203 203 204 204 204 204 204 204 204 204 204 204 204 204 204 204 166 204 204 204 205 205 205 204 204 204
2223 204 204 204 204 204 203 203 203 203 203 204 203 203 203 203 203 203 204 203 203 203 203 203 203 203 203 203 203 203 203 203 203 203 203 204 204 204 204 204 204 203 203 204 204 204 204 204 204 204 204 204 204 204 204 204 204 204 204 204 204
2300 204 204 204 204 204 204 204 204 204 204 204 204 204 204 204 204 204 204 204 204 204 204 203 203 203 203 204 204 204 204 204 204 204 204 204 204 204 204 204 204 204 204 204 204 205 205 205 205 205 205 205 205 205 205 205 205 205 205 205 205
2301 205 205 205 205 205 205 205 205 205 205 205 205 204 205 204 204 204 205 205 204 205 204 204 204 204 204 204 204 204 204 204 204 204 204 204 204 204 204 204 204 204 204 204 203 203 203 203 203 203 202 202 202 202 202 202 202 202 202 202 201
2302 201 201 201 201 201 201 201 201 201 201 201 201 201 201 201 201 201 201 201 201 201 200 200 200 200 200 200 200 200 200 200 200 200 200 200 200 200 200 200 200 200 200 200 200 199 199 199 199 199 199 199 199 199 199 199 199 199 199 199 199
2303 199 199 198 198 198 150 198 198 199 199 199 199 199 199 199 199 199 199 199 199 199 199 199 199 199 199 199 199 199 199 199 199 199 199 198 198 198 199 199 198 199 199 198 198 198 198 198 198 198 198 198 198 198 198 198 198 198 198 198 197
2304 197 197 197 197 197 197 197 197 197 197 197 197 197 197 197 197 197 197 197 197 197 197 197 197 197 197 197 197 197 197 197 197 197 197 197 197 197 197 197 197 198 197 197 198 197 198 198 198 198 198 198 198 198 198 198 198 198 198 198 198
2305 197 197 197 197 197 197 197 198 198 198 198 198 198 198 198 197 197 197 197 197 197 197 197 197 197 197 197 197 197 197 197 197 197 197 197 197 197 197 197 197 197 197 197 197 196 196 196 196 196 196 196 196 196 196 196 196 196 196 196 196
2306 196 196 196 196 196 195 195 195 195 195 195 195 195 195 195 194 194 194 194 194 194 194 194 194 194 194 194 194 193 193 193 193 193 193 193 193 193 193 192 192 192 192 192 192 192 192 192 192 192 192 192 192 192 192 192 191 192 192 191 191
2307 191 191 191 191 191 191 191 191 191 191 191 191 191 191 191 191 191 191 191 191 152 191 191 191 191 191 191 191 191 191 191 191 191 191 191 191 191 191 191 191 191 191 191 191 191 191 191 191 191 191 191 191 191 191 191 191 191 191 190 191
2308 190 190 190 190 190 190 190 190 190 190 190 190 190 190 190 190 190 191 191 191 191 190 191 191 190 190 191 191 190 190 190 190 190 190 190 190 191 190 190 190 190 191 191 190 190 190 190 190 191 191 191 191 191 191 191 191 191 191 191 191
2309 191 191 191 191 191 191 191 191 191 191 191 191 191 191 191 191 191 191 191 191 191 192 192 192 191 191 192 191 192 192 192 192 192 193 193 193 194 193 194 193 193 193 193 194 194 194 194 194 194 195 195 194 194 195 194 194 194 194 194 194
2310 194 195 195 194 195 195 195 195 195 195 195 195 195 195 196 196 197 196 196 196 196 196 196 197 197 197 197 197 197 197 197 198 198 198 198 199 199 199 199 199 199 200 200 200 200 201 201 201 201 202 202 202 202 202 202 203 203 204 204 204
2311 204 204 204 204 204 205 205 205 205 205 205 205 206 206 207 208 208 208 209 209 210 210 209 210 210 211 212 212 212 213 213 213 214 215 216 193 216 216 216 215 216 217 219 218 218 219 220 221 222 222 223 224 225 226 226 226 226 226 227 228
2312 228 230 230 229 229 228 226 225 225 226 226 225 224 223 224 224 225 225 226 228 231 234 235 235 233 232 231 231 233 233 232 231 232 231 231 231 230 230 231 233 234 234 233 234 233 234 234 236 237 237 237 237 236 235 234 235 236 237 238 240
2313 241 242 242 239 239 241 241 242 240 239 238 237 236 237 238 239 239 240 239 239 239 238 238 239 240 240 239 238 238 239 239 238 240 241 242 242 241 241 241 242 243 243 243 244 245 248 247 246 245 244 243 243 243 243 243 242 241 242 244 245
2314 245 246 245 244 245 246 247 248 247 248 248 248 249 251 251 252 252 251 251 250 249 247 246 246 245 245 246 247 248 248 249 249 249 247 246 246 247 247 247 247 247 247 248 248 248 249 248 247 247 247 246 247 247 249 250 251 252 251 250 251
2315 252 253 254 256 256 256 256 256 255 255 255 253 253 254 255 258 259 259 257 256 256 254 253 254 255 255 255 255 256 257 258 259 260 261 262 262 261 260 259 258 256 255 255 256 256 256 256 256 256 255 218 253 252 251 251 251 250 250 250 251
2316 252 252 252 252 252 252 252 252 252 252 252 252 251 251 252 251 251 251 251 252 252 252 252 251 251 251 250 250 251 251 251 251 251 252 252 253 253 253 253 253 253 254 254 255 255 255 254 254 253 253 253 253 253 252 252 251 251 251 252 252
2317 252 252 252 252 251 251 251 251 251 251 251 249 247 245 244 243 242 241 240 239 239 239 238 238 238 238 238 237 236 236 236 236 235 236 235 236 235 235 235 235 235 235 234 234 234 234 234 233 233 233 233 233 233 233 232 232 232 232 232 231
2318 231 231 232 232 232 232 232 232 231 231 231 231 231 231 231 231 232 232 232 232 232 232 232 231 231 231 230 230 230 230 230 230 231 231 231 231 230 230 230 230 230 230 230 230 230 230 230 230 230 229 229 229 229 229 229 229 229 229 229 229
2319 229 229 229 228 228 228 228 228 227 227 227 227 226 226 226 226 226 226 226 226 226 226 225 225 225 225 225 224 225 224 224 224 224 224 224 224 223 223 223 222 222 222 222 221 221 221 221 220 220 220 220 219 219 219 219 219 219 219 219 219
2320 218 218 218 218 218 218 218 218 218 218 218 218 217 217 217 218 218 219 219 219 219 219 219 219 219 220 220 220 220 220 220 220 220 220 220 220 220 220 219 219 219 219 219 218 218 218 217 217 217 217 217 217 217 216 216 216 216 216 216 216
2321 216 216 217 217 217 217 217 217 217 217 217 217 217 217 217 217 217 217 217 217 217 217 217 217 217 217 217 217 216 216 216 216 216 216 216 216 215 215 215 215 215 215 215 215 215 215 214 214 214 214 214 214 214 214 214 213 213 213 213 212
2322 212 212 212 212 212 212 212 212 212 212 211 211 211 210 210 210 210 210 210 210 210 210 210 210 210 209 209 209 209 209 209 209 209 209 209 209 209 209 209 209 209 209 209 209 209 209 209 210 210 209 210 210 210 210 210 210 210 210 210 210
2323 210 210 210 210 210 210 210 210 210 210 210 210 210 210 211 211 211 211 210 211 211 211 211 211 211 211 211 211 211 211 211 211 211 211 211 211 211 211 211 210 210 210 210 210 210 209 209 209 209 209 209 209 209 209 209 209 209 209 209 209
2400 209 209 209 209 209 209 209 209 209 209 209 208 208 208 208 208 208 208 208 208 208 208 208 208 208 208 208 207 207 207 207 207 207 207 207 207 207 207 207 207 206 206 206 206 206 206 206 206 206 206 205 205 205 204 204 204 203 203 202 202
2401 202 201 201 201 201 200 200 200 200 200 200 199 199 199 199 199 199 199 199 199 199 199 199 199 200 199 199 199 199 199 199 199 199 199 199 199 199 199 199 199 199 199 199 199 199 199 199 199 199 200 199 200 199 200 200 200 199 199 200 200
2402 200 199 200 199 199 200 200 199 199 199 199 199 199 199 199 199 199 199 199 199 199 199 199 199 199 198 198 198 198 198 198 198 198 198 198 198 198 198 197 197 197 197 197 197 197 197 197 197 197 197 197 197 197 197 197 197 197 197 197 197
2403 197 197 197 197 197 197 197 197 197 197 197 197 197 197 197 197 197 197 197 197 197 197 197 197 197 197 197 197 197 197 197 197 197 197 197 197 197 197 197 197 197 197 197 197 197 197 197 197 197 197 197 197 197 197 197 198 197 198 198 198
2404 198 198 198 198 198 198 198 198 198 198 198 198 198 198 198 198 198 198 198 198 198 198 198 198 198 198 198 198 198 198 198 198 198 198 198 198 197 197 197 197 197 197 197 197 197 197 197 196 196 196 196 196 196 196 196 196 196 196 196 196
2405 196 196 196 196 196 195 196 196 195 196 196 195 195 196 195 195 195 195 195 195 195 196 196 195 195 195 195 195 196 196 196 196 196 196 196 196 196 196 196 196 196 196 196 195 195 195 195 195 195 195 195 195 195 195 195 194 195 195 195 195
2406 195 195 195 195 195 194 194 194 194 194 194 194 194 194 194 194 194 194 194 194 194 195 195 195 195 195 195 195 195 195 195 195 195 195 195 195 195 195 195 194 194 195 195 195 195 195 195 195 195 195 195 194 194 195 194 194 194 194 195 194
2407 194 194 195 195 195 194 194 194 194 194 194 194 194 194 194 194 194 194 194 194 194 194 194 194 194 194 194 194 194 194 194 194 194 194 194 194 194 194 193 193 193 194 193 193 194 194 194 193 193 193 193 194 194 194 193 193 194 194 194 193
2408 194 193 193 194 194 194 193 193 194 194 194 194 194 193 194 194 194 194 194 194 194 194 194 194 194 194 194 194 194 194 194 194 194 194 194 194 194 194 194 194 194 194 194 194 194 194 194 194 194 194 194 194 195 194 194 194 194 194 195 194
2409 195 195 195 195 195 195 195 195 195 195 195 195 195 195 195 195 196 196 195 195 195 195 195 196 195 195 195 195 195 195 195 195 195 195 195 195 196 195 196 196 196 196 196 196 196 196 196 196 196 196 196 196 196 196 196 197 196 197 197 196
2410 196 196 196 196 196 197 197 197 197 197 197 197 197 197 198 197 197 197 197 197 197 197 197 197 197 197 197 197 198 198 198 198 198 198 198 198 198 198 198 198 198 198 198 198 198 198 198 199 198 198 198 198 198 198 199 199 199 199 199 199
2411 198 198 198 199 199 199 199 199 200 199 199 199 200 200 200 199 199 199 199 200 200 200 200 200 200 200 200 199 199 200 200 200 200 200 199 200 200 200 200 200 200 201 201 201 201 201 201 201 201 201 201 201 202 202 202 202 202 202 202 202
2412 203 202 203 204 203 203 203 202 202 203 203 204 204 204 205 205 205 205 204 204 204 205 205 205 205 206 206 205 205 205 205 205 205 205 205 205 205 205 204 205 205 206 206 206 206 206 205 205 206 206 206 207 207 207 207 208 208 208 208 208
2413 208 209 209 209 208 208 208 208 208 209 209 209 208 208 208 209 209 209 209 209 209 209 209 209 209 209 209 209 209 209 209 209 209 209 209 210 210 210 210 210 210 210 211 211 211 212 212 212 212 212 213 213 213 214 214 213 214 214 214 214
2414 213 214 214 213 213 213 213 213 212 213 214 214 213 213 214 214 214 214 214 214 214 214 214 214 214 214 215 214 214 214 214 214 215 215 215 215 215 215 215 215 215 215 215 215 215 215 215 214 214 214 214 214 213 213 213 212 213 212 212 212
2415 212 211 212 212 211 211 211 211 211 211 211 211 211 212 212 211 211 211 211 211 211 211 211 211 211 212 212 212 212 212 212 212 212 212 212 212 212 212 213 213 214 214 214 215 215 216 216 217 217 217 216 217 217 217 217 217 217 217 217 217
2416 218 218 218 218 218 218 218 217 217 217 217 217 218 218 219 219 219 219 220 220 220 220 219 219 219 219 218 219 219 219 219 219 219 219 219 218 218 218 218 218 218 217 217 217 217 218 218 218 218 218 218 218 219 219 219 219 220 220 220 220
2417 221 221 221 221 221 220 220 220 220 219 219 219 220 220 220 220 220 220 220 220 220 220 220 220 219 219 219 219 219 220 220 220 220 220 220 220 220 220 220 220 219 219 219 219 218 218 218 218 218 218 218 217 217 217 217 217 216 216 216 216
2418 216 216 216 216 216 216 216 216 216 216 216 216 216 216 216 216 216 216 216 216 216 216 216 216 216 216 216 216 216 216 216 217 217 216 216 216 216 216 216 216 216 216 216 215 215 215 215 215 215 215 215 215 215 215 215 215 215 215 215 215
2419 215 215 215 215 215 215 214 215 214 215 215 214 215 214 214 214 214 214 214 214 214 213 213 213 213 213 212 212 212 212 212 212 212 211 211 211 211 211 211 210 210 210 210 210 210 210 210 210 209 209 209 209 209 209 209 209 209 209 209 209
2420 209 209 209 209 209 209 209 209 209 209 209 209 209 209 209 209 209 209 209 209 209 209 209 209 209 209 209 209 209 209 209 208 208 208 208 208 208 208 208 208 208 208 208 208 208 208 208 208 208 208 208 208 207 208 208 208 208 207 207 207
2421 207 207 207 207 207 207 207 207 207 207 207 207 207 207 207 207 207 208 208 207 207 207 207 207 207 206 206 206 206 206 206 206 206 206 206 207 207 207 207 208 208 208 208 208 208 208 207 207 207 207 207 207 206 206 206 206 206 206 206 206
2422 206 205 205 205 205 205 205 205 205 204 204 204 204 204 204 204 204 204 204 204 205 205 205 205 205 205 205 204 205 205 205 205 204 204 204 204 204 204 204 204 204 204 204 204 204 204 204 204 204 204 204 204 204 204 204 204 204 204 204 204
2423 204 204 204 204 204 204 205 205 204 205 205 205 205 205 205 205 204 204 204 204 205 205 205 205 205 205 205 204 204 204 204 204 204 205 205 205 205 205 206 206 206 206 206 206 206 206 206 206 206 206 206 206 206 206 205 205 205 205 205 205
2500 205 205 205 205 205 205 205 205 205 205 205 205 205 205 205 205 205 205 205 205 205 205 205 205 205 205 206 206 206 205 206 205 206 206 205 206 205 206 206 206 206 206 206 206 206 206 206 206 206 206 206 205 205 205 205 205 205 205 205 205
2501 205 204 205 205 205 206 206 206 206 206 206 206 206 206 206 206 206 206 206 206 206 205 205 206 205 205 205 205 205 205 205 205 205 204 204 204 204 204 204 203 203 203 203 203 203 203 203 203 203 202 202 202 202 202 202 201 201 201 201 201
2502 201 200 200 200 200 200 200 200 200 200 200 200 200 199 199 199 199 199 199 199 199 198 199 198 198 198 198 198 198 198 198 198 198 198 198 198 198 198 198 198 198 198 198 198 198 198 198 198 198 198 197 198 197 197 197 197 197 197 197 197
2503 197 197 197 197 197 197 197 197 197 197 197 197 197 197 197 197 197 197 197 197 197 197 197 197 197 197 197 197 197 197 197 197 197 197 197 197 197 197 197 197 197 197 197 197 197 197 197 197 197 196 196 196 196 196 196 196 196 196 196 196
2504 196 196 196 196 196 196 196 196 196 196 196 196 196 196 196 196 196 196 196 196 196 196 196 196 196 196 196 196 196 196 196 196 196 196 196 197 197 196 196 196 196 196 196 196 196 196 196 196 196 196 196 196 197 197 197 197 196 196 196 196
2505 196 196 196 197 197 197 197 183 197 197 197 197 197 197 197 197 197 197 197 197 197 197 197 197 197 197 197 197 197 197 197 197 197 197 197 197 197 197 197 197 197 197 197 197 197 197 197 197 197 197 197 197 197 197 197 198 198 198 198 198
2506 198 198 198 198 198 198 198 198 198 198 197 197 197 197 197 197 197 197 197 198 198 198 198 198 198 198 198 198 198 198 198 198 198 198 198 198 198 198 198 198 198 198 198 198 198 198 198 198 198 198 198 198 198 198 198 198 198 198 198 198
2507 198 198 198 198 198 198 198 198 198 198 198 198 198 198 198 198 198 198 198 198 197 197 197 197 197 197 197 197 197 197 197 197 197 197 197 197 197 197 197 197 197 197 197 197 197 197 197 197 197 197 197 197 197 197 197 197 197 197 197 197
2508 197 197 197 197 197 197 197 197 197 197 197 197 197 197 197 197 197 197 197 197 197 197 197 197 197 197 197 197 197 197 197 197 197 197 197 197 197 197 197 197 197 197 198 198 198 198 198 198 198 198 198 198 198 198 198 198 198 199 199 199
2509 199 199 199 199 199 199 199 200 200 200 200 200 200 200 200 200 200 201 200 201 201 201 185 200 201 201 201 202 202 202 202 202 202 202 202 202 203 203 203 203 203 203 203 203 203 203 203 203 203 203 203 204 204 204 204 204 204 204 204 204
2510 204 204 204 204 204 204 205 205 205 205 205 204 205 205 205 205 204 205 205 204 204 205 204 205 205 204 204 205 205 205 205 205 205 205 205 205 205 205 206 206 206 206 206 206 206 206 207 207 207 207 207 207 207 208 208 208 207 208 207 207
2511 207 207 207 207 208 208 208 208 208 208 208 208 209 208 209 209 209 209 209 209 209 209 209 209 209 209 209 209 209 209 209 209 209 210 210 210 210 210 210 210 210 210 210 210 210 210 210 210 210 210 211 211 211 211 211 211 211 211 211 211
2512 212 212 212 211 211 210 210 210 210 209 209 209 209 209 209 209 209 209 209 209 209 209 210 210 210 210 211 211 212 212 212 213 213 213 213 213 213 213 213 213 212 212 212 213 212 212 211 210 210 210 209 209 208 208 208 208 208 208 208 208
2513 208 208 208 207 207 207 207 207 207 207 207 207 207 207 207 206 206 206 206 206 206 205 205 205 205 205 204 204 205 205 205 205 205 205 206 206 206 217 207 208 208 208 209 209 209 209 209 209 209 210 210 211 211 212 212 212 212 212 212 212
2514 212 213 213 213 213 213 214 213 213 213 213 213 213 213 213 213 213 213 212 213 213 213 213 213 213 213 213 213 213 213 213 214 214 214 214 214 214 214 214 214 214 215 215 214 214 214 214 214 214 214 214 214 214 214 214 214 213 213 213 212
2515 212 212 212 211 211 211 210 211 211 211 211 211 211 211 211 212 212 212 213 213 213 213 213 213 213 213 213 213 213 213 213 212 213 213 213 213 213 213 214 214 215 215 215 215 216 216 216 216 216 215 215 215 214 214 214 213 213 212 211 210
2516 210 209 209 208 208 208 207 207 207 207 206 206 207 206 207 207 207 207 208 208 209 209 209 209 209 209 209 209 209 210 210 210 210 210 210 210 210 210 211 211 211 211 211 211 211 211 211 211 211 211 211 211 211 211 211 212 211 212 212 212
2517 212 212 212 212 212 212 213 213 213 213 213 213 213 213 213 213 213 213 213 213 213 213 213 213 213 213 213 213 213 213 213 213 214 214 214 214 214 214 215 215 215 215 215 215 215 215 215 214 214 214 214 214 223 215 215 215 215 215 215 215
2518 214 214 214 214 214 214 214 213 213 213 213 213 213 213 213 212 212 212 212 212 211 211 211 211 210 210 210 210 210 210 210 210 210 210 210 210 209 209 209 209 208 208 208 208 208 207 207 207 207 207 207 207 207 207 207 207 207 206 206 206
2519 206 206 206 206 205 205 205 205 204 204 204 203 203 203 203 202 203 203 203 203 202 203 203 203 203 203 203 203 203 203 203 203 203 203 203 203 203 203 203 203 203 203 203 203 203 203 203 203 203 203 203 203 203 203 203 203 203 203 203 203
2520 203 203 203 203 203 203 203 203 203 203 203 203 203 203 203 203 203 203 203 202 202 201 201 201 200 200 200 200 199 199 198 198 198 198 198 198 198 198 198 198 198 198 198 198 198 198 198 198 198 198 197 197 197 197 196 196 196 196 196 196
2521 196 196 196 196 196 196 196 197 197 197 197 197 197 198 197 198 198 198 198 198 198 198 198 198 198 198 199 199 199 199 199 199 199 199 199 199 199 199 199 199 199 199 199 199 199 199 199 199 199 199 199 199 199 199 199 199 199 199 199 199
2522 198 198 198 198 198 198 198 198 197 197 197 197 197 197 197 197 197 197 197 197 197 197 197 197 197 197 196 196 196 196 196 196 196 196 196 196 196 196 196 196 196 196 196 196 196 196 196 196 196 195 195 195 195 195 195 195 195 195 195 195
2523 195 195 195 195 195 195 195 195 195 195 195 195 195 195 195 195 195 195 195 195 195 195 195 195 195 195 195 195 195 195 195 195 195 195 195 195 195 195 195 195 195 195 194 194 194 194 194 194 194 194 194 194 194 194 194 195 194 194 195 195
2600 195 195 195 195 195 195 195 195 194 194 194 195 194 194 194 194 195 194 194 194 194 194 194 194 194 194 195 194 194 194 194 194 194 194 194 194 194 194 194 194 194 194 194 194 194 194 194 194 194 194 193 193 193 193 193 193 193 193 193 192
2601 192 192 192 192 192 192 192 192 191 191 192 191 191 191 192 191 191 191 190 190 190 190 190 189 189 189 189 189 189 189 189 189 189 189 189 189 189 188 188 188 188 188 187 187 187 188 188 188 188 188 188 187 187 187 187 188 188 188 188 188
2602 188 187 187 187 187 187 187 187 187 187 187 187 187 186 186 186 186 186 186 186 186 186 186 186 185 185 185 185 185 185 185 185 185 185 185 185 185 185 185 185 185 185 185 185 185 186 186 186 185 185 185 185 185 185 186 186 186 185 185 185
2603 185 184 184 184 184 185 184 184 184 184 184 184 184 183 183 184 184 184 183 183 183 183 183 183 183 183 183 183 183 183 184 183 183 183 183 183 183 183 183 183 183 183 183 183 183 183 183 183 183 183 183 183 183 183 183 183 183 183 183 183
2604 183 183 182 182 182 182 182 182 182 182 182 181 181 181 181 181 181 182 182 182 182 182 182 182 181 182 182 182 181 181 182 182 183 183 182 182 182 182 182 182 182 182 181 181 181 181 182 182 182 182 182 182 182 182 182 182 183 183 183 183
2605 184 184 184 185 185 185 185 185 185 185 185 185 185 185 185 185 185 186 186 186 186 185 185 185 185 185 185 185 184 184 183 184 184 183 184 184 184 184 184 184 183 183 183 183 183 182 182 182 182 182 182 182 182 182 182 182 182 182 182 182
2606 182 182 181 181 181 181 182 182 182 183 182 182 182 182 182 182 183 183 183 184 184 184 184 185 185 184 184 184 184 185 184 184 184 184 184 184 184 183 183 183 183 182 182 183 183 183 183 183 183 182 182 182 182 182 182 182 182 181 181 181
2607 181 181 181 181 181 181 181 180 180 180 180 180 181 181 181 181 181 181 181 181 181 181 181 181 181 181 181 181 181 181 181 181 181 181 182 182 182 182 182 183 183 183 184 184 184 184 184 184 184 184 184 184 184 184 184 183 183 183 182 182
2608 182 183 183 183 183 183 183 183 183 183 183 183 183 184 184 183 183 183 183 183 183 183 183 183 183 183 183 183 183 183 183 183 183 183 184 184 184 185 185 185 186 185 185 185 186 186 186 186 187 187 188 188 189 189 189 189 189 189 190 190
2609 191 191 191 192 192 193 193 193 194 194 194 194 194 195 195 196 196 196 197 197 197 197 198 198 198 198 198 199 200 200 201 201 202 202 201 200 200 200 200 200 201 201 201 201 201 201 201 202 201 202 202 202 202 202 202 203 203 202 202 203
2610 203 203 203 204 204 204 205 205 205 205 206 207 207 207 207 208 209 208 207 207 207 207 208 208 208 210 210 210 211 211 211 212 212 213 213 212 212 213 214 214 213 213 213 213 213 212 213 214 215 216 216 216 217 218 219 220 220 220 220 221
2611 223 226 227 227 227 226 224 224 224 224 224 225 224 224 225 225 225 225 226 226 225 224 224 224 225 225 225 225 224 224 224 224 225 225 226 226 227 228 229 230 230 230 230 229 229 228 228 229 231 233 234 236 237 237 238 238 237 236 236 237
2612 238 239 240 241 242 244 246 246 244 244 246 246 245 243 240 240 242 242 240 239 238 238 238 239 240 240 240 241 240 239 240 239 239 240 242 243 245 247 247 247 249 249 248 248 248 248 247 245 244 245 246 247 246 247 248 249 250 251 252 253
2613 254 254 252 252 254 253 250 250 250 250 250 248 247 248 249 248 248 247 246 246 245 244 244 245 245 244 243 243 242 243 243 243 243 243 244 244 245 245 246 246 247 248 248 247 245 246 246 246 245 245 245 245 245 246 247 248 249 250 251 251
2614 250 250 249 249 250 252 253 252 251 251 250 250 250 251 251 252 254 254 255 256 255 253 252 252 252 253 252 252 252 252 253 253 254 253 252 251 252 253 254 256 257 258 260 261 261 261 260 258 256 256 257 257 258 259 260 260 260 260 260 261
2615 261 262 263 264 263 262 261 258 255 254 254 255 256 255 255 255 257 258 256 256 256 256 258 259 259 259 259 260 263 266 267 267 266 266 265 264 262 260 260 260 260 259 257 256 256 256 255 255 255 256 256 257 257 258 258 258 261 264 268 268
2616 267 264 262 261 263 262 262 263 262 260 260 260 260 261 262 263 262 262 262 263 261 260 261 261 262 262 262 261 261 262 261 260 260 260 260 260 260 259 258 257 257 256 256 256 256 256 256 255 254 254 253 253 253 253 253 253 253 253 254 254
2617 254 255 254 255 254 254 255 256 257 258 258 259 260 260 261 261 261 263 265 266 267 267 267 268 269 269 270 272 273 272 272 271 271 270 269 270 269 268 266 265 264 262 261 261 260 260 259 259 258 257 256 255 254 253 253 253 253 253 252 252
2618 252 251 251 251 251 252 252 251 251 251 252 252 252 252 252 252 252 252 252 252 252 251 250 250 250 249 249 249 249 249 249 249 248 249 248 248 248 248 248 248 248 248 248 248 248 248 248 247 247 247 247 247 247 246 246 246 246 246 246 246
2619 246 245 245 245 245 246 246 246 246 246 246 246 246 246 245 245 245 245 245 245 244 243 242 241 241 240 240 240 240 239 239 239 239 239 239 238 238 238 238 238 238 238 238 238 237 237 237 236 236 235 236 236 236 236 235 235 234 234 234 233
2620 233 232 232 232 232 233 232 232 232 232 232 233 233 233 233 233 233 234 233 233 232 232 231 231 231 231 231 231 231 231 232 232 232 232 232 232 232 232 231 231 231 231 230 231 231 231 230 230 229 228 227 226 226 226 226 225 225 224 224 223
2621 223 223 222 222 222 222 222 222 221 222 221 221 221 221 220 220 220 221 221 221 221 220 220 221 221 222 222 223 224 225 226 226 226 226 226 226 226 227 227 227 227 227 227 226 226 226 225 225 225 225 225 225 225 225 224 224 224 224 224 224
2622 224 224 223 223 223 222 222 221 221 221 221 221 221 221 221 220 220 220 220 220 220 220 220 221 221 220 220 219 218 218 217 217 216 216 215 214 213 212 212 211 210 210 209 209 209 208 208 208 208 208 208 207 207 207 207 207 207 206 206 206
2623 206 206 206 206 206 206 206 206 207 207 206 206 206 206 206 206 206 206 206 206 206 206 206 205 205 205 205 205 205 205 205 205 205 205 206 206 206 206 206 206 206 205 205 205 205 205 205 204 204 204 204 204 204 204 204 204 204 204 203 203
2700 203 203 203 203 203 202 202 202 202 202 202 202 202 202 202 202 202 202 201 201 201 201 201 200 200 200 200 200 200 199 199 199 199 199 199 198 198 198 198 198 197 197 197 197 197 197 197 197 197 197 197 196 196 196 196 195 195 195 195 195
2701 195 195 195 194 194 194 193 193 193 193 193 192 192 192 192 191 191 191 191 191 190 190 190 190 190 190 190 190 190 190 190 190 190 190 190 190 190 190 190 190 189 189 189 189 189 190 190 190 190 190 190 190 190 191 191 191 191 191 190 191
2702 191 191 191 191 191 191 191 191 191 191 191 191 191 190 190 190 190 190 190 190 190 190 190 190 190 190 190 189 189 189 189 189 189 190 189 189 189 189 189 189 189 190 190 190 190 190 190 190 190 190 190 189 189 189 189 189 189 189 189 189
2703 189 189 189 189 189 189 190 189 189 189 189 189 189 189 189 188 189 189 189 189 188 188 188 188 188 188 188 188 188 188 188 188 188 188 188 187 187 187 187 187 187 187 187 187 187 187 187 187 187 187 187 187 187 187 187 187 187 187 187 187
2704 187 187 187 187 186 186 186 186 186 186 187 187 186 186 186 186 186 186 186 186 185 185 185 185 186 186 186 186 186 186 186 186 185 185 185 185 185 185 185 185 184 184 184 184 184 183 183 183 182 182 182 182 183 183 183 183 183 183 182 182
2705 182 182 182 182 182 182 182 181 181 181 181 181 181 181 181 181 181 181 181 181 181 181 181 181 181 181 181 181 181 181 181 180 180 180 180 180 180 180 179 179 179 179 179 179 179 179 179 178 178 178 178 178 178 178 178 179 179 179 179 179
2706 179 179 179 178 179 179 180 180 180 180 180 180 180 180 180 180 180 179 179 179 179 179 178 178 178 178 178 177 177 176 176 176 176 177 177 178 178 178 178 178 179 179 179 179 179 180 180 180 180 180 180 180 180 180 180 180 180 179 179 179
2707 179 179 178 178 178 178 178 177 177 174 177 178 178 178 178 178 178 178 177 177 177 177 176 176 176 176 176 177 177 177 176 176 176 176 176 176 176 176 176 176 176 176 176 177 177 177 177 177 177 177 177 177 177 177 176 176 176 176 177 178
2708 178 179 179 178 178 178 178 178 179 179 179 179 178 178 178 178 178 178 178 178 178 178 179 179 179 180 180 180 180 181 181 182 182 182 183 183 184 184 185 185 186 186 187 187 187 187 188 188 189 190 190 191 191 191 192 192 192 192 192 192
2709 192 193 193 193 194 194 194 194 194 194 194 195 195 196 197 197 197 197 198 199 199 199 199 200 200 200 201 201 202 202 203 203 203 204 204 204 204 204 205 205 205 205 205 205 205 205 205 205 206 206 206 206 206 207 207 208 209 210 212 214
2710 215 216 217 217 216 217 218 218 217 218 218 220 221 223 224 223 221 221 221 222 223 223 224 225 226 226 227 227 229 229 228 228 229 228 228 227 228 228 227 228 228 229 230 231 232 233 232 231 231 231 231 231 230 230 230 231 232 230 229 229
2711 230 230 229 230 231 232 233 234 233 233 233 232 233 233 234 235 235 236 236 236 236 238 239 238 171 239 239 238 239 240 243 245 249 251 250 248 247 248 248 248 247 247 247 246 245 246 245 245 245 245 244 244 244 243 243 243 243 242 243 244
2712 245 247 248 249 249 250 251 250 249 248 248 248 248 246 244 244 244 244 244 244 245 245 244 246 249 251 252 253 252 250 250 251 252 253 254 254 253 252 252 252 253 253 252 250 249 249 249 248 246 247 247 247 248 249 250 249 247 246 248 249
2713 251 251 251 250 250 249 250 250 248 247 248 248 249 249 248 248 249 251 250 249 249 247 247 247 248 248 248 247 248 248 249 250 252 252 251 250 250 251 251 252 252 252 253 252 251 250 249 248 247 248 249 250 251 251 252 253 253 252 252 251
2714 251 250 250 250 250 249 250 251 252 252 252 252 252 252 252 253 253 253 255 255 256 256 256 255 255 255 255 255 256 257 256 255 254 253 252 252 253 253 254 255 255 255 256 257 255 254 254 254 254 255 254 254 255 256 257 257 258 258 258 258
2715 256 254 254 254 255 256 255 254 255 256 256 255 254 253 253 253 253 252 252 252 252 252 252 253 253 253 253 254 253 253 252 252 251 251 250 250 250 251 251 181 251 251 252 252 252 252 253 253 253 253 254 254 255 255 254 255 255 255 255 255
2716 256 255 254 254 254 254 254 254 254 255 255 255 255 255 256 256 257 255 255 255 255 254 254 255 256 256 256 256 256 256 255 255 255 255 255 256 256 255 255 254 255 254 255 255 256 256 257 257 257 256 256 256 256 256 256 257 258 258 258 259
2717 258 257 256 255 256 256 256 256 256 256 256 255 255 255 255 255 255 256 256 256 256 256 256 256 256 256 256 255 255 255 254 254 254 254 254 254 255 255 256 256 256 256 256 256 256 256 256 255 255 255 254 255 255 255 255 255 254 254 254 254
2718 253 253 253 253 252 252 253 253 253 253 253 253 253 253 253 253 252 252 252 252 252 252 252 252 252 251 251 251 251 250 250 250 249 249 248 248 248 247 248 248 248 248 248 248 248 248 248 247 247 247 246 246 246 245 244 244 244 245 245 246
2719 245 245 244 243 243 242 242 242 241 241 241 241 240 240 240 240 239 238 238 238 238 238 237 236 236 236 235 235 235 234 234 234 234 233 233 233 233 233 233 232 232 232 232 232 231 231 231 231 232 234 234 233 234 233 182 233 233 233 233 233
2720 232 232 232 232 233 233 233 234 234 234 234 234 234 233 232 232 232 232 232 231 231 231 231 231 230 230 229 229 229 229 228 228 228 228 228 228 228 228 228 228 228 228 228 228 227 228 228 228 228 228 228 228 228 228 229 229 229 229 230 230
2721 230 229 228 228 228 227 227 226 226 227 229 229 229 229 230 230 229 229 229 228 229 229 229 228 228 228 228 227 227 227 227 226 227 227 227 226 226 225 225 225 224 224 224 223 223 223 222 223 223 223 223 223 222 222 222 222 221 221 220 220
2722 220 219 219 219 219 219 219 219 219 218 218 218 218 218 217 218 217 217 217 217 217 217 217 217 217 216 216 216 216 216 216 216 216 216 216 216 216 216 215 216 216 216 216 216 216 216 215 215 215 215 216 215 215 215 216 216 216 216 216 216
2723 217 217 217 217 217 217 217 217 217 217 217 217 217 217 218 218 217 217 217 217 217 217 217 217 217 217 217 216 216 216 215 215 215 215 214 214 213 213 212 212 212 212 212 212 211 211 211 210 210 210 210 210 210 210 210 209 209 208 208 207
2800 207 207 207 207 208 208 207 207 207 175 207 206 206 206 206 206 206 205 205 205 205 205 204 204 204 205 205 205 205 205 205 205 206 205 205 205 205 205 206 206 206 206 206 206 207 206 206 206 206 206 206 206 206 206 206 207 207 207 207 207
2801 207 207 207 207 206 206 206 206 206 206 206 206 206 206 206 206 206 206 206 206 206 205 205 206 206 206 206 205 206 205 205 205 205 205 205 205 205 205 205 204 205 204 204 204 204 204 204 204 204 205 205 205 205 206 206 206 206 206 207 207
2802 207 207 207 206 206 206 206 206 206 206 206 206 206 206 206 206 206 205 206 205 205 205 205 205 205 205 205 205 204 204 204 204 204 204 204 204 204 204 204 204 204 204 204 204 204 204 204 204 204 204 204 204 204 204 204 204 204 204 204 204
2803 203 203 202 202 202 202 202 202 203 203 203 203 204 204 204 204 204 204 204 204 204 204 203 203 203 203 203 203 204 204 204 204 204 204 205 205 205 205 206 206 206 206 206 206 206 206 207 207 207 207 207 207 207 207 208 208 208 208 208 207
2804 207 207 207 207 207 207 207 207 207 207 207 207 207 206 206 207 207 206 207 207 206 206 206 206 206 206 206 206 206 207 207 207 207 207 207 207 207 207 207 207 207 207 207 207 207 207 207 207 207 207 207 207 207 207 207 207 207 207 207 207
2805 207 207 207 207 207 207 207 207 207 207 207 207 207 207 207 206 206 206 206 206 206 205 205 206 205 205 205 205 205 205 205 205 205 205 205 205 205 205 204 204 204 203 203 203 202 202 203 203 203 203 204 204 204 204 204 204 204 204 203 203
2806 203 203 203 202 202 202 202 202 201 201 201 201 201 201 201 201 201 200 201 201 200 201 201 201 201 201 202 202 202 202 202 202 202 202 202 202 202 201 202 201 201 201 201 202 201 202 202 202 201 202 202 202 202 202 201 202 201 201 201 202
2807 201 202 203 203 204 205 205 205 205 205 205 205 205 205 205 205 205 205 205 204 204 204 204 204 204 204 204 204 204 204 204 204 204 204 203 203 203 203 203 203 203 204 203 204 203 203 203 203 203 204 203 203 203 204 204 203 203 203 203 203
2808 203 204 204 204 204 204 204 204 204 204 204 205 205 205 205 205 204 205 205 204 204 203 203 203 203 203 202 202 202 202 202 202 201 201 202 202 202 202 203 204 204 204 204 204 204 204 204 204 204 204 204 204 203 203 203 203 203 203 203 203
2809 202 203 202 202 202 202 202 202 202 202 202 202 202 202 202 202 202 202 202 202 202 202 202 202 202 202 203 203 203 203 203 204 204 204 204 205 205 206 206 206 207 207 207 207 207 207 207 207 208 208 209 209 209 210 210 210 210 211 212 211
2810 211 211 211 211 211 211 210 211 211 210 210 210 210 210 210 210 210 210 210 210 210 209 210 210 210 209 209 209 209 210 210 210 210 209 209 209 209 209 209 209 209 209 209 209 209 209 209 208 208 208 208 208 208 208 208 208 208 208 209 209
2811 209 209 209 209 209 209 209 208 208 208 208 207 207 207 206 207 207 206 207 207 207 208 208 208 208 209 209 210 210 211 210 210 209 209 209 209 209 209 210 211 211 211 212 212 213 214 213 213 214 215 215 215 215 215 215 215 214 214 215 215
2812 216 216 216 217 216 217 217 217 217 217 217 218 217 217 218 218 219 219 219 218 217 217 216 216 216 216 216 216 216 217 217 218 218 217 217 217 217 217 217 217 217 217 217 218 218 218 218 218 219 220 219 220 220 220 221 221 222 222 222 222
2813 222 221 220 220 220 220 221 222 222 223 224 224 224 223 223 222 221 221 221 221 222 222 222 221 221 221 221 221 222 222 222 222 222 222 223 223 223 224 225 225 225 224 224 225 225 226 227 227 227 228 227 228 228 227 227 227 227 228 228 228
2814 228 229 228 228 228 228 228 228 229 228 229 229 230 230 230 231 231 231 231 230 230 230 230 231 231 232 233 233 232 232 233 233 234 234 234 235 235 236 237 237 237 237 237 237 236 235 235 235 234 234 233 232 232 232 232 232 232 232 232 233
2815 233 232 232 232 232 232 233 233 234 234 234 234 233 233 233 232 232 233 233 233 233 234 233 232 232 232 232 231 232 232 232 233 233 233 233 234 234 234 235 235 235 235 236 236 236 235 234 234 234 235 235 235 235 235 235 235 235 235 235 236
2816 236 236 237 236 235 235 234 235 236 236 237 237 237 237 236 236 236 236 237 237 236 237 238 239 239 239 240 240 240 240 239 239 239 240 240 239 240 240 240 241 241 242 243 242 242 242 242 243 243 244 244 244 244 245 246 247 248 249 249 248
2817 248 249 249 249 250 250 249 248 248 249 250 250 250 251 251 250 250 249 248 247 247 246 245 245 245 244 244 244 243 243 243 243 243 243 243 243 243 243 243 243 243 244 244 244 245 246 247 248 248 249 250 251 252 252 250 248 248 248 249 250
2818 250 249 248 247 247 247 248 248 249 249 249 248 247 246 246 245 244 244 243 243 243 244 243 242 242 241 241 240 240 240 240 240 240 240 240 239 239 240 240 239 239 240 239 239 240 240 239 239 239 239 239 239 238 238 237 237 237 237 236 236
2819 236 236 236 236 236 235 235 235 235 235 235 235 234 234 234 234 234 234 234 234 234 234 234 233 233 233 232 232 232 232 231 231 231 231 231 231 231 230 230 230 230 229 229 229 229 228 228 228 228 227 227 226 226 226 226 226 226 225 224 224
2820 225 225 224 224 224 223 223 222 222 222 221 222 223 223 223 223 223 223 224 224 224 223 223 223 222 222 222 222 222 222 221 221 221 220 220 220 219 219 219 219 219 219 219 219 219 220 221 221 222 222 222 222 222 222 222 222 221 221 220 219
2821 219 219 219 218 219 219 220 220 220 220 220 220 220 219 219 219 219 219 218 218 218 217 217 216 216 216 216 216 215 215 215 214 214 215 215 215 214 215 215 216 217 217 217 217 217 216 216 216 216 215 214 214 214 214 214 213 213 212 212 212
2822 212 211 211 211 211 210 210 210 210 210 209 209 209 209 209 209 208 208 208 208 208 208 208 207 207 208 208 208 207 208 208 209 209 209 210 210 210 210 210 210 210 210 210 209 209 208 208 208 208 207 207 207 207 206 206 206 206 206 206 206
2823 206 205 205 205 205 205 205 204 204 204 204 204 204 204 204 204 204 204 204 204 204 204 203 203 203 203 203 203 203 203 203 203 203 203 202 202 202 202 202 203 204 205 205 205 205 205 205 205 205 205 205 205 205 204 204 205 205 205 205 205
2900 205 205 206 207 207 206 206 206 206 206 206 206 207 207 207 208 209 209 209 210 211 211 212 212 212 212 212 212 212 212 211 211 211 210 209 209 209 209 208 208 208 207 207 207 206 206 206 206 206 206 206 207 207 208 208 208 207 207 207 206
2901 206 205 205 204 204 203 203 202 202 202 202 202 202 202 202 201 201 201 200 200 200 200 200 200 200 200 200 199 199 199 199 199 199 199 199 198 198 198 198 198 197 198 198 198 198 198 198 198 197 197 197 196 196 196 196 196 195 195 195 194
2902 194 194 194 193 193 193 192 192 192 191 191 191 191 191 191 191 191 191 190 190 190 190 190 189 189 189 189 189 189 189 189 189 189 189 189 189 189 189 189 189 189 190 190 190 190 191 191 191 191 192 192 192 192 192 192 192 192 192 193 193
2903 193 193 193 193 193 193 193 193 193 193 193 193 193 193 193 193 193 193 193 193 193 193 193 193 193 193 193 194 194 194 194 194 194 194 194 194 194 194 194 194 194 194 194 194 194 194 194 194 194 193 193 193 193 193 193 193 193 193 193 193
2904 193 193 193 193 193 193 193 193 193 193 193 193 193 193 193 193 193 193 193 193 193 193 193 193 193 193 193 193 193 193 193 193 193 193 193 193 193 193 194 194 193 193 193 193 193 194 194 194 194 193 193 193 193 193 193 193 193 193 192 192
2905 192 192 192 192 192 192 192 191 191 191 191 191 192 191 192 191 191 191 191 190 190 190 190 189 189 188 188 188 188 188 188 188 188 188 188 188 188 188 188 188 188 189 189 189 189 189 189 189 189 189 189 189 189 189 189 188 188 188 187 187
2906 187 187 187 188 188 188 188 188 188 188 188 188 189 189 189 189 189 189 190 190 190 190 190 190 190 190 190 190 190 190 190 190 190 190 190 190 190 190 190 190 190 190 190 190 190 191 191 191 191 191 191 191 190 191 190 190 191 191 190 190
2907 191 191 191 190 190 190 190 189 189 189 189 189 189 189 189 189 189 189 189 190 189 190 190 190 191 191 191 191 191 191 191 191 191 191 190 190 191 190 190 190 190 190 190 190 190 191 191 191 191 191 191 191 191 190 191 191 191 191 191 191
2908 191 191 191 191 191 191 191 191 191 191 191 191 191 191 191 191 190 190 190 190 190 191 191 191 191 191 191 191 191 191 191 191 191 191 191 191 192 192 192 192 193 193 193 193 193 193 193 193 193 193 193 193 192 192 193 193 193 192 192 193
2909 193 194 193 194 194 195 195 195 195 196 196 196 196 197 197 197 197 198 198 199 199 199 200 200 201 201 202 203 202 203 202 203 203 204 204 204 205 205 205 205 206 206 206 206 206 206 207 207 207 207 207 207 207 208 208 208 207 207 207 207
2910 207 207 207 207 207 206 207 207 207 207 207 207 207 207 208 208 209 209 209 210 210 210 211 212 212 212 213 212 212 213 213 213 213 213 213 213 213 213 214 213 213 214 213 213 213 213 213 213 213 213 214 214 214 215 215 216 216 216 216 216
2911 216 216 216 217 217 217 218 218 218 218 218 219 219 219 219 219 219 219 219 219 219 219 219 219 219 219 219 219 219 220 220 220 221 221 221 222 223 223 223 223 223 222 222 222 222 222 222 222 222 222 222 222 223 223 223 223 223 223 223 223
2912 223 224 224 224 224 224 224 224 224 224 224 224 224 225 224 224 225 225 224 224 224 224 224 224 224 224 224 224 223 223 223 223 223 223 223 223 223 223 223 223 223 223 223 223 223 223 222 222 222 222 223 222 223 223 223 224 225 225 225 226
2913 226 226 226 226 225 225 226 226 226 227 227 227 226 226 225 224 224 225 225 224 224 224 224 224 224 224 246 224 224 223 223 224 225 225 225 225 225 225 226 226 226 226 226 225 226 226 226 226 226 226 226 227 227 228 227 227 227 227 227 227
2914 227 227 227 227 227 227 227 227 227 227 227 227 227 227 227 227 226 226 227 227 227 227 227 227 227 228 228 228 228 228 228 229 228 228 229 229 229 230 230 231 230 230 231 231 230 231 231 232 231 231 230 230 230 230 230 230 230 230 230 230
2915 230 230 229 230 230 230 230 230 230 230 229 229 228 228 227 227 227 227 227 227 227 227 227 227 227 226 227 227 227 227 227 227 228 228 228 229 229 229 229 229 228 228 228 228 228 229 228 228 228 228 228 228 228 228 228 227 227 227 227 227
2916 230 230 230 230 230 230 230 230 229 229 229 229 229 229 229 229 229 228 228 228 228 228 228 228 228 228 228 228 228 228 228 228 228 229 229 229 229 229 229 230 230 230 229 229 229 229 229 229 229 229 229 229 228 228 228 228 227 227 227 227
2917 228 228 228 229 229 229 229 229 229 230 230 230 229 229 229 229 229 229 229 229 229 229 228 228 228 228 227 227 227 227 227 227 227 227 227 227 227 227 227 227 227 272 227 227 227 227 227 227 226 226 226 226 225 225 225 225 224 224 224 224
2918 224 224 224 224 224 223 223 223 223 223 223 222 222 222 222 222 222 222 222 222 222 222 222 222 222 222 222 222 222 222 222 222 221 221 221 221 221 221 221 221 221 220 221 221 221 221 220 220 220 220 220 220 220 220 220 220 219 219 219 219
2919 219 219 219 219 219 219 219 219 218 218 218 218 218 218 218 218 218 217 217 217 217 217 217 217 217 217 216 216 216 216 216 216 216 216 216 216 215 215 215 215 214 214 214 213 213 213 213 212 212 212 211 211 211 210 210 210 209 209 209 209
2920 209 208 208 208 207 207 206 206 206 205 205 205 204 204 204 203 203 203 203 203 202 202 201 201 200 200 200 199 199 199 199 198 198 198 198 198 198 198 198 198 198 198 198 198 198 198 198 198 198 198 198 198 198 198 198 199 199 198 198 198
2921 198 197 197 197 197 197 197 197 197 197 197 197 197 196 196 196 196 196 196 196 196 196 196 196 196 196 196 196 196 195 195 195 195 195 195 195 195 195 195 195 195 195 195 195 195 194 195 195 194 194 194 194 194 194 193 193 189 192 191 191
2922 190 190 190 190 190 190 190 190 190 190 190 190 190 190 190 190 190 190 190 190 190 189 189 189 189 189 189 188 188 188 188 188 187 187 187 187 187 187 187 187 187 187 187 187 187 187 186 186 186 186 186 186 186 186 186 186 185 185 185 185
2923 185 184 184 184 184 184 184 184 185 185 185 185 185 185 184 184 184 184 184 184 184 184 184 184 185 185 185 185 185 185 185 185 186 186 186 186 186 187 187 187 187 187 187 188 188 188 188 188 188 188 188 188 188 187 188 188 188 188 188 188
3000 188 188 188 188 188 188 188 188 188 188 188 189 188 188 188 189 189 188 189 189 189 190 189 189 189 189 189 189 190 190 190 190 190 190 189 190 190 190 189 189 189 189 189 189 189 189 189 190 190 189 189 189 189 189 189 189 189 189 189 189
3001 189 188 188 188 188 188 188 187 187 187 187 187 186 187 186 186 186 186 186 185 185 185 185 185 185 185 185 185 185 185 185 185 185 185 185 185 185 185 185 185 185 185 185 185 185 185 185 185 185 185 185 185 185 185 185 185 185 185 185 185
3002 185 185 185 185 185 185 185 185 185 185 185 178 185 185 185 185 185 185 185 185 185 185 185 185 185 185 185 185 185 185 185 185 185 185 185 185 184 185 185 185 184 185 185 185 185 185 185 185 185 185 185 185 185 186 186 186 186 185 185 185
3003 185 186 186 185 185 185 186 186 186 186 186 186 186 185 185 185 185 186 186 186 186 186 186 186 186 185 186 186 185 186 186 186 186 186 186 186 186 186 186 186 186 186 186 186 186 186 186 186 186 186 186 186 186 186 186 186 186 186 186 186
3004 186 186 186 186 186 186 186 186 186 186 186 186 186 186 186 186 186 186 187 186 186 187 187 187 187 187 187 187 187 188 188 188 187 187 187 187 187 187 187 187 187 187 187 187 187 187 187 187 187 187 187 187 187 187 187 187 186 186 186 186
3005 186 186 186 186 186 186 186 185 185 185 185 185 185 184 184 184 184 184 184 184 184 184 184 184 184 184 184 184 184 184 184 184 184 184 184 184 184 184 184 184 184 184 184 184 184 184 184 184 184 183 183 183 183 183 183 183 183 183 183 183
3006 183 182 182 182 182 182 182 182 182 182 182 182 182 182 182 182 182 182 182 182 182 182 182 182 182 182 182 182 182 182 182 182 182 182 182 182 182 181 182 181 181 182 182 181 181 181 181 181 181 181 181 181 181 181 182 182 182 182 182 182
3007 182 182 181 181 181 182 181 181 181 181 181 181 181 181 181 181 181 181 181 181 181 181 181 181 181 181 181 181 181 181 181 181 181 181 181 181 181 181 181 181 181 181 182 181 181 181 181 181 181 181 181 180 180 180 180 180 180 180 180 180
3008 180 180 180 180 181 181 181 181 181 181 181 182 181 182 182 182 181 181 181 181 181 181 181 181 182 183 183 183 183 184 183 184 184 184 184 184 185 185 185 185 185 186 186 187 187 187 187 187 188 188 188 188 188 189 189 189 190 190 190 190
3009 190 190 190 191 191 191 191 191 191 191 191 192 192 192 192 192 192 192 192 192 192 192 192 193 193 193 193 193 194 194 194 194 194 194 194 194 195 195 195 195 195 195 195 195 196 196 196 196 196 197 197 197 198 198 198 198 198 198 198 198
3010 198 198 198 198 198 198 198 198 198 199 199 199 199 199 199 200 200 200 200 201 201 201 201 201 201 201 201 201 201 201 201 202 202 201 202 202 202 203 203 203 203 204 204 204 204 204 204 204 205 206 206 206 207 207 207 208 209 209 209 209
3011 210 211 210 210 210 210 209 210 210 211 212 213 213 213 214 213 214 214 215 215 215 213 214 215 217 217 217 217 217 217 218 218 219 217 216 216 217 219 219 219 221 221 220 221 222 224 225 225 225 227 228 226 226 226 224 224 224 225 226 226
3012 225 226 226 226 227 226 226 224 225 225 226 226 226 226 226 227 228 229 231 230 230 229 228 228 228 228 228 229 229 230 231 231 233 234 234 233 232 231 231 230 230 231 231 231 231 232 232 231 231 229 230 232 233 234 232 231 230 230 229 229
3013 229 230 230 231 232 233 233 234 234 235 236 235 233 233 232 232 232 232 232 233 234 234 234 234 233 232 233 233 234 234 235 236 235 235 236 236 235 235 235 235 235 237 237 236 236 234 233 234 234 235 235 236 237 237 238 237 235 236 237 238
3014 240 242 241 240 239 238 238 239 241 242 241 240 239 240 240 241 241 239 237 238 238 238 240 243 244 245 245 246 246 245 245 244 245 245 245 246 248 249 248 246 245 245 244 241 239 238 237 237 238 239 240 240 241 242 241 241 242 244 247 249
3015 248 246 244 244 245 244 243 243 243 242 242 243 243 243 244 244 244 245 246 249 252 255 254 253 252 250 249 249 246 245 243 243 244 244 245 245 246 247 250 251 251 251 253 253 253 255 259 261 262 263 263 261 258 254 253 253 253 252 250 250
3016 250 250 250 251 252 252 254 255 254 253 254 254 255 256 257 257 255 255 256 258 258 257 257 259 262 264 266 268 268 267 265 264 262 259 257 256 255 253 252 252 253 254 255 256 259 261 263 261 259 257 258 260 261 262 262 260 259 260 260 261
3017 260 259 259 258 260 260 260 262 263 263 262 260 259 257 256 254 252 253 253 253 253 253 253 253 254 256 258 258 258 256 257 258 259 259 259 260 260 259 259 261 261 262 263 263 262 261 260 260 260 260 260 261 262 264 266 267 266 265 266 266
3018 265 264 263 262 262 260 259 257 256 255 254 254 254 254 253 252 251 251 251 251 251 251 251 252 253 253 253 253 252 253 252 252 252 252 251 251 250 250 249 249 248 247 247 247 247 247 247 247 247 247 247 247 248 248 249 249 250 251 253 254
3019 255 255 254 253 252 251 250 250 249 249 248 246 245 244 243 243 243 242 242 242 241 240 240 239 239 238 238 237 237 236 235 235 234 233 232 231 230 229 229 227 227 226 226 225 225 225 225 225 225 224 223 223 222 222 222 221 221 220 219 218
3020 217 217 216 215 214 214 213 213 212 211 211 211 211 210 211 210 210 211 211 211 211 211 210 210 209 209 209 209 208 208 208 208 208 207 207 207 207 207 206 206 206 206 205 205 205 205 205 205 205 204 205 204 204 207 210 213 216 218 220 221
