58265 2009   111213603204   65   24 6670   55    1--------------------------------------------------------------------------------------------------------------------------------------------------------------------------------------------------
3121 166 167 168 169 169 170 170 170 170 170 170 170 170 170 170 170 170 170 170 170 170 169 169 169 169 169 169 169 170 170 170 170 170 170 169 169 169 169 169 169 169 169 168 168 167 166 166 165 165 164 164 163 162 162 162 161 161 161 162 163
3122 163 163 163 162 162 162 163 164 164 164 164 165 165 166 168 176 169 169 170 169 167 165 164 163 162 161 160 159 159 159 158 157 157 157 157 156 156 155 155 155 153 153 153 154 154 154 153 154 154 155 156 156 157 156 156 156 155 155 154 154
3123 155 155 154 155 156 156 156 155 154 154 154 154 153 152 152 151 151 150 149 149 149 149 149 150 151 152 152 153 153 153 153 152 152 152 152 153 154 154 155 155 156 157 158 158 157 157 157 157 156 157 157 158 159 159 159 159 160 160 159 159
0100 159 160 160 160 160 160 160 160 160 160 160 160 160 159 159 158 158 158 158 158 158 158 159 160 160 162 162 163 163 163 165 165 166 166 167 167 167 167 166 167 167 166 167 167 167 167 167 167 167 166 166 166 165 165 163 163 163 162 162 163
0101 163 164 164 165 166 166 166 166 166 166 165 165 164 163 163 164 165 165 164 163 163 163 163 163 163 163 163 162 162 161 160 160 160 159 158 158 159 157 156 156 156 155 155 154 154 153 153 152 153 154 153 153 153 154 155 154 154 154 154 155
0102 158 159 160 160 161 161 162 162 162 162 162 163 164 164 164 165 165 165 164 163 163 162 161 160 159 159 158 158 157 157 168 157 157 156 156 156 155 154 154 154 156 157 157 158 159 160 160 161 161 162 162 162 163 163 164 165 165 165 165 164
0103 164 163 164 164 163 163 164 164 164 164 164 165 164 163 163 163 164 164 165 165 165 166 167 167 167 167 167 167 166 166 166 166 166 165 165 165 165 165 165 165 166 167 167 167 166 165 165 165 165 165 164 163 164 165 165 164 164 163 163 162
0104 162 161 161 160 159 159 159 159 159 159 159 159 159 159 159 158 158 157 157 157 157 157 156 156 156 156 155 155 155 155 155 154 154 153 153 153 154 154 154 153 152 152 152 151 151 151 150 151 151 150 150 150 149 149 149 149 149 149 149 149
0105 149 149 149 149 149 149 148 148 148 149 149 150 151 152 153 153 154 154 154 154 154 154 154 154 154 154 154 154 154 154 154 154 154 155 154 154 154 154 154 153 153 153 152 152 152 152 152 151 151 151 151 151 151 151 151 151 151 151 150 151
0106 151 151 150 150 151 150 150 150 150 151 151 151 151 152 152 152 152 152 152 152 152 152 152 151 151 151 151 151 151 151 150 150 150 150 150 150 150 150 150 150 149 149 149 149 149 166 149 149 149 149 148 148 148 148 148 148 148 148 148 148
0107 148 148 148 149 149 149 148 148 148 149 148 148 148 148 149 148 148 148 148 148 148 149 149 149 149 149 149 149 148 148 148 148 148 148 148 148 148 148 149 149 149 149 149 149 148 148 148 147 147 146 145 145 145 144 144 145 145 145 146 146
0108 145 143 142 142 141 141 140 141 141 142 142 143 144 145 145 146 146 146 147 147 147 148 148 148 148 148 148 149 149 149 149 149 149 149 150 150 150 150 150 150 150 149 149 149 150 149 150 150 150 150 150 150 150 150 150 150 149 149 149 149
0109 149 149 149 149 149 149 149 149 149 149 149 149 149 148 149 149 149 149 149 150 150 150 150 150 151 151 151 151 151 151 151 151 150 151 151 151 151 151 152 152 152 152 152 152 152 152 152 152 152 152 152 152 153 153 153 153 153 153 153 154
0110 154 154 154 155 155 155 155 155 155 155 155 155 156 156 156 156 156 156 156 156 156 157 158 158 159 160 160 161 161 161 163 164 165 166 167 168 168 168 168 168 167 166 166 166 165 165 165 165 165 165 165 166 166 166 166 166 166 166 167 169
0111 171 172 171 172 171 172 172 173 175 175 176 175 174 174 174 173 173 174 174 174 174 173 173 172 171 171 171 171 171 171 172 172 173 173 174 174 175 175 175 176 177 178 178 178 178 177 178 178 178 177 178 179 180 181 181 181 182 182 182 183
0112 184 184 183 183 183 183 183 184 184 185 184 184 183 183 184 184 185 185 185 186 186 186 186 186 185 185 186 187 187 188 188 189 189 189 190 191 192 193 194 195 197 197 195 193 193 193 192 192 194 195 195 197 198 198 198 199 199 200 200 199
0113 200 201 200 200 201 203 203 202 202 203 204 204 205 205 207 208 208 207 207 207 207 206 206 207 208 208 207 209 211 213 213 213 213 214 214 213 214 215 214 213 211 211 213 214 216 218 218 217 215 215 213 213 214 214 214 214 215 215 215 214
0114 213 213 214 214 213 212 212 213 213 212 213 214 215 215 217 217 217 216 216 214 214 214 214 215 217 219 220 218 218 219 219 219 219 218 218 218 217 216 218 219 218 217 216 216 216 217 218 217 217 217 216 215 216 217 219 220 220 218 216 215
0115 216 215 215 215 215 218 220 222 224 225 225 222 221 223 224 223 222 222 221 221 220 220 221 221 223 225 225 226 224 224 224 223 224 225 226 226 224 225 226 226 225 224 223 222 222 223 224 226 228 228 227 228 227 227 224 223 222 223 222 222
0116 222 221 221 222 222 223 223 222 223 224 224 223 222 222 221 222 222 223 222 222 222 222 221 223 225 225 226 226 227 226 225 223 223 224 223 223 223 222 223 222 222 222 222 223 223 224 224 223 224 225 225 225 224 224 224 224 224 223 223 222
0117 222 222 222 223 223 223 222 222 222 222 222 222 222 223 223 223 222 223 223 222 222 222 223 223 223 222 222 222 222 223 223 223 223 223 223 222 222 222 222 221 221 220 220 221 221 221 221 220 219 218 218 218 219 219 219 219 218 218 218 218
0118 218 218 218 218 218 218 217 217 217 217 216 216 215 215 214 215 214 214 213 213 213 213 213 212 211 211 211 210 210 209 208 208 208 207 207 207 206 206 206 205 204 204 203 203 203 203 202 202 201 201 201 200 200 200 200 200 200 200 199 198
0119 198 198 198 198 197 196 196 196 196 196 195 194 193 192 192 191 191 192 192 192 191 191 191 192 192 193 193 193 193 192 192 192 191 190 190 191 190 190 189 189 189 189 189 188 188 187 187 187 187 186 186 185 186 185 185 184 184 184 185 186
0120 187 188 188 188 188 188 188 188 188 188 188 189 189 188 188 188 188 188 187 187 187 186 185 185 185 185 185 184 184 183 183 182 181 181 181 181 181 180 180 180 180 180 180 180 180 180 181 181 181 181 180 180 179 179 178 178 178 177 177 177
0121 176 176 175 174 174 173 173 171 170 170 169 168 167 167 166 166 165 164 164 163 163 163 162 162 161 160 160 159 158 158 157 156 157 157 157 156 156 155 155 154 154 153 153 153 153 153 153 153 153 153 153 152 153 153 154 154 154 154 154 154
0122 155 155 155 155 155 155 155 155 155 155 155 155 155 155 154 154 153 153 154 154 154 154 154 154 154 154 153 153 152 152 152 152 151 150 149 150 150 149 149 149 149 148 148 148 149 149 148 148 147 147 148 148 148 148 148 148 148 147 147 147
0123 146 146 146 146 147 147 147 147 147 146 146 146 146 145 145 144 144 145 144 144 144 144 144 143 143 143 143 142 142 142 141 141 141 141 141 141 142 142 143 143 142 142 142 142 142 142 142 141 142 141 141 141 141 141 141 141 141 141 141 141
0200 141 141 141 141 141 141 141 141 141 141 141 141 142 142 142 142 142 142 142 142 143 143 143 143 143 143 143 144 145 146 149 150 152 153 153 154 154 154 154 154 154 153 153 152 152 152 151 151 149 149 148 148 148 148 148 150 152 153 153 153
0201 154 154 154 154 154 154 154 154 154 154 153 152 151 151 151 151 150 149 149 149 149 148 148 147 147 147 147 147 147 147 147 147 147 146 146 146 146 146 147 147 147 148 149 149 150 149 149 149 149 149 149 148 148 147 147 147 147 147 146 145
0202 144 144 143 143 142 142 141 141 141 141 142 141 141 141 142 142 142 142 142 141 141 141 141 141 141 141 141 141 140 140 141 141 141 141 141 141 141 141 141 141 141 140 140 140 140 140 140 140 139 139 139 138 138 138 138 138 138 137 137 137
0203 137 137 137 137 137 137 137 137 136 136 137 137 137 138 138 138 138 138 138 138 137 137 137 137 137 137 137 136 136 136 135 135 135 135 135 135 135 135 136 135 135 135 136 135 135 135 135 136 136 136 136 137 137 137 137 137 137 137 136 136
0204 136 136 136 137 137 137 137 138 138 139 139 139 140 140 140 140 140 140 140 140 140 140 140 140 140 140 140 140 140 140 139 139 140 139 140 140 140 140 140 140 139 139 138 138 138 138 138 138 138 138 138 138 138 138 138 138 138 138 138 138
0205 138 138 138 138 137 137 138 137 138 138 138 138 138 138 138 138 138 138 138 138 138 138 138 138 137 137 137 138 137 137 137 137 137 137 137 137 137 137 137 137 137 138 138 138 138 138 138 139 139 139 139 139 139 139 139 139 139 140 140 139
0206 139 139 139 139 139 139 140 140 140 140 141 141 141 141 141 141 141 141 141 141 141 141 140 139 139 140 140 141 140 140 140 140 140 140 141 142 143 143 144 144 144 144 144 145 144 145 144 144 144 144 144 143 143 143 143 143 143 142 142 142
0207 143 143 143 143 143 143 143 144 145 146 146 147 147 148 149 150 150 150 151 151 151 151 151 150 150 149 149 149 149 149 149 148 148 148 148 147 148 148 149 149 149 148 148 148 148 148 148 148 147 147 146 146 146 146 146 146 146 145 145 144
0208 144 144 144 145 145 145 145 145 145 145 145 144 144 144 144 144 145 145 146 147 148 149 150 150 150 151 151 151 151 151 151 151 151 151 152 152 151 151 152 152 152 153 153 153 152 152 151 150 150 150 149 149 149 149 149 149 149 149 149 149
0209 150 149 149 149 148 148 148 148 148 147 147 147 148 148 147 147 148 148 148 148 148 147 148 148 148 148 148 148 148 148 147 148 148 148 148 148 148 148 148 148 147 146 149 150 152 152 152 151 153 156 157 157 158 158 158 158 158 158 159 159
0210 159 159 159 160 159 159 160 160 160 160 160 160 161 162 162 163 164 164 165 166 166 167 168 169 169 170 170 170 170 171 171 171 172 172 172 171 170 170 169 169 170 169 169 169 169 169 168 168 167 167 167 166 166 166 166 166 165 165 164 163
0211 163 163 162 161 161 161 161 160 160 160 160 160 161 162 162 162 162 161 161 161 161 161 161 160 160 160 160 159 159 159 159 159 159 158 158 158 158 158 158 158 158 158 158 158 158 158 157 158 158 158 157 157 158 158 158 159 159 159 159 159
0212 159 160 160 160 160 160 160 160 160 160 160 160 160 160 161 161 161 161 161 161 161 161 161 161 161 161 161 161 161 161 161 162 162 162 162 162 162 163 163 163 163 163 164 163 163 163 163 163 163 163 164 164 164 164 164 165 165 166 166 167
0213 167 168 168 168 168 169 170 170 171 172 173 173 173 172 172 172 172 172 172 173 173 173 173 175 177 178 178 180 180 181 181 182 183 183 184 184 184 184 184 185 184 185 184 184 185 186 185 187 189 187 186 184 185 186 188 190 191 190 188 188
0214 187 185 186 185 185 186 187 187 188 189 188 190 191 192 192 191 189 187 187 186 185 185 185 185 185 186 186 186 187 188 189 190 188 186 185 186 186 186 186 186 185 185 186 189 189 189 189 189 189 190 190 191 192 193 194 194 196 195 194 196
0215 197 199 199 200 201 199 198 197 196 196 196 195 197 198 199 200 199 198 198 198 197 195 195 195 196 197 197 196 196 196 198 199 198 197 197 198 198 197 197 197 196 196 196 196 197 198 198 197 197 197 197 197 198 197 197 197 198 199 200 200
0216 201 200 199 198 197 197 197 198 198 199 200 201 200 200 199 198 199 200 200 200 199 198 199 200 200 200 199 198 198 199 199 200 200 200 200 200 200 200 200 200 201 201 201 201 201 201 201 201 201 201 202 201 200 199 198 200 201 201 200 201
0217 201 200 200 201 202 201 200 198 197 195 193 193 192 192 192 192 193 193 193 193 193 193 193 193 193 194 194 194 193 194 194 194 194 194 194 193 193 194 194 194 195 195 196 196 197 197 197 196 195 194 194 194 194 194 194 194 194 193 193 193
0218 193 192 192 191 190 190 189 189 189 189 189 189 189 189 189 189 189 188 188 187 186 186 187 187 187 187 187 187 187 187 186 186 185 185 184 185 185 185 184 184 183 183 183 183 182 182 182 182 182 182 181 181 182 182 182 181 181 181 181 181
0219 181 180 180 180 179 179 178 177 177 176 176 175 173 172 172 171 171 171 171 171 171 170 170 169 169 169 168 168 168 168 168 167 167 166 166 166 166 166 166 165 165 165 165 165 165 165 165 165 165 165 165 165 165 165 164 164 164 164 164 164
0220 164 164 190 164 165 165 165 165 165 165 164 164 163 164 164 164 165 165 165 164 164 164 164 163 163 163 164 164 163 163 163 162 162 162 161 162 163 163 163 163 164 164 165 164 164 164 164 166 167 167 166 166 165 165 165 164 164 164 163 163
0221 162 161 161 160 160 160 160 160 159 159 159 159 159 159 158 158 158 158 158 158 158 158 159 161 163 165 166 167 167 168 168 168 168 169 170 171 172 173 173 172 171 171 169 169 169 169 169 169 170 170 171 171 172 172 172 172 173 172 172 172
0222 172 172 172 172 172 171 171 171 172 172 172 172 172 172 172 173 173 172 172 172 172 173 172 172 172 171 172 172 171 171 171 171 171 171 171 171 171 171 171 170 170 170 170 170 170 170 170 170 170 169 169 169 168 168 168 168 168 168 168 167
0223 167 168 168 167 167 167 167 168 168 168 168 168 168 168 168 168 168 168 168 168 168 168 168 168 168 169 169 169 169 168 168 168 168 168 168 168 168 168 168 168 168 168 168 168 168 168 168 167 168 168 168 168 167 167 167 167 167 167 167 167
0300 167 167 167 167 167 167 167 167 167 168 168 167 167 167 167 167 167 177 167 166 166 166 166 166 166 166 166 166 166 166 166 166 166 166 166 166 166 166 166 166 165 165 165 165 165 165 165 165 165 165 164 164 164 164 164 164 164 164 164 164
0301 164 164 164 163 163 164 164 163 163 163 163 163 163 163 163 162 162 162 162 162 162 162 162 162 162 162 161 161 161 161 161 161 161 161 160 161 161 161 161 161 161 161 161 160 160 160 160 160 160 160 160 160 160 160 160 160 160 160 160 159
0302 159 159 159 158 158 158 158 158 159 158 158 159 158 158 158 158 158 158 158 159 159 159 159 159 159 159 159 159 159 159 159 159 159 158 158 158 159 159 159 159 159 159 159 159 159 159 158 159 159 159 159 159 160 159 159 159 159 159 160 160
0303 160 160 160 160 160 160 160 160 160 160 159 160 160 160 160 160 159 159 159 159 158 157 157 157 157 157 157 157 156 156 156 156 156 156 156 156 155 155 155 155 154 154 154 154 154 154 153 153 153 152 152 152 152 152 152 152 152 152 152 152
0304 151 151 151 152 152 152 152 153 153 152 152 153 153 153 153 153 153 153 153 153 153 153 153 153 154 153 153 153 153 153 153 153 161 153 153 153 153 153 153 153 153 153 153 153 153 153 153 153 153 153 153 153 153 153 153 153 153 153 153 153
0305 153 152 152 152 152 152 152 152 152 152 152 152 152 152 152 152 152 152 152 152 152 152 152 152 153 152 152 152 152 152 152 153 153 153 153 153 152 152 152 151 151 152 152 152 152 152 152 151 151 152 151 151 151 151 151 151 151 151 151 151
0306 151 151 151 151 151 151 150 150 150 150 150 150 150 150 150 151 150 151 151 151 151 151 151 151 151 151 150 150 150 150 150 150 151 151 151 150 150 150 150 149 149 148 148 149 149 149 149 149 149 149 148 148 148 148 148 148 149 149 149 149
0307 149 150 150 150 150 150 149 149 150 150 150 150 150 150 150 150 150 150 150 150 150 150 150 150 150 150 150 151 151 151 151 151 151 151 151 151 151 150 150 151 150 150 150 149 149 149 149 149 150 150 150 150 150 150 150 150 150 150 150 150
0308 150 150 151 151 151 150 150 150 150 149 149 149 149 148 148 148 148 147 147 147 147 147 147 147 146 146 146 146 147 146 147 147 147 147 147 147 147 147 147 147 148 148 148 148 148 148 149 163 149 149 150 150 151 151 151 151 151 151 151 151
0309 151 151 151 152 151 151 151 152 152 152 151 152 152 152 152 152 152 152 152 152 152 152 152 152 152 152 152 153 153 153 153 153 153 153 153 153 153 153 153 153 153 153 153 153 153 153 153 153 153 153 153 153 154 154 154 154 154 154 154 154
0310 154 154 154 154 154 154 153 153 153 153 153 153 153 153 154 154 154 154 154 154 154 154 154 154 154 154 154 154 154 154 154 154 154 154 154 154 154 154 154 153 153 153 154 154 153 153 154 154 154 154 154 154 154 154 154 154 154 154 154 154
0311 154 154 154 154 154 154 154 154 154 154 154 154 154 154 154 154 154 154 154 154 154 154 154 154 154 154 154 154 154 154 154 154 154 154 154 154 154 154 154 154 154 154 154 154 154 154 154 154 154 154 155 155 155 155 155 155 155 155 155 155
0312 155 155 155 155 156 156 156 156 156 156 156 156 156 156 156 156 156 156 156 156 156 156 156 157 157 157 157 157 158 157 157 157 157 158 158 158 158 158 158 158 158 158 158 158 158 158 158 158 158 159 158 158 158 159 159 158 158 158 158 158
0313 158 158 158 159 159 159 159 159 159 159 159 159 160 160 160 160 160 160 160 160 160 160 160 160 161 160 160 160 160 160 160 160 160 160 160 160 161 161 161 161 161 161 160 160 160 161 161 161 162 162 161 162 162 162 161 161 161 162 162 162
0314 162 162 163 163 163 163 164 164 165 165 165 165 165 165 165 166 166 166 165 165 166 166 166 166 166 166 166 166 166 166 166 167 168 168 168 167 167 168 168 169 168 167 167 167 168 168 168 168 168 168 169 168 168 168 168 169 169 169 170 170
0315 170 169 170 170 169 169 169 169 169 170 169 169 169 169 170 169 168 170 171 171 171 171 172 172 171 171 170 171 171 171 171 169 169 169 168 169 170 170 170 170 170 170 169 170 170 170 170 169 170 171 171 171 171 170 170 170 170 169 169 169
0316 169 169 168 168 169 169 169 169 169 169 168 168 168 167 167 167 166 166 166 166 166 167 167 167 168 167 167 167 167 167 166 166 166 166 166 165 166 166 166 166 165 165 165 166 165 165 165 165 165 166 166 166 166 166 166 166 166 166 166 166
0317 166 166 166 166 166 166 166 166 166 166 166 166 166 166 166 166 166 166 167 166 166 166 166 166 166 166 166 166 166 166 166 166 166 166 166 166 166 166 166 166 166 167 167 166 166 166 165 165 165 165 165 165 165 165 164 164 164 164 164 164
0318 164 164 164 164 164 164 164 164 164 164 164 164 164 163 163 163 163 163 163 163 163 162 162 162 162 162 162 162 162 162 162 162 162 162 162 161 161 162 162 161 161 161 161 161 161 161 161 161 160 160 160 160 160 160 160 160 159 159 159 159
0319 159 159 159 159 159 159 159 159 159 159 159 159 159 159 159 159 158 158 158 158 158 158 158 158 158 158 158 158 158 158 158 158 158 158 158 158 158 158 158 157 157 157 157 157 157 157 157 157 157 157 157 157 157 157 157 157 157 157 157 157
0320 157 157 157 157 157 157 157 157 157 157 157 156 156 156 156 156 156 156 156 156 155 155 155 155 155 155 155 155 155 155 155 155 155 154 154 155 155 154 154 154 154 154 154 154 154 154 154 154 154 154 154 154 154 154 154 154 154 154 154 154
0321 154 154 154 154 154 154 154 154 154 154 154 154 154 154 154 154 154 154 153 153 153 153 153 153 153 153 153 153 153 153 153 153 153 153 153 153 153 153 153 153 153 153 153 153 153 153 153 153 153 152 152 153 153 153 152 152 152 152 152 152
0322 152 153 152 153 152 152 152 152 152 152 152 152 152 152 152 152 152 152 152 153 152 152 152 152 153 153 153 153 153 153 153 153 153 152 153 153 153 153 153 152 153 153 152 152 153 152 153 153 153 153 153 153 153 153 153 153 153 153 153 153
0323 153 153 153 153 153 153 153 152 152 153 153 153 153 153 153 153 153 153 153 152 152 152 152 152 152 151 151 151 151 151 151 151 151 151 151 151 151 150 150 150 151 151 151 151 151 151 151 151 151 151 151 151 151 151 151 152 152 152 152 152
0400 152 152 152 152 152 152 152 152 152 152 152 152 152 152 152 152 152 152 152 152 152 152 152 152 152 152 152 152 152 152 152 152 152 152 152 152 152 152 151 151 152 152 152 152 152 152 152 152 152 152 152 151 151 151 151 151 151 151 151 151
0401 151 151 151 151 151 151 151 151 151 151 151 151 151 151 151 151 151 151 151 151 150 150 150 150 150 150 151 151 151 150 150 149 149 149 149 148 148 148 148 148 148 148 149 149 148 149 149 149 149 149 149 149 150 150 150 150 150 150 150 150
0402 149 149 149 149 148 148 148 148 148 148 148 148 148 148 147 147 147 146 146 146 145 145 145 145 145 144 144 144 144 144 144 143 144 144 144 144 144 144 144 144 144 144 144 144 144 144 144 144 144 144 144 144 144 144 144 144 144 144 143 143
0403 143 142 142 141 141 141 140 140 140 140 139 139 138 138 137 137 137 137 136 137 136 136 136 135 135 135 134 134 133 133 133 133 132 132 132 132 132 132 131 131 131 131 131 130 130 130 130 130 130 129 129 129 129 129 129 129 129 128 128 128
0404 128 128 128 128 128 128 128 128 128 128 128 128 127 127 127 126 126 126 126 126 125 125 125 125 126 126 126 126 126 126 126 126 126 125 125 124 124 124 124 124 124 123 123 123 122 122 122 122 122 122 122 122 122 122 122 121 120 120 120 120
0405 120 119 119 119 119 118 118 118 118 117 117 118 118 118 118 118 118 117 117 117 117 116 116 116 116 116 116 116 116 116 116 115 115 115 116 116 116 116 116 116 116 116 116 116 116 115 115 115 115 115 115 114 114 114 114 113 113 113 113 113
0406 113 113 114 114 114 114 114 114 114 114 114 114 114 114 114 114 114 114 114 114 114 114 114 114 114 114 113 113 113 114 114 113 113 113 113 112 112 112 112 113 113 113 113 113 113 113 113 113 112 113 113 113 113 113 113 113 114 114 114 113
0407 113 113 113 113 113 113 113 114 114 114 114 114 114 114 114 114 114 114 113 113 113 113 114 115 115 114 114 114 114 114 114 114 114 114 114 114 114 113 113 113 113 113 113 113 113 113 113 113 114 114 114 114 114 114 114 114 114 114 113 113
0408 113 113 113 113 114 114 114 114 114 114 114 113 113 112 112 112 112 112 112 112 113 113 113 113 113 113 114 114 114 114 115 115 115 115 115 116 116 116 116 116 116 116 117 117 117 118 118 118 118 118 118 119 119 119 119 120 120 120 120 121
0409 121 121 121 122 122 122 123 123 123 123 124 124 124 124 124 125 125 125 125 126 126 126 126 127 127 127 127 127 128 128 128 128 128 129 129 130 130 131 131 131 131 131 131 131 131 131 132 132 132 133 133 134 133 133 134 134 134 134 135 135
0410 136 138 138 139 139 139 139 139 140 140 141 142 143 143 144 144 144 145 145 145 145 146 146 146 146 147 147 147 148 148 149 150 150 151 152 152 153 153 154 154 154 155 157 158 159 161 161 161 160 159 160 160 160 161 162 163 164 163 164 165
0411 165 165 165 165 164 163 163 163 164 164 164 165 165 165 165 166 168 168 166 166 165 165 165 165 165 165 164 164 165 165 166 167 167 166 166 166 167 168 168 169 169 170 172 173 173 173 172 172 173 174 175 175 174 174 175 175 175 175 176 176
0412 177 176 175 175 175 175 174 175 176 176 178 178 178 178 178 179 181 183 184 184 185 186 186 185 185 187 187 187 188 189 190 190 191 190 189 186 186 188 186 186 186 186 186 186 185 185 186 185 184 185 187 188 189 189 188 188 188 190 192 193
0413 196 197 196 193 193 194 195 194 194 193 192 192 192 193 192 193 194 195 194 194 195 197 200 201 201 201 200 200 200 199 199 199 199 199 199 198 198 199 199 199 198 199 199 198 198 199 201 202 204 204 203 202 200 200 200 201 200 200 201 202
0414 201 200 199 200 200 201 201 201 202 201 201 202 203 202 202 202 202 203 203 203 202 203 205 206 207 208 208 207 207 204 204 204 203 204 206 207 206 206 205 204 204 205 205 205 205 205 205 205 206 208 210 209 209 209 208 207 208 208 207 207
0415 207 207 207 207 207 207 207 208 208 208 209 210 210 209 208 208 208 209 209 210 210 210 210 210 211 212 215 217 218 216 214 213 213 212 212 211 211 211 212 211 210 209 208 208 208 208 209 211 213 213 212 211 210 210 210 210 210 211 212 212
0416 211 209 208 208 209 209 210 212 213 213 212 212 211 210 210 209 209 210 211 211 212 212 213 213 215 216 216 215 215 215 215 215 214 213 213 213 214 213 212 212 211 211 210 209 209 209 211 211 211 211 211 212 212 212 212 212 212 212 211 212
0417 214 214 213 213 212 211 210 210 211 212 212 211 210 211 212 212 213 213 213 214 215 216 217 217 217 216 215 213 213 213 212 211 211 211 210 210 210 211 212 212 211 211 211 211 211 211 211 211 212 211 210 209 209 209 209 209 209 210 211 211
0418 211 211 211 210 209 209 208 208 208 208 207 207 206 206 206 206 205 205 205 205 205 205 205 205 205 205 206 205 205 205 204 204 203 201 200 199 198 197 197 195 194 193 191 190 188 187 187 186 185 184 183 183 182 181 180 180 179 178 178 177
0419 177 176 175 175 174 174 173 172 171 170 170 170 169 169 169 168 167 167 167 166 165 165 165 164 164 163 163 162 161 160 160 160 160 160 160 159 159 158 158 158 157 157 157 156 156 156 156 156 156 155 155 155 155 155 155 155 155 154 154 154
0420 154 153 153 152 152 151 151 151 151 151 152 152 151 151 151 151 151 151 150 151 150 150 150 150 150 150 150 149 149 148 148 147 147 147 147 146 146 147 147 147 147 147 147 147 147 147 147 147 148 148 148 148 147 147 147 147 147 146 146 146
0421 146 147 147 147 147 147 147 147 147 147 147 146 146 146 146 147 147 146 145 145 144 144 144 145 145 145 145 145 145 145 146 146 146 146 145 145 144 144 144 143 143 143 143 143 143 144 144 144 144 144 144 143 143 142 142 142 142 142 142 142
0422 142 142 142 141 162 141 141 141 141 141 141 141 141 141 141 141 141 141 140 140 140 140 139 139 139 139 140 140 140 140 140 140 139 139 139 139 139 139 139 139 139 139 139 139 139 140 140 140 140 140 140 140 139 139 139 139 139 139 139 139
0423 139 138 138 137 137 137 137 137 137 137 137 137 137 137 138 138 138 138 139 139 139 139 139 139 139 139 138 138 138 138 138 139 139 139 138 138 138 137 137 137 137 137 137 138 138 138 137 137 136 136 136 136 136 136 135 135 135 135 135 135
0500 135 135 135 136 136 136 136 135 135 135 134 134 134 134 134 134 134 134 135 135 135 135 135 135 135 135 134 134 133 132 132 132 132 132 132 131 131 131 131 131 131 132 131 131 132 132 131 131 131 131 131 131 130 130 130 130 130 131 131 131
0501 131 131 131 130 130 130 130 130 130 130 130 129 129 129 129 129 129 131 132 132 132 132 131 131 131 131 131 131 131 130 131 131 130 130 130 131 131 130 129 129 128 128 128 128 128 128 128 127 127 127 128 128 129 129 129 129 128 128 128 128
0502 128 127 127 127 126 127 127 127 127 126 126 125 125 125 125 124 124 124 124 157 124 125 125 125 126 127 127 127 127 126 126 125 125 125 124 124 124 124 124 125 125 125 125 126 126 126 125 124 124 124 123 123 122 122 122 122 123 123 123 124
0503 125 126 126 126 126 125 124 124 124 124 123 123 122 122 121 121 120 120 120 120 120 120 120 121 122 122 122 122 122 122 121 121 121 121 121 121 121 121 121 120 120 120 120 120 120 121 121 122 123 122 121 122 122 122 122 122 121 121 121 123
0504 127 130 133 135 136 137 137 137 137 137 136 135 135 133 132 132 133 132 133 133 133 135 136 137 137 138 138 139 139 140 140 140 141 141 141 141 141 141 141 141 141 141 141 141 141 141 141 141 141 141 140 140 140 140 141 141 141 141 141 141
0505 141 141 141 141 141 141 141 141 140 140 139 139 138 137 135 135 135 135 135 133 132 130 129 128 129 129 128 128 127 126 125 125 125 124 124 124 124 124 123 124 123 123 123 123 123 122 122 122 121 121 121 121 122 121 120 120 120 120 120 120
0506 119 119 118 118 118 117 117 117 117 117 117 117 118 118 118 118 118 118 118 118 118 117 117 116 116 116 116 116 116 117 117 117 117 116 147 116 116 115 115 115 115 115 115 115 115 114 114 114 114 113 114 114 114 115 114 115 115 115 115 115
0507 115 114 114 113 113 113 112 112 113 113 114 114 114 114 114 114 113 114 114 113 113 113 112 112 112 111 111 110 111 111 111 112 112 112 112 112 113 112 112 112 112 112 111 111 110 110 110 110 110 110 111 111 112 112 111 111 112 112 112 112
0508 112 112 112 111 112 112 112 113 112 111 111 111 110 111 111 112 112 112 113 112 113 113 113 112 111 112 111 111 111 111 110 110 110 110 110 111 112 112 112 112 112 112 112 113 113 113 114 114 114 115 115 115 114 114 114 113 113 113 114 114
0509 115 115 116 116 117 117 117 117 118 118 119 119 120 121 121 122 122 123 123 123 123 123 124 124 124 125 126 127 128 128 129 129 130 130 129 130 130 131 131 132 133 134 135 135 135 136 136 136 137 137 138 138 139 140 141 141 140 140 141 142
0510 142 142 143 143 143 144 144 144 145 145 146 147 147 148 149 149 149 149 149 150 152 152 153 153 154 154 154 155 155 156 156 156 156 156 157 158 159 160 160 161 161 161 162 162 161 162 162 161 161 157 160 160 161 162 163 162 163 163 165 166
0511 166 166 167 169 169 169 170 170 171 171 172 174 174 173 173 173 173 174 173 173 174 174 174 175 176 176 176 176 177 177 177 178 178 178 178 178 178 179 179 179 179 180 181 183 185 186 186 187 188 187 187 186 186 186 187 188 189 189 188 188
0512 188 188 188 187 188 189 188 188 189 190 189 190 192 192 192 190 190 188 188 187 187 187 187 187 187 187 187 187 187 188 188 188 188 189 189 189 190 191 193 193 191 190 191 191 191 191 193 195 197 197 195 194 194 194 196 196 198 200 199 199
0513 199 198 197 198 198 198 199 199 200 199 198 197 199 201 202 201 201 200 200 199 199 200 200 201 202 204 204 205 204 203 202 202 202 203 205 206 207 208 206 204 204 204 205 206 205 204 203 202 202 202 202 203 204 205 207 208 210 212 212 211
0514 210 208 207 206 205 206 206 205 204 202 202 202 201 201 201 202 203 203 203 203 202 202 202 202 203 204 206 209 209 209 208 207 207 206 205 205 206 207 207 207 206 205 204 204 204 205 206 207 207 205 205 204 203 204 204 204 205 205 205 205
0515 205 205 205 205 171 205 204 204 204 203 203 203 203 203 203 203 204 204 206 206 205 205 207 208 210 212 214 216 217 217 216 216 214 214 214 215 215 214 212 212 212 211 213 213 213 213 213 214 215 215 215 214 215 215 215 216 216 215 214 214
0516 214 214 213 213 213 213 213 212 213 214 215 217 217 216 217 218 219 219 219 220 220 220 218 217 217 218 219 219 219 217 215 215 215 214 214 213 214 215 216 217 217 217 217 217 217 217 217 217 216 215 214 214 214 214 215 215 215 216 216 217
0517 217 216 216 216 216 217 217 216 216 216 217 217 217 218 218 218 219 220 221 221 220 219 219 218 218 218 218 218 219 219 220 219 219 219 218 218 217 217 217 217 216 215 215 214 214 213 212 212 212 211 211 211 211 211 211 211 210 210 209 209
0518 208 208 208 207 207 207 207 206 206 206 205 205 205 205 204 204 203 202 202 202 201 200 199 198 197 196 195 193 193 193 192 191 189 188 187 186 185 184 183 182 182 181 181 181 180 180 179 179 179 178 178 178 177 177 177 176 175 175 175 175
0519 174 173 172 171 171 170 170 170 170 170 169 169 169 169 168 168 168 168 168 168 168 168 168 167 166 165 165 164 164 164 164 164 165 164 164 164 165 165 165 165 165 165 165 165 165 165 165 165 166 166 166 167 166 166 166 166 165 165 165 165
0520 165 165 165 164 164 164 164 164 164 163 163 163 162 162 162 163 163 162 162 162 162 162 161 161 161 161 161 161 161 161 160 160 160 160 161 161 160 160 160 160 160 160 160 160 159 159 158 158 158 157 157 157 157 157 156 156 156 156 156 156
0521 155 155 154 154 154 154 154 153 153 153 152 153 153 153 153 153 153 153 153 153 152 152 152 151 151 151 151 151 151 151 150 150 150 150 150 150 150 150 150 150 149 149 149 150 150 150 150 150 151 151 151 151 151 151 150 150 150 149 149 149
0522 149 148 148 148 148 148 148 148 148 147 147 148 148 148 148 148 148 148 148 148 148 148 147 147 147 147 147 147 147 146 146 146 146 146 146 146 146 146 146 146 146 146 146 146 147 146 146 147 146 146 146 146 146 146 146 147 147 147 147 146
0523 146 146 147 147 147 147 147 147 147 147 147 147 146 146 146 146 146 146 146 146 146 146 146 146 146 146 146 146 146 146 146 146 146 146 146 146 146 146 146 146 146 146 146 146 146 146 146 146 146 146 146 146 146 146 145 146 146 145 145 145
0600 145 145 145 145 146 146 146 146 146 146 146 146 146 146 146 146 146 146 146 146 146 146 145 145 145 145 145 145 145 145 145 145 145 144 144 144 144 144 144 145 144 144 144 144 144 144 144 144 143 143 143 143 143 143 143 143 143 143 143 143
0601 143 143 143 143 143 143 143 143 143 143 143 143 142 142 142 142 142 142 142 142 142 142 142 142 141 141 141 141 141 141 141 141 141 141 141 142 142 142 142 142 142 142 142 141 141 141 141 141 141 141 141 141 141 141 141 141 140 140 140 140
0602 140 139 140 140 140 140 140 140 140 140 140 140 140 139 139 139 139 139 139 139 140 140 140 139 139 139 139 139 138 139 139 139 139 139 139 139 139 139 139 139 139 139 139 139 139 139 139 139 138 138 138 138 138 138 137 138 138 138 138 138
0603 138 138 138 138 138 138 138 138 138 138 138 139 139 139 140 140 140 140 140 140 140 140 140 140 140 139 140 140 140 140 140 140 140 140 140 140 140 140 140 140 141 141 141 141 141 141 141 141 140 140 140 140 140 140 140 140 139 139 139 139
0604 139 139 138 138 138 138 138 137 138 137 137 137 137 137 137 138 138 138 137 137 137 137 137 137 137 137 137 137 137 137 136 136 136 137 137 136 136 136 136 136 136 136 136 136 137 137 137 137 137 137 137 136 136 136 136 136 136 136 136 136
0605 136 136 135 135 135 135 134 134 134 134 134 134 134 135 134 134 134 134 134 134 134 134 135 135 135 135 135 135 135 135 135 136 137 137 138 138 138 137 137 137 137 136 136 136 136 136 136 136 136 136 136 136 136 136 136 137 137 137 137 137
0606 136 136 136 136 136 136 136 136 136 136 136 135 135 135 135 135 135 135 135 135 135 135 135 136 136 136 135 135 135 135 135 135 135 135 135 135 135 136 137 137 138 138 138 138 138 137 137 136 136 136 136 136 136 136 137 137 137 137 137 137
0607 136 136 136 136 136 136 135 135 135 135 135 134 134 134 134 134 134 134 134 134 135 135 135 135 135 135 135 135 135 135 135 136 136 136 136 135 135 135 134 134 134 134 134 134 134 134 134 134 134 133 133 133 133 133 133 133 133 133 133 133
0608 133 132 132 132 131 131 132 132 132 133 133 133 133 133 133 133 132 132 132 132 132 132 132 132 132 132 132 132 132 132 133 132 132 132 132 132 132 132 132 132 132 132 132 132 132 132 132 132 132 132 132 133 133 133 133 133 134 134 134 134
0609 134 135 135 136 136 137 137 138 138 138 139 138 139 139 139 139 140 140 140 140 141 142 142 143 143 143 143 143 143 144 143 143 143 143 143 143 143 143 143 143 143 143 144 144 144 144 144 145 145 145 146 146 146 147 147 148 149 149 149 149
0610 150 150 151 152 152 153 153 153 153 154 154 154 154 155 156 157 157 157 158 158 158 159 159 160 160 160 161 161 162 163 163 164 164 165 165 165 166 166 166 167 167 168 169 169 169 170 170 171 170 170 171 171 171 171 172 172 172 172 172 173
0611 173 173 173 172 172 172 172 172 173 173 173 173 173 173 173 173 173 174 173 173 173 173 173 174 174 174 174 174 175 175 175 175 175 176 176 177 178 178 178 178 177 177 178 178 178 179 179 180 181 181 181 181 181 181 181 181 181 181 182 182
0612 182 182 183 183 183 184 184 184 186 187 187 187 187 187 187 187 187 188 188 188 188 187 187 186 186 186 186 186 186 186 186 186 186 187 187 187 188 187 188 188 188 188 188 188 190 192 193 194 195 196 197 196 195 194 194 193 195 195 196 198
0613 199 199 199 200 202 203 204 204 204 203 204 204 204 203 199 198 199 198 195 194 194 195 195 195 194 194 194 193 193 192 192 192 192 192 192 192 192 193 194 194 195 195 195 195 194 194 194 193 193 193 192 192 193 193 193 193 193 193 192 192
0614 191 191 190 190 189 189 189 188 188 187 187 187 187 187 187 187 187 187 187 187 186 186 186 186 186 187 186 186 186 185 185 185 185 185 184 184 184 184 184 184 184 184 184 184 184 184 184 184 184 184 184 184 184 184 184 184 184 184 184 184
0615 184 185 185 185 185 185 186 186 186 186 186 186 186 186 186 186 186 186 186 186 186 187 187 187 186 186 186 186 186 186 186 185 185 185 185 185 185 185 185 185 185 185 185 185 185 185 185 185 184 184 184 183 183 182 182 183 182 182 182 182
0616 183 183 183 183 183 183 183 182 182 182 182 182 182 182 183 183 183 184 184 184 184 184 184 184 184 184 184 184 183 183 184 184 184 183 184 184 184 184 184 184 184 184 184 184 184 184 184 184 184 184 184 184 184 184 184 184 184 184 185 185
0617 185 185 185 185 185 185 185 185 185 184 184 184 184 185 185 184 184 184 184 184 184 184 184 185 184 184 184 184 184 184 184 184 184 184 185 185 185 185 185 186 186 186 185 185 185 185 185 185 185 185 185 184 184 184 184 184 184 184 184 184
0618 184 184 184 184 184 184 184 183 183 183 183 183 183 183 183 184 184 184 183 183 182 182 182 182 182 182 181 181 181 181 181 181 181 181 180 180 180 180 179 179 179 179 178 178 177 177 176 176 175 175 175 174 173 173 172 172 171 171 170 170
0619 170 169 169 169 168 167 167 166 166 165 165 164 164 164 163 163 163 163 163 162 163 163 163 164 164 164 164 164 164 164 164 164 164 164 164 164 163 163 163 163 163 163 163 163 163 163 163 163 163 163 163 163 163 163 164 164 163 163 163 163
0620 163 163 163 163 164 164 164 164 164 163 163 163 162 162 161 161 161 160 160 160 160 159 159 159 158 158 157 157 156 155 155 154 154 153 153 152 152 152 152 152 152 152 152 151 152 152 152 152 152 151 151 151 151 150 149 149 149 149 149 149
0621 148 148 147 147 147 147 147 147 146 146 146 146 146 146 145 145 145 144 144 144 144 144 144 144 144 144 143 143 143 143 143 143 143 143 143 142 142 142 142 142 142 142 141 141 141 141 141 141 141 141 140 140 140 140 140 140 139 139 139 139
0622 140 140 140 140 140 140 140 140 140 140 140 140 140 140 140 140 140 140 140 141 141 141 141 141 141 141 141 141 142 142 142 142 142 142 142 142 143 143 143 143 143 143 143 143 143 143 143 143 144 144 144 144 144 144 144 144 144 144 144 144
0623 144 144 144 145 145 145 145 145 145 145 145 144 144 144 145 145 145 145 145 145 145 145 145 145 145 145 145 145 145 145 145 146 146 146 146 146 146 145 145 146 146 145 145 145 145 145 144 144 144 144 144 144 144 144 144 144 144 144 144 144
0700 144 144 145 145 145 144 143 143 143 143 143 143 143 143 143 142 142 142 142 142 142 142 142 142 142 142 143 143 143 143 144 144 144 144 144 145 145 145 145 146 146 146 146 146 147 147 146 147 147 147 147 147 147 148 148 148 148 148 148 148
0701 148 148 148 148 148 148 148 148 148 149 149 149 149 149 149 150 150 150 150 150 150 150 151 151 151 151 151 151 151 151 151 151 151 151 151 152 152 152 153 154 154 154 155 155 155 156 156 156 156 156 156 155 155 155 154 154 153 152 151 151
0702 150 150 150 150 151 152 152 153 153 154 154 153 153 152 152 151 150 149 148 146 144 144 144 143 142 142 142 141 141 141 141 141 141 140 139 139 139 139 139 139 140 140 140 139 138 138 137 137 137 136 136 135 135 135 134 134 134 134 134 134
0703 134 133 133 133 133 132 132 132 132 133 133 133 135 136 137 136 136 135 135 135 135 135 135 135 135 135 134 134 135 134 134 134 133 134 133 134 134 134 135 136 136 137 138 140 140 142 143 143 144 143 143 143 144 144 144 146 147 148 149 150
0704 151 152 152 152 153 153 153 153 153 153 154 154 154 154 154 154 153 153 153 153 154 136 154 154 154 154 154 154 153 153 153 153 153 153 154 153 153 153 153 153 153 153 153 153 153 153 153 153 153 153 153 153 153 153 153 153 153 153 153 153
0705 153 153 153 153 153 153 153 153 153 153 153 153 153 153 152 152 152 151 151 150 150 150 150 150 150 149 149 149 149 150 149 149 149 149 149 149 149 149 149 149 148 148 148 148 148 148 148 148 148 148 148 147 147 147 147 147 147 147 147 147
0706 147 147 146 146 146 146 146 146 146 146 146 146 145 145 145 145 145 145 145 145 145 144 144 144 145 144 144 144 144 144 143 143 143 143 143 142 142 142 142 142 142 141 141 141 141 140 140 140 140 140 139 139 139 139 139 138 138 138 138 138
0707 138 136 136 136 136 136 136 135 135 136 136 136 136 136 135 134 134 133 133 134 134 134 134 134 134 134 134 135 134 133 133 133 134 134 134 135 135 134 133 133 133 134 134 134 135 135 135 135 135 135 135 135 135 135 135 134 134 134 133 133
0708 133 134 134 134 133 133 133 133 133 133 133 133 133 134 134 134 133 132 131 131 131 131 131 131 130 131 131 131 131 131 131 130 130 129 129 129 134 129 129 130 130 130 129 129 129 129 129 129 129 129 128 128 128 128 128 127 127 127 127 128
0709 128 128 128 128 129 129 129 129 129 129 129 129 130 130 130 131 131 131 130 130 131 131 131 131 132 132 133 133 134 135 135 135 135 135 136 136 136 137 137 137 137 138 138 139 139 139 139 140 140 141 141 142 142 143 144 145 145 145 145 145
0710 145 145 145 146 146 147 147 147 147 147 148 148 149 150 151 151 151 152 153 153 154 154 154 154 155 156 156 157 157 157 158 158 158 158 158 158 158 158 158 159 159 159 159 159 159 159 160 161 161 161 162 162 162 162 163 163 163 164 164 165
0711 165 165 165 165 165 165 165 166 166 167 168 168 168 168 168 168 168 169 169 170 171 171 171 173 174 173 173 173 173 174 174 174 174 174 175 176 177 177 177 177 178 178 178 178 178 179 180 181 181 181 182 182 182 182 182 183 183 183 183 184
0712 184 184 184 183 183 184 184 184 184 185 185 185 185 185 186 187 188 190 190 190 188 187 186 187 188 188 187 187 188 189 189 190 191 192 192 192 191 192 192 193 193 192 191 191 191 189 189 189 189 189 189 158 190 191 192 193 193 193 193 193
0713 193 192 192 193 194 194 194 193 193 194 195 195 194 193 194 195 196 196 195 196 197 197 198 197 196 194 194 194 194 195 195 196 197 198 197 197 197 197 198 198 199 199 200 201 201 200 200 200 200 199 199 200 201 202 203 206 207 207 207 205
0714 205 205 205 205 204 205 206 207 206 205 205 206 207 209 209 208 206 207 207 207 207 206 206 207 208 209 209 210 211 210 209 208 207 208 208 207 209 209 209 208 207 208 209 209 209 209 210 212 213 213 213 214 215 216 216 215 214 213 213 213
0715 213 213 212 212 213 212 212 212 213 213 214 213 213 213 213 213 213 213 213 212 214 215 215 215 214 215 215 213 212 212 212 213 213 213 213 213 212 212 213 214 216 217 216 217 217 216 215 214 215 218 219 219 218 218 217 216 216 216 215 214
0716 214 214 214 215 215 216 216 216 216 216 216 217 219 220 219 219 218 217 216 217 216 215 215 215 216 216 217 217 218 220 220 220 220 219 220 222 222 220 220 220 221 222 222 221 221 219 218 217 217 217 217 218 219 218 218 218 218 217 217 216
0717 216 216 216 215 215 215 181 215 215 216 217 218 219 220 222 223 223 222 222 222 222 221 220 220 219 219 218 218 218 218 217 216 216 215 215 215 215 214 214 214 214 213 213 213 213 214 214 214 214 214 214 215 215 215 215 215 215 215 215 215
0718 215 214 214 213 213 213 213 213 213 213 214 214 213 213 212 211 210 209 209 208 208 208 209 208 208 207 206 205 205 204 203 202 200 199 197 197 196 194 193 193 192 191 190 189 190 190 191 191 191 191 190 190 189 187 186 185 185 184 183 182
0719 182 181 180 180 179 178 178 177 176 176 175 174 174 173 173 172 172 171 170 170 169 168 168 168 167 167 167 166 166 166 166 165 165 165 164 164 164 163 163 163 162 162 162 162 161 161 161 160 160 160 160 161 161 161 161 161 161 161 161 161
0720 161 161 161 160 160 160 160 160 160 160 160 161 161 160 161 161 161 162 161 161 161 161 161 161 161 161 161 161 161 161 161 161 161 162 162 162 162 163 163 163 163 163 163 163 163 163 163 163 162 162 162 162 161 161 160 160 159 159 158 158
0721 158 157 157 156 156 157 157 157 157 156 156 156 156 155 155 155 154 154 154 154 153 153 153 152 152 152 152 152 152 151 151 151 151 151 151 151 151 151 151 150 150 150 150 150 150 150 150 150 150 149 149 149 149 148 148 148 147 147 147 147
0722 146 146 146 146 146 146 146 146 147 147 147 147 146 146 146 146 146 146 146 146 146 146 146 146 145 145 145 145 144 144 144 144 144 144 145 145 145 145 144 144 144 143 143 144 144 144 144 144 144 144 144 144 143 143 143 143 143 143 143 144
0723 144 143 143 144 143 143 143 143 143 143 143 143 143 143 143 143 143 143 143 143 143 142 142 142 142 142 142 142 142 142 142 142 142 142 142 142 142 142 142 142 141 141 141 141 141 141 140 140 140 140 140 140 140 139 139 139 139 139 140 140
0800 139 139 139 139 139 138 138 138 138 138 138 138 138 138 138 138 138 138 138 138 138 138 138 138 138 137 137 138 138 138 138 138 137 137 137 137 138 138 138 137 137 137 137 137 137 136 136 136 136 135 135 135 135 136 136 136 136 136 136 136
0801 136 136 136 136 136 136 136 136 136 135 135 135 135 135 135 135 135 135 135 135 135 135 135 136 136 136 136 136 135 135 135 135 135 135 135 135 135 134 134 134 134 134 135 135 135 135 135 134 134 134 133 133 133 132 132 133 133 133 133 132
0802 132 133 133 132 132 132 131 131 131 131 131 132 132 133 133 134 133 133 133 133 133 133 134 134 135 135 135 135 135 135 134 134 134 133 133 133 133 134 134 134 134 134 134 134 134 135 134 134 134 134 135 135 135 135 135 135 135 135 135 135
0803 135 135 135 135 135 135 135 135 136 136 136 136 136 136 136 136 136 135 135 135 135 135 135 136 136 136 136 136 136 136 135 135 135 135 134 134 134 134 134 133 133 133 133 132 132 132 132 133 133 133 133 133 133 133 133 133 133 133 133 133
0804 133 133 133 133 133 133 133 133 133 133 133 133 133 133 133 133 133 133 133 134 134 134 135 135 136 136 136 136 137 137 137 137 138 138 139 139 139 139 139 139 139 139 140 140 140 140 140 140 140 140 139 139 139 139 139 139 140 139 139 139
0805 139 139 139 139 139 139 138 138 138 138 138 138 137 137 137 136 136 136 136 135 135 135 135 135 134 134 134 134 134 134 134 134 134 134 134 134 134 133 133 133 132 133 133 132 132 132 132 132 132 132 132 132 132 132 132 132 132 133 133 133
0806 133 134 134 134 134 134 134 134 134 134 135 135 136 136 136 136 137 137 137 136 136 136 136 136 136 136 136 136 136 137 137 137 138 138 138 138 138 138 138 139 139 139 139 139 139 139 140 140 141 141 141 141 141 140 140 140 140 140 139 139
0807 139 139 138 138 138 138 138 138 138 138 138 137 137 137 137 137 137 137 137 137 137 138 138 138 139 139 139 139 140 140 141 141 141 141 141 142 142 142 142 142 142 142 142 142 142 142 142 143 143 143 143 143 143 143 143 143 144 144 144 144
0808 144 144 144 144 144 144 144 144 144 144 144 144 144 144 144 145 145 145 145 145 145 145 145 145 145 145 145 145 145 145 145 145 145 145 145 145 145 145 145 145 145 145 145 145 145 145 145 145 145 145 146 146 146 146 146 146 146 146 146 147
0809 147 147 147 148 148 148 148 149 149 149 149 149 149 150 150 150 150 150 150 150 150 150 150 150 150 150 151 151 152 152 152 152 153 153 153 153 153 154 154 154 154 154 154 155 155 155 156 156 156 157 157 157 157 157 157 158 158 158 158 158
0810 158 158 158 158 159 159 160 160 160 159 159 159 159 159 160 160 161 161 161 161 161 161 161 162 162 163 163 163 163 164 164 164 164 165 165 165 166 166 166 166 166 166 166 167 167 167 167 167 168 168 168 167 168 168 168 168 169 169 169 169
0811 169 169 169 169 169 169 169 170 170 170 170 170 170 170 170 171 171 170 171 171 171 171 171 171 171 171 171 172 172 172 172 172 172 173 173 173 174 174 174 174 174 175 175 175 175 175 175 175 175 175 175 176 176 177 177 177 177 178 178 179
0812 179 179 179 179 180 180 180 181 181 181 181 181 181 180 180 180 181 181 181 180 180 181 181 181 181 182 182 182 182 182 182 182 183 183 183 183 182 183 183 182 182 182 182 182 182 182 182 182 182 182 182 182 182 182 183 183 184 183 183 183
0813 183 183 183 182 182 182 182 183 183 183 183 184 184 184 185 185 185 185 185 185 185 186 186 187 187 188 187 187 187 187 186 186 186 186 186 187 187 187 186 187 186 187 186 186 186 187 187 187 188 188 188 189 188 188 188 188 188 188 188 187
0814 187 187 187 187 187 187 188 188 189 189 190 189 189 189 190 189 189 189 189 189 189 190 190 190 189 189 189 190 190 190 191 191 191 192 192 192 191 191 192 192 191 191 191 191 191 191 192 191 192 192 192 192 192 193 193 193 193 193 193 193
0815 194 194 194 194 194 194 194 194 194 194 194 194 194 194 194 193 194 194 194 194 194 194 194 194 194 194 194 195 195 195 196 197 197 198 198 199 198 197 197 196 196 196 196 196 196 196 196 196 196 196 196 196 195 195 195 195 194 194 195 196
0816 196 196 195 195 195 195 195 195 195 194 194 194 194 194 194 194 194 194 194 194 194 194 194 194 194 194 194 194 194 194 194 194 193 193 193 193 193 193 193 193 193 192 192 192 192 192 192 192 192 192 192 192 193 193 193 193 193 194 194 194
0817 194 194 194 194 194 193 193 193 193 193 193 193 192 192 192 192 192 192 192 192 192 193 193 193 193 193 192 192 192 192 191 190 190 189 188 188 188 189 189 188 188 188 188 188 188 187 186 186 186 186 186 185 185 184 184 184 184 184 184 183
0818 183 183 182 182 182 182 182 182 182 182 182 182 182 182 182 181 181 180 180 180 179 179 179 179 179 179 179 179 179 179 179 179 179 179 179 179 179 178 178 178 177 176 176 176 176 176 176 177 177 177 177 176 176 177 176 176 176 176 176 176
0819 176 176 175 175 175 175 175 175 175 175 175 175 174 174 174 174 174 173 173 173 173 173 173 173 173 173 173 172 172 172 172 172 172 172 172 172 172 172 172 172 172 172 172 172 172 173 173 173 173 173 173 173 174 174 175 176 177 177 177 177
0820 177 176 176 176 176 176 177 177 177 177 178 178 178 177 177 176 176 175 175 175 174 174 174 173 173 173 173 173 173 173 172 172 172 173 173 173 173 173 173 173 173 173 173 173 173 173 172 172 172 172 172 172 172 172 172 172 172 172 173 173
0821 173 173 172 172 172 173 173 173 173 173 172 172 172 173 173 173 174 174 175 176 176 176 176 176 176 176 175 176 176 176 176 176 176 176 176 177 177 177 177 177 177 177 177 177 177 177 177 177 177 177 177 177 177 178 178 178 178 178 177 178
0822 178 178 178 178 178 178 178 178 177 177 177 177 177 177 177 177 177 177 177 177 177 176 176 176 176 176 176 176 176 176 175 175 174 174 173 173 172 172 172 172 172 171 170 170 169 169 168 168 168 168 168 168 168 168 168 168 168 168 168 168
0823 169 169 169 169 170 170 171 171 171 172 171 170 169 169 169 168 168 167 167 166 166 165 164 164 163 162 161 160 160 160 159 159 159 159 159 159 159 158 158 158 158 158 158 159 159 159 158 158 157 157 156 156 156 155 155 155 155 154 154 154
0900 154 154 154 155 155 156 156 156 156 157 158 158 159 160 162 163 165 166 166 167 167 167 168 168 169 169 170 171 171 171 171 171 171 170 170 170 170 169 168 168 168 167 167 166 166 166 165 165 165 165 165 165 164 164 164 165 165 164 164 164
0901 165 165 165 166 166 166 166 166 165 166 166 166 166 167 167 166 165 164 164 164 164 163 163 162 161 160 159 159 159 159 158 158 158 158 158 158 158 159 159 159 159 159 159 159 160 160 160 160 160 160 160 160 160 161 161 161 160 160 160 160
0902 160 160 160 160 160 160 160 159 159 159 160 160 160 160 161 161 161 162 162 163 164 165 165 166 166 166 166 166 166 166 166 166 166 166 166 166 166 166 166 166 166 166 165 165 164 164 163 163 162 161 161 160 160 159 158 157 157 156 155 155
0903 154 154 154 153 153 153 153 152 152 151 151 151 150 149 149 149 149 149 149 150 150 150 149 148 147 148 147 147 146 145 145 145 145 145 145 144 144 143 143 143 143 142 142 143 142 142 142 142 142 141 141 141 142 141 141 140 140 140 140 140
0904 140 140 140 140 140 140 140 140 139 139 140 140 139 139 139 139 138 138 138 137 138 138 138 139 139 138 138 138 138 137 137 137 137 137 137 136 136 135 135 135 135 135 135 135 135 135 135 134 134 135 135 135 135 135 135 135 135 135 135 134
0905 134 134 133 134 134 134 134 134 134 133 132 133 133 132 133 133 132 133 133 133 133 133 133 132 133 133 133 133 132 132 132 131 131 131 131 131 131 131 131 132 131 131 131 130 130 130 130 129 129 130 130 130 130 131 130 130 130 131 131 131
0906 131 131 131 131 130 130 130 130 129 129 129 128 128 128 128 128 128 127 127 128 129 129 129 103 129 128 128 128 128 127 127 127 127 127 127 127 127 128 128 128 128 128 128 128 128 128 128 128 127 127 127 127 127 127 127 128 128 128 127 128
0907 129 130 129 129 129 129 129 128 128 127 127 126 126 125 125 125 125 125 125 126 126 126 126 126 126 126 126 127 127 127 126 126 125 125 125 125 125 125 125 125 125 125 125 125 125 125 125 125 125 124 124 124 124 124 125 126 127 129 128 129
0908 129 128 128 129 128 128 128 128 128 128 128 129 129 130 132 134 135 136 136 137 137 137 137 137 138 138 138 138 138 138 138 138 138 139 139 139 139 139 138 138 138 138 138 138 138 138 138 138 139 139 139 139 138 138 138 138 138 138 138 138
0909 138 138 138 138 138 138 138 138 138 138 138 138 138 138 138 138 138 139 139 139 139 139 139 139 139 139 139 139 139 139 139 139 139 139 139 139 139 139 139 139 139 139 139 140 140 140 140 140 140 140 140 140 140 140 140 140 140 140 140 140
0910 140 140 140 140 139 140 140 140 140 140 140 141 141 141 141 141 141 141 141 141 141 140 140 140 139 140 139 139 139 139 140 140 140 140 140 139 139 139 111 138 139 139 138 139 139 140 140 140 140 140 140 140 140 140 141 141 141 141 142 142
0911 143 143 142 142 142 142 142 143 143 143 143 144 144 144 144 144 144 144 144 144 144 144 145 144 145 145 145 146 145 145 145 145 144 145 145 145 145 145 145 145 145 146 145 145 145 146 147 147 146 147 147 148 148 148 148 150 150 151 152 152
0912 152 152 152 153 153 155 156 156 156 156 156 158 158 158 158 158 159 160 160 160 161 161 161 161 161 162 163 164 165 166 167 167 167 167 167 168 168 169 170 170 170 171 171 171 171 170 170 170 170 170 171 172 172 172 173 175 176 176 175 174
0913 174 174 174 174 175 175 176 175 175 175 176 177 178 179 178 179 179 179 179 180 180 180 181 182 182 183 185 185 186 186 186 187 187 188 188 189 190 191 192 191 190 190 189 189 190 191 191 190 191 192 193 194 196 197 197 197 195 196 196 195
0914 195 195 195 194 195 195 196 196 196 197 198 198 198 198 197 197 197 198 199 200 202 202 202 202 202 203 203 203 203 202 203 203 203 202 202 203 204 203----------------------------------------------------------------------------------------
0915 212 211 212 213 215 215 213 212 211 211 212 212 211 212 213 214 215 215 215 215 215 215 215 216 217 217 216 216 216 216 215 215 215 214 214 213 214 215 217 216 216 216 215 215 217 218 217 216 216 216 217 216 215 215 216 216 217 218 218 216
0916 216 215 215 215 216 216 218 218 218 218 217 217 217 217 217 217 217 218 218 218 218 218 218 219 218 218 218 219 219 219 220 220 219 218 217 217 218 218 217 218 218 219 221 221 222 222 221 221 220 219 219 219 220 219 219 219 219 219 219 219
0917 219 218 219 219 219 219 219 219 219 219 219 218 218 219 219 219 220 220 221 222 223 223 224 223 222 222 221 220 220 219 219 219 218 218 218 218 218 218 218 218 217 217 217 217 217 217 217 217 217 216 216 215 215 215 215 214 214 213 213 213
0918 213 213 213 213 213 212 212 211 210 209 209 208 206 205 203 203 202 201 201 201 201 200 200 199 199 198 198 197 196 195 194 194 194 193 192 191 190 190 189 189 188 187 187 186 186 186 185 184 183 183 182 182 181 181 181 181 180 180 179 179
0919 179 178 178 178 177 177 177 176 155 175 175 174 174 174 173 173 172 172 172 171 171 171 171 171 171 171 171 171 170 170 170 170 170 170 170 169 169 169 169 169 168 168 168 167 167 167 167 166 166 166 165 165 166 165 165 165 164 164 164 163
0920 163 163 163 162 162 162 162 162 162 161 161 161 161 161 161 161 161 160 160 160 160 160 159 159 159 159 159 159 159 159 159 159 159 159 159 159 158 158 158 158 157 157 157 157 157 157 157 157 157 157 157 157 156 157 157 156 156 156 156 156
0921 156 156 156 155 155 155 154 154 154 154 154 154 154 154 154 154 154 154 154 154 154 154 154 154 153 153 153 153 153 153 152 153 152 152 152 152 152 152 152 152 152 151 152 152 152 152 152 152 152 151 151 151 151 151 151 151 151 151 151 151
0922 150 150 150 150 150 150 150 150 150 150 150 150 150 150 150 149 149 149 149 149 149 149 149 149 149 150 150 150 150 150 149 149 149 149 149 149 148 148 148 149 148 148 148 148 147 147 147 146 146 146 146 146 146 146 146 147 147 148 147 147
0923 147 146 146 146 146 147 146 146 146 146 146 146 146 146 146 147 146 145 145 145 145 145 145 148 144 144 144 144 144 144 144 145 146 145 145 145 145 144 145 145 145 144 144 144 143 143 143 144 144 144 144 144 144 143 143 144 144 144 144 144
1000 144 144 144 144 145 145 144 144 144 144 144 145 144 144 143 143 143 143 143 143 143 143 143 143 143 143 143 144 144 144 143 143 143 143 143 142 142 142 142 143 143 143 143 143 142 142 142 142 142 142 143 143 143 143 143 143 143 142 142 142
1001 142 142 142 143 143 143 143 143 142 142 142 142 142 142 142 142 142 142 142 142 142 141 141 142 143 144 145 145 146 146 147 147 147 147 147 147 148 148 148 148 148 148 148 148 148 148 148 148 148 148 148 148 149 149 149 149 149 150 150 150
1002 150 150 150 150 150 150 150 150 150 151 151 151 152 152 152 152 152 152 152 152 152 152 152 152 152 152 152 152 151 151 151 151 151 152 151 151 152 152 152 152 152 152 152 152 151 152 152 152 152 152 152 151 151 151 151 151 151 151 151 151
1003 151 151 151 151 151 151 150 150 150 150 150 149 149 149 149 149 149 149 149 149 149 149 148 148 148 148 148 148 147 148 148 148 148 148 148 148 148 149 149 150 150 150 150 150 150 150 150 150 151 151 151 151 151 151 151 151 152 152 152 152
1004 152 152 152 152 152 152 152 152 152 152 152 152 152 152 152 152 152 152 152 152 152 152 152 152 152 153 153 153 153 153 153 153 153 153 153 153 153 153 153 153 153 153 153 153 153 153 153 154 154 154 154 154 154 154 154 154 154 154 154 154
1005 154 154 154 154 154 154 154 154 154 154 154 154 154 154 154 154 154 154 154 154 153 154 154 154 154 154 154 154 155 154 154 154 154 154 154 154 154 154 154 154 154 154 154 154 154 154 154 154 154 154 154 155 155 155 155 155 155 155 155 155
1006 155 155 155 155 155 155 155 155 155 155 155 155 155 155 155 155 155 155 155 155 155 155 155 155 155 155 155 155 155 155 155 155 155 155 155 155 155 155 155 155 155 155 155 155 155 155 155 155 155 155 155 155 155 155 154 154 154 155 155 155
1007 155 156 156 156 156 156 156 156 156 156 156 156 156 156 156 156 156 156 156 156 156 156 156 156 156 156 156 155 155 155 155 155 155 156 156 156 156 156 156 156 156 155 155 155 155 155 155 155 155 155 155 155 156 156 156 156 156 156 157 157
1008 158 158 158 158 158 158 157 157 157 157 157 157 157 157 157 157 157 157 157 157 157 157 157 157 157 157 157 157 158 158 158 157 157 157 157 157 156 156 156 156 156 156 156 156 156 156 157 157 157 157 157 157 157 157 158 158 158 158 158 158
1009 159 159 159 159 159 160 160 160 160 160 160 160 160 161 161 161 161 161 161 162 161 161 161 161 161 161 161 161 161 161 161 161 161 161 161 162 162 162 162 162 163 163 163 163 163 163 163 164 164 164 164 164 164 164 164 164 164 164 164 164
1010 164 164 164 164 165 165 165 165 165 165 165 165 165 165 164 164 164 164 165 165 165 165 166 166 166 166 167 168 169 169 169 169 169 169 169 169 169 169 169 169 169 169 169 169 169 169 169 169 169 169 169 169 169 170 170 170 170 170 170 170
1011 170 170 170 171 171 171 172 172 172 172 172 172 172 172 172 172 172 172 172 172 173 173 173 173 173 173 173 173 173 173 173 173 173 173 173 173 173 173 173 173 173 173 173 174 174 174 174 174 174 174 174 174 174 174 175 174 174 175 174 174
1012 174 174 175 175 175 175 175 175 175 175 175 175 175 175 175 175 175 175 175 175 175 175 175 175 175 175 175 176 176 176 176 176 176 176 176 176 176 176 177 177 177 177 177 177 177 177 177 177 177 177 177 177 177 177 177 176 176 176 176 176
1013 176 176 176 176 176 177 177 177 177 177 177 177 177 177 177 177 177 178 178 179 179 179 179 179 178 178 178 179 178 179 179 179 179 180 180 180 180 181 181 181 182 183 183 184 184 185 186 187 188 189 189 190 190 190 191 190 190 189 190 190
1014 190 192 193 194 194 194 195 195 194 193 193 193 192 192 192 193 195 196 197 196 196 195 195 195 195 196 196 196 196 196 195 196 196 196 197 198 198 198 199 199 199 199 198 198 200 201 202 202 203 204 205 204 203 203 202 202 202 202 202 202
1015 202 202 202 202 203 203 202 203 204 205 204 203 203 204 204 204 204 203 203 203 203 203 203 204 204 204 204 205 204 204 205 205 206 206 206 206 206 206 206 207 207 206 207 207 208 208 207 206 206 207 207 207 207 207 207 206 205 205 206 206
1016 206 206 206 206 207 207 207 208 208 207 207 206 206 205 205 206 206 206 206 206 206 206 206 206 207 207 208 209 209 210 210 210 211 211 212 212 213 214 214 213 211 210 209 208 208 208 208 208 208 209 209 209 209 209 209 209 209 208 208 208
1017 209 209 209 209 208 208 208 207 207 207 207 206 206 206 206 206 206 206 206 205 205 205 205 205 205 205 206 206 206 206 205 205 205 205 205 205 205 205 205 205 205 205 204 204 204 204 204 204 204 204 204 204 204 203 203 203 203 202 202 202
1018 202 202 201 201 201 201 201 200 200 200 200 199 199 198 197 197 196 196 195 195 194 193 192 191 191 190 190 189 189 188 188 187 187 186 186 185 185 184 183 182 182 182 181 181 180 179 179 179 178 178 178 178 178 178 177 177 177 176 176 176
1019 176 175 175 175 175 174 174 174 174 174 175 175 175 175 175 175 176 176 176 177 177 177 178 179 179 179 180 181 183 184 185 184 184 184 184 183 183 182 183 182 182 182 181 180 180 180 180 179 179 179 179 179 179 178 178 178 179 179 179 178
1020 178 178 178 178 178 178 178 177 177 177 177 176 176 176 176 175 175 175 175 175 175 175 175 175 175 175 175 175 175 175 175 175 175 175 175 175 175 175 175 175 175 175 174 174 174 174 175 175 174 174 174 174 175 174 174 175 175 175 176 176
1021 176 176 176 175 175 175 175 175 175 175 174 175 175 175 175 175 174 174 174 174 174 174 174 174 174 174 174 174 174 173 173 173 173 173 172 172 173 175 176 178 179 180 181 182 183 183 184 184 184 185 185 185 185 185 184 184 184 184 184 184
1022 185 185 185 184 184 184 184 184 184 184 184 185 184 184 184 184 184 184 184 184 184 184 183 183 183 182 181 181 181 180 180 179 179 178 178 176 176 175 175 174 174 174 173 173 173 173 173 173 173 173 173 173 173 173 172 173 173 173 172 172
1023 172 172 172 172 172 173 172 173 173 173 173 173 173 174 174 174 174 174 174 173 173 173 172 172 172 171 171 171 171 171 171 171 171 171 170 170 170 170 170 170 170 170 170 170 170 170 170 170 170 170 170 170 169 169 169 169 169 169 169 169
1100 169 169 169 169 169 169 169 170 170 170 170 170 170 170 170 170 169 169 169 169 169 169 169 170 170 170 170 170 170 170 171 171 172 172 172 173 173 172 172 172 172 172 172 172 172 171 171 170 170 170 170 170 170 170 170 170 170 170 170 170
1101 169 169 169 169 169 169 169 169 169 169 169 169 169 169 169 169 168 169 168 168 168 168 167 167 167 167 167 167 167 166 166 166 166 167 167 166 166 166 166 166 166 166 167 167 167 167 167 167 167 167 167 167 167 167 167 167 167 167 167 167
1102 167 167 168 168 168 168 168 168 168 168 168 168 168 167 167 167 167 167 167 167 167 166 167 167 167 167 166 166 166 166 166 166 166 166 166 166 166 167 167 167 167 167 167 167 167 167 167 167 166 166 166 166 166 166 166 166 165 165 165 165
1103 165 165 164 165 165 165 165 165 165 165 165 166 166 165 165 165 165 165 165 164 164 164 164 164 164 164 164 164 164 164 164 164 164 163 163 163 163 163 163 163 163 162 163 162 163 163 163 163 163 162 163 162 162 162 162 162 162 162 163 163
1104 163 163 163 163 163 163 163 163 163 163 164 164 164 164 163 164 163 163 164 164 164 164 164 164 164 164 163 163 163 163 163 163 163 163 163 163 163 163 163 163 162 162 163 163 163 163 163 163 163 163 163 163 163 163 163 163 163 164 163 163
1105 163 163 163 164 164 164 164 164 164 164 164 164 164 164 164 164 164 164 164 164 164 164 164 164 165 165 165 165 165 165 165 166 166 166 166 166 166 166 165 165 165 165 165 165 165 165 165 165 165 165 165 165 165 165 165 165 165 165 164 164
1106 164 164 164 164 164 164 164 164 164 164 163 163 163 163 163 163 163 163 163 163 163 163 163 163 163 163 163 163 163 163 164 164 164 164 165 165 165 165 165 165 166 166 167 168 168 168 168 168 168 168 168 168 168 168 168 168 168 168 168 168
1107 168 168 168 167 167 167 167 167 167 167 167 168 168 168 169 169 169 169 169 169 169 169 169 169 169 169 169 169 169 169 169 169 169 170 170 170 170 170 170 170 170 170 170 170 170 170 170 170 170 169 169 169 169 169 169 169 169 169 169 169
1108 169 168 168 168 168 168 168 167 167 167 167 167 167 167 167 167 167 167 167 168 168 168 168 169 169 169 169 169 169 169 169 170 170 170 170 170 170 170 170 170 169 169 169 168 168 168 168 168 167 167 167 167 167 166 166 166 166 166 166 166
1109 165 165 166 166 165 165 165 165 165 165 166 166 166 166 166 166 166 166 167 167 167 167 167 167 166 166 166 166 167 166 167 167 167 167 167 167 167 167 167 167 167 167 167 167 167 167 167 167 167 168 168 168 168 168 168 168 168 168 168 168
1110 169 169 169 168 168 169 169 169 169 169 170 170 170 171 171 171 171 171 171 171 171 171 171 171 171 172 172 172 172 172 172 172 172 171 172 172 172 172 172 173 173 173 173 173 173 173 173 173 173 173 173 173 173 173 173 173 173 173 173 174
1111 173 173 173 173 173 173 173 174 174 174 173 173 173 173 173 174 174 174 174 175 175 175 175 175 175 175 175 175 174 174 174 175 175 175 175 175 175 175 175 175 176 176 176 176 175 175 176 176 176 175 175 175 176 176 176 176 176 176 176 176
1112 176 176 177 177 177 177 177 176 176 176 176 176 176 177 177 177 177 177 177 178 178 178 178 177 177 177 178 178 178 178 178 178 178 179 178 178 178 178 178 178 135 178 178 178 178 178 178 178 178 178 178 178 178 179 179 179 179 179 179 179
1113 179 179 179 179 179 179 179 179 179 179 179 179 179 179 179 179 179 179 179 179 179 179 179 179 179 179 179 179 179 179 179 179 179 179 179 178 178 178 178 177 177 176 176 176 176 176 176 176 176 175 175 175 175 176 176 176 176 175 175 174
1114 174 174 174 173 173 172 172 172 172 172 171 171 171 171 171 171 170 170 170 169 169 169 168 168 168 168 168 167 167 167 167 166 166 166 166 166 166 165 165 165 165 165 165 165 165 165 165 164 164 164 164 164 164 163 163 163 163 163 163 163
1115 163 163 163 163 163 163 163 163 162 162 162 162 162 162 162 162 162 162 162 162 162 162 162 162 162 161 161 161 161 161 161 161 161 161 161 161 161 161 161 160 160 160 159 159 158 157 157 157 156 156 155 155 154 154 154 153 153 153 153 153
1116 153 152 152 152 152 152 152 152 152 152 152 152 152 152 152 152 152 152 152 152 152 152 152 152 152 151 151 151 151 151 151 150 151 150 151 151 150 150 150 150 150 149 149 149 149 149 148 148 148 148 148 148 148 148 148 142 148 148 147 147
1117 147 147 147 147 147 147 147 147 147 147 147 147 147 147 147 147 147 147 146 146 146 146 146 146 146 146 146 146 146 146 145 145 145 145 145 145 145 145 145 144 145 144 144 144 144 144 144 144 144 144 144 144 144 144 144 144 144 144 143 143
1118 144 144 144 143 143 143 143 143 143 143 143 143 143 143 143 143 142 142 142 142 141 141 141 141 141 140 140 140 140 140 140 140 140 140 140 140 140 140 139 139 139 139 139 139 138 138 138 137 137 136 136 135 135 135 135 135 135 135 135 135
1119 134 134 134 134 133 133 132 132 131 131 130 130 129 129 129 129 128 128 127 127 127 126 126 126 126 126 125 125 125 125 125 125 124 124 124 124 124 124 123 123 123 123 123 123 122 122 122 122 122 121 121 121 121 121 121 121 120 120 120 120
1120 120 119 119 119 119 119 119 119 119 119 119 119 119 119 119 119 119 120 120 120 120 120 120 120 120 120 120 120 120 120 120 120 120 120 120 120 120 120 120 120 120 120 120 120 120 120 120 120 121 120 121 120 120 121 120 121 121 121 121 120
1121 121 121 121 121 121 121 121 121 121 121 128 121 120 120 120 120 120 120 120 120 119 119 119 119 118 118 118 118 118 118 118 118 117 117 117 117 117 117 117 117 117 117 117 116 117 117 117 116 116 116 116 116 116 116 117 117 116 116 116 116
1122 116 116 117 116 116 116 116 116 116 116 116 115 115 115 115 115 115 115 115 114 114 114 115 114 114 114 114 114 114 114 114 114 114 114 115 115 115 115 115 115 115 115 115 115 115 115 115 115 115 115 115 115 115 115 115 115 115 115 115 115
1123 115 115 115 115 115 115 114 115 115 114 114 114 114 114 115 115 115 114 114 114 114 115 115 115 115 115 115 115 116 116 116 116 116 116 115 116 115 116 115 116 116 116 116 116 116 116 116 116 117 117 117 118 118 118 118 118 118 118 118 117
1200 118 118 119 119 119 119 119 119 119 118 119 118 118 119 119 118 118 119 119 119 119 119 119 118 118 118 118 118 119 119 119 119 119 119 119 119 118 118 118 118 118 118 117 118 118 118 118 118 118 118 118 118 118 118 118 118 118 117 117 117
1201 117 118 118 117 117 117 117 117 117 117 117 117 116 116 116 116 116 116 115 115 114 114 113 113 113 124 113 114 113 113 112 112 111 111 111 110 110 109 109 108 107 107 107 106 106 105 105 105 105 105 105 105 104 104 104 104 104 103 102 102
1202 102 102 102 102 101 101 101 101 101 101 101 102 102 102 102 101 101 101 100 100 100 100 100 100 100 100 100  99  99 100 100 100 100 100 101 101 100 101 101 101 101 101 102 101 101 101 101 101 101 100 100 100 101 100 100 100 101 101 100 100
1203 100 100 101 100 100 101 101 101 100 100  99  99  99  98  98  98  98  98  98  98  98  98  98  98  97  97  97  97  97  97  96  96  97  97  97  97  97  97  97  97  96  96  96  96  96  96  97  97  97  96  96  96  96  96  96  97  97  97  97  97
1204  97  97  97  97  96  96  96  96  96  97  97  97  97  97  97  97  97  97  97  98  98  97  98  98  98  99  99  99 100  99 100  99  99  99  99 100  99 100 100 100 100 100 100 101 101 101 100  98  98  98  98  98  98  98  97  97  97  97  97  97
1205  98  98  98  98  98  98  98  97  97  97  98  98  98  98  99  99  98  99  99  99  99  99  99  99 100 100 101 101 101 100  99  98  98  98  98  98  98  99  99 100 100 100 100  99  99  99  98  98  97  97  97  97  97  97  97  97  97  97  98  98
1206 100 100 100 100 101 101 102 101 101 102 102 102 103 104 104 104 105 105 105 104 104 105 105 106 106 106 106 105 105 105 104 104 103 102 102 101 101 101 101 100 100 100 100 100  99  99  99  99  99  99  98  98  97  97  97  97  97  97  97  97
1207  97  97  97  97  97  97  97  97  97  97  97  96  96  97  96  96  96  97  97  97  97  97  97  98  98  98  99 100 101 101 100 100 100  99  98  98  98  97  97  97  97  97  97  97  96  95  95  95  95  95  95  95  95  95  95  94  94  94  94  94
1208  93  93  93  93  93  93  93  93  93  93  93  93  93  93  93  93  93  93  93  93  93  92  93  92  93  93  93  93  93  93  93  93  93  93  93  93  94  93  93  93  93  93  93  93  93  93  93  93  93  93  93  93  93  93  93  93  93  93  93  93
1209  93  94  93  93  94  94  94  94  94  94  94  94  95  95  95  95  95  95  95  96  96  96  96  96  96  96  96  96  96  96  96  96  96  96  96  97  97  97  97  97  97  97  97  97  97  97  97  97  97  97  97  96  96  96  96  95  95  96  95  95
1210  95  95  95  95  95  95  95  95  95  95  95  95  95  95  95  95  95  95  95  95  95  95  95  95  95  95  95  95  95  95  95  95  95  95  94  94  94  94  94  94  94  93  93  93  93  93  93  93  93  93  93  93  93  93  93  93  93  93  93  93
1211  93  93  92  92  93  93  93  92  93  92  92  92  92  93  92  93  92  92  92  92  92  92  92  92  92  92  92  92  92  92  92  93  93  93  93  93  93  93  93  93  94  94  94  93  93  93  93  93  92  92  92  91  91  91  90  91  91  91  91  91
1212  90  91  90  90  90  91  91  91  90  91  91  91  90  90  90  91  90  90  90  90  90  90  90  90  90  90  90  90  90  89  90  89  89  89  89  89  89  89  89  89  89  90  90  90  90  90  90  90  90  90  91  91  91  91  91  91  91  91  91  91
1213  91  91  90  91  91  91  92  92  92  92  92  92  93  93  93  93  92  92  92  92  92  93  92  91  91  91  91  92  92  91  91  91  91  91  91  91  91  91  91  91  91  91  91  91  92  91  91  92  91  92  92  91  91  91  91  91  91  91  91  91
1214  91  91  91  91  92  92  92  92  92  92  92  92  92  92  92  92  92  92  93  93  93  93  93  93  93  93  93  93  93  93  93  93  94  94  95  94  94  94  94  94  94  94  94  95  95  94  95  95  95  95  95  95  96  96  95  95  95  96  96  96
1215  97  97  97  97  97  97  97  97  97  97  97  98  98  98  97  98  98  98  98  99  99  99 100 100 100 100 100 101 100 100 100 100 100 100 100 100 100 100 100 101 101 100 100 100 100 100 100 100 100 100 100 101 101 100 100  99  99 100 100 100
1216 100 100 100 100 100 101 101 101 101 101 101 101 102 102 102 102 102 102 101 101 101 101 101 102 102 102 102 102 103 103 103 103 103 102 102 102 102 103 103 103 103 104 104 104 104 104 104 104 104 104 104 104 104 104 104 104 104 104 104 104
1217 104 104 104 104 104 105 105 105 106 106 106 105 105 105 105 105 104 105 105 104 104 104 104 104 105 105 105 105 105 105 105 104 104 104 104 104 103 103 103 103 103 103 103 103 103 103 103 103 103 103 102 102 103 103 103 103 103 102 102 101
1218 101 101 102 102 102 102 102 101 101 101 101 101 101 101 101 101 101 101 101 101 101 101 101 101 101 101 101 101 101 100 100 100 100  99  99  99  99  99  99  99  99  99  98  99  98  98  98  98  98  98  98  98  98  98  98  98  98  98  98  98
1219  98  98  98  98  98  98  98  97  97  97  97  97  97  97  97  97  97  97  97  97  97  97  97  97  97  97  97  97  97  97  97  97  97  97  97  97  97  97  97  97  97  97  97  97  97  97  96  96  97  97  96  97  97  96  96  96  97  97  97  97
1220  96  96  96  96  96  96  96  97  96  97  97  97  97  96  97  97  97  97  97  97  97  97  97  96  97  96  96  96  96  96  96  96  96  96  97  97  97  97  97  97  97  97  97  97  97  97  97  97  98  98  98  98  98  98  98  98  98  98  98  98
1221  98  98  98  98  98  98  98  98  98  98  98  98  98  98  98  98  98  98  98  98  98  98  98  98  98  98  98  98  98  98  98  98  98  98  98  98  98  98  98  98  98  98  98  98  98  98  98  98  98  98  98  98  98  97  97  98  98  98  98  98
1222  99  99  99  99  99  99  99  99  99 100 100 100 100 100 100 100 100  99  99  99  99  99  99  99  99  99  99  99  98  98  98  98  98  98  99  99  99  99  99  99  99 100 100  99  99  99  99  99  99  99  99  99  98  98  98  97  98  97  97  97
1223  97  97  97  97  97  97  97  97  97  97  97  97  97  97  97  97  96  96  96  96  96  95  95  94  95  95  95  95  94  94  94  94  94  94  93  94  94  95  95  95  95  95  94  94  95  94  93  94  94  94  94  94  94  94  94  94  94  93  94  94
1300  94  94  94  94  95  95  95  95  95  95  96  96  95  95  95  95  95  95  95  95  95  95  95  95  95  95  95  95  95  95  95  95  95  95  94  95  97  99 100 100 101 101 101 102 102 103 103 103 103 103 103 103 103 103 103 104 104 103 103 103
1301 103 103 103 103 103 103 103 103 103 103 103 103 103 103 103 103 103 103 103 103 103 103 103 103 103 102 102 102 101 101 100 100 100 100 100 100 100 100 100 100 100 100 100 100 100 100 100 100 100 100 100 100 100 100 101 101 101 101 101 101
1302 101 101 100 100 100 100 101 100 100 101 100 100 100 100 100 100 100 100 100 100 100 100 100 100 100 100 100 100 100 100 100 101 100 100 100 100 100 100 100 100 100 100 100 100 101 100 100 101 101 101 101 101 101 101 101 101 101 101 101 101
1303 100 100 100 100 100 100 100 100 100 100 100 100 100 100  99  99  99 100  99 100  99 100 100  99 100  99  99  99  99  99  99  99  99  99  99  99  99  99  99  99  99  99  99  99  99  99  99  99  99  99  99  99  99  99  99  99  99  99  98  98
1304  98  98  98  98  98  98  98  98  98  98  98  98  98  98  98  98  98  98  98  98  99  99  98  99  98  98  98  99  99  99  98  99  99  98  99  98  98  99  98  98  98  98  98  98  98  98  98  98  98  98  98  98  98  98  98  98  98  98  98  98
1305  98  98  98  98  98  98  98  97  97  98  98  98  98  98  97  98  98  98  98  97  97  97  97  97  97  97  97  97  97  97  97  97  97  97  97  97  97  97  97  97  97  97  97  97  97  97  97  97  97  97  96  97  97  97  97  97  97  97  97  97
1306  97  97  97  97  97  97  97  97  97  97  97  97  97  97  97  97  97  97  97  97  97  96  96  96  96  95  95  95  95  94  94  94  95  95  95  95  95  95  95  95  95  95  96  96  96  97  97  97  97  97  96  96  96  96  96  95  95  94  94  93
1307  93  93  93  92  92  92  92  92  92  92  92  92  91  91  91  91  91  90  89  88  88  88  87  87  87  87  87  87  87  87  87  88  88  89  89  89  90  89  89  89  88  88  88  88  88  88  88  88  88  88  88  88  88  88  89  89  89  89  89  89
1308  89  89  90  90  90  90  89  89  88  88  88  88  88  88  87  87  87  87  87  87  87  87  87  87  87  87  87  87  87  87  87  87  87  87  87  87  87  88  88  88  88  89  89  89  88  88  88  88  88  88  89  89  89  89  89  89  89  89  89  90
1309  89  90  90  91  91  91  91  91  92  92  93  93  94  94  94  95  95  95  95  96  96  96  96  96  97  97  97  98  98  98  98  98  99  99 100 100 100 100 101 101 101 102 102 102 102 103 103 103 103 104 104 104 104 105 105 106 106 106 106 106
1310 106 107 107 107 107 106 107 107 107 107 107 107 107 107 107 108 108 108 108 107 107 107 107 108 108 108 108 109 109 109 109 109 109 109 109 110 111 112 113 113 112 112 112 112 114 115 116 116 116 116 116 116 116 116 117 118 119 119 119 119
1311 120 120 122 123 124 126 128 127 126 127 127 126 125 125 126 127 128 130 132 133 131 130 129 129 130 132 134 134 133 133 132 132 131 130 129 129 131 133 133 133 134 134 134 134 133 133 133 134 134 134 135 136 136 136 136 138 140 141 142 142
1312 140 140 140 140 139 139 140 140 140 141 140 138 138 138 139 141 142 144 147 147 145 144 144 144 144 144 143 144 143 144 143 142 143 142 141 141 142 143 144 145 146 147 144 146 145 145 145 143 144 145 145 145 144 145 145 145 146 148 149 150
1313 151 151 151 151 152 153 153 152 150 149 150 149 150 151 152 152 152 152 152 152 151 150 149 150 151 150 151 152 151 149 150 151 153 154 154 152 152 152 150 151 151 151 153 155 152 149 147 149 150 152 153 153 153 154 153 153 155 155 153 151
1314 152 152 154 156 158 158 156 156 157 157 158 160 159 157 157 155 155 154 153 153 154 154 154 153 153 151 152 153 152 152 153 154 155 157 159 160 163 164 164 164 161 158 144 159 156 155 157 159 159 159 161 160 161 163 164 165 164 162 164 164
1315 164 164 164 163 165 163 161 162 162 164 165 166 167 168 167 166 164 164 161 158 158 160 160 159 161 162 164 165 167 167 168 169 168 168 168 168 167 163 164 165 166 165 165 165 164 164 164 164 165 165 165 165 166 165 165 165 166 167 166 164
1316 164 166 167 167 166 166 166 165 165 163 165 165 164 165 165 165 164 164 166 167 169 169 169 168 167 167 167 167 169 172 171 170 171 171 170 168 169 171 172 172 173 173 172 174 174 172 168 167 166 165 165 166 166 166 166 165 165 164 164 164
1317 164 164 166 166 166 165 165 165 164 163 162 163 164 165 166 166 166 165 164 163 163 164 163 163 162 162 162 161 161 162 162 162 162 161 162 162 161 161 161 162 162 161 160 160 160 160 160 159 159 158 158 158 158 158 158 158 158 158 158 158
1318 158 157 157 157 157 157 157 157 157 157 156 156 155 155 154 154 153 153 152 152 152 152 151 151 151 151 150 150 150 150 149 149 148 148 148 148 148 148 147 147 147 146 146 145 145 145 145 145 144 144 143 143 143 142 142 141 139 141 139 139
1319 139 138 138 138 137 137 136 135 135 135 134 135 134 134 133 133 133 132 132 132 133 133 134 133 132 132 131 131 131 131 131 131 131 130 129 130 130 130 129 129 129 130 130 130 129 128 128 127 128 127 127 127 127 127 128 127 126 126 126 126
1320 125 125 125 126 126 125 125 125 124 124 124 124 124 124 124 123 122 122 122 123 123 124 123 122 122 122 121 120 120 119 120 120 119 120 120 120 120 120 120 120 120 119 119 119 119 119 119 120 120 120 120 120 120 120 120 120 120 119 119 119
1321 119 119 119 119 119 118 118 118 117 117 117 117 116 117 117 116 115 115 115 115 115 115 115 115 116 116 116 117 116 116 116 116 115 115 115 115 115 114 114 113 113 112 112 111 111 111 110 110 110 109 109 109 109 109 109 109 108 108 108 109
1322 109 108 108 108 108 107 107 107 106 106 106 106 106 105 105 105 105 106 106 107 107 107 108 108 108 107 107 107 107 107 107 107 107 107 107 108 108 108 108 108 108 108 107 106 106 105 105 105 105 105 104 104 104 104 104 105 106 106 106 106
1323 106 106 106 106 107 107 107 107 107 107 107 108 123 108 107 107 108 107 107 107 108 107 107 107 107 107 107 107 107 107 107 106 106 106 106 106 106 105 105 105 104 104 103 103 102 102 101 100 100  99  98  98  98  97  97  97  96  96  95  95
1400  94  93  92  92  92  91  91  90  90  90  90  90  90  89  89  89  89  88  88  88  89  89  89  89  88  88  89  89  88  89  88  88  87  87  87  86  86  85  85  85  85  85  84  84  84  84  85  85  84  84  84  84  84  84  83  83  83  83  83  83
1401  83  83  83  82  82  82  82  82  82  81  81  81  81  81  81  81  81  81  80  80  79  80  80  80  80  80  80  79  79  79  79  79  79  79  79  79  79  79  80  80  79  79  79  79  79  79  79  79  79  79  79  80  81  82  83  84  84  85  85  85
1402  85  85  84  85  85  85  85  85  85  85  85  86  86  87  87  87  87  88  88  88  88  88  88  89  89  90  90  91  91  91  91  91  92  92  92  93  93  93  93  94  94  94  94  94  94  94  95  95  95  96  96  96  96  96  96  96  97  97  97  97
1403  97  97  97  97  97  97  97  98  98  98  99  99  99  99  99 100 100 100  99  99  99  99  99  99  99  99  99 119  99 100 100 100 100 101 101 101 101 100 101 100 100 100 100 100 100 100 100 100 100 101 101 101 101 101 101 101 101 101 101 101
1404 101 100  99  99 100 100  99  99  98  99  99  99  99  98  99  99  99  99  99  99  99  99  99  99 100 101 101 101 101 101 101 101 101 101 102 102 102 102 102 101 101 101 101 100 100 100 100 101 101 102 102 102 102 102 102 103 102 102 102 102
1405 102 102 102 102 102 103 103 103 103 102 102 102 102 102 103 102 103 102 102 102 102 102 102 102 102 102 102 101 102 102 103 102 102 101 101 101 101 102 102 102 103 103 103 103 103 104 104 104 104 104 104 103 102 102 101 101 101 102 102 102
1406 103 103 103 103 103 103 103 103 103 103 103 103 103 103 103 102 102 102 102 102 102 102 102 102 101 100 101 101 102 102 103 103 102 102 102 102 103 102 102 102 102 102 103 103 103 103 104 104 104 104 104 104 104 104 105 105 105 105 105 105
1407 105 105 105 104 104 104 104 105 105 104 104 104 103 103 103 103 103 103 103 103 104 104 104 104 104 104 105 105 105 105 105 105 104 104 104 104 103 103 102 102 102 103 116 104 104 104 103 103 103 104 104 104 105 105 106 106 106 105 105 105
1408 105 105 106 106 106 105 105 106 106 107 107 107 107 108 107 107 107 107 107 106 106 106 107 107 107 107 107 107 107 107 107 107 107 107 108 108 108 108 108 108 108 108 108 108 108 108 108 108 108 108 108 108 108 108 108 108 108 108 107 107
1409 107 108 108 108 108 108 108 108 108 108 108 108 108 107 107 107 107 107 107 108 108 108 108 108 108 108 108 108 108 108 109 108 108 108 108 107 107 107 108 108 108 109 108 108 108 108 108 108 108 109 109 109 110 110 110 110 110 109 109 109
1410 109 109 109 109 109 109 110 110 110 109 110 110 110 110 111 111 111 110 110 110 109 109 109 109 109 110 110 110 111 110 110 110 110 110 110 110 110 110 111 110 110 111 111 110 110 110 110 110 111 111 112 112 112 111 111 111 111 111 112 112
1411 112 112 112 112 112 112 112 112 113 113 113 113 113 113 113 114 113 113 113 114 114 113 113 113 113 113 113 114 114 114 114 113 113 113 113 114 113 113 113 114 114 114 114 114 114 114 114 115 114 114 115 115 115 116 115 115 114 114 114 113
1412 113 113 113 113 113 113 113 114 114 114 114 114 114 114 114 115 115 115 115 115 115 115 115 115 115 115 115 115 115 115 115 115 115 115 115 115 115 115 116 116 116 116 116 117 117 117 117 117 117 117 117 117 117 117 117 117 117 117 117 117
1413 117 117 117 116 116 116 116 116 116 116 116 116 116 115 115 115 115 114 114 114 114 114 114 114 114 114 114 113 113 114 114 114 113 113 114 114 114 114 114 114 114 114 114 114 114 114 114 114 115 115 114 114 114 114 114 114 115 114 114 115
1414 114 115 114 114 114 115 115 115 115 115 115 115 115 115 115 115 115 115 115 115 115 115 115 116 115 115 115 115 115 115 114 114 114 114 113 113 113 114 113 114 114 114 114 114 114 114 114 114 114 113 113 113 113 114 114 114 114 114 114 114
1415 114 113 113 113 113 113 113 113 113 113 113 113 113 113 113 113 113 113 113 112 112 112 112 112 112 112 112 112 112 112 112 112 112 112 112 112 112 112 112 112 112 112 112 112 112 112 112 111 111 111 111 111 111 111 111 111 111 111 112 112
1416 112 112 112 112 112 112 112 112 112 112 112 112 111 111 111 111 111 111 111 111 111 111 111 111 111 111 111 111 111 111 111 111 111 111 111 111 111 111 111 111 111 111 111 111 111 111 111 111 111 111 111 111 111 111 111 111 111 111 111 111
1417 111 111 111 111 111 111 111 111 111 111 111 111 111 111 111 111 111 111 111 111 111 110 110 111 111 111 111 111 111 111 111 111 111 111 111 111 111 111 111 111 111 111 111 111 111 112 112 112 112 112 112 112 112 112 112 112 112 112 112 112
1418 112 112 112 112 112 112 112 112 112 112 112 112 112 112 112 112 111 112 112 112 112 112 111 111 111 111 111 111 111 111 111 111 111 111 110 110 110 110 110 110 110 110 110 110 110 110 110 110 110 110 110 110 110 110 110 110 110 110 110 110
1419 110 110 110 110 110 110 110 110 110 110 110 110 110 110 110 110 110 110 110 110 110 110 110 110 110 110 110 110 110 110 109 109 109 109 109 109 109 109 109 109 109 109 109 109 109 109 109 109 109 109 109 109 109 109 109 109 109 108 108 108
1420 108 108 108 108 108 108 108 108 108 108 108 108 108 108 108 108 108 108 108 108 108 108 108 108 108 107 108 108 108 108 108 108 108 108 108 107 107 107 107 107 107 107 107 107 107 107 107 107 106 106 106 105 105 104 104 104 104 104 104 104
1421 104 104 104 104 103 103 103 103 103 104 104 104 104 104 104 104 104 104 104 104 104 104 104 104 104 104 104 105 105 105 105 105 105 105 105 105 105 105 105 106 106 106 106 106 105 106 106 106 106 107 107 107 107 107 107 107 107 107 107 107
1422 107 107 107 107 107 107 107 107 107 107 107 107 107 107 107 107 106 106 106 106 106 106 106 106 106 106 105 105 105 105 105 105 105 105 105 105 105 105 105 105 105 105 105 105 105 105 105 105 105 105 105 105 105 105 105 105 105 105 105 105
1423 105 105 105 104 105 105 105 105 105 105 105 105 105 105 105 105 105 105 105 105 105 106 105 105 105 105 105 105 105 105 105 105 105 105 105 105 105 105 105 105 105 105 105 105 105 105 105 105 105 105 104 104 104 104 104 104 104 103 103 103
1500 103 103 103 103 103 103 103 103 103 103 104 103 103 103 104 104 104 104 104 104 104 104 104 104 104 104 104 104 104 104 104 104 105 105 105 105 105 105 105 105 105 104 104 104 105 105 104 104 104 104 104 104 103 103 103 104 103 103 103////
1501////////////////////////////////////////////////////////////////////////////////////////////////////////////////////////////////////////////////////////////////////////////////////////////////////////////////////////////////////////////////
1502////////////////////////////////////////////////////////////////////////////////////////////////////////////////////////////////////////////////////////////////////////////////////////////////////////////////////////////////////////////////
1503////////////////////////////////////////////////////////////////////////////////////////////////////////////////////////////////////////////////////////////////////////////////////////////////////////////////////////////////////////////////
1504////////////////////////////////////////////////////////////////////////////////////////////////////////////////////////////////////////////////////////////////////////////////////////////////////////////////////////////////////////////////
1505////////////////////////////////////////////////////////////////////////////////////////////////////////////////////////////////////////////////////////////////////////////////////////////////////////////////////////////////////////////////
1506////////////////////////////////////////////////////////////////////////////////////////////////////////////////////////////////////////////////////////////////////////////////////////////////////////////////////////////////////////////////
1507////////////////////////////////////////////////////////////////////////////////////////////////////////////////////////////////////////////////////////////////////////////////////////////////////////////////////////////////////////////////
1508////////////////////////////////////////////////////////////////////////////////////////////////////////////////////////////////////////////////////////////////////////////////////////////////////////////////////////////////////////////////
1509////////////////////////////////////////////////////////////////////////////////////////////////////////////////////////////////////////////////////////////////////////////////////////////////////////////////////////////////////////////////
1510////////////////////////////////////////////////////////////////////////////////////////////////////////////////////////////////////////////////////////////////////////////////////////////////////////////////////////////////////////////////
1511////////////////////////////////////////////////////////////////////////////////////////////////////////////////////////////////////////////////////////////////////////////////////////////////////////////////////////////////////////////////
1512////////////////////////////////////////////////////////////////////////////////////////////////////////////////////////////////////////////////////////////////////////////////////////////////////////////////////////////////////////////////
1513////////////////////////////////////////////////////////////////////////////////////////////////////////////////////////////////////////////////////////////////////////////////////////////////////////////////////////////////////////////////
1514////////////////////////////////////////////////////////////////////////////////////////////////////////////////////////////////////////////////////////////////////////////////////////////////////////////////////////////////////////////////
1515////////////////////////////////////////////////////////////////////////////////////////////////////////////////////////////////////////////////////////////////////////////////////////////////////////////////////////////////////////////////
1516////////////////////////////////////////////////////////////////////////////////////////////////////////////////////////////////////////////////////////////////////////////////////////////////////////////////////////////////////////////////
1517////////////////////////////////////////////////////////////////////////////////////////////////////////////////////////////////////////////////////////////////////////////////////////////////////////////////////////////////////////////////
1518////////////////////////////////////////////////////////////////////////////////////////////////////////////////////////////////////////////////////////////////////////////////////////////////////////////////////////////////////////////////
1519////////////////////////////////////////////////////////////////////////////////////////////////////////////////////////////////////////////////////////////////////////////////////////////////////////////////////////////////////////////////
1520////////////////////////////////////////////////////////////////////////////////////////////////////////////////////////////////////////////////////////////////////////////////////////////////////////////////////////////////////////////////
1521////////////////////////////////////////////////////////////////////////////////////////////////////////////////////////////////////////////////////////////////////////////////////////////////////////////////////////////////////////////////
1522////////////////////////////////////////////////////////////////////////////////////////////////////////////////////////////////////////////////////////////////////////////////////////////////////////////////////////////////////////////////
1523////////////////////////////////////////////////////////////////////////////////////////////////////////////////////////////////////////////////////////////////////////////////////////////////////////////////////////////////////////////////
1600////////////////////////////////////////////////////////////////////////////////////////////////////////////////////////////////////////////////////////////////////////////////////////////////////////////////////////////////////////////  72
1601  71  71  71  71  72  72  71  72  71  71  71  71  71  71 134  71  71  71  71  71  71  70  71  71  71  71  70  70  70  70  70  70  70  70  70  70  70  70  70  69  69  69  69  69  69  69  69  69  69  69  69  69  69  69  69  69  69  69  69  69
1602  69  69  69  69  69  69  69  68  68  68  68  68  68  68  68  68  68  68  68  67  68  67  67  67  67  67  67  67  67  67  67  67  67  67  67  67  67  67  67  67  67  67  66  66  66  66  66  66  66  66  65  66  66  66  65  65  65  65  65  65
1603  65  64  64  64  64  64  64  64  64  64  64  64  64  64  64  64  64  64  64  64  64  64  64  64  64  64  64  64  64  64  64  64  64  64  64  64  64  64  63  64  63  64  63  63  63  63  63  63  63  63  63  63  63  63  62  62  62  62  62  62
1604  62  62  62  62  61  61  61  61  61  61  61  61  61  61  61  61  60  60  60  60  60  60  61  61  60  61  61  60  61  61  61  61  60  61  61  61  61  61  61  61  61  61  61  60  60  60  60  60  60  60  60  60  59  59  59  59  58  58  58  58
1605  58  58  58  58  58  58  58  57  57  57  57  57  57  57  57  57  57  57  57  56  56  56  56  56  56  56  56  56  56 130  56  55  55  55  55  55  55  55  55  55  55  55  55  55  55  55  55  55  55  55  55  55  55  55  55  55  55  55  55  55
1606  55  55  55  55  55  55  55  55  55  55  55  55  55  55  55  55  55  55  55  55  55  54  54  54  54  54  54  54  54  54  54  54  54  54  54  54  54  54  54  54  54  54  53  54  54  54  54  53  53  54  54  54  54  54  54  54  54  54  54  54
1607  54  54  54  54  54  54  54  54  54  54  54  54  54  54  54  54  53  53  53  53  53  53  53  53  53  53  53  53  52  53  53  53  53  53  53  53  53  53  52  53  52  52  52  52  53  52  52  53  53  52  53  53  52  53  52  52  52  52  52  52
1608  52  52  52  52  52  52  52  52  52  52  52  52  52  52  52  52  52  52  52  52  52  52  52  52  52  52  52  52  52  52  52  51  52  51  51  51  51  51  51  51  51  51  51  51  51  51  51  51  51  50  50  50  50  50  50  50  50  50  50  50
1609  50  50  50  50  50  50  50  51  50  50  50  50  50  50  50  50  50  51  50  50  50  50  50  50  50  50  50  50  50  50  50  50  51  50  50  50  50  50  50  50  50  50  50  50 128  50  50  50  51  51  51  51  51  51  51  51  51  51  51  51
1610  51  51  51  51  52  52  52  52  52  52  52  52  52  52  52  52  52  52  52  52  52  52  52  52  53  52  52  53  53  52  52  53  53  52  52  52  52  52  52  52  52  52  52  52  52  53  53  52  52  52  52  52  52  52  53  53  53  53  53  53
1611  53  53  53  52  53  52  52  53  52  53  53  53  53  53  53  53  52  53  53  52  52  53  52  52  52  53  53  53  52  52  52  52  52  52  52  52  51  51  52  52  52  52  52  52  52  52  51  52  52  52  52  52  52  52  51  52  52  51  51  51
1612  51  51  51  50  50  50  50  50  50  50  51  51  51  50  51  51  50  51  51  51  51  51  51  51  51  51  51  51  51  52  52  52  52  52  52  52  52  52  52  52  52  52  52  53  53  53  53  53  53  53  53  53  53  53  53  53  53  53  53  54
1613  54  54  54  54  54  54  55  55  55  55  55  55  56  56  56  56  56  56  56  56  56  56  56  56  56  56  56  56  56  56  56  56  56  56  56  56  56  56  56  56  56  56  56  56  56  56  56  56  56  56  56  57  57  57  56  56  56  56  56  56
1614  56  56  56  56  56  56  56  56  56  56  56  56  56  57  56  57  57  57  57  57  57  57  57  57  57  57  57  57  57  57  57  57  57  58  58  58  58  58  59  59  59  59  59  59  59  59  59  59  59  59  59  59  59  60  60  61  61  61  61  62
1615  62  62  62  62  61  61  61  61  61  61  61  62  62  62  62  62  62  62  63  63  64  64  64  64  64  63  63  63  63  63  63  63  63  63  63  63  64  64  63  63  64  64  64  64  64  64  64  63  63  63  63  64  64  64  63  63  63  63  63  63
1616  63  63  63  63  63  63  63  63  63  63  63  62  62  62  63  62  62  62  62  63  63  63  63  63  63  63  63  63  63  63  62  62  62  63  63  63  62  62  62  62  62  62  62  62  62  61  61  61  62  61  61  61  61  61  61  61  61  61  61  61
1617  61  62  62  62  62  62  62  62  62  62  62  62  62  62  62  62  62  62  61  61  61  61  62  62  62  62  62  62  62  62  62  62  63  62  62  63  63  63  63  63  62  62  62  62  62  62  62  62  62  62  62  62  62  62  62  62  62  62  62  62
1618  62  62  62  62  62  62  62  62  62  62  62  62  62  62  62  62  62  62  62  62  62  62  62  62  62  62  62  62  62  62  62  62  62  62  62  62  62  62  62  62  63  62  62  62  62  63  62  62  62  62  62  62  62  62  62  62  62  62  62  62
1619  62  62  62  62  62  62  62  62  62  62  62  62  62  62  61  61  61  62  62  62  62  62  62  62  62  62  62  62  62  62  62  62  62  62  62  62  62  62  62  62  62  61  61  62  62  62  62  62  62  62  62  62  62  62  62  62  62  62  62  62
1620  62  62  62  62  62  62  62  62  62  62  62  62  62  62  62  63  63  62  62  62  62  62  62  62  62  63  63  62  63  63  63  63  63  62  62  63  63  63  63  63  63  64  64  64  64  64  65  65  65  65  65  65  65  65  65  65  65  65  65  65
1621  64  65  65  65  65  65  65  65  65  65  65  65  66  65  65  65  65  65  65  65  66  66  65  65  66  65  65  65  65  66  66  66  66  66  66  66  66  66  66  66  66  66  66  66  66  66  66  66  65  65  65  65  65  65  65  66  65  65  65  65
1622  65  65  65  64  64  64  64  64  64  65  64  64  64  64  64  64  64  64  64  64  64  64  64  64  65  65  64  64  64  64  64  64  64  64  64  64  64  64  64  64  63  63  63  63  63  63  62  62  63  63  63  63  63  63  63  63  63  63  63  63
1623  63  63  63  63  63  63  62  62  62  62  62  62  62  62  61  61  62  62  62  62  61  61  61  61  62  62  62  62  62  62  62  62  62  62  62  62  62  62  62  62  62  62  62  62  62  62  62  62  62  62  62  62  62  62  63  63  63  63  62  62
1700  62  62  62  62  62  63  63  63  63  63  63  63  63  64  64  64  64  64  64  64  64  64  63  63  63  63  63  62  63  63  62  62  62  62  62  62  62  61  61  61  61  61  60  59  59  59  59  59  58  57  57  56  56  56  56  56  57  57  56  57
1701  58  58  58  58  58  59  58  58  59  59  59  59  59  59  60  59  60  60  60  61  61  60  60  60  60  60  60  60  59  59  59  59  59  59  59  59  58  58  57  57  57  56  56  57  57  57  57  56  57  57  56  56  57  59  60  61  62  62  62  62
1702  62  62  62  62  62  62  62  62  62  62  62  62  62  61  62  62  61  61  61  60  60  60  60  60  60  60  60  60  60  60  60  60  59  59  59  59  59  59  59  59  59  59  59  58  58  58  58  58  58  58  58  57  57  57  57  56  56  56  56  56
1703  55  55  55  55  55  55  55  55  55  54  54  54  54  54  54  54  54  53  53  53  53  53  53  53  53  53  53  53  53  52  52  52  52  52  52  52  52  52  52  53  52  52  52  52  52  52  52  52  52  52  52  52  52  52  52  52  52  52  52  52
1704  52  52  52  52  52 136  52  52  52  52  52  52  52  52  52  52  52  52  52  52  52  52  52  52  52  52  51  51  51  51  51  51  51  52  51  51  51  51  51  51  51  51  52  52  52  52  51  51  51  51  51  51  51  51  51  51  51  51  51  51
1705  51  50  51  51  51  51  50  50  50  50  50  50  51  51  50  50  50  50  50  50  50  50  50  50  49  49  49  49  49  49  49  49  49  49  50  50  50  49  50  50  51  52  52  52  53  53  54  53  53  54  54  53  53  53  53  52  53  53  52  53
1706  53  53  53  53  52  53  53  53  53  53  53  53  52  52  52  52  52  52  52  52  52  52  52  52  51  52  52  52  52  51  51  51  51  51  51  51  50  50  50  50  50  50  51  51  51  52  52  52  51  52  52  52  52  52  52  52  52  52  52  52
1707  52  52  52  53  53  53  53  53  52  52  52  52  52  51  51  51  51  51  51  51  51  52  51  51  51  51  51  51  51  51  51  51  51  51  51  51  51  51  51  51  51  51  51  51  51  50  50  50  50  49  49  49  49  49  49  49  49  49  49  49
1708  49  48  49  48  48  48  48  48  48  48  48  48  48  48  48  48  48  48  48  48 131  48  48  49  49  48  48  48  48  48  48  48  48  47  47  48  47  47  47  47  47  47  48  48  48  48  48  48  48  48  48  48  48  48  48  48  48  48  48  49
1709  49  49  49  49  49  49  49  49  49  49  49  49  50  50  50  50  50  50  50  50  50  50  50  51  51  51  51  51  51  51  51  51  51  51  51  51  52  52  52  52  52  52  52  52  52  52  52  51  51  51  51  51  51  51  51  51  51  51  51  51
1710  51  51  51  51  51  52  52  52  52  52  52  53  53  53  53  53  53  53  54  54  55  54  54  54  54  54  55  55  55  55  56  56  56  56  55  55  55  55  55  55  55  56  56  57  57  57  57  57  57  57  56  57  57  57  58  58  58  58  58  57
1711  58  58  60  60  61  63  63  63  63  63  64  64  62  63  63  63  63  63  64  65  66  66  65  66  65  64  63  63  64  64  63  64  64  63  63  63  64  64  64  63  63  64  65  64  64  65  65  66  66  66  66  66  67  68  69  68  69  69  69  70
1712  69  69  67  67  67  67  67  66  67  67  67  68  68  68  68  67  67  66  66  66  65  67  68  67  68  69  69  67  68  69  70  70  68  67  67 139  67  66  67  68  68  70  69  70  70  71  72  72  72  73  73  71  71  72  71  72  72  73  73  74
1713  76  76  75  73  72  72  72  73  74  74  73  73  72  71  71  72  71  70  70  70  71  70  70  71  70  70  70  72  73  73  72  71  72  74  74  75  75  74  74  74  75  76  76  76  75  74  74  75  75  74  74  74  73  72  72  72  72  71  71  71
1714  71  72  73  72  71  70  70  69  68  69  69  70  70  71  72  75  74  72  72  73  74  74  74  75  75  74  73  72  73  73  72  73  75  75  75  72  71  70  70  70  71  73  74  74  75  76  75  75  75  75  74  73  74  73  73  74  73  74  74  74
1715  73  73  72  73  73  72  71  72  71  71  73  74  74  74  74  73  72  73  73  72  73  74  75  75  74  73  72  71  71  70  70  70  71  71  71  72  71  70  70  70  69  69  68  68  69  69  69  69  68  68  68  68  68  68  68  68  68  68  68  68
1716  67  67  68  68  68  68  69  69  69  69  69  68  68  68  68  68  68  68  68  68  67  67  68  68  68  68  68  68  67  68  68  68  67  67  66  66  66  66  66  66  66  66  66  66  66  66  65  65  65  65 151  65  65  66  66  66  66  66  66  65
1717  65  66  65  66  65  65  65  65  65  65  65  65  65  65  65  65  65  65  65  65  65  65  65  65  65  65  65  65  65  65  66  66  66  65  65  64  64  64  64  64  64  64  65  65  64  65  64  64  64  64  64  64  64  64  64  64  64  63  63  64
1718  64  63  63  63  63  63  63  63  63  63  63  62  62  62  62  62  61  61  61  61  60  61  60  60  61  60  60  60  60  60  60  60  59  59  60  59  59  59  60  60  59  59  59  59  59  59  59  59  59  59  59  59  58  58  58  58  58  58  58  58
1719  58  58  58  58  58  58  58  58  58  58  58  58  58  58  57  58  58  58  58  58  58  58  57  57  57  57  57  57  57  57  57  57  57  57  57  58  58  58  58  58  58  58  58  58  58  58  58  58  58  58  58  58  58  58  58  58  58  58  58  58
1720  58  58  58  57  58  57  57  57  57  57  57  57  57  57  56  57  57  57  57  57  57  57  57  56  57  57  56  57  57  57  56  56  57  57  57  57  57  57  57  57  57  57  57  57  57  57  57  57  57  57  57  57  57  57  57  57  57  56  56  56
1721  56  56  56  56  55 142  55  55  54  54  54  55  55  54  55  55  54  54  55  54  54  55  54  55  55  55  55  55  54  54  54  55  54  54  54  54  54  54  54  55  55  55  55  55  55  55  56  55  55  55  55  55  55  55  55  55  55  55  55  55
1722  55  55  55  55  54  55  55  55  55  55  55  54  54  54  54  55  54  54  54  54  54  54  54  54  54  54  54  54  54  54  54  54  54  54  54  54  54  54  54  54  54  54  54  54  54  54  54  54  53  53  53  53  53  53  53  53  53  53  53  53
1723  53  53  53  53  53  53  53  54  54  54  54  54  54  54  54  54  54  54  54  53  53  53  53  53  53  53  53  53  53  53  53  53  53  53  52  52  52  52  53  53  53  53  53  53  53  53  53  53  53  53  52  52  52  53  53  53  52  53  52  53
1800  53  52  52  51  51  51  50  49  48  49  49  49  49  50  50  51  51  51  52  52  52  52  52  53  52  52  52  51  51  50  49  49  48  48  48  48  48  48  48  47  47  48  49  49  49  49  49  50  50  50  49  48  48  48  48  47  47  47  47  48
1801  48  48  49  49  49  49  49  49  49  49  49  49  48  48  47  47  48  48  48  48  48  48  49  48  49  48  48  48  49  47  46  46  46  46  45  45  44  44  45  44  44  45  45  45  44  44  44  44  43  43  43  43  43  43  43  43  43  43  42  43
1802  43  43  43  43  43  43  44  44  44  44  45  45  45  46  46  46  46  46  46  47  46  46  47  47  47  47  47  46  46  46  46  46  46  46  46  46  46  46  46  46  46  46  46  46  46  46  46  46  46  46  46  46  46  46  46  46  45  46  46  46
1803  46  45  45  45  45  45  45  45  45  45  45  45  45  45  45  45  45  45  45  45  45  45  45  45  45  45  45  45  45  45  45  45  45  45  45  45  45  45  45  45  45  44  44  45  45  45  45  45  45  45  45  45  45  45  45  45  45  45  45  45
1804  45  45  45  45  45  45  45  45  45  45  45  45  45  45  45  45  45  45  45  45  45  45  45  45  45  45  45  45  45  45  45  45  45  44  44  44  44  44  44  44  44  44  44  44  44  44  44  44  44  44  44  44  44  44  44  44  44  44  44  44
1805  45  44  44  44  45  45  45  44  44  44  44  44  44  44  44  43  43  43  43  43  43  43  42  42  43  43  44  44  44  43  43  43  42  43  42  42  42  42  42  42  42  42  42  42  42  42  42  42  42  42  42  42  41  41  41  41  41  41  41  41
1806  41  42  42  42  42  43  42  42  42  42  42  42  42  42  41  42  42  42  42  42  42  42  43  43  43  42  42  41  41  43  44  44  44  44  44  44  44  44  43  42  42  42  41  41  40  40  40  40  40  40  40  40  40  40  40  40  40  39  37  37
1807  36  36  36  36  36  35  35  35  34  34  34  34  33  33  32  33  32  32  32  32  32  32  32  32  32  32  32  32  32  32  32  31  31  31  31  31  31  31  31  31  31  31  31  31  31  31  31  31  31  31  31  31  31  31  31  31  32  32  31  32
1808  32  32  32  31  31  31  31  31  31  31  31  32  32  32  32  32  32  32  32  32  32  32  33  33  33  33  33  33  33  33  33  32  32  32  32  32  32  31  31  31  31  31  30  30  30  30  30  30  30  30  30  30  30  30  30  30  30  30  30  30
1809  30  30  30  30  29  29  30  30  29  30  30  29  30  29  30  29  29  29  29  30  30  30  30  30  30  30  30  30  30  30  30  30  30  30  30  30  30  30  30  30  30  30  31  31  31  31  31  32  31  32  32  32  32  32  32  32  32  33  32  32
1810  32  32  32  33  33  33  33  33  33  33  33  33  32  33  33  33  32  32  32  32  32  32  33  33  32  32  32  32  32  32  32  33  33  33  32  32  32  32  32  32  32  32  32  32  33  34  34  33  33  32  32  33  33  32  32  32  33  33  33  32
1811  32  33  33  33  33  33  33  33  33  33  33  33  33  33  33  33  33  33  33  33  33  33  33  33  34  34  34  34  34  35  35  35  35  35  36  36  36  36  35  36  36  37  37  37  37  37  37  37  37  38  38  38  38  37  37  37  38  38  39  38
1812  39  39  39  39  40  40  39  39  39  39  40  40  40  40  40  40  40  41  40  40  40  40  41  40  40  40  40  41  41  41  41  41  40  40  40  40  40  40  40  40  40  40  40  40  41  41  41  41  41  42  42  42  42  42  43  43  42  42  42  42
1813  43  42  42  42  41  41  41  41  41  41  41  41  41  41  41  42  42  42  42  42  42  41  41  42  42  42  41  41  40  40  40  40  40  40  40  40  40  40  40  40  40  39  39  40  40  40  40  40  40  40  41  41  41  41  42  42  42  42  43  43
1814  43  43  42  42  41  41  42  42  42  42  42  42  42  41  41  42  42  42  41  41  41  41  41  41  41  41  41  41  41  41  41  41  41  41  41  41  41  41  41  41  41  40  40  40  40  40  40  40  40  39  39  39  39  40  40  40  40  40  40  40
1815  40  39  40  40  39  39  40  40  40  40  40  40  40  40  40  40  40  40  41  40  40  41  41  40  40  41  41  41  41  41  41  40  40  40  40  40  39  39  40  39  39  39  39  39  39  39  39  39  39  39  39  39  39  40  41  41  42  41  41  42
1816  42  43  43  43  42  42  42  41  41  41  42  42  42  42  42  42  41  41  41  41  41  41  41  41  40  40  40  41  41  40  40  40  41  40  40  40  40  39  39  39  39  39  39  39  39  39  39  39  39  39  40  40  40  40  40  40  40  40  40  40
1817  40  40  40  40  40  41  41  41  41  42  42  41  41  41  41  41  41  41  41  41  41  41  40  40  41  41  41  41  41  41  41  41  41  41  41  41  41  41  41  41  41  41  41  41  41  41  41  41  41  41  41  42  42  42  42  43  43  42  42  42
1818  42  42  42  42  42  42  42  42  42  43  43  43  42  42  42  43  43  43  43  42  42  42  42  43  43  43  43  43  43  43  43  43  43  43  43  43  43  43  43  44  44  44  44  44  43  44  44  44  44  44  44  44  44  44  43  43  43  43  43  43
1819  43  43  44  44  44  44  44  44  44  44  43  43  43  43  43  44  44  44  44  44  44  44  44  44  44  44  44  44  45  45  45  45  45  45  45  45  44  44  44  45  45  45  45  45  45  45  45  45  45  45  45  45  45  45  45  45  45  45  45  45
1820  45  45  45  45  45  45  45  45  45  45  45  45  45  45  45  45  45  45  45  45  45  45  45  45  45  45  45  45  45  45  45  45  45  45  45  45  45  45  45  45  46  45  45  45  45  45  45  45  45  45  45  45  45  45  45  45  46  45  45  45
1821  45  45  46  46  46  46  46  46  46  46  45  46  45  45  46  45  45  46  46  46  46  45  45  45  46  46  46  46  46  45  45  45  45  46  46  46  46  46  46  46  46  46  46  46  46  46  46  46  46  46  46  46  46  46  46  46  46  46  47  47
1822  46  47  47  47  46  47  46  46  46  46  46  46  46  46  46  46  46  46  46  46  46  46  46  46  46  46  46  45  46  46  46  46  46  46  46  46  46  46  46  46  46  46  46  46  46  46  46  46  46  46  46  46  46  46  45  45  46  46  46  46
1823  46  46  46  46  45  45  45  45  45  45  45  45  45  45  45  45  45  45  44  44  44  44  44  44  44  44  44  43  43  43  43  44  44  44  44  44  44  44  44  44  44  44  44  44  44  44  44  44  44  44  44  44  44  44  44  44  44  44  44  43
1900  43  43  43  43  42  42  42  42  42  42  41  41  41  41  41  41  41  41  41  41  41  41  41  41  41  41  40  40  40  40  40  40  40  40  40  40  41  41  41  42  42  42  42  42  42  42  42  42  42  42  42  42  42  42  42  42  42  42  43  43
1901  43  43  43  43  43  43  43  43  43  42  43  43  42  42  42  42  42  42  42  42  42  42  42  42  42  42  42  42  42  42  43  43  43  43  43  43  43  43  43  43  43  43  43  43  42  42  42  43  42  42  42  42  42  42  42  42  42  42  42  42
1902  42  42  42  42  42  42  42  42  42  42  42  42  42  42  42  42  42  42  42  42  42  42  42  42  42  42  42  42  42  42  42  42  42  42  42  42  42  42  42  42  42  42  42  42  42  42  42  42  42  42  42  42  42  42  42  42  42  42  42  42
1903  42  42  42  42  42  42  42  42  42  42  42  42  42  42  42  42  42  42  42  42  42  42  42  43  42  42  42  43  42  43  42  42  42  42  42  42  42  42  42  43  42  42  42  42  42  42  41  41  41  41  42  42  42  42  42  42  42  42  42  41
1904  41  41  41  41  41  41  41  41  41  41  41  41  41  41  41  41  41  41  41  41  41  41  41  41  41  41  41  42  42  42  42  42  42  42  41  41  41  41  41  41  42  41  41  42  41  41  41  42  42  42  42  42  42  42  41  41  41  41  41  41
1905  41  40  40  40  40  40  40  40  40  40  40  40  40  40  40  40  40  40  40  40  40  40  40  40  40  40  40  40  39  39  39  40  40  40  40  40  40  40  40  39  40  39  39  39  39  39  39  39  39  39  39  39  39  39  39  39  39  39  39  39
1906  39  39  39  39  39  39  39  39  38  39  39  39  39  39  39  39  39  39  39  39  39  39  39  39  39  39  39  39  39  39  39  39  39  39  39  39  39  39  39  39  39  39  39  39  39  39  38  39  39  39  39  39  39  39  39  39  39  39  39  39
1907  39  39  39  39  39  39  39  39  39  39  39  39  39  39  39  39  39  39  39  39  39  39  39  39  39  39  39  39  39  39  39  39  39  39  39  39  39  39  39  39  39  39  39  39  39  39  39  39  39  39  40  40  40  40  40  40  40  40  40  40
1908  40  40  40  40  40  40  40  40  40  40  39  39  39  39  39  39  39  39  39  39  40  39  40  40  40  40  40  39  39  40  40  40  40  40  40  40  40  40  40  40  40  40  40  40  40  40  40  40  40  40  40  40  40  40  40  40  40  40  40  40
1909  40  40  40  40  40  41  40  41  41  41  41  41  41  41  41  41  41  41  41  41  41  41  41  41  41  41  41  41  41  42  41  41  42  42  42  42  42  43  43  43  43  43  44  43  43  43  43  43  43  43  43  44  44  44  44  44  44  44  44  44
1910  44  44  44  44  44  44  44  44  44  44  44  44  44  44  44  44  44  44  44  45  45  45 102  45  45  45  45  46  46  46  45  45  45  45  45  45  46  45  45  45  45  45  45  45  45  45  45  45  44  45  44  45  45  45  45  45  45  45  45  45
1911  45  45  45  45  45  45  45  45  45  45  44  44  44  44  45  45  45  44  44  44  44  44  44  44  45  45  45  45  45  45  45  45  45  45  45  45  44  44  45  44  44  44  45  45  45  45  44  44  45  45  45  44  44  44  44  44  44  45  45  45
1912  45  45  45  45  45  45  45  44  44  45  44  45  44  44  45  44  45  44  44  44  44  45  45  45  45  45  44  44  44  44  44  44  44  44  44  44  44  44  44  45  45  45  45  45  45  44  44  44  44  44  44  45  45  45  45  45  45  44  44  44
1913  44  44  44  44  44  44  45  45  45  45  45  45  44  44  43  43  42  43  42  42  42  42  42  42  42  42  42  42  42  42  43  43  43  43  43  43  43  43  43  43  43  43  43  42  41  41  41  41  41  41  41  41  41  41  41  41  41  41  41  41
1914  41  41  41  41  41  41  41  42  42  42  42  42  42  42  42  43  43  43  43  43  43  42  43  44  43  43  43  43  43  44  44  44  44  44  44  44  44 142  44  44  44  44  44  45  45  45  45  45  45  46  46  46  46  46  46  46  46  46  47  47
1915  47  47  47  47  47  47  47  47  47  47  47  47  47  47  47  47  47  47  47  48  48  48  48  48  47  47  48  48  48  48  48  48  49  49  49  49  49  49  49  49  49  49  49  49  49  49  49  50  50  50  51  51  51  50  50  50  50  51  51  51
1916  51  51  51  51  52  52  51  52  51  52  52  52  52  52  52  52  52  52  52  52  51  52  52  52  52  52  52  52  52  52  52  52  52  52  52  52  52  52  52  52  52  52  52  52  52  52  52  52  52  52  52  52  52  52  51  51  51  50  50  50
1917  50  50  50  50  50  50  50  50  50  50  49  50  50  50  50  50  50  50  50  50  51  51  51  51  51  51  51  51  51  52  52  52  52  52  52  53  53  53  53  53  53  53  53  53  53  53  53  53  53  53  53  53  53  53  53  53  53  53  53  53
1918  53  53  52  52  52  52  52  52  52  52  52  52  52  53  53  53  53  53  53  53  53  53  53  53  53  52  52  52  52  52  52  52  52  52  52  51  52  52  52  52  51  51  51  51  51  51  50  50  50  50  50  50 125  50  50  50  50  50  50  50
1919  50  50  50  50  50  50  50  50  50  50  49  49  49  49  49  49  49  49  49  49  49  49  49  49  49  48  48  48  48  48  48  48  48  48  48  48  48  49  49  49  49  49  49  49  49  49  49  49  49  49  49  49  49  49  49  49  49  49  49  49
1920  49  49  49  49  49  50  50  50  50  50  50  50  50  50  50  50  50  50  50  50  50  50  50  49  49  49  49  49  49  49  50  50  50  50  49  49  49  49  49  49  49  49  49  49  49  49  49  49  49  49  49  49  49  49  49  49  49  49  49  49
1921  49  49  49  49  49  49  49  49  49  49  49  49  49  49  49  49  49  49  49  49  49  49  49  49  49  49  49  49  49  49  49  49  49  49  48  48  49  49  49  48  48  48  48  48  48  48  48  48  48  48  48  48  48  48  48  48  48  48  48  48
1922  49  49  49  49  49  49  49  49  49  49  49  49  49  49  49  49  49  49  49  49  49  49  49  49  49  49  49  49  49  49 111  49  49  49  49  49  49  49  49  49  49  49  49  49  50  50  49  49  49  49  49  49  49  49  49  49  49  49  49  49
1923------------------------------------------------------------------------------------------------------------------------------------------------------------------------------------------------------------------------------------------------
2000  48  48  48  48  48  48  48  48  48  48  48  48  48  48  47  47  47  47  47  47  47  47  47  47  47  46  47  47  47  47  47  46  46  46  46  46  46  46  46  47  47  47  47  47  46  46  46  46  46  46  46  46  46  46  46  46  46  46  46  46
2001  46  46  46  46  46  46  46  46  46  46  46  46  46  46  46  45  45  45  45  45  45  45  45  45  45  45  45  45  45  45  45  45  44  44  44  44  44  43  43  43  43  43  43  43  43  43  43  43  42  42  42  41  42  42  42  42  42  41  41  40
2002  40  40  40  40  40  40  39  39  39  38  37  36  36  35  35  35  35  34  34  34  35  35  35  35  35  35  34  34  34  35  36  36  37  37  38  38  37  37  37  36  36  35  35  35  35  35  34  34  33  33  33  32  32  32  31  29  28  28  28  28
2003  27  26  26  26  26  25  24  24  24  23  23  23  23  23  23  22  21  21  20  20  20  20  19  19  19  18  18  18  18  19  19  19  20  20  20  20  19  19  19  19  19  19  19  19  18  19  20  21  21  21  22  22  22  23  23  23  22  22  21  21
2004  21  22  22  22  22  22  22  23  23  23  23  24  24  24  24  24  23  23  23  23  23  22  22  21  21  22  22  22  22  22  23  24  24  25  25  25  25  26  26  26  26  26  26  26  26  26  26  26  25  25  25  24  24  24  24  24  25  25  26  26
2005  26  26  26  25  25  25  25  25  24  24  23  23  22  21  21  21  21  21  21  21  21  21  22  23  23  23  23  23  24  23  23  23  23  23  23  23  23  23  23  24  23  23  24  24  24  24  24  24  23  23  23  23  23  23  23  23  23  23  23  23
2006  23  23  23  23  23  23  23  23  22  22  22  22  22  22  22  22  22  22  22  22  22  22  22  23  23  23  23  23  23  23  23  24  24  24  24  24  24  24  24  24  24  24  24  24  24  24  24  24  24  24  24  24  24  24  24  24  24  24  24  24
2007  24  24  24  24  24  24  24  24  24  24  23  23  23  23  23  22  22  22  22  22  22  22  22  22  22  22  22  22  22  22  22  22  22  22  22  22  22  23  23  23  23  23  23  23  23  23  23  23  23  23  23  23  23  23  23  23  23  23  23  23
2008  23  23  23  23  23  22  23  22  22  22  22  22  22  22  22  22  22  22  22  22  22  22  22  23  22  22  22  22  22  22  22  22  23  23  22  23  23  23  23  23  23  23  24  23  23  23  23  24  24  24  24  24  24  25  25  25  25  25  26  25
2009  25  25  25  25  25  25  25  25  26  25  25  25  25  26  26  26  26  26  26  26  26  26  27  26  26  27  27  28  28  28  28  28  28  28  28  29  29  29  29  29  31  31  32  33  34  34  35  35  35  35  35  36  37  39  41  43  42  41  43  43
2010  43  43  45  46  46  45  46  47  48  49  48  48  47  46  45  46  47  46  46  48  48  49  49  49  48  48  49  50  52  52  51  51  51  51  51  52  53  53  53  53  54 112 112 111 111 111 112 112 112 112 111 111 110 110 111 111 112 113 114 115
2011  49  48  48  49  50  52  52  51  51  51  51  51  52  53  53  53  53  54  55  55  55  55  55  55  55  54  55  56  57  58  58  59  59  61  62  64  64  65  64  63  62  63  63  63  64  64  65  66  67  67  68  69  69  69  68  68  67  68  68  69
2012  69  69  71  72  73  73  73  74  74  76  76  76  75  76  78  78  79  80  82  82  83  84  85  86  86  84  83  83  82  81  82  82  83  85  84  84  84  83  83  84  85  87  86  86  88  90  89  87  87  88  88  89  88  88  88  88  88  88  89  90
2013  90  91  91  90  90  91  90  90  90  91  90  91  93  94  95  96  96  97  96  95  95  95  95  95  94  95  96  96  96  97  98  97  97  99  98  97  98  99 100 101 102 102 103 101 103 105 106 104 104 105 104 104 106 108 109 107 106 107 108 108
2014 109 109 110 111 113 114 114 112 112 111 111 111 112 113 115 112 111 110 109 109 108 108 110 110 109 109 109 110 112 112 111 111 112 112 111 113 116 120 120 117 116 114 114 115 117 116 116 116 114 113 112 113 113 114 113 112 113 114 115 116
2015 116 116 118 118 119 118 116 115 115 115 115 116 116 116 116 117 118 118 118 119 119 119 117 116 116 117 117 116 115 115 115 116 116 117 119 120 121 120 118 118 118 119 119 118 118 118 117 117 117 117 116 118 118 118 117 116 116 116 118 118
2016 120 120 121 121 118 116 116 117 119 121 120 119 119 119 119 120 120 119 118 117 117 118 117 118 118 119 119 120 120 120 119 119 118 117 118 119 121 122 121 122 123 123 122 123 122 121 120 120 121 120 120 121 120 120 120 119 119 120 120 120
2017 118 118 118 119 119 119 119 119 120 119 119 119 118 119 119 119 119 119 119 118 118 118 118 118 118 118 116 116 116 116 116 116 116 116 115 115 115 115 115 115 115 114 114 114 114 114 114 114 113 113 113 113 113 112 112 112 111 111 111 111
2018 111 111 110 110 110 110 109 109 109 108 108 108 109 109 109 108 108 108 108 108 108 108 108 108 108 107 107 107 106 106 106 105 105 105 104 104 103 103 103 103 102 101 101 101 101 100  99  98  97  97  97  95  94  93  91  90  91  90  90  90
2019  90  90  90  90  89  88  88  88  90  91  91  91  92  93  93  93  93  93  94  94  94  94  95  95  95  95  94  94  94  94  94  94  95  94  94  94  94  94  94  94  93  93  93  93  93  92  92  92  92  91  91  91  89  88  86  86  87  87  88  88
2020  90  90  89  90  90  90  91  90  90  90  90  89  89  90  90  90  90  90  90  89  89  89  88  88  88  88  87  86  86  85  84  83  82  81  80  80  80  79  79  78  77  76  76  76  76  76  75  75  75  74  74  74  73  73  73  73  72  72  72  72
2021  72  72  71  71  71  71  71  70  70  70  70  69  69  69  68  68  68  67  67  67  67  67  66  66  66  66  66  66  65  65  65  65  65  65  65  65  65  66  67  68  68  68  68  68  68  68  67  67  67  67  67  67  67  67  66  67  67  67  67  68
2022  69  71  73  74  75  76  78  79  79  79  79  80  80  80  80  80  80  80  80  80  80  80  80  80  79  78  78  77  77  76  75  74  73  73  72  72  71  71  70  70  69  68  68  66  66  65  65  65  64  64  63  63  63  63  63  62  62  61  60  60
2023  59  59  58  58  57  57  57  57  56  56  55  55  54  54  54  54  53  53  52  51  51  51  50  49  49  48  48  48  48  49  49  51  51  52  52  53  53  52  52  51  50  50  49  48  48  47  47  47  46  46  47  47  48  48  48  48  48  47  47  46
2100  46  48  50  51  52  52  53  53  52  52  51  50  49  48  48  47  46  45  44  43  43  42  41  41  41  41  41  40  40  40  39  39  39  39  39  39  38  38  38  38  38  38  38  38  37  37  36  36  36  36  36  36  36  36  37  37  37  37  37  38
2101  38  38  38  38  38  38  38  38  38  38  37  36  36  36  36  37  37  37  37  37  37  37  38  38  39  39  39  40  40  40  40  40  40  39  39  39  39  39  39  40  40  40  40  40  40  40  40  40  40  40  40  40  40  40  40  40  41  41  41  41
2102  40  40  40  40  40  40  40  40  40  39  39  39  39  39  39  39  40  40  41  41  41  41  41  41  41  41  41  42  42  42  42  42  43  43  42  42  42  42  42  42  42  42  42  42  42  42  42  42  41  41  42  42  42  42  42  42  42  42  42  42
2103  42  42  41  41  41  41  40  40  40  40  40  40  40  40  39  39  39  39  39  39  39  39  39  39  39  38  38  38  38  38  37  37  38  38  38  38  38  38  39  39  39  40  39  40  40  40  40  40  40  39  39  38  38  38  39  39  39  39  39  39
2104  39  39  39  39  39  39  39  39  39  40  40  40  40  39  39  39  38  38  38  38  39  38  38  38  40  41  42  43  44  45  46  47  48  48  50  51  51  52  52  52  52  53  53  53  53  52  53  53  54  54  54  54  55  54  54  54  54  53  53  53
2105  53  53  53  53  52  52  52  51  51  50  49  48  46  46  45  45  44  44  45  45  45  46  46  46  46  46  46  46  46  46  46  46  46  47  47  48  48  47  46  45  43  42  40  39  38  38  37  37  37  37  38  37  37  37  38  38  38  37  37  37
2106  37  36  36  36  36  36  36  35  35  35  35  34  34  34  34  35  35  36  37  37  37  38  39  39  39  39  39  39  39  40  40  41  43  44  45  45  46  47  47  47  45  43  43  42  41  41  39  38  36  35  35  34  33  33  32  32  32  32  32  31
2107  31  31  32  32  31  31  31  31  31  31  30  30  30  30  30  31  31  32  32  32  33  33  33  33  32  32  32  32  32  32  31  32  32  32  32  32  32  32  31  31  32  33  34  34  34  35  35  34  34  34  34  34  34  34  34  33  34  34  33  33
2108  33  33  32  32  32  32  32  32  32  32  32  32  32  32  32  32  32  32  32  32  32  32  32  32  32  32  32  33  33  32  32  32  32  32  31  31  32  32  32  31  31  32  32  32  32  32  32  32  32  32  33  33  33  34  34  34  34  34  34  34
2109  34  34  34  34  34  34  34  34  35  35  36  36  37  37  37  37  37  38  38  39  39  39  40  41  41  41  42  42  43  43  44  44  45  45  45  46  46  46  47  47  47  48  48  49  49  50  50  51  51  51  51  52  52  52  52  53  53  53  53  53
2110  53  54  54  55  55  55  56  56  56  57  57  58  58  59  60  60  61  62  62  63  64  65  66  66  66  66  67  67  68  68  68  69  69  69  69  70  70  70  70  71  71  71  71  72  72  72  72  73  74  75  76  77  77  79  80  80  80  80  79  79
2111  79  79  79  79  80  80  81  82  83  82  82  82  83  84  84  86  87  88  87  86  86  87  87  87  88  89  90  89  88  88  89  89  88  88  88  89  90  91  92  93  92  92  92  92  91  92  92  93  93  93  93  94  94  93  92  92  92  92  93  93
2112  94  93  93  94  95  96  97  96  96  96  96  96  95  96  95  95  96  97  98  98  99 100 100  98 101  97  96  97  97  98  99  99  99 100 100 100 101 101 102 103 104 105 106 107 108 108 106 105 103 102 101 101 101 101 101 101 102 103 104 105
2113 106 107 108 107 108 109 109 107 106 105 104 104 103 102 103 104 105 107 108 109 112 115 115 114 114 115 114 113 113 114 116 118 117 116 116 115 116 115 115 115 114 115 116 117 116 115 114 114 114 114 114 114 113 114 114 116 117 119 120 122
2114 121 120 121 121 120 119 119 119 119 119 120 120 120 119 119 122 123 123 124 123 123 123 122 122 122 123 123 122 121 119 120 122 124 124 123 123 124 126 126 127 125 125 123 123 124 124 123 122 122 122 122 122 123 124 126 126 125 125 125 125
2115 125 125 124 122 122 122 122 121 121 123 123 124 123 123 125 125 124 124 123 124 125 124 123 123 124 124 124 123 123 125 126 127 128 129 128 127 126 126 127 126 126 127 127 127 128 128 129 128 126 125 124 124 125 125 125 125 126 127 127 127
2116 127 128 128 128 128 129 131 132 131 130 128 128 128 129 130 132 131 129 129 128 127 126 127 128 129 129 130 130 129 130 129 129 127 126 127 129 130 130 129  99 127 128 129 129 129 129 128 127 126 127 127 127 127 126 126 126 127 128 129 129
2117 130 131 130 129 129 128 128 128 128 126 125 124 123 122 121 121 122 122 122 123 123 123 122 122 122 122 122 122 123 122 122 122 122 122 122 122 122 122 123 123 123 123 123 123 124 124 124 124 124 124 124 124 124 124 123 123 123 122 122 121
2118 121 121 120 120 120 119 119 119 119 119 118 118 117 117 117 116 116 116 116 116 116 115 115 115 114 114 114 114 113 113 112 111 111 111 111 110 109 108 107 106 105 104 104 103 102 101 100  99  98  98  97  96  95  94  93  93  91  90  89  88
2119  87  86  85  84  83  82  81  81  80  80  80  79  78  77  76  75  74  73  72  72  71  71  70  70  70  69  68  69  69  68  67  67  67  67  66  65  65  64  63  62  62  61  60  60  60  60  61  61  61  61  60  59  59  58  57  57  58  58  59  60
2120  61  61  61  61  62  62  63  64  64  63  62  61  60  58  58  58  58  57  57  56  56  56  56  56  56  55  55  55  55  55  55  55  54  54  54  54  54  54  54  53  53  53  53  52  51  51  51  51  51  50  50  49  49  48  94  48  48  48  48  48
2121  48  48  48  48  48  48  48  48  48  48  47  47  46  46  45  44  44  43  43  43  43  43  43  43  43  43  43  43  42  42  42  42  42  42  42  42  42  42  42  41  42  42  43  43  43  43  42  42  42  42  42  42  42  41  41  41  41  41  41  41
2122  40  40  40  40  40  39  39  39  40  40  40  40  39  39  39  39  39  39  39  39  39  39  39  39  39  39  38  38  38  38  38  38  37  37  37  37  37  37  37  37  36  37  37  37  37  37  37  37  37  37  37  36  36  36  36  36  36  36  35  35
2123  35  35  35  35  34  34  34  34  34  34  34  34  33  33  32  32  32  33  33  33  33  33  33  32  32  32  32  32  32  32  32  33  32  32  32  32  32  32  31  31  32  32  32  32  32  32  32  32  32  32  32  32  33  33  33  32  32  32  32  31
2200  31  31  31  31  31  30  30  29  29  29  29  29  29  29  29  29  29  29  29  29  28  29  28  28  29  29  29  29  29  28  28  28  29  29  28  28  29  29  29  29  29  30  30  29  29  28  28  27  27  27  27  28  28  29  28  28  29  29  29  29
2201  29  29  29  28  27  26  26  27  27  83  26  26  26  26  26  26  26  26  26  27  29  29  29  29  29  30  29  29  29  30  30  30  30  29  28  28  27  26  26  25  25  25  24  24  24  24  24  24  23  23  23  22  22  21  21  21  20  20  20  20
2202  20  20  19  19  19  20  20  21  21  21  21  22  21  22  22  22  22  22  21  21  20  20  20  20  20  20  20  20  20  20  20  19  19  19  19  19  19  19  19  19  19  18  18  18  18  18  19  19  19  19  18  18  18  18  18  19  19  19  18  18
2203  18  18  18  17  17  17  17  17  18  18  17  16  16  16  15  15  15  15  15  15  16  16  16  16  16  16  16  16  16  16  16  16  16  17  17  17  17  17  17  17  16  16  16  15  15  15  15  15  14  14  13  13  14  14  14  15  15  15  15  14
2204  15  16  16  15  15  14  14  14  14  14  13  13  13  13  13  13  12  12  12  12  12  12  13  13  14  14  14  14  14  15  14  14  14  13  13  13  13  13  13  13  13  13  14  14  14  14  13  13  14  13  13  13  13  13  12  12  12  12  13  13
2205  13  13  13  12  12  12  12  12  12  12  12  12  11  11  11  11  11  11  11  11  11  12  12  11  83  11  11  12  12  13  13  12  12  11  11  12  11  11  11  10  10   9   9   8   8   7   7   7   8   8   8   8   7   7   7   8   8   9   9   9
2206   9   9   9   9  10  10  10  10  10   9   9   8   8   8   8   9   9   9   8   8   8   8   7   7   7   7   7   6   6   6   6   6   7   7   7   7   7   8   8   8   8   8   8   8   7   7   8   9   9   9   8   8   7   7   7   7   7   7   8   7
2207   7   7   8   8   7   7   7   7   6   6   5   5   5   5   4   4   3   3   3   4   5   6   6   6   6   5   5   5   6   6   6   6   6   5   5   5   5   5   5   4   4   4   3   3   3   3   2   2   2   3   3   5   5   5   5   5   5   5   5   5
2208   5   5   5   5   5   5   5   5   6   6   6   5   5   4   4   4   3   4   4   4   4   5   5   5   5   5   5   5   6   6   7   7   7   7   7   7   7   7   7   7   8   8   8   7   7   7   7   7   7   8   7   7   7   7   6   6   7   7   8   8
2209   8   9   9   9   9  10  11  11  11  12  12  12  12  12  13  13  13  13  14  14  14  15  16  17  18  18  19  19  19  20  20  21  22  23  24  24  25  25  26  27  27  28  28  29  30  31  32  34  36  38  39  39  41  45  45  47  48  50  52  55
2210  58  62  64  65  65  65  65  64  64  61  59  61  64  65  64  63  62  61  63  63  63  63  63  63  63  64  66  67  69  70  70  70  70  70  70  71  71  72  74  76  77  77  77  79  80  81  82  83  83  83  84  85  85  84  83  84  84  85  85  85
2211  84  84  83  83  83  83  83  83  84  84  84  84  84  84  85  86  86  87  88  90  90  90  89  90  89  89  90  91  91  93  93  91  92  92  91  90  90  90  90  89  89  89  90  90  91  92  94  95  97  99  99 100 101 100  98  97  96  97  99 100
2212 100  99  98  99 100  99  98  98  97  98  98  97  96  95  96  98  99 100 102 103 103 104 105 105 104 103 103 103 102 101 101 102 102 102 103 102 103 103 105 105 105 105 104 103 103 105 107 107 106 107 108 109 107 107 106 106 104 103 105 108
2213 109 110 108 107 107 108 109 112 113 114 114 113 113 111 110 109 108 108 109 110 111 113 114 113 111 111 111 111 111 111 112 112 112 114 116 117 118 119 122 122 121 121 120 121 122 121 122 122 122 121 122 121 118 117 118 118 118 118 119 118
2214 118 119 121 121 120 118 119 121 122 122 123 122 122 123 123 124 124 124 125 126 124 123 122 123 122 123 124 123 122 122 124 124 124 122 122 123 124 124 125 127 129 129 129 128 127 127 127 128 128 128 128 128 128 131 132 131 130 128 129 129
2215 129 130 131 132 132 132 130 128 129 130 131 130 130 130 129 129 129 129 130 128 127 127 127 128 128 127 129 129 128 129 130 131 131 132 131 130 128 127 126 127 128 128 130 131 131 132 132 131 130 129 130 129 129 130 131 132 133 134 135 136
2216 136 137 137 137 136 134 133 132 131 131 132 134 135 135 134 133 133 132 132 131 130 131 133 134 134 134 132 132 132 133 133 133 133 132 132 132 132 132 131 130 129 129 129 130 131 131 130 130 130 129 129 130 130 131 131 130 130 131 132 132
2217 132 132 130 129 129 129 129 130 130 130 130 129 129 129 129 129 129 128 128 127 127 126 126 126 125 125 125 125 125 125 125 126 127 128 128 128 128 128 128 127 127 127 126 126 125 125 125 124 124 123 123 123 123 123 122 122 123 123 123 124
2218 123 122 121 120 120 121 122 122 122 123 123 123 123 123 122 121 120 119 118 118 117 117 116 114 113 111 110 107 106 106 106 106 106 106 105 105 104 103 102 101 100  98  98  97  96  95  94  94  93  92  91  91  90  90  90  90  90  89  88  88
2219  87  86  85  84  84  83  82  81  81  81  80  80  79  78  78  77  76  76  75  75  75  75  76  75  75  75  75  75  75  75  75  76  76  75  75  75  74  74  74  73  73  73  72  72  71  71  70  70  70  70  69  69  69  69  69  69  68  68  67  67
2220  67  66  66  65  65  65  64  64  63  63  63  63  62  62  62  62  62  62  62  62  62  61  61  61  61  61  61  61  61  60  60  60  59  59  58  58  58  58  58  58  58  57  57  56  56  55  55  55  54  54  54  54  54  54  54  54  54  54  54  54
2221  54  54  53  53  53  54  54  54  55  55  55  54  54  54  54  54  54  53  53  53  52  52  53  54  54  55  55  54  54  54  54  54  54  53  53  53  53  52  52  51  50  50  49  49  49  49  48  48  48  48  48  48  48  48  48  48  47  47  47  46
2222  46  46  46  46  46  46  46  46  45  45  45  45  45  45  45  45  45  45  45  44  44  44  44  45  45  45  45  45  45  46  46  47  46  46  46  46  46  45  45  45  45  45  45  45  45  45  45  45  45  45  45  45  45  45  45  44  43  43  42  42
2223  42  42  42  41  41  41  41  41  42  42  42  42  42  41  41  41  41  40  40  40  40  41  41  40  40  40  40  40  40  40  40  40  40  39  39  39  39  39  38  38  38  38  38  38  38  38  38  39  39  39  39  38  38  38  38  37  37  36  36  37
2300  37  38  38  38  38  38  38  38  37  37  37  37  38  39  39  39  38  38  39  39  39  37  37  37  37  37  37  37  37  37  37  37  37  37  37  37  37  36  36  36  36  37  38  38  38  38  37  37  37  37  37  37  36  36  36  36  36  37  37  37
2301  37  36  36  36  36  36  36  36  36  37  37  38  39  39  39  39  39  39  38  38  37  37  37  37  37  36  36  35  35  35  35  34  34  35  34  35  35  34  34  34  33  33  33  32  33  33  33  34  34  34  35  35  35  35  35  36  37  37  37  36
2302  36  36  35  35  35  35  35  35  34  35  34  33  32  32  31  31  31  31  32  32  33  34  34  34  34  34  34  33  33  33  33  34  34  34  35  35  35  35  35  35  35  35  35  34  34  33  33  33  33  33  33  32  32  33  33  32  32  32  31  31
2303  31  31  31  32  32  32  32  32  32  32  32  32  31  31  31  31  31  30  30  32  31  30  30  30  30  29  28  28  28  29  30  31  30  28  28  27  28  28  27  27  27  27  26  27  28  28  29  29  29  29  29  29  29  29  29  29  29  29  30  30
2304  31  31  32  32  32  32  32  32  31  31  32  32  33  34  34  35  35  36  36  37  37  38  38  39  39  40  40  41  41  41  41  41  41  41  42  42  42  43  43  43  44  44  45  45  45  46  46  47  47  47  47  48  48  48  48  48  48  49  49  49
2305  49  49  49  49  50  50  50  51  51  51  51  51  52  52  52  52  52  52  51  51  51  52  52  52  52  52  52  53  53  53  53  53  53  54  54  54  54  54  54  55  55  55  55  56  55  56  56  56  56  56  56  56  56  57  56  56  56  56  56  56
2306  56  56  57  57  57  58  58  58  58  58  58  58  58  58  58  58  58  58  58  58  58  58  58  58  58  58  58  58  58  58  58  58  58  58  58  58  58  58  58  58  58  58  59  59  59  59  59  59  59  59  59  59  59  59  59  60  60  60  60  60
2307  60  61  61  62  62  62  62  62  62  62  61  61  61  61  61  61  61  61  61  61  61  61  60  60  60  60  60  60  60  60  60  60  60  60  60  60  60  61  61  61  61  61  61  61  61  61  61  61  61  61  61  61  61  61  61  61  61  61  61  62
2308  61  62  62  61  62  62  62  62  63  63  63  63  62  62  62  62  62  62  62  62  62  62  62  62  62  62  62  62  62  63  63  63  63  63  63  63  63  63  63  63  63  63  63  63  63  63  63  63  63  63  63  64  64  64  64  64  64  64  64  64
2309  64  64  64  64  64  64  64  65  65  65  66  66  66  66  67  67  67  67  68  68  68  68  68  68  68  68  68  69  69  69  69  69  69  69  69  69  69  69  69  70  70  70  71  71  71  71  71  71  71  72  72  72  73  73  73  74  74  74  75  74
2310  75  75  74  75  75  76  76  76  77  77  76  76  77  77  77  78  78  78  79  79  80  80  80  80  79  79  79  80  80  80  80  80  80  80  81  81  81  81  82  82  81  82  82  82  82  82  83  83  83  83  83  83  83  83  83  84  84  84  84  84
2311  84  84  84  85  85  85  85  85  85  86  86  86  86  86  86  86  86  86  86  86  87  87  88  87  87  88  88  88  87  87  88  88  88  89  89  89  89  90  89  89  90  90  90  90  90  90  90  91  91  91  92  92  93  93  92  92  92  92  92  92
2312  92  92  92  92  91  92  92  92  92  92  92  92  92  92  92  92  92  93  93  93  93  94  94  95  95  95  95  95  95  95  95  95  95  95  96  96  96  96  96  97  97  97  97  97  97  98  98  98  98  98  98  99 100 101 101 101 101 101 100 101
2313 101 101 101 101 102 101 100 100 101 101 101 102 101 101 101 102 102 102 102 102 103 103 103 103 102 103 103 103 103 103 104 106 107 108 108 108 107 106 106 106 106 105 106 106 106 107 107 107 108 109 108 107 108 109 109 109 110 111 109 108
2314 107 108 108 110 111 112 112 112 112 112 111 111 111 112 113 114 115 115 115 114 113 112 113 114 115 115 114 114 113 114 114 114 114 115 116 117 119 120 121 122 122 122 122 120 119 119 119 118 119 120 122 122 121 121 120 119 119 120 119 116
2315 115 116 118 120 123 123 124 124 124 125 125 122 122 121 120 120 121 121 120 120 121 121 121 121 121 122 123 123 124 123 122 123 123 123 122 123 123 122 121 122 122 121 122 122 122 123 123 123 124 125 126 127 126 125 124 124 124 124 123 123
2316 124 125 125 125 123 123 125 126 126 126 125 124 125 126 125 124 123 122 122 122 122 122 122 122 123 123 123 122 122 121 121 121 120 121 121 122 122 121 120 120 120 120 120 120 121 121 121 120 119 119 119 119 119 119 119 119 119 119 120 120
2317 120 119 119 119 118 118 118 118 118 118 118 118 118 117 117 116 116 116 116 116 116 115 115 116 115 115 116 116 116 116 116 116 116 116 116 116 117 117 117 118 118 118 118 118 118 119 119 120 120 120 120 120 120 120 120 120 120 120 120 120
2318 120 120 120 120 120 120 119 119 119 118 118 117 117 117 116 116 116 116 115 116 115 115 115 115 114 114 113 113 112 112 112 112 112 112 112 112 111 111 111 110 110 140 111 110 110 110 111 111 111 111 111 110 108 107 107 105 104 102 100  99
2319  99  98  98  97  97  96  95  94  93  93  92  91  90  90  88  88  87  86  86  85  85  85  84  84  83  83  82  81  81  80  80  80  80  79  79  79  79  79  79  78  78  78  77  77  77  77  77  77  77  76  76  76  76  76  76  76  76  76  76  76
2320  76  76  76  75  75  75  75  75  75  75  76  75  75  75  75  75  75  75  75  75  75  75  75  75  75  74  74  75  75  75  75  75  75  76  76  76  76  76  76  76  76  76  76  76  76  76  77  77  77  77  77  78  78  78  79  79  80  82  83  84
2321  85  87  87  87  86  86  86  85  85  86  86  86  86  85  86  86  86  86  86  85  84  84  84  83  83  82  81  81  81  82  81  80  79  79  79  79  78  78  77  77  76  76  76  76  75  75  74  74  73  73  73  72  72  72  72  72  72  72  72  72
2322  72  72  72  72  72  72  72  72  72  72  72  72  72  72  72  73  73  73  73  73  73  73  73  73  73  73  74  74  74  74  74  74  75  75  75  75  76  76  76  76  76  76  76  76  76  76  76  76  76  76  76  77  77  77  77  77 126  78  78  78
2323  78  78  79  79  79  79  79  79  79  79  79  79  79  79  79  79  79  80  80  79  79  79  79  79  79  80  80  80  79  80  80  79  79  80  80  80  80  80  80  80  80  80  80  80  80  81  81  81  81  81  81  81  80  80  80  81  81  81  81  81
2400  82  82  82  82  82  82  82  82  82  82  82  82  82  82  82  82  82  82  83  83  83  83  82  81  81  81  81  81  81  81  81  81  81  81  81  81  81  82  82  82  82  83  83  83  83  83  83  84  84  85  85  85  85  84  84  84  84  84  84  84
2401  84  85  85  85  86  85  85  84  85  84  84  84  83  83  84  84  84  84  84  84  84  84  84  84  84  84  84  84  83  83  84  84  84  85  85  85  84  84  83  83  83  83  83  82  82  82  82  82  82  82  81  81  81  81  81  81  81  81  82  82
2402  82  82  83  83  83  83  84  84  85  85  85  85  84  84  84  84  84  84  84  84  84  84  84  85  85  85  86  86  86  86  85  85  85  85  84  85  85  85  85  84  85  84  85  85  85  84  84  84  84  84  84  84  84  85  85  85  85  85  85  85
2403  85  85  85  85  85  85  84  84  84  84  84 114  84  84  84  83  83  82  81  82  82  81  81  81  81  81  81  81  81  81  81  81  80  80  80  80  80  80  81  82  82  83  83  83  83  83  83  84  84  84  84  84  84  84  84  85  85  86  86  86
2404  87  86  86  85  85  85  84  84  83  83  83  83  84  84  84  84  85  84  85  85  85  85  84  84  84  83  83  82  82  82  81  81  81  81  81  81  81  81  81  81  81  81  81  82  82  83  83  83  83  84  84  84  84  84  84  84  84  83  83  83
2405  83  83  83  84  84  83  83  83  83  83  84  83  83  83  83  82  82  82  82  82  82  83  83  83  83  83  83  83  84  84  85  85  85  85  85  84  84  85  85  85  85  85  85  85  85  85  84  84  84  84  84  84  85  86  86  87  87  87  88  87
2406  88  88  88  88  88  88  88  88  88  88  87  88  88  88  88  87  87  87  87  87  86  86  86  86  86  86  86  86  86  86  86  86  86  86  86  86  86  86  86  86  86  86  86  86  85  85  85  85  85  85  84  84  84  84  84  84  84  84  84  84
2407  84  84  83  83  82  82  82  82  82  82  82  82  82  83  83  83  83  83  82  82  82  81  82  82  82  82 111  82  82  82  82  82  81  81  81  80  80  80  80  80  80  80  80  80  80  80  80  80  80  80  80  80  80  80  80  80  80  80  80  80
2408  80  80  81  81  81  81  81  80  80  80  80  81  81  81  81  80  81  81  81  81  81  81  81  81  81  81  80  80  80  80  81  81  81  81  81  81  81  82  82  82  82  83  83  83  83  83  82  82  82  82  82  82  82  82  82  82  82  82  81  81
2409  81  81  82  82  82  82  82  82  82  82  82  82  82  82  82  82  82  82  82  82  82  82  82  83  83  83  83  83  83  83  83  83  83  83  83  83  83  83  84  84  84  84  84  84  84  84  84  84  84  84  84  84  84  84  84  84  84  84  84  85
2410  85  85  85  85  85  86  86  85  85  85  85  85  86  86  86  86  87  87  87  87  88  88  88  88  88  88  88  88  88  89  89  89  89  90  90  90  90  90  90  90  90  90  90  91  91  91  91  91  91  92  92  92  92  92  92  92  93  93  93  93
2411  93  93  93  93  93  92  93  93  93  93  93  93  93  93  93  93  93  93  93  93  93  93  94  94  94  94  94  95  95  95  94  95  94  95  95  95  95  95  95  95  95  95  95  95  95  95  95  96  96  96  96  96  96  96  96  96  96  96  96  96
2412  96  96  97  97  97  97  96  96  97  97  97  97  97  98  98  98  98  98  98  98  98  98  98  98  98  99  99  99  99  99  99  99  99  99  99  99  99  99 100 100 100 101 101 101 101 101 101 101 101 101 101 101 101 101 102 102 102 101 101 101
2413 101 101 101 101 101 101 101 101 101 102 102 102 102 102 102 102 102 102 102 102 102 102 102 101 102 102 102 102 103 103 103 103 104 103 103 103 103 103 103 103 103 103 103 103 103 103 103 103 103 103 103 103 103 103 103 103 103 103 103 103
2414 104 104 104 104 105 105 105 105 105 106 106 106 106 106 106 106 107 107 107 107 106 106 105 105 105 105 105 106 106 107 107 106 107 107 106 106 106 106 106 106 106 106 107 107 108 108 107 107 108 108 108 108 108 107 107 107 107 108 108 108
2415 108 108 108 108 108 108 108 108 108 109 109 109 109 109 110 109 109 109 109 109 109 109 109 110 110 110 110 110 111 111 111 111 111 111 111 110 110 110 110 111 111 111 111 111 111 111 112 112 112 111 111 111 111 111 112 112 112 112 111 111
2416 111 111 111 111 112 112 112 112 112 113 113 114 114 114 115 115 115 115 115 114 114 114 114 114 114 113 113 113 113 113 113 113 114 114 113 113 113 114 114 114 114 114 114 114 114 114 115 115 114 115 114 114 114 114 115 115 115 115 115 114
2417 115 115 115 115 115 115 115 115 115 115 115 115 116 116 116 115 115 115 115 115 115 115 115 116 116 116 115 114 114 114 114 114 114 114 113 113 113 113 113 113 112 112 112 111 112 112 111 111 111 111 111 111 110 110 110 110 110 110 110 110
2418 109 109 109 109 108 108 108 108 108 108 107 107 107 107 106 106 106 106 106 106 105 105 105 105 105 104 104 104 103 103 103 103 103 102 102 102 102 101 101 101 100 100 100 100  99  99  98  98  98  98  98  97  97  97  97  96  96  96  95  95
2419  95  95  94  94  93  93  92  91  91  90  89  89  89  89  91  92  91  91  90  90  89  89  88  87  86  85  85  84  84  83  82  83  81  81  80  80  79  78  77  77  77  76  75  74  74  74  74  74  73  72  72  72  71  71  71  70  69  69  69  69
2420  69  68  69  70  69  68  68  68  68  67  67  67  67  67  67  66  66  65  65  65  65  65  64  63  63  63  63  64  63  63  63  63  63  63  63  62  62  62  61  61  61  61  61  61  60  60  60  59  59  59  59  59  59  59  58  58  58  58  58  58
2421  58  58  58  57  58  57  58  58  58  58  58  59  60  60  60  60  60  60  60  60  61  61  62  63  63  63  63  63  63  63  62  62  61  61  61  60  60  60  60  60  59  59  59  59  59  59  59  59  59  59  59  60  60  60  60  60  60  60  60  61
2422  61  63  63  63  64  65  64  64  65  64  64  64  64  64  63  62  61  61  61  61  60  61  62  63  65  66  65  65  64  63  62  62  63  64  65  67  68  70  71  71  71  69  69  68  68  68  67  66  65  63  62  61  61  60  59  59  58  58  58  59
2423  59  58  57  57  57  56  56  56  55  54  54  54  54  54  54  54  54  53  53  52  52  52  52  53  53  53  53  53  52  52  52  52  52  52  52  52  51  51  50  50  50  50  51  51  51  51  52  52  52  51  51  51  51  51  51  51  51  51  51  51
2500  51  50  50  49  49  50  50  50  50  50  50  50  50  50  49  49  50  49  49  49  49  49  50  50  50  49  49  48  47  46  45  45  45  45  45  45  46  46  47  48  47  48  48  47  47  47  47  48  47  47  47  46  46  46  47  47  48  48  48  49
2501  49  49  50  51  51  51  50  50  50  50  49  49  49  49  49  49  49  48  48  48  48  48  48  48  48  48  48  47  47  47  47  47  47  47  47  46  46  45  46  46  47  48  47  47  47  48  49  50  50  51  52  52  52  52  52  52  50  49  49  48
2502  47  47  47  47  48  49  50  51  52  51  50  49  48  47  47  47  46  46  46  46  46  47  48  49  49  50  51  52  52  53  53  54  54  54  54  55  55  56  56  56  56  57  57  57  58  58  58  58  58  58  58  58  58  58  58  58  58  58  58  58
2503  58  58  58  58  58  58  58  58  58  59  59  59  58  57  57  57  57  56  55  54  53  52  52  51  51  49  49  48  48  48  47  47  47  48  47  47  46  45  45  45  44  44  43  42  42  42  42  43  44  43  43  43  43  43  43  43  43  43  43  42
2504  43  43  43  43  42  42  42  42  42  42  42  42  41  41  40  41  42  43  44  44  44  44  43  43  41  41  41  40  39  38  38  37  37  37  37  37  37  37  37  37  38  38  38  38  39  38  38  37  37  37  38  38  38  37  37  37  37  37  38  38
2505  39  39  39  39  38  38  37  37  37  37  37  37  37  37  37  37  36  37  37  38  38  37  37  37  37  37  37  37  37  37  37  37  37  36  36  35  35  35  35  35  36  36  36  36  36  36  36  37  38  38  37  37  37  37  37  37  37  37  37  37
2506  36  36  36  35  35  36  37  38  38  38  38  38  38  38  38  38  38  38  38  38  37  38  38  38  38  38  38  38  38  38  38  39  39  39  39  38  38  38  38  38  37  38  38  38  38  37  37  37  37  37  37  37  37  37  38  37  37  37  37  37
2507  38  37  37  37  36  36  36  36  37  37  37  38  38  38  39  39  39  39  39  39  38  38  38  38  39  39  39  39  39  39  38  39  39  39  39  39  39  38  38  39  40  40  40  40  40  40  40  40  40  41  41  41  42  42  42  42  42  42  42  42
2508  42  41  41  41  40  40  40  40  40  40  40  40  40  40  41  41  41  41  41  41  41  41  42  42  42  42  42  42  42  42  42  43  43  43  43  43  43  43  43  43  44  44  44  44  44  44  45  45  45  45  45  45  45  45  46  46  46  46  46  46
2509  46  45  45  45  45  45  45  45  45  45  45  45  45  45  45  45  45  45  46  46  46  46  46  46  46  47  47  47  47  47  47  47  47  47  47  47  47  47  48  48  48  49  49  49  49  49  50  50  50  50  50  50  50  51  51  51  51  52  52  52
2510  52  53  53  53  53  53  53  54  54  54  54  54  54  54  54  53  53  53  53  54  54  54  54  54  55  54  54  54  54  55  55  56  56  56  56  56  55  55  55  54  54  54  54  55  55  55  56  56  56  56  55  55  55  56  57  57  57  58  59  59
2511  60  60  60  60  60  60  60  60  60  60  60  60  61  62  63  63  63  63  62  62  61  61  61  61  61  61  61  61  61  61  61  61  61  62  62  63  63  63  64  65  65  65  65  66  67  67  67  67  68  69  69  70  70  71  72  74  74  75  75  73
2512  75  77  76  77  80  80  80  81  83  85  86  86  88  89  90  89  86  86  86  86  87  87  89  90  90  91  92  93  92  93  95  96  96  96  96  96  97  98  99  99  98  99 100 101 102 103 104 105 105 105 104 105 106 107 109 109 109 108 107 107
2513 106 106 106 106 107 107 108 109 110 110 111 111 110 111 111 110 111 111 112 114 116 117 118 119 120 121 123 123 123 123 123 123 122 122 121 121 120 119 119 120 122 124 126 127 126 126 127 127 128 128 128 130 130 129 128 127 127 127 127 127
2514 127 127 128 128 129 129 131 132 132 131 130 129 129 130 130 131 131 130 129 129 130 131 132 133 134 135 134 134 134 132 132 130 130 131 132 133 133 134 132 131 130 130 131 132 133 134 135 136 137 138 139 138 137 139 140 140 138 137 137 137
2515 137 136 136 136 136 136 136 136 136 137 139 139 139 139 138 138 139 140 140 140 140 141 141 142 141 139 138 138 138 137 137 136 136 136 136 136 136 136 136 137 138 140 142 143 144 145 147 147 146 145 144 143 143 143 143 143 143 144 144 145
2516 146 146 146 144 143 143 143 142 142 142 142 141 142 142 142 143 143 145 145 143 142 141 142 142 142 143 144 144 144 144 144 144 144 144 143 143 144 145 147 147 146 147 148 148 148 147 145 144 143 142 142 142 142 142 141 141 140 140 140 139
2517 139 139 139 139 139 139 139 139 138 139 139 139 139 139 138 138 139 139 139 138 138 138 138 139 139 139 139 138 138 138 138 137 137 137 137 137 136 136 136 136 136 136 136 136 137 137 137 137 137 137 137 137 137 137 137 136 136 136 136 136
2518 136 136 136 136 136 136 136 136 136 136 136 136 136 136 135 135 135 135 135 134 134 134 134 134 134 134 134 134 133 132 132 132 131 131 130 129 128 127 126 126 125 124 123 123 122 122 123 123 124 124 124 125 126 126 126 126 126 126 126 126
2519 125 125 125 124 124 124 124 123 122 122 121 122 122 122 122 122 122 122 122 122 122 122 122 122 122 122 121 121 121 121 121 120 120 120 120 120 120 119 119 119 119 119 119 119 119 119 119 119 119 119 118 118 118 118 118 118 118 118 117 117
2520 117 117 117 117 117 117 117 117 117 117 116 116 116 116 115 115 115 114 114 114 114 114 114 114 114 114 114 113 113 113 112 112 112 112 112 112 112 111 112 112 112 112 112 122 112 112 111 111 111 111 111 112 112 112 112 113 113 112 112 112
2521 112 112 112 112 112 111 111 112 112 112 112 111 111 111 111 111 111 112 112 112 112 112 112 112 112 112 112 112 112 113 113 113 113 113 113 112 112 112 112 112 112 112 112 112 112 112 112 112 112 111 112 112 112 113 113 113 113 112 112 113
2522 112 112 112 111 111 111 111 111 111 111 111 111 111 111 111 111 111 111 111 111 111 111 111 111 111 111 111 110 110 110 110 110 110 109 109 109 109 109 109 109 109 109 109 109 109 109 108 108 108 108 107 107 107 106 105 105 105 105 105 106
2523 106 106 107 107 107 107 107 108 108 108 108 108 108 108 108 108 108 108 108 108 108 108 108 108 108 108 108 107 107 107 106 106 106 106 106 106 106 106 106 106 105 105 105 105 104 104 104 104 104 104 104 103 103 102 101 101 101 101 102 102
2600 102 102 102 101 101 100 100 100 100 100 101 101 101 101 101 101 101 101 101 101 101 102 102 102 102 102 102 102 103 103 103 103 103 103 104 104 104 104 104 104 104 104 104 104 104 104 104 104 104 104 104 104 104 103 103 103 103 103 108////
2601////////////////////////////////////////////////////////////////////////////////////////////////////////////////////////////////////////////////////////////////////////////////////////////////////////////////////////////////////////////////
2602////////////////////////////////////////////////////////////////////////////////////////////////////////////////////////////////////////////////////////////////////////////////////////////////////////////////////////////////////////////////
2603////////////////////////////////////////////////////////////////////////////////////////////////////////////////////////////////////////////////////////////////////////////////////////////////////////////////////////////////////////////////
2604////////////////////////////////////////////////////////////////////////////////////////////////////////////////////////////////////////////////////////////////////////////////////////////////////////////////////////////////////////////////
2605////////////////////////////////////////////////////////////////////////////////////////////////////////////////////////////////////////////////////////////////////////////////////////////////////////////////////////////////////////////////
2606////////////////////////////////////////////////////////////////////////////////////////////////////////////////////////////////////////////////////////////////////////////////////////////////////////////////////////////////////////////////
2607////////////////////////////////////////////////////////////////////////////////////////////////////////////////////////////////////////////////////////////////////////////////////////////////////////////////////////////////////////////////
2608////////////////////////////////////////////////////////////////////////////////////////////////////////////////////////////////////////////////////////////////////////////////////////////////////////////////////////////////////////////////
2609////////////////////////////////////////////////////////////////////////////////////////////////////////////////////////////////////////////////////////////////////////////////////////////////////////////////////////////////////////////////
2610//////////////////////////////////// 104 104 104 104 104 104 104 104 104 104 104 104 104 104 104 104 104 104 104////////////////////////////////////////////////////////////////////////////////////////////////////////////////////////////////
2611 104 104 104 104 104 104 104 104 104 104 104 104 104 104 104 104 104 104 104 105 104 105 105 105 105 105 105 105 105 105 105 105 105 105 106 106 106 106 106 106 106 106 106 106 106 106 106 106 106 106 106 106 106 105 105 105 105 105 105 105
2612 105 105 105 105 105 105 105 105 105 105 105 105 105 105 105 105 105 105 105 105 105 105 105 105 105 105 105 105 105 105 105 105 106 106 106 106 106 106 106 106 106 106 107 107 107 107 107 107 107 107 107 107 107 107 107 107 107 107 107 107
2613 107 108 108 108 108 108 108 108 108 108 108 108 108 108 108 108 108 108 108 108 109 109 108 108 108 109 109 109 109 109 110 110 110 110 110 110 110 109 109 109 109 109 109 109 109 109 109 109 109 109 109 109 109 110 110 110 110 110 110 110
2614 110 109 110 109 109 109 109 109 109 109 109 109 109 109 109 109 109 109 109 109 109 109 109 109 109 110 110 110 110 110 110 110 110 110 110 110 110 110 110 111 111 111 111 111 111 111 111 112 112 112 112 112 112 112 112 112 113 113 113 113
2615 112 112 112 112 112 113 113 113 113 113 113 113 113 113 113 113 113 113 113 113 113 113 113 113 113 113 113 113 112 113 113 113 113 113 113 113 113 113 113 113 113 113 113 113 113 113 113 113 113 113 113 113 113 113 113 113 113 113 114 114
2616 114 113 113 113 113 113 114 114 114 114 114 114 113 113 113 113 113 113 113 113 113 113 113 113 113 113 113 113 113 113 113 113 113 113 113 113 113 113 113 113 113 113 113 113 113 113 113 113 113 113 113 113 113 113 113 113 113 113 113 113
2617 113 113 113 113 113 113 113 113 113 113 113 113 113 112 112 112 112 112 112 112 112 112 112 112 112 112 112 112 112 112 112 112 112 112 112 112 113 113 113 113 113 113 113 113 113 113 113 113 112 112 112 112 112 112 112 111 111 111 111 111
2618 111 111 111 111 111 111 111 111 111 111 110 110 110 109 109 109 109 109 109 108 108 107 107 107 107 107 107 107 106 106 105 105 105 104 104 105 105 105 106 106 106 107 106 106 107 107 107 106 106 106 106 106 106 106 106 106 106 106 106 106
2619 107 107 107 107 107 106 105 104 104 103 104 105 105 105 105 105 105 106 106 106 106 106 105 105 105 105 104 104 104 104 104 103 103 103 103 103 103 103 103 103 103 103 103 103 102 102 102 101 101 101 101 101 101 101 101 101 101 101 101 101
2620 101 102 102 102 102 102 102 102 102 102 102 102 102 102 102 102 102 102 102 102 102 102 102 102 101 102 101 101 101 101 101 101 101 101 101 101 101 101 101 101 101 101 101 101 101 101 101 101 101 101 101 101 101 101 101 101 101 102 102 102
2621 102 101 101 101 101 101 102 102 102 102 101 101 102 102 102 102 102 102 102 102 102 101 101 101 101 100 100 100 100 100 100 100 100 100 100  99 100  99  99 100 100 100 100 100 100 100 100 100 100 100 100 100 100 100 100 100 100 100 101 100
2622 100 100 100 100 100 100 100 100 100 100 100 100 100 100 100 100  99 100  99  99  99  99  99  99  99  99  99  99  99  99  99  99 100 100 100 100 100 100 100 100 100 100 100 100 100 100 100 100 100 100 100 100 100 100 100 100 100 100 100 100
2623 100 100 100 100 100 100  99  99  99  99  99  99  99  99  99  99  99  99  99  99  99  99  99  99  99  99  99  99  99  99  99  99  99  99  99  99  99  99  99  99  99  99  99  99  99  99  99  99  99  99  99  99  99  99  99  99  99  99  99  99
2700  99  99  99  99  99 100 100 100 100 100 101 101 101 101 101 101 101 100 100 100 100 100 100 100 100  99  99  99  99  99  99  99  99  99  99  99  99  99  99  99  99  99  99  99  99  99  99  99  99  99  99 100 100 100 100 100 100 100 100 100
2701 100 100 100 101 101 101 101 101 101 101 101 101 101 101 101 101 101 101 101 102 102 103 103 104 104 104 105 105 105 105 106 106 106 105 105 105 105 105 105 105 105 105 104 105 104 104 104 103 104 103 104 103 103 103 103 103 103 102 102 102
2702 102 102 102 101 101 101 101 101 101 101 101 101 101 101 101 102 102 102 102 102 102 102 102 101 101 101 101 101 101 100 100 100 100 100 100 100 100 100 100 100 100  99  99  99  99  99  99  99  99  98  98  98  98  98  98  98  98  98  98  98
2703  98  98  98  99  99  99  99  99  99  99  99  99  99  99  99  99  99  99  99  99  99  99  99  99  98  98  98  98  98  98  98  98  98  98  98  98  98  98  98  98  98  98  98  98  98  98  98  98  99  99  99  99  99  99  99  99  99  99  99  99
2704  99  99  99  98  98  98  98  98  98  98  98  98  98  97  97  97  97  97  97  97  97  97  97  97  97  97  97  97  96  96  96  96  97  97  96  96  96  96  96  96  96  96  96  96  96  96  96  96  96  96  96  96  96  96  96  96  96  96  96  96
2705  96  96  96  96  96  96  96  96  96  96  96  95  95  95  95  95  95  95  95  95  95  95  95  95  95  95  95  95  95  95  95  95  95  95  95  96  96  96  96  96  96  96  96  96  96  97  97  97  97  97  97  97  97  97  97  97  97  97  98  98
2706  98  99  99 100 100 100 101 101 100 100 100 100 100 100 100 100 100  99  99  99  99  99  99  99  98  98  98  98  98  98  98  99  99  99  99  99  99  99  99  99  99  98  98  98  98  99  99  99  99  99  99  99  98  98  98  98  98  98  98  98
2707  98  98  98  99  98  98  98  98  98  98  98  97  97  97  97  97  97  97  97  97  97  97  97  97  97  97  97  97  96  96  97  96  96  96  96  96  96  96  96  96  96  96  96  96  96  96  96  96  96  96  96  96  96  96  96  96  96  96  96  96
2708  96  96  96  96  96  95  96  95  95  95  95  95  95  95  95  95  95  95  95  95  95  95  94  95  95  94  94  95  95  95  95  95  95  95  95  95  95  95  95  95  95  95  96  96  97  97  97  97  97  97  98  98  98  98  98  98  98  98  98  99
2709  99  98  98  98  98  98  98  98  98  98  98  98  98  98  98  98  98  97  97  97  97  97  97  97  97  97  97  97  97  97  97  97  97  97  97  97  97  97  97  97  97  97  97  97  97  97  97  97  97  98  98  98  98  99  99  99  99  99  99  99
2710  99 100 100 100 100 100 100 100 100 100 100 100 100 100 100 100 100 100 101 101 101 101 101 101 101 101 101 101 101 102 102 102 102 102 102 103 103 103 103 103 103 104 103 103 103 103 103 104 104 104 103 103 104 103 104 104 104 105 105 105
2711 106 105 105 105 105 105 106 106 106 106 106 106 106 106 106 107 107 107 107 107 107 107 107 107 107 107 107 107 108 108 108 108 108 108 108 108 108 108 108 108 108 108 108 108 108 108 108 108 108 108 108 108 108 108 108 108 108 108 108 108
2712 108 108 108 108 108 108 109 108 108 108 109 109 109 109 109 108 108 108 108 108 108 108 108 108 107 107 107 107 107 107 107 107 107 107 107 107 107 107 107 107 107 107 107 107 107 107 107 107 107 107 107 107 107 107 107 107 107 107 107 107
2713 107 106 106 107 106 106 107 106 106 106 106 106 105 106 105 105 105 105 106 106 105 105 105 106 106 106 106 106 106 105 106 106 106 105 106 106 106 106 106 106 106 107 107 107 107 107 107 107 107 107 107 107 107 107 107 107 107 107 107 107
2714 107 107 108 108 108 108 108 108 108 108 109 109 108 108 108 108 108 108 107 108 107 107 107 107 107 107 107 107 107 107 107 107 107 107 107 107 106 107 106 107 107 107 107 106 107 106 107 107 107 107 107 107 107 107 107 107 107 107 107 107
2715 107 107 107 107 107 107 106 106 107 107 107 107 107 107 107 107 107 107 107 107 107 107 107 107 108 108 107 107 107 108 107 108 108 108 107 107 108 107 108 108 107 107 107 107 107 107 107 107 107 107 107 107 107 107 107 107 107 107 107 107
2716 107 107 107 107 107 107 106 106 106 106 106 106 106 106 106 106 106 106 106 106 106 105 106 105 105 105 105 105 106 106 106 105 105 105 105 105 105 105 105 105 105 105 104 104 104 104 104 104 104 104 104 104 104 104 104 104 104 104 104 104
2717 104 104 104 104 104 104 104 104 104 104 104 104 104 104 104 104 103 103 103 103 103 103 103 103 103 103 102 102 102 102 102 102 102 102 102 102 102 102 102 102 102 102 102 102 102 102 102 102 102 102 102 102 102 102 102 102 102 102 102 102
2718 102 102 102 102 102 102 102 102 102 102 102 102 102 102 102 102 102 102 102 102 102 102 102 102 102 102 102 102 102 102 102 102 102 102 102 102 102 102 102 102 102 101 101 101 101 101 101 101 101 101 101 101 101 101 101 101 101 101 101 101
2719 101 101 101 101 101 101 101 101 101 101 101 100 100 100 100 100 100 100 100 100 100 100 100 100 100 100 100 100 100 100 100  99  99  99  99  99  99  99  99  99  99  99  99  99  99  99 124  99  99  99  99  98  98  98  98  98  98  98  98  98
2720  98  98  98  98  98  98  98  98  98  98  98  98  98  98  98  98  98  98  98  98  98  98  98  98  98  98  98  98  98  98  98  98  98  98  98  98  98  98  98  98  98  98  98  98  98  98  98  98  98  98  98  98  98  98  98  98  98  98  98  97
2721  97  97  97  97  97  97  97  97  97  97  97  97  97  97  97  97  97  97  97  97  97  97  97  97  97  97  97  97  97  97  97  97  97  97  97  97  97  97  97  97  97  97  97  97  97  97  97  97  97  97  97  97  97  97  97  97  97  97  97  97
2722  97  97  97  97  97  97  97  97  97  97  97  97  97  97  97  97  97  97  97  97  97  97  98  98  98  98  98  98  98  98  98  98  98  98  98  98  98  98  98  98  98  98  98  98  98  98  98  98  98  98  98  98  98  98  98  98  98  98  98  98
2723  98  98  98  98  98  98  98  98  98  98  98  98  98  98  98  98  98  98  98  98  98  98  98  98  98  98  98  98  98  98  98  98  98  98  98  98  98  98  98  98  98  98  98  98  97  97  97  97  98  98  97  97  97  97  97  97  97  97  97  97
2800  97 102  97  97  97  97  97  97  97  97  97  97  97  97  97  97  97  97  97  97  97  97  97  97  97  97  97  97  97  97  97  97  97  97  97  97  97  97  97  97  97  97  97  97  97  97  97  97  97  97  97  97  97  97  97  97  97  97  97  97
2801  97  97  97  97  97  97  97  97  97  97  97  97  97  97  97  97  97  97  97  97  97  97  97  97  97  97  97  97  97  97  97  97  97  96  96  96  96  96  96  96  96  96  96  96  96  96  96  96  96  96  96  96  96  96  96  96  96  96  96  95
2802010101010101010101010101010101010101010101010101010101010101010101010101010101010101010101010101010101010101010101010101010101010101010101010101010101010101010101010101010101010101010101010101010101010101010101010101010101010101010101010101
2803010101010101010101010101010101010101010101010101010101010101010101010101010101010101010101010101010101010101010101010101010101010101010101010101010101010101010101010101010101010101010101010101010101010101010101010101010101010101010101010101
2804010101010101010101010101010101010101010101010101010101010101010101010101010101010101010101010101010101010101010101010101010101010101010101010101010101010101010101010101010101010101010101010101010101010101010101010101010101010101010101010101
2805010101010101010101010101010101010101010101010101010101010101010101010101010101010101010101010101010101010101010101010101010101010101010101010101010101010101010101010101010101010101010101010101010101010101010101010101010101010101010101010101
2806010101010101010101010101010101010101010101010101010101010101010101010101010101010101010101010101010101010101010101010101010101010101010101010101010101010101010101010101010101010101010101010101010101010101010101010101010101010101010101010101
2807010101010101010101010101010101010101010101010101010101010101010101010101010101010101010101010101010101010101010101010101010101010101010101010101010101010101010101010101010101010101010101010101010101010101010101010101010101010101010101010101
2808010101010101010101010101010101010101010101010101010101010101010101010101010101010101010101010101010101010101010101010101010101010101010101010101010101010101010101010101010101010101010101010101010101010101010101010101010101010101010101010101
2809010101010101010101010101010101010101010101010101010101010101010101010101010101010101010101010101010101010101010101010101010101010101010101010101010101010101010101010101010101010101010101010101010101010101010101010101010101010101010101010101
2810010101010101010101010101010101010101010101010101010101010101010101010101010101010101010101010101010101010101010101010101010101010101010101010101010101010101010101010101010101010101010101010101010101010101010101010101010101010101010101010101
2811010101010101010101010101010101010101010101010101010101010101010101010101010101010101010101010101010101010101010101010101010101010101010101010101010101010101010101010101010101010101010101010101010101010101010101010101010101010101010101010101
2812010101010101010101010101010101010101010101010101010101010101010101010101010101010101010101010101010101010101010101010101010101010101010101010101010101010101010101010101010101010101010101010101010101010101010101010101010101010101010101010101
2813010101010101010101010101010101010101010101010101010101010101010101010101010101010101010101010101010101010101010101010101010101010101010101010101010101010101010101010101010101010101010101010101010101010101010101010101010101010101010101010101
2814010101010101010101010101010101010101010101010101010101010101010101010101010101010101010101010101010101010101010101010101010101010101010101010101010101010101010101010101010101010101010101010101010101010101010101010101010101010101010101010101
2815010101010101010101010101010101010101010101010101010101010101010101010101010101010101010101010101010101010101010101010101010101010101010101010101010101010101010101010101010101010101010101010101010101010101010101010101010101010101010101010101
2816010101010101010101010101010101010101010101010101010101010101010101010101010101010101010101010101010101010101010101010101010101010101010101010101010101010101010101010101010101010101010101010101010101010101010101010101010101010101010101010101
2817010101010101010101010101010101010101010101010101010101010101010101010101010101010101010101010101010101010101010101010101010101010101010101010101010101010101010101010101010101010101010101010101010101010101010101010101010101010101010101010101
2818010101010101010101010101010101010101010101010101010101010101010101010101010101010101010101010101010101010101010101010101010101010101010101010101010101010101010101010101010101010101010101010101010101010101010101010101010101010101010101010101
2819010101010101010101010101010101010101010101010101010101010101010101010101010101010101010101010101010101010101010101010101010101010101010101010101010101010101010101010101010101010101010101010101010101010101010101010101010101010101010101010101
2820010101010101010101010101010101010101010101010101010101010101010101010101010101010101010101010101010101010101010101010101010101010101010101010101010101010101010101010101010101010101010101010101010101010101010101010101010101010101010101010101
2821010101010101010101010101010101010101010101010101010101010101010101010101010101010101010101010101010101010101010101010101010101010101010101010101010101010101010101010101010101010101010101010101010101010101010101010101010101010101010101010101
2822010101010101010101010101010101010101010101010101010101010101010101010101010101010101010101010101010101010101010101010101010101010101010101010101010101010101010101010101010101010101010101010101010101010101010101010101010101010101010101010101
2823010101010101010101010101010101010101010101010101010101010101010101010101010101010101010101010101010101010101010101010101010101010101010101010101010101010101010101010101010101010101010101010101010101010101010101010101010101010101010101010101
2900  79  79  78  78  77  77  77  77  77  77  77  77  77  77  77  77  77  76  76  76  76  76  76  76  76  77  77  77  76  76  76  76  76  76  76  76  77  77  77  77  77  77  76  76  76  75  75  75  76  75  75  75  75  75  76  76  76  76  76  77
2901------------------------------------------------------------------------------------------------------------------------------------------------------------------------------------------------------------------------------------------------
2902------------------------------------------------------------------------------------------------------------------------------------------------------------------------------------------------------------------------------------------------
2903------------------------------------------------------------------------------------------------------------------------------------------------------------------------------------------------------------------------------------------------
2904------------------------------------------------------------------------------------------------------------------------------------------------------------------------------------------------------------------------------------------------
2905------------------------------------------------------------------------------------------------------------------------------------------------------------------------------------------------------------------------------------------------
2906------------------------------------------------------------------------------------------------------------------------------------------------------------------------------------------------------------------------------------------------
2907------------------------------------------------------------------------------------------------------------------------------------------------------------------------------------------------------------------------------------------------
2908------------------------------------------------------------------------------------------------------------------------------------------------------------------------------------------------------------------------------------------------
2909------------------------------------------------------------------------------------------------------------------------------------------------------------------------------------------------------------------------------------------------
2910------------------------------------------------------------------------------------------------------------------------------------------------------------------------------------------------------------------------------------------------
2911------------------------------------------------------------------------------------------------------------------------------------------------------------------------------------------------------------------------------------------------
2912------------------------------------------------------------------------------------------------------------------------------------------------------------------------------------------------------------------------------------------------
2913------------------------------------------------------------------------------------------------------------------------------------------------------------------------------------------------------------------------------------------------
2914------------------------------------------------------------------------------------------------------------------------------------------------------------------------------------------------------------------------------------------------
2915------------------------------------------------------------------------------------------------------------------------------------------------------------------------------------------------------------------------------------------------
2916------------------------------------------------------------------------------------------------------------------------------------------------------------------------------------------------------------------------------------------------
2917------------------------------------------------------------------------------------------------------------------------------------------------------------------------------------------------------------------------------------------------
2918------------------------------------------------------------------------------------------------------------------------------------------------------------------------------------------------------------------------------------------------
2919------------------------------------------------------------------------------------------------------------------------------------------------------------------------------------------------------------------------------------------------
2920------------------------------------------------------------------------------------------------------------------------------------------------------------------------------------------------------------------------------------------------
2921------------------------------------------------------------------------------------------------------------------------------------------------------------------------------------------------------------------------------------------------
2922------------------------------------------------------------------------------------------------------------------------------------------------------------------------------------------------------------------------------------------------
2923------------------------------------------------------------------------------------------------------------------------------------------------------------------------------------------------------------------------------------------------
3000------------------------------------------------------------------------------------------------------------------------------------------------------------------------------------------------------------------------------------------------
3001------------------------------------------------------------------------------------------------------------------------------------------------------------------------------------------------------------------------------------------------
3002------------------------------------------------------------------------------------------------------------------------------------------------------------------------------------------------------------------------------------------------
3003------------------------------------------------------------------------------------------------------------------------------------------------------------------------------------------------------------------------------------------------
3004------------------------------------------------------------------------------------------------------------------------------------------------------------------------------------------------------------------------------------------------
3005------------------------------------------------------------------------------------------------------------------------------------------------------------------------------------------------------------------------------------------------
3006------------------------------------------------------------------------------------------------------------------------------------------------------------------------------------------------------------------------------------------------
3007------------------------------------------------------------------------------------------------------------------------------------------------------------------------------------------------------------------------------------------------
3008------------------------------------------------------------------------------------------------------------------------------------------------------------------------------------------------------------------------------------------------
3009  55  56  56  56  56  56  56  56  56  56  57  57  57  58  58  58  58  59  59  59  60  60  60  60  60  59  60  60  61  62  61  61  62  62  62  63  63  63  64  65  66  44  44  45  45  46  46  46  47  47  48  49  50  50  50  51  51  52  52  53
3010  54  54  55  55  56  57  58  59  59  59  60  60  61  61  62  64  65  65  65  65  65  64  65  65  65  66  66  66  66  67  68  69  69  69  70  70  70  71  71  72  72  73  73  74  75  75  75  76  76  77  77  77  78  79  81  81  81  82  82  81
3011  82  82  82  82  83  84  84  85  85  86  87  87  87  87  88  88  89  89  89  90  91  91  92  93  92  92  92  93  93  93  95  96  96  97  98  97  97  98  98 100 101 101 101 102 103 105 106 107 108 109 108 109 108 108 108 109 110 111 112 114
3012 116 116 116 116 116 117 117 117 118 117 116 116 116 118 119 119 118 119 121 120 120 119 120 122 122 122 123 125 126 125 125 126 129 130 133 134 133 131 130 129 128 127 127 128 130 129 129 128 128 129 129 128 128 130 131 132 132 132 132 133
3013 132 132 133 134 135 134 133 133 133 133 133 134 135 137 137 138 139 139 140 141 142 143 142 141 140 141 141 141 141 141 142 142 143 144 145 143 143 142 141 141 141 141 143 143 143 143 143 144 145 145 145 145 144 144 143 143 143 144 145 145
3014 147 148 148 147 147 147 146 146 146 145 144 146 147 146 145 146 146 147 146 145 145 145 146 147 147 146 146 145 146 145 145 146 147 147 147 149 150 149 149 147 146 146 145 146 147 149 149 148 147 148 149 151 152 152 153 151 150 151 150 149
3015 149 150 150 150 150 150 150 150 150 150 150 150 150 151 151 151 152 152 153 153 151 151 151 151 151 150 150 150 151 153 154 155 155 156 156 156 155 153 154 155 153 153 153 153 152 154 154 153 153 154 155 156 156 156 157 157 155 154 154 154
3016 153 153 153 154 153 153 152 153 153 152 152 151 153 153 154 154 153 152 152 152 154 154 155 154 154 155 154 153 153 154 154 154 152 151 151 151 153 154 154 154 153 152 153 153 153 152 152 151 151 152 152 153 154 155 155 156 156 156 156 155
3017 155 154 154 153 154 154 154 155 156 156 156 155 154 154 154 154 154 154 154 154 154 154 152 151 151 151 151 152 151 151 150 150 149 148 148 148 148 148 149 149 150 150 150 150 149 149 148 148 148 147 147 147 146 145 145 144 144 144 143 143
3018 142 141 141 140 140 140 140 140 141 141 141 141 141 141 142 142 141 141 141 141 141 140 140 140 140 139 138 138 137 135 133 131 130 128 129 128 127 128 128 128 128 128 127 126 126 125 124 124 123 124 124 124 124 123 123 122 120 119 117 116
3019 114 113 111 110 109 108 107 107 106 106 105 105 104 104 104 104 103 103 103 103 103 103 102 102 101 100  99  98  98  97  97  97  97  97  96  95  95  94  93  93  92  91  90  89  89  88  88  88  87  86  86  86  85  85  85  85  84  84  84  84
3020  84  83  83  82  82  82  81  81  81  81  81  80  80  80  79  79  78  78  77  77  76  76  76  75  76  77  77  77  77  77  77  77  77  77  77  77  77  77  77  77  77  77  76  76  76  76  76  75  76  76  76  75  75  75  75  75  74  74  74  74
