58265 2012   111213603204   65   24 6670   55    1--------------------------------------------------------------------------------------------------------------------------------------------------------------------------------------------------
3121 184 183 183 184 184 184 183 184 184 183 183 183 183 183 183 183 183 182 181 182 182 182 181 181 181 181 180 180 179 179 179 180 179 179 178 177 177 177 176 176 176 177 177 178 177 177 177 177 177 176 176 175 174 174 174 174 173 173 173 173
3122 173 173 173 173 172 172 172 172 172 171 171 170 169 169 169 149 168 167 167 166 167 167 167 168 167 167 165 165 165 164 164 163 163 162 162 162 161 161 161 160 160 160 159 159 159 159 158 158 158 158 158 158 158 158 158 158 158 158 158 158
3123 158 158 158 158 158 158 159 159 159 159 160 160 160 161 161 162 162 162 163 163 163 163 163 163 163 163 163 163 164 164 164 164 164 164 164 163 162 162 162 161 161 161 160 160 160 160 160 161 161 161 161 161 161 161 160 159 159 159 158 157
0100 157 156 155 155 155 154 154 153 153 152 152 152 152 152 151 151 151 151 151 151 151 151 151 151 151 151 151 151 151 152 152 152 152 151 151 151 152 152 152 152 152 152 152 151 151 150 151 151 151 151 152 152 151 152 152 152 152 153 153 154
0101 154 154 154 155 155 154 155 155 155 155 155 156 156 157 157 157 157 157 156 156 156 156 156 156 156 156 156 156 156 155 155 155 155 155 155 155 154 154 154 153 153 153 153 152 152 152 151 151 151 150 150 150 150 149 149 149 148 148 148 147
0102 147 146 146 146 145 145 145 145 146 147 148 149 150 151 151 151 151 151 151 151 151 152 152 153 154 154 155 155 155 155 145 155 155 155 154 154 155 155 154 154 154 154 154 154 154 153 153 153 152 151 150 150 149 148 148 147 146 145 145 145
0103 145 145 145 144 144 143 143 143 142 142 141 141 140 140 140 139 139 138 138 138 137 137 137 136 136 136 135 135 135 134 134 134 133 133 133 133 133 133 132 132 132 132 133 133 133 133 133 133 133 134 135 136 136 136 136 136 136 135 135 135
0104 135 135 134 134 134 134 134 133 133 133 132 132 132 131 131 131 131 130 130 130 129 129 128 128 127 127 127 126 126 125 125 125 125 125 125 125 125 125 125 125 125 125 125 125 125 125 125 125 124 124 124 124 124 124 124 124 124 124 124 125
0105 125 125 125 125 125 125 125 125 124 124 124 124 124 124 124 124 124 124 125 125 126 126 126 126 126 125 125 125 125 124 124 124 124 124 124 123 123 123 123 123 123 123 123 123 123 123 123 123 123 124 124 124 124 124 124 124 125 125 125 125
0106 125 125 125 125 125 126 126 126 126 126 126 126 126 127 128 128 128 128 128 128 128 128 128 128 128 128 128 128 128 128 128 128 128 129 129 129 130 130 131 131 132 132 133 133 133 141 133 133 134 134 134 135 135 135 135 136 136 136 137 137
0107 138 138 138 138 138 138 138 138 138 139 139 139 139 139 140 140 140 140 140 140 140 140 140 140 140 140 141 141 141 141 141 141 141 141 141 141 142 142 142 142 142 143 143 143 143 144 144 144 144 144 144 144 144 144 144 144 145 144 144 144
0108 144 144 145 145 145 145 145 145 145 145 145 145 145 145 145 145 145 145 145 145 145 145 146 146 146 146 145 145 145 145 145 145 145 146 146 146 146 146 146 146 146 147 147 147 147 148 148 147 147 148 148 148 148 148 148 148 149 149 149 149
0109 149 149 149 150 150 150 150 151 151 151 151 151 151 152 152 152 153 153 154 154 154 155 156 156 156 155 155 156 156 157 157 158 158 158 158 158 159 159 160 160 160 161 161 162 163 163 164 164 164 165 165 165 165 166 166 166 166 167 167 167
0110 167 167 168 168 169 169 169 170 170 171 171 171 171 171 171 172 172 172 173 173 173 174 174 174 175 175 176 176 176 177 177 177 177 177 178 178 178 178 179 179 179 179 179 179 180 180 180 180 180 180 180 180 181 181 181 181 181 181 181 181
0111 153 182 182 182 182 183 183 184 184 183 182 182 182 183 183 182 182 182 182 183 183 183 184 184 184 185 185 185 185 185 185 185 185 186 186 185 185 185 185 185 186 186 186 187 187 188 188 187 187 187 187 187 187 188 189 189 189 190 190 191
0112 191 190 190 190 190 190 190 190 191 191 191 192 192 192 192 192 192 191 191 191 191 191 191 192 192 193 193 193 193 193 194 194 194 194 194 194 195 194 194 194 193 192 192 192 193 193 194 195 196 197 197 196 196 196 196 195 194 195 195 196
0113 196 196 197 197 198 198 199 198 197 197 197 197 198 198 197 198 198 199 200 200 199 199 199 200 200 200 201 201 202 202 202 201 201 201 201 201 201 201 200 200 200 200 200 200 201 201 202 203 203 203 203 203 203 203 203 203 203 203 204 205
0114 207 207 206 206 206 207 208 209 210 210 209 209 209 211 210 208 208 209 210 208 208 208 208 208 207 208 208 207 207 208 208 208 208 208 210 211 211 212 213 213 212 213 214 214 214 212 210 209 208 208 209 210 210 211 212 213 213 212 210 211
0115 211 212 214 214 213 213 213 213 212 212 212 212 213 212 211 174 210 211 212 211 212 213 214 213 213 213 213 214 215 215 215 215 215 214 213 214 214 214 215 216 216 215 216 217 218 218 219 220 219 219 219 219 219 219 219 220 221 222 222 224
0116 225 224 223 222 222 222 222 223 222 220 217 216 215 215 215 215 217 219 219 219 220 221 220 219 219 219 218 219 219 218 218 219 220 220 219 219 219 218 218 218 217 217 217 218 219 221 220 220 219 219 220 220 220 220 220 219 219 219 219 218
0117 219 219 220 220 219 220 221 221 221 222 223 222 221 221 221 221 222 222 221 219 219 219 219 218 218 217 217 217 218 217 216 216 215 215 215 214 214 214 214 213 213 213 213 214 215 215 216 216 216 216 215 215 215 215 214 214 214 213 213 213
0118 213 212 212 212 211 211 211 210 210 210 210 209 209 209 209 209 209 209 209 208 208 208 208 208 208 207 207 205 204 204 203 202 201 200 200 199 199 198 197 196 195 194 193 193 193 193 193 193 193 192 192 191 190 189 188 188 187 186 186 185
0119 184 183 181 181 180 178 178 176 175 174 173 172 172 171 171 170 170 169 169 168 167 167 166 166 166 166 165 165 165 164 164 163 163 163 163 163 162 162 162 161 160 159 159 158 157 157 157 156 156 156 156 156 156 156 155 155 155 155 154 154
0120 154 153 153 153 153 153 153 153 152 152 152 152 151 151 150 150 150 150 150 150 149 149 148 147 147 147 147 147 147 147 146 146 146 146 147 146 146 146 146 146 145 145 145 145 145 145 145 145 145 145 144 144 144 145 145 145 145 144 144 144
0121 144 144 143 143 142 142 142 142 141 141 141 140 140 140 140 140 140 140 140 140 140 140 140 139 139 139 139 139 139 139 139 139 139 139 139 138 138 138 138 138 138 138 139 139 139 139 139 139 139 139 139 139 139 139 139 138 138 138 138 138
0122 139 139 139 139 140 140 140 140 140 140 140 140 140 140 140 140 140 141 141 141 141 142 142 143 144 144 145 145 145 145 144 144 144 143 143 143 142 142 142 142 142 142 141 141 140 140 139 139 139 139 139 139 138 138 138 138 138 138 138 137
0123 137 137 137 136 136 136 136 136 136 136 136 136 136 136 136 136 137 137 137 137 137 137 136 136 136 136 136 136 135 135 135 135 135 134 134 134 133 133 133 132 132 132 133 133 133 133 133 133 134 134 134 135 135 135 135 134 134 134 134 134
0200 134 133 133 133 133 133 132 132 132 132 132 132 131 131 131 131 132 132 132 132 132 132 131 131 131 131 131 131 131 131 131 131 131 131 131 132 132 133 133 132 132 133 132 132 132 131 131 131 131 131 131 131 131 131 131 131 132 131 132 132
0201 132 132 133 133 134 134 134 134 134 135 134 134 134 134 134 135 135 134 134 134 133 133 133 133 133 133 133 133 133 133 133 133 133 133 133 133 133 133 133 132 132 132 131 131 131 130 130 130 129 129 129 128 128 128 128 128 128 128 128 128
0202 127 127 127 127 127 127 127 127 127 127 126 126 126 126 126 126 126 125 125 125 126 125 125 125 125 125 125 125 125 125 126 126 126 126 126 125 125 125 125 125 125 125 125 124 124 124 124 124 124 124 124 124 124 124 124 124 124 125 125 125
0203 125 125 124 124 125 124 124 124 124 124 124 124 124 125 125 125 125 125 125 125 125 125 125 125 126 126 126 126 126 127 127 127 127 127 127 127 127 127 128 128 128 128 128 129 129 129 129 129 129 129 130 129 129 130 130 130 130 131 131 131
0204 131 131 132 132 132 133 133 133 132 132 133 133 132 132 132 132 132 131 131 131 131 131 131 131 131 131 131 131 131 131 131 131 131 131 131 131 131 132 132 132 132 132 132 132 132 132 132 132 133 133 133 133 133 133 134 134 134 134 134 134
0205 134 134 134 134 135 134 134 134 135 136 137 138 138 138 138 137 137 137 137 137 137 137 137 137 137 137 137 137 137 137 137 137 138 138 137 137 136 136 136 135 135 135 135 135 135 135 134 134 134 134 135 135 135 135 136 136 137 137 137 137
0206 137 137 137 137 137 137 136 136 136 136 135 135 135 134 134 134 134 134 134 134 134 134 134 134 134 134 133 133 132 132 132 132 131 131 131 131 131 131 131 131 131 131 131 131 131 131 131 130 130 130 130 130 130 130 130 130 130 130 130 130
0207 130 131 131 131 132 132 132 132 132 132 131 131 131 131 131 131 131 131 131 130 130 129 129 129 129 129 129 129 129 129 129 129 129 129 129 129 129 128 128 128 128 128 129 129 129 130 130 131 131 131 131 132 132 132 132 132 132 132 132 133
0208 133 133 133 133 133 133 133 133 133 133 134 134 134 134 135 135 135 135 136 136 136 136 136 136 136 136 136 136 136 136 136 137 137 137 137 138 138 138 138 139 139 139 139 139 140 140 140 140 141 141 142 142 143 143 143 143 143 144 144 144
0209 144 144 144 144 144 143 143 143 144 144 144 144 144 144 144 144 144 144 144 144 145 145 144 144 144 144 144 145 145 145 145 145 145 146 145 145 145 145 145 145 145 145 146 146 146 146 146 146 146 146 147 147 147 147 147 147 147 148 149 149
0210 149 149 149 149 150 150 150 151 151 151 151 152 152 152 153 153 154 154 155 155 155 156 156 156 157 157 157 157 157 157 158 158 158 158 159 159 159 159 159 159 159 159 160 160 160 160 160 161 161 161 161 161 161 161 162 162 162 163 163 163
0211 164 164 164 165 165 165 165 165 166 166 166 166 167 168 169 169 170 170 170 170 170 170 170 170 170 170 170 170 170 170 170 171 171 172 172 172 173 174 174 174 174 174 174 174 174 174 174 174 174 175 175 175 175 176 176 175 176 177 177 178
0212 178 179 180 180 181 181 181 182 183 184 184 184 183 183 183 183 183 184 184 184 184 184 183 183 184 184 186 186 187 187 187 187 187 187 187 187 187 187 186 186 186 186 187 188 188 189 189 189 189 189 188 188 188 188 189 190 191 191 190 189
0213 188 187 187 187 188 188 189 190 191 191 192 192 192 191 191 190 189 188 188 188 189 189 189 189 189 190 190 190 190 191 191 191 191 191 191 192 193 193 194 194 194 194 194 194 194 194 194 195 194 194 193 193 193 193 193 193 193 193 193 193
0214 193 193 195 195 195 196 196 197 197 197 197 198 199 200 200 199 198 197 197 197 198 198 200 200 200 201 201 202 202 201 201 201 201 201 201 202 203 204 204 203 203 204 205 205 205 204 203 202 201 200 200 200 200 201 202 202 202 201 200 200
0215 200 201 201 201 202 203 204 204 204 203 201 201 201 201 201 202 202 203 203 204 204 205 205 205 206 205 205 206 205 205 205 206 207 207 207 208 209 210 211 211 211 210 211 211 211 211 211 212 213 213 212 211 209 209 208 208 209 209 211 212
0216 212 212 212 211 211 210 209 210 209 209 209 209 209 210 210 211 211 211 211 212 211 211 211 212 212 212 212 212 213 213 213 212 210 210 210 210 210 210 210 209 209 208 207 207 207 206 206 206 206 205 205 206 206 206 206 206 206 206 206 207
0217 207 207 206 206 206 206 206 206 207 207 207 207 208 208 208 208 208 208 208 208 208 207 208 208 208 208 208 209 208 209 209 210 211 211 211 210 209 208 208 208 207 207 207 207 206 206 206 205 205 205 204 204 204 204 203 203 202 202 202 202
0218 202 201 201 201 201 201 200 201 201 200 200 200 200 200 200 200 199 199 199 199 198 198 198 198 198 198 197 197 197 197 197 197 197 197 197 197 197 197 197 197 196 196 196 196 196 194 194 194 194 194 194 193 192 191 191 191 191 191 191 191
0219 191 191 190 191 191 191 190 190 190 191 191 190 190 190 190 190 190 190 191 191 191 192 192 192 192 192 191 191 191 191 192 192 192 193 193 194 194 194 194 194 194 194 194 194 194 194 194 193 193 193 194 193 194 193 193 193 193 193 193 193
0220 193 193 193 193 194 194 194 194 194 194 193 193 193 192 193 193 193 193 193 194 194 194 194 194 194 193 193 193 193 193 193 193 193 193 193 193 193 193 193 192 193 193 193 193 192 192 192 192 192 192 192 192 191 191 191 191 190 190 190 190
0221 190 190 189 189 189 189 188 188 187 187 187 187 187 186 186 186 186 186 187 187 186 186 186 186 186 186 186 186 186 187 187 187 187 187 187 187 187 186 186 186 186 186 186 185 185 185 185 186 186 186 186 186 186 186 187 187 186 186 186 186
0222 186 187 187 187 187 187 187 187 187 187 187 187 187 187 187 187 187 186 186 186 186 185 185 184 184 183 182 182 180 179 179 178 177 176 175 174 172 172 170 169 168 167 166 166 164 163 163 162 162 161 161 162 163 164 165 165 166 166 166 166
0223 165 164 163 163 162 160 159 158 156 155 155 156 156 155 155 154 154 154 153 153 153 153 153 152 152 151 151 151 150 151 151 150 150 149 149 148 148 148 147 147 146 146 145 145 145 145 145 145 145 145 145 145 145 145 146 147 148 148 149 151
0300 151 151 151 151 152 153 153 153 154 154 155 157 159 159 159 159 159 159 159 159 159 158 158 159 160 159 159 159 159 159 159 158 158 158 158 159 159 159 158 158 157 157 156 154 153 152 151 150 149 148 147 146 146 145 145 145 145 144 144 143
0301 143 143 142 142 141 141 140 140 140 139 139 138 138 138 137 137 137 137 137 137 137 137 137 137 137 138 138 138 138 137 137 137 137 136 136 136 136 136 136 136 136 135 135 135 135 136 136 137 137 137 137 136 136 136 136 135 135 135 135 135
0302 135 135 134 134 134 133 133 133 133 134 134 133 133 133 133 133 133 133 132 132 133 133 133 133 134 133 133 132 132 132 133 133 133 133 133 133 133 133 133 133 133 133 132 132 132 131 131 131 131 131 130 130 130 130 130 130 130 130 131 130
0303 130 131 130 130 131 131 130 131 131 130 131 131 131 131 131 130 131 131 131 132 132 132 132 133 133 133 133 133 133 133 133 133 134 134 134 134 134 134 134 134 135 135 135 135 136 136 136 136 136 137 137 137 138 138 139 139 140 140 140 140
0304 140 140 141 141 141 142 142 142 142 142 143 143 144 144 145 145 144 144 144 143 144 144 144 145 145 145 145 144 144 144 145 146 151 146 148 149 150 150 151 151 151 151 151 151 151 151 151 151 151 151 151 151 151 151 151 151 151 151 151 151
0305 151 151 151 151 151 152 152 153 154 155 156 156 157 157 158 159 160 161 162 162 163 163 164 164 164 165 165 164 164 164 164 164 164 164 164 163 163 163 162 162 161 161 161 161 161 162 163 164 164 164 165 165 165 165 166 166 166 166 166 166
0306 166 166 166 166 166 165 165 165 165 165 166 166 165 165 165 165 165 165 165 165 165 165 165 164 164 164 164 164 164 164 165 165 165 165 165 165 165 165 165 165 165 165 164 164 164 164 164 164 164 164 163 163 163 163 163 163 163 162 162 162
0307 162 162 162 162 161 161 161 161 160 160 160 159 158 158 158 158 158 157 157 157 156 156 157 157 158 158 158 158 158 158 158 158 158 159 159 159 160 160 160 160 160 160 160 160 160 160 160 160 160 160 160 160 160 159 159 158 158 158 158 157
0308 157 157 157 157 156 156 156 157 157 157 157 157 156 156 156 155 155 155 155 155 155 155 155 155 155 155 155 155 155 155 157 158 161 162 162 162 162 163 163 164 165 165 165 165 165 165 165 145 166 166 167 167 167 167 167 167 167 167 167 167
0309 167 166 166 166 166 166 166 166 166 166 165 165 165 165 165 165 165 165 165 165 165 165 165 165 165 165 165 165 165 165 164 164 164 165 164 164 164 164 164 164 164 164 164 164 164 164 164 163 163 163 163 163 163 163 163 163 163 163 162 162
0310 162 162 162 162 162 162 162 162 162 162 161 161 161 161 161 161 161 161 160 160 160 160 160 160 160 160 160 161 161 161 160 160 160 160 160 160 159 159 158 158 158 158 158 157 157 157 157 156 156 156 156 156 156 156 155 155 155 156 156 155
0311 155 155 155 154 154 154 154 154 154 154 154 154 153 153 153 153 153 152 152 152 152 152 152 151 151 151 151 151 151 151 151 151 151 150 149 149 148 148 148 149 149 149 149 149 149 149 149 148 148 148 147 147 147 147 147 147 146 146 146 146
0312 145 145 145 145 145 145 145 145 145 145 145 145 146 146 146 146 146 146 146 145 145 145 145 144 144 144 144 144 143 144 143 143 144 144 144 143 143 143 143 143 143 143 143 143 143 144 144 144 144 144 145 145 145 144 144 144 145 145 145 146
0313 146 146 173 146 147 147 147 147 147 146 146 146 146 145 145 144 145 146 145 145 145 145 146 147 147 149 150 150 149 150 150 150 151 151 152 152 151 150 149 150 150 149 150 151 149 149 149 149 149 148 147 147 148 148 148 147 147 148 148 147
0314 147 147 147 147 146 146 145 145 145 146 147 148 149 150 151 151 152 153 153 153 154 154 154 153 153 155 157 156 153 153 153 154 154 153 154 153 152 153 152 152 152 153 154 153 152 152 152 151 152 152 152 152 152 152 152 152 152 151 151 150
0315 149 149 149 150 150 150 150 150 150 151 150 150 150 151 151 150 150 150 151 151 150 150 150 150 150 150 149 149 148 149 149 149 150 149 149 149 149 149 150 150 150 150 150 149 149 149 149 149 150 150 150 150 151 151 150 150 150 150 150 150
0316 151 151 151 151 151 151 151 151 151 151 151 151 152 152 152 152 151 152 152 152 152 152 152 153 154 154 153 153 152 152 152 152 153 152 152 152 151 151 151 152 152 152 152 188 188 188 188 188 188 188 187 187 187 187 187 187 187 187 187 186
0317 152 152 152 151 151 151 152 152 152 152 152 152 153 152 152 151 151 187 151 151 151 151 151 151 151 151 150 150 150 149 149 149 148 148 148 148 148 148 148 148 148 148 148 148 148 148 148 148 148 148 148 148 148 148 148 148 148 147 147 147
0318 147 147 147 148 148 148 148 147 147 147 147 147 147 147 147 146 146 145 145 145 145 145 146 146 146 146 146 146 146 146 146 146 146 146 146 146 146 146 146 146 146 146 146 146 146 146 146 146 146 145 145 145 145 145 145 145 145 145 145 145
0319 145 145 145 145 145 144 145 145 145 145 145 144 144 144 144 144 144 144 144 144 144 144 143 143 142 141 141 141 142 142 143 143 143 143 143 144 144 143 144 144 144 144 144 144 144 144 144 144 144 144 144 144 144 144 144 144 144 144 144 144
0320 144 144 144 144 144 144 144 144 144 143 143 143 143 143 143 143 143 143 143 143 143 143 143 143 143 143 143 143 143 143 143 143 143 143 143 143 143 143 143 143 143 143 143 143 143 143 143 143 143 142 142 142 142 141 141 141 141 141 140 139
0321 139 138 138 138 138 137 137 137 136 136 135 135 135 135 135 135 136 138 139 139 140 140 140 140 141 141 142 141 141 142 141 141 141 141 141 141 141 141 140 140 140 140 140 139 139 138 138 138 138 138 138 138 139 139 139 139 139 139 139 139
0322 140 140 139 139 138 138 137 137 136 135 135 135 134 133 133 133 134 134 133 133 132 132 133 135 135 136 136 136 136 136 137 137 137 137 137 136 136 136 136 136 135 135 136 136 137 137 137 137 137 138 138 138 138 138 138 138 139 139 139 139
0323 139 139 139 139 139 139 139 138 138 138 138 137 137 138 138 137 138 137 137 136 136 136 136 135 135 135 135 136 136 136 136 135 134 134 133 133 132 132 132 132 132 132 132 132 132 132 132 132 132 132 132 132 132 132 132 132 132 132 132 132
0400 132 132 132 131 131 131 131 131 131 131 131 131 131 131 131 131 131 131 131 131 131 131 131 131 131 131 131 131 131 131 131 131 131 131 131 131 131 131 131 131 131 131 131 132 132 132 132 132 133 133 133 132 132 132 132 132 132 133 133 133
0401 133 133 133 133 133 133 133 133 132 132 132 132 132 132 132 132 132 132 132 132 132 132 132 132 132 132 132 133 133 133 133 133 133 133 133 133 132 132 132 133 132 132 132 132 132 131 131 131 131 131 131 130 130 129 129 129 128 128 128 128
0402 127 127 127 126 126 126 126 126 126 126 126 126 125 125 126 126 126 125 125 125 125 124 124 124 124 124 124 124 125 125 125 125 125 125 125 126 125 125 125 124 125 125 125 125 125 125 125 125 125 125 125 125 125 125 125 125 126 125 125 125
0403 125 125 124 124 124 124 124 124 124 124 124 124 124 124 124 124 124 124 124 124 124 124 124 124 124 124 125 125 125 125 125 125 125 125 124 124 124 124 124 124 124 124 124 124 124 124 124 124 123 123 122 122 122 121 122 121 121 121 121 121
0404 121 122 122 121 120 120 120 120 120 121 121 122 122 121 121 121 121 121 121 120 121 122 123 124 124 125 125 125 126 126 127 127 127 127 128 128 128 128 128 128 127 127 127 127 127 127 127 127 127 127 127 127 127 127 127 127 127 127 127 126
0405 126 126 126 126 126 126 126 125 125 125 125 125 125 125 125 125 125 125 125 125 125 125 125 125 125 125 125 125 125 124 125 124 124 124 124 124 124 124 124 124 124 125 124 124 124 124 124 124 124 124 124 124 124 124 124 124 124 124 124 124
0406 124 124 124 124 124 124 124 124 124 124 124 124 124 124 124 124 124 124 124 124 124 124 124 124 124 124 124 124 124 124 124 124 124 124 124 124 124 124 124 124 124 124 124 124 124 124 124 124 124 124 125 124 124 125 124 124 124 124 124 124
0407 124 124 124 124 124 124 124 124 124 123 123 124 124 124 123 124 123 123 123 123 123 123 123 123 123 123 122 122 123 122 122 122 122 122 122 122 122 122 122 122 122 123 123 123 123 123 123 123 123 123 123 122 122 122 122 121 121 121 121 121
0408 121 121 121 121 121 121 121 121 121 121 121 121 122 122 122 122 121 121 121 121 121 121 121 121 121 121 121 120 120 120 120 120 120 120 120 120 120 120 119 119 119 119 119 120 120 119 119 119 119 119 119 118 118 118 118 118 118 118 118 118
0409 118 118 118 118 118 118 118 118 118 118 118 119 119 119 119 119 119 119 119 119 119 119 119 119 118 118 118 118 118 118 118 118 118 118 118 118 118 118 118 118 118 118 118 117 117 117 117 118 118 117 117 117 117 117 117 117 117 117 117 117
0410 117 117 117 117 117 117 117 117 117 117 117 117 117 117 117 117 117 117 117 117 117 117 117 117 117 117 117 117 117 117 117 117 118 118 118 118 118 119 119 119 119 118 119 118 118 118 118 119 118 118 118 118 118 118 118 118 118 118 118 118
0411 118 118 119 119 119 119 119 119 119 119 119 119 119 119 119 119 119 119 119 119 119 119 119 119 119 119 120 120 120 120 120 121 121 121 121 121 122 122 122 122 122 122 122 123 123 123 123 123 123 124 124 124 124 124 125 125 125 125 125 124
0412 124 124 124 124 124 124 125 125 124 125 125 125 126 126 126 126 126 127 127 127 127 128 129 128 128 129 129 129 129 130 131 132 132 132 132 132 132 132 132 131 131 131 131 130 130 130 130 131 131 131 132 133 133 133 134 134 133 133 133 134
0413 135 135 134 134 134 134 135 136 135 135 135 136 137 138 138 138 138 137 137 137 137 136 136 137 137 137 137 137 137 137 138 138 138 138 139 140 141 141 140 140 140 140 141 142 143 142 141 141 141 141 142 142 142 143 144 145 145 146 145 146
0414 146 146 146 146 145 144 144 144 144 145 145 146 147 147 147 146 146 146 146 148 149 149 149 150 150 149 148 147 147 147 147 148 148 148 149 148 148 147 147 146 147 147 147 147 147 147 148 148 147 146 146 145 145 145 145 145 145 145 144 145
0415 144 144 144 144 144 144 144 144 144 144 144 144 145 145 146 145 146 145 146 147 147 148 148 147 148 148 148 147 146 146 146 145 145 145 145 145 146------------ 145 145------------------------------------------------------------------------
0416 145 145 145 145 145 145 145 145 145 145 145 145 145 145 145 145 145 145 145 145 145 145 145 145 145 145 145 145 144 144 144 144 144 144 144 143 143 143 143 143 143 143 144 144 143 143 144 144 144 144 144 143 143 143 143 143 143 143 143 143
0417 144 144 144 143 143 143 143 143 143 143 143 143 143 143 143 142 142 142 142 142 143 143 143 142 143 143 143 142 143 142 142 142 142 141 141 141 142 142 142 142 142 142 142 142 142 142 142 142 142 142 142 142 142 141 141 141 140 140 140 139
0418 138 137 137 136 136 135 135 136 135 135 134 134 134 134 134 134 133 133 133 132 132 132 131 132 131 131 131 131 130 130 130 130 130 131 131 131 130 130 129 129 129 129 129 128 128 128 128 127 128 128 129 129 129 129 128 128 129 129 129 129
0419 129 129 128 128 129 129 129 129 129 129 130 130 130 130 130 131 131 131 131 131 131 131 130 130 130 131 131 132 132 132 132 132 132 132 132 132 132 132 132 132 132 132 132 131 131 131 131 131 131 131 131 131 131 131 131 131 131 131 133 133
0420 133 134 134 134 134 134 133 133 133 134 134 133 133 133 133 133 133 133 133 133 132 132 132 132 132 132 132 132 132 132 132 132 132 132 132 132 132 132 132 132 132 132 132 132 132 132 132 131 131 131 131 131 131 131 131 131 130 131 130 130
0421 130 130 130 130 129 129 129 130 130 130 131 130 130 130 129 129 129 129 129 129 129 129 129 129 130 129 129 129 129 129 129 130 130 130 130 130 130 130 130 130 130 130 130 130 130 130 130 129 129 129 129 128 128 128 128 128 128 128 128 128
0422 128 128 127 127 128 127 127 127 128 127 127 128 128 128 129 129 129 129 129 129 129 129 129 129 128 129 129 129 129 129 129 129 129 129 129 128 128 128 129 128 129 129 130 130 130 130 129 129 129 128 128 128 128 128 127 127 127 127 126 126
0423 126 126 126 126 126 126 126 126 126 126 126 126 126 127 127 128 128 129 129 129 130 131 131 131 131 131 132 132 132 132 132 132 132 132 132 133 133 133 133 133 133 132 132 132 132 132 132 132 132 132 132 132 132 131 131 132 132 131 131 131
0500 131 131 131 131 131 131 131 131 130 130 130 130 130 130 130 130 130 130 129 129 129 129 129 129 129 129 129 129 129 129 129 129 129 129 129 129 129 128 128 128 128 128 128 128 128 128 128 128 128 128 128 128 128 128 128 128 128 128 128 128
0501 128 128 128 128 128 128 128 128 128 128 128 128 128 128 128 128 128 128 127 127 127 127 127 127 127 127 127 127 127 127 127 126 126 126 126 126 126 126 126 126 126 126 125 125 125 125 125 125 125 125 125 125 124 124 124 124 124 124 124 124
0502 124 123 123 123 123 123 123 123 123 123 123 123 123 123 122 122 122 122 122 122 122 122 122 122 122 122 122 122 121 122 121 121 121 121 122 122 122 121 121 121 121 121 121 121 121 121 121 121 121 121 121 121 121 121 121 121 121 121 121 121
0503 121 120 120 119 119 119 119 119 119 118 118 118 118 119 119 118 118 118 118 118 118 118 118 118 118 118 118 118 117 118 118 118 118 117 117 118 118 118 118 118 119 119 119 119 119 118 118 119 119 119 119 119 119 119 119 118 118 118 118 118
0504 118 118 118 118 118 118 118 117 117 117 118 118 118 119 119 119 119 119 119 119 119 119 119 119 119 119 119 119 119 119 119 119 118 118 118 118 118 118 118 118 118 118 118 118 118 118 118 118 118 118 118 118 118 117 117 117 117 117 117 117
0505 117 117 116 116 116 116 116 116 116 115 116 115 115 115 115 115 115 115 115 115 115 115 115 115 115 115 115 115 115 115 115 115 115 115 115 115 116 116 116 116 116 117 117 117 117 117 149 117 116 116 115 115 115 115 114 114 114 113 113 113
0506 112 112 112 112 111 111 111 110 111 111 111 111 111 111 110 110 110 111 111 111 112 112 111 111 112 112 112 112 112 112 112 113 113 113 113 113 113 113 113 113 114 114 114 114 114 114 114 114 113 113 113 112 112 112 112 112 112 112 112 112
0507 112 112 112 112 113 113 114 113 113 113 112 112 112 112 112 112 112 112 112 112 112 112 113 113 113 113 113 112 112 112 112 111 111 111 112 112 112 112 112 112 112 112 112 112 112 112 112 112 112 112 112 112 112 112 111 111 111 110 110 110
0508 110 109 109 109 109 108 108 107 107 106 106 106 106 106 106 105 105 104 104 103 102 101 100 100  99  98  98  98  98  98  97  97  97  97  97  97  97  97  97  96  96  97  96  96  96  96  96  96  96  96  95  95  95  96  96  96  96  96  96  96
0509  96  96  96  96  96  96  95  95  95  95  95  95  95  95  95  95  95  95  95  95  95  95  95  95  94  95  95  94  94  94  94  94  94  94  94  94  94  94  95  95  95  95  95  95  95  95  95  95  95  95  95  95  94  94  94  94  94  94  94  95
0510  95 158  95  95  95  96  96  96  97  97  97  97  97  97  97  97  97  98  98  98  97  97  97  96  96  96  95  96  96  96  97  97  97  97  97  97  98  98  98  98  99  99  98  98  97  98  98  98  98  98  98  98  97  97  97  97  97  97  97  97
0511  97  97  98  98  98  98  98  98  99  99  99  98  98  98  98  98  99  98  99  99  99  99  98  98  98  98  98  98  98  98  99  99  99  99 100 100 100  99  99  99  99  99  99  99  99 100 100 167 167 167 167 166 166 166 166 166 166 166 165 165
0512  98  98  98  98  99  98  99  99  99  99  98  98  98  98  98  98  98  98  99  99  99  99 100 100 100  99  99  99  99  99  99  99  99 100 100  99 100 100 101 101 101 101 102 102 102 102 101 101 101 101 101 101 101 100 100 100 100 100 101 101
0513 101 102 101 101 102 102 102 102 102 103 103 102 102 102 103 102 102 103 103 104 103 103 103 103 104 104 104 104 104 103 103 102 103 103 103 103 104 104 103 103 103 103 103 103 102 101 101 101 101 102 101 102 102 102 102 102 102 101 101 102
0514 102 102 102 102 102 102 103 103 103 102 102 102 102 102 102 102 103 103 103 103 104 104 104 104 104 104 104 104 104 104 104 104 104 104 105 105 104 104 105 105 106 106 107 107 107 107 107 106 106 107 107 107 107 106 106 106 106 106 106 106
0515 107 107 108 108 183 108 108 108 109 110 110 111 111 111 111 110 111 110 110 110 110 109 110 110 110 111 111 111 112 112 112 113 113 113 113 112 112 112 111 112 112 112 113 113 113 113 114 114 114 114 114 114 114 114 114 115 114 114 115 115
0516 116 116 116 116 116 116 116 115 116 116 116 116 115 115 115 115 116 116 116 116 116 117 117 117 117 117 117 117 117 117 117 117 118 118 117 118 118 118 118 117 117 117 117 117 117 117 117 117 117 117 118 117 118 118 118 118 118 117 117 117
0517 117 117 117 116 116 116 116 116 116 116 116 116 116 116 116 115 115 116 115 115 115 115 115 115 115 115 115 115 115 115 115 115 115 115 115 115 115 115 115 115 115 115 115 115 115 115 115 115 115 115 115 115 115 115 115 115 115 115 115 115
0518 115 115 115 115 115 115 115 115 115 115 115 115 115 115 115 115 115 115 115 115 115 115 115 115 115 115 115 115 115 115 115 115 115 115 115 115 115 115 115 115 115 115 115 115 115 115 115 114 115 114 114 114 114 114 114 114 114 114 114 114
0519 114 114 114 114 114 114 114 115 115 115 115 115 114 114 114 114 114 114 114 165 114 114 114 114 114 114 114 114 114 114 115 115 114 115 115 115 115 114 114 114 115 115 115 115 114 115 115 115 115 115 115 115 115 115 115 115 115 115 115 115
0520 115 115 115 115 115 115 115 115 115 115 115 115 115 115 115 115 115 115 115 115 115 115 115 115 115 116 116 115 115 115 115 115 115 115 115 115 115 115 115 115 115 115 115 115 115 115 115 115 115 115 114 114 114 114 114 114 114 114 114 114
0521 114 114 114 114 114 114 114 114 114 114 114 114 114 114 114 114 114 114 114 114 114 114 114 114 114 114 114 114 114 114 114 114 114 114 114 114 114 114 114 114 114 113 113 113 113 113 113 113 113 113 113 113 113 113 113 114 114 114 114 113
0522 113 113 113 113 113 113 113 113 113 113 113 113 113 113 112 113 113 113 113 112 112 112 112 112 112 112 112 112 112 112 112 112 112 112 111 111 111 111 112 112 112 112 111 111 111 111 111 111 111 111 111 111 112 112 112 112 112 113 113 113
0523 113 113 113 113 113 113 113 113 113 113 113 113 113 113 113 113 113 113 113 113 114 114 114 114 114 114 113 113 113 112 112 112 112 113 150 113 113 113 112 113 113 112 113 113 113 113 112 113 113 113 113 113 113 113 112 112 112 112 112 112
0600 112 112 113 113 113 113 113 112 112 112 112 112 112 112 112 112 112 112 112 112 112 112 112 112 112 112 112 112 112 112 112 112 112 112 112 112 113 113 113 113 112 112 112 112 112 112 112 112 112 112 112 112 112 112 112 112 112 112 112 112
0601 112 112 112 112 112 112 112 112 112 112 112 113 113 113 113 113 113 113 113 113 112 112 112 112 112 112 112 112 112 112 112 112 112 112 112 112 112 112 112 112 112 112 112 112 112 112 112 112 112 112 112 112 112 112 111 111 111 111 111 111
0602 111 111 111 111 111 111 111 111 111 111 111 111 111 111 111 111 111 111 111 111 111 111 111 111 111 111 111 111 111 111 111 111 111 111 111 111 111 111 111 111 111 111 111 111 111 110 110 110 110 110 110 110 110 110 110 110 110 110 110 110
0603 110 110 110 110 110 110 110 110 110 110 110 110 110 110 110 110 110 110 110 110 110 110 110 110 110 110 110 111 111 111 111 111 111 111 111 111 111 111 111 111 111 111 111 110 110 110 110 110 110 110 110 110 110 110 111 110 110 110 110 110
0604 110 110 110 110 110 110 110 110 109 110 110 110 110 110 110 110 110 110 110 110 110 110 110 110 110 110 110 110 110 110 110 110 110 110 110 110 110 110 110 110 110 110 110 110 110 110 110 110 110 110 110 110 110 110 110 110 110 110 110 110
0605 110 110 110 110 110 110 110 110 110 110 110 110 110 110 110 110 110 110 110 110 110 110 110 110 110 110 110 110 110 109 109 109 109 109 110 110 109 109 110 110 110 110 110 110 110 110 110 110 110 109 109 109 110 110 110 110 110 110 110 110
0606 110 110 110 110 110 111 111 111 111 111 111 111 111 110 110 110 110 110 110 110 110 110 110 110 110 110 111 111 111 111 111 110 110 111 111 111 111 111 111 111 111 111 111 111 111 111 111 112 111 111 111 111 111 111 111 111 111 111 112 112
0607 112 112 112 112 112 112 112 112 112 112 112 112 112 112 112 112 112 112 112 112 112 112 112 112 112 112 112 112 112 112 112 112 113 112 112 112 113 113 113 113 113 113 113 112 112 112 112 113 112 112 112 112 112 112 112 112 112 112 112 112
0608 112 112 112 112 112 112 112 112 112 112 112 112 112 112 112 112 112 112 112 112 111 111 111 111 112 112 112 112 112 112 113 113 113 112 112 112 112 112 112 112 112 112 112 112 112 112 112 112 112 112 112 113 112 112 112 113 113 113 113 113
0609 113 113 113 113 113 113 113 114 114 114 114 114 114 114 114 114 115 115 115 115 115 115 115 115 114 114 114 115 115 115 115 115 115 115 115 115 115 115 115 115 116 116 116 116 116 116 115 115 115 116 116 116 116 116 116 116 116 116 116 116
0610 116 117 117 117 117 117 117 117 117 117 117 117 117 117 117 117 117 117 117 117 117 117 117 117 117 117 117 117 117 117 117 117 117 117 117 117 117 117 117 117 117 117 117 117 118 117 117 117 117 117 117 117 117 116 116 116 116 116 116 116
0611 116 116 116 116 115 115 116 115 115 114 114 114 114 114 113 113 112 112 112 111 111 112 112 111 111 111 111 110 110 110 110 110 110 109 109 109 110 109 109 109 109 108 108 108 108 107 107 107 107 107 107 107 108 108 108 108 108 108 108 108
0612 108 108 108 108 108 108 108 108 108 108 108 108 108 108 107 107 107 107 108 108 108 108 108 108 109 108 108 108 108 108 108 109 109 109 108 108 108 108 108 109 109 110 110 110 110 110 110 110 110 110 110 110 111 111 110 111 111 111 112 112
0613 112 112 112 112 112 112 112 112 112 113 114 114 114 114 114 114 114 114 114 114 115 115 115 116 116 116 115 115 115 116 116 115 114 114 114 114 114 114 114 114 114 114 114 115 114 114 114 114 114 114 114 114 114 115 115 115 115 115 115 116
0614 116 117 117 117 117 117 118 118 118 118 118 118 118 118 119 119 119 119 120 120 120 120 120 120 120 120 120 120 120 120 120 120 120 119 119 119 120 120 121 120 120 121 121 121 120 121 121 121 121 121 122 122 123 122 122 123 123 123 123 123
0615 123 123 122 122 122 122 122 123 123 122 122 122 122 122 122 122 122 122 122 122 122 122 122 122 122 122 123 123 123 123 123 123 123 123 123 122 122 122 123 123 123 123 123 123 123 123 123 123 123 123 124 124 124 124 123 123 123 123 123 122
0616 123 122 122 123 123 123 123 123 123 123 123 123 123 123 123 123 123 123 122 122 122 122 122 122 122 122 122 122 122 122 122 122 122 122 122 121 121 121 121 121 121 121 121 121 121 121 121 121 121 121 121 121 121 121 121 121 121 121 121 121
0617 122 122 121 121 121 121 121 121 122 122 122 122 122 122 122 122 122 122 122 122 123 123 123 123 123 123 123 123 123 122 123 123 123 123 123 123 123 123 123 123 123 124 123 123 123 123 123 123 123 123 123 123 124 123 124 124 123 124 124 123
0618 124 124 124 124 124 124 123 123 123 123 123 123 123 123 123 123 123 123 123 123 123 123 124 123 124 123 124 123 123 124 124 124 123 124 124 124 124 124 124 124 123 123 124 124 124 124 124 124 123 124 123 123 123 123 124 124 124 124 123 123
0619 123 123 123 123 123 123 123 123 123 123 123 123 123 123 123 123 123 123 123 123 124 124 124 124 124 124 123 123 123 123 123 123 123 123 123 123 123 123 123 123 123 123 123 123 123 123 123 123 123 122 122 122 122 122 123 123 123 123 123 123
0620 123 123 123 123 123 123 123 124 123 124 124 124 124 124 123 123 123 123 123 123 123 123 123 123 123 123 123 122 122 122 122 122 123 123 123 123 123 123 123 123 123 123 123 123 123 123 123 123 123 123 123 123 123 123 123 123 123 123 123 123
0621 123 123 123 123 123 123 123 123 123 123 123 123 122 123 123 123 123 123 123 123 123 123 123 123 123 123 123 123 123 123 123 123 123 123 123 123 122 122 123 122 122 122 122 122 122 122 122 122 122 122 122 122 122 122 121 121 121 121 121 121
0622 121 121 121 121 121 121 121 121 121 121 121 121 121 121 121 121 121 121 121 121 121 121 121 121 121 121 121 121 121 121 120 120 120 120 120 120 120 120 120 119 119 119 118 118 118 118 118 118 118 118 118 118 117 117 117 117 117 117 117 117
0623 117 117 117 117 117 117 117 117 117 117 117 117 117 117 117 117 117 117 117 117 117 117 117 117 117 116 116 116 116 116 115 115 115 115 115 115 114 115 114 114 114 114 114 114 113 113 113 113 113 112 112 112 112 112 112 112 111 112 111 111
0700 111 111 111 111 111 111 111 111 111 110 111 111 111 111 110 110 110 111 111 111 111 111 111 111 111 111 111 111 111 111 111 111 111 111 111 111 111 111 111 111 111 111 111 111 111 111 111 111 111 111 111 111 111 111 111 111 111 111 111 111
0701 111 111 111 111 111 111 111 111 111 111 111 111 111 111 111 111 111 111 111 111 111 111 111 111 111 111 111 111 111 111 111 111 111 111 111 111 111 111 111 111 111 110 110 110 111 111 110 110 111 111 111 111 111 111 111 111 111 111 111 111
0702 111 111 111 111 111 111 111 111 111 111 111 111 111 111 111 111 111 111 111 111 111 111 111 111 110 110 110 110 110 110 110 110 110 110 110 110 110 110 110 110 110 109 109 109 109 109 109 109 109 109 109 109 109 109 109 109 109 109 109 109
0703 109 109 109 109 109 109 109 109 109 109 109 109 109 109 109 110 109 109 109 109 109 109 109 109 109 109 109 109 109 109 109 109 109 109 110 110 110 110 110 110 110 110 110 110 110 110 110 110 110 110 110 110 110 110 110 110 110 110 110 110
0704 110 110 110 110 110 111 110 110 110 110 110 110 110 110 110 110 110 110 110 110 110 110 110 110 110 111 111 111 110 110 111 111 110 111 111 111 111 111 111 111 111 111 111 111 111 111 111 111 111 111 111 111 111 111 111 111 111 111 111 111
0705 111 111 111 111 111 112 112 112 112 112 112 112 112 112 112 112 112 112 112 112 112 112 112 112 112 112 112 112 112 112 112 112 112 112 112 112 112 112 112 112 112 112 112 112 112 112 112 112 112 112 112 112 112 112 112 112 112 112 112 112
0706 112 112 112 112 112 112 112 112 112 112 112 112 112 112 112 112 112 112 112 112 112 112 112 112 112 112 112 112 112 112 112 112 112 113 113 113 113 113 113 113 113 113 113 113 113 113 113 113 113 113 113 113 113 113 113 113 113 113 113 113
0707 113 113 113 113 113 113 113 113 113 113 113 113 113 113 113 113 113 113 113 113 113 113 112 112 112 112 112 112 112 113 113 113 113 113 113 113 113 113 113 113 113 113 113 113 113 113 113 113 113 113 113 113 113 113 113 113 113 113 113 113
0708 113 113 113 113 113 113 113 113 113 113 113 113 113 113 113 113 113 113 113 113 113 113 113 113 113 113 113 113 113 113 113 113 113 113 113 113 113 114 113 113 113 113 114 113 114 114 114 114 114 114 114 114 114 114 114 114 114 114 114 114
0709 114 114 114 114 114 114 115 114 114 115 114 115 115 115 115 115 115 115 115 115 115 115 115 115 115 115 115 115 115 115 115 115 116 116 116 116 116 116 116 116 116 116 116 116 116 117 117 117 116 117 117 117 117 117 117 117 117 117 117 117
0710 117 117 117 117 117 117 117 117 117 117 117 117 117 117 117 117 118 117 118 118 118 118 118 118 118 119 119 119 119 119 119 119 119 119 119 119 119 119 119 119 119 119 119 119 119 119 119 119 118 118 118 118 118 118 118 118 118 118 118 118
0711 118 118 118 118 118 118 118 118 118 118 118 118 118 118 118 118 118 118 118 118 118 117 117 117 117 117 117 117 117 117 117 117 116 116 116 115 115 115 115 115 115 114 114 114 114 113 114 113 114 114 114 114 114 114 114 114 114 114 114 114
0712 114 113 113 113 114 113 113 113 113 113 113 114 113 113 114 114 114 114 114 114 114 114 114 114 114 114 114 114 114 114 114 114 114 114 114 114 114 114 115 115 114 114 114 114 114 114 114 114 114 114 114 187 114 114 114 114 114 114 114 114
0713 114 114 113 113 113 113 113 113 114 114 114 114 114 113 113 113 113 113 114 114 113 114 114 114 113 113 113 113 113 113 113 113 113 114 114 114 114 114 115 115 115 114 115 114 114 114 114 115 115 115 115 115 115 115 115 116 116 116 116 116
0714 116 116 116 116 116 116 117 117 117 117 117 117 117 117 117 117 117 117 117 117 118 118 118 118 118 118 118 118 118 118 118 118 118 118 118 117 118 118 118 118 118 118 118 118 117 117 118 118 118 118 118 118 117 117 117 117 117 117 118 117
0715 117 117 117 118 118 118 118 117 117 118 118 117 117 117 117 117 117 117 116 116 117 116 116 116 116 117 117 117 117 117 117 117 117 117 117 117 118 117 117 117 117 118 118 118 118 118 118 119 119 120 120 120 120 120 120 120 120 120 120 120
0716 120 120 120 121 121 121 120 120 120 120 121 121 121 120 121 121 121 121 121 122 122 122 122 121 122 122 122 122 122 122 122 122 122 122 122 122 122 122 122 122 123 123 123 123 123 123 123 124 123 124 124 124 124 124 124 123 123 124 124 124
0717 124 124 124 124 124 125 187 125 125 125 125 126 126 126 126 126 126 126 126 126 126 126 126 126 126 126 126 126 126 126 126 126 126 126 126 127 127 127 127 127 127 128 128 128 128 129 129 129 129 128 128 128 128 128 128 128 128 129 129 129
0718 129 128 129 129 129 129 129 129 129 129 128 128 129 129 129 129 129 129 129 129 129 129 128 128 129 129 129 129 129 129 129 129 129 129 129 129 129 129 129 129 129 128 129 128 128 128 128 128 128 128 129 129 129 129 129 129 129 129 129 129
0719 129 129 129 129 129 129 129 129 129 129 129 129 129 129 129 129 129 129 129 130 130 130 130 130 130 129 129 129 129 129 129 130 130 130 129 129 129 129 129 129 129 129 129 129 130 130 130 129 129 129 129 129 129 129 129 129 129 129 129 129
0720 129 129 129 129 129 129 129 129 129 128 129 129 129 129 129 128 128 128 128 128 128 128 128 128 128 127 128 127 127 127 127 127 127 127 127 127 127 126 126 126 126 126 126 126 125 125 126 126 126 126 126 126 125 125 125 125 125 125 125 125
0721 125 125 126 126 126 126 126 126 126 126 126 126 126 126 127 127 127 127 127 126 126 161 126 127 126 127 127 127 127 126 126 126 126 126 126 126 126 126 125 125 125 125 125 125 125 125 125 125 125 125 125 125 125 125 125 125 124 124 125 125
0722 125 126 126 125 125 126 126 126 125 126 126 126 126 126 125 125 125 125 125 124 125 125 126 126 125 125 125 125 125 125 125 126 126 126 126 126 126 126 126 126 126 126 126 126 126 126 126 127 127 127 127 127 126 126 126 126 126 126 126 125
0723 125 125 125 125 125 125 125 124 124 124 124 124 124 124 123 123 123 123 123 123 123 123 123 123 123 123 123 124 123 123 123 123 123 123 122 122 122 122 122 122 121 121 121 121 121 121 121 121 121 121 121 121 121 121 121 121 121 121 120 120
0800 120 120 120 120 120 120 120 120 120 120 120 120 120 119 119 119 119 119 119 119 119 119 119 119 119 119 119 119 118 118 118 119 119 119 119 119 118 118 118 118 118 118 118 118 118 118 118 118 118 117 118 117 117 117 117 117 118 118 118 117
0801 118 117 117 117 117 117 117 117 117 117 117 117 117 117 117 117 117 117 117 117 117 117 117 117 117 117 117 117 117 117 117 117 117 117 117 117 149 117 116 116 116 116 116 116 116 116 116 116 116 116 116 116 116 116 116 116 116 116 116 116
0802 116 115 116 115 115 115 115 115 115 115 115 116 115 115 115 115 115 115 116 115 115 115 115 115 115 115 115 115 115 115 115 115 115 115 115 114 114 114 114 114 114 114 114 114 114 114 114 114 114 114 114 114 114 114 114 114 114 114 114 114
0803 114 114 114 114 114 114 113 114 113 113 113 113 113 113 113 113 113 113 113 113 113 113 113 113 113 113 113 112 112 112 112 112 112 112 112 112 112 112 112 112 112 112 112 112 112 112 112 112 112 112 112 112 112 112 112 112 112 112 111 111
0804 111 111 111 112 112 112 112 112 112 112 111 111 111 111 111 111 111 111 111 111 111 111 111 111 111 111 111 111 111 111 111 111 111 112 112 112 112 112 112 112 112 113 113 113 113 113 113 113 113 113 113 113 113 113 113 113 114 114 114 114
0805 114 114 114 114 114 115 115 115 115 115 115 115 115 114 114 114 114 114 114 114 114 114 114 114 114 114 114 114 114 114 114 113 113 113 113 113 113 113 113 113 113 113 113 113 113 113 113 113 113 113 113 113 113 113 113 113 113 113 113 113
0806 113 113 113 113 113 113 113 113 113 113 113 113 113 113 113 113 113 113 113 113 113 113 112 112 112 113 112 113 112 112 112 112 112 112 112 112 112 112 112 112 112 112 112 112 112 112 112 112 112 112 112 112 112 112 112 112 112 112 112 112
0807 112 112 112 111 111 111 111 112 111 112 112 112 112 112 112 112 111 112 112 112 112 112 112 112 112 112 112 112 112 111 112 111 111 111 111 111 111 111 111 111 111 111 111 111 111 111 111 111 111 111 111 111 111 111 111 111 111 111 111 111
0808 111 112 111 111 111 111 111 111 111 111 110 110 110 110 110 110 110 110 110 110 110 110 110 110 110 110 110 110 110 110 110 111 111 111 110 110 110 110 110 110 110 110 110 110 110 110 110 110 110 110 110 110 110 110 110 110 110 110 110 109
0809 109 109 109 109 109 109 109 109 109 109 109 109 109 109 109 109 109 109 109 110 110 110 110 110 110 110 110 110 110 110 110 110 111 111 111 111 111 111 111 111 111 111 111 111 111 112 112 112 112 112 113 112 113 113 113 113 113 113 113 113
0810 113 113 114 114 114 114 114 115 115 116 115 115 115 115 115 116 116 116 116 116 116 116 117 117 117 117 118 118 118 119 119 120 120 121 121 121 121 121 121 121 121 121 121 121 121 121 121 121 122 122 123 123 123 123 123 124 125 126 126 126
0811 126 127 127 127 127 127 127 127 128 129 130 130 130 130 130 131 133 134 134 132 132 133 134 135 135 135 135 136 137 137 136 136 136 136 136 137 137 137 138 138 138 137 138 139 139 139 140 140 141 142 142 141 141 142 143 144 145 146 146 146
0812 145 144 143 143 143 142 142 142 143 143 143 144 144 144 145 148 151 153 155 157 158 156 154 154 155 155 154 154 153 154 155 156 155 156 157 158 158 157 157 158 158 160 162 162 161 161 161 160 160 159 158 160 162 164 163 164 163 161 160 159
0813 160 162 164 164 163 163 161 159 157 156 157 158 157 157 158 158 161 163 164 164 165 166 168 168 167 166 168 167 167 165 162 163 164 165 166 166 164 163 164 165 167 169 171 171 170 167 168 170 171 172 173 174 173 170 168 167 166 167 168 169
0814 170 171 171 172 173 173 173 172 172 172 171 170 167 165 167 168 169 171 172 172 171 170 170 170 170 170 169 169 171 171 171 172 174 175 175 174 174 173 173 173 174 174 176 177 175 174 173 172 172 173 175 178 178 179 177 176 174 173 174 176
0815 177 178 177 178 177 176 177 179 181 183 185 185 183 181 180 177 176 176 176 176 176 177 177 177 176 176 179 182 182 182 181 178 177 176 177 179 179 180 179 179 179 178 180 183 185 184 182 182 182 182 181 181 181 180 180 180 180 180 180 180
0816 179 180 181 182 182 182 184 185 186 189 190 190 189 187 184 181 179 179 179 180 180 178 179 181 183 183 183 182 182 183 181 181 179 178 178 178 178 177 178 180 181 181 182 185 185 185 185 184 183 183 183 182 182 183 185 184 183 183 183 183
0817 182 181 180 181 183 184 186 185 184 181 179 178 178 179 179 180 180 180 178 177 176 176 175 175 175 174 174 174 174 173 173 173 173 173 173 173 173 173 173 174 174 173 173 172 172 172 172 172 172 172 172 172 173 173 173 173 173 173 173 173
0818 173 173 173 173 173 172 172 172 171 171 171 170 170 170 169 169 169 168 168 167 167 167 166 166 166 165 165 165 165 165 165 164 164 165 165 165 165 164 164 164 164 164 164 164 163 163 163 163 163 163 163 163 162 162 162 162 162 161 161 161
0819 161 161 161 161 161 161 161 160 160 160 160 160 160 160 160 159 159 159 159 159 159 158 158 158 158 158 158 158 158 158 158 157 157 157 157 157 157 156 156 156 156 156 156 156 156 155 155 155 155 155 155 155 154 154 154 154 154 154 154 154
0820 153 153 153 153 153 153 153 153 153 153 152 152 152 152 152 153 152 152 152 152 152 152 152 152 152 152 152 152 152 151 151 151 151 151 151 151 151 151 151 151 151 151 151 151 151 151 151 151 150 150 150 150 150 150 149 149 149 148 148 148
0821 148 147 147 147 147 146 146 146 146 145 145 145 145 145 145 144 144 144 144 144 143 143 143 143 143 143 143 143 143 143 143 143 143 143 143 142 142 142 142 142 142 142 142 142 141 141 141 141 141 141 141 141 141 141 141 140 140 140 140 140
0822 140 140 140 140 140 140 140 139 139 140 139 139 139 139 139 139 139 139 139 139 139 139 139 139 139 139 139 138 138 138 138 138 138 138 138 138 138 138 138 138 138 138 138 138 137 137 137 137 137 137 137 136 136 136 136 136 136 136 136 136
0823 136 136 136 136 136 136 136 136 136 136 136 136 136 136 136 135 136 136 136 136 136 136 136 136 136 136 135 135 136 135 136 136 136 136 136 135 136 136 136 136 136 135 135 135 135 135 135 134 134 134 134 134 133 133 133 133 133 133 133 133
0900 133 133 133 133 133 133 133 133 133 133 133 133 132 132 132 131 131 132 132 132 132 132 132 132 132 132 132 132 132 132 132 132 132 132 132 132 132 131 131 131 131 131 131 131 131 131 131 131 131 131 131 131 132 132 132 132 132 132 132 131
0901 131 131 131 131 131 131 131 131 131 131 131 131 131 132 132 132 132 132 132 132 132 132 132 132 132 132 132 132 132 132 132 132 132 132 132 132 132 132 132 132 132 132 132 132 132 132 132 132 132 132 132 132 132 132 132 132 132 131 131 131
0902 131 131 131 131 131 131 131 131 131 131 131 131 131 131 131 131 131 131 131 131 131 131 131 131 131 131 131 131 131 131 131 131 131 131 131 131 131 131 131 131 131 131 131 131 131 131 131 131 131 131 131 131 131 131 131 131 131 131 130 130
0903 130 130 130 130 130 130 130 130 130 130 130 130 130 130 130 130 130 130 130 129 130 130 129 129 129 129 129 129 129 129 129 129 129 129 129 129 129 129 129 129 128 128 128 128 128 128 128 128 128 128 127 127 127 127 127 127 127 127 127 127
0904 127 128 128 128 128 128 127 127 127 127 127 127 126 126 126 126 126 126 125 125 125 125 125 125 126 126 126 126 125 125 125 125 125 125 125 125 125 125 125 125 125 125 125 125 125 125 125 125 125 125 125 125 125 125 125 125 125 125 125 125
0905 125 125 124 124 124 124 124 124 124 124 124 124 124 123 123 123 123 123 123 123 123 123 123 123 122 122 122 123 123 123 123 123 123 123 123 123 123 123 123 123 123 123 123 123 123 123 122 123 123 123 123 123 123 123 123 123 123 123 123 123
0906 123 123 123 123 123 123 124 124 124 124 123 123 123 123 123 123 123 123 123 122 122 122 122 122 122 122 122 122 122 122 122 122 122 122 122 122 122 122 122 122 122 122 122 123 123 124 125 126 126 127 127 128 128 128 128 128 128 128 128 129
0907 129 129 129 128 128 128 128 128 128 128 128 128 127 127 127 127 127 127 127 127 127 127 127 127 126 126 126 126 126 126 126 126 126 126 126 126 126 126 126 125 125 125 125 125 125 125 125 125 124 125 125 125 125 125 125 125 125 125 125 125
0908 125 125 125 125 125 125 125 125 125 125 125 125 125 125 125 125 125 126 126 126 126 126 126 126 126 125 125 125 125 125 125 125 125 125 124 124 124 124 124 124 124 124 124 124 124 124 124 124 124 125 125 124 124 125 125 125 125 125 125 126
0909 125 126 125 125 126 126 126 126 126 126 126 126 126 126 126 126 126 126 126 127 127 127 127 127 127 126 126 127 127 127 127 127 127 127 127 127 127 128 127 128 128 128 128 128 128 128 128 129 129 130 130 130 130 130 130 130 130 130 130 130
0910 131 131 131 131 131 131 131 131 131 131 131 131 132 132 132 132 133 133 133 133 133 133 134 134 134 134 134 134 134 134 134 134 134 134 134 134 134 134 133 133 133 133 133 133 133 133 133 133 133 133 133 134 134 134 134 134 135 135 135 134
0911 134 135 135 135 136 135 135 135 135 135 134 134 134 134 134 134 134 134 134 134 134 134 135 135 134 134 134 134 134 134 134 134 134 135 135 135 135 135 135 135 135 135 136 135 135 135 135 135 135 136 136 136 136 136 136 137 137 136 136 136
0912 136 135 136 136 136 136 136 135 136 136 136 136 136 136 136 136 136 136 136 136 136 135 136 136 136 136 136 135 135 135 136 136 136 136 136 137 137 137 137 137 136 136 136 136 136 136 135 136 136 136 137 137 136 136 137 137 136 136 137 137
0913 137 137 137 137 137 137 138 138 138 138 138 138 138 138 138 137 138 137 138 137 137 137 136 136 135 135 135 135 134 134 134 134 134 133 133 133 134 134 134 134 134 134 134 134 134 134 134 134 134 134 135 135 135 135 135 135 135 136 136 135
0914 135 135 135 135 135 135 135 135 135 135 135 135 135 136 136 137 137 137 137 137 137 137 138 138 138 138 138 138 138 138 138 138 139 139 139 139 139 139 139 140 140 141 141 142 141 141 141 141 141 141 141 141 141 209 141 141 141 141 141 141
0915 142 142 143 143 142 142 143 143 142 142 142 142 142 142 142 141 141 142 142 142 142 142 141 142 142 141 142 142 142 142 141 141 142 142 142 142 143 143 143 143 143 144 143 143 144 144 144 145 145 145 146 146 146 147 146 146 146 146 146 146
0916 146 147 147 147 146 146 146 146 146 146 145 145 145 145 145 145 146 147 148 147 147 146 146 147 147 147 148 148 148 147 147 147 147 147 148 148 148 148 149 150 150 149 149 149 149 149 149 150 151 151 151 151 150 150 150 150 149 148 148 148
0917 148 148 148 149 149 149 149 148 148 148 149 149 149 149 148 148 149 148 148 148 148 148 148 148 148 148 148 148 149 149 149 149 149 149 149 149 149 149 149 149 149 149 149 149 149 149 149 149 148 148 148 148 148 148 148 148 148 148 148 148
0918 148 147 147 147 146 146 146 146 146 146 146 146 146 146 146 146 146 145 145 145 145 145 145 145 145 144 144 144 144 144 144 143 143 143 143 143 143 143 143 143 143 143 143 143 143 143 142 143 143 142 142 142 142 142 142 142 142 142 141 142
0919 142 142 142 142 142 142 142 141 185 141 141 142 141 141 141 141 141 141 141 141 141 141 141 141 141 141 141 141 141 141 140 140 140 140 140 140 140 140 140 140 140 140 140 140 140 140 140 140 140 140 140 140 140 140 140 140 140 140 140 140
0920 140 141 141 141 141 141 141 141 141 141 141 141 141 141 141 141 141 141 141 141 141 141 141 140 141 141 141 141 141 140 140 140 140 140 140 140 141 140 140 140 140 140 140 140 140 141 140 140 140 140 140 141 141 141 140 140 140 140 140 140
0921 140 140 141 140 140 140 140 140 140 140 140 140 140 140 140 140 140 140 140 140 139 139 139 139 139 139 139 139 139 139 139 139 139 140 140 140 140 139 139 139 139 139 138 138 138 138 138 138 138 138 138 137 138 138 137 137 137 136 136 136
0922 136 136 135 135 135 135 135 135 135 135 135 135 135 135 135 134 134 133 133 132 132 132 132 131 131 131 130 130 129 128 128 127 127 127 127 126 126 126 125 125 126 126 126 127 127 127 127 127 127 127 127 127 127 127 127 127 127 127 128 128
0923 128 128 128 129 128 128 129 129 129 129 129 129 129 130 130 130 130 130 130 130 131 131 131 116 131 131 131 131 131 131 131 131 131 131 132 132 132 132 132 133 133 133 133 133 133 133 133 133 133 133 133 133 134 134 134 134 134 134 134 134
1000 134 134 134 134 134 134 134 134 134 134 134 133 133 133 133 132 132 131 131 131 131 131 131 130 130 130 130 130 131 131 131 131 131 131 131 131 131 131 131 131 131 131 131 131 131 131 131 131 131 131 131 131 131 131 131 131 131 131 131 130
1001 130 130 129 129 129 129 129 129 129 129 128 128 128 128 128 128 128 128 128 128 128 128 128 128 128 128 128 128 128 128 128 128 128 128 128 128 128 128 128 128 128 128 128 128 128 128 128 128 128 127 128 128 128 127 127 127 127 127 127 127
1002 127 128 128 128 128 128 128 127 127 127 126 126 126 126 125 125 125 125 125 125 125 126 126 126 126 126 127 127 126 126 126 126 126 126 126 126 126 126 126 126 125 125 125 125 125 125 125 125 125 125 125 125 125 125 124 124 124 124 124 125
1003 125 125 125 125 125 125 125 125 125 125 125 125 125 125 125 125 124 124 124 124 124 124 124 124 124 124 124 124 124 124 124 124 124 124 124 124 124 124 102 124 124 124 124 124 124 124 124 124 124 124 124 124 124 124 124 124 125 125 125 126
1004 126 126 126 126 126 126 126 125 125 125 125 125 125 125 125 125 124 124 124 124 124 124 125 125 125 125 125 125 125 125 125 125 125 125 125 124 124 124 124 124 124 124 124 124 124 124 124 124 124 125 125 125 125 125 125 125 125 125 125 125
1005 125 125 125 125 125 125 125 124 124 124 124 124 124 124 124 124 125 124 124 124 124 124 124 124 124 124 124 124 124 124 124 124 124 124 125 125 124 124 124 124 124 124 124 124 124 124 124 124 124 124 124 124 124 124 124 124 124 124 124 124
1006 124 124 124 124 124 124 124 124 124 123 123 123 123 123 123 123 123 123 123 123 123 123 122 122 122 122 122 122 122 123 123 122 122 122 122 122 122 122 122 122 122 122 122 122 122 122 122 122 122 122 122 122 122 122 122 122 122 122 122 122
1007 121 122 122 121 121 122 122 122 122 122 122 122 122 122 122 122 122 122 122 122 122 122 121 121 121 121 121 121 121 121 121 121 121 121 121 121 121 122 121 122 121 122 122 121 121 121 121 121 121 121 121 121 121  94 121 121 121 121 121 121
1008 121 121 121 121 121 121 121 121 121 121 121 122 122 121 121 121 121 121 121 121 121 121 122 122 122 122 122 122 122 122 122 122 122 122 122 122 121 122 122 122 122 122 122 122 122 122 122 122 122 122 122 122 122 122 122 122 122 122 122 122
1009 122 122 123 123 123 123 123 123 124 124 124 125 125 125 124 125 125 125 126 126 126 126 127 127 127 127 127 127 128 128 128 128 128 129 129 129 129 130 130 130 131 131 131 131 131 131 131 131 131 131 131 132 132 132 133 133 134 134 134 135
1010 135 135 135 136 136 136 136 136 137 137 137 138 138 138 138 138 138 139 139 139 140 140 140 140 140 140 140 140 140 140 140 140 141 141 141 141 141 141 141 142 142 142 142 142 142 143 143 143 143 144 144 144 144 144 145 145 145 145 145 145
1011 145 146 146 145 145 145 145 145 145 145 145 145 145 145 145 146 146 146 146 147 147 146 146 146 146 146 147 147 147 147 147 147 147 147 147 146 147 147 147 147 147 147 147 147 147 147 147 148 148 147 148 148 148 148 148 148 148 149 149 148
1012 148 148 149 150 150 150 150 151 151 151 151 151 151 151 151 151 151 152 152 152 152 153 153 153 151 150 150 151 151 151 152 153 152 152 152 152 151 151 152 152 152 153 152 151 150 151 152 152 151 151 152 153 154 154 154 154 154 154 154 154
1013 155 155 154 153 153 153 153 152 153 153 154 155 156 156 156 156 157 157 157 158 158 158 159 159 160 160 159 159 160 159 159 159 159 159 159 160 162 162 161 160 161 162 162 162 161 160 161 161 160 159 159 159 160 160 160 160 160 161 162 161
1014 161 161 160 160 160 159 159 160 160 160 160 160 161 161 160 160 159 159 160 160 160 160 160 160 160 160 160 159 158 158 159 159 159 160 160 160 160 159 159 158 159 159 159 160 159 160 161 161 160 160 160 160 159 159 159 158 159 159 159 159
1015 159 159 159 159 159 159 159 159 158 158 158 158 158 158 159 159 159 159 159 159 159 159 160 160 161 162 162 161 161 160 160 161 160 160 161 162 162 162 161 161 161 161 162 161 161 161 161 162 162 162 162 163 163 163 163 162 162 162 162 163
1016 163 163 163 162 162 161 161 161 161 162 161 161 161 161 162 162 161 162 162 161 160 160 160 160 160 160 160 160 160 160 160 160 160 161 161 160 161 160 160 160 160 160 160 160 160 159 159 159 159 160 160 160 161 161 161 161 160 160 160 160
1017 160 160 159 159 159 159 159 159 159 159 159 159 159 159 160 159 159 159 159 159 159 159 158 158 158 158 158 158 158 158 158 158 158 158 158 158 158 158 158 158 157 158 158 157 157 157 157 157 157 157 157 157 157 157 157 157 157 157 157 157
1018 157 157 156 156 157 157 156 157 156 157 157 156 156 156 157 157 157 157 156 156 156 156 157 157 157 157 156 156 156 156 156 156 156 156 156 156 156 156 156 156 157 157 156 156 156 155 155 154 154 153 152 152 152 152 152 152 151 151 151 151
1019 151 151 151 152 151 151 151 151 151 151 151 151 151 151 151 151 150 150 149 149 149 148 148 147 148 148 148 148 148 148 148 148 148 147 148 148 148 148 148 148 149 149 149 149 149 149 148 148 148 148 148 148 148 148 148 148 148 148 148 149
1020 149 149 149 149 149 149 149 150 150 149 150 149 150 150 150 150 150 150 150 150 150 150 150 150 150 150 150 150 150 150 149 149 149 150 150 150 150 149 150 149 149 150 149 149 149 149 150 150 150 149 149 149 149 149 149 149 149 149 149 149
1021 149 149 149 149 149 149 149 149 149 149 149 149 149 148 149 149 148 149 148 148 148 148 148 148 148 148 148 148 148 148 148 148 148 148 148 148 148 148 147 147 147 148 148 147 147 147 147 147 147 147 147 147 147 147 147 147 147 147 147 146
1022 147 146 146 146 146 146 146 146 146 146 146 146 146 146 145 145 145 145 145 145 145 145 145 145 145 145 145 145 145 145 145 145 145 145 145 145 145 145 145 145 145 145 145 145 144 144 144 144 144 144 144 144 144 144 144 144 144 144 144 144
1023 144 144 144 144 144 144 144 144 144 144 144 143 143 144 144 144 144 143 143 143 143 143 143 143 143 143 143 143 143 143 143 143 143 143 143 143 143 143 143 143 143 143 144 143 144 144 144 144 143 143 143 143 143 143 143 143 143 143 143 143
1100 142 142 142 143 142 142 142 142 142 142 142 142 142 141 141 141 141 141 141 141 141 141 141 141 141 141 141 141 141 141 140 140 140 140 140 140 140 140 140 140 140 140 140 140 140 139 139 139 139 139 139 139 139 139 139 139 139 139 139 138
1101 138 138 138 138 138 138 138 138 137 137 137 137 137 137 137 137 136 136 136 136 136 135 135 135 135 134 134 134 134 133 133 133 132 132 131 131 131 131 130 130 130 130 130 130 131 130 130 130 130 130 130 130 130 130 130 130 130 130 130 130
1102 129 130 130 130 129 129 129 129 129 129 129 129 129 129 129 129 129 129 129 128 128 128 128 128 128 128 128 128 128 128 128 128 128 128 128 127 128 128 128 128 128 128 128 128 128 128 128 128 128 128 128 128 127 127 127 127 127 128 128 128
1103 128 127 127 127 127 127 127 127 127 127 127 127 127 127 127 127 127 127 126 126 126 126 126 126 126 127 127 127 127 127 126 126 126 126 126 126 126 126 126 126 126 126 126 126 126 126 126 126 126 126 126 126 126 126 126 126 125 125 125 125
1104 125 125 125 126 126 126 125 125 125 125 125 125 125 125 126 125 125 125 126 125 125 125 125 125 124 124 124 124 124 124 124 124 124 124 124 124 124 124 124 124 124 124 124 124 124 124 124 124 124 124 124 123 123 123 123 123 123 123 123 123
1105 123 122 122 122 122 122 122 122 122 123 123 123 123 123 122 122 122 122 122 122 122 122 121 121 121 121 121 121 121 121 121 121 121 121 121 121 121 120 120 120 120 119 119 120 120 120 120 120 120 119 119 118 118 117 117 117 118 118 118 117
1106 117 117 117 116 116 116 116 116 116 116 116 115 115 115 115 114 114 113 112 112 111 111 111 111 110 110 110 111 111 112 112 112 112 112 112 112 112 111 111 111 111 111 111 111 110 110 110 110 110 110 110 110 110 111 110 110 110 110 109 109
1107 109 108 108 108 107 107 106 106 106 106 106 105 105 105 105 106 106 106 106 106 105 105 105 105 105 105 106 107 107 107 107 107 107 106 106 106 106 105 106 105 105 105 105 105 106 105 105 105 105 105 105 105 105 105 105 105 105 104 104 104
1108 104 105 105 106 106 107 107 107 108 108 108 108 108 108 108 108 108 108 108 107 107 107 107 107 107 107 107 107 107 107 107 107 107 106 106 106 106 106 106 106 106 106 106 106 106 106 106 106 106 106 106 106 106 106 106 106 106 106 106 106
1109 106 106 106 107 106 106 106 106 107 107 107 107 107 107 107 107 107 107 107 107 107 107 107 107 107 107 107 107 107 107 108 108 108 108 108 108 108 108 108 108 108 108 108 108 108 108 108 108 108 108 108 108 108 108 109 109 109 108 108 108
1110 108 108 108 109 109 109 109 109 109 109 109 109 109 110 110 110 110 110 110 110 110 110 110 111 111 111 111 110 110 110 110 110 110 110 110 110 110 111 111 111 111 112 112 112 112 113 113 113 113 113 113 113 113 113 113 113 113 113 113 113
1111 113 113 113 113 113 114 114 114 114 114 114 115 115 115 115 115 116 116 116 116 116 116 117 117 117 117 117 118 118 119 119 119 120 120 120 119 119 119 119 119 119 119 119 119 119 120 120 120 120 120 120 120 120 120 120 120 120 121 121 121
1112 121 121 121 121 121 121 122 122 122 122 123 123 123 122 123 123 123 122 122 122 122 122 122 122 122 122 122 122 122 121 121 121 121 121 121 121 122 122 122 122 123 123 123 123 122 122 122 123 122 123 123 123 123 123 123 123 123 123 124 124
1113 124 123 123 123 123 123 123 123 123 123 123 123 122 123 123 123 123 123 123 123 123 123 123 123 123 123 123 124 124 124 124 123 123 123 123 122 123 123 123 123 123 123 123 123 123 123 123 123 123 123 123 123 123 123 124 124 124 124 124 124
1114 124 124 124 124 124 124 124 124 124 124 124 124 124 123 124 123 123 123 123 123 123 124 123 123 123 123 123 122 122 122 122 123 123 123 123 123 123 122 122 122 122 122 122 122 123 123 123 123 123 123 123 122 122 122 122 122 122 122 122 122
1115 122 123 123 122 122 122 122 121 122 122 122 122 122 122 122 122 122 122 122 121 121 121 121 121 121 121 121 121 122 122 122 122 122 122 122 122 121 121 121 121 121 121 121 121 122 122 122 122 122 121 121 121 121 121 121 121 121 121 122 122
1116 122 122 122 122 122 122 122 122 122 121 121 121 121 121 121 121 121 121 121 121 121 121 121 121 121 121 121 120 120 120 120 120 120 120 120 120 120 120 120 120 120 120 120 120 120 120 120 120 120 120 120 119 119 119 119 119 119 119 119 119
1117 119 119 119 119 119 119 119 119 119 119 119 119 119 119 119 119 119 119 119 119 119 119 119 119 119 119 119 118 118 118 118 118 118 118 118 118 118 119 118 118 118 118 119 119 119 118 119 119 119 118 119 119 118 119 119 119 119 118 118 118
1118 118 118 118 118 118 118 118 118 118 118 118 118 118 118 118 118 118 118 118 118 118 118 118 118 117 117 117 117 117 117 117 117 117 117 117 117 117 117 117 117 117 117 117 117 117 117 117 117 117 117 117 117 117 117 117 117 117 117 117 117
1119 116 116 116 116 116 116 116 116 116 116 116 116 116 116 116 116 115 116 116 116 116 116 116 115 115 114 114 114 115 115 115 114 114 114 114 115 115 115 116 116 116 116 116 115 115 115 114 114 114 114 114 114 114 114 113 113 113 113 113 113
1120 113 113 113 113 113 113 113 113 112 113 113 112 112 112 112 113 113 113 113 113 113 113 113 113 113 113 113 113 113 113 113 112 112 112 112 112 112 112 111 111 111 112 111 111 111 111 111 111 110 110 111 111 111 111 111 111 111 111 111 111
1121 112 112 112 111 111 111 111 111 112 112 152 111 111 111 111 111 111 111 111 111 111 112 112 113 113 113 113 113 113 113 113 113 113 113 113 113 112 113 112 112 112 112 112 112 112 112 112 112 112 113 113 113 113 113 113 113 113 114 114 114
1122 114 114 114 114 114 114 114 114 114 113 113 113 113 112 113 113 113 113 113 113 113 113 113 113 113 113 113 113 113 113 113 114 114 114 114 114 114 114 114 113 113 113 113 113 113 113 113 113 112 112 112 111 111 111 112 112 112 112 112 112
1123 112 112 112 112 112 112 112 113 113 113 112 112 112 112 112 112 111 111 111 111 111 112 111 111 111 111 112 112 112 112 112 113 113 113 113 113 113 113 113 113 113 113 113 113 112 112 112 112 112 112 112 112 112 112 112 112 112 112 112 112
1200 112 112 112 112 112 112 112 112 112 111 111 111 111 111 111 111 111 111 111 111 111 111 112 112 112 112 112 112 113 113 113 113 113 113 113 113 113 113 113 113 113 113 113 113 113 113 113 113 113 113 113 113 113 113 113 113 113 113 113 113
1201 113 113 113 113 113 113 113 113 112 113 113 112 112 112 112 112 112 112 112 111 111 112 112 112 112 142 112 112 112 112 112 112 112 112 112 112 112 112 111 112 112 111 111 111 111 111 110 110 110 110 110 110 110 110 110 110 110 110 110 110
1202 109 110 110 109 110 109 109 109 109 109 109 109 110 110 110 110 110 110 110 110 110 110 111 111 112 112 112 112 112 111 111 111 111 111 111 111 111 111 111 111 111 111 111 111 111 111 111 111 111 111 112 112 111 111 111 111 111 111 110 110
1203 110 110 110 110 110 109 109 109 109 109 109 109 110 110 110 110 110 110 110 110 109 109 109 109 109 109 109 109 110 110 110 109 109 109 109 108 109 109 109 109 109 109 110 110 110 110 110 110 110 110 110 110 110 109 109 109 109 109 109 109
1204 109 109 109 109 109 109 109 109 109 109 109 109 109 110 110 110 110 111 111 111 112 112 112 112 112 112 112 112 112 112 112 112 112 112 112 111 111 112 112 111 112 112 112 111 112 112 112 112 112 112 112 112 111 111 111 111 111 111 111 111
1205 110 111 110 110 110 111 110 110 111 111 111 111 111 111 111 110 110 110 110 110 109 109 109 109 109 110 110 110 110 110 110 109 109 109 109 109 109 109 109 109 141 109 109 109 109 109 109 109 109 109 109 110 110 110 110 110 110 110 110 110
1206 110 110 110 109 109 109 109 109 109 109 108 109 109 109 109 109 110 110 110 110 110 110 110 110 110 110 110 111 111 111 111 111 111 111 111 111 112 111 111 111 111 111 111 111 111 111 111 111 112 112 112 112 112 112 112 112 112 112 112 112
1207 112 112 112 112 112 112 112 112 112 112 112 111 111 112 111 111 112 112 112 112 112 112 112 112 112 112 112 112 113 113 113 113 113 113 113 113 113 113 113 113 113 113 113 113 113 113 113 113 113 113 113 113 113 113 113 113 113 113 113 113
1208 113 113 113 113 113 113 113 113 113 113 113 113 113 112 112 112 113 113 113 113 112 112 113 113 113 112 112 112 112 112 111 111 111 111 111 111 111 111 111 111 111 111 111 111 111 111 111 111 111 111 111 111 111 111 111 110 110 111 111 111
1209 112 112 112 112 112 112 112 112 112 112 112 113 113 113 113 113 114 114 114 114 114 114 114 114 114 115 115 115 115 115 115 115 115 115 115 115 116 116 116 116 116 116 117 117 117 117 117 117 117 118 118 118 118 118 118 138 118 119 119 119
1210 119 119 119 119 119 119 119 119 119 119 119 119 119 119 119 119 119 119 119 119 119 119 119 119 118 118 119 119 119 119 119 119 118 118 118 118 118 118 118 118 118 118 118 118 118 118 118 118 118 119 119 119 119 119 119 119 119 120 120 120
1211 120 121 121 121 121 122 122 122 122 122 122 121 120 120 120 120 120 120 120 120 120 120 120 121 121 121 121 121 121 121 121 121 120 121 121 121 121 121 121 121 121 122 123 123 122 123 123 123 123 123 123 123 123 122 123 123 123 123 124 125
1212 125 125 125 126 126 125 126 127 128 128 127 127 127 127 127 127 127 127 128 127 126 126 127 127 128 129 127 127 126 127 128 129 131 131 132 131 131 130 130 130 130 130 130 131 132 133 133 132 130 130 131 131 130 130 129 129 128 128 128 129
1213 129 129 129 129 129 129 129 128 128 128 128 128 128 128 129 130 130 130 130 130 130 130 130 130 129 129 129 129 129 129 129 129 129 129 130 130 130 129 129 130 130 130 131 131 131 131 131 131 132 132 131 131 131 132 133 133 133 133 134 134
1214 134 134 133 134 134 134 135 135 133 133 133 133 133 134 134 134 134 134 135 135 135 135 135 135 135 136 136 137 138 138 139 140 140 141 141 142 142 141 141 142 142 142 142 140 139 138 137 137 137 137 137 137 138 138 139 139 138 138 139 139
1215 139 139 139 140 141 142 144 146 146 145 144 143 142 142 142 143 144 145 144 144 145 147 149 148 149 149 148 147 146 146 146 146 147 148 148 147 146 145 145 144 145 146 146 144 144 144 144 146 147 149 151 152 154 155 153 151 149 148 147 146
1216 146 145 145 144 143 144 144 144 144 145 144 144 144 144 145 145 145 145 145 145 146 146 145 145 145 144 144 144 144 144 145 146 146 146 146 146 146 146 146 145 145 144 144 144 144 143 143 143 143 143 144 144 144 145 146 146 147 147 148 148
1217 148 147 146 145 144 144 144 144 144 144 145 145 145 145 145 145 145 145 144 145 145 145 145 145 145 145 145 145 145 145 145 146 145 145 145 145 146 147 148 148 148 148 149 149 149 148 148 148 148 147 147 146 146 145 145 145 145 145 145 144
1218 144 144 144 144 144 144 144 144 144 144 144 144 144 143 143 143 143 142 142 142 142 142 142 142 142 142 142 142 141 141 141 141 140 140 140 140 140 140 139 138 138 138 138 137 137 137 137 137 137 137 137 137 137 136 136 135 135 134 134 134
1219 134 133 133 133 132 132 132 132 131 131 131 131 130 129 129 128 127 126 125 125 124 124 124 123 123 123 122 121 121 120 120 119 118 118 117 117 117 117 117 116 116 115 115 114 114 113 113 112 111 111 111 111 110 110 109 110 111 112 114 115
1220 117 117 118 119 120 120 121 121 121 121 121 121 121 122 121 121 121 120 121 121 121 120 120 120 120 119 119 119 119 119 118 118 118 118 118 117 117 117 116 116 116 115 115 115 114 113 113 112 112 111 111 111 110 110 110 109 109 109 109 108
1221 108 107 107 107 106 106 106 106 107 107 107 107 107 107 107 107 106 106 106 106 106 106 106 106 106 106 106 106 106 106 107 108 109 110 110 110 111 111 111 112 113 113 114 114 114 115 115 115 114 114 114 114 114 114 114 113 113 113 113 113
1222 113 113 113 113 113 113 113 113 113 114 114 114 113 113 113 113 113 112 112 112 112 112 112 112 112 112 112 112 111 111 112 112 111 111 111 111 110 110 110 110 110 110 109 109 109 109 109 109 108 108 108 108 108 108 108 108 109 108 109 109
1223 109 109 109 109 109 108 108 108 107 107 107 107 106 106 106 105 105 105 105 106 106 106 105 105 105 105 105 105 105 105 105 105 104 105 105 105 105 105 106 106 107 107 107 107 107 106 106 105 105 105 104 104 104 104 104 104 103 103 104 104
1300 104 105 105 106 106 106 106 105 105 104 104 104 103 103 103 102 101 101 101 100  99  99  98  98  98  98  99 100 100 100  99  99  99  98  98  97  97  98  98  98  98  98  97  97  97  96  96  95  95  95  94  94  94  94  94  94  94  94  94  93
1301  93  93  93  93  93  93  92  92  92  91  91  91  91  91  91  91  91  92  92  92  92  93  94  94  94  94  94  95  96  96  97  97  97  96  96  95  95  94  94  94  93  92  91  91  90  90  90  90  90  89  89  89  89  89  88  89  89  89  88  87
1302  87  87  88  89  89  89  88  88  87  87  87  86  86  86  86  85  84  84  84  84  84  84  84  84  84  83  82  82  81  81  80  80  81  81  81  80  79  79  79  79  79  79  79  79  79  79  79  79  79  79  79  79  79  78  78  78  79  79  79  79
1303  79  79  78  78  77  77  76  76  76  75  75  74  74  74  74  74  74  74  74  75  75  75  75  75  76  76  75  75  75  75  75  75  75  75  75  76  76  76  76  76  76  75  75  75  74  74  74  74  74  74  74  74  74  73  73  73  73  73  73  72
1304  72  72  71  71  71  71  72  72  72  73  73  73  74  74  73  72  72  72  71  72  72  72  72  72  73  73  73  73  73  73  73  73  73  73  73  72  72  72  72  73  73  73  73  73  72  72  72  71  71  71  71  71  71  71  71  70  70  70  70  70
1305  70  70  71  71  71  71  71  70  70  70  70  70  70  70  70  70  70  70  70  70  70  70  70  70  70  70  70  69  69  68  68  67  68  68  69  69  69  69  69  69  69  69  70  70  70  70  70  70  70  70  70  70  70  70  70  70  70  70  70  70
1306  70  70  71  71  71  71  71  71  71  71  71  71  71  71  71  71  71  71  70  70  70  70  69  69  69  69  69  69  69  69  69  69  69  69  69  69  69  70  70  70  70  70  70  70  70  71  70  70  71  71  71  71  71  72  72  72  72  72  72  72
1307  72  73  73  73  74  74  75  75  76  76  76  77  77  77  77  77  78  78  78  78  79  79  79  80  80  80  80  80  80  80  81  81  81  81  81  82  82  83  83  83  84  84  85  85  85  86  86  86  86  86  87  87  87  87  88  88  88  88  88  89
1308  89  89  89  89  89  89  89  90  90  90  90  90  90  90  91  91  91  91  91  91  91  91  91  92  92  92  92  92  92  93  93  93  93  93  93  93  94  94  94  94  94  94  95  95  95  95  95  95  95  95  95  96  96  96  96  96  97  97  97  97
1309  97  97  97  97  98  98  98  98  98  98  98  98  98  98  99  99  99  99  99  99  99  99  99  99  99  99  99  99  99  99  99  99 100 100 100 100 100 100 100 100 101 101 101 102 101 101 101 101 101 101 101 101 101 101 102 102 102 102 102 102
1310 102 102 102 102 102 102 102 102 102 102 103 103 103 103 103 103 103 104 104 104 104 105 105 105 105 105 105 105 105 105 105 105 106 106 106 106 106 106 107 107 107 107 107 107 107 107 107 107 108 108 108 108 108 108 108 108 108 108 109 109
1311 109 109 109 109 110 110 110 109 109 109 109 109 109 109 109 109 109 109 109 109 109 109 109 110 110 110 110 110 110 110 110 110 110 110 110 110 111 111 111 111 111 111 111 111 110 111 110 110 111 111 111 111 111 111 111 111 112 111 111 111
1312 111 112 112 112 112 112 112 113 112 112 112 113 113 113 113 113 113 113 113 113 114 114 114 114 114 114 114 114 114 114 114 114 114 114 115 115 115 116 116 117 117 117 117 117 117 118 118 119 119 119 119 118 118 117 116 116 116 116 116 116
1313 115 115 115 115 115 115 115 115 115 116 116 116 116 116 116 116 116 116 117 117 117 117 118 118 118 118 118 118 118 118 117 117 118 118 118 118 118 118 118 118 117 117 116 117 117 117 117 117 117 117 117 117 117 117 117 117 117 117 117 117
1314 117 117 117 117 117 117 117 117 117 117 117 117 117 117 117 118 118 118 118 118 118 118 118 118 119 119 119 119 119 118 118 118 118 119 119 118 118 118 118 118 119 119 120 120 121 121 121 121 121 121 121 121 121 121 121 120 120 120 120 120
1315 120 120 120 121 120 120 121 121 123 123 123 123 123 123 123 123 124 124 123 123 123 122 122 122 122 122 122 122 122 122 123 123 123 124 124 124 124 123 123 123 122 122 122 122 123 123 123 123 123 124 124 124 124 123 123 124 123 123 123 124
1316 123 124 125 125 125 125 125 125 125 125 125 125 125 125 124 124 124 124 124 124 125 125 125 125 125 124 125 125 124 125 125 125 125 125 125 125 125 125 125 125 125 125 125 125 125 125 125 125 124 124 125 126 126 126 126 126 126 126 126 126
1317 125 126 126 126 126 125 125 125 125 125 125 125 125 125 125 125 125 125 125 125 125 125 125 125 125 125 125 125 125 124 125 125 125 125 125 125 124 124 125 125 125 125 125 125 125 125 125 124 124 124 125 125 124 124 124 124 124 124 124 124
1318 124 124 124 124 124 124 124 124 124 124 124 124 124 124 124 124 124 124 124 124 124 124 124 124 124 123 124 123 124 123 123 123 123 123 123 123 123 123 123 123 123 123 123 123 123 123 123 123 123 123 123 123 123 122 122 122 122 122 122 122
1319 122 122 122 122 122 122 122 122 122 122 122 122 122 122 122 121 122 122 122 122 122 122 122 122 122 122 121 121 121 121 121 121 121 121 121 121 121 121 121 121 121 120 120 120 120 121 120 120 120 120 120 120 120 120 120 120 120 120 120 120
1320 120 119 119 119 119 119 119 119 119 119 119 119 119 119 119 119 119 119 119 119 119 119 119 119 119 119 119 119 119 119 119 119 119 119 118 119 119 119 119 119 118 119 119 119 119 119 119 119 119 119 119 119 119 119 119 119 119 119 119 119
1321 119 119 119 119 119 119 119 119 119 119 119 119 119 119 119 119 119 119 119 119 119 119 119 119 120 120 120 120 120 120 120 120 120 120 120 120 120 120 120 120 120 120 120 120 120 120 120 120 120 120 120 120 120 119 119 119 119 120 120 120
1322 119 119 119 119 120 120 120 120 120 120 120 120 120 119 119 119 119 119 119 119 119 119 119 119 120 120 119 120 120 120 119 120 120 120 120 120 120 119 119 120 119 120 120 119 119 119 119 120 120 120 120 120 120 120 120 120 120 120 120 120
1323 120 120 120 120 120 120 120 120 120 120 120 119 142 119 119 119 119 119 119 119 119 119 119 119 119 119 119 119 120 120 120 120 119 119 119 119 119 119 119 119 118 118 118 118 118 118 118 118 118 118 118 118 118 118 118 118 117 117 117 117
1400 117 117 117 117 117 117 117 117 118 118 118 118 118 118 118 118 118 118 118 118 118 118 118 118 118 118 118 118 118 118 118 118 118 118 118 118 118 118 118 118 118 118 118 118 117 117 117 117 117 117 117 117 117 117 117 117 117 117 117 117
1401 117 116 116 116 116 116 116 116 116 116 116 116 116 116 116 117 117 116 116 116 116 116 116 117 117 117 117 117 117 117 117 116 116 116 116 116 116 116 115 115 115 115 115 116 115 116 116 116 116 116 116 115 115 115 115 115 115 115 115 115
1402 115 115 115 115 115 115 115 115 115 115 115 115 115 115 115 115 115 115 115 115 115 115 115 115 115 115 115 115 115 114 115 114 114 114 115 114 115 115 115 115 115 115 115 114 115 115 115 114 115 115 115 115 115 115 115 115 115 115 115 115
1403 114 114 114 114 114 114 114 114 114 114 114 114 114 114 115 115 115 115 115 115 115 115 114 114 115 114 115 137 114 114 114 114 114 114 114 114 114 114 114 114 114 114 114 114 114 114 114 114 114 114 114 114 114 114 114 114 114 114 115 115
1404 115 115 114 114 114 114 114 115 114 114 114 115 115 116 116 116 116 115 115 115 115 115 115 116 116 115 115 115 115 115 115 115 115 115 115 115 115 115 115 115 115 115 115 114 114 114 114 114 114 114 114 114 114 114 115 115 114 114 114 114
1405 114 114 114 114 114 114 113 113 114 114 114 114 114 114 114 114 114 114 114 114 114 114 114 114 114 114 114 114 114 114 114 114 114 114 114 114 114 114 114 114 114 114 114 114 114 114 115 114 115 115 115 115 115 115 115 115 115 115 115 115
1406 115 115 115 115 115 116 115 116 116 116 116 116 116 116 116 116 115 115 116 116 115 116 115 116 116 116 116 116 116 116 116 116 115 116 115 115 116 116 116 116 116 115 116 115 115 115 115 115 115 115 116 115 116 116 116 115 116 115 115 115
1407 115 116 116 115 116 116 116 116 116 116 116 116 116 116 116 116 115 115 115 116 115 116 115 116 115 115 115 115 115 115 115 115 115 115 115 115 115 115 116 115 116 116 134 115 116 115 115 116 115 115 116 116 116 115 115 115 115 115 115 115
1408 115 115 115 115 115 115 115 115 115 115 115 115 115 115 115 115 115 115 115 115 115 115 115 115 115 114 114 114 114 114 114 114 114 114 114 114 114 113 114 114 114 114 114 114 114 114 114 114 114 114 114 114 114 114 114 114 114 114 114 114
1409 114 114 114 114 114 114 114 114 114 114 114 114 114 114 114 114 114 114 114 114 114 114 115 114 115 115 115 115 115 115 115 116 116 116 116 116 116 116 116 117 117 117 116 116 116 116 116 116 116 116 117 117 117 117 117 117 117 117 117 117
1410 117 118 118 119 119 119 119 119 119 120 120 120 120 120 120 121 121 121 121 121 121 121 121 121 121 121 121 121 121 121 122 122 122 122 122 122 122 122 122 122 122 122 122 122 122 122 122 122 122 123 122 122 122 122 122 123 123 123 123 123
1411 123 123 123 123 123 123 123 124 123 123 123 123 124 124 124 124 124 124 124 124 124 124 124 124 124 124 124 124 124 124 124 124 124 124 124 125 125 125 125 125 125 125 125 125 125 125 125 125 125 125 126 125 125 126 126 126 126 139 127 126
1412 126 126 126 126 127 126 126 126 126 126 126 126 127 127 127 128 128 128 128 128 127 127 127 127 127 127 127 127 127 127 127 127 127 127 128 129 129 129 129 129 129 129 130 130 129 130 130 129 129 130 130 130 130 130 130 129 129 129 129 129
1413 129 129 129 130 129 129 130 130 130 130 131 131 131 132 132 131 131 132 132 132 132 132 132 131 132 132 132 133 133 133 133 133 133 133 133 133 134 134 134 135 135 135 135 134 134 134 134 134 133 134 134 134 134 134 135 135 135 135 135 136
1414 136 136 136 137 137 137 138 138 138 138 138 137 136 136 136 136 136 136 136 136 136 136 136 136 136 137 137 137 137 137 137 137 137 137 137 137 137 137 136 137 136 136 136 136 137 137 137 137 137 137 137 137 137 137 138 139 139 139 139 138
1415 138 138 138 138 138 138 139 140 140 140 140 139 138 138 138 139 139 139 139 139 139 140 140 139 139 139 139 139 139 139 139 138 138 138 138 138 138 138 138 138 137 137 137 138 138 138 139 139 139 139 139 138 139 138 138 139 139 139 140 140
1416 140 141 141 141 141 140 140 140 140 140 140 140 158 140 140 140 140 140 140 140 140 140 140 140 139 139 139 139 139 138 139 139 139 139 139 139 139 138 138 138 138 138 138 138 138 138 138 138 139 138 138 138 139 139 139 140 140 139 139 139
1417 139 139 139 139 139 139 139 139 139 139 139 139 139 139 138 138 138 138 138 138 138 138 138 138 138 138 138 138 138 138 138 138 138 138 138 138 138 138 138 138 138 137 137 137 137 137 137 137 137 137 137 137 137 137 137 138 137 137 137 137
1418 137 137 137 137 137 137 137 137 137 137 137 137 137 136 136 136 136 136 136 136 136 136 136 136 136 136 136 136 136 136 135 135 136 136 135 135 135 136 135 135 135 135 135 135 135 135 135 135 135 134 134 134 134 134 134 134 134 134 134 133
1419 133 133 133 133 134 133 133 133 133 133 133 133 133 133 133 133 133 133 133 132 132 132 132 132 132 132 132 132 132 132 132 132 132 132 132 132 132 131 131 131 131 131 131 131 131 131 131 131 131 131 131 131 131 131 131 130 130 130 130 130
1420 130 130 130 129 129 129 129 129 129 129 129 129 129 129 128 128 128 128 128 128 128 128 128 127 128 128 127 127 127 128 128 128 128 128 128 128 128 128 128 127 127 127 127 127 127 127 127 127 127 127 127 127 127 127 127 127 128 128 128 128
1421 128 128 128 127 127 127 127 127 127 127 127 127 127 127 127 126 127 127 127 127 127 127 127 127 127 127 127 127 127 128 127 127 127 127 127 127 127 127 127 127 127 127 127 127 127 127 127 127 127 127 128 127 127 127 127 127 127 127 127 127
1422 127 127 127 127 127 127 127 126 126 127 127 127 128 128 127 127 127 127 127 127 127 127 127 127 126 127 126 126 126 126 126 125 125 125 124 124 125 125 125 125 125 125 125 124 124 124 124 124 124 124 125 125 125 125 124 124 124 124 123 123
1423 123 123 123 123 123 123 123 123 123 123 123 124 124 124 124 124 124 124 123 124 124 123 123 123 123 123 123 123 124 123 123 123 124 123 123 123 124 124 124 124 124 125 125 125 125 125 125 125 125 125 125 125 125 125 125 125 125 125 125 125
1500 125 125 125 125 125 126 126 126 126 126 126 126 126 126 126 126 126 125 125 125 125 125 125 124 125 125 125 125 125 125 125 125 125 125 125 125 124 124 124 124 124 124 124 124 124 124 124 124 124 124 124 124 124 124 124 124 124 124 124 124
1501 124 124 124 124 123 123 124 124 124 124 124 124 124 123 123 123 123 123 123 123 123 123 123 123 123 123 123 123 123 123 123 123 123 123 123 123 123 123 123 123 123 123 122 122 122 122 122 122 122 122 122 122 122 122 122 122 122 122 121 121
1502 121 121 121 121 121 121 121 121 121 121 121 121 121 120 120 121 120 121 121 120 121 121 120 120 120 120 121 121 121 121 120 120 120 120 120 120 120 120 119 119 119 119 119 119 119 119 119 119 119 119 119 119 119 120 119 120 120 120 120 120
1503 120 120 120 121 121 121 121 121 122 122 122 123 123 123 123 122 122 122 122 122 122 122 122 122 122 122 122 122 122 122 122 122 123 123 123 123 123 123 124 124 124 124 124 124 124 124 124 124 123 124 124 124 124 124 124 124 124 124 124 124
1504 124 124 123 123 123 123 123 123 122 122 122 122 122 122 122 122 122 122 122 122 122 122 122 122 122 122 121 121 121 121 121 121 121 121 121 121 121 121 121 121 121 121 121 121 121 121 121 121 121 121 121 121 121 121 121 121 121 121 121 121
1505 121 121 121 121 121 121 121 121 121 121 121 120 120 120 120 120 120 120 120 120 120 120 120 120 120 120 120 120 119 119 119 119 119 119 118 118 118 118 118 118 118 118 119 119 119 119 119 119 120 120 120 120 121 121 121 121 121 121 121 121
1506 121 121 121 121 121 121 121 121 121 121 121 120 120 120 120 120 120 120 120 120 120 119 119 119 119 119 119 119 119 120 120 120 120 120 120 120 120 120 120 120 120 120 120 120 120 120 120 120 120 120 120 120 120 120 120 120 121 121 120 120
1507 120 120 120 120 120 120 120 120 120 120 120 120 120 120 120 120 120 120 120 120 120 120 120 120 120 120 120 120 120 120 120 120 120 120 120 120 120 121 121 121 121 121 121 121 121 121 121 121 121 121 121 121 120 120 120 120 120 120 120 120
1508 120 120 120 120 120 120 120 120 120 120 120 120 120 120 120 120 120 120 121 120 120 120 120 120 120 120 120 120 120 120 120 119 119 119 119 119 118 118 118 118 118 118 118 118 118 118 118 118 118 118 118 118 118 118 118 118 118 118 118 118
1509 118 119 119 119 119 119 119 119 120 120 120 120 120 120 120 120 120 120 120 120 121 120 120 121 120 121 121 121 121 121 121 121 121 121 122 122 122 122 122 123 123 123 122 122 123 123 123 123 123 123 123 124 124 123 123 123 123 123 124 124
1510 124 124 124 124 125 125 125 125 125 126 126 126 126 126 126 126 126 126 126 126 126 126 126 126 126 127 127 127 127 127 127 127 127 127 127 128 127 127 128 128 128 128 128 128 128 128 128 128 128 128 129 129 129 129 130 130 130 130 130 130
1511 131 130 130 130 130 131 131 131 131 131 132 131 131 131 132 132 132 133 133 133 132 132 132 132 132 133 132 132 132 132 132 133 133 133 133 133 133 133 133 133 134 134 134 134 134 134 134 135 135 135 135 136 136 136 137 136 137 137 137 137
1512 137 138 139 139 140 140 140 140 140 140 140 140 141 141 141 141 141 142 142 143 144 145 145 146 147 147 147 148 148 149 150 151 150 149 148 148 148 148 149 149 149 149 151 152 154 156 156 157 157 157 157 157 157 155 153 152 153 153 154 154
1513 154 155 156 158 159 159 160 161 163 164 163 164 165 167 166 165 166 166 164 164 164 164 164 164 163 165 165 165 164 163 164 164 165 167 167 168 168 170 170 168 168 168 168 169 168 167 168 169 171 171 172 174 174 173 172 171 170 169 170 171
1514 172 172 172 175 178 178 176 175 174 173 173 175 176 176 177 176 175 177 177 177 176 176 176 178 177 176 175 175 176 175 176 176 178 176 175 176 177 177 178 178 176 175 175 175 175 175 175 174 174 175 176 175 175 174 173 173 173 173 174 173
1515 172 171 171 171 171 173 174 174 176 178 179 180 180 180 182 182 182 183 182 180 180 180 180 181 181 181 180 179 177 176 175 174 173 173 173 173 173 173 174 174 175 174 174 174 174 174 174 175 175 177 179 180 180 181 181 181 180 179 179 179
1516 179 179 179 178 178 178 178 179 179 180 179 180 180 180 180 179 179 180 180 179 178 177 177 178 178 178 177 177 176 176 175 175 175 176 176 175 174 174 174 174 174 175 175 175 175 175 174 174 174 174 174 174 174 175 175 175 175 175 174 174
1517 174 174 174 174 175 175 175 175 175 175 174 174 174 174 175 175 174 174 173 173 173 173 174 174 174 174 174 174 174 173 173 173 173 173 173 173 173 173 172 172 172 172 172 172 172 172 171 171 171 171 171 171 171 171 170 170 170 170 170 169
1518 169 169 169 168 168 168 168 168 168 168 167 167 167 167 167 167 166 166 166 166 166 166 165 165 165 165 165 165 165 164 164 164 164 164 164 164 163 163 163 163 163 163 163 163 163 163 163 163 162 162 162 162 162 162 162 161 161 161 161 161
1519 161 161 161 161 160 160 160 160 160 160 160 159 159 159 159 159 159 158 158 158 158 158 158 158 157 157 157 157 157 157 157 157 157 157 157 156 156 156 156 156 157 157 157 157 157 157 158 158 158 157 157 158 157 157 158 157 157 157 157 157
1520 156 156 156 156 156 156 156 156 156 155 155 155 155 155 154 154 154 154 154 154 154 154 154 154 154 154 154 154 153 153 153 153 153 153 153 153 153 153 153 153 153 153 153 153 152 152 152 152 152 152 152 151 151 151 152 151 151 151 150 150
1521 150 150 149 149 149 148 148 148 148 148 148 148 148 147 147 147 147 147 147 147 146 145 145 145 145 145 144 144 144 145 145 145 145 145 144 144 143 142 142 141 140 140 140 139 139 139 138 138 138 137 137 137 137 137 136 136 136 136 136 135
1522 135 135 135 135 135 135 135 135 135 135 135 135 135 135 135 135 135 136 136 136 136 136 136 137 137 137 137 137 138 138 138 138 138 138 138 137 137 137 136 136 136 135 135 135 135 135 135 134 134 134 134 134 134 134 134 134 134 134 134 134
1523 133 133 133 132 132 132 132 132 132 132 132 133 133 133 133 133 133 133 133 134 134 134 134 134 134 134 134 134 134 134 134 134 134 134 134 134 134 134 134 134 134 133 134 134 133 133 134 134 134 134 134 134 135 136 136 136 136 136 137 137
1600 137 137 136 136 136 136 136 136 136 136 136 136 136 136 136 136 136 137 137 137 137 137 137 137 137 138 138 139 139 139 139 140 140 140 140 140 140 140 140 140 139 139 140 139 139 139 139 139 139 139 139 139 138 138 138 138 138 138 138 138
1601 138 137 137 137 137 138 138 138 138 138 138 138 138 138 137 137 137 137 137 137 137 137 138 137 137 137 137 138 138 137 137 138 137 137 137 137 136 136 136 135 134 134 134 133 133 132 132 131 131 130 130 130 130 130 129 129 129 129 129 128
1602 128 128 128 128 128 128 128 129 129 129 129 129 128 128 127 127 127 127 127 127 128 128 129 129 129 129 129 130 130 130 130 130 130 130 130 131 130 130 130 131 131 130 131 130 131 131 130 131 130 131 131 131 132 132 132 131 132 132 132 132
1603 132 132 133 133 132 133 133 132 132 133 133 134 134 135 135 135 135 134 134 134 134 134 134 134 133 133 133 133 133 133 132 132 132 132 131 131 131 131 131 130 130 130 131 130 130 130 130 129 129 129 128 128 128 128 128 128 128 128 127 127
1604 127 126 126 125 125 125 125 125 124 124 123 123 122 123 124 124 124 125 124 124 124 124 124 124 123 123 122 122 121 121 121 121 120 120 119 119 120 120 120 120 120 120 120 120 120 120 120 120 120 120 120 120 120 120 120 121 121 121 121 121
1605 121 121 121 121 121 120 120 121 121 121 120 120 120 120 120 120 120 120 120 120 120 120 120 120 120 119 119 119 119 131 119 119 118 118 118 118 118 118 118 118 118 118 118 118 118 118 117 117 117 117 116 116 116 116 116 115 115 115 115 114
1606 114 114 113 113 113 113 113 112 112 112 112 112 111 111 111 111 111 111 110 110 110 110 110 110 109 109 109 108 108 108 108 108 107 107 107 107 107 107 107 107 107 107 107 107 106 106 105 105 105 105 105 105 106 106 106 105 105 105 105 105
1607 105 105 105 104 104 105 105 105 105 105 104 104 104 104 104 104 104 104 104 104 104 104 104 104 104 104 104 104 104 103 103 103 103 102 102 102 102 102 102 102 102 102 102 102 102 102 102 102 102 102 102 103 103 104 104 105 106 106 107 107
1608 107 107 107 107 108 107 107 106 106 106 106 106 106 106 106 106 107 107 107 107 107 107 107 108 108 108 109 109 108 108 108 108 108 107 107 107 107 107 106 106 106 106 106 106 107 107 107 108 108 108 108 109 109 110 110 110 110 110 110 110
1609 110 110 111 111 111 111 111 112 112 112 113 113 112 112 111 112 112 112 112 112 112 113 113 114 114 115 115 115 115 115 115 116 116 116 116 116 116 116 117 117 116 116 117 118 134 117 116 116 116 116 115 116 116 116 117 117 117 117 117 118
1610 118 119 119 119 119 119 120 120 119 119 119 120 120 120 121 120 120 121 121 121 122 122 123 123 123 124 124 125 125 125 126 126 126 126 126 126 126 126 126 126 126 126 126 126 126 126 127 127 127 128 128 128 129 130 130 130 130 130 130 130
1611 131 131 131 131 131 131 131 132 132 132 132 132 131 131 132 132 132 132 132 132 132 132 132 132 133 133 133 134 135 135 136 136 136 135 135 135 135 134 134 135 135 136 136 137 137 136 136 136 136 135 135 135 135 136 136 135 135 135 135 135
1612 135 135 136 137 137 137 137 138 139 139 139 138 138 139 139 140 140 140 141 141 141 142 142 143 143 143 144 144 144 144 144 144 146 147 147 147 146 146 146 146 146 146 148 151 154 157 158 158 158 158 157 158 159 161 164 163 161 159 158 157
1613 158 160 160 158 159 161 162 163 162 164 165 163 161 161 159 160 161 161 162 162 160 160 160 161 164 166 167 167 166 165 164 161 162 163 163 165 167 169 169 169 167 166 166 167 168 169 170 171 171 169 167 166 167 168 169 170 170 171 172 149
1614 174 172 173 173 173 174 175 173 171 170 169 167 165 165 164 164 166 167 168 170 168 167 168 169 171 172 173 175 177 177 176 173 171 170 171 172 173 173 173 172 174 175 175 176 177 174 174 176 177 177 177 175 174 174 174 174 175 175 176 177
1615 176 177 177 178 179 181 181 179 177 175 177 179 181 182 183 183 180 179 177 177 178 178 178 179 178 178 179 179 180 181 182 182 183 185 184 184 183 181 179 178 178 179 180 179 179 179 180 179 180 180 183 184 185 185 185 186 186 185 183 184
1616 183 182 181 180 181 181 181 180 181 180 181 183 184 183 181 179 179 180 180 180 180 179 180 181 181 181 182 182 182 182 182 183 184 183 181 181 181 179 179 178 178 178 179 181 183 184 185 185 184 182 182 183 183 183 183 182 182 182 182 182
1617 182 183 184 185 186 185 183 182 181 181 182 182 182 182 182 182 181 182 182 182 183 183 183 183 183 184 182 181 180 180 179 179 179 180 180 181 180 180 179 178 178 178 178 177 177 177 177 177 177 176 176 176 176 175 175 175 175 175 175 175
1618 174 174 174 174 173 173 173 173 172 172 172 172 172 172 149 172 172 172 172 172 171 170 170 169 169 169 169 168 167 167 166 166 165 165 165 165 164 164 165 165 166 165 165 165 164 163 162 162 161 160 159 160 160 160 159 159 159 159 158 157
1619 156 155 154 153 153 152 151 150 149 148 148 147 146 145 145 145 144 145 144 143 143 142 142 141 139 138 138 137 136 135 134 133 132 131 131 131 130 129 129 128 127 126 126 125 124 124 123 123 123 123 122 122 121 120 120 120 119 118 118 118
1620 117 117 117 116 115 115 114 113 113 113 113 113 113 113 113 114 113 113 113 113 113 113 113 113 112 112 112 111 111 110 110 110 110 110 110 110 110 110 109 109 108 108 108 107 107 107 106 106 105 105 105 104 104 104 105 105 105 105 105 105
1621 105 105 104 104 104 104 104 104 104 103 103 103 103 104 104 104 105 105 105 105 105 105 105 104 104 104 104 104 104 104 104 104 104 104 104 104 104 104 104 103 103 102 103 103 104 104 104 103 104 104 104 105 105 105 106 105 105 105 105 105
1622 105 104 104 104 104 104 105 105 105 106 106 105 105 104 104 103 102 102 102 102 102 102 102 102 102 101 101 101 101 101 101 101 101 100 100 100 100 100 100 100 100  99  99  98  98  98  97  97  97  96  96  96  95  95  95  95  95  95  96  95
1623  95  95  95  94  93  93  92  92  91  91  91  91  91  91  90  90  90  90  90  90  90  90  90  90  90  89  89  89  89  88  88  88  88  88  87  87  87  87  87  87  87  87  87  87  87  87  87  87  88  88  88  88  88  88  89  90  91  92  92  93
1700  92  92  92  92  92  92  91  91  91  91  91  91  90  91  91  91  91  91  91  90  90  90  89  89  88  88  88  88  88  88  88  88  89  89  89  88  88  88  87  87  87  87  87  87  87  87  87  86  86  85  85  84  84  83  83  83  82  82  82  82
1701  81  81  81  80  80  79  79  79  79  80  80  79  79  79  79  78  78  78  78  78  77  77  77  77  76  75  75  75  75  76  76  77  77  78  78  78  78  77  77  77  76  76  75  75  75  75  76  76  76  76  75  75  75  74  74  74  74  74  73  73
1702  73  72  72  72  72  72  72  72  71  71  71  71  72  72  72  72  72  71  71  72  72  72  72  72  72  71  72  72  72  71  71  71  70  70  70  70  71  72  72  72  72  72  72  72  72  72  71  71  71  71  70  70  69  69  69  70  70  70  71  70
1703  70  70  70  70  70  70  69  69  69  69  69  69  69  69  69  69  69  69  69  69  69  68  68  67  67  67  67  67  67  67  67  67  67  67  67  66  66  66  66  67  67  67  67  67  67  68  68  68  68  68  68  68  67  66  66  66  66  66  65  65
1704  66  66  66  66  66  66  67  67  67  67  67  68  68  67  67  66  66  66  65  65  65  64  64  64  64  64  64  64  64  64  64  64  64  64  64  64  64  64  64  65  64  65  65  66  66  67  67  67  67  66  66  66  66  66  66  66  65  65  65  65
1705  65  65  65  65  65  65  65  64  64  64  64  64  64  64  64  64  63  63  62  62  62  62  62  62  62  63  63  62  63  63  63  63  63  63  63  63  63  63  63  63  63  63  63  64  64  64  64  64  65  65  64  64  64  64  64  64  64  64  64  64
1706  65  64  64  64  63  63  63  63  63  63  63  63  63  63  63  64  64  64  64  64  63  63  63  63  63  63  63  62  62  61  61  62  62  62  63  63  63  63  63  63  63  63  62  62  63  63  63  63  64  64  63  63  63  62  62  61  61  61  60  60
1707  61  61  60  61  61  60  60  60  60  59  59  58  59  59  59  59  59  59  59  59  59  58  58  58  58  58  58  58  58  58  58  58  58  58  58  58  58  59  59  60  60  61  61  61  61  61  61  61  61  61  61  61  61  61  61  61  62  61  61  61
1708  60  61  61  61  61  61  61  62  62  62  62  62  62  62  62  61  61  61  61  62  62  61  61  61  61  61  60  60  60  60  60  59  59  58  57  57  56  56  56  56  56  58  59  59  60  60  60  61  62  62  62  62  62  62  62  62  62  63  63  64
1709  65  65  65  65  66  65  65  66  66  66  66  66  67  68  69  70  70  71  71  72  72  72  73  73  74  74  74  75  75  76  76  77  78  78  79  80  81  82  83  83  84  85  86  87  88  90  91  92  93  95  95  96  97  97  98  99 100 101 102 103
1710 104 104 104 105 105 106 107 107 107 107 107 108 108 109 109 109 110 110 110 111 112 113 114 114 115 115 116 117 117 117 118 118 118 119 119 120 120 121 121 121 121 122 123 123 124 124 124 125 125 126 127 128 129 130 131 132 132 133 134 134
1711 136 138 139 140 142 143 145 146 146 146 145 145 145 146 146 146 145 146 147 147 147 147 147 147 148 147 147 148 149 150 150 150 149 150 150 153 153 153 152 151 151 151 151 150 150 151 151 151 152 151 152 151 150 150 151 151 151 151 151 153
1712 154 155 156 158 159 158 158 159 160 159 159 160 159 158 158 158 158 159 160 160 160 162 165 168 167 166 165 165 165 165 163 163 163 164 164 165 164 164 163 161 161 164 164 163 164 164 163 163 163 164 164 164 165 165 165 164 166 166 168 168
1713 168 168 167 167 167 168 168 167 167 166 165 164 163 163 164 164 166 168 168 168 168 168 167 166 167 168 168 168 169 168 167 169 172 176 177 177 177 176 176 174 173 172 173 173 172 171 171 171 173 174 175 177 175 176 179 180 179 177 175 174
1714 173 173 173 175 176 176 177 177 178 180 181 179 177 177 177 176 176 177 178 177 177 177 177 176 177 178 180 181 182 181 180 178 176 176 176 177 178 179 182 183 184 186 186 185 185 183 184 185 184 180 178 179 180 182 184 181 180 179 180 181
1715 182 182 182 182 182 183 184 184 184 184 183 181 180 182 183 183 183 182 181 181 179 179 181 182 183 184 183 181 182 182 182 181 181 180 180 180 181 183 185 187 188 188 187 187 187 185 186 185 184 184 184 184 184 184 184 186 188 187 185 185
1716 186 188 190 189 188 188 187 188 189 189 189 189 190 191 190 191 190 188 185 185 185 184 184 183 185 185 185 186 188 189 188 188 189 189 191 192 191 190 190 190 188 186 184 183 183 182 182 183 185 187 188 188 187 186 187 186 186 184 183 183
1717 182 182 182 182 182 182 182 183 183 183 183 183 183 182 182 182 183 183 183 183 183 183 183 183 183 184 185 185 185 184 184 183 182 182 182 182 181 181 181 181 182 182 182 182 182 181 181 180 180 180 180 179 179 179 179 179 179 179 179 179
1718 179 179 179 179 179 178 178 178 178 178 178 177 176 176 176 175 175 175 175 175 175 175 175 174 174 174 173 172 172 170 168 166 165 164 163 162 161 160 158 158 157 156 155 153 153 152 151 151 150 149 148 148 147 146 145 144 143 143 142 141
1719 140 139 138 137 137 136 135 135 134 133 133 133 132 132 131 131 131 130 129 128 128 127 127 126 125 125 125 124 124 124 124 123 123 122 122 122 122 122 123 123 122 122 122 121 121 121 121 121 121 121 121 121 120 119 119 119 120 120 121 121
1720 121 121 120 120 120 119 119 119 119 118 118 118 118 118 118 118 118 118 118 118 118 119 120 120 120 120 120 120 120 120 120 119 119 119 119 119 119 120 119 119 119 119 119 119 118 118 118 118 118 119 119 118 118 117 117 118 118 118 118 117
1721 117 117 116 116 116 117 116 116 115 115 115 114 114 114 114 114 113 113 113 114 113 113 113 112 112 111 111 111 111 111 111 111 111 111 110 110 110 110 110 109 109 109 109 108 108 108 107 107 107 107 106 106 106 105 105 105 105 105 104 104
1722 104 104 104 103 103 103 103 103 103 103 103 103 103 103 103 103 102 103 102 102 102 102 102 101 101 101 101 100 100  99  99  99  99  99  99  98  98  98  98  98  98  98  98  98  99  99  99  99  99  99  98  98  98  98  98  98  98  98  98  98
1723  98  98  97  98  98  97  98  98  97  97  97  97  97  97  97  96  96  96  95  95  95  95  95  95  95  95  95  95  95  95  95  96  96  96  96  96  96  96  96  96  96  96  97  97  97  97  97  97  97  97  97  97  97  98  98  97  97  98  98  98
1800  98  98  98  98  98  98  98  98  98  98  97  97  97  97  97  97  97  97  97  96  96  96  96  96  96  96  96  96  96  96  96  96  96  96  96  96  96  96  96  96  97  96  97  97  96  96  97  96  96  97  97  97  97  97  97  96  96  96  96  96
1801  96  97  96  96  96  96  97  96  96  96  96  95  95  95  94  94  94  94  94  93  93  93  93  93  93  93  93  93  93  93  93  93  93  93  94  94  94  94  95  95  94  94  94  94  94  94  94  94  94  94  94  94  94  95  95  95  95  94  94  94
1802  93  93  93  93  93  92  92  92  92  92  91  91  92  92  92  92  91  91  91  91  91  91  91  91  91  91  91  91  92  92  92  91  92  92  92  92  92  93  93  93  93  93  93  93  93  93  93  93  93  94  94  94  95  96  96  97  97  97  98  98
1803  98  99  99 100 101 101 101 102 102 102 102 102 102 102 102 102 103 103 103 103 103 103 103 104 104 104 104 104 104 104 105 105 105 106 106 106 106 106 106 106 106 107 107 107 107 107 107 108 108 108 108 109 109 109 109 110 111 111 111 111
1804 111 111 111 111 111 111 111 111 111 111 111 111 111 111 111 111 111 111 111 111 111 112 112 112 111 111 112 112 112 113 113 113 113 113 113 113 113 113 113 113 113 113 113 113 112 112 113 113 113 113 114 114 114 114 114 114 114 114 114 114
1805 114 114 114 113 113 113 114 114 114 114 115 115 115 114 114 115 115 115 115 115 114 115 115 115 115 115 115 115 115 115 116 116 116 116 116 116 116 116 116 117 117 117 117 117 117 117 117 117 117 117 117 117 117 117 116 116 116 116 116 115
1806 115 115 115 114 114 114 114 114 115 115 115 115 115 115 115 115 115 115 115 115 115 115 115 115 115 115 115 115 115 115 115 115 115 115 116 116 116 116 115 115 115 115 115 115 115 115 115 115 115 115 115 115 115 115 116 116 116 116 116 116
1807 116 116 116 116 116 116 116 116 116 116 116 116 116 116 116 117 117 117 117 117 117 117 117 117 117 116 116 116 117 117 117 110 117 117 117 117 117 117 117 117 117 117 118 118 118 118 118 117 117 117 117 117 117 117 117 117 117 117 117 117
1808 117 117 117 117 117 117 117 117 117 117 117 117 117 117 117 117 117 117 117 117 117 117 117 117 117 117 117 117 117 117 117 117 117 117 118 118 118 117 117 117 117 117 117 117 117 117 117 118 118 118 118 118 118 118 118 119 119 119 119 119
1809 119 119 119 119 120 120 120 120 120 120 120 120 120 121 121 120 121 121 121 122 122 123 123 123 124 124 124 124 124 124 124 124 124 124 124 124 124 124 124 124 124 124 124 124 124 125 125 125 126 126 126 126 127 127 127 127 127 127 127 128
1810 132 132 132 132 133 133 133 133 134 134 134 134 135 135 135 135 135 136 136 136 137 137 137 137 137 137 137 137 137 138 137 138 138 138 138 138 139 139 139 139 139 139 139 139 139 140 140 140 140 140 140 140 140 141 141 141 141 141 141 141
1811 141 142 142 142 142 142 143 143 143 144 144 144 144 144 144 144 144 144 144 144 144 144 145 145 145 144 144 155 144 144 144 145 145 144 144 144 144 144 144 144 145 145 145 145 145 145 145 144 144 144 144 144 144 144 144 144 144 144 144 144
1812 144 144 144 144 144 144 144 144 145 145 145 145 145 144 144 145 145 145 145 145 146 146 146 147 146 146 147 147 147 147 147 148 148 149 149 150 150 150 150 150 150 150 149 149 149 150 149 149 149 149 149 149 149 150 151 151 151 152 152 152
1813 152 152 152 153 153 153 153 152 153 153 154 154 154 155 155 155 155 155 155 155 154 154 155 155 154 155 155 155 155 156 156 156 156 155 154 155 156 156 156 156 156 155 155 155 156 156 155 154 154 154 155 155 156 157 157 157 157 157 157 157
1814 158 158 158 158 157 157 157 157 157 157 157 157 157 157 157 157 157 157 158 157 157 157 157 157 157 157 158 158 159 159 159 160 159 159 159 159 158 157 157 157 157 157 157 157 157 158 157 157 158 158 158 158 158 158 158 158 158 158 158 158
1815 158 158 158 159 159 159 160 160 160 160 160 160 160 159 159 159 159 159 159 159 159 159 159 158 158 158 159 159 159 159 158 158 158 158 159 159 160 161 161 162 162 162 204 162 162 162 162 161 160 160 160 160 160 160 160 160 160 160 160 160
1816 162 204 162 162 162 162 161 160 160 160 160 160 160 160 160 160 160 160 160 160 159 159 159 159 159 159 159 159 159 159 159 159 159 159 159 160 160 160 160 160 160 160 160 160 160 160 161 162 163 163 163 163 163 163 163 164 163 163 162 162
1817 162 161 161 160 160 159 159 159 159 159 159 160 160 160 159 158 158 158 158 158 158 158 158 157 157 156 156 156 156 156 156 156 156 156 156 156 155 155 155 155 154 154 154 154 154 154 153 153 153 153 153 153 153 153 153 153 153 153 153 152
1818 152 152 152 152 152 152 152 152 151 151 151 151 151 151 151 150 150 150 149 149 149 149 149 149 149 149 148 148 148 148 148 148 148 147 147 147 147 146 146 146 146 146 145 145 145 144 144 144 144 143 143 142 142 142 142 142 143 142 142 141
1819 142 141 141 141 140 140 140 139 139 138 138 138 138 137 137 137 137 136 136 136 136 136 136 136 135 135 135 135 135 135 135 134 134 134 134 133 133 133 133 133 133 133 133 133 132 133 132 132 132 131 131 130 130 130 130 131 131 131 131 131
1820 131 131 131 131 131 131 131 131 131 131 131 131 131 131 131 131 144 131 131 131 131 130 130 129 129 128 127 127 128 128 127 126 125 125 124 124 124 124 122 122 121 121 120 120 120 120 119 119 120 120 119 119 120 120 121 121 122 123 123 123
1821 123 123 123 123 123 122 122 122 121 120 119 119 119 119 119 120 120 120 120 121 121 121 121 121 121 121 120 120 120 120 119 119 118 118 117 116 115 115 116 117 117 117 118 119 119 119 119 119 119 119 118 118 118 117 116 116 116 116 117 117
1822 117 118 118 119 119 119 119 119 119 119 119 119 120 120 119 119 119 119 119 119 119 119 119 119 119 119 119 118 118 117 117 117 118 117 117 117 117 117 116 116 117 117 117 117 117 118 118 118 118 117 117 117 117 117 116 116 116 116 116 117
1823 117 117 117 117 117 116 115 115 114 114 114 114 114 114 113 113 114 114 114 114 114 114 113 113 113 112 112 112 112 112 112 112 112 112 112 112 112 112 112 112 111 111 110 111 111 111 111 111 111 111 111 111 111 111 111 110 110 110 110 109
1900 109 109 109 110 110 110 111 111 111 111 111 111 111 110 110 110 110 110 111 110 110 110 110 110 111 111 110 110 110 110 110 141 110 109 109 109 109 108 109 109 110 109 109 108 108 107 107 107 107 107 107 108 108 108 108 109 109 108 108 108
1901 107 108 108 108 108 108 108 108 108 108 108 108 107 107 107 106 106 106 106 105 105 105 106 106 106 106 106 105 105 105 105 105 104 104 104 104 103 104 105 105 105 104 104 104 104 104 104 105 105 104 104 104 103 102 102 102 101 101 101 101
1902 100  99  99  99  99  99  98  98  98  98  97  97  97  97  96  96  96  95  95  95  95  94  94  94  94  93  94  94  94  94  95  94  94  94  94  94  94  94  94  94  94  94  94  94  95  95  95  95  95  95  95  95  95  95  95  94  94  94  94  94
1903  94  94  94  94  94  94  95  96  97  97  97  97  97  97  97  97  97  97  97  97  97  97  97  97  97  97  97  98  97  97  97  97  97  96  97  97  97  97  96  96  96  96  96  96  97  97  97  97  97  97  97  97  97  97  97  97  97  97  97  97
1904  97  96  96  97  96  97  96  96  97  97  97  97  97  97  97  97  97  97  97  97  97  97  97  97  97  97  97  97  97  97  97  97  97  97  97  97  97  97  98  98  97  98  98  98  98  98  98  98  97  97  97  97  97  97  97  97  97  97  97  97
1905  97  97  97  97  97  97  97  97  97  97  97  97  97  97  97  97  97  97  97  97  97  97  97  97  97  97  97  97  97  97  97  97  97  96  96  96  96  96  96  96  96  95  95  95  95  95  95  95  95  94  94  94  94  94  94  94  94  94  93  93
1906  93  93  93  93  93  93  93  93  92  92  92  92  91  91  91  91  91  90  90  91  91  90  90  89  89  90  90  89  89  88  88  87  87  88  87  87  87  87  87  86  86  86  86  85  85  85  84  83  83  83  83  82  82  82  81  81  81  82  81  81
1907  81  81  80  80  80  80  80  80  79  79  78  78  78  78  78  77  77  76  76  76  76  76  76  76  76  77  77  77  77  77  77  77  77  78  77  77  78  79  78  78  77  77  77  78  78  78  77  77  76  75  75  74  74  74  74  74  74  73  73  73
1908  73  73  73  74  74  74  73  73  73  73  73  72  72  71  72  72  72  73  73  73  73  73  73  74  73  73  73  73  73  73  73  72  71  71  71  71  71  72  71  72  73  73  73  73  74  74  74  74  74  73  73  73  74  73  73  73  73  73  73  73
1909  73  73  73  73  73  73  72  73  73  74  74  75  75  75  75  75  75  75  75  76  76  76  76  76  76  76  75  75  75  75  76  76  76  77  77  77  77  77  78  78  78  78  79  79  79  80  80  81  82  83  83  84  85  85  86  87  88  88  89  89
1910  90  92  93  93  93  94  94  95  95  97  99 100 101 102 103 105 108 110 113 116 117 118 118 119 120 121 121 122 122 123 123 124 125 127 128 129 130 130 131 132 133 133 134 134 134 133 132 132 133 133 132 132 132 132 133 134 135 137 137 138
1911 139 140 141 141 142 142 143 144 144 144 144 144 145 146 146 147 146 147 147 145 146 147 148 150 150 151 151 151 151 153 154 156 158 157 155 155 155 156 156 156 156 156 156 157 158 159 161 159 160 161 161 162 161 160 159 158 156 156 156 158
1912 160 160 160 160 159 160 161 163 164 164 164 163 164 165 166 168 171 173 175 174 172 171 171 172 172 171 172 171 171 168 167 166 166 167 169 171 171 172 173 175 175 175 175 174 174 174 174 174 175 177 179 182 184 184 183 183 181 181 182 183
1913 183 182 180 179 178 176 177 178 180 181 183 186 188 190 190 189 188 189 188 188 189 190 190 190 192 193 193 193 193 193 193 193 193 193 194 192 190 187 186 185 185 184 184 184 185 185 184 185 185 185 185 186 186 186 187 188 188 188 187 187
1914 187 186 186 187 188 189 188 187 187 187 186 186 185 184 184 184 184 183 183 183 184 185 186 186 185 186 187 187 187 187 187 188 189 190 190 191 191 191 191 190 190 190 188 186 186 186 186 186 186 187 188 188 188 189 188 188 188 188 188 188
1915 188 188 188 189 188 188 188 187 187 188 189 189 189 190 188 188 190 191 191 191 190 189 191 191 191 189 189 189 188 188 188 188 188 188 189 188 188 187 188 189 191 191 191 190 190 191 192 193 193 194 196 194 194 196 197 199 199 197 195 193
1916 191 190 190 190 190 190 189 189 189 188 188 188 188 187 187 187 188 188 188 188 188 187 187 187 188 187 187 187 187 187 188 189 190 189 188 188 188 188 189 189 189 187 187 186 185 184 183 183 182 182 182 181 181 181 181 181 180 180 181 181
1917 181 181 181 181 181 180 181 180 179 179 179 179 179 179 179 179 179 179 179 179 179 179 178 178 178 178 178 179 179 179 179 178 179 179 179 178 177 176 175 175 175 174 174 173 173 173 173 173 172 172 172 172 172 172 172 172 172 172 171 171
1918 170 170 170 170 170 170 170 170 170 169 169 168 168 168 168 168 168 168 167 167 167 167 166 166 166 166 166 166 165 165 165 164 164 164 163 163 162 162 162 162 162 161 161 161 161 161 160 159 159 158 158 158 158 158 157 157 157 157 157 156
1919 156 156 156 155 155 155 155 154 154 154 154 153 153 153 153 153 153 153 152 152 152 152 152 151 151 151 151 151 151 150 150 150 150 150 150 149 149 149 149 148 147 148 148 148 148 149 149 149 148 148 147 148 148 148 147 148 147 147 147 147
1920 146 146 145 144 144 144 144 144 144 144 144 143 144 144 143 143 143 142 142 141 141 141 142 142 142 142 142 141 141 141 141 141 141 141 141 141 140 141 140 140 139 139 139 139 139 138 138 138 138 137 137 137 137 137 137 137 136 136 135 135
1921 134 134 133 133 133 132 131 131 131 131 131 130 130 130 130 129 129 128 128 128 128 128 128 128 127 127 128 129 130 131 131 131 131 131 131 131 130 130 130 130 130 130 130 130 129 130 129 129 128 129 130 130 129 129 129 129 129 129 129 129
1922 128 128 127 126 126 127 126 127 127 127 126 126 125 125 125 125 125 125 125 124 124 124 125 124 124 124 124 124 124 123 123 123 122 122 122 122 121 121 121 121 120 120 120 120 120 119 119 119 119 119 119 119 120 120 119 119 119 118 118 117
1923 117 117 116 117 117 117 118 118 118 118 118 118 118 118 118 118 118 118 118 118 118 119 118 118 118 118 118 118 118 118 118 118 118 117 118 118 117 117 117 117 117 117 117 117 117 117 116 116 116 115 115 115 115 116 116 115 115 115 115 115
2000 115 114 114 114 113 113 113 113 113 112 112 112 112 112 112 112 112 112 112 112 111 111 111 111 111 111 111 111 110 110 110 110 110 110 110 111 111 111 111 111 111 111 111 111 110 110 110 110 110 110 109 109 108 108 108 107 107 107 107 107
2001 107 107 107 108 107 108 108 107 107 107 107 106 106 106 106 106 105 105 104 104 104 104 103 103 103 103 104 104 104 105 105 106 107 107 108 109 110 110 111 111 111 112 112 112 112 112 113 113 113 114 114 113 113 113 113 113 113 113 112 113
2002 113 113 114 114 114 114 114 114 114 114 114 114 114 115 115 115 116 116 116 116 116 116 116 116 116 116 116 116 117 117 116 116 116 116 116 116 116 116 116 116 116 116 116 115 115 115 115 115 115 115 115 115 115 115 115 115 115 115 115 115
2003 115 115 116 116 116 116 116 116 116 116 116 116 116 116 116 116 116 116 116 116 116 116 116 116 116 116 116 116 116 116 116 116 116 116 115 115 115 116 116 116 116 116 116 116 116 115 116 116 116 116 116 115 115 115 115 116 116 116 116 116
2004 116 116 116 116 116 116 116 116 116 116 116 116 116 116 116 116 115 115 115 115 115 115 115 115 115 115 115 115 115 115 115 115 115 115 115 114 114 114 114 113 113 113 113 113 113 113 113 113 113 113 113 113 113 113 113 113 113 113 113 113
2005 114 114 114 114 114 114 114 114 114 114 115 115 115 114 114 114 114 114 114 114 114 114 114 114 114 114 114 114 114 114 114 114 114 114 114 114 114 114 114 113 113 113 113 113 113 113 112 112 112 112 112 112 112 112 112 112 112 112 112 112
2006 111 111 111 111 111 111 110 110 110 110 110 110 110 110 109 109 110 109 109 109 109 110 110 110 110 110 110 110 109 109 108 108 108 108 108 108 108 108 108 108 108 108 108 108 108 107 108 108 108 108 108 108 108 107 107 107 107 108 108 108
2007 108 108 108 108 108 108 108 108 108 107 107 107 107 106 106 106 106 106 106 106 106 106 106 106 106 106 106 106 106 106 106 106 106 106 106 106 106 106 107 106 106 106 106 106 107 107 107 107 106 106 106 106 106 106 106 106 106 106 106 106
2008 106 106 106 107 106 107 106 106 106 106 106 106 106 106 106 106 107 107 107 107 107 107 107 107 107 107 107 107 107 107 107 107 107 106 106 106 106 106 107 107 107 106 106 106 106 107 107 107 107 107 107 107 107 107 107 107 107 107 107 107
2009 107 107 108 108 108 108 108 108 108 108 108 109 109 109 109 109 109 109 109 109 110 110 110 110 110 111 111 111 111 111 111 111 111 110 110 111 111 112 112 112 112 113 113 114 114 114 114 114 114 114 114 115 116 117 117 117 117 118 118 118
2010 118 118 119 119 119 120 120 120 120 121 121 121 121 121 121 121 121 121 121 121 121 122 122 122 122 122 123 123 123 123 123 123 123 123 124 124 125 125 126 126 126 126 126 127 127 127 127 127 126 127 126 126 127 126 126 126 126 126 127 127
2011 126 126 127 127 127 127 126 126 126 126 127 127 127 127 128 128 128 128 128 128 129 129 129 129 129 129 130 130 130 130 130 130 129 129 129 129 129 129 130 130 130 131 131 132 132 132 132 132 131 131 131 132 132 132 131 132 132 133 133 134
2012 134 135 136 136 136 136 136 136 136 137 135 135 134 134 134 135 135 135 136 137 137 137 137 137 137 138 140 139 139 140 142 142 142 141 141 141 141 141 141 140 140 142 142 142 141 140 139 138 140 140 140 141 142 142 141 141 141 141 141 141
2013 140 140 140 141 142 142 143 144 144 143 143 144 146 146 146 147 149 149 149 149 149 150 148 148 148 147 147 147 148 148 147 148 147 148 148 147 146 146 147 148 147 146 147 149 152 153 153 154 177 156 156 154 153 152 153 155 155 154 155 156
2014 156 157 155 154 154 153 152 152 151 151 152 154 153 155 155 155 154 153 153 154 155 153 153 154 154 153 154 155 154 155 156 157 158 158 159 160 161 160 159 159 158 157 156 155 154 153 153 152 153 153 153 154 155 155 156 156 157 157 157 156
2015 155 156 157 156 155 155 155 153 154 153 153 154 153 153 153 153 152 152 152 152 151 151 151 152 153 153 153 153 154 154 155 154 155 154 154 154 154 155 154 154 155 155 155 154 154 154 155 154 154 155 155 155 154 152 152 153 153 152 152 152
2016 152 152 152 152 152 152 152 152 152 152 152 152 153 153 153 154 153 153 153 153 153 153 153 153 153 152 152 152 151 152 152 153 153 153 153 153 153 153 153 153 153 153 153 153 153 151 151 151 152 152 152 152 152 152 153 153 153 152 152 152
2017 152 152 152 152 152 152 152 152 152 152 152 152 152 152 152 152 151 151 151 151 151 151 150 150 150 151 151 151 151 151 151 150 150 150 150 150 150 151 151 151 152 152 152 152 152 151 151 151 151 151 150 150 149 149 149 149 149 149 149 149
2018 149 148 148 174 148 148 148 148 147 148 147 147 147 147 147 147 147 147 147 147 147 147 147 146 146 147 147 147 146 146 146 146 146 146 146 146 146 146 146 146 146 145 145 145 145 146 146 145 145 145 145 145 145 145 145 145 145 145 145 145
2019 145 145 145 145 145 145 145 145 145 145 145 145 145 145 145 145 145 144 144 144 144 144 144 144 144 144 144 144 144 145 145 145 145 145 145 145 144 144 144 144 144 144 144 144 144 144 144 144 144 144 144 144 144 144 144 144 144 145 144 144
2020 144 144 144 144 144 144 145 144 144 144 144 144 144 144 144 143 144 144 144 144 144 144 144 144 144 144 144 144 144 144 144 144 144 144 144 145 144 145 145 145 145 145 145 145 145 145 145 145 146 146 146 146 146 146 145 145 145 145 145 145
2021 145 145 144 145 145 145 145 145 145 145 145 145 145 145 145 144 144 144 144 144 144 144 144 144 144 144 144 144 144 144 144 144 144 144 144 144 144 144 143 143 143 143 143 144 144 143 143 143 143 143 142 143 143 143 143 143 144 144 144 144
2022 144 143 143 143 143 143 144 143 143 143 144 143 143 143 143 144 144 144 149 144 144 144 144 144 144 144 144 144 144 144 143 143 143 143 143 143 143 144 143 143 143 143 143 143 143 143 143 143 143 143 143 143 143 143 143 143 143 143 143 143
2023 143 143 143 143 142 143 143 143 142 142 142 142 142 142 142 142 142 142 142 142 141 141 141 141 141 141 141 141 141 141 140 140 140 140 140 140 140 140 141 141 141 141 141 141 141 141 141 141 141 141 141 141 141 141 141 140 140 140 140 140
2100 139 139 139 139 139 138 138 138 138 138 138 139 139 139 139 139 139 138 138 138 138 138 138 138 138 138 137 138 137 137 137 137 137 137 137 136 136 136 136 136 136 137 137 137 136 136 136 136 136 136 136 135 135 135 135 136 136 136 136 135
2101 136 135 135 135 135 135 135 135 135 134 134 134 134 134 134 134 134 134 134 134 134 134 134 134 134 134 134 134 134 133 133 133 133 134 134 133 133 133 133 132 132 133 133 133 133 133 132 132 132 132 132 131 131 131 131 130 131 131 131 131
2102 131 131 131 131 131 131 131 131 131 131 130 130 130 130 130 130 130 130 130 130 130 130 129 129 129 129 129 129 129 129 129 129 129 145 129 129 129 129 129 128 129 129 129 128 128 128 127 127 127 126 126 126 125 126 126 125 126 126 126 126
2103 126 126 126 126 126 125 125 125 125 125 124 124 123 123 122 122 122 121 121 121 120 120 120 120 120 120 120 120 120 120 120 120 120 119 119 119 118 118 118 117 118 118 117 117 117 117 117 117 118 118 118 118 118 118 118 118 118 118 118 118
2104 118 118 118 118 118 117 117 117 117 117 117 117 117 117 117 117 117 117 117 117 117 117 117 117 116 116 116 116 115 115 115 115 115 115 115 115 116 116 116 116 116 116 116 116 116 116 116 116 116 116 116 116 116 116 116 116 116 116 115 115
2105 115 115 115 115 114 114 114 114 113 113 114 114 114 114 114 114 114 114 114 114 114 114 113 113 113 113 113 113 113 113 113 112 112 112 112 111 111 110 110 109 109 108 108 107 107 107 107 106 106 106 105 105 104 104 104 103 103 102 102 101
2106 101 100 100  99  99  99  99  99  99  99  99  98  98  97  97  96  96  96  95  95  95  95  94  94  93  93  93  93  92  92  92  92  93  93  93  93  93  93  93  93  92  92  92  92  91  91  91  91  91  91  91  90  90  89  89  89  88  88  87  87
2107  86  86  86  86  87  86  86  86  86  87  87  87  88  87  87  87  87  87  87  87  87  86  86  85  85  85  85  85  85  85  85  85  85  85  84  84  84  84  84  85  85  85  85  85  85  86  85  85  85  84  84  83  83  83  82  82  82  82  82  82
2108  83  83  83  84  84  84  84  84  84  84  84  84  83  83  82  82  83  83  83  83  83  83  83  82  82  82  82  82  82  82  82  82  82  82  82  81  81  81  81  81  81  80  80  80  79  80  80  80  80  80  80  81  81  81  81  81  81  81  81  82
2109  82  83  83  83  83  84  84  84  84  84  85  85  85  85  85  85  85  86  86  86  86  86  87  87  87  87  88  89  89  90  91  91  92  93  93  94  94  95  95  96  97  97  98  99 100 101 102 103 104 105 106 107 108 109 109 110 111 112 112 113
2110 113 114 114 115 115 116 117 117 118 119 119 119 120 120 121 122 123 123 123 123 124 124 124 124 124 125 125 125 126 126 126 126 127 127 127 127 128 128 128 128 129 129 129 130 130 130 131 132 132 133 135 135 136 137 137 137 138 138 137 137
2111 137 138 139 140 142 143 143 143 143 144 144 143 143 142 141 142 142 142 144 144 143 144 145 146 147 146 145 146 146 146 147 148 150 150 151 151 150 148 148 147 148 148 149 148 148 149 149 149 150 151 152 153 155 156 157 157 157 155 154 154
2112 155 155 157 158 159 159 158 157 156 156 156 157 157 156 155 155 156 156 158 158 157 158 158 158 158 159 158 158 157 157 156 157 158 159 158 158 158 158 159 159 160 158 157 155 155 156 157 158 159 159 159 158 157 158 158 159 160 162 162 162
2113 163 162 162 163 165 166 165 163 161 161 162 162 162 163 163 163 163 164 164 165 165 164 163 162 163 164 164 162 162 162 164 164 162 162 161 161 164 165 166 167 166 167 168 167 165 164 164 164 165 166 165 165 166 167 169 167 166 164 163 163
2114 164 164 163 161 161 162 162 164 165 164 163 162 161 161 160 159 159 160 161 161 162 162 163 164 165 165 164 163 163 164 165 166 166 166 167 167 169 171 172 172 173 174 173 173 174 175 174 172 170 169 168 168 169 168 168 169 169 170 170 170
2115 169 169 168 167 167 168 170 172 173 174 175 175 176 177 176 173 171 171 171 171 171 172 171 171 171 170 170 169 168 168 169 171 171 170 171 171 172 172 172 171 171 171 169 168 168 167 166 165 165 166 167 167 168 168 169 169 170 170 170 169
2116 167 167 167 166 166 166 165 165 165 165 165 166 166 165 165 165 165 165 165 166 165 165 165 165 166 166 167 167 167 168 168 169 170 170 170 168 167 167 167 167 167 167 167 167 168 168 168 168 167 167 167 167 166 166 166 166 166 165 165 164
2117 164 164 164 164 164 165 165 164 164 164 164 164 164 164 164 164 164 164 163 163 164 164 164 164 164 164 164 164 164 164 164 164 164 164 164 164 164 164 164 164 164 164 163 163 163 163 163 163 163 163 163 163 163 163 163 163 162 162 162 162
2118 162 162 162 161 162 162 162 162 162 162 162 162 162 162 161 161 161 161 160 160 160 160 160 160 160 160 160 159 159 159 158 158 158 158 158 158 158 158 158 158 158 158 158 158 158 158 158 158 158 158 158 158 158 158 158 158 158 158 158 157
2119 157 157 157 157 157 157 157 157 157 157 157 157 157 157 157 157 157 157 157 157 157 157 157 157 158 157 157 157 157 157 157 157 157 157 156 156 156 157 157 157 157 157 157 157 156 157 157 157 157 157 157 157 157 157 157 157 156 157 157 157
2120 157 157 157 157 157 157 157 156 156 156 156 156 156 156 156 156 156 156 156 156 156 155 155 155 155 155 155 155 156 156 155 155 155 156 156 155 155 155 155 155 155 155 155 155 155 155 155 155 154 154 154 154 154 154 154 154 153 153 153 153
2121 153 153 153 153 153 153 153 153 153 152 152 152 152 152 152 152 152 152 152 152 152 152 152 152 151 151 151 152 151 151 151 151 151 151 151 151 151 151 151 151 151 151 151 151 151 151 151 150 150 150 150 151 150 150 151 151 150 150 150 150
2122 150 150 150 150 150 150 150 150 150 150 150 150 150 150 150 150 150 150 149 149 149 150 150 150 150 150 150 149 149 149 149 148 148 148 148 148 148 148 148 148 148 147 147 147 147 147 147 147 147 147 147 147 146 146 146 146 146 146 146 146
2123 145 145 145 145 145 145 146 146 146 145 145 145 145 145 145 145 145 145 145 145 145 145 144 145 145 145 145 145 145 145 145 145 145 145 145 145 145 145 146 145 145 145 145 145 145 145 145 145 145 145 145 145 145 145 145 145 145 145 145 145
2200 145 145 145 145 145 144 144 144 144 144 144 144 144 144 144 144 144 144 144 144 144 144 144 144 143 143 143 143 143 143 143 143 143 143 143 143 143 143 143 143 143 143 143 143 142 142 142 142 142 141 141 141 141 141 141 141 141 141 141 140
2201 140 140 140 141 141 140 140 140 140 140 140 140 140 140 140 140 140 140 141 141 141 141 141 141 140 140 140 140 140 140 140 140 141 141 140 140 140 140 140 140 140 140 140 140 140 140 140 140 140 140 140 140 139 139 139 139 139 139 139 138
2202 138 138 138 138 138 138 138 138 137 137 137 137 137 137 137 137 137 137 137 137 137 137 137 136 136 136 135 135 135 135 135 135 135 134 134 134 133 133 134 134 134 134 134 134 134 134 134 134 134 134 134 134 134 133 133 133 133 133 132 132
2203 131 131 131 131 131 131 131 131 131 130 130 130 130 130 130 130 130 130 130 130 130 129 129 129 129 129 129 129 129 129 129 129 129 128 129 128 128 128 128 128 127 127 127 127 128 128 128 128 128 127 128 127 127 127 127 127 127 127 127 127
2204 127 127 127 127 127 127 127 127 127 126 126 126 126 126 126 126 126 126 126 126 126 126 126 125 126 125 125 125 125 125 125 125 125 125 125 125 125 125 125 125 124 124 136 124 125 124 124 124 124 124 124 124 124 124 124 124 124 123 123 124
2205 123 123 123 123 123 123 123 123 123 123 123 123 123 123 122 122 122 122 122 122 122 122 122 122 122 122 122 122 122 122 122 122 122 122 122 122 121 122 121 121 121 121 121 121 121 121 121 121 120 120 120 120 120 120 120 120 119 119 119 119
2206 119 119 118 118 118 118 118 118 118 117 117 117 117 117 117 117 117 117 117 117 117 117 117 117 117 117 117 117 117 117 117 117 117 117 117 117 117 117 117 116 117 117 117 117 117 117 117 117 117 117 117 117 117 116 116 116 115 115 115 116
2207 116 116 116 116 116 116 116 116 116 117 117 117 117 117 117 117 117 117 117 117 117 117 118 118 118 119 119 120 120 120 120 120 119 119 119 119 118 119 119 119 119 119 119 119 119 119 119 119 119 118 118 118 118 118 117 117 117 117 118 118
2208 118 118 118 118 118 119 119 119 119 119 119 119 119 119 119 119 119 119 119 119 119 119 120 119 119 119 119 119 119 119 119 119 119 118 118 118 118 118 118 119 119 119 120 119 120 120 120 120 120 120 120 120 120 120 120 120 120 135 119 119
2209 119 119 119 118 118 118 118 118 118 118 118 119 119 119 119 119 120 120 120 121 121 121 122 122 122 122 122 122 123 123 123 123 123 123 123 123 123 123 123 123 123 123 123 123 123 123 123 123 124 124 124 124 124 124 124 124 124 124 124 124
2210 124 125 125 125 125 125 125 125 125 125 126 126 126 126 126 126 126 126 127 127 127 127 127 127 127 128 128 128 128 128 128 128 128 129 129 129 129 129 129 129 129 129 129 129 129 129 129 129 129 129 129 129 129 130 130 130 130 130 130 130
2211 130 131 130 130 130 130 131 131 131 131 131 131 131 131 131 131 131 131 131 131 131 131 131 131 131 131 131 132 131 131 131 131 131 132 132 132 131 131 131 131 130 130 130 130 131 131 131 130 131 131 131 131 131 131 131 131 132 132 132 132
2212 132 132 132 132 132 133 133 133 133 134 134 135 135 135 136 136 136 137 137 137 137 137 137 138 138 137 137 137 137 137 138 138 138 138 138 138 138 138 139 139 139 138 138 138 138 138 138 138 138 138 138 138 138 138 138 138 138 138 138 138
2213 138 138 138 138 138 138 138 138 138 138 138 138 165 139 139 139 139 139 139 139 140 140 140 140 140 140 140 140 140 141 141 141 141 142 142 142 142 142 143 143 143 143 143 143 143 144 144 144 144 144 144 144 145 145 145 145 145 144 144 144
2214 144 144 144 144 145 145 145 145 145 145 145 145 145 145 145 145 145 145 145 145 145 145 145 145 146 146 146 146 146 146 146 146 146 146 146 146 146 146 146 146 146 146 146 146 146 146 146 146 146 146 145 146 146 146 146 145 145 145 145 145
2215 144 144 144 144 144 145 145 144 144 144 144 144 144 144 144 144 144 144 144 144 144 144 144 144 144 144 144 144 144 144 144 144 144 144 144 143 143 143 143 143 143 143 143 143 143 143 143 143 143 143 142 142 142 142 143 143 143 143 143 142
2216 142 142 142 142 142 142 142 141 141 141 141 141 141 141 140 140 140 140 140 140 139 139 139 139 139 139 139 139 139 139 138 138 138 138 137 137 137 137 137 137 137 137 136 136 136 136 136 135 135 135 135 134 134 134 133 133 133 132 132 132
2217 131 131 131 131 131 130 130 130 130 130 130 130 129 129 129 129 129 129 129 129 129 129 129 129 129 128 128 182 127 126 126 126 126 125 125 125 125 125 124 124 124 123 123 123 122 122 121 121 121 121 121 121 121 121 120 120 120 120 120 120
2218 120 120 120 120 120 120 120 119 119 119 119 119 118 118 118 118 117 117 117 117 117 117 117 117 117 117 116 116 116 116 116 116 116 116 115 115 115 115 115 115 115 115 115 115 115 115 115 115 115 115 115 115 115 115 115 115 115 114 115 115
2219 115 115 115 115 115 115 115 115 115 115 114 114 114 114 114 114 114 114 114 114 113 113 113 113 113 113 113 113 113 112 112 112 112 111 111 111 111 111 111 111 110 110 110 109 109 110 110 110 110 110 110 110 110 110 110 110 110 109 109 109
2220 109 109 109 109 109 109 108 108 108 107 107 108 108 108 107 107 107 107 107 107 107 106 106 105 105 105 104 105 105 105 105 105 105 105 105 105 105 105 105 104 104 104 104 103 103 103 103 104 104 105 105 105 105 106 106 106 107 107 107 107
2221 107 106 107 106 106 106 106 106 106 106 106 106 106 106 107 107 108 108 108 108 108 108 108 108 108 108 108 108 108 108 108 108 108 108 109 109 108 108 108 107 109 111 122 112 111 113 114 114 114 115 115 115 115 115 115 114 113 112 112 113
2222 115 116 116 117 118 120 120 120 120 120 119 119 119 118 117 117 116 115 114 114 113 113 113 112 111 111 111 111 111 110 110 109 109 109 109 109 108 108 108 108 107 107 107 107 107 106 106 106 106 106 106 106 106 106 106 106 106 106 106 106
2223 107 107 107 106 106 106 106 106 105 105 105 105 105 105 105 105 105 105 105 105 105 105 105 106 106 106 106 106 106 106 106 106 105 105 106 106 106 106 107 107 108 108 108 107 107 107 107 107 107 106 106 106 105 105 105 104 104 104 104 104
2300 105 107 108 109 109 109 109 108 108 107 107 107 106 106 106 106 106 105 105 105 106 106 106 106 106 106 106 105 105 105 105 105 105 105 105 105 105 104 104 104 105 104 104 104 104 104 103 103 102 102 102 102 102 101 102 102 102 102 103 103
2301 104 104 104 103 103 103 104 105 105 105 105 105 105 104 104 103 103 103 103 102 102 102 102 102 101 101 101 100 101 101 101 101 102 101 102 102 103 103 104 104 104 105 106 106 106 106 106 107 106 106 106 106 106 105 105 106 106 106 106 105
2302 105 105 105 105 105 104 104 103 103 103 103 103 103 103 103 103 102 102 102 102 102 101 101 101 100 100  99  99  99  99  99  99  98  98  98  98  98  98  98  98  97  97  97  98  98  98  98  98  98  98  98  98  99  99  99  99  99  99  99  99
2303 100 100 100 100  99  99 100 100 100 101 101 100 100 100 100 100  99  99  99  99  98  98  98  98  98  98  98  98  98  99 100 100 100 100 101 102 103 104 104 104 104 104 104 104 104 104 104 104 104 104 104 103 103 103 103 102 102 102 101 101
2304 101 101 101 101 101 101 101 101 101 101 101 101 101 100 100 100 100  99  99 100 100 100 100 100 101 101 102 102 104 106 108 110 110 111 111 112 113 113 113 113 113 114 114 114 114 113 114 114 113 113 113 114 114 114 113 113 113 113 114 114
2305 113 113 113 113 113 112 112 112 112 112 112 112 112 112 111 111 111 112 112 112 112 112 111 111 111 110 110 110 110 110 110 109 109 109 109 109 109 109 109 109 109 109 109 109 109 109 110 110 111 111 111 111 110 110 110 110 110 110 109 109
2306 109 110 109 109 109 109 109 109 109 109 109 109 109 109 109 109 108 109 109 109 109 109 108 108 107 107 107 107 107 107 107 107 107 107 107 107 107 107 107 107 107 107 107 107 107 107 107 107 108 108 108 107 108 108 107 107 107 107 107 107
2307 107 107 107 107 107 107 107 107 107 107 107 108 108 108 108 108 108 109 108 108 108 108 108 108 108 108 108 107 108 108 108 107 107 107 107 107 107 107 107 107 107 108 108 108 108 108 108 108 108 108 108 108 108 109 108 109 109 108 108 108
2308 108 108 107 107 107 107 107 107 107 106 106 106 106 106 106 106 106 106 106 106 106 107 107 107 107 107 107 107 107 107 107 107 107 107 107 107 107 107 107 107 107 107 106 107 107 107 106 106 106 107 107 107 107 107 107 107 107 107 107 107
2309 106 106 106 106 106 106 106 106 106 106 106 106 106 106 106 106 106 106 106 106 106 106 106 105 106 106 106 106 105 105 105 105 105 105 105 105 105 105 105 106 106 106 106 106 106 106 106 106 106 106 106 106 106 106 106 107 107 107 107 107
2310 107 107 107 107 107 107 107 107 107 107 107 107 107 107 107 108 108 108 108 108 108 108 108 108 108 108 108 108 108 108 108 108 108 108 108 108 109 109 109 109 109 109 109 109 109 109 109 110 109 110 109 109 109 109 110 110 110 110 110 110
2311 110 110 110 110 110 110 110 110 110 110 110 111 111 111 110 110 110 110 110 110 110 110 110 110 110 110 110 110 110 111 111 111 111 110 110 110 110 110 110 110 110 110 111 110 110 110 110 110 110 110 111 111 111 111 111 111 111 112 112 112
2312 112 112 112 112 112 112 112 112 111 112 112 112 112 112 112 112 112 112 112 111 111 111 111 111 111 111 111 111 111 111 111 112 112 112 112 113 113 113 113 113 113 113 113 113 113 112 112 112 112 112 112 112 112 112 112 112 112 112 113 113
2313 113 112 113 113 113 113 113 113 113 113 112 112 111 111 111 112 112 112 112 111 111 111 112 112 113 113 113 113 113 113 113 113 113 113 113 113 114 114 114 115 114 115 115 114 114 114 114 114 115 115 115 115 114 114 113 114 114 115 115 115
2314 115 115 116 116 116 116 115 114 114 114 115 115 116 116 116 117 117 116 115 115 114 114 113 113 113 113 113 113 114 114 115 114 114 115 115 115 115 114 113 113 113 113 113 112 113 113 113 112 112 113 113 113 113 113 113 113 112 112 112 112
2315 113 113 112 112 112 112 112 111 111 111 112 112 112 113 113 113 113 112 113 113 114 113 113 114 114 114 113 112 112 112 112 112 111 111 112 112 113 113 113 113 112 112 112 112 112 112 113 113 113 113 113 112 112 112 113 113 113 113 113 113
2316 112 112 112 112 112 111 112 112 112 111 111 111 111 111 111 112 112 112 112 112 112 111 111 111 111 111 111 111 111 111 111 111 111 111 110 110 110 110 110 110 110 110 110 110 110 110 110 110 109 110 110 110 110 110 110 110 109 109 110 109
2317 110 109 109 109 109 109 109 109 109 109 109 109 109 109 109 109 109 109 109 109 109 109 108 108 108 108 108 108 108 108 108 108 108 108 108 108 108 108 108 108 107 107 107 107 107 107 107 107 107 107 107 107 107 107 107 107 107 107 107 107
2318 107 107 107 107 107 106 106 106 106 106 106 106 106 106 106 106 106 106 106 106 105 105 105 105 105 105 105 105 105 104 104 104 105 105 105 105 105 104 105 105 104 104 104 104 104 104 104 104 104 104 104 104 104 104 104 104 104 104 104 104
2319 103 103 103 103 103 103 103 103 103 103 103 103 103 103 103 103 103 103 103 103 103 103 103 103 102 102 101 101 100 100  99  98  98  97  97  97  97  97  97  97  97  97  97  96  95  95  94  94  93  93  93  93  93  92  92  92  92  92  92  92
2320  92  92  92  92  92  92  92  92  92  92  92  92  92  92  92  92  92  91  91  91  91  92  91  91  91  92  92  92  93  94  95  95  95  95  95  95  95  95  95  94  94  93  93  93  92  92  92  92  92  91  91  91  91  90  90  90  90  90  90  90
2321  90  90  90  90  90  90  90  90  90  90  90  90  90  89  89  89  88  88  89  89  89  89  89  89  90  90  90  90  90  90  90  90  89  89  89  89  89  89  89  89  88  88  88  88  88  88  88  88  88  88  88  87  87  87  87  87  87  87  87  87
2322  87  87  87  87  88  88  88  88  89  89  88  88  88  88  88  88  88  89  89  88  88  88  88  88  89  88  88  88  88  88  88  88  88  87  87  87  87  87  87  87  87  87  87  87  87  88  88  88  88  88  88  88  88  88  88  89  89  89  90  90
2323  90  90  91  91  91  91  91  92  92  92  92  92  91  91  91  91  91  91  90  91  91  91  91  92  92  92  91  91  91  90  90  90  91  90  90  90  90  90  90  90  90  91  92  93  92  93  93  93  94  93  94  93  94  94  94  94  95  94  95  94
2400  95  95  94  94  94  93  93  93  92  92  92  92  92  92  93  93  93  93  93  94  94  94  94  94  94  94  94  94  94  94  94  94  94  94  94  93  93  94  94  94  94  94  93  93  93  93  94  94  93  93  92  92  92  91  91  91  91  91  91  90
2401  91  91  91  91  91  91  91  91  90  90  90  90  90  90  90  90  90  90  90  91  91  92  92  92  91  91  91  91  91  91  91  91  91  91  91  91  91  91  91  91  91  91  91  90  90  90  90  90  90  90  90  90  89  89  89  89  89  89  89  90
2402  90  90  90  90  90  90  90  90  89  90  90  90  91  91  91  92  92  92  92  92  92  92  91  92  92  92  92  92  92  92  92  92  91  91  91  91  91  91  91  90  90  90  90  90  90  90  90  90  90  90  90  90  90  90  90  91  91  92  92  93
2403  93  93  94  94  94  94  94  94  93  93  93  93  93  93  92  92  91  91  91  90  90  90  89  89  89  89  89  88  88  88  88  88  88  88  88  87  87  87  86  86  86  86  86  85  85  85  85  85  85  85  85  85  85  85  85  85  85  86  85  86
2404  86  86  87  87  88  89  89  90  90  90  90  90  90  90  90  90  90  89  89  89  89  89  89  89  89  89  88  88  88  88  88  88  88  89  89  89  88  88  88  88  88  88  89  88  88  88  88  87  87  87  87  86  86  85  85  85  85  84  84  84
2405  84  84  84  84  84  84  84  84  84  84  84  84  84  84  83  83  83  83  83  83  83  83  83  82  82  82  82  82  82  82  82  82  82  82  82  82  82  82  82  82  82  82  82  82  81  81  81  81  81  81  81  81  81  81  81  81  81  82  82  82
2406  82  82  82  82  82  83  83  83  83  83  83  83  83  83  83  83  83  83  83  83  83  83  83  83  82  82  82  83  82  82  82  82  83  82  82  82  82  82  82  82  83  82  83  83  83  83  83  83  83  83  83  83  84  83  83  83  84  84  83  83
2407  83  83  84  84  85  86  87  88  88  88  88  88  88  87  86  87  86  86  85  85  86  86  87  87  86  85  86  86  87  87  87  87  87  87  88  88  89  89  88  88  89  88  88  89  89  89  89  89  88  88  88  88  88  88  88  87  87  87  87  87
2408  87  87  87  87  87  88  88  88  88  88  88  88  87  87  87  87  87  87  86  87  87  87  87  88  88  88  88  89  89  89  89  89  88  88  88  89  89  89  89  89  89  89  88  88  88  88  88  88  88  88  88  88  88  88  88  88  88  88  88  88
2409  88  88  88  89  88  89  89  88  88  88  88  88  88  88  88  88  88  89  89  89  89  88  88  88  88  88  88  88  88  88  89  88  88  88  88  88  88  88  88  88  88  88  89  89  88  88  88  89  89  89  89  89  88  88  88  88  88  88  88  88
2410  88  88  88  88  88  88  87  88  87  88  88  88  88  89  89  89  89  89  89  89  89  90  90  90  90  90  90  90  89  90  90  90  90  90  90  90  90  90  90  90  90  90  90  90  90  90  90  90  90  91  91  91  91  91  91  91  91  92  92 152
2411  92  92  93  93  93  93  93  93  93  93  94  94  94  93  93  93  93  93  93  93  93  93  93  93  93  94  94  94  94  95  95  95  95  95  96  95  96  95  95  95  96  96  96  96  96  97  97  97  97  97  97  97  97  97  97  97  97  97  97  97
2412  97  97  97  98  98  97  97  97  97  97  97  98  99  99 100 100 100 100 100 101 101 101 101 101 102 101 100 100 100 101 102 102 102 102 101 101 100 101 101 101 101 101 101 101 101 102 102 102 102 103 103 103 103 103 103 103 104 104 104 104
2413 105 105 105 105 106 106 107 107 106 106 106 107 107 107 108 109 110 112 113 111 111 110 110 108 108 108 108 108 109 108 108 108 108 108 108 108 108 108 109 109 108 109 109 110 110 109 109 110 111 112 112 112 112 112 110 109 109 109 108 108
2414 109 109 110 110 111 110 111 112 111 111 111 110 110 109 109 109 110 110 110 109 109 109 110 110 110 111 111 112 113 113 113 111 112 110 110 110 110 110 111 112 112 113 112 111 111 112 112 112 111 111 110 110 110 110 110 111 112 112 112 112
2415 111 111 111 111 112 112 112 111 111 110 111 111 112 111 182 111 111 111 111 111 111 112 113 113 113 112 112 111 111 110 110 109 109 109 109 109 109 109 110 110 110 110 110 110 110 110 111 111 111 111 111 111 111 110 111 111 111 111 111 112
2416 112 112 111 112 112 112 112 112 112 112 111 111 111 111 111 110 110 110 110 110 109 109 110 110 110 110 110 110 110 111 111 111 111 110 110 109 109 109 110 110 110 110 110 110 110 110 110 110 110 109 109 109 109 109 109 109 109 109 109 109
2417 109 109 109 109 109 109 109 109 109 108 108 108 108 108 109 108 108 109 109 109 109 108 108 108 108 108 108 108 108 108 108 108 108 108 108 108 108 108 107 107 107 107 106 106 106 107 107 107 107 107 107 106 106 106 106 106 106 106 106 106
2418 106 106 105 106 105 105 105 105 105 105 105 105 105 105 105 105 105 105 104 104 104 104 104 104 104 104 104 104 104 104 104 104 104 104 104 104 104 104 104 104 104 104 104 104 104 104 104 103 104 103 103 103 103 104 103 103 103 103 103 103
2419 103 103 103 103 103 104 104 104 104 104 104 104 104 104 103 103 103 103 103 103 102 102 102 102 102 102 102 102 102 147 102 102 102 102 102 103 103 102 102 102 102 101 101 100 100 100 101 102 102 102 102 102 102 102 101 101 101 101 101 101
2420 102 103 103 103 103 103 102 102 102 102 102 103 103 103 102 102 102 102 102 102 102 103 103 103 103 103 103 102 102 102 102 102 102 102 102 102 102 102 102 102 102 102 102 102 102 102 102 101 101 101 101 101 101 101 101 101 101 101 101 101
2421 101 101 101 102 102 102 102 102 101 101 101 101 102 102 101 101 102 102 101 101 101 101 101 101 101 101 100 100 100 100 100 100 101 101 100 100 100 100 101 101 101 101 101 101 101 101 101 101 101 101 101 101 101 101 101 100 100 100 100 100
2422 100 100 100 100 100 100 100  99 100  99  99  99  99  99  99  99  99  99  99  99  98  99  98  98  98  98  98  98  98  98  98  98  98  98  98  98  98  98  97  97  97  97  97  97  97  97  97  97  97  97  97  96  96  96  96  96  96  96  96  96
2423  96  96  96  96  96  96  96  96  96  96  96  96  96  95  95  95  95  95  95  95  95  95  95  95  95  95  95  95  95  95  95  95  95  95  95  95  95  95  95  95  95  94  94  94 148  94  94  94  94  94  94  94  94  94  94  94  94  94  94  94
2500  94  94  94  94  94  94  94  94  94  94  94  94  94  93  93  93  93  93  93  93  93  93  93  93  93  93  93  93  93  93  93  93  93  93  93  93  93  93  93  92  92  92  92  92  92  92  92  92  92  93  93  93  92  92  92  92  92  92  92  92
2501  92  92  92  91  91  91  91  91  91  91  91  91  91  91  91  91  91  91  91  91  91  91  91  91  91  91  91  91  91  91  91  91  91  91  91  91  91  91  91  91  91  91  90  90  91  91  90  90  90  90  90  90  90  91  90  91  90  90  90  90
2502  90  90  90  90  90  90  90  90  90  90  90  90  90  90  90  90  90  89  89  90  90  90  89  89  89  89  89  89  89  89  89  89  89  89  89  89  89  89  88  88  88  88  88  88  88  88  87  87  87  87  87  87  87  87  87  87  87  87  87  87
2503  87  87  87  87  87  87  86  86  86  85  86  86  85  85  85  85  85  85  85  85  85  85  85  85  85  85  85  85  85  85  84  84  84  84  84  84  84  84  84  84  84  84  84  84  84  84  84  84  84  84  84  84  84  84  84  84  84  84  84  84
2504  84  84  84  84  84  84  84  84  83  84  84  84  83  84  83  83  83  83  84  83  84  84  84  84  84  84  84  84  84  84  84  84  84  84  84  84  84  84  83  84  83  83  83  83  83  83  83  83  83  83  83  83  83  83  83  83  84  84  83  84
2505  84  84  84  84  84  84  84  84  84  84  84  84  84  84  84  84  84  84  84  84  84  84  84  84  84  84  84  84  84  84  84  84  84  84  85  84  84  85  85  85  85  85  85  85  85  85  85  85  85  85  85  85  85  85  85  85  85  85  85  85
2506  85  85  85  85  85  85  85  85  85  85  85  85  85  85  85  85  86  86  85  85  85  85  85  85  85  85  85  85  85  85  85  85  85  85  85  85  85  85  85  85  85  85  85  85  85  85  85  85  85  85  85  85  85  85  85  85  85  85  85  85
2507  85  85  85  85  85  85  85  85  85  85  85  84  84  84  84  84  84  84  84  84  84  84  84  84  84  84  85  85  85  85  85  85  85  85  85  85  85  85  85  85  85  84  85  85  84  84  84  84  84  84  84  85  85  85  85  85  85  85  85  85
2508  85  85  85  86  86  86  86  86  86  86  86  86  86  86  86  86  87  86  86  86  86  86  86  86  86  86  86  85  85  86  85  85  85  85  85  85  84  84  85  84  84  84  84  84  84  84  84  84  84  84  84  84  84  84  85  85  85  85  85  85
2509  85  85  85  85  85  85  85  85  85  85  85  84  84  84  84  84  84  85  85  85  85  85  85  85  85  85  85  85  85  85  85  85  85  85  85  85  85  85  86  86  86  86  86  86  86  86  86  86  86  86  86  86  86  87  86  87  87  87  87  87
2510  87  86  86  87  87  87  87  87  87  87  87  87  87  87  87  87  87  87  87  88  88  88  88  88  88  88  88  88  88  88  89  88  88  89  89  89  89  89  89  89  89  89  89  89  89  89  89  89  90  90  90  90  90  90  90  91  91  90  91  91
2511  91  91  90  90  90  90  90  90  90  90  90  90  90  90  90  90  90  90  90  90  90  90  90  89  89  90  89  89  89  88  88  88  88  88  88  88  88  87  87  87  88  87  88  88  88  88  88  88  88  88  89  89  89  89  89  89  89  89  89  90
2512  90  90  90  91  91  91  91  91  90  90  90  90  90  90  90  90  90  90  91  91  91  91  91  91  92  92  92  92  92  93  93  93  93  94  94  93  93  93  93  92  92  92  92  92  92  92  92  92  92  93  93  93  93  93  93  93  93  93  93  92
2513  93  93  92  93  93  93  93  94  94  94  94  94  94  94  94  94  94  94  93  93  93  93  93  93  93  93  94  94  94  94  94  94  93  94  94  94  95  95  95  95  95  94  94  95  95  95  95  95  95  95  95  94  94  94  94  94  94  94  94  94
2514  94  94  94  94  94  94  94  94  94  94  94  94  94  94  94  94  94  95  95  95  95  95  95  94  94  94  94  94  94  94  94  94  94  94  94  94  94  94  94  94  95  95  95  95  95  95  95  95  95  95  95  95  96  96  96  96  96  96  96  96
2515  96  96  96  97  97  97  97  97  97  97  97  97  97  98  98  98  98  98  97  97  98  98  98  98  98  98  98  97  97  98  98  98  98  99  99  99  99  99  99 100 100 100  99  99  99  99  99  98  98  98  98  98  98  99  99  99  99 100 101 101
2516 101 101 101 102 102 102 102 102 101 101 101 100 100 100 100 100 100 100  99  99  99  99  99  99  99  98  98  98  98  98  97  97  97  97  97  97  97  97  97  97  97  97  97  97  98  98  98  98  98  98  98  98  98  98  97  97  97  97  97  98
2517  98  98  97  98  97  97  98  97  97  97  98  98  97  97  97  97  97  96  96  96  95  95  95  95  95  95  95  96  96  96  96  96  96  96  96  96  96  96  96  96  96  96  96  96  96  96  96  95  95  95  94  94  94  94  94  94  94  93  93  93
2518  93  92  92  92  92  92  92  92  92  92  92  92  92  92  92  92  92  92  92  92  92  92  92  92  91  91  91  91  91  91  91  91  91  91  91  91  91  91  91  90  90  90  90  90  90  90  90  90  90  90  90  90  90  90  90  90  90  89  89  89
2519  89  89  89  89  89  89  89  89  89  89  89  89  89  88  88  88  88  89  88  89  89  88  88  88  88  88  88  88  88  88  88  88  88  88  88  88  88  88  88  88  88  88  88  88  88  88  88  88  88  88  88  88  88  88  88  88  88  88  88  88
2520  88  88  89  89  89  89  89  89  89  89  89  88  88  89  88  88  88  88  88  88  88  88  88  88  87  87  87  87  86  86  86  86  86  86  85  85  85  85  85  85  84  84  84  84  84  84  84  84  84  84  84  84  84  84  84  84  84  84  84  84
2521  84  84  84  84  84  84  84  84  84  84  84  84  84  84  83  84  84  84  84  84  84  84  84  84  84  84  84  84  84  84  84  84  84  84  84  84  84  84  83  83  84  83  84  83  83  83  83  83  83  83  83  83  83  83  83  83  83  83  83  82
2522  82  82  81  81  81  81  80  80  80  79  80  79  79  79  79  79  79  78  78  78  78  78  78  78  78  78  78  78  77  77  77  77  77  77  77  77  76  76  77  76  75  74  75  74  74  74  74  74  74  74  74  73  73  73  73  73  73  72  72  71
2523  70  70  70  69  69  68  68  68  67  67  67  67  67  67  67  67  67  67  67  67  67  67  67  67  67  67  66  66  65  64  64  63  63  62  62  61  61  61  60  60  60  60  60  59  59  59  59  58  58  58  58  58  57  57  57  56  56  56  56  56
2600  56  56  56  56  56  56  56  56  56  56  55  55  55  55  55  55  55  55  55  56  56  56  55  55  55  55  56  56  56  56  56  56  56  56  56  56  56  56  56  56  57  57  57  57  57  57  57  57  57  57  58  58  58  58  58  58  58  58  58  58
2601  58  58  58  58  59  58  59  59  58  58  58  58  58  58  58  58  58  58  58  58  58  58  58  58  58  59  58  58  58  58  58  58  58  58  58  58  58  58  58  58  58  58  58  58  58  58  58  58  58  58  58  58  58  58  58  59  58  58  58  58
2602  58  59  59  59  59  59  59  59  59  59  59  59  59  59  59  59  59  59  59  59  59  59  59  59  59  59  59  59  59  59  59  58  58  58  58  58  58  58  58  58  58  58  58  58  58  58  58  58  58  58  59  59  59  59  59  59  59  59  59  59
2603  59  59  59  59  59  59  59  59  59  59  58  58  58  58  58  58  58  58  58  58  58  58  58  58  58  58  58  57  57  57  57  57  58  58  58  57  57  58  58  58  58  57  57  57  57  57  57  57  57  57  56  56  56  56  56  56  56  56  56  55
2604  55  55  55  55  55  55  55  55  55  55  55  55  55  55  55  55  55  55  55  55  55  55  55  55  55  55  55  55  55  55  54  54  55  54  54  54  54  54  54  54  54  54  54  54  54  54  54  54  54  54  54  54  54  54  54  54  54  54  54  54
2605  54  54  54  54  54  54  54  54  54  54  54  54  54  54  54  54  54  54  54  54  54  54  54  54  54  54  54  54  54  54  54  54  54  53  53  53  53  52  52  53  53  53  53  53  53  53  53  53  53  53  53  53  53  53  53  53  53  53  53  53
2606  53  53  53  54  54  54  54  54  54  54  54  54  54  54  54  54  54  54  54  54  54  54  54  54  54  54  54  54  55  54  55  55  55  55  55  55  55  55  55  55  55  55  55  55  55  55  55  55  55  55  55  55  55  55  55  56  56  56  56  56
2607  56  56  56  56  56  56  56  56  56  56  56  55  55  55  55  55  55  55  55  55  55  55  55  55  55  55  55  55  55  55  55  55  55  55  55  55  55  55  55  54  54  54  54  54  53  53  54  54  54  54  54  54  53  53  53  53  53  53  53  53
2608  53  53  52  52  52  52  52  52  51  51  51  51  51  51  51  51  52  51  51  51  51  51  50  50  50  49  49  49  49  49  49  49  49  48  48  49  49  49  49  49  49  49  49  49  48  48  48  48  49  49  49  50  50  50  50  50  50  51  51  51
2609  52  52  53  53  54  54  55  55  55  56  56  56  56  57  57  57  57  58  58  58  58  58  58  59  59  59  59  60  60  61  61  61  61  62  62  62  63  63  63  63  64  64  65  65  66  66  67  67  67  68  68  68  68  69  69  70  71  72  72  73
2610  73  74  73  74  73  73  72  72  72  73  74  75  75  75  75  75  76  76  76  75  75  75  75  76  77  77  76  76  76  77  78  79  78  79  79  78  77  76  75  74  74  74  73  74  74  74  73  73  74  74  74  75  75  75  75  76  76  76  76  76
2611  76  76  76  76  76  76  77  77  77  77  77  77  78  78  78  78  78  78  78  78  78  78  78  78  78  78  78  77  77  77  77  78  78  77  77  78  78  78  79  80  80  81  81  82  82  82  83  84  84  84  85  85  85  86  87  86  86  85  86  86
2612  86  86  86  86  86  85  85  84  84  84  85  85  87  88  89  90  92  95  97  98  99  99  98  98  99  99 100 101 102 103 103 103 103 105 107 108 108 106 107 108 107 106 106 106 105 106 107 108 108 108 107 108 108 107 106 105 105 105 106 106
2613 106 178 106 108 109 109 109 111 115 117 117 117 116 117 117 116 116 115 115 115 114 112 112 113 113 114 114 115 114 113 112 113 113 113 114 115 117 118 120 121 121 121 121 121 121 121 121 121 121 121 120 119 118 118 118 119 118 118 119 120
2614 116 114 115 117 118 120 122 122 122 122 122 122 122 122 119 118 118 118 118 120 121 121 119 119 120 122 124 125 123 123 123 123 122 121 119 120 120 121 121 122 121 120 121 120 120 122 124 125 124 124 124 126 127 129 129 130 131 130 130 130
2615 129 128 130 131 132 131 127 127 126 127 127 127 127 128 129 128 126 125 125 126 128 130 131 131 131 132 132 130 130 131 133 133 134   0   0   0  69 136 134 133 131 131 131 132 132 129 127 126 125 125 124 124 124 125 126 127 129 130 130 130
2616 130 128 128 128 129 130 130 130 128 127 127 127 129 131 133 133 133 131 130 130 129 128 128 128 130 132 132 132 131 131 131 130 130 129 128 128 128 128 129 130 130 130 130 130 130 131 131 130 130 131 130 130 132 133 133 133 134 132 131 131
2617 131 131 130 130 130 130 130 130 129 129 130 131 130 129 128 127 193 128 129 129 128 127 127 128 129 131 134 135 136 137 137 136 136 136 137 136 135 133 133 133 132 132 132 131 130 129 129 129 129 128 128 128 128 129 129 130 129 129 129 130
2618 130 130 130 129 129 129 129 129 128 128 128 127 127 126 126 126 126 126 125 125 124 123 123 122 122 121 121 120 119 117 116 114 113 111 110 108 107 106 104 103 102 101 100  99  98  97  97  96  96  95  95  95  95  95  95  94  93  93  93  92
2619  92  91  90  90  90  89  89  88  88  87  86  85  84  83  83  82  82  81  80  80  79  78  78  77  77  77  76  75  75  74  74  74  74  74  75  75  74  74  74  74  74  75  75  74  74  74  73  73  73  72  72  71  70  69  69  68  68  67  67  67
2620  66  66  66  66  66  66  66  66  66  66  66  66  67  67  67  66  66  66  66  66  66  66  65  65  65  65  65  65  64  64  63  63  62  62  61  61  61  61  60  60  60  60  60  60  60  60  60  60  60  60  59  59  59  58  58  58  57  57  56  56
2621  57  57  57  57  57  58  58  57  58  58  58  58  59  59  59  59  59  59  58  58  58  58  58  58  58  57  57  57  57  57  57 166  56  56  56  55  55  54  55  55  55  55  55  56  56  56  55  55  54  54  55  55  55  55  55  55  54  53  53  53
2622  52  52  52  52  52  52  52  52  52  52  52  53  53  53  53  53  53  53  53  53  53  53  53  53  53  53  53  53  53  53  53  53  53  52  52  52  52  52  52  52  52  52  52  52  52  51  51  52  52  53  53  53  53  52  52  52  52  51  50  50
2623  49  49  49  49  49  50  50  51  51  51  51  51  51  51  51  51  50  49  49  48  48  47  47  47  47  47  46  46  46  46  46  45  45  45  45  45  45  45  45  45  45  45  45  46  47  48  48  48  48  48  48  48  48  48  49  49  49  49  48  48
2700  48  48  48  47  47  48  48  48  48  48  48  48  48  47  47  46  46  45  45  45  45  45  45  45  45  44  44  44  43  43  43  43  44  44  45  45  45  45  45  46  46  46  45  45  45  45  45  45  44  44  44  43  43  43  43  43  43  42  42  43
2701  44  44  44  44  45  45  45  45  46  46  46  46  46  46  47  48  49  50  51  52  52  53  53  55  56  58  60  61  63  64  65  66  67  68  68  68  69  70  70  70  70  70  70  69  69  69 142  69  68  68  68  68  68  68  68  68  69  71  71  72
2702  73  74  74  75  75  75  76  76  76  76  77  77  77  77  77  77  77  77  77  77  76  76  75  75  75  75  75  75  75  75  76  76  76  76  76  76  76  77  77  77  77  76  76  76  76  76  76  77  77  77  77  77  77  76  77  77  77  77  77  77
2703  76  76  76  76  76  76  76  76  76  76  76  76  76  76  76  75  75  75  76  76  76  76  76  76  76  75  75  75  75  75  75  75  75  75  75  75  75  75  75  75  75  75  75  75  75  75  75  75  74  75  74  74  74  74  74  74  74  74  74  74
2704  74  74  75  75  75  75  75  75  75  75  75  75  75  75  75  75  75  75  75  75  75  75  75  75  75  75  75  75  75  75  75  75  75  75  75  75  75  75  75  75  75  75  75  75  75  75  75  75  74  74  75  75  75  75  75  75  76  75  76  75
2705  76  76  76  76  76  76  76  76  76  76  75  75  75  75  75  75  75  75  75  75  75  74  74  74  74  74  74  74  74  74  74  74  74  74  74  73  73  73  73  73  73  73  73  73  74  73  74  74  74  73  73  73  72  72  72  72  72  72  72  71
2706  71 146  71  71  71  72  72  72  72  72  71  71  71  71  71  71  71  71  71  71  71  71  71  71  71  71  71  71  71  71  71  71  71  71  71  71  71  71  71  71  71  71  71  71  71  72  72  72  72  72  72  72  72  72  72  73  73  73  73  73
2707  73  73  73  73  73  73  73  73  73  73  72  72  72  72  72  72  72  72  72  72  72  72  72  71  71  71  71  71  71  71  71  71  71  71  71  71  71  71  71  71  70  70  70  70  70  70  70  70  71  71  72  72  72  72  71  71  71  71  71  71
2708  71  71  70  70  70  70  70  70  70  70  70  70  70  70  70  71  71  71  71  71  72  72  72  72  72  72  71  71  71  71  71  72  71  71  71  71  71  70  70  70  70  70  70  70  70  70  70  70  69  69  70  70  70  70  70  70  70  70  70  71
2709  71  71  71  71  71  71  71  71  71  72  72  72  72  72  72  72  72  72  72  72  73  73  73  73  73  73  73  73  73  74  74  75  75  75  76  76  77  77  77  77  77  77  78  78  78  78  78  79  79  79  79  79  80  80  80  80  80  80  81  81
2710  81  81  81  81  81  82  82  82  82  82  83  83  83  84  83  84  84  84  84  84  84  84  84  84  84  85  85  84  84  85  84  84  84  85  85  85  85  85  86  87  87  87  87  87  87  87  87  88  88  88  89  89  89  89  90  90  90  90  90  90
2711  90  90  90  90  89  89  90  89  89  90  90  90  90  90  90  90  91  91  91  91  92  92  91  92  92  92  93  93  93  93  93  93  93  94  95  95  95  95  95  95  95  95  95  96  97  96  96  95  95  96  97  97  97  98  97  97  97  96  96  97
2712  98  99 100 101 102 101 101 101 101 101 100 100 100  99  99 100 100 101 102 102 103 103 105 105 106 107 108 109 108 109 109 108 108 107 107 107 108 109 109 110 110 110 110 108 108 108 108 109 109 110 111 111 110 110 110 110 110 111 110 110
2713 112 113 113 113 113 113 112 112 112 112 112 113 112 111 112 114 113 112 111 111 111 112 113 113 114 113 113 114 114 115 116 116 115 115 115 115 116 116 118 118 118 118 119 120 121 121 120 120 119 117 117 118 117 117 117 116 117 118 118 116
2714 116 117 119 120 120 121 121 120 119 118 118 119 122 123 123 122 120 120 121 122 122 121 120 120 120 121 121 122 123 123 123 122 121 121 123 123 125 125 122 120 121 123 125 125 122 120 119 121 121 121 121 122 121 121 122 123 123 123 124 124
2715 125 125 127 127 129 129 128 126 128 128 128 129 129 129 127 124 125 124 124 125 126 127 128 130 130 129 128 129 129 128 128 127 128 127 126 126 127 127 127 125 125 125 126 126 126 127 127 128 127 125 124 123 123 122 121 122 122 121 122 122
2716 122 121 121 121 122 122 122 123 123 123 123 123 124 124 124 123 123 123 122 123 123 123 123 123 123 123 123 123 123 124 125 126 126 125 124 123 122 121 121 120 120 122 121 121 121 121 122 123 123 123 122 122 122 123 123 122 122 121 120 120
2717 120 121 121 120 120 120 120 120 119 120 120 120 119 119 119 119 119 119 120 120 120 120 120 120 120 119 119 119 119 119 120 119 119 119 119 119 119 119 120 120 120 120 119 120 120 120 120 120 120 119 119 119 119 120 119 119 119 119 119 119
2718 119 119 119 119 119 119 119 119 119 119 119 119 118 119 118 118 118 118 118 118 118 117 117 117 116 116 116 116 116 115 115 114 114 114 113 113 113 113 113 113 113 113 113 113 112 112 112 112 111 111 111 111 111 111 111 110 110 110 109 109
2719 108 108 108 108 108 108 107 107 106 106 106 105 105 104 104 104 104 104 103 103 104 105 106 105 105 104 104 104 104 104 104 104 104 104 104 104 104 104 104 105 105 104 104 104 104 104 104 105 105 105 105 104 104 104 104 104 104 104 104 104
2720 104 103 103 103 103 102 102 102 102 102 101 101 100 100 100 100  99  98  98  98  97  97  96  95  95  94  94  94  94  93  93  92  91  91  91  90  90  89  89  88  88  88  88  87  86  86  87  87  87  87  87  88  87  88  88  88  88  87  88  87
2721  87  87  87  87  87  87  87  88  89  89  90  90  90  90  91  91  91  90  90  89  89  88  88  87  86  86  85  84  84  83  83  82  82  82  81  81  80  80  79  78  78  78  77  77  77  77  77  77  77  76  76  76  76  76  76  75  75  75  75  75
2722  75  75  75  75  75  75  75  76  76  76  77  77  78  79  79  79  79  80  80  80  80  80  81  81  81  82  82  82  82  82  82  82  82  82  82  82  82  83  83  83  83  83  82  82  81  81  81  81  81  81  82  82  82  82  81  81  81  81  81  81
2723  81  81  81  81  81  81  80  80  80  80  79  79  79  79  79  79  79  79  79  78  78  78  78  78  78  78  78  78  78  78  78  78  78  78  78  78  78  78  78  78  77  77  77  77  77  77  78  79  80  80  80  81  81  81  81  81  81  82  82  82
2800  82  82  82  83  83  83  83  83  83  83  83  83  83  83  84  84  84  84  84  83  83  83  83  82  82  82  81  81  81  80  80  80  79  79  79  79  78  78  78  77  77  77  76  77  77  77  77  76  76  76  76  75  75  75  75  74  74  74  73  74
2801  74  75  77  77  78  79  80  80  80  80  80  80  80  81  82  84  85  85  86  87  87  87  86  86  87  87  87  88  88  88  88  88  88  88  88  88  87  86  86  86  86  85  85  84  84  84  83  84  83  83  83  82  83  84  85  86  87  87  87  87
2802  87  87  87  87  87  87  87  86  86  85  85  85  85  84  84  84  83  83  83  82  82  82  82  81  81  81  81  80  80  80  79  79  79  79  79  79  79  80  80  80  80  82  82  82  81  81  82  82  81  80  80  80  79  78  77  77  76  76  76  76
2803  75  75  75  75  75  75  75  75  75  75  75  75  75  75  75  75  75  75  75  75  75  76  76  76  76  76  77  77  77  77  77  77  77  77  77  77  77  77  78  78  78  78  78  78  78  78  77  77  77  77  76  76  77  77  77  77  76  76  76  76
2804  77  77  78  78  78  79  79  79  79  80  80  80  80  80  80  80  79  79  79  78  78  78  78  78  79  79  79  79  78  78  78  78  78  78  78  78  78  78  78  78  78  77  77  77  77  77  77  77  76  76  76  76  77  77  77  77  77  77  77  77
2805  77  77  77  76  76  76  77  77  77  77  77  77  77  77  77  77  77  77  77  78  78  78  79  79  79  79  79  79  79  79  79  78  78  78  78  77  77  77  77  77  77  78  79  78  78  78  78  78  79  79  79  80  80  81  82  83  83  83  84  84
2806  84  84  83  83  83  83  83  82  82  83  83  83  83  83  83  83  83  83  82  83  83  83  83  83  83  82  82  82  81  81  81  81  81  81  81  81  81  81  81  81  81  81  81  81  81  81  82  83  83  83  83  83  83  83  83  83  83  83  82  82
2807  83  83  84  84  84  84  84  84  85  85  85  85  85  85  85  85  85  85  84  84  84  84  84  84  84  84  84  83  83  83  83  83  83  83  82  82  81  80  80  80  79  79  78  78  77  77  77  76  76  76  75  75  75  74  73  73  73  73  72  72
2808  71  71  70  70  70  69  69  68  68  67  67  66  66  65  65  64  63  63  62  62  61  61  61  61  61  61  61  60  60  60  60  60  60  59  59  59  59  59  59  59  58  58  58  58  58  58  58  58  58  58  58  58  58  58  57  58  58  58  58  58
2809  58  58  58  58  59  59  59  59  60  60  60  61  61  61  61  61  61  61  61  61  62  63  65  66  67  69  71  72  72  72  73  73  73  74  74  75  75  75  74  74  74  74  74  74  74  74  73  73  73  73  73  73  73  73  74  74  74  74  74  74
2810  75  75  75  76  76  77  77  78  79  80  81  82  84  85  85  86  85  85  85  85  85  86  88  88  90  91  92  91  91  91  91  91  90  90  91  91  92  92  92  92  92  92  92  92  92  93  94  94  93  93  92  93  93  94  95  96  97  97  98  99
2811  99 100 101 102 103 103 104 104 103 104 105 106 106 105 104 103 102 102 102 103 105 105 106 107 107 108 108 107 105 104 103 103 103 103 104 105 105 104 105 107 110 111 111 113 114 115 114 113 112 111 112 113 115 116 116 115 114 113 114 114
2812 114 114 114 115 116 116 116 116 116 117 118 118 118 117 118 121 122 121 121 122 122 120 120 120 121 122 123 125 125 123 123 125 126 126 126 126 126 126 125 124 124 125 125 124 124 126 126 128 129 130 130 129 128 128 128 128 127 128 129 129
2813 129 130 130 131 131 131 132 132 131 130 130 132 133 132 132 132 132 132 131 130 130 131 130 130 131 132 133 134 134 134 134 135 135 134 132 133 134 133 134 133 133 134 134 134 135 137 138 137 137 137 137 138 139 140 141 141 141 142 142 143
2814 144 144 143 143 142 141 141 142 142 143 143 142 141 142 141 139 139 139 139 140 140 139 139 140 143 144 144 144 143 144 144 143 143 145 145 146 145 144 144 145 146 147 147 147 146 147 147 147 148 149 149 148 148 149 150 150 150 150 147 144
2815 145 146 147 147 145 145 146 147 148 149 150 149 147 146 147 147 148 149 148 147 147 149 149 148 148 148 150 151 152 151 150 149 149 149 149 150 149 149 149 149 149 149 150 152 154 155 153 151 150 150 150 149 149 149 149 148 148 149 148 148
2816 150 151 152 150 149 148 147 148 150 151 152 152 153 153 154 155 156 156 155 154 153 153 153 151 150 150 150 150 151 152 152 152 153 151 149 148 149 150 151 150 150 149 148 147 147 148 149 148 148 147 147 148 148 149 150 150 150 150 149 148
2817 147 147 147 147 147 147 146 145 145 145 146 147 149 150 150 150 150 150 149 149 149 149 149 149 149 149 149 149 149 150 149 149 148 147 146 146 146 145 145 144 144 144 144 144 145 146 146 147 148 149 150 150 148 146 145 144 143 143 142 141
2818 141 141 141 140 140 140 139 139 139 139 138 138 138 138 138 137 137 137 137 136 135 135 135 134 134 133 132 131 131 130 128 127 126 124 123 122 122 121 120 119 117 117 116 115 114 113 113 112 111 110 110 109 108 107 107 106 105 104 103 102
2819 102 101 100 100  99  98  98  97  97  96  95  95  95  94  94  94  93  93 172  92  92  92  92  92  92  92  91  91  91  91  91  92  92  91  91  91  92  92  92  92  92  92  92  93  92  93  93  93  93  93  92  92  92  92  91  91  91  91  91  91
2820  91  91  91  91  90  90  89  88  89  92  95  97 100 105 109 112 114 115 117 118 119 119 120 120 120 120 119 119 118 118 118 116 115 113 112 111 112 113 114 114 114 114 114 114 114 113 112 111 110 109 108 106 104 103 102 101 100  98  98  96
2821  96  95  94  93  93  92  92  91  91  91  90  90  90  90  90  90  90  90  90  90  90  91  91  91  91  91  91  91  91  91  91  91  91  91  91  91  91  91  91  91  90  90  90  90  91  91  90  91  91  91  91  90  90  90  90  90  90  90  90  90
2822  90  90  90  90  89  89  89  89  89  88  88  88  88  88  88  88  88  88  89  90  90  90  90  91  91  91  91  91  91  91  91  91  90  89  90  90  90  91  91  91  92  92  91  92  92  92  92  92  92  92  92  92  93  93  93  93  94  95  95  95
2823  97  97  97  97  97  96  96  96  97  98  98  98  98  97  97  97  97  96  96  95  95  94  93  92 159  92  92  92  91  91  90  90  90  90  90  89  89  89  89  89  89  89  89  90  89  89  88  88  88  87  88  88  88  88  88  89  89  89  89  89
2900  89  89  89  89  89  89  89  89  89  89  89  89  88  88  88  88  87  87  87  86  86  86  86  87  87  87  86  86  86  86  86  85  85  85  85  85  86  87  87  87  88  88  88  88  88  88  89  89  89  89  89  88  88  88  88  88  88  88  88  88
2901  88  88  88  88  89  89  89  88  88  88  90  90  90  90  90  90  91  91  91  91  92  92  92  92  92  92  92  92  92  93  93  93  94  95  94  94  94  93  93  93  93  93  92  92  92  92  92  92  92  92  92  92  92  92  91  91  91  91  91  90
2902  90  91  91  91  90  90  90  91  91  92  92  93  93  93  93  94  94  94  95  95  95  95  96  96  97  97  97  97  98  98  98  97  97  97  97  97  97  97  97  97  98  98  98  98  98  98  97  97  97  97  97  97  97  97  97  96  96  96  96  96
2903  95  95  95  96  95  95  95  95  94  94  94  94  94  94  94  94  95  95  95  95  95  95  95  94  94  94  93  93  93  93  94  94  94  94  93  93  93  93  93 153  92  92  91  91  91  91  91  91  91  91  91  91  91  91  92  92  92  92  92  92
2904  92  92  92  92  92  92  92  92  92  92  92  92  91  91  91  91  91  91  91  91  92  92  92  93  92  92  92  93  93  93  93  93  93  94  94  94  94  94  94  94  94  93  93  93  93  92  92  92  92  92  92  91  91  91  92  91  91  91  91  91
2905  91  91  91  91  90  90  90  90  89  89  89  89  89  89  89  89  89  88  88  88  88  88  88  88  88  88  88  88  88  88  88  88  88  88  88  87  87  87  87  87  87  87  87  87  87  87  87  87  87  87  87  87  87  87  87  88  88  87  87  87
2906  87  87  86  86  86  86  86  86  86  86  86  86  87  87  87  87  87  87  87  87  87  86  86  86  86  86  86  86  87  86  87  87  87  87  87  86  86  86  86  87  87  86  86  86  87  87  87  87  87  87  87  87  87  87  87  86  86  86  86  86
2907  85  85  86  86  86  86  86  86  86  86  86  86  86  86  86  87  87  87  87  87  87  87  87  87  88  88  88  87  87  87  87  87  87  87  87  87  87  87  87  87  87  88  88  88  88  88  87  87  86  86  86  85  85  85 151  85  85  85  86  86
2908  86  86  86  86  86  86  85  85  85  85  86  86  86  85  85  85  85  85  85  85  85  85  85  85  85  85  85  86  85  85  86  86  86  86  86  86  86  86  86  86  86  86  86  87  87  87  87  88  88  88  88  88  88  88  89  89  90  90  90  90
2909  90  91  90  91  92  92  92  92  92  92  92  92  92  92  92  92  92  92  92  92  92  92  92  92  92  92  92  92  92  92  92  92  93  92  92  93  92  92  92  92  92  92  92  93  93  92  92  92  92  92  92  92  93  93  93  93  93  93  93  93
2910  93  93  93  93  93  93  93  93  93  93  93  93  94  94  94  94  94  94  94  94  94  94  94  95  95  95  95  95  95  95  95  95  95  96  96  96  96  96  96  96  96  96  96  96  96  96  96  96  96  96  96  96  96  97  96  97  97  97  97  97
2911  97  97  97  97  97  97  97  97  97  97  97  97  97  97  97  97  97  97  97  97  97  97  97  97  97  97  98  98  98  98  98  98  98  98  98  98  98  98  98  98  98  98  98  99  99  99  99  99  99  99  99  99  99  99 100 100 100 100 100 100
2912  99  99  99 100 100 100 100 100 100 100 100 100 100 101 100 100 100 100 100 101 101 101 101 101 101 101 101 101 101 101 102 102 102 102 101 101 101 101 101 101 101 101 101 102 102 102 102 102 102 102 103 102 102 102 102 102 102 103 103 103
2913 103 103 103 102 102 102 102 102 102 101 101 101 101 101 101 101 101 100 100 100 100  99 100 100  99  99  99  99  99  99  99  99  99  99  99  99  98  98  98  98  98  98  98  98  98  97  97  97  97  96  96  96  96  96  96  96  96  96  96  96
2914  96  96  96  96  95  96  96  96  96  96  96  96  96  96  96  96  96  96  95  95  95  95  95  95  95  95  95  95  95  95  95  95  95  94  94  94  94  95  95  95  95  95  95  95  95  95  95  95  95  94  94  94  94  95  95  95  95  94  94  93
2915  93  93  93  93  93  93  93  93  93  93  92  92  92  92  91  91  91  91  91  91  91  90  90  90  90  90  90  90  90  90  90  90  90  90  90  90  90  90  90  90  90  89  89  89  90  89  89  89  89  89  89  89  88  89  89  89  89  88  88  88
2916  88  89  89  88  88  88  89  89  89  89  89  89  88  88  89  89  89  88  88  89  88  89  89  89  89  89  89  89  89  90  90  90  90  90  90  90  90  90  90  90  90  90  91  91  91  90  90  90  90  91  91  91  91  91  91  91  91  91  91  91
2917  92  92  92  92  92  92  92  92  92  92  92  92  92  91  91  92  91  91  92  92  92  92  93  92  92  92  92  93  93  93  93  93  93  93  93  93  93  93  93  93  93  93  93  93  93  93  92  92  92  92  92  92  92  92  92  92  92  92  92  92
2918  92  91  91  91  92  91  91  91  91  92  92  91  91  91  92  92  92  92  92  92  92  92  92  92  92  92  92  92  93  93  93  93  92  93  93  93  92  92  92  93  93  93  93  93  93  93  93  92  92  92  92  92  92  92  92  92  92  92  92  92
2919  92  92  92  92  92  92  92  92  92  92  92  92  92  92  92  92  91  91  91  91  91  91  91  91  91  91  90  90  90  90  90  90  90  90  90  90  90  90  90  89  90  90  90  90  90  90  90  90  90  90  90  90  90  90  90  90  90  90  89  89
2920  89  89  89  89  89  89  89  89  89  89  89  89  89  89  89  89  89  89  89  88  88  88  88  88  88  88  89  89  89  89  89  89  88  89  89  89  89  88  88  88  88  88  88  88 124 124 124 125 125 125 125 125 126 126 126 126 127 127 127 127
2921  89  89  88  88  88  88  88  88  88  89  89  89  89  89  89  88  89  89  89  89  88  88  88  88  88  88  88  88  88  88  88  88  88  88  88  88  88  88  88  88  88  87  87  87  87  87  87  87  87  87  87  86  86  86  86  86  86  86  86  86
2922  86  86  86  86  86  86  86  86  86  86  86  86  86  87  87  87  87  87  87  87  87  87  87  87  87  87  87  87  87  86  86  86  86  86  86  86  86  86  86  86  86  86  86  86  86  85  85  85  85  85  85  85  85  84  84  84  84  84  84  84
2923  84  83  83  83  83  83  83  82  82  82  82  82  82  82  82  81  81  81  81  81  81  81  81  81  81  81  81  81  80  80  80  79  79  79  79  79  79  79  80  80  80  80  81  81  81  81  82  82  82  82  81  81  81  81  80  80  79  79  79  79
3000  79  78  78  77  77  77  77  77  77  77  78  77  77  77  77  78  77  77  77  78  77  77  77  77  77  77  77  77  77  77  77  76  76  76  76  76  76  76  76  77  77  77  77  77  77  77  77  77  77  77  78  78  78  78  79  78  78  78  77  76
3001  76  75  74  74  73  73  72  71  71  70  70  69  69  69  68  68  67  67  67  67  67  66  66  66  66  65  65  65  64  64  64  63  63  62  62  62  62  61  61  61  60  61  60  60  60  60  60  60  60  60  60  60  60  60  60  60  59  59  59  59
3002  59  59  59  59  59  60  60  60  59  59  59  58  58  58  58  58  58  58  57  58  57  57  57  58  58  57  57  57  57  56  56  56  56  55  55  55  54  54  53  53  53  53  53  53  53  53  52  52  53  52  52  52  51  51  51  51  50  50  51  51
3003  51  51  51  51  52  52  52  52  52  52  52  53  53  53  53  53  53  53  53  54  54  53  52  52  51  51  50  50  49  49  49  49  49  49  49  49  48  48  48  48  48  49  49  49  48  48  48  49  49  49  50  50  50  49  49  48  48  47  47  47
3004  47  46  46  46  45  45  45  45  45  46  46  46  46  46  47  47  47  47  47  47  47  47  47  46  46  46  46  46  46  46  46  46  46  46  46  46  46  46  46  46  46  46  47  47  47  47  47  47  48  48  48  48  49  49  49  49  49  50  50  51
3005  52  52  52  52  52  53  53  53  53  53  54  54  55  55  56  56  57  57  57  57  57  57  57  57  58  58  58  58  58  58  59  59  59  59  60  60  60  60  61  61  61  61  61  61  61  61  61  61  61  61  61  61  61  61  61  61  61  61  61  61
3006  62  62  62  62  62  62  62  62  62  63  63  63  63  63  63  63  64  64  64  64  64  64  64  64  64  64  64  64  64  64  64  64  64  64  65  65  65  66  66  66  66  66  65  65  65  65  65  65  65  65  65  65  65  65  65  66  66  66  66  66
3007  66  66  66  66  67  67  67  67  67  67  67  67  67  68  68  68  68  68  68  68  69  69  69  69  69  69  69  69  69  69  70  70  70  70  70  70  70  70  70  70  70  70  70  70  70  70  70  70  70  70  71  71  71  71  71  71  71  71  71  71
3008  71  71  71  71  71  71  71  71  71  71  71  71  71  71  71  71  71  71  71  71  71  71  71  71  71  71  71  71  71  71  71  72  72  72  72  72  72  72  72  72  73  72  73  72  73  72  73  73  73  73  73  73  74  74  74  74  74  74  74  74
3009  74  74  74  74  75  75  75  75  75  75  75  75  75  75  75  75  75  75  75  74  74  74  74  74  74  74  74  74  74  74  74  74  74  75  75  74  75  75  75  75  75  75  75  76  76  76  76  76  76  76  76  76  76  76  76  76  76  76  77  77
3010  77  77  77  77  77  77  77  77  77  77  78  77  77  77  78  77  77  77  77  77  78  78  77  77  78  78  79  79  79  79  79  79  79  79  79  79  79  79  79  79  80  80  81  81  81  82  82  82  82  82  82  82  82  82  82  82  82  82  82  82
3011  83  83  83  83  84  84  84  84  84  84  84  84  84  85  84  84  85  85  85  85  85  86  86  86  86  86  86  86  86  86  86  86  86  86  86  86  86  86  86  86  87  87  86  86  87  87  87  87  87  87  88  88  88  87  87  87  87  87  87  87
3012  87  87  87  87  87  87  88  88  88  87  87  86  86  86  86  87  87  88  88  88  88  87  87  87  87  87  87  87  87  88  88  87  87  87  87  87  88  88  88  88  88  88  88  88  88  89  88  88  88  88  88  89  89  89  89  90  90  90  90  90
3013  90  90  90  90  91  91  91  91  91  91  91  91  91  91  91  91  91  91  90  90  90  90  90  90  90  90  90  90  90  90  90  90  89  89  90  90  90  90  90  89  89  89  89  89  89  89  89  89  89  89  89  89  89  89  89  89  89  89  89  90
3014  90  90  90  90  90  90  90  90  90  91  91  91  91  91  91  91  92  91  91  91  92  91  91  91  91  91  91  91  91  91  90  90  90  90  90  90  90  90  90  90  90  90  91  91  91  91  91  92  92  92  92  92  92  92  92  92  92  92  92  92
3015  91  91  91  91  91  91  91  91  91  91  91  91  91  91  91  91  91  91  91  91  91  91  91  91  91  91  91  91  91  91  91  91  91  91  90  90  90  90  90  90  90  90  90  90  90  90  90  90  90  90  90  90  90  90  89  89  89  89  89  89
3016  89  89  89  89  89  89  89  89  89  88  88  89  89  89  89  89  89  89  89  89  89  89  89  89  89  89  89  89  89  89  89  89  89  89  89  89  89  89  89  89  89  89  89  89  89  89  89  89  89  89  89  89  89  89  89  89  89  89  89  89
3017  90  90  90  90  90  90  90  90  90  90  90  90  90  90  90  90  90  90  90  90  90  90  90  90  90  90  90  90  90  91  91  91  91  91  91  91  91  91  91  91  91  91  91  92  92  92  92  92  92  92  92  92  92  92  92  92  92  92  92  92
3018  92  92  92  92  92  93  93  93  93  93  93  93  93  93  93  93  93  93  93  93  93  93  93  93  93  93  93  93  93  93  93  93  93  93  93  93  93  92  92  92  92  92  92  92  92  92  92  92  92  92  92  92  92  92  92  92  92  92  92  92
3019  92  92  92  92  91  92  92  92  92  92  92  92  91  91  92  91  92  92  92  92  92  93  93  92  92  92  93  92  92  92  92  92  92  92  92  92  92  92  92  92  91  91  91  91  92  92  92  92  92  92  92  92  92  92  92  92  92  92  92  92
3020  92  92  92  92  92  92  92  92  91  91  91  91  91  91  91  91  91  91  91  91  92  92  92  92  92  92  92  92  92  92  92  92  92  92  92  92  92  91  91  91  91  90  90  90  89  89  88  88  88  88  88  88  87  87  87  86  86  87  87  87
