58265 2012   101213603204   65   24 6670   55    1--------------------------------------------------------------------------------------------------------------------------------------------------------------------------------------------------
3021 221 221 222 221 221 222 223 223 223 223 223 223 223 224 224 223 222 221 219 218 218 217 218 218 218 219 220 220 219 219 218 218 217 216 216 216 216 216 216 216 216 216 216 216 215 215 215 216 216 216 216 216 215 215 214 213 212 212 211 211
3022 211 211 211 211 211 211 211 212 212 212 212 212 212 212 212 211 211 211 211 211 211 212 212 212 212 213 214 215 215 215 215 215 215 215 215 214 214 213 213 213 214 214 213 213 213 214 214 214 214 214 214 214 214 214 213 213 213 213 213 213
3023 213 213 213 213 213 213 213 212 212 211 211 211 210 210 209 209 209 209 209 210 210 210 209 208 208 207 207 207 206 206 206 206 205 205 205 205 205 205 205 205 205 205 205 205 206 206 206 206 206 205 205 205 204 204 204 203 203 203 203 203
0100 203 202 202 202 202 202 202 201 201 201 201 201 201 201 200 200 200 199 198 198 198 198 198 199 199 199 199 199 199 198 198 198 198 198 198 198 197 197 197 197 197 196 196 195 195 195 195 196 196 197 198 198 198 197 197 197 197 198 198 197
0101 197 196 196 195 195 194 194 193 193 193 193 194 195 195 196 197 197 198 197 197 197 198 198 199 199 199 199 199 199 199 199 199 198 197 197 197 197 197 197 197 197 196 196 196 195 195 194 194 194 195 195 195 195 196 196 197 197 197 197 197
0102 197 197 197 197 196 196 196 196 197 197 197 197 197 197 198 198 198 198 198 198 198 198 198 198 198 198 198 198 198 198 198 198 198 198 197 197 197 196 196 196 196 196 196 196 195 195 194 194 194 193 193 194 194 194 194 194 193 193 193 192
0103 193 192 192 193 194 194 194 194 194 194 194 194 195 195 195 195 195 194 194 194 195 195 195 196 196 196 196 196 196 196 196 196 196 196 195 194 194 194 194 194 194 194 193 193 193 193 192 192 192 192 191 191 191 191 191 191 191 191 190 190
0104 190 190 189 189 189 188 188 187 187 187 187 188 188 188 188 188 188 188 188 187 188 188 188 187 187 187 187 187 187 187 187 188 188 188 188 188 188 188 188 188 188 188 188 187 187 187 187 188 188 188 188 188 187 187 187 187 187 187 187 187
0105 187 187 188 188 188 188 188 188 188 188 188 188 187 187 187 187 187 187 187 187 188 188 187 187 187 187 187 187 187 187 187 187 187 187 187 188 188 187 187 187 187 187 187 187 187 187 187 187 187 187 187 188 187 188 188 188 189 189 189 189
0106 189 189 189 189 189 189 189 189 189 189 189 189 190 190 189 189 189 189 189 189 189 189 189 189 189 189 190 190 190 190 190 191 191 191 191 191 191 191 191 191 191 191 191 191 191 191 191 190 191 191 191 191 191 191 191 191 191 191 191 191
0107 191 191 191 191 191 191 192 191 191 191 191 191 191 191 191 191 191 192 192 192 192 192 192 192 192 192 192 192 192 192 192 192 192 192 192 192 192 192 193 192 193 192 192 193 192 192 192 192 192 192 192 192 192 192 191 191 191 191 191 191
0108 191 191 191 191 191 191 191 191 191 191 191 191 191 191 191 191 191 191 191 191 191 191 191 191 191 191 191 191 191 191 191 191 191 191 191 191 191 191 191 191 191 191 191 191 191 191 191 191 191 191 191 191 190 191 191 191 190 190 191 190
0109 191 191 191 191 191 191 191 191 191 191 191 191 191 191 191 191 192 192 192 192 192 192 192 192 192 192 192 192 192 192 192 193 193 193 193 193 193 193 193 193 194 194 194 194 194 194 194 194 193 194 194 193 193 193 193 193 193 193 193 194
0110 194 194 194 194 194 194 194 194 194 194 194 194 194 194 194 195 195 195 195 195 195 195 195 195 195 195 196 196 196 196 196 196 196 196 196 196 196 196 196 197 197 197 197 197 196 196 196 196 196 196 196 196 197 197 197 197 197 197 198 197
0111 198 198 198 198 198 198 198 198 198 198 199 199 199 199 199 199 199 199 199 199 200 199 199 198 197 196 195 194 194 194 194 194 194 194 193 193 193 193 193 193 194 194 194 194 194 194 194 194 194 194 194 194 194 194 194 194 194 194 194 194
0112 193 194 194 194 194 195 195 195 195 194 195 195 195 196 196 196 196 197 197 197 198 198 199 199 199 201 201 201 201 201 201 200 200 200 200 200 199 200 200 201 201 201 201 201 201 200 200 199 199 199 198 197 197 197 196 196 196 196 197 196
0113 196 196 196 196 196 197 197 197 197 197 197 196 197 197 197 197 197 197 197 197 198 198 197 196 196 196 196 196 195 195 195 195 195 195 195 195 195 195 195 195 195 196 197 197 197 197 197 196 196 195 195 195 195 196 196 196 196 196 196 195
0114 195 195 194 194 194 195 195 195 195 195 196 195 195 196 196 196 196 196 196 196 197 197 197 197 197 197 196 196 196 196 197 197 197 196 195 195 195 194 194 194 194 194 194 193 193 194 194 194 194 193 193 193 193 193 193 193 193 193 193 193
0115 193 193 194 194 194 194 194 194 194 195 195 196 196 196 196 196 197 197 196 197 196 196 197 197 197 197 197 198 251 198 198 198 199 200 200 200 200 199 199 199 200 200 200 200 200 200 200 201 201 200 200 200 199 199 199 200 200 200 200 200
0116 200 201 201 201 201 201 201 201 201 201 201 200 200 199 199 199 200 200 200 200 200 200 199 199 199 199 199 199 199 199 199 198 198 198 198 199 199 199 199 198 198 198 198 198 198 197 197 197 197 197 197 197 197 197 197 197 197 197 197 197
0117 197 197 197 197 197 197 198 198 198 199 199 199 199 199 199 199 199 199 199 199 200 200 200 200 200 200 200 200 200 200 200 200 200 200 201 201 201 201 201 201 201 201 201 201 201 201 201 201 201 201 201 202 202 201 201 201 202 201 201 201
0118 201 201 201 201 201 201 201 201 201 201 201 201 201 200 200 200 200 200 200 200 200 200 200 200 200 201 201 201 201 200 200 200 200 201 201 200 201 201 200 200 200 200 200 200 200 200 199 199 199 198 198 198 198 198 198 198 198 198 198 198
0119 198 198 198 197 197 197 197 197 197 197 197 197 197 197 197 197 197 197 197 197 196 196 196 196 196 196 196 196 196 196 196 196 196 195 195 195 195 195 195 195 195 195 195 214 195 195 195 195 195 195 195 195 195 195 195 195 195 195 195 195
0120 195 195 195 194 194 194 194 194 194 194 194 194 194 194 194 194 194 194 194 194 194 194 194 194 194 194 194 194 194 194 194 194 194 194 194 193 193 193 193 193 193 193 193 193 193 193 193 194 194 194 193 194 194 193 194 194 193 193 193 194
0121 194 194 194 194 194 194 193 193 193 193 193 193 193 193 193 193 193 193 193 193 193 193 193 193 192 192 193 193 192 193 192 192 192 192 193 193 193 193 193 193 193 193 193 192 192 192 192 192 192 192 193 193 192 192 192 192 192 192 192 192
0122 192 192 192 192 192 192 192 193 193 193 192 193 193 192 193 193 192 192 192 192 192 192 192 192 192 193 192 192 192 192 192 192 192 191 191 191 191 191 190 190 189 189 189 188 188 189 189 189 189 189 188 188 189 189 189 188 188 188 187 187
0123 187 187 187 187 187 187 187 187 187 187 188 188 188 189 189 189 189 189 190 190 190 190 190 190 190 190 190 190 190 190 190 190 189 189 189 189 189 188 188 188 189 189 188 188 188 188 188 188 188 187 187 187 188 188 187 187 187 187 205 187
0200 187 187 187 187 187 188 188 188 188 188 188 188 188 188 188 188 188 188 188 188 188 187 187 187 187 187 187 187 186 187 186 187 186 187 187 186 186 186 186 186 186 186 186 186 186 186 186 186 186 186 186 185 185 184 184 184 184 184 183 183
0201 184 184 184 184 184 185 185 185 185 185 184 184 184 183 183 183 183 183 183 182 182 182 182 183 183 183 182 183 183 183 183 183 183 183 183 183 183 183 183 183 183 183 183 183 183 183 183 183 183 183 183 183 182 183 182 182 182 182 181 181
0202 181 181 182 182 182 182 181 181 181 181 181 181 181 181 181 181 181 181 181 181 181 181 181 181 181 181 181 181 181 181 182 182 182 182 182 183 183 183 183 183 183 183 183 184 183 183 183 183 183 183 182 182 182 182 182 183 183 183 183 183
0203 183 183 183 183 183 183 183 183 183 183 183 183 183 183 183 183 183 183 183 183 183 183 183 183 183 183 183 183 183 183 183 183 183 183 183 183 183 183 183 183 182 182 182 182 182 182 182 182 181 182 182 181 181 181 181 181 181 181 181 181
0204 181 181 180 180 180 180 180 180 180 180 180 180 180 183 180 179 179 179 179 179 179 179 179 179 179 179 179 179 179 179 179 179 179 179 180 180 179 179 179 180 179 180 180 180 180 180 179 179 179 179 180 180 179 179 179 179 179 179 179 179
0205 179 179 179 179 179 179 179 179 179 179 179 179 179 179 179 179 179 179 179 179 179 179 180 180 180 180 180 180 180 181 181 181 181 181 181 180 180 180 180 180 180 180 180 180 180 179 180 179 180 180 179 179 179 179 179 179 179 179 179 179
0206 179 179 179 179 179 179 179 179 179 179 179 179 179 179 179 179 179 179 179 179 179 179 178 178 178 178 178 178 178 178 178 178 178 178 178 178 178 178 178 178 178 178 178 178 178 178 178 178 178 178 178 178 177 177 177 177 176 176 176 176
0207 176 176 176 176 176 176 176 175 175 175 175 175 175 175 174 174 174 174 174 174 174 174 174 174 173 173 173 173 173 173 173 173 173 173 173 173 173 173 173 172 172 172 172 172 172 172 172 172 171 171 171 171 171 171 171 171 171 171 170 170
0208 170 170 170 170 170 170 170 170 170 170 170 170 170 170 170 170 170 170 170 170 170 170 170 170 169 169 169 169 189 169 169 169 169 169 168 168 168 168 168 168 168 168 168 167 168 168 168 167 168 168 167 167 167 167 167 167 167 167 167 167
0209 167 167 168 168 168 168 168 167 167 168 168 168 168 168 168 168 169 168 168 168 168 168 169 169 169 169 169 169 169 169 169 169 169 170 170 170 170 170 170 170 171 171 171 171 171 171 171 172 172 172 172 172 171 172 172 172 172 172 172 172
0210 172 172 172 172 172 172 172 172 172 171 171 171 171 171 171 171 171 172 172 172 172 172 172 172 172 172 172 172 172 173 172 173 173 172 172 172 172 171 171 172 172 172 172 172 173 172 173 173 173 173 173 172 173 173 172 173 173 173 173 173
0211 173 174 174 174 174 174 174 174 174 174 174 174 174 174 174 175 175 175 176 176 176 176 175 176 176 176 176 176 176 176 176 176 176 176 176 176 175 176 175 175 176 176 176 176 177 177 177 177 177 177 177 177 177 177 177 177 177 177 177 177
0212 177 177 176 177 176 176 177 177 178 178 178 177 177 178 178 177 177 177 178 177 178 179 179 178 179 178 179 179 179 179 179 179 180 180 180 181 180 181 181 181 182 182 182 183 183 183 183 184 184 182 183 183 183 184 184 185 186 188 188 189
0213 189 189 189 190 190 190 189 189 189 189 189 189 190 190 189 189 189 189 189 189 189 189 189 189 189 190 190 190 189 189 189 190 190 189 189 190 190 190 190 190 189 189 189 190 189 189 189 189 189 189 189 189 189 189 189 190 190 190 190 190
0214 190 191 191 190 190 190 190 190 190 191 191 191 191 191 190 190 190 189 189 189 189 190 189 189 189 189 189 189 189 189 189 190 191 190 191 192 194 194 194 193 193 193 193 194 193 192 192 193 193 193 194 194 194 194 194 194 194 194 193 193
0215 193 193 193 193 193 193 193 193 193 192 192 192 192 192 192 192 192 192 192 192 192 192 192 192 192 192 192 192 193 193 194 194 194 194 194 194 194 194 194 194 194 194 194 194 194 195 195 195 194 195 194 194 195 195 195 195 194 195 195 195
0216 195 195 196 196 196 196 196 196 196 196 196 196 196 196 196 196 196 196 196 196 196 196 196 197 197 196 196 196 197 197 196 196 195 195 195 195 195 195 195 195 194 194 194 194 194 194 194 194 194 194 194 194 194 195 195 195 196 195 196 195
0217 196 196 196 197 197 197 197 196 196 196 196 196 195 196 196 195 195 195 195 195 195 195 195 195 195 195 195 195 196 196 196 196 197 197 197 197 197 197 197 196 196 196 196 196 196 196 196 196 196 196 196 196 195 195 195 195 195 195 195 195
0218 195 195 195 195 195 195 195 195 196 196 196 197 197 197 197 197 197 197 197 197 197 196 196 196 196 196 196 196 196 196 197 197 197 197 197 197 198 198 198 198 198 198 198 199 199 199 199 199 198 198 198 198 198 197 197 197 197 197 197 197
0219 197 197 197 197 196 196 197 197 196 196 196 197 197 197 197 197 197 197 197 197 196 196 197 197 197 197 197 197 197 197 197 197 197 197 197 197 197 197 197 197 197 197 197 197 197 197 197 196 196 196 195 195 195 195 195 195 195 195 195 195
0220 194 194 194 194 194 194 194 194 194 194 195 195 195 195 195 195 195 195 195 195 195 195 195 195 195 195 195 195 195 195 195 195 195 195 195 195 195 195 195 195 195 195 195 195 195 195 195 195 194 194 194 194 194 194 195 194 194 194 194 194
0221 194 194 194 194 194 194 194 194 194 194 194 194 194 194 193 193 193 194 194 194 194 194 194 194 194 194 194 193 193 194 193 194 193 193 194 193 193 193 193 193 193 193 193 193 193 193 193 193 193 193 193 193 193 193 193 193 193 193 193 193
0222 193 193 193 193 192 192 193 192 192 192 192 192 192 192 193 192 192 192 192 192 192 192 192 192 192 192 192 192 192 191 191 191 191 191 191 191 191 191 191 191 190 190 190 190 190 190 190 190 190 190 190 190 190 190 190 190 191 190 190 190
0223 191 190 191 191 191 191 191 191 191 190 191 191 191 191 191 191 191 191 191 191 191 191 191 191 191 191 191 191 191 191 191 191 191 191 191 191 190 191 191 191 190 190 190 190 190 190 190 190 190 190 190 190 190 190 190 190 190 190 190 190
0300 190 190 190 190 189 189 189 189 189 189 189 189 189 189 189 189 189 189 189 189 189 189 189 189 189 189 189 189 189 189 189 189 189 189 189 189 189 189 189 189 189 189 189 189 189 189 189 189 189 189 189 189 189 189 189 189 189 189 189 189
0301 189 189 189 189 189 189 189 189 189 189 189 189 189 189 188 189 189 189 189 189 189 189 189 189 189 188 188 188 188 188 188 188 188 188 188 188 188 188 187 187 187 187 187 186 186 186 185 185 185 184 184 184 184 183 183 183 183 183 183 183
0302 183 183 183 183 183 183 183 183 183 183 183 183 183 183 184 184 184 184 184 184 184 184 184 184 184 184 184 184 184 184 183 183 183 184 184 184 184 184 184 183 183 183 183 183 183 183 183 183 183 183 183 183 183 183 183 183 183 183 183 183
0303 183 183 183 183 183 184 184 184 184 184 184 184 184 184 184 184 184 184 184 183 183 183 183 183 183 183 183 183 183 182 182 183 183 183 183 183 182 182 182 182 181 181 181 181 181 180 180 180 180 180 180 180 180 180 179 179 179 179 179 179
0304 179 178 178 178 178 178 178 178 178 178 178 178 178 178 178 178 178 178 178 178 177 178 178 178 178 178 178 178 179 179 179 179 179 179 179 179 179 179 179 179 179 179 179 179 179 179 179 179 179 179 179 179 179 179 178 178 178 178 178 178
0305 178 178 177 177 177 177 177 177 177 176 176 176 176 176 176 176 176 176 176 176 176 176 176 175 175 175 175 175 175 175 175 175 175 175 175 175 175 175 175 175 175 175 175 175 175 175 175 175 175 176 176 176 176 176 176 176 177 176 177 177
0306 176 176 176 176 176 177 176 176 176 176 176 176 176 176 176 176 176 176 176 176 176 176 176 176 176 176 176 176 176 176 176 176 176 176 175 175 175 175 175 175 175 176 176 176 176 176 176 176 176 176 176 176 176 176 176 176 176 176 176 176
0307 176 176 176 176 176 176 176 176 176 176 176 176 176 176 176 176 176 176 176 176 176 176 176 176 176 175 175 175 175 175 175 175 175 175 175 175 175 175 175 175 175 175 175 175 175 175 175 175 175 175 174 175 174 175 175 175 175 175 175 175
0308 175 175 175 175 175 175 175 175 175 175 175 174 174 174 174 175 175 175 175 175 175 175 175 175 175 175 175 175 175 175 175 175 175 175 175 175 175 175 176 176 176 176 177 177 178 178 179 179 179 179 179 179 180 180 179 180 179 179 180 180
0309 180 180 180 181 181 181 181 181 182 182 182 182 182 182 182 183 183 183 183 183 183 183 183 183 183 183 183 183 183 183 183 183 183 183 183 183 183 183 183 183 184 184 184 183 184 184 184 184 184 184 184 184 184 184 184 184 184 184 184 185
0310 185 185 185 185 185 185 185 185 184 185 185 185 185 185 186 185 185 185 185 185 185 185 185 185 185 185 185 185 185 186 186 186 186 186 186 186 186 186 187 187 187 187 187 187 188 188 188 188 188 187 188 188 188 188 188 188 188 189 189 189
0311 190 190 190 191 191 191 193 193 193 194 195 194 193 194 194 194 194 193 192 192 191 191 191 192 192 191 191 192 192 192 192 192 192 192 192 192 192 192 192 192 192 194 195 196 197 198 198 198 198 198 198 198 197 196 197 198 199 199 200 202
0312 203 204 204 202 202 202 202 201 201 201 201 201 202 202 202 202 202 203 203 205 206 206 206 206 204 203 203 203 203 203 204 206 207 207 206 204 204 204 204 205 207 209 208 207 208 209 209 209 209 209 207 208 208 209 211 212 213 215 215 215
0313 215 215 216 216 216 218 219 217 218 220 218 216 215 215 214 214 216 217 218 218 217 216 216 217 219 221 220 221 221 221 224 225 224 225 225 225 225 225 225 227 229 231 232 232 232 231 228 227 225 224 223 223 222 223 223 224 225 227 228 229
0314 229 230 229 229 229 231 232 231 228 225 224 222 222 225 226 226 227 227 228 228 230 230 230 228 228 229 231 233 233 235 236 236 235 233 234 235 234 231 231 233 235 237 237 239 241 242 243 244 245 245 244 242 241 238 237 234 233 235 236 236
0315 236 234 233 231 230 231 231 232 233 232 233 233 235 236 236 236 235 234 234 236 238 239 240 240 241 241 244 244 243 241 240 238 236 235 235 235 233 232 232 231 231 233 236 236 237 238 240 241 240 239 239 240 242 243 245 244 246 249 250 250
0316 247 243 240 239 240 242 244 245 245 245 244 243 244 245 246 247 247 246 246 246 246 247 249 248 247 247 248 248 245 244 244 245 247 248 249 249 248 249 250 251 251 250 249 249 250 251 253 255 255 255 255 255 255 254 255 256 255 253 250 249
0317 249 247 247 246 245 244 245 247 250 253 253 252 251 249 246 244 242 242 241 241 240 240 240 239 238 238 238 237 237 237 237 237 238 239 239 239 239 239 239 239 239 239 238 238 238 237 237 237 237 237 237 238 238 239 239 239 238 238 237 237
0318 237 237 237 237 236 236 235 235 235 235 235 234 234 233 233 232 232 232 231 231 231 231 231 230 230 230 230 229 229 229 229 229 229 229 229 229 228 229 229 229 229 229 228 228 228 228 227 227 227 227 226 226 226 226 225 225 225 225 225 225
0319 225 225 225 224 224 224 224 224 224 224 224 224 224 223 223 223 223 223 222 222 222 221 221 221 220 220 219 219 219 218 218 218 217 217 217 217 217 216 216 216 216 215 215 214 214 214 213 213 213 213 213 212 212 212 212 212 212 212 211 211
0320 211 211 211 211 211 210 210 210 210 210 210 209 209 209 209 209 209 208 208 208 208 208 208 208 207 207 207 208 208 207 207 208 208 207 207 207 206 207 207 207 207 207 206 206 206 206 206 206 205 206 206 206 206 206 206 205 205 206 206 205
0321 205 206 206 205 205 205 205 205 205 205 205 204 204 204 204 203 203 203 203 203 203 203 203 203 203 203 204 204 204 203 203 203 204 204 204 204 204 203 203 203 203 203 203 203 203 161 202 202 202 202 202 202 202 202 202 202 202 202 202 202
0322 202 203 203 203 203 203 203 202 202 202 202 202 202 202 202 201 201 202 201 201 202 202 202 202 201 201 201 201 201 202 202 203 203 203 203 203 202 202 202 202 202 201 202 201 201 200 200 199 199 199 198 198 199 199 198 198 198 198 197 197
0323 197 196 197 196 196 196 196 196 196 196 196 195 195 195 194 194 194 194 194 194 194 193 193 194 193 193 193 193 191 192 193 193 193 192 192 192 192 191 191 191 191 190 190 190 190 190 190 191 190 190 190 190 190 190 189 189 189 188 188 188
0400 188 188 188 188 188 188 188 187 187 186 186 186 185 185 186 186 186 186 185 185 185 185 185 185 185 185 184 184 185 185 184 184 184 184 184 184 184 184 184 184 184 183 183 183 183 183 183 183 183 183 183 182 182 182 182 182 182 182 182 182
0401 182 182 182 182 182 182 182 182 182 182 182 182 182 182 182 181 182 181 181 181 181 181 181 181 181 181 181 181 181 181 181 180 180 180 180 181 181 181 181 181 181 181 180 180 180 179 179 179 179 179 179 179 179 179 179 179 179 179 179 179
0402 148 179 179 179 179 179 179 179 179 178 179 179 179 179 179 179 179 179 179 179 179 178 178 178 178 178 178 178 178 178 178 177 177 177 177 178 178 178 178 178 178 178 178 178 178 178 178 178 178 178 178 178 178 178 178 178 178 178 178 178
0403 178 178 178 178 178 178 178 178 178 178 178 178 178 178 178 178 178 178 178 178 178 178 178 178 178 178 178 178 177 177 177 177 177 177 177 177 177 177 177 176 176 176 176 176 176 176 176 176 176 176 176 176 176 176 176 176 176 176 176 176
0404 176 176 176 176 176 176 176 176 176 176 176 176 176 176 176 176 177 177 177 177 177 177 177 177 177 177 177 177 177 177 177 177 177 177 177 178 178 178 178 178 178 178 178 178 178 178 178 178 178 177 177 177 177 177 177 177 177 177 176 176
0405 176 176 176 176 176 176 176 175 175 175 175 175 175 175 175 175 175 175 175 175 175 175 175 174 174 174 174 174 174 174 174 174 174 174 174 174 174 174 174 174 174 174 174 175 175 175 175 175 175 175 175 175 175 175 175 175 175 175 175 175
0406 175 175 175 175 175 175 176 176 176 176 176 176 176 176 176 147 176 176 175 175 175 175 175 175 175 175 175 175 175 175 175 175 175 175 175 175 175 175 175 175 175 175 175 175 175 175 175 175 175 175 175 175 175 174 174 173 174 174 174 174
0407 174 174 174 174 174 174 173 173 173 173 173 172 172 172 172 172 172 172 172 172 172 173 172 173 173 172 172 172 172 172 172 172 172 172 172 172 172 172 172 172 172 171 171 172 172 172 172 172 172 171 172 171 171 171 171 171 171 171 170 170
0408 171 170 170 170 170 170 170 170 170 171 171 171 171 171 171 171 171 171 171 171 171 171 171 172 171 172 172 172 172 172 172 172 172 173 173 173 173 173 172 172 172 172 173 172 173 172 173 173 173 173 173 173 173 173 173 173 174 174 174 174
0409 174 173 174 173 174 174 174 174 174 174 174 174 174 174 174 174 174 174 175 174 175 175 175 175 175 175 175 175 175 176 176 176 176 177 177 177 178 178 178 178 178 178 177 177 178 177 177 177 177 178 178 178 178 178 178 178 178 179 179 179
0410 179 179 179 179 179 179 179 179 180 179 179 179 180 180 180 180 180 180 180 180 180 180 180 181 180 181 181 180 180 180 164 180 181 181 181 181 181 182 182 182 181 182 182 182 182 182 182 183 183 183 183 183 184 183 183 183 182 182 182 182
0411 183 183 184 183 184 184 184 184 184 184 184 184 185 186 186 186 186 186 187 186 186 187 187 187 188 187 187 187 187 187 187 188 188 188 188 187 188 188 188 188 188 188 188 188 189 189 188 189 189 190 190 191 190 191 192 193 193 194 195 195
0412 195 195 195 195 194 194 194 196 196 196 197 198 199 198 198 198 198 199 199 198 198 198 198 199 198 198 199 199 200 200 199 199 199 200 200 201 200 200 200 201 201 201 201 201 200 200 200 200 201 201 201 201 202 203 203 202 202 203 203 203
0413 203 202 202 202 201 201 200 200 200 200 201 201 201 202 202 201 202 202 202 202 202 203 203 202 202 202 203 203 203 203 203 204 204 204 204 205 204 204 204 204 203 202 201 202 202 202 203 203 203 203 203 203 203 203 203 204 204 203 202 202
0414 201 201 201 200 200 200 200 200 199 199 198 198 198 199 199 199 198 198 198 198 197 197 197 197 196 196 195 195 195 194 194 193 193 193 192 192 192 192 193 194 194 194 194 195 195 195 195 195 195 195 195 195 195 195 195 195 195 195 195 196
0415 196 195 196 196 195 194 193 192 191 190 189 189 187 187 186 186 185 185 185 184 184 184 184 183 183 183 183 183 183 183 183 183 184 183 183 183 183 184 184 184 184 184 184 184 184 184 184 184 185 185 185 185 186 186 187 187 187 188 188 189
0416 189 190 191 191 191 191 192 192 192 192 192 192 193 192 192 192 193 193 194 194 194 193 193 193 193 194 194 194 194 194 194 195 195 194 195 195 196 196 196 196 196 195 195 196 196 196 196 196 196 196 196 196 197 197 197 197 198 199 199 199
0417 198 198 199 200 200 200 200 199 199 199 199 200 200 201 200 200 200 200 200 199 199 200 200 200 201 201 201 201 201 201 201 202 202 202 202 202 202 202 202 201 201 201 201 201 201 202 201 202 201 202 201 201 201 201 201 201 200 201 201 200
0418 200 201 200 200 200 200 200 200 199 199 199 199 199 198 198 198 198 198 198 198 198 198 198 198 198 198 198 198 198 198 198 198 197 197 197 197 197 197 197 197 197 197 197 197 197 196 196 196 196 196 196 196 196 196 195 195 195 195 195 195
0419 195 195 195 195 195 195 195 195 196 195 195 196 196 196 196 196 196 196 195 195 195 195 195 195 195 194 194 194 194 193 193 192 192 192 191 191 191 191 190 190 190 189 189 189 189 188 188 188 188 188 188 188 187 187 187 187 187 186 186 186
0420 186 186 186 186 185 185 185 185 185 186 186 186 186 186 186 186 186 186 186 185 185 186 185 185 185 185 185 185 185 185 185 185 184 184 184 184 185 184 185 184 184 184 184 184 184 184 184 184 184 184 184 184 184 184 183 183 183 183 183 183
0421 184 184 184 184 185 185 185 185 185 185 184 183 183 182 182 183 183 184 184 183 183 183 184 184 184 183 183 183 183 183 183 182 182 182 182 181 181 181 181 181 181 181 181 181 181 181 181 180 180 180 180 180 180 180 180 180 180 180 180 180
0422 180 180 180 180 180 180 180 180 180 180 180 180 180 180 179 179 179 179 179 179 179 179 179 179 179 179 179 179 179 180 179 179 179 179 179 180 180 179 179 179 179 179 179 179 179 179 179 179 179 179 179 179 179 179 179 179 179 179 179 179
0423 179 179 179 179 179 179 179 179 179 179 179 179 179 179 179 179 179 179 179 179 179 179 179 179 179 178 179 179 178 178 178 178 179 178 179 179 179 179 179 179 179 179 179 179 179 179 179 179 179 179 179 179 179 179 179 179 179 178 178 178
0500 178 178 177 178 178 178 177 178 178 178 178 178 178 178 177 177 177 177 177 177 177 176 176 176 176 176 176 176 176 176 176 175 175 175 175 175 175 175 175 175 175 175 175 175 175 175 175 175 175 175 175 175 175 175 175 175 175 175 175 175
0501 175 175 175 175 175 175 175 175 175 175 175 175 175 175 175 175 175 175 175 175 175 175 175 175 174 175 175 175 174 175 175 175 175 175 175 175 175 175 174 174 175 175 175 175 175 175 175 175 175 174 174 174 174 174 174 174 174 174 174 174
0502 173 173 173 173 173 173 173 173 173 173 173 173 173 173 173 173 173 173 173 172 172 172 172 172 172 172 172 172 171 171 171 171 171 171 171 171 171 171 171 171 171 172 172 171 172 171 171 171 171 170 170 170 170 170 170 170 170 170 170 170
0503 170 170 170 170 170 170 170 170 169 169 169 169 169 169 169 169 169 169 169 170 170 170 170 169 169 169 169 169 169 168 168 168 168 168 168 168 167 167 168 168 168 169 169 169 168 168 168 168 167 167 167 167 166 166 166 166 166 166 166 166
0504 166 166 166 166 166 166 166 166 166 166 166 166 166 166 166 166 166 166 166 166 166 166 166 166 166 165 165 165 165 165 165 165 165 166 166 166 166 166 166 166 165 166 166 166 166 166 166 166 166 166 166 165 165 165 164 164 164 164 164 164
0505 164 164 164 164 164 164 164 164 164 164 164 164 164 164 164 164 164 164 164 164 165 165 165 165 165 165 165 165 165 165 165 165 165 165 165 165 165 166 166 166 166 166 166 166 166 166 166 166 166 166 166 166 166 166 166 166 166 166 166 166
0506 166 166 166 165 165 165 165 165 165 165 165 165 165 166 166 166 166 166 166 166 166 166 166 166 166 166 165 165 165 165 165 165 165 166 166 166 166 166 165 165 165 165 165 165 165 165 164 164 165 165 164 164 164 164 164 165 165 165 165 165
0507 165 165 165 165 165 165 165 165 165 164 164 164 164 164 164 164 164 164 163 163 163 163 163 164 164 164 165 165 165 165 165 165 165 165 165 165 165 165 165 165 166 166 165 165 165 165 165 165 165 165 165 165 165 165 165 165 165 165 165 165
0508 165 165 165 165 165 165 164 164 164 164 164 164 164 164 165 165 165 165 165 165 165 165 165 165 165 165 165 165 165 164 164 165 165 165 165 165 166 166 166 166 166 166 166 166 166 166 166 166 167 167 167 167 167 167 168 168 169 169 169 168
0509 168 169 169 169 169 169 169 169 170 170 170 170 170 170 170 171 170 171 171 171 171 171 172 172 172 172 172 172 172 173 172 173 173 173 174 174 174 174 174 174 174 174 175 175 175 175 176 176 176 176 177 177 178 178 179 178 179 179 179 179
0510 179 179 179 180 180 181 181 181 182 183 183 183 183 183 183 183 184 183 183 183 183 182 182 182 181 181 181 181 182 182 182 183 183 184 184 184 184 184 184 184 184 184 184 184 184 184 184 184 183 183 184 184 184 184 184 184 184 185 185 186
0511 186 186 187 187 187 188 188 189 189 189 189 189 189 190 191 191 192 193 194 194 194 194 194 194 194 194 193 193 193 193 194 194 194 194 195 195 196 196 197 198 199 200 200 201 201 201 203 204 204 203 202 201 200 200 199 199 198 198 199 199
0512 200 200 200 200 200 200 200 200 201 200 200 201 203 203 204 206 206 207 206 206 208 208 208 209 209 208 209 210 210 209 209 209 209 210 211 213 215 217 216 215 214 212 212 213 213 213 213 213 213 213 214 214 214 213 211 211 211 211 212 213
0513 214 214 213 214 215 215 215 216 217 217 217 217 217 217 216 215 215 215 216 217 218 219 219 219 219 219 219 219 220 220 220 220 222 222 222 223 224 223 223 223 222 221 221 223 224 223 223 222 223 224 225 226 227 228 228 228 227 226 227 228
0514 228 228 227 228 230 231 232 231 229 226 224 222 221 221 222 222 221 222 224 225 224 223 223 224 225 224 224 222 223 224 225 224 224 225 224 224 224 225 225 225 224 224 225 226 227 228 228 228 228 229 229 229 229 228 228 227 226 225 225 226
0515 227 228 227 227 226 226 225 224 224 224 225 224 224 223 223 223 223 224 224 224 225 225 226 226 226 225 225 225 226 227 228 229 230 230 230 230 229 228 228 227 227 226 227 227 226 226 226 227 228 228 227 227 227 227 227 227 227 227 227 227
0516 227 226 227 227 228 228 228 228 227 227 228 228 227 227 227 227 227 227 227 228 228 228 227 227 227 226 226 225 224 224 224 225 225 226 226 226 225 225 226 226 226 227 226 225 225 226 226 226 226 226 226 225 225 225 225 225 225 226 226 225
0517 225 225 225 225 225 225 225 225 226 226 225 223 223 223 222 221 220 220 220 219 219 219 219 219 219 218 218 218 218 218 218 218 218 219 219 218 218 218 218 219 219 219 219 219 219 219 219 220 220 220 220 220 219 219 219 219 219 220 220 220
0518 220 220 219 219 219 219 220 220 220 220 220 220 220 220 220 220 220 220 220 220 219 219 219 218 218 218 218 218 218 217 218 217 217 217 217 217 217 217 217 217 216 216 216 217 216 216 216 216 216 215 215 215 215 215 215 215 215 215 215 216
0519 215 215 215 215 215 214 214 214 214 214 213 213 213 213 212 212 212 211 211 211 211 211 211 211 210 210 210 210 210 210 210 210 210 210 209 209 208 207 207 206 206 204 203 203 202 202 201 201 201 201 200 199 199 199 199 199 200 200 200 200
0520 199 199 199 198 198 198 198 198 197 197 197 196 196 196 196 196 196 196 196 196 195 195 195 195 195 195 195 195 195 195 195 195 195 195 195 195 195 194 194 194 194 193 193 193 193 193 192 193 193 193 193 193 193 192 192 192 192 192 192 192
0521 192 192 192 192 192 191 191 191 191 191 191 191 191 191 191 191 191 191 191 191 191 191 191 191 191 191 191 191 191 191 191 191 191 191 190 190 190 190 190 190 190 190 189 189 189 190 190 190 189 189 189 189 189 189 190 190 191 191 191 191
0522 191 191 191 191 191 190 190 190 190 191 191 192 192 193 193 193 194 194 194 194 194 194 193 194 193 193 193 193 192 192 192 191 191 190 190 190 189 189 189 189 189 189 190 190 190 189 190 189 189 189 189 189 189 189 189 189 189 189 189 189
0523 189 189 189 189 189 189 189 188 188 188 188 188 188 188 188 188 188 188 188 188 188 188 188 188 188 188 187 187 187 188 188 188 188 188 188 188 188 188 188 188 188 188 188 187 187 187 187 162 187 187 187 187 186 186 186 186 186 186 185 186
0600 186 186 186 186 186 186 186 186 186 186 185 185 185 185 185 185 185 186 186 186 186 186 185 186 185 185 185 185 185 185 185 185 185 185 185 184 184 184 184 184 184 184 184 184 184 184 184 184 184 184 184 184 184 184 184 184 184 184 184 184
0601 184 184 184 184 184 184 184 184 184 184 184 184 184 184 184 184 184 184 184 184 184 184 184 184 184 183 183 183 183 183 182 182 182 182 182 182 182 182 182 182 182 182 182 183 183 183 182 182 182 182 182 182 182 182 182 182 182 182 182 183
0602 183 182 182 182 182 182 182 182 182 182 182 182 182 182 182 182 182 182 182 182 181 181 181 181 181 181 181 181 182 182 182 182 182 183 183 183 183 182 182 182 182 182 183 183 183 182 182 182 182 183 183 183 182 182 182 182 182 182 182 182
0603 181 181 181 181 182 182 181 181 181 181 181 181 181 181 181 180 180 181 181 181 181 181 181 181 181 181 181 181 181 181 181 182 181 181 182 181 181 182 182 182 182 182 182 182 182 182 182 182 182 182 181 181 181 181 181 181 181 181 181 181
0604 181 181 151 181 181 181 181 181 181 181 182 182 182 182 182 182 183 183 183 183 183 183 183 183 183 183 183 183 183 183 183 183 183 183 183 183 183 183 183 183 183 183 182 182 182 182 182 182 182 182 182 182 182 182 182 182 182 182 182 182
0605 182 182 182 182 182 182 182 182 182 182 182 182 182 182 182 182 182 182 182 182 182 182 182 181 181 181 181 181 181 181 181 181 181 181 181 181 181 181 181 181 181 181 181 181 180 180 180 180 181 181 181 181 181 181 181 181 181 181 181 181
0606 180 180 180 180 180 180 180 180 180 180 180 180 179 180 180 180 180 180 180 179 180 180 180 180 180 179 179 179 179 179 179 179 180 180 180 180 180 180 180 180 180 180 180 180 181 181 181 181 181 181 181 181 181 181 181 181 181 181 181 180
0607 180 180 180 180 180 181 181 181 180 181 181 180 181 181 180 180 180 180 180 180 180 180 180 180 179 179 179 179 179 179 179 179 179 179 179 179 179 179 179 179 179 179 179 179 179 179 179 180 179 180 179 179 179 179 179 179 179 179 179 179
0608 178 178 178 178 179 179 179 179 179 179 179 179 179 179 179 179 179 158 179 179 179 179 179 179 179 179 179 179 179 179 179 179 179 179 179 179 179 179 179 179 179 179 179 179 180 180 180 180 180 180 180 180 181 181 181 181 182 182 182 182
0609 182 182 182 181 181 181 181 181 181 181 181 181 181 181 181 181 181 182 182 182 183 182 182 182 183 183 183 183 183 183 183 183 183 183 183 183 183 183 183 183 183 183 183 184 184 184 185 185 185 185 185 185 184 184 185 185 185 184 184 184
0610 184 184 184 185 185 185 185 185 184 184 185 185 185 185 185 185 185 184 184 185 185 185 185 185 185 185 185 185 185 185 185 185 185 185 185 184 184 184 184 183 183 182 182 182 182 183 183 183 183 183 183 183 183 183 183 183 183 183 183 183
0611 183 182 182 182 181 182 182 182 182 182 182 183 183 183 182 182 182 182 181 181 181 181 182 182 182 182 182 182 182 182 183 182 182 182 182 182 181 181 182 182 182 182 182 182 182 182 183 183 182 182 182 183 183 183 183 183 183 183 184 183
0612 184 184 184 184 185 185 185 185 185 185 185 185 185 185 185 185 185 185 185 186 186 186 186 186 186 186 185 186 186 186 186 186 207 187 187 187 187 187 187 186 186 186 186 186 185 186 186 186 186 186 186 187 187 187 188 188 188 188 188 187
0613 187 187 187 187 186 186 185 186 185 186 185 185 185 185 185 184 184 185 184 184 184 185 184 185 185 185 185 185 185 185 185 184 184 183 183 183 183 183 182 181 181 181 181 180 180 180 180 180 180 180 179 179 178 178 178 178 178 178 178 178
0614 178 178 178 178 178 178 178 178 178 178 178 178 178 178 178 178 178 178 178 178 178 178 178 177 178 177 178 178 178 178 178 178 178 178 178 178 178 178 178 179 179 179 179 178 179 179 179 179 179 179 179 179 179 179 179 179 180 180 180 180
0615 181 181 181 181 181 181 182 182 181 182 181 181 181 181 181 181 181 180 180 179 180 180 179 179 179 179 179 179 179 179 179 179 180 180 181 181 181 180 180 180 180 180 180 180 180 180 180 180 180 180 180 180 181 181 181 182 182 182 182 182
0616 183 183 183 183 183 183 184 184 184 184 184 184 184 185 184 185 185 185 185 185 185 185 185 185 185 185 185 185 185 185 185 185 186 186 186 186 186 186 186 186 186 186 186 186 186 186 186 226 186 186 185 185 186 186 185 185 185 185 185 185
0617 185 185 186 185 185 185 185 185 186 185 185 185 185 185 185 185 185 185 185 185 185 185 185 185 185 185 185 185 185 185 185 185 185 185 185 185 185 185 185 185 185 185 185 185 185 184 185 184 184 184 184 184 184 184 184 185 185 185 184 185
0618 184 184 184 184 184 184 184 184 184 184 185 185 184 185 185 185 185 185 184 184 184 184 184 184 184 184 184 184 184 184 184 184 183 184 184 183 183 183 183 182 182 182 182 182 182 182 182 182 182 181 181 181 180 180 179 179 178 178 177 177
0619 176 175 175 174 174 174 173 173 173 173 173 173 173 173 173 173 173 173 173 173 173 173 173 173 173 173 173 173 173 173 173 173 173 173 173 173 173 173 173 173 173 173 173 173 173 173 173 173 173 173 173 173 173 173 173 173 173 173 173 173
0620 173 173 173 173 173 173 173 173 173 173 173 173 173 173 173 173 173 173 174 174 174 174 174 174 174 174 174 174 174 174 174 175 175 175 174 174 174 174 175 175 175 175 175 175 175 175 175 175 174 174 175 174 175 174 174 174 175 174 174 174
0621 174 174 174 174 174 174 174 174 174 174 174 175 175 174 174 174 174 174 174 174 174 174 174 174 174 174 174 174 174 174 174 174 174 174 174 174 174 174 174 174 174 174 174 174 174 174 174 174 174 174 174 174 174 173 174 173 174 174 173 173
0622 173 173 173 173 173 173 173 173 173 173 173 173 173 173 173 173 173 172 173 172 172 172 172 172 172 172 172 172 172 171 171 171 171 171 170 170 170 170 170 169 169 169 169 168 168 168 168 167 167 167 167 167 166 166 166 166 166 166 166 166
0623 166 165 165 165 165 165 165 165 165 165 165 165 165 165 165 165 165 165 165 165 165 165 165 165 165 165 165 165 165 165 165 165 165 165 165 165 165 165 165 165 165 165 165 165 165 165 165 165 165 165 165 165 166 166 165 165 165 165 165 165
0700 165 165 165 165 165 165 165 165 165 165 164 165 165 165 165 165 165 165 165 165 165 165 165 165 165 165 165 165 165 165 165 165 165 165 165 165 165 165 165 165 165 165 165 165 165 165 165 165 165 165 165 165 165 165 165 165 165 165 166 165
0701 165 166 165 166 165 165 166 166 166 165 165 166 165 165 165 165 165 165 165 165 165 165 165 165 165 165 165 165 165 165 165 165 165 165 165 165 165 165 165 165 165 165 165 165 165 165 165 165 165 165 165 165 165 165 165 164 164 164 164 164
0702 164 164 163 163 163 163 163 163 163 163 163 163 163 163 163 163 163 163 163 163 162 162 162 162 162 162 162 162 162 162 162 162 162 162 162 162 161 161 161 161 161 161 161 161 161 161 160 160 160 160 160 160 160 160 160 160 160 160 160 160
0703 160 160 160 160 160 160 160 160 160 160 160 160 160 160 160 160 160 160 160 160 160 160 160 160 160 160 160 160 160 160 160 160 160 160 160 160 160 160 160 160 160 160 160 160 160 160 160 161 160 160 160 160 160 160 160 160 160 160 160 160
0704 160 160 160 160 160 160 160 160 160 160 160 160 160 160 160 160 160 160 160 160 160 160 160 160 160 160 160 160 160 160 160 160 160 159 159 159 160 159 159 159 159 160 159 159 159 159 159 159 159 159 159 159 159 159 159 159 159 159 159 159
0705 159 159 159 159 159 159 159 159 159 160 159 159 159 159 159 159 159 159 159 159 159 159 159 159 159 159 159 159 159 159 159 159 159 159 159 159 159 159 159 159 159 159 159 159 159 159 159 159 159 159 159 159 159 159 159 159 159 159 159 159
0706 159 159 159 159 159 159 159 159 159 159 159 159 159 159 159 159 159 159 159 159 159 159 159 159 160 159 159 159 159 159 159 159 159 159 159 159 160 159 159 160 160 160 160 160 160 160 160 160 160 160 160 160 160 160 160 160 159 159 159 159
0707 159 159 159 159 159 159 159 159 159 159 159 159 159 159 159 159 159 159 159 159 159 159 159 159 159 159 159 159 159 159 159 159 159 159 159 159 159 159 159 159 159 159 159 159 159 159 159 159 159 159 159 159 159 159 159 159 159 159 159 159
0708 159 159 159 159 159 159 159 159 159 159 159 159 159 159 159 159 159 159 159 159 159 159 159 159 159 159 159 159 159 159 159 159 159 159 159 159 159 159 159 159 159 159 159 159 159 159 159 159 159 159 159 159 159 159 159 159 159 159 159 159
0709 159 159 159 160 160 160 160 160 160 160 160 160 160 160 160 160 160 160 160 160 160 160 160 160 160 160 160 160 160 160 161 160 161 161 161 161 161 161 161 161 161 161 161 161 161 161 161 161 161 160 161 160 160 160 160 161 161 161 161 160
0710 161 161 161 160 160 160 160 161 161 161 161 161 161 161 161 161 161 161 161 161 161 161 161 161 161 161 161 161 161 161 161 161 161 161 161 161 160 160 160 160 160 160 160 160 160 160 160 160 160 160 160 160 160 160 160 160 160 160 160 160
0711 160 160 160 160 160 160 160 160 160 160 160 160 160 160 160 160 160 160 160 161 161 161 160 161 161 161 161 161 161 161 161 161 161 161 161 161 161 161 161 161 161 161 162 162 162 162 162 162 162 162 162 162 162 162 162 162 162 161 161 162
0712 162 162 162 162 162 162 163 162 162 162 161 162 162 162 162 162 163 163 163 162 162 162 162 162 162 163 162 162 162 162 162 162 162 162 162 163 163 163 163 163 163 163 163 164 164 164 163 163 164 164 164 164 164 164 164 164 164 164 164 164
0713 164 164 164 164 164 164 164 164 164 164 165 165 165 165 165 166 167 167 168 168 167 168 168 167 167 167 166 166 166 167 166 166 166 166 166 165 166 166 165 166 166 166 165 165 166 166 166 166 166 166 167 166 166 166 166 166 166 166 166 166
0714 166 166 166 166 166 166 166 166 167 167 167 167 167 167 167 167 167 167 167 167 168 168 168 168 168 168 168 168 168 168 168 168 168 168 169 169 169 168 169 168 169 169 169 169 169 169 168 168 168 168 168 168 168 168 167 167 167 167 167 167
0715 167 166 166 166 166 165 165 165 165 165 164 164 164 164 163 163 163 163 163 163 163 163 162 163 163 163 162 162 162 162 162 162 162 162 162 162 162 163 162 163 163 163 163 164 164 164 164 164 164 164 165 165 165 165 165 165 165 165 165 166
0716 166 166 166 165 165 165 165 165 165 166 166 166 166 166 166 166 166 166 165 166 165 165 165 165 164 164 164 164 164 164 164 164 163 163 163 163 162 162 162 163 163 163 163 164 164 163 163 163 163 163 163 163 163 163 163 163 163 163 163 163
0717 163 164 164 163 163 164 164 164 164 164 164 164 163 164 164 164 164 164 164 164 164 163 163 163 163 163 163 163 164 164 164 164 164 164 164 164 164 164 164 164 164 164 164 164 164 164 164 163 163 164 163 163 163 163 163 163 163 163 163 163
0718 163 162 162 162 162 162 162 161 161 160 160 160 160 160 159 159 159 159 159 159 158 158 158 158 158 157 158 157 157 157 157 157 157 157 157 157 157 156 157 157 157 157 157 157 157 157 157 157 156 157 157 157 157 157 156 156 157 156 156 156
0719 156 156 156 156 156 156 156 156 156 156 156 156 156 156 156 156 156 156 156 156 156 157 157 157 156 156 156 157 157 157 157 156 156 156 156 156 156 156 156 156 156 156 156 156 156 156 156 156 156 156 156 156 156 156 156 156 156 156 156 156
0720 156 156 156 156 156 156 156 155 155 155 155 155 156 156 155 155 155 155 155 155 155 155 155 155 155 155 155 155 155 155 155 155 155 155 155 155 155 155 156 155 155 155 155 155 155 155 155 155 155 156 155 155 155 155 156 155 155 155 155 155
0721 155 155 155 155 155 155 155 155 155 155 155 155 155 155 155 155 155 155 155 155 155 155 155 155 155 155 155 155 155 155 155 155 155 155 155 155 155 155 155 155 155 155 155 155 155 155 155 155 155 155 155 155 155 155 155 155 155 155 155 155
0722 155 155 155 155 155 155 155 155 156 156 156 156 156 156 156 156 156 156 156 156 156 156 156 156 156 156 156 156 156 156 156 156 156 156 156 156 156 156 156 156 156 156 156 156 156 156 156 156 156 156 156 156 156 156 156 156 156 156 156 156
0723 156 156 156 156 155 155 155 155 155 155 155 155 155 155 155 155 155 155 155 155 155 155 155 155 154 155 154 154 154 154 154 154 154 154 154 154 154 154 154 154 154 154 154 154 154 154 154 154 154 154 154 154 154 154 154 154 154 154 154 154
0800 154 154 154 154 154 154 154 154 154 154 154 154 154 154 154 154 154 154 154 154 154 154 154 154 154 154 154 154 154 154 154 154 154 154 154 154 154 154 154 154 153 154 154 154 154 154 153 153 153 154 153 154 154 154 154 154 154 154 154 154
0801 153 153 153 153 153 153 153 153 153 153 153 153 153 153 153 153 153 153 153 153 153 153 153 153 153 153 153 153 153 153 153 153 153 153 153 153 153 153 153 153 153 153 153 153 153 153 153 153 153 153 154 154 154 154 154 154 154 154 154 154
0802 154 153 154 154 154 154 154 154 154 154 154 154 154 154 154 154 154 154 154 154 154 154 154 154 154 154 154 154 154 154 154 154 153 153 153 152 153 153 152 152 152 152 152 152 152 152 152 152 152 152 152 152 152 152 152 152 152 152 152 152
0803 152 152 152 152 152 152 152 152 152 152 152 152 152 152 152 152 152 152 152 152 152 152 152 152 152 152 152 152 152 152 152 152 152 152 152 152 152 152 152 152 152 152 152 152 152 152 152 152 152 152 152 152 152 152 152 152 152 152 152 152
0804 152 152 152 152 152 152 152 152 152 152 152 152 152 152 152 152 152 152 152 152 152 152 152 152 152 152 152 152 152 152 152 152 152 152 152 152 152 152 152 152 152 152 152 152 152 152 152 152 152 152 152 152 152 152 152 152 152 152 152 152
0805 152 152 152 152 152 152 152 152 152 152 152 152 152 152 152 152 152 152 152 152 152 152 152 152 152 152 152 152 152 152 152 152 152 152 152 152 152 152 152 152 152 152 152 152 152 152 152 152 152 152 152 152 152 152 152 152 152 152 152 152
0806 152 152 152 152 185 152 152 152 152 152 152 152 152 152 152 152 152 152 152 152 152 152 152 152 152 152 152 152 152 152 152 152 152 152 152 152 152 152 152 152 152 152 152 152 152 152 152 152 152 152 152 152 152 152 152 152 152 152 152 152
0807 152 152 152 152 152 152 152 152 152 152 152 152 152 152 152 152 152 152 152 152 152 152 152 152 152 153 153 153 153 153 153 152 153 153 153 153 153 152 153 152 153 153 153 153 153 153 153 153 153 153 153 153 153 153 153 153 153 153 153 153
0808 153 153 153 153 153 153 153 153 153 153 153 153 153 153 153 153 153 153 153 153 153 153 153 153 153 153 153 153 153 153 153 153 153 153 153 154 153 154 154 154 154 154 154 154 154 154 154 154 154 154 154 154 154 155 155 155 155 155 156 155
0809 155 155 156 156 156 156 156 156 156 156 156 157 157 157 157 157 157 157 157 158 158 158 158 158 158 159 159 159 160 160 160 160 160 160 160 160 160 160 160 160 160 160 160 159 160 160 160 160 160 160 160 160 160 160 160 160 160 160 159 159
0810 159 159 159 159 159 159 159 159 158 158 158 158 158 158 158 158 158 158 158 195 158 158 158 158 158 158 158 158 158 158 158 159 159 159 159 159 158 159 159 159 159 159 159 160 160 160 160 160 160 160 160 160 160 161 160 160 160 160 160 161
0811 161 161 161 161 161 161 161 162 162 162 162 163 163 163 164 164 164 164 164 165 165 164 164 165 165 166 166 166 166 165 166 166 166 166 166 167 167 167 167 167 168 168 169 169 170 170 171 171 171 171 171 171 171 171 170 170 170 170 170 170
0812 169 169 169 169 170 170 170 170 170 170 171 171 171 171 171 171 171 172 171 172 172 172 172 173 173 173 174 174 174 174 174 173 173 173 173 173 173 174 174 173 172 172 172 172 172 172 172 173 173 173 173 173 172 173 173 172 173 172 172 172
0813 172 173 173 173 173 173 173 173 173 174 175 175 176 177 178 178 178 179 180 181 181 181 182 183 183 183 184 185 186 185 184 183 183 182 182 183 184 184 184 184 183 183 184 185 186 187 186 186 187 188 189 189 189 189 190 190 189 190 190 190
0814 190 190 190 190 190 189 189 191 192 192 191 191 191 193 192 192 192 191 191 191 191 192 194 194 194 193 192 192 192 193 193 193 193 193 221 194 195 196 195 195 194 193 193 193 194 194 194 195 196 195 194 192 192 194 195 194 194 194 194 195
0815 195 195 195 194 193 194 194 194 193 192 191 192 192 193 194 195 196 196 196 196 195 195 194 195 197 198 198 197 197 196 195 195 195 196 196 196 197 198 198 198 198 197 197 197 196 195 195 196 196 195 196 197 198 198 200 201 201 199 197 197
0816 197 197 197 198 198 198 198 198 198 198 199 200 200 199 200 200 202 203 203 202 201 200 200 200 201 201 200 200 199 198 198 198 198 198 198 199 199 199 199 198 197 197 197 198 198 198 198 198 198 198 198 198 198 197 197 197 197 197 196 196
0817 196 195 195 195 195 195 195 195 196 196 197 197 197 198 198 199 199 199 198 198 198 197 197 197 197 196 196 196 196 196 196 197 197 197 197 196 196 196 195 195 195 195 195 195 196 195 195 195 195 195 195 194 195 194 194 194 194 194 194 194
0818 194 193 193 193 193 193 193 193 193 192 192 192 193 192 192 193 193 193 193 193 193 193 193 193 193 193 193 193 193 193 193 193 193 193 193 193 193 193 193 193 193 193 192 193 192 192 192 192 192 222 191 191 191 191 191 191 191 191 191 191
0819 191 191 191 191 191 191 191 191 191 191 190 190 190 190 190 190 190 190 190 190 190 190 190 190 190 190 189 189 189 189 189 189 189 189 189 189 188 188 188 188 188 187 187 187 187 187 186 186 186 186 186 186 186 186 186 185 186 186 186 186
0820 186 186 187 187 187 188 188 188 188 188 188 188 188 188 188 188 188 188 187 187 187 187 187 187 187 187 187 187 187 186 186 186 186 186 186 186 186 186 186 186 186 186 186 186 186 186 185 185 185 185 184 184 184 185 185 184 184 184 184 184
0821 184 184 184 184 184 184 184 184 184 184 185 185 185 185 185 185 185 185 185 185 185 185 185 185 185 184 184 184 184 184 183 183 182 181 180 180 180 179 179 179 178 178 178 178 177 177 177 177 177 177 177 177 177 177 177 177 177 177 177 178
0822 178 178 177 177 177 177 177 176 176 176 176 176 176 175 175 175 175 175 175 175 175 174 174 174 174 174 174 174 174 174 174 174 173 173 173 173 173 173 174 174 174 174 174 174 174 173 173 173 173 173 173 173 173 173 173 173 173 173 173 173
0823 173 173 173 173 173 173 173 173 173 173 173 173 173 173 173 173 173 173 173 173 173 173 173 173 173 173 173 173 173 173 172 173 173 173 173 173 173 173 173 173 173 173 173 173 173 173 173 173 173 173 172 173 172 172 171 171 171 172 172 172
0900 171 171 172 172 172 172 172 173 173 173 173 173 173 173 173 172 172 172 172 172 172 172 171 171 171 171 170 170 170 170 170 171 171 171 171 171 171 172 172 172 172 172 172 172 171 171 171 171 171 171 171 171 171 172 172 172 173 173 174 174
0901 174 174 175 175 175 175 175 175 174 174 174 174 174 173 173 173 173 173 173 173 173 173 173 173 173 173 173 173 173 172 172 172 172 172 172 172 172 172 172 172 172 171 171 171 171 171 171 171 171 170 170 170 170 170 170 170 170 170 170 170
0902 170 169 169 169 169 169 169 169 169 168 168 168 168 168 168 168 168 168 168 168 169 169 169 169 169 169 169 169 169 169 169 169 169 169 168 168 168 168 169 169 169 169 169 169 169 169 169 169 169 169 170 170 170 169 169 169 169 169 169 169
0903 169 169 169 169 169 169 170 170 170 170 170 170 170 170 170 170 170 170 170 170 169 169 169 169 170 170 170 170 170 170 170 171 171 171 171 171 172 171 171 171 171 171 171 171 171 171 171 171 171 171 171 171 170 171 171 171 171 171 171 171
0904 171 172 171 171 171 171 171 171 171 171 171 171 171 171 170 170 170 169 169 168 168 168 168 167 167 167 167 167 167 167 167 167 166 166 166 166 166 166 166 166 166 166 166 166 166 166 166 166 166 165 165 165 165 165 165 165 165 165 165 165
0905 165 165 165 165 165 165 165 165 165 165 164 165 164 164 164 164 164 164 164 164 164 164 164 164 164 164 164 164 164 164 164 164 164 164 164 164 164 163 163 163 163 163 163 163 163 163 163 163 163 163 162 163 162 162 162 162 162 162 162 162
0906 162 162 162 162 162 162 162 162 162 163 163 163 162 162 162 162 162 162 162 163 163 163 163 163 163 163 163 163 163 163 163 163 163 163 163 163 163 163 163 163 163 163 163 163 163 163 163 163 163 163 163 163 163 163 163 163 163 163 163 163
0907 163 163 163 163 163 163 163 163 163 164 164 164 164 164 164 164 164 164 163 163 163 163 163 163 163 163 163 163 163 163 163 163 163 163 162 162 162 163 163 163 163 163 163 163 163 163 163 163 163 163 163 163 163 163 163 163 163 163 163 163
0908 163 163 163 163 163 163 163 163 162 162 163 163 163 163 163 163 163 162 162 162 162 162 162 162 162 162 162 162 162 162 162 162 163 162 163 162 163 163 163 163 163 163 163 163 163 163 163 163 163 163 163 163 163 163 163 163 163 163 163 163
0909 163 163 163 163 163 163 164 164 164 164 164 164 164 164 164 164 164 164 164 164 165 165 165 165 165 165 165 165 165 165 165 165 165 165 165 165 165 165 165 165 166 166 166 166 166 166 166 166 166 166 166 166 166 166 166 166 166 166 166 167
0910 167 167 167 167 167 167 167 167 167 167 168 167 167 167 168 167 168 168 168 168 168 168 168 168 168 169 168 169 169 169 170 170 170 170 170 170 170 170 171 171 171 171 171 171 170 170 170 171 171 171 171 171 171 172 171 171 171 172 172 172
0911 172 172 172 172 173 173 173 173 174 173 174 174 174 174 174 174 174 175 175 175 175 176 175 176 176 176 176 177 176 176 176 176 176 177 177 177 177 177 177 177 177 177 177 178 178 178 178 178 178 179 178 178 179 179 179 179 179 180 181 181
0912 180 180 180 180 180 180 180 180 181 181 181 181 182 182 182 183 183 183 183 183 183 184 183 183 183 184 185 185 185 186 186 186 187 188 188 187 188 188 188 188 188 189 189 189 189 189 189 189 189 189 189 189 190 190 190 190 190 190 190 190
0913 190 190 190 191 191 191 192 192 192 192 193 193 193 193 193 193 193 193 194 194 195 194 194 195 195 196 196 195 196 196 196 196 196 196 196 196 196 196 197 198 199 199 198 198 197 198 198 198 198 199 199 199 199 200 200 201 201 201 201 201
0914 201 201 202 202 202 201 201 201 200 200 200 200 200 201 201 201 201 202 203 204 204 203 203 203 203 204 204 204 204 204 204 205 204 204 203 203 203 203 203 203 202 202 202 201 201 202 202 202 203 202 202 202 202 201 202 202 203 204 204 204
0915 205 205 204 205 205 205 206 206 206 206 206 206 205 204 204 203 203 203 203 203 203 203 203 204 204 204 205 205 205 205 205 205 205 205 204 204 205 204 204 204 204 204 205 206 206 206 206 206 207 207 207 207 207 207 207 206 206 206 206 205
0916 205 205 206 206 205 205 205 205 205 204 204 204 204 204 204 204 204 204 204 204 204 204 205 205 205 205 205 205 205 205 206 206 206 206 206 207 207 207 206 206 207 207 207 207 207 208 208 208 208 208 208 208 208 208 207 207 207 208 208 208
0917 208 207 207 207 207 207 207 207 207 207 206 206 206 205 205 205 206 206 205 205 206 206 206 206 206 206 206 206 206 206 206 206 206 206 206 206 206 206 206 206 206 206 206 206 206 206 206 206 206 205 206 205 206 206 206 206 206 206 206 206
0918 206 206 206 205 205 205 205 204 204 205 205 205 205 205 205 205 205 205 204 204 204 204 204 204 204 204 204 204 204 204 204 204 203 203 203 202 202 202 201 202 201 202 202 202 202 202 202 202 202 202 202 201 201 201 201 201 201 201 200 200
0919 200 200 200 199 199 198 198 197 197 196 196 195 195 194 194 193 193 192 191 191 191 191 191 190 190 190 190 190 190 189 188 188 188 187 187 186 186 186 185 185 184 184 184 183 183 183 183 183 183 182 183 183 183 183 183 183 183 183 183 182
0920 182 183 182 182 182 182 182 181 181 181 181 180 180 180 180 179 179 179 179 179 179 179 179 179 179 179 179 179 179 180 179 179 180 180 180 180 180 180 179 179 179 179 178 178 178 178 178 178 177 177 177 177 177 177 177 177 177 177 177 177
0921 177 176 176 176 176 176 176 176 176 176 175 175 175 175 175 175 175 175 175 175 175 175 175 174 174 175 175 175 175 175 175 175 175 174 175 174 174 174 174 174 174 174 174 174 174 174 174 174 174 174 174 174 173 174 174 174 174 174 174 174
0922 174 174 174 174 174 174 173 174 173 173 173 173 174 174 174 174 174 174 174 174 175 175 175 175 175 175 175 175 175 175 175 175 175 175 175 174 174 174 174 175 175 175 175 175 175 175 175 174 174 174 174 174 174 173 173 173 173 174 174 174
0923 174 174 174 174 174 174 174 174 173 173 173 173 173 172 173 173 173 172 172 172 172 172 172 172 172 172 172 172 172 172 173 172 173 173 173 174 174 174 174 174 174 174 174 174 174 174 174 174 175 175 174 175 175 175 175 174 175 174 174 174
1000 174 174 174 174 174 174 174 174 174 174 174 173 174 174 174 174 174 173 173 174 174 174 174 174 175 175 175 175 175 175 175 174 174 174 174 174 174 174 174 174 173 173 173 173 173 172 172 172 172 172 172 171 171 171 171 171 171 171 172 172
1001 172 172 172 172 171 171 171 171 171 171 171 171 170 170 170 170 170 170 170 170 170 170 169 169 169 169 169 169 168 168 168 168 168 169 169 169 169 169 169 169 169 169 169 169 169 210 169 168 168 168 168 168 168 168 168 169 169 169 168 169
1002 169 168 168 168 168 168 168 168 168 168 168 168 168 168 168 167 167 167 167 167 167 167 167 167 167 167 168 168 168 168 168 168 168 168 169 169 169 169 169 169 170 170 170 170 170 170 170 170 170 169 169 169 169 169 169 169 169 169 169 169
1003 169 169 169 169 169 169 169 169 168 168 168 168 168 168 168 168 167 167 167 167 167 167 167 168 168 168 169 169 170 170 171 171 171 172 172 171 171 171 171 171 172 172 172 172 172 172 173 173 172 173 173 173 173 173 173 173 174 174 173 173
1004 173 173 173 173 173 173 173 173 173 173 173 173 172 172 171 171 171 170 170 170 170 169 169 169 169 168 168 168 168 167 167 167 167 168 168 168 168 168 168 168 169 169 168 168 168 168 168 167 167 167 167 167 167 167 167 167 167 167 167 167
1005 167 167 167 166 166 166 166 166 166 166 166 166 166 166 167 167 167 167 167 166 166 166 166 166 166 166 166 166 166 166 166 166 165 165 165 165 165 165 165 164 164 164 164 164 164 164 164 164 163 163 163 163 163 163 163 163 162 162 162 162
1006 197 162 163 163 163 163 163 163 163 163 163 163 163 163 163 162 162 162 163 163 163 163 162 162 163 163 162 162 162 162 162 161 161 161 161 161 161 161 161 161 161 161 161 161 161 161 161 161 161 161 162 162 162 162 162 162 162 162 162 162
1007 162 162 162 162 162 162 162 162 162 162 162 162 162 161 161 161 161 161 161 161 161 161 161 161 160 161 161 161 161 161 161 161 161 161 161 161 161 161 161 161 161 161 161 161 161 161 161 161 161 160 160 160 160 161 161 161 161 161 161 161
1008 161 161 161 161 161 161 161 161 161 161 161 161 161 161 161 161 161 161 161 161 161 161 161 161 161 162 162 162 162 162 162 162 162 162 162 162 162 162 162 162 163 163 164 164 164 164 165 165 165 166 166 166 166 167 167 167 167 167 168 168
1009 168 168 168 168 169 169 169 169 169 169 170 170 170 171 171 171 171 171 171 172 172 172 172 172 172 172 172 172 172 172 173 173 172 173 173 173 173 173 173 173 173 173 173 174 174 174 174 174 175 175 176 175 175 175 176 176 176 177 177 177
1010 177 177 177 177 177 177 178 178 178 178 178 178 178 178 178 177 177 178 178 178 178 178 178 178 178 179 179 179 179 179 179 179 179 179 180 180 180 180 180 180 180 180 180 180 180 181 181 181 181 181 181 181 182 181 182 182 182 182 182 182
1011 183 183 182 182 182 182 182 182 182 183 182 183 184 183 184 184 185 185 185 185 184 184 185 185 186 187 187 187 187 188 188 188 188 188 189 189 189 189 189 188 188 188 188 188 189 190 191 191 191 191 192 192 192 192 192 192 192 192 193 194
1012 194 195 195 194 193 193 194 195 197 197 198 198 198 199 200 200 200 199 199 199 199 199 199 200 200 200 200 201 200 200 200 200 200 201 201 202 202 202 201 200 200 199 199 199 200 200 200 200 200 200 200 199 198 198 199 200 201 202 203 203
1013 202 202 202 202 202 203 203 203 203 203 203 204 205 205 205 205 204 204 204 204 204 204 203 203 203 202 202 202 202 202 201 201 201 202 203 203 204 204 204 204 204 204 205 205 205 205 205 206 206 207 207 207 207 207 207 207 207 207 208 208
1014 208 207 208 209 209 209 208 209 209 210 210 210 209 209 210 211 211 210 210 210 209 209 209 210 210 211 211 211 212 214 215 214 214 213 213 213 212 212 211 212 212 213 212 213 214 215 215 215 216 216 217 217 217 217 217 218 218 219 219 217
1015 215 214 214 214 213 212 212 211 211 212 213 214 214 214 213 213 214 215 215 216 216 215 215 216 216 216 216 216 216 215 214 213 214 214 215 215 215 215 215 215 215 217 218 219 219 219 219 218 218 218 218 218 217 216 216 216 216 216 216 217
1016 217 217 217 218 218 219 218 218 219 217 215 216 216 216 217 217 217 218 219 219 219 217 217 217 216 216 215 214 213 213 214 214 214 213 213 214 214 215 215 215 214 213 213 213 214 214 214 215 215 214 213 213 213 213 213 213 213 213 213 213
1017 212 211 211 211 210 210 210 210 210 210 209 209 209 209 209 208 208 208 208 208 208 207 207 208 208 208 208 207 207 206 206 206 206 207 207 207 207 207 206 206 206 205 205 205 205 204 204 204 204 204 204 204 204 204 204 204 204 204 204 204
1018 204 203 203 203 203 203 203 203 203 202 202 202 202 202 202 202 202 202 202 202 202 202 201 201 201 201 201 200 199 199 199 199 199 199 199 199 199 199 198 198 198 198 198 197 197 197 197 197 197 197 197 196 196 196 196 196 196 196 196 196
1019 196 196 196 195 195 194 194 193 193 193 193 193 192 192 192 192 192 192 192 193 193 193 193 192 192 192 192 193 193 192 192 192 192 192 192 192 192 192 192 192 192 191 191 191 191 191 191 191 190 190 190 190 190 190 190 190 190 190 190 189
1020 189 189 189 189 189 189 189 189 188 188 188 188 188 188 188 188 188 188 188 188 189 189 189 189 189 189 189 188 188 188 188 188 188 188 188 188 187 187 187 187 187 187 187 187 187 187 187 187 187 187 187 187 187 187 186 186 186 186 186 186
1021 186 185 185 185 185 185 186 186 185 185 185 185 185 185 185 185 185 185 185 185 185 185 185 185 185 185 185 185 185 185 185 185 184 184 184 184 185 184 184 184 184 184 184 184 183 184 184 184 184 183 184 183 183 183 183 183 183 183 183 183
1022 183 183 183 183 183 183 183 183 183 183 183 183 183 183 183 183 183 183 183 183 183 183 183 182 182 182 181 181 181 181 181 181 181 181 180 181 180 180 180 180 180 181 181 180 180 180 180 180 180 180 180 180 180 180 180 180 179 179 179 179
1023 179 179 178 179 179 179 179 179 179 179 179 179 179 179 179 180 180 180 180 180 180 180 180 179 180 180 180 180 180 179 179 179 179 179 179 179 179 179 179 179 179 180 180 179 179 179 179 179 178 178 178 178 178 177 177 177 176 176 176 176
1100 176 176 176 177 176 176 176 176 176 176 176 176 176 176 176 176 175 175 176 176 176 176 176 176 176 176 176 176 176 176 176 176 175 175 175 176 175 175 175 176 176 176 176 176 175 175 174 174 173 173 172 171 171 171 170 170 170 170 170 169
1101 169 169 169 169 169 168 167 167 167 167 166 166 166 165 165 165 165 164 164 164 164 164 164 164 164 164 164 164 164 163 163 163 163 163 163 163 163 163 163 163 163 163 162 162 162 162 162 162 162 162 162 162 162 162 162 162 162 162 162 162
1102 162 163 162 162 162 162 162 162 162 162 162 162 161 161 161 161 161 161 161 161 161 161 161 161 161 161 161 161 161 161 161 161 161 161 161 161 161 161 161 161 161 160 160 160 160 160 160 160 160 160 160 160 160 160 160 160 159 159 159 159
1103 159 159 159 159 159 158 159 159 159 159 159 159 159 159 159 158 158 158 158 158 158 157 157 157 157 157 157 157 157 157 157 157 157 157 157 157 157 157 157 157 157 157 157 157 157 157 157 157 157 157 157 157 157 157 157 157 157 157 157 157
1104 157 157 157 157 157 157 156 156 156 156 156 156 156 156 157 157 156 157 157 157 157 157 157 157 157 157 157 157 157 157 157 157 157 157 157 157 157 157 157 157 157 157 157 157 157 157 157 157 157 157 157 156 157 156 157 157 157 157 157 157
1105 157 157 157 157 157 157 157 157 157 157 157 157 157 157 157 157 157 157 157 157 157 157 158 158 158 157 157 157 158 158 158 158 158 158 158 158 158 158 158 158 158 158 158 158 157 157 158 158 158 158 158 158 158 158 158 157 157 157 157 157
1106 157 157 157 157 157 157 157 156 156 156 154 154 153 152 152 152 152 152 152 152 152 151 151 151 151 151 151 151 151 151 151 151 152 151 151 151 151 151 151 151 150 150 150 151 151 151 151 151 151 151 151 151 151 151 151 151 151 151 151 151
1107 151 151 151 151 151 151 151 151 151 151 152 152 152 152 152 153 153 153 153 152 152 152 152 151 151 151 151 152 152 152 153 153 153 153 153 153 153 152 153 153 153 153 153 153 153 153 153 153 152 152 152 152 152 152 151 151 152 152 152 152
1108 152 152 152 152 152 152 152 153 153 152 152 152 153 153 153 153 153 153 153 152 153 152 152 152 152 152 153 152 152 153 153 153 153 154 154 154 154 154 154 154 154 154 154 154 154 154 154 155 155 155 155 155 155 155 155 155 155 155 155 155
1109 155 155 155 155 155 155 155 155 155 155 155 155 155 155 155 155 155 155 156 156 156 156 156 156 156 156 157 157 158 158 158 159 159 159 159 160 159 159 159 159 160 160 161 161 161 161 161 161 161 161 161 161 161 161 162 162 161 162 162 161
1110 162 162 161 161 162 162 162 162 162 162 162 162 162 162 162 162 162 162 162 162 162 162 162 162 162 162 162 163 162 162 162 162 162 162 162 162 162 162 162 162 163 163 163 163 163 164 164 164 165 165 165 165 165 165 165 166 166 166 166 166
1111 166 166 167 167 167 167 167 168 168 169 168 168 169 169 169 169 168 169 169 169 169 169 169 169 169 170 170 170 170 170 170 170 170 170 170 170 170 171 171 171 172 171 171 171 171 170 170 170 170 170 170 170 170 169 169 169 169 169 169 168
1112 169 168 168 168 168 168 168 168 169 169 169 169 169 169 169 169 169 169 170 170 170 170 170 170 170 170 170 170 170 171 171 171 171 171 171 171 172 172 172 172 172 172 173 173 173 172 172 172 173 173 173 173 173 173 173 173 174 174 175 175
1113 174 174 175 175 175 176 176 176 176 176 176 176 175 176 175 175 175 175 175 175 176 176 176 176 176 176 176 177 176 177 177 177 177 178 179 179 179 179 178 178 178 177 177 177 177 178 178 178 179 179 179 179 179 179 180 179 180 179 179 179
1114 180 180 181 182 181 181 180 180 180 180 180 180 179 178 178 178 177 177 177 178 178 178 178 178 179 179 179 179 180 179 180 180 180 181 181 181 181 181 181 182 181 180 180 180 180 181 181 181 182 181 181 181 181 182 183 183 184 185 184 184
1115 184 184 185 185 186 186 186 186 186 186 186 187 186 187 187 186 185 185 185 184 184 184 184 185 185 185 184 184 184 183 183 183 182 182 182 182 183 184 184 184 184 184 184 185 185 186 186 185 185 184 184 183 183 183 183 183 184 184 184 185
1116 184 184 183 183 183 183 183 183 183 184 184 184 184 184 184 183 183 183 182 182 181 181 180 180 180 180 180 180 180 180 180 180 180 180 180 180 180 180 180 179 179 179 179 179 179 179 179 179 179 180 180 180 180 180 180 180 180 180 180 180
1117 180 180 180 180 179 179 179 179 179 179 179 179 178 178 178 178 178 178 178 178 177 177 177 177 177 177 177 177 177 177 177 177 177 177 177 177 177 177 177 178 178 178 177 177 178 178 177 177 177 177 178 177 177 178 177 177 178 178 178 178
1118 178 179 179 179 179 179 179 179 179 180 179 179 180 179 179 179 179 179 179 179 179 179 179 179 179 179 179 179 179 179 179 179 179 178 178 178 178 178 178 178 178 178 177 177 177 177 176 176 176 176 176 176 176 176 176 176 176 176 176 176
1119 176 176 176 176 176 176 176 176 176 176 176 176 175 175 175 175 175 233 175 175 175 175 175 174 174 175 174 174 174 174 174 174 174 174 174 174 174 174 174 174 174 174 175 175 175 175 174 174 174 174 174 174 175 175 175 175 175 175 175 175
1120 175 175 175 175 175 175 175 175 175 175 175 175 175 175 175 175 175 175 175 175 175 175 175 175 175 175 175 175 175 175 175 175 175 175 175 175 175 175 175 175 175 175 175 175 175 175 175 175 175 174 174 174 174 174 174 174 174 174 174 174
1121 174 174 174 174 174 174 174 173 173 173 173 173 173 173 173 173 173 173 173 173 173 173 173 173 173 172 172 172 172 172 172 172 172 172 173 172 172 172 172 172 172 171 171 170 170 170 170 169 169 169 169 169 169 169 168 168 168 168 168 168
1122 168 168 168 168 168 168 167 167 167 167 167 167 167 167 167 167 167 166 166 166 166 166 165 165 165 165 165 165 165 165 165 164 164 164 164 164 164 164 164 164 164 164 164 164 164 164 164 164 164 164 164 164 164 163 164 163 163 163 163 163
1123 163 163 163 163 163 163 163 163 163 163 163 163 163 163 163 163 163 163 163 163 163 163 163 163 164 164 164 163 163 163 163 163 213 163 162 162 162 162 162 162 161 161 161 161 161 160 160 160 160 160 160 160 161 161 161 160 160 160 160 160
1200 160 160 160 160 160 160 160 160 160 160 160 160 160 160 160 160 160 160 161 160 160 160 160 160 160 160 160 160 160 159 159 159 159 159 159 159 159 159 159 159 159 159 159 159 159 159 159 159 159 159 159 159 159 159 159 159 159 159 159 159
1201 159 159 159 159 159 159 159 159 159 159 159 158 158 158 158 158 158 158 158 158 158 158 158 158 158 158 158 158 158 158 158 158 158 158 158 158 158 158 158 158 158 158 158 158 158 158 158 158 158 158 158 158 158 158 158 158 158 158 158 158
1202 158 158 158 158 158 158 158 158 158 158 158 158 158 158 158 158 158 158 158 158 158 158 158 158 158 158 158 158 158 158 158 158 158 158 158 158 158 158 158 158 158 158 158 158 158 158 158 158 158 158 158 158 158 158 158 158 158 158 158 158
1203 158 158 158 158 158 158 158 158 158 158 158 158 158 158 158 158 158 158 158 158 157 157 158 158 158 157 157 157 157 157 157 157 157 157 157 157 157 157 157 157 157 157 157 157 157 157 157 202 157 157 157 157 157 157 157 157 157 156 156 156
1204 156 155 155 155 155 155 155 155 155 155 155 155 155 154 154 154 154 155 154 154 154 154 154 154 154 154 154 154 154 153 153 153 153 153 153 153 153 153 153 153 153 153 153 153 153 153 153 153 153 152 152 153 152 152 152 152 152 152 152 152
1205 152 152 152 152 152 152 152 152 152 152 152 152 152 152 152 152 152 152 152 152 152 152 152 152 152 152 152 152 152 152 152 152 152 152 152 152 152 152 152 152 152 152 153 153 153 153 153 153 153 153 153 153 153 153 153 153 153 152 152 152
1206 153 152 152 152 152 152 152 152 152 152 152 152 152 152 152 152 152 152 152 152 152 152 152 152 152 152 152 152 152 152 152 152 152 152 152 152 152 152 152 152 152 152 152 152 152 152 152 152 152 152 152 152 152 152 152 152 152 152 152 152
1207 152 152 152 152 152 152 152 152 152 152 152 152 152 152 152 152 152 151 152 152 152 152 152 152 152 152 152 152 152 152 152 152 152 152 152 152 152 152 152 152 152 152 152 152 152 151 151 151 151 152 151 151 152 152 152 152 152 152 152 151
1208 151 151 171 151 151 151 151 151 151 151 151 151 150 151 151 151 150 150 151 151 150 151 150 150 150 150 150 150 150 150 150 150 150 150 150 150 150 150 150 150 150 150 150 150 150 150 149 149 149 149 149 149 149 149 149 149 149 149 149 149
1209 149 149 149 149 149 149 149 149 149 149 149 149 149 149 149 149 149 150 149 149 150 150 150 150 150 150 150 150 150 150 150 150 150 150 150 150 151 151 151 151 151 151 151 151 151 151 151 151 152 152 152 152 152 152 152 152 152 152 152 153
1210 153 152 152 153 153 153 153 153 153 153 153 153 153 153 153 152 153 153 153 153 153 153 153 153 153 153 154 154 154 154 154 154 154 154 154 154 154 154 154 154 154 154 154 154 154 155 155 155 155 155 155 155 155 156 156 156 156 156 156 156
1211 156 156 155 155 156 156 155 155 155 155 155 155 155 155 155 155 155 155 155 155 155 156 155 155 156 156 156 156 156 156 156 156 156 156 156 156 157 157 157 157 157 157 158 158 158 158 158 158 158 158 158 158 158 158 158 158 158 159 159 159
1212 159 159 159 159 159 159 160 160 161 160 160 160 161 161 161 161 161 161 161 161 161 161 161 161 162 162 162 161 161 161 161 160 160 160 160 160 160 160 161 161 161 161 161 162 162 162 162 162 161 161 162 162 161 161 161 161 161 162 162 162
1213 162 162 162 162 162 162 163 163 163 163 163 163 163 163 163 163 163 164 164 164 165 165 165 165 165 165 165 165 165 165 165 164 164 164 165 165 165 165 166 166 167 167 167 167 166 166 166 167 167 167 167 167 167 167 166 166 166 166 166 165
1214 165 165 165 165 165 165 166 166 166 166 166 167 167 167 167 167 167 167 166 166 167 166 166 166 166 166 167 167 167 168 168 168 168 168 168 168 168 167 167 167 167 167 167 167 167 167 167 167 167 167 167 167 167 167 167 167 167 167 167 168
1215 168 168 168 168 168 168 168 168 168 168 168 168 168 168 168 168 167 168 167 168 168 167 167 168 168 168 168 168 168 169 168 168 168 168 168 168 168 168 168 168 169 169 170 170 170 170 170 171 171 171 171 171 171 171 171 171 170 170 170 170
1216 170 170 171 171 171 171 170 170 171 171 171 171 171 172 172 172 172 172 172 172 172 172 172 171 171 171 171 171 171 171 171 171 171 171 171 171 171 170 170 170 170 170 170 170 170 170 170 170 170 171 171 171 171 171 171 171 171 171 171 171
1217 171 171 171 171 171 171 171 171 171 171 171 171 171 172 172 172 172 172 172 171 171 171 171 171 171 171 171 171 171 171 171 171 171 171 171 171 171 171 170 171 171 171 171 171 171 171 171 171 171 171 171 171 171 171 171 171 171 170 171 171
1218 171 171 171 171 171 171 171 170 170 170 171 171 171 171 171 170 170 170 170 170 170 170 170 170 170 170 170 170 170 170 170 170 170 170 170 170 170 169 169 169 169 169 169 168 168 169 169 169 169 169 169 168 169 169 169 169 168 168 167 167
1219 167 167 167 166 165 165 165 165 165 165 165 166 166 166 166 166 166 166 165 165 165 165 165 164 164 163 163 163 163 163 164 164 164 164 164 163 164 163 163 163 162 162 161 161 162 162 162 161 161 161 161 161 160 160 160 160 160 161 161 160
1220 160 160 160 160 159 159 159 159 159 158 158 158 158 158 158 158 158 158 158 158 158 158 158 158 158 158 158 158 158 157 157 157 157 157 157 157 157 157 157 156 156 155 155 155 155 155 156 156 156 156 156 156 156 156 157 157 157 157 157 157
1221 157 157 157 157 156 156 156 156 156 156 156 157 157 157 157 156 156 156 156 156 156 155 156 156 156 155 155 155 155 155 155 156 155 155 155 155 155 155 155 155 155 155 156 156 156 156 157 157 156 156 156 156 156 156 156 156 156 156 156 156
1222 156 157 157 157 156 156 156 156 156 156 156 156 156 156 155 155 154 154 154 155 155 155 155 155 155 155 155 155 155 155 155 155 155 155 155 155 156 156 155 155 155 155 154 154 154 154 154 154 154 154 154 154 154 154 154 154 154 154 154 154
1223 154 154 154 154 154 154 154 154 153 153 153 153 153 153 153 153 154 154 154 154 154 154 154 154 154 153 153 153 153 153 153 153 153 153 153 153 153 153 153 153 153 153 153 153 153 153 153 153 153 153 153 153 153 153 153 153 153 152 152 152
1300 152 152 152 152 152 152 152 152 153 153 153 153 153 153 153 153 153 153 153 153 153 154 153 154 154 154 154 154 153 153 153 153 153 153 153 153 153 153 153 154 154 153 154 154 154 153 154 153 153 154 153 153 153 153 153 153 153 153 153 153
1301 152 152 152 152 152 152 152 153 153 153 153 152 152 152 152 152 152 152 152 152 152 152 152 152 152 152 152 152 152 152 152 152 152 152 152 152 152 152 152 152 152 152 152 152 152 152 152 152 152 151 152 152 152 152 152 152 152 152 151 152
1302 151 151 152 152 152 152 152 152 151 151 151 151 151 151 151 151 151 151 151 151 151 151 151 151 151 151 151 151 151 151 151 151 151 151 151 151 151 151 151 151 151 151 151 151 151 152 151 151 151 151 151 151 150 150 150 150 151 151 151 151
1303 151 151 151 151 151 151 151 151 151 151 151 151 151 151 151 151 151 151 151 151 151 150 150 150 150 150 150 150 150 150 150 150 150 150 150 150 150 150 150 150 150 150 150 150 150 150 150 150 150 150 150 150 150 150 150 150 150 150 150 150
1304 150 150 150 150 150 150 150 150 150 150 150 150 150 150 150 150 150 150 150 150 150 150 149 149 149 150 150 150 150 150 150 151 150 150 150 150 150 150 150 150 150 150 150 150 150 150 150 150 150 150 150 149 149 149 149 149 150 150 150 150
1305 150 150 150 150 150 150 150 150 150 150 150 150 150 149 150 149 149 149 150 150 149 149 149 149 149 149 149 149 149 149 149 149 149 149 149 149 149 149 149 149 149 149 149 149 149 149 149 149 149 149 149 149 149 149 149 149 149 149 149 149
1306 149 149 149 148 148 149 148 149 149 149 149 149 148 149 149 149 149 149 149 148 148 148 149 149 149 148 148 148 148 148 149 149 150 149 149 150 150 150 150 150 150 150 150 150 150 150 149 149 149 149 149 149 149 149 149 149 149 149 149 149
1307 149 149 149 149 149 149 149 149 149 149 149 149 149 149 149 149 148 148 148 148 148 148 148 148 147 147 147 148 148 147 147 147 147 147 147 147 147 147 148 148 148 148 148 148 148 148 148 148 148 148 148 148 148 148 148 148 149 149 149 149
1308 149 149 150 150 150 150 150 150 150 150 150 150 150 150 150 150 150 150 150 150 150 150 151 151 151 151 151 151 151 151 151 151 151 151 151 152 151 152 152 152 152 152 152 152 152 152 152 152 152 152 152 152 152 152 152 153 153 153 153 153
1309 153 153 153 153 153 153 153 153 153 154 154 153 154 153 153 154 154 153 153 153 154 154 154 154 154 154 154 155 155 155 155 156 156 156 156 156 156 156 157 157 157 158 158 158 158 158 158 159 159 159 161 161 160 160 160 160 161 162 162 162
1310 162 163 163 164 164 164 164 164 165 164 164 165 165 165 165 166 166 167 167 167 167 167 167 168 168 168 168 168 169 169 170 170 170 170 170 170 170 170 170 171 171 172 171 171 171 171 172 172 173 173 174 174 174 174 174 174 174 174 175 175
1311 175 175 175 176 176 177 179 179 180 181 180 179 179 179 180 179 180 180 180 180 180 180 180 180 180 181 182 182 182 182 181 181 182 181 181 182 184 184 184 184 185 186 186 188 189 189 189 189 190 190 191 191 192 193 194 194 193 192 191 191
1312 192 194 196 197 198 199 201 202 202 203 205 206 206 206 206 206 206 206 206 206 205 205 206 208 211 211 210 209 206 205 206 207 206 206 208 208 207 207 207 208 209 210 212 212 210 208 207 205 204 204 206 207 208 210 211 211 212 213 214 214
1313 214 213 211 210 210 209 209 209 209 208 207 210 212 213 214 217 219 220 221 220 217 217 217 217 217 218 221 222 222 221 220 219 219 220 219 218 217 217 216 213 212 212 211 211 211 211 211 210 211 212 213 214 214 214 214 214 215 215 216 218
1314 221 221 221 220 219 219 219 218 216 214 213 213 212 212 213 214 217 219 220 220 220 220 223 226 227 225 222 221 221 221 220 220 219 217 217 218 221 223 222 221 222 222 222 222 222 222 223 224 224 222 221 220 220 219 220 219 219 221 222 223
1315 224 223 220 218 218 220 222 222 223 224 226 227 228 229 230 231 234 235 233 230 229 230 230 230 229 229 229 229 228 228 227 227 227 229 229 229 229 229 229 229 228 230 231 231 230 231 232 232 229 226 224 226 228 230 231 232 231 231 230 231
1316 231 232 233 233 232 232 232 233 233 233 233 234 232 231 232 232 233 231 229 230 231 232 233 233 235 236 236 236 235 234 232 232 231 233 232 231 232 232 233 233 234 234 236 238 239 240 239 237 236 235 235 235 236 237 236 235 235 234 234 234
1317 233 233 232 232 232 233 233 233 233 233 233 233 231 231 231 232 233 233 234 235 237 237 237 237 237 238 237 237 236 236 237 236 235 236 237 237 235 233 231 231 230 230 229 229 228 228 228 228 228 229 230 230 230 231 231 231 231 231 231 231
1318 230 230 229 229 229 229 229 228 227 226 226 225 224 223 223 222 222 221 221 220 219 218 218 217 217 216 216 216 215 215 215 215 215 215 215 216 216 216 216 216 216 216 216 216 216 216 215 215 215 214 214 214 214 213 213 213 212 213 213 213
1319 213 212 212 212 211 211 211 211 211 211 211 211 211 211 211 211 210 210 210 209 209 209 209 208 208 208 207 207 207 207 207 207 207 206 206 206 206 206 206 206 205 205 205 205 205 205 205 205 204 204 204 204 203 203 203 203 202 202 202 202
1320 202 202 201 201 201 201 200 200 199 200 200 200 199 199 198 198 198 198 198 198 198 198 198 198 198 198 198 198 198 198 198 198 198 198 197 197 197 196 196 196 196 196 196 196 196 196 196 196 196 196 196 196 195 195 195 195 195 196 196 196
1321 196 196 196 196 195 195 195 195 195 195 196 196 196 196 195 195 195 195 194 145 194 194 194 194 194 194 194 194 194 194 194 194 194 194 194 194 194 193 193 193 193 193 193 193 193 193 193 193 193 193 193 193 192 192 192 192 192 192 192 193
1322 193 193 193 193 192 192 192 192 192 191 191 191 191 191 191 191 191 191 191 191 191 191 191 191 191 191 191 190 190 190 190 190 190 189 190 190 190 191 191 190 190 190 190 190 189 189 189 189 189 188 188 187 188 188 189 189 190 190 190 190
1323 190 190 190 190 191 191 191 191 191 191 191 191 191 191 191 190 190 190 189 189 188 188 188 188 188 188 188 189 188 189 189 189 189 189 188 188 188 188 188 188 188 188 188 188 188 188 188 187 187 186 186 185 185 184 183 183 183 182 182 181
1400 181 181 181 180 180 180 180 180 179 179 179 179 178 178 177 177 177 177 176 176 176 176 176 175 175 175 175 175 174 174 174 174 174 173 173 173 173 173 173 173 173 173 172 173 173 172 172 172 172 172 172 172 172 172 172 172 172 172 172 172
1401 172 172 171 171 172 172 172 172 172 172 172 172 172 172 172 172 172 172 172 172 172 172 171 171 171 171 171 171 171 171 171 171 171 170 159 170 170 170 170 170 170 170 170 170 170 170 169 169 169 169 169 169 169 169 169 169 169 169 169 169
1402 169 169 169 169 169 169 169 169 169 169 169 169 169 169 169 169 169 169 169 169 169 169 169 169 169 169 169 169 169 169 169 169 169 169 169 168 168 168 168 168 168 168 168 168 168 168 168 168 168 168 168 168 168 168 168 168 168 168 168 168
1403 168 168 168 168 168 168 168 168 168 168 168 168 168 168 168 168 168 168 168 168 168 168 168 168 168 168 168 168 168 167 168 168 168 168 168 168 168 168 168 168 168 167 167 168 168 168 168 168 167 167 167 167 167 167 167 167 167 167 167 167
1404 167 167 167 167 167 167 167 167 167 167 167 167 167 167 167 167 167 167 167 166 166 166 167 167 166 166 166 166 166 166 166 166 166 166 166 166 166 166 166 166 166 166 166 166 166 166 166 166 166 166 166 166 166 166 166 166 166 166 166 166
1405 166 166 166 166 166 166 166 166 166 166 166 166 166 166 166 166 166 166 166 166 166 166 166 165 165 165 166 165 165 165 165 165 165 166 165 165 165 165 165 165 165 165 165 165 165 165 165 165 165 148 165 165 165 165 165 165 165 166 166 166
1406 166 165 166 166 166 166 166 166 166 166 166 165 165 165 166 166 166 166 166 166 166 166 166 166 166 166 166 166 166 166 166 166 166 166 166 166 167 166 166 166 166 166 167 167 167 166 166 166 166 166 166 166 166 166 166 166 167 166 166 166
1407 166 166 166 166 166 166 166 166 166 166 166 166 166 166 166 166 166 166 166 166 166 166 167 167 167 167 167 167 167 167 167 167 167 167 167 167 167 167 167 167 167 167 167 167 167 167 166 167 166 166 166 166 166 166 166 166 166 166 166 166
1408 166 166 166 166 166 166 166 166 166 166 166 166 166 166 166 166 166 166 166 166 166 166 166 166 166 167 166 166 167 167 166 166 166 166 166 167 167 167 167 167 168 168 168 168 168 168 167 167 168 168 168 168 168 169 169 169 169 169 169 169
1409 169 169 169 169 170 170 170 170 170 171 171 172 172 172 172 173 173 173 173 173 173 173 174 174 174 174 174 174 174 174 174 174 174 175 175 175 175 175 175 175 175 175 175 176 175 176 176 176 176 175 176 176 176 177 177 177 177 177 177 177
1410 177 177 177 177 167 178 178 178 178 178 178 178 178 178 178 178 178 178 179 179 179 179 179 179 179 179 179 179 180 180 179 180 181 181 181 181 181 181 181 182 182 182 182 182 182 183 183 183 183 184 184 184 185 185 185 185 185 186 186 186
1411 186 186 186 186 187 187 187 187 188 188 189 191 190 190 189 189 189 189 190 191 192 192 191 190 190 191 191 191 190 190 190 190 190 191 192 192 192 192 192 192 192 192 192 192 191 192 191 191 191 190 190 190 190 190 190 191 192 192 192 193
1412 194 194 193 193 194 194 194 194 193 193 193 194 194 195 195 196 197 197 197 197 197 197 197 198 199 199 199 199 199 200 201 202 202 202 202 201 201 201 202 202 201 199 199 200 201 202 203 204 205 204 205 206 208 210 211 211 210 209 209 210
1413 211 212 212 212 212 212 213 212 211 211 211 211 209 208 207 208 210 211 211 211 209 207 207 208 210 212 212 212 213 213 213 214 215 216 220 222 223 223 222 222 222 221 221 222 221 221 218 219 219 222 224 225 223 221 219 220 221 223 224 227
1414 228 226 225 222 222 222 224 224 222 223 225 227 227 226 226 225 224 225 225 194 224 224 224 224 223 222 222 224 224 223 223 223 223 224 225 224 224 224 225 225 224 224 224 225 225 225 224 223 224 226 227 228 229 232 234 234 232 232 229 228
1415 228 227 226 226 226 227 226 225 223 222 221 220 220 220 221 221 221 221 222 222 222 222 222 222 221 220 220 219 220 219 219 218 218 218 218 219 219 219 219 218 218 218 218 219 219 219 218 218 217 217 217 217 217 217 217 217 218 218 219 219
1416 220 220 219 218 216 217 217 218 219 221 222 223 224 224 223 221 218 217 216 215 215 214 215 215 215 216 216 216 216 216 215 215 214 213 213 214 214 214 214 214 214 214 214 214 214 213 213 212 212 211 211 211 211 211 211 211 211 211 211 211
1417 211 211 211 211 210 210 210 210 210 209 209 209 209 209 209 209 209 209 209 209 209 209 208 208 208 208 208 208 208 208 208 208 208 208 208 208 208 208 208 208 208 207 207 207 207 207 207 207 207 207 207 207 207 207 207 207 207 207 207 207
1418 207 207 207 206 206 206 206 206 206 206 205 205 204 204 203 203 202 202 202 202 202 202 202 202 202 202 202 201 201 201 201 201 200 200 200 200 200 200 200 200 199 199 199 199 199 199 199 199 199 199 199 199 198 198 198 198 198 198 198 198
1419 198 198 198 198 197 197 197 197 197 197 197 197 197 197 197 197 196 196 196 196 196 196 196 196 196 196 196 196 196 196 196 195 196 195 195 195 195 195 195 195 195 195 195 195 195 195 196 196 196 196 196 196 195 195 195 195 195 195 195 195
1420 195 195 195 195 195 195 195 195 195 195 195 195 195 195 195 195 195 195 195 195 195 195 195 195 195 195 194 194 194 194 194 193 193 193 193 192 192 192 192 191 191 191 191 190 190 190 190 190 190 190 190 190 190 190 190 189 189 190 189 189
1421 189 189 189 189 189 189 189 189 189 188 188 188 188 188 188 188 188 188 188 188 187 187 187 187 187 187 186 186 186 186 186 185 185 185 185 185 185 185 185 185 185 185 185 184 184 184 184 184 184 184 184 184 184 184 184 184 184 184 183 183
1422 183 183 183 183 183 182 182 182 181 181 181 180 180 180 179 179 179 179 178 178 178 178 177 177 177 177 177 176 176 176 176 176 176 176 176 175 175 175 175 175 175 175 175 175 175 175 175 174 174 174 174 174 174 174 174 174 174 174 174 174
1423 174 174 174 174 174 174 174 174 174 173 174 174 174 174 174 174 174 174 174 174 174 174 174 174 174 174 174 174 174 174 174 174 174 174 174 174 174 174 174 174 174 174 174 174 174 174 174 174 174 174 174 174 174 174 174 174 174 174 174 174
1500 174 173 173 173 173 173 173 173 173 173 173 173 173 172 172 172 172 172 172 172 172 172 172 172 171 171 171 171 171 171 171 171 171 171 171 171 171 171 171 171 171 171 171 171 171 171 170 170 170 170 170 170 170 170 170 170 170 170 170 170
1501 170 170 170 170 170 170 170 170 170 170 170 170 170 170 170 170 170 170 170 170 170 170 170 170 170 170 170 170 170 170 169 169 169 169 169 169 169 169 169 169 169 169 169 169 169 169 168 168 168 168 168 168 168 168 168 168 168 168 168 168
1502 168 168 168 168 168 168 168 168 168 168 168 168 168 168 168 168 168 168 168 168 168 168 168 168 167 167 167 167 167 167 167 167 167 167 167 167 166 167 167 166 166 166 166 166 166 166 166 166 166 166 166 166 166 166 166 166 166 166 166 166
1503 166 166 166 166 166 167 166 166 166 166 166 166 166 167 167 167 167 167 167 167 166 166 167 166 167 166 166 166 166 167 166 167 167 166 166 166 167 167 167 166 166 166 166 167 167 166 166 166 166 166 166 166 166 166 166 167 167 166 167 167
1504 167 166 166 167 167 167 167 167 167 167 167 167 167 167 167 167 167 167 167 167 167 167 167 167 167 167 167 167 167 167 167 167 167 167 167 167 167 167 167 167 167 167 167 167 167 166 166 167 166 166 166 167 166 166 166 166 166 166 166 166
1505 166 166 166 166 166 166 166 166 166 166 166 166 166 166 166 166 166 166 166 166 166 166 166 165 166 165 166 166 166 166 166 165 166 166 165 165 166 166 165 165 165 166 165 165 165 166 166 166 166 166 166 166 166 166 166 166 166 166 166 166
1506 166 166 166 166 166 166 166 166 166 166 166 166 166 166 166 166 166 166 166 166 166 166 166 166 166 166 166 166 166 166 166 166 166 166 166 166 166 166 166 166 166 166 166 166 166 166 166 166 166 166 166 166 166 166 166 166 166 166 166 166
1507 166 166 166 166 166 166 166 166 166 166 166 166 166 166 166 166 166 166 166 166 166 166 166 166 166 166 166 166 166 166 166 166 166 166 166 166 166 166 166 166 166 166 166 166 166 166 166 166 166 166 166 166 166 166 166 166 166 166 166 166
1508 166 166 166 166 166 166 166 166 166 166 166 166 166 166 166 166 166 166 166 167 167 166 167 166 166 167 167 167 167 166 167 167 167 167 167 167 167 167 167 167 167 167 167 167 167 167 167 167 168 168 168 168 168 168 168 168 168 168 168 168
1509 168 168 168 168 168 168 168 168 168 168 168 168 169 169 169 169 169 169 169 169 169 169 169 169 169 169 170 170 170 170 170 170 170 171 171 171 171 171 171 172 172 172 173 172 172 172 172 173 173 173 173 173 174 174 174 174 174 174 174 174
1510 174 174 174 174 175 175 176 176 176 176 176 176 176 176 176 177 177 177 178 177 177 178 178 179 179 179 179 179 179 180 179 179 179 179 179 179 179 180 179 180 180 180 180 181 181 181 182 182 183 183 184 184 184 184 185 186 186 186 186 186
1511 185 185 185 186 186 187 187 188 188 188 187 187 187 187 188 187 187 188 189 190 189 188 188 187 186 186 187 188 188 188 188 189 188 189 189 189 189 189 190 191 191 192 193 192 192 192 191 192 191 190 190 189 189 189 189 189 189 189 190 190
1512 192 192 193 193 193 193 194 195 195 195 195 194 195 195 195 195 194 194 193 193 194 195 195 196 196 196 196 196 197 198 199 199 200 202 202 200 199 199 199 199 199 198 197 197 197 198 198 198 198 197 197 198 197 197 196 196 197 197 198 198
1513 198 198 198 199 199 199 200 200 201 202 203 203 203 203 202 201 200 201 201 200 200 200 200 200 200 200 200 200 200 200 200 200 201 201 201 200 200 200 200 200 200 200 199 199 199 199 199 200 200 199 199 200 200 201 202 203 203 203 203 204
1514 204 204 203 203 204 204 203 203 203 203 203 203 203 203 203 203 203 202 202 203 203 204 204 204 204 204 205 204 204 204 204 204 205 206 206 205 205 205 205 205 204 204 203 202 202 202 203 205 205 205 206 206 207 206 206 206 206 206 205 205
1515 204 205 205 206 206 207 207 206 206 206 206 206 207 207 208 208 208 208 208 207 207 206 205 205 205 204 204 204 205 205 204 205 205 204 204 203 203 203 203 202 202 202 203 203 203 203 203 203 203 204 204 204 205 205 205 205 205 205 204 204
1516 203 203 203 203 203 204 204 204 204 204 204 204 205 206 206 205 205 205 204 204 204 204 204 204 204 204 204 204 204 204 203 203 203 203 203 203 203 203 203 203 202 203 203 202 203 203 203 203 202 202 202 201 201 201 200 200 200 200 201 201
1517 201 201 201 201 201 201 201 201 201 201 200 200 201 201 201 200 200 200 201 201 201 200 200 200 200 200 200 200 200 200 200 200 201 201 200 200 200 201 201 200 200 200 200 200 199 199 199 199 199 199 199 199 199 199 199 199 199 199 199 199
1518 199 199 199 199 199 199 199 199 199 199 199 199 198 198 198 198 198 198 198 198 198 198 198 198 198 198 198 198 198 197 197 197 197 197 197 197 197 197 197 197 197 196 196 196 196 196 196 196 196 196 195 195 195 195 195 195 195 195 195 195
1519 194 195 194 194 194 194 194 194 195 194 195 195 195 195 194 194 194 194 194 194 194 194 194 194 194 194 194 194 194 194 194 194 194 194 194 194 194 194 194 194 194 194 194 194 194 194 193 193 193 193 193 193 193 193 193 193 193 193 192 192
1520 192 192 192 192 192 192 192 192 192 192 192 192 192 192 192 192 192 192 192 192 192 192 192 192 192 192 192 192 191 191 191 192 191 192 191 191 191 191 192 192 191 192 191 191 191 191 192 192 192 192 192 192 192 192 192 192 192 192 192 192
1521 193 193 193 193 192 192 192 192 192 192 192 193 192 192 192 192 191 192 192 192 193 193 193 193 193 193 193 193 193 193 193 193 193 192 192 192 192 192 192 192 192 192 192 192 192 192 192 192 192 192 192 192 192 192 192 192 192 192 192 192
1522 192 192 192 192 192 191 191 192 192 192 192 192 192 192 192 192 192 192 192 192 191 191 192 192 192 191 191 191 191 191 191 191 191 191 191 191 192 192 191 191 191 191 192 192 191 191 191 191 191 191 191 191 191 190 190 190 190 190 190 190
1523 191 190 191 190 190 190 190 190 190 190 190 190 190 190 190 190 190 190 190 190 189 189 189 189 188 188 187 187 186 186 185 185 184 184 183 183 182 182 182 182 182 181 181 181 181 181 180 180 180 180 180 181 181 181 181 181 181 181 181 181
1600 181 181 181 181 181 181 181 181 181 181 181 181 181 180 180 180 180 180 180 180 180 180 180 180 180 180 181 181 181 181 181 181 181 181 181 181 181 181 181 180 180 180 180 180 180 181 180 180 180 180 180 180 180 180 180 180 180 180 181 181
1601 181 181 181 181 181 181 181 180 181 180 180 180 180 180 181 181 181 180 180 180 180 181 181 181 181 181 181 180 180 180 180 180 180 180 180 180 180 180 180 180 180 180 180 180 180 180 180 179 180 180 180 179 179 179 179 180 180 180 180 180
1602 180 180 180 180 180 180 180 180 180 180 180 180 180 180 180 180 180 179 180 180 180 180 180 180 180 180 180 180 179 179 179 180 180 180 179 179 179 180 180 180 180 180 180 180 181 181 181 181 181 181 181 181 182 182 182 182 182 182 181 181
1603 181 181 181 181 180 180 180 180 180 179 179 179 179 179 178 178 178 178 178 178 178 178 178 177 177 177 177 177 177 177 177 177 177 177 177 177 158 177 177 177 177 177 177 177 177 177 177 177 177 177 177 177 177 177 177 177 177 177 177 177
1604 177 177 177 177 177 177 177 177 177 177 177 176 176 176 176 176 176 176 176 175 176 176 176 175 175 175 175 175 175 175 175 175 175 175 175 175 175 175 175 175 175 175 175 174 174 174 174 174 174 174 174 174 174 174 174 174 174 174 174 174
1605 174 174 174 174 174 174 174 174 174 174 174 174 174 174 174 174 174 174 174 174 174 174 174 174 174 174 174 174 174 174 173 173 173 173 173 173 173 173 173 173 173 173 173 173 173 173 173 173 173 173 173 173 173 173 173 173 173 173 173 173
1606 173 173 173 173 173 173 173 173 173 173 173 173 173 173 173 173 173 173 173 173 173 173 173 173 173 173 173 173 173 173 173 173 173 173 173 173 173 173 173 172 172 172 173 172 172 172 172 172 172 172 172 172 172 172 172 171 171 171 171 171
1607 171 171 171 171 171 171 171 171 171 171 170 170 170 170 170 170 170 170 170 170 170 170 170 170 171 171 171 171 171 171 171 171 171 171 171 171 171 170 170 170 170 170 170 170 170 170 170 170 170 170 169 139 169 169 169 169 169 169 168 169
1608 169 168 168 168 168 168 168 168 168 169 169 169 169 169 169 169 169 169 169 169 169 169 169 170 170 170 170 170 170 170 170 170 170 170 170 170 170 170 170 170 170 170 170 171 171 171 171 171 171 171 171 170 171 171 171 171 171 171 171 171
1609 172 172 172 172 172 172 172 172 172 173 173 173 173 173 173 173 173 173 173 172 172 172 172 172 173 172 173 173 173 173 173 173 173 173 173 174 174 174 174 174 174 174 174 174 174 174 174 174 174 174 174 175 175 175 175 175 175 175 176 176
1610 176 176 177 177 178 178 177 177 178 178 177 177 177 177 177 177 178 178 179 179 179 179 179 179 179 179 179 180 180 181 180 181 181 181 181 181 181 181 181 182 182 183 183 182 182 182 183 183 184 184 184 184 184 184 184 184 184 185 185 185
1611 185 186 186 186 187 187 187 187 188 188 188 188 188 188 188 188 188 188 188 188 188 188 188 188 188 189 189 190 190 191 192 192 192 193 193 193 193 193 194 194 195 195 195 195 195 196 196 196 195 195 196 196 196 196 196 196 197 197 197 198
1612 198 198 199 199 199 198 213 199 200 200 199 199 199 198 198 198 198 200 201 201 201 202 203 204 204 204 204 204 203 204 204 204 204 203 203 202 202 202 202 202 202 202 202 202 202 202 203 203 204 204 204 205 205 205 206 206 206 206 205 205
1613 205 205 206 206 207 208 209 209 209 209 208 208 209 211 213 214 214 214 214 213 214 215 216 216 217 218 219 218 216 216 215 215 215 215 215 215 215 215 215 216 218 217 217 216 215 213 212 212 212 212 212 211 211 211 211 211 211 211 211 212
1614 213 214 214 215 215 214 215 217 216 215 215 215 215 216 217 216 216 216 217 216 216 216 215 216 217 218 217 216 216 216 216 216 216 216 216 216 215 216 217 218 217 216 216 215 215 217 217 216 216 217 217 217 216 215 215 215 215 215 214 214
1615 215 216 217 218 219 220 221 221 221 221 221 222 222 223 222 220 220 222 223 224 223 223 225 225 225 225 224 224 225 226 225 222 222 223 223 223 222 221 220 220 220 221 220 220 220 220 221 221 219 218 217 218 218 218 218 219 218 218 218 217
1616 217 217 217 218 218 218 218 218 218 219 220 219 220 220 221 221 221 221 220 219 219 246 218 219 220 219 219 218 218 218 219 219 219 219 219 219 220 220 220 219 219 219 219 219 218 218 219 219 218 218 218 218 218 218 218 217 217 217 217 217
1617 218 217 217 218 217 217 217 217 217 216 216 216 216 217 217 217 217 217 217 218 218 217 217 217 217 217 217 217 217 216 215 214 214 214 214 214 213 214 214 213 213 213 212 212 212 212 212 211 211 211 210 210 210 210 210 210 209 208 208 207
1618 206 206 207 206 206 206 205 205 205 205 205 206 206 206 206 205 205 205 204 204 204 203 203 203 204 204 204 203 202 201 201 201 201 201 201 201 202 202 203 204 204 204 205 205 205 205 206 205 204 204 204 204 203 203 203 203 203 203 202 202
1619 202 201 201 201 200 200 200 199 199 200 200 201 201 202 204 204 204 205 205 205 205 205 204 204 204 204 204 204 204 204 204 203 203 203 203 203 203 203 203 202 202 202 202 202 202 202 202 202 202 201 201 201 201 200 200 200 200 199 199 199
1620 198 198 198 198 198 198 198 198 197 197 196 196 196 196 196 196 195 195 195 195 195 195 194 194 194 194 194 194 194 194 194 194 194 194 194 194 194 194 194 193 194 193 193 193 193 193 193 193 193 193 193 193 193 193 192 192 191 191 191 191
1621 191 191 191 191 192 192 192 192 192 193 192 193 193 192 193 193 192 192 192 193 192 192 192 192 192 191 191 191 191 191 191 191 191 190 190 189 189 189 188 188 187 186 186 186 186 185 185 185 185 185 185 185 185 185 185 185 184 184 184 184
1622 184 185 185 185 185 185 185 184 184 184 184 184 184 184 184 185 185 185 185 185 184 184 183 183 183 182 181 180 180 179 179 179 179 179 179 178 178 177 177 176 176 176 175 175 175 175 175 175 175 175 175 175 175 175 176 176 176 175 175 175
1623 175 175 175 175 175 174 174 174 173 173 173 173 173 173 173 173 172 172 172 172 172 171 171 171 170 170 170 170 169 169 169 169 168 168 168 168 168 168 168 168 169 169 169 169 170 170 169 170 169 170 170 170 170 170 170 170 170 169 169 169
1700 169 168 168 168 168 167 167 167 167 167 167 167 167 168 168 169 169 169 169 168 168 168 168 167 167 167 166 166 166 166 166 165 165 165 165 166 166 166 166 166 167 167 167 167 167 166 166 165 164 164 164 164 164 165 165 165 164 164 164 164
1701 164 164 164 164 164 164 164 164 164 165 164 164 164 164 164 164 164 163 164 165 165 166 166 166 166 167 167 167 167 167 168 168 168 168 169 169 168 168 167 167 167 167 166 166 166 166 166 166 166 166 166 166 166 166 166 165 165 165 165 164
1702 164 164 164 164 164 164 163 163 163 163 163 163 163 163 163 163 163 163 163 163 162 162 162 162 162 162 162 162 162 162 162 161 161 161 161 161 161 161 160 160 160 160 160 159 159 159 159 159 159 159 159 159 160 160 160 160 160 160 160 160
1703 160 160 160 159 159 159 159 159 159 159 159 159 159 159 159 159 159 159 160 160 160 160 160 160 160 160 160 160 160 160 160 160 160 160 160 160 160 160 160 160 160 160 160 160 160 161 161 161 160 160 160 161 161 161 161 162 162 163 163 163
1704 163 164 164 164 164 164 164 164 164 164 165 165 165 164 164 163 163 163 162 162 162 162 161 161 161 161 161 161 161 161 161 161 161 161 161 160 160 160 160 160 160 162 162 164 165 166 166 167 167 168 168 168 168 168 168 168 168 167 167 167
1705 167 167 166 166 166 166 166 166 166 166 166 166 166 166 166 166 166 166 166 166 165 165 165 165 165 165 165 165 165 165 164 164 164 163 163 163 163 163 162 162 162 162 162 162 162 162 162 163 163 163 163 163 163 163 163 163 163 163 162 162
1706 163 163 163 163 162 162 162 162 162 162 163 163 163 163 163 162 162 162 162 162 162 161 161 161 160 160 160 160 160 160 160 160 160 160 160 160 160 160 160 160 159 159 159 159 159 159 159 159 159 159 159 160 160 160 160 160 160 160 159 159
1707 159 160 159 159 159 159 160 160 160 159 159 159 159 158 158 158 158 157 157 157 157 156 156 156 156 156 155 155 155 155 155 155 155 155 155 155 155 155 155 156 156 157 157 157 157 157 157 157 156 156 156 156 156 156 156 155 155 156 156 156
1708 156 157 157 157 157 157 157 157 156 156 156 156 156 155 155 155 155 155 154 154 154 154 154 154 154 154 154 154 154 154 154 154 154 154 154 154 154 155 155 155 155 155 156 156 156 156 157 157 157 157 157 157 157 158 158 158 158 158 159 159
1709 159 159 159 159 159 160 161 161 162 163 164 164 165 165 166 166 167 167 167 168 168 169 169 170 170 170 170 170 171 171 171 171 171 171 171 170 170 170 170 171 170 171 171 171 171 171 171 171 171 171 171 171 171 171 172 172 173 173 173 174
1710 174 174 174 174 174 174 174 174 174 174 175 175 176 176 177 177 177 178 178 178 178 178 179 179 179 179 179 180 179 180 180 179 179 179 179 180 180 181 181 182 182 183 183 183 183 184 184 184 184 184 184 184 184 184 184 184 183 183 183 182
1711 182 182 182 182 182 181 181 181 181 180 179 179 178 178 178 178 178 178 178 178 177 178 178 178 178 178 178 179 179 179 179 180 180 179 179 179 180 180 180 180 180 180 180 180 180 180 179 179 179 179 179 179 179 179 179 179 179 179 179 179
1712 179 179 179 179 179 180 179 179 180 179 180 179 180 180 180 181 181 181 181 181 181 181 181 181 182 182 182 182 182 183 183 183 183 183 184 184 183 183 182 181 182 181 182 182 182 182 182 183 182 182 183 184 184 185 185 185 185 184 185 185
1713 185 185 185 185 186 186 186 186 186 186 185 184 184 185 185 186 185 185 185 186 185 186 186 186 186 186 186 186 186 186 186 186 187 187 187 187 187 188 188 187 187 188 188 189 189 190 191 191 191 189 189 189 189 189 189 190 191 192 192 191
1714 192 191 192 192 191 192 191 191 191 191 192 192 191 191 190 190 190 189 189 190 191 191 190 190 190 190 191 191 190 191 191 190 190 190 190 190 189 189 188 188 188 189 189 189 190 190 191 191 191 191 191 192 191 191 191 191 191 191 191 191
1715 191 191 190 190 190 190 190 190 190 189 189 188 189 189 190 191 191 192 192 191 192 192 192 192 192 193 192 193 193 193 193 193 192 192 191 191 191 190 190 190 190 190 190 190 189 189 189 189 190 190 191 191 191 191 190 189 189 189 189 189
1716 189 189 189 189 189 189 189 189 189 189 189 189 189 189 188 188 188 188 188 187 187 187 187 187 187 187 187 187 187 187 187 187 187 187 186 186 186 186 186 186 186 186 186 187 187 187 187 187 187 187 187 187 187 187 187 187 187 187 187 187
1717 187 187 187 187 187 187 187 187 186 186 186 186 186 186 186 186 186 186 186 186 186 186 185 185 185 185 185 185 185 185 185 185 185 185 185 184 184 185 185 185 185 184 184 184 184 184 183 183 183 184 184 184 184 184 184 184 184 184 184 184
1718 184 184 184 184 184 184 183 183 183 183 183 183 183 183 183 182 182 182 182 182 182 182 182 182 182 182 182 182 182 182 182 182 182 181 181 180 180 180 179 178 178 177 177 177 177 177 176 176 176 176 176 176 176 176 175 175 175 176 175 175
1719 176 175 175 175 175 174 174 174 174 174 173 174 174 174 174 174 174 174 174 174 174 174 173 173 173 173 173 173 172 172 172 172 172 172 172 172 172 172 172 172 171 172 171 171 171 171 171 171 172 172 172 172 172 172 172 172 172 172 172 172
1720 171 171 171 171 171 171 171 171 171 171 171 171 171 171 171 171 171 171 171 171 171 170 170 170 170 170 170 170 170 170 170 170 170 170 170 170 170 170 170 170 170 170 170 170 170 170 170 170 170 170 170 170 170 170 169 169 169 169 169 169
1721 169 170 170 169 169 169 170 169 169 169 169 169 169 169 169 169 169 169 169 169 168 168 168 168 168 168 169 168 169 169 169 169 168 168 168 168 168 168 168 168 168 168 169 168 168 169 170 171 172 172 171 171 171 172 172 171 171 171 171 171
1722 171 171 171 171 172 172 172 172 173 173 173 173 173 173 173 173 172 172 172 171 170 170 169 169 168 168 168 168 168 168 168 168 167 167 167 167 167 167 167 167 167 167 167 167 167 167 167 167 167 168 168 168 167 167 167 167 167 166 166 165
1723 165 165 165 165 165 165 165 165 165 165 166 165 165 165 165 165 166 166 165 165 165 165 165 165 165 165 166 165 165 165 165 165 165 164 164 164 164 164 164 164 164 164 164 165 165 165 165 165 165 165 165 165 165 165 165 165 166 166 165 165
1800 165 165 165 164 164 163 163 163 163 163 163 163 164 164 164 164 164 164 164 164 164 164 164 164 164 164 164 164 164 164 165 165 165 164 164 164 165 165 165 165 165 164 164 164 164 164 164 164 164 165 165 165 165 165 165 165 165 165 164 164
1801 164 164 164 164 164 164 164 164 164 164 164 164 164 164 164 164 165 164 164 164 164 165 165 165 165 165 165 164 164 164 164 164 164 164 164 164 164 164 165 165 165 164 164 164 165 165 165 165 165 165 164 165 164 164 165 165 165 165 165 165
1802 165 165 165 165 165 165 165 164 164 164 164 164 163 163 163 163 164 164 164 164 164 164 164 165 165 165 165 165 165 164 164 164 164 164 164 164 164 165 165 165 165 165 166 166 166 166 166 166 166 166 167 167 167 167 167 167 166 166 166 166
1803 166 166 165 165 164 164 164 163 163 163 163 163 162 162 161 161 161 161 161 161 161 161 161 162 162 162 162 161 161 161 161 161 161 161 160 160 161 161 161 161 161 161 161 161 160 161 161 162 161 160 160 160 160 159 159 160 160 161 161 161
1804 160 160 160 160 160 160 160 160 160 160 159 159 158 158 158 158 159 159 159 159 159 158 159 160 160 160 160 160 161 161 161 160 160 160 160 160 159 159 159 159 159 159 159 159 159 158 158 159 159 159 159 159 159 160 160 161 161 162 162 162
1805 163 162 162 164 166 167 167 167 167 168 168 168 168 168 167 167 166 166 166 166 166 166 166 167 167 167 167 167 168 168 168 168 167 167 167 168 167 166 165 165 165 164 163 163 162 162 162 161 160 160 160 160 160 160 160 160 159 159 159 159
1806 159 159 159 159 160 160 160 160 160 160 160 159 159 159 159 158 158 158 159 159 159 159 159 159 159 159 159 159 159 159 158 159 159 159 159 160 160 160 159 160 159 159 159 159 159 159 159 159 159 160 160 159 159 159 159 159 159 160 160 160
1807 160 160 160 160 159 159 160 160 159 159 160 160 160 160 160 160 160 160 160 161 161 161 161 161 161 161 161 161 161 160 160 160 160 160 161 161 161 161 161 161 161 161 160 161 161 161 161 161 161 161 161 161 161 161 161 161 161 161 161 161
1808 161 161 161 162 162 162 162 162 162 163 163 163 162 162 162 161 161 160 160 160 159 159 159 159 158 158 158 158 158 158 158 158 158 158 158 158 158 159 159 159 158 158 158 159 159 159 160 160 161 162 162 163 163 163 164 164 164 164 164 164
1809 164 165 165 165 165 165 165 166 166 166 166 166 166 166 166 166 165 166 165 166 166 166 166 166 166 165 165 166 166 166 166 166 166 166 166 166 166 166 166 166 167 167 167 167 167 167 168 167 168 168 168 168 169 197 169 169 169 169 169 170
1810 170 170 170 170 170 171 171 171 172 173 172 172 172 173 173 173 173 174 174 174 175 175 175 175 176 176 176 176 176 176 177 177 178 178 179 179 179 179 179 180 180 181 182 184 184 185 186 186 184 184 184 184 185 185 184 184 184 184 184 184
1811 185 185 185 185 186 188 189 190 190 189 189 190 190 190 191 191 190 190 191 191 192 193 194 194 194 194 195 196 194 192 192 192 191 191 192 192 192 191 191 192 193 193 193 193 193 194 194 194 195 196 196 194 192 192 193 194 195 196 196 196
1812 195 195 196 196 196 196 196 196 196 194 194 194 195 195 195 196 197 197 197 196 195 194 195 195 195 195 194 194 195 194 195 196 196 197 196 197 197 197 197 198 200 200 199 199 198 198 197 197 197 198 199 200 201 202 202 201 199 199 199 199
1813 199 199 199 198 198 197 197 197 197 196 195 196 196 197 197 196 196 196 194 194 194 194 194 195 195 196 195 195 195 194 194 194 193 194 195 196 197 198 197 196 196 196 196 197 197 197 197 198 200 199 198 197 196 196 196 197 197 197 199 199
1814 197 196 197 199 199 199 197 197 249 199 200 199 199 200 201 201 200 197 197 197 197 197 198 199 199 198 198 198 199 200 199 199 199 198 198 198 198 197 197 197 197 198 197 196 195 196 196 195 195 194 194 195 195 196 197 198 198 197 198 199
1815 199 199 198 198 199 200 200 201 201 201 203 203 202 203 202 201 201 202 203 204 203 203 204 205 207 208 207 206 207 208 207 204 204 204 204 206 206 206 205 205 205 207 207 207 208 209 209 208 206 204 205 207 207 207 207 208 208 208 207 206
1816 207 208 209 210 210 209 209 208 207 206 204 204 202 201 202 203 204 204 204 203 203 203 203 202 202 203 203 201 200 200 200 200 200 201 201 201 201 201 202 201 201 200 199 199 198 197 197 197 197 198 198 197 197 197 197 197 196 196 196 196
1817 196 196 196 196 197 197 197 197 197 197 197 195 195 195 195 195 195 195 195 195 195 194 194 194 194 194 194 194 195 194 194 195 195 194 195 194 194 194 194 194 194 194 194 194 194 195 195 195 195 195 195 195 195 194 194 194 193 193 193 193
1818 193 193 193 193 193 193 192 192 192 192 192 192 192 192 191 191 191 191 191 191 191 191 191 232 191 191 190 190 190 190 190 190 190 190 190 190 190 189 189 189 189 189 189 188 188 188 188 188 188 188 188 188 188 188 188 188 187 187 187 187
1819 187 187 187 187 187 187 187 187 186 187 187 186 186 186 186 186 186 186 186 186 185 185 185 185 185 185 185 185 185 185 185 185 184 184 184 184 184 184 184 184 184 184 184 184 184 184 184 183 183 183 183 182 182 182 182 182 182 182 182 182
1820 182 182 182 182 182 182 182 182 182 182 182 181 181 181 181 181 181 181 181 180 180 180 180 180 180 180 180 179 179 179 178 178 178 178 178 178 178 178 178 178 178 178 178 178 178 178 178 178 178 178 178 178 178 178 178 178 178 178 178 178
1821 178 178 178 178 178 178 178 178 178 178 178 178 178 178 178 178 178 178 178 178 178 178 178 178 178 178 178 178 178 178 178 178 178 178 178 178 178 178 178 178 178 179 179 179 179 179 179 179 179 179 179 179 179 179 180 179 180 179 180 180
1822 180 180 180 180 180 180 180 180 180 180 180 180 180 180 180 180 180 180 180 181 181 180 180 180 180 180 180 180 181 181 181 180 181 181 181 181 181 180 191 181 181 180 181 181 181 180 181 181 181 181 180 180 181 181 180 180 180 180 180 180
1823 180 180 180 180 180 180 180 180 180 180 180 180 180 180 180 180 180 180 180 180 180 180 180 180 180 180 180 180 180 180 180 180 180 180 180 180 180 180 180 180 180 180 180 179 179 179 179 178 178 178 179 179 179 179 179 179 179 179 180 179
1900 180 179 179 180 180 180 180 179 180 179 179 179 179 179 179 179 179 179 179 179 178 178 178 178 179 178 178 178 179 179 179 179 178 178 178 178 177 177 177 176 176 177 176 176 176 176 176 176 176 175 175 175 175 175 175 175 175 175 174 174
1901 174 174 175 175 175 174 174 174 175 175 175 174 174 174 174 174 174 175 174 174 174 175 174 174 174 174 174 174 174 174 174 174 173 173 173 173 173 172 172 172 172 172 172 172 172 172 172 172 172 172 172 172 172 172 172 172 171 171 171 171
1902 172 171 171 171 171 171 171 171 170 170 170 170 170 170 170 170 170 170 170 170 170 170 170 170 171 171 170 170 170 171 170 170 170 170 170 170 170 170 170 170 170 170 170 170 170 170 170 170 170 170 170 170 170 170 170 170 170 170 170 170
1903 170 170 170 170 170 170 170 170 170 170 170 170 170 170 170 170 170 170 169 169 169 169 169 169 169 169 169 169 169 169 168 168 168 168 168 168 167 167 167 166 166 166 166 166 167 166 166 166 166 166 166 166 167 166 166 166 166 166 166 166
1904 166 166 166 166 166 166 166 166 166 166 166 166 166 166 166 166 166 166 166 166 165 165 165 165 165 166 166 166 166 166 166 165 165 165 165 165 165 165 165 165 165 165 165 165 165 165 165 165 165 165 165 165 164 164 164 164 164 164 163 163
1905 163 164 164 164 164 164 164 164 164 165 165 165 165 164 164 164 164 164 164 164 164 164 164 164 164 164 164 164 164 164 165 165 165 164 164 165 165 164 164 164 164 164 165 164 165 165 165 165 165 166 165 166 166 166 166 166 165 165 166 165
1906 165 165 165 165 165 166 165 165 166 166 166 165 165 165 165 165 165 165 165 165 165 165 165 165 165 165 166 165 165 165 166 166 166 166 166 166 166 166 166 166 166 166 166 166 166 166 167 167 167 168 168 168 168 168 167 167 167 167 167 167
1907 167 167 166 167 167 167 167 168 168 168 168 168 168 169 168 168 168 168 168 167 167 166 166 166 166 166 166 166 166 167 167 167 167 167 167 167 167 167 167 167 167 167 167 167 167 167 168 168 168 168 168 168 167 167 167 167 167 166 166 166
1908 166 166 166 165 165 165 164 164 164 164 164 164 164 163 163 163 163 163 162 162 163 162 162 161 161 161 161 161 162 162 163 163 163 163 163 163 163 163 162 162 163 163 163 162 162 162 162 162 162 163 162 162 162 162 162 163 163 163 163 164
1909 164 164 164 164 164 165 166 167 168 169 170 171 171 171 172 172 172 173 172 173 173 173 173 173 173 173 173 173 173 173 173 173 173 172 172 172 172 172 171 171 171 171 171 171 171 171 171 170 170 170 170 170 170 170 170 170 170 170 170 170
1910 170 170 170 170 171 171 171 171 171 171 171 172 172 172 172 173 173 173 173 174 174 174 174 174 174 175 175 175 175 175 175 175 175 175 175 175 175 175 176 176 176 176 176 177 176 176 177 177 177 177 177 177 177 177 178 178 178 178 178 178
1911 179 179 179 179 179 179 180 180 180 180 180 181 182 182 182 182 182 182 182 182 183 184 183 184 184 184 184 184 184 185 184 184 184 185 184 184 184 185 185 186 186 186 186 187 187 187 187 187 187 187 186 186 186 187 187 187 187 188 188 188
1912 188 188 188 189 189 190 190 189 190 191 192 194 194 195 195 195 194 194 194 194 194 194 193 193 194 195 195 195 194 195 195 196 196 196 197 198 199 198 198 199 199 200 199 198 198 198 198 198 200 201 202 203 203 203 204 204 206 206 206 207
1913 208 209 210 210 211 211 212 211 209 209 209 211 213 214 214 215 217 219 219 218 216 217 216 216 219 219 214 212 212 212 211 212 213 212 212 213 212 211 212 214 214 214 216 217 220 223 224 223 225 224 221 219 218 219 219 217 217 218 218 219
1914 219 219 219 219 220 222 222 221 222 223 223 223 223 222 219 218 217 218 219 218 218 219 221 222 223 224 223 221 223 226 226 224 224 226 228 229 231 229 228 227 225 224 225 225 226 228 228 229 230 230 230 229 227 227 225 225 227 229 230 231
1915 229 229 229 228 228 228 229 228 228 228 229 229 231 230 231 233 235 235 235 236 233 232 232 234 234 232 232 232 231 231 229 229 230 231 231 232 233 234 232 231 231 234 236 237 237 237 237 237 238 236 233 231 230 230 231 232 232 231 232 232
1916 232 231 231 230 229 230 230 231 232 232 232 233 235 236 237 237 236 237 237 238 239 237 236 236 237 236 235 235 235 234 232 234 236 237 238 237 234 232 233 233 233 233 233 234 234 233 232 232 233 234 234 234 234 234 233 233 233 233 233 234
1917 234 235 236 237 237 238 237 236 236 236 235 235 235 234 234 233 233 233 233 234 234 233 234 234 235 236 235 235 237 239 240 238 237 236 236 236 237 238 237 237 236 235 234 234 235 237 238 238 237 235 235 234 234 234 234 234 234 234 234 234
1918 233 233 233 233 233 233 232 232 232 232 232 231 231 231 231 232 232 232 231 231 230 230 230 230 230 230 231 231 230 230 230 230 230 231 229 229 228 228 227 227 226 225 224 223 222 222 222 222 222 222 222 222 222 222 220 220 219 218 217 215
1919 214 214 214 213 212 212 211 210 210 210 210 210 211 211 211 211 212 212 213 213 213 212 212 212 212 213 213 212 212 212 211 210 209 208 207 208 208 209 209 209 209 210 210 210 210 209 208 208 207 206 206 206 205 205 205 205 205 205 204 204
1920 204 204 204 205 204 205 205 205 205 204 204 204 204 204 204 204 204 204 204 204 204 203 203 203 203 203 203 202 202 201 200 199 198 198 198 198 198 198 198 197 197 197 196 196 196 195 195 194 194 194 193 193 193 192 192 192 191 190 188 187
1921 186 185 184 183 182 182 180 179 178 179 178 178 177 177 176 175 174 174 173 173 172 172 172 172 171 171 170 170 169 169 169 168 168 168 168 167 167 167 167 168 168 168 168 168 168 168 168 168 168 168 168 168 169 169 169 169 169 169 169 169
1922 170 169 169 169 169 169 168 168 168 168 168 168 168 168 168 167 167 167 167 167 167 167 167 167 167 167 167 167 167 167 166 166 166 167 167 167 168 168 168 168 168 168 168 168 167 167 167 167 167 166 166 166 166 166 166 165 165 165 164 164
1923 164 164 164 164 164 163 163 163 163 162 162 162 162 162 163 162 162 163 163 163 163 163 163 163 163 163 162 162 162 162 162 162 162 162 162 162 162 162 162 162 162 163 163 163 163 163 163 163 163 163 163 163 163 163 163 162 162 162 162 162
2000 163 163 163 163 162 162 162 162 161 161 160 160 160 160 159 159 159 159 159 159 159 159 159 159 159 159 159 159 160 160 160 161 161 161 160 160 160 160 160 159 159 159 159 159 159 159 159 159 159 158 158 158 158 158 159 159 159 159 159 159
2001 158 158 158 158 158 158 157 157 157 157 156 156 156 155 155 155 155 155 155 155 155 156 156 156 155 155 155 155 155 155 155 155 155 155 155 156 156 155 155 155 155 155 155 155 154 154 154 154 154 154 154 154 154 153 154 154 154 154 155 155
2002 155 154 154 154 154 154 154 154 154 154 154 154 154 155 155 155 156 156 157 157 157 157 157 157 157 157 157 157 157 157 158 158 158 158 159 159 160 160 160 161 161 161 161 161 161 160 160 160 160 159 159 159 159 159 159 159 159 159 159 159
2003 159 159 159 159 159 159 159 159 158 158 158 158 158 158 158 158 159 159 158 158 158 158 158 158 158 157 157 157 157 156 156 156 155 155 155 155 155 156 156 156 156 156 156 156 156 156 156 156 156 156 156 156 156 156 156 156 156 156 156 156
2004 156 156 156 155 156 156 156 156 156 157 158 158 159 159 159 160 160 160 160 160 160 160 160 160 160 160 160 160 160 160 161 161 161 161 161 161 161 162 162 162 162 162 162 162 162 162 162 162 162 162 162 162 162 162 161 161 161 161 161 161
2005 161 162 162 162 163 163 162 162 162 162 161 161 161 160 160 160 160 160 160 159 160 160 160 160 159 159 158 158 157 156 156 156 156 156 155 155 154 154 154 154 153 153 153 153 153 153 153 153 152 152 152 151 151 151 151 151 151 150 150 150
2006 150 149 149 149 149 148 148 148 147 147 147 147 147 147 147 147 147 147 146 146 146 146 146 146 146 146 146 147 147 147 147 147 147 147 147 147 147 147 147 147 147 147 147 147 148 148 148 148 148 148 148 148 148 148 148 148 148 148 148 148
2007 148 149 149 149 149 149 149 149 149 149 150 150 150 150 150 150 150 150 150 150 151 151 151 151 151 152 152 152 152 152 152 153 153 153 153 153 153 154 154 154 154 154 154 154 155 155 155 155 155 155 155 155 155 155 156 156 156 156 156 156
2008 156 156 156 157 156 156 156 157 157 157 157 157 157 157 157 157 157 158 158 158 158 158 158 158 158 158 158 158 158 158 158 158 158 159 159 158 158 159 159 159 159 159 158 159 159 159 159 159 159 159 160 160 160 160 160 161 161 161 161 161
2009 161 161 161 162 162 162 162 163 163 163 164 164 164 164 164 164 164 165 165 165 165 165 165 166 166 166 167 167 167 167 167 167 167 167 168 168 168 169 169 169 169 170 171 171 171 171 170 170 171 171 172 173 174 174 175 175 175 175 175 175
2010 175 175 176 175 175 175 176 176 176 176 177 177 178 178 177 177 178 178 178 178 179 179 179 179 179 180 180 180 180 180 181 181 181 181 181 182 182 182 182 183 183 183 183 184 184 184 184 184 184 184 184 185 185 185 185 185 185 185 185 185
2011 185 186 186 186 186 185 185 185 186 186 186 186 186 187 187 187 186 186 186 186 186 186 187 187 188 189 189 190 191 191 191 191 191 191 191 191 191 191 191 191 191 190 191 192 192 193 194 194 193 194 194 195 195 195 195 181 195 194 194 195
2012 194 194 194 194 194 194 194 194 194 194 195 194 195 195 195 195 195 195 195 196 196 196 195 195 196 196 195 197 197 197 197 198 198 198 198 198 198 198 199 200 201 202 204 205 205 205 204 205 205 204 204 203 204 204 205 205 205 206 207 208
2013 209 209 209 210 211 211 212 211 211 210 211 212 214 213 214 214 214 214 214 215 213 211 211 211 210 210 211 212 214 215 215 215 215 216 217 217 215 215 215 215 215 215 214 215 215 215 215 215 215 216 216 217 219 219 219 221 221 220 220 219
2014 219 221 223 223 222 221 220 220 220 222 223 223 222 220 218 219 219 219 220 219 220 222 222 222 222 222 223 223 223 223 223 222 222 223 223 222 222 221 221 221 222 223 223 224 224 224 223 223 224 225 225 225 225 225 224 222 221 220 220 220
2015 219 219 219 220 220 220 220 220 221 221 220 220 220 221 221 221 220 219 219 219 219 219 219 218 218 218 218 219 219 220 220 222 223 223 224 225 226 226 225 224 224 224 224 223 222 221 220 220 220 221 221 221 221 221 221 221 222 221 221 222
2016 222 222 221 221 220 220 220 221 221 221 181 222 222 222 221 221 220 220 220 220 220 221 221 221 222 221 221 221 221 221 221 221 221 221 221 221 221 221 221 222 222 223 222 223 223 222 221 221 221 221 221 221 221 221 220 220 220 220 220 220
2017 219 219 219 219 218 219 219 219 218 218 217 217 217 217 217 217 218 219 218 217 216 216 216 216 216 216 215 215 215 215 215 215 214 214 214 213 213 213 212 212 212 212 212 212 212 212 212 212 212 211 211 211 211 211 211 210 210 210 210 210
2018 210 210 211 211 211 211 211 212 212 211 211 211 211 211 211 211 210 210 209 209 209 209 209 209 209 208 208 208 208 208 208 208 207 207 207 208 208 208 208 207 207 207 207 207 207 207 207 207 207 206 206 206 206 205 205 205 205 204 205 205
2019 205 205 205 205 205 204 203 203 203 203 203 204 205 206 206 206 207 207 207 207 207 207 207 207 207 207 207 207 207 207 207 206 206 206 206 206 205 206 206 206 205 205 205 205 205 205 205 205 205 205 205 205 205 205 205 205 205 205 205 205
2020 204 204 204 204 204 204 203 203 203 203 203 203 203 203 203 203 203 202 202 202 202 202 202 202 202 175 201 201 201 202 202 202 201 202 202 202 201 201 201 201 201 202 202 202 202 202 201 201 201 201 201 201 201 201 201 201 201 201 201 201
2021 201 201 202 202 202 201 201 202 202 201 201 201 201 201 201 201 201 201 201 201 201 201 200 200 200 200 200 199 199 198 198 197 197 197 196 196 195 195 195 194 194 194 194 194 194 194 194 194 194 194 193 193 194 194 194 195 195 195 195 196
2022 196 196 196 196 196 196 196 195 195 194 194 194 193 193 193 193 192 192 192 192 191 191 191 191 191 191 191 191 191 191 190 190 190 190 189 189 189 189 189 189 189 189 189 189 189 189 189 189 189 189 189 188 188 188 188 188 188 188 188 188
2023 188 188 188 188 188 188 188 187 187 187 188 187 188 187 187 187 187 187 187 187 187 187 186 186 186 186 186 186 186 186 186 186 186 186 186 186 186 186 186 185 186 186 186 186 186 186 186 186 186 186 186 186 186 186 186 186 186 186 185 185
2100 185 185 185 185 185 185 185 185 185 185 184 184 184 184 184 184 184 184 184 184 184 184 184 185 185 185 184 184 184 184 184 184 184 184 184 184 184 184 184 185 170 185 185 185 186 186 186 186 186 186 186 186 185 186 186 186 186 186 186 186
2101 186 186 186 186 186 186 186 186 185 185 185 185 185 185 185 185 185 185 185 185 185 185 186 185 185 185 185 184 184 184 184 184 184 184 184 184 183 183 183 183 183 182 182 182 182 182 182 182 182 182 182 182 182 181 182 182 182 182 182 183
2102 183 182 182 182 183 183 183 183 183 183 183 183 183 183 183 183 183 183 183 183 182 182 182 182 182 183 183 183 183 184 185 185 185 184 185 185 185 185 185 184 185 184 184 184 184 184 185 185 185 185 185 185 185 185 184 184 184 184 184 184
2103 184 184 184 183 183 182 182 182 181 182 182 181 181 181 181 180 180 180 179 179 179 179 179 179 179 179 179 179 179 178 178 178 178 178 178 177 177 177 178 178 178 178 178 178 178 179 178 178 178 178 177 177 177 177 177 177 177 177 177 177
2104 176 176 176 176 176 176 176 176 176 176 176 176 176 176 176 177 177 177 177 177 177 177 177 177 178 178 177 177 177 177 177 177 177 177 177 177 177 177 176 176 176 176 176 175 175 176 176 175 176 176 176 176 175 175 175 175 175 175 175 175
2105 175 175 176 175 176 176 176 176 176 176 176 176 176 176 175 175 175 175 175 175 175 175 175 176 176 176 176 175 176 176 176 176 175 176 176 175 175 175 176 176 176 176 176 176 176 176 176 176 176 176 176 176 175 175 175 175 175 175 175 175
2106 175 174 174 175 175 175 175 175 176 175 175 175 175 175 175 175 175 175 175 175 175 175 175 175 175 175 175 175 175 175 175 175 175 175 176 176 176 176 177 177 177 177 177 177 177 177 177 177 177 177 177 177 177 177 177 177 177 177 177 178
2107 178 178 178 178 177 177 177 177 177 177 177 177 177 177 177 178 177 177 177 177 177 177 177 177 177 177 177 177 177 177 176 176 176 176 176 176 176 176 176 176 176 176 176 176 176 176 176 176 175 175 176 176 175 175 175 176 176 176 176 176
2108 176 176 176 176 176 176 176 176 176 176 176 176 176 176 176 176 176 176 176 176 176 176 176 176 176 176 176 176 176 176 176 176 176 176 176 175 175 176 176 176 176 177 177 177 177 177 177 177 176 176 176 177 177 177 178 178 178 178 178 178
2109 178 178 178 178 178 178 179 179 179 179 180 180 180 180 181 181 181 181 181 181 181 181 181 181 181 181 181 181 181 182 181 182 182 182 181 182 182 182 182 182 182 182 182 182 182 182 182 183 183 182 182 182 182 182 182 182 182 182 182 182
2110 183 183 183 183 183 183 183 183 183 183 183 183 183 183 183 183 183 183 184 184 184 184 183 184 184 185 185 185 185 185 185 185 186 186 186 186 186 186 186 187 187 187 187 187 187 187 188 188 188 188 188 188 188 188 188 188 189 189 189 189
2111 189 189 189 189 189 189 190 190 190 190 190 190 190 190 190 190 191 191 191 191 191 191 191 191 191 192 192 192 192 192 192 192 192 192 192 192 192 192 192 192 192 192 192 193 193 193 193 193 193 192 192 192 192 192 192 193 193 193 193 193
2112 193 193 193 193 194 193 193 193 193 193 193 193 193 193 194 194 194 194 194 195 194 194 194 194 194 194 194 194 194 194 195 195 195 195 195 195 195 196 196 196 196 197 197 198 198 198 198 198 199 198 198 198 199 200 200 200 200 200 200 200
2113 200 200 200 200 200 201 200 200 201 201 201 201 201 201 202 202 201 202 201 201 201 202 202 203 203 204 203 203 203 203 203 203 203 203 202 202 202 202 202 202 202 203 204 204 205 205 205 205 205 205 205 205 205 204 204 204 204 204 205 204
2114 204 205 205 205 205 204 205 205 206 206 206 206 207 207 208 208 208 209 208 207 207 207 207 206 207 207 207 208 208 207 208 208 207 207 207 207 208 208 208 208 208 208 208 208 208 208 207 207 207 208 208 208 208 208 209 208 208 209 209 209
2115 208 208 208 209 208 208 209 209 209 209 209 209 209 209 209 209 209 209 209 210 209 209 210 209 210 210 210 210 211 211 211 212 213 213 213 213 213 213 212 212 213 213 213 213 213 213 213 212 212 212 212 212 212 212 211 211 211 211 211 212
2116 212 212 212 212 212 213 213 213 213 213 213 213 213 213 213 213 213 213 213 214 214 214 214 214 214 214 214 214 214 213 213 213 213 213 213 213 213 213 213 213 213 213 213 214 214 214 214 213 213 213 213 213 214 213 213 213 213 213 213 213
2117 213 213 213 214 213 213 213 214 213 213 213 213 214 214 213 213 213 214 213 213 213 213 213 213 213 214 214 214 213 213 213 213 213 213 213 213 213 213 213 213 213 212 212 212 212 212 212 212 212 212 212 212 212 212 212 212 212 211 211 211
2118 211 211 211 211 211 211 211 210 210 210 209 209 209 209 208 208 208 208 208 208 208 208 208 208 208 208 208 208 207 207 207 207 207 207 207 207 206 207 206 206 206 205 205 205 204 204 204 204 204 204 203 203 203 203 203 203 203 203 203 203
2119 202 202 203 203 203 203 203 203 203 203 202 202 202 202 202 201 201 201 201 201 201 201 200 200 200 200 200 200 200 200 200 201 200 200 200 200 200 200 200 200 199 199 199 199 199 199 198 198 198 198 198 198 198 198 198 198 197 197 197 197
2120 197 197 196 196 196 196 195 195 196 195 196 196 196 196 196 196 196 196 196 196 196 197 197 197 197 197 197 197 196 197 197 197 197 197 197 196 196 197 197 197 197 197 197 197 196 196 196 196 196 196 196 196 196 196 196 196 196 196 196 196
2121 196 195 195 195 195 195 195 195 195 195 195 195 195 195 195 195 194 194 194 194 194 193 193 193 193 193 193 193 193 193 193 193 194 194 194 195 195 195 195 194 194 194 194 194 194 194 194 194 194 194 194 194 194 194 194 194 194 194 194 194
2122 194 194 194 194 194 195 196 197 198 199 199 199 200 200 200 200 200 200 200 200 200 201 201 200 201 201 201 201 201 200 200 200 200 200 200 200 200 200 200 199 199 199 198 198 198 198 198 198 198 198 198 198 198 198 198 198 198 198 198 198
2123 198 198 199 199 199 199 199 199 199 199 199 199 199 199 199 199 199 199 199 199 198 198 198 198 198 198 198 198 198 198 197 197 197 197 197 197 196 196 196 195 195 195 195 194 194 194 194 194 193 193 193 193 193 193 193 193 193 193 193 193
2200 194 193 193 194 193 193 193 193 193 192 192 192 192 192 192 192 192 192 192 192 192 192 192 192 192 192 192 192 193 193 193 193 192 192 192 191 191 191 190 190 190 190 190 190 190 190 190 190 190 189 189 189 189 189 189 189 188 188 188 188
2201 188 188 187 187 187 187 187 186 186 187 187 186 187 187 187 186 186 186 185 185 185 184 184 184 184 183 184 183 183 183 183 183 183 183 183 183 182 182 182 182 182 182 182 182 182 182 182 181 181 181 181 180 180 180 180 180 180 180 180 180
2202 180 180 180 181 181 181 181 181 181 182 181 181 181 181 181 181 180 180 180 180 180 180 180 180 180 179 179 179 178 177 177 177 177 177 178 178 178 179 179 179 179 179 179 179 179 179 179 179 179 178 178 179 179 179 178 178 179 179 179 179
2203 179 179 178 178 178 178 178 178 178 177 178 178 178 178 177 177 178 178 177 177 177 177 177 177 177 177 177 177 177 177 177 177 177 177 177 177 177 177 176 176 176 176 175 175 175 175 175 175 175 175 175 175 175 175 175 175 176 176 176 176
2204 175 175 176 176 175 176 176 176 176 176 175 175 175 175 175 175 175 174 174 173 173 173 172 172 171 171 171 170 171 171 171 170 170 170 170 170 170 170 170 170 170 170 170 169 169 169 169 169 168 168 168 168 168 167 167 167 166 166 166 165
2205 165 164 164 164 164 165 165 165 165 165 165 165 165 164 164 164 164 165 164 164 164 164 164 163 163 163 163 162 162 162 162 162 162 162 162 162 162 162 163 163 163 162 162 164 165 165 165 165 165 165 165 165 165 165 165 165 165 165 164 165
2206 164 164 165 165 165 165 165 165 165 165 165 164 164 164 164 164 164 164 163 163 163 163 163 163 163 163 163 163 163 162 162 162 161 161 161 160 160 159 159 159 158 158 158 158 158 157 157 157 157 157 157 156 156 156 157 156 157 157 157 158
2207 157 158 158 158 157 157 158 158 157 158 157 158 158 158 158 158 158 158 158 158 157 157 157 157 156 156 156 157 157 157 157 158 158 158 158 159 159 159 159 159 159 159 159 159 159 159 159 159 159 159 159 159 159 159 159 159 159 158 158 158
2208 157 157 157 157 157 157 157 157 157 157 156 156 156 155 155 155 155 155 155 155 155 155 155 157 157 157 157 157 157 157 156 156 156 156 156 155 156 156 156 156 156 156 156 156 155 156 156 156 156 155 155 156 155 155 156 156 156 156 156 156
2209 156 156 157 158 158 159 159 160 160 160 160 161 161 161 161 162 162 163 163 163 163 163 163 163 163 164 164 164 164 164 164 164 164 164 164 164 164 164 164 164 164 164 164 165 164 164 164 164 164 164 164 164 165 165 165 165 165 165 165 165
2210 165 165 165 165 165 165 165 166 166 166 166 166 166 166 167 167 167 167 167 167 168 168 168 168 168 168 168 168 168 168 168 169 169 169 170 170 170 170 170 170 171 171 171 171 171 172 172 172 172 172 173 173 173 173 174 174 174 175 175 175
2211 175 175 176 176 176 176 176 176 177 177 177 177 177 177 178 179 179 180 180 180 181 181 181 181 181 182 182 182 182 182 182 182 182 182 182 182 182 183 183 183 183 183 183 184 184 183 184 184 184 184 184 185 185 186 186 186 186 186 187 187
2212 186 186 186 187 187 187 187 188 187 187 187 187 187 186 185 185 186 186 186 186 186 185 185 185 185 185 184 184 184 184 184 184 184 184 184 184 184 184 184 184 184 184 184 184 184 184 184 185 185 185 185 185 185 185 185 185 186 185 185 185
2213 185 186 185 186 185 186 186 186 186 186 186 186 186 186 186 187 187 187 187 188 188 189 189 188 189 188 188 188 188 188 188 189 189 189 189 188 187 187 187 186 186 186 186 185 185 184 184 184 184 184 184 184 184 184 184 184 184 176 183 183
2214 183 183 183 183 183 183 183 183 183 183 182 182 182 182 182 182 182 182 182 181 181 181 180 181 180 180 180 180 180 180 180 180 181 181 181 181 181 180 180 180 180 180 180 180 179 179 179 180 179 179 179 179 179 179 179 179 179 179 179 179
2215 179 179 179 179 179 179 179 179 179 179 179 179 179 179 179 179 179 179 179 179 179 179 180 180 179 179 178 178 177 177 177 176 176 175 175 175 175 176 176 176 176 176 175 175 175 175 175 174 174 174 174 174 174 174 174 174 174 175 175 175
2216 175 176 175 175 174 174 174 174 174 174 173 173 173 173 172 172 172 172 172 172 172 172 172 172 172 172 172 172 171 172 172 171 171 171 171 171 171 171 171 171 171 171 170 170 170 170 170 170 170 170 170 170 170 170 170 170 170 170 170 170
2217 170 171 171 171 171 170 171 171 170 170 170 170 171 171 171 171 171 172 172 172 173 173 174 174 174 175 174 174 174 173 173 173 173 173 172 172 172 172 173 173 173 172 172 172 172 172 171 171 171 171 171 171 171 171 172 171 171 172 172 172
2218 172 172 172 173 173 173 173 173 173 172 172 171 176 170 170 169 169 169 169 169 169 169 169 169 169 169 169 169 169 169 169 170 170 170 170 170 170 170 170 170 170 171 171 171 171 171 169 169 169 169 168 168 167 167 167 167 167 166 166 165
2219 164 164 164 164 164 164 164 164 165 165 164 163 163 163 163 163 163 163 164 164 165 165 165 165 165 165 165 166 165 165 164 164 164 164 163 162 161 161 161 161 160 160 160 159 160 160 160 161 162 163 164 165 165 166 166 167 166 166 166 166
2220 165 165 164 165 165 165 165 164 164 163 163 163 163 163 162 162 163 162 163 163 163 163 163 163 163 162 162 162 162 162 162 164 165 166 166 167 167 167 168 168 169 169 169 169 169 169 169 169 169 169 169 169 169 169 169 169 168 168 168 168
2221 168 167 167 167 168 167 167 167 166 166 166 166 166 166 166 167 167 167 167 166 166 165 165 165 165 165 165 166 166 166 166 166 166 166 166 166 166 166 166 166 166 166 166 166 165 166 165 166 166 167 167 167 167 167 167 167 166 167 167 167
2222 167 166 167 167 167 167 167 167 167 167 167 167 167 167 166 167 167 167 167 166 166 166 166 165 165 166 166 167 166 166 165 166 165 164 164 163 163 163 163 162 162 162 163 163 163 163 163 162 162 162 162 161 161 161 161 161 160 160 160 161
2223 163 164 164 164 165 164 164 164 163 163 163 163 164 163 163 163 163 163 163 164 164 163 164 164 164 164 163 163 163 163 163 163 163 163 163 163 163 163 163 163 163 163 164 164 164 164 164 163 163 163 163 163 163 163 164 164 164 164 164 164
2300 163 163 163 163 163 164 163 163 163 163 163 163 163 163 163 163 163 163 163 163 162 163 163 162 162 162 162 162 162 161 162 162 162 161 161 161 161 161 162 162 162 162 162 161 162 162 162 162 162 162 161 161 160 160 160 160 161 161 161 160
2301 160 160 160 160 160 160 160 160 160 160 160 159 159 159 159 159 159 160 160 160 160 160 160 160 160 160 160 159 159 159 159 159 159 159 159 159 160 160 159 159 159 159 159 159 159 159 159 159 159 159 159 159 160 160 160 160 160 161 162 162
2302 162 161 161 161 161 160 160 160 160 160 160 160 161 162 162 162 162 162 161 161 161 161 161 161 161 161 161 162 162 162 161 162 162 162 162 162 162 161 161 161 162 162 163 162 161 161 161 161 161 161 161 161 161 161 161 161 161 161 160 160
2303 160 160 160 160 159 159 160 160 160 160 159 160 159 159 160 160 160 160 160 160 160 160 160 160 160 160 160 160 160 160 160 160 160 160 160 159 159 159 158 158 158 158 158 158 158 158 158 158 157 157 157 157 157 157 158 157 157 157 156 156
2304 156 156 156 157 158 158 158 158 158 158 158 159 159 159 158 158 158 158 158 158 159 159 158 159 159 159 159 158 158 158 158 158 158 158 158 158 158 158 158 158 158 158 158 158 158 158 158 158 158 158 158 158 158 157 157 157 157 157 157 157
2305 157 156 156 156 156 156 156 156 155 155 155 155 154 154 154 154 155 155 155 155 154 154 154 154 154 154 154 153 154 153 153 153 153 153 153 153 153 152 152 152 152 152 152 152 152 152 152 152 152 152 152 152 152 152 152 153 153 153 154 154
2306 153 153 153 153 153 153 153 153 153 152 152 153 153 153 153 153 153 153 153 153 153 154 154 154 154 154 154 154 154 154 154 154 154 154 154 154 154 154 154 154 154 154 155 155 155 155 155 155 155 154 155 155 154 155 154 154 154 158 154 155
2307 154 154 154 154 154 154 154 154 153 153 153 152 152 152 152 152 151 151 151 151 151 151 151 151 151 151 151 151 151 151 151 151 151 151 151 151 151 151 151 151 151 151 151 151 151 151 151 151 151 151 151 151 151 152 153 154 154 155 156 156
2308 156 156 157 157 157 158 158 158 157 157 157 158 158 158 158 158 158 158 158 158 158 158 158 158 158 158 158 158 158 158 158 158 158 158 158 158 158 158 158 158 158 158 158 158 158 158 158 158 158 158 158 158 158 158 158 158 158 158 158 158
2309 158 159 159 159 159 159 159 159 159 159 160 160 160 160 161 161 161 161 161 162 162 161 161 162 162 162 162 162 162 162 162 162 162 162 162 163 163 163 163 164 164 164 164 164 164 164 165 165 165 165 165 165 165 165 165 165 165 165 165 165
2310 165 166 166 165 166 166 166 166 166 166 166 166 166 166 166 166 166 166 167 167 167 167 167 167 167 167 168 168 168 168 169 170 170 170 170 170 169 169 169 169 169 169 169 169 169 168 168 169 169 169 170 170 170 170 170 170 170 169 170 170
2311 170 170 171 171 171 171 171 171 171 171 171 171 172 172 173 173 172 173 173 173 173 173 174 174 173 174 174 174 174 173 173 173 174 175 176 175 174 174 175 175 175 175 175 176 176 175 176 177 177 178 179 179 178 177 177 177 178 178 178 179
2312 181 182 183 185 184 183 183 185 185 185 185 185 186 186 184 184 184 184 183 183 183 183 184 184 183 183 184 185 186 186 187 188 188 189 187 186 185 184 183 184 184 184 184 184 184 185 185 184 183 183 184 185 186 186 187 187 186 186 185 184
2313 184 184 185 186 186 187 186 186 185 184 184 185 186 187 187 187 188 189 189 188 188 189 189 189 189 189 189 189 190 191 192 193 192 190 190 189 190 191 192 192 192 192 193 192 192 194 193 193 192 192 193 193 193 194 195 195 196 194 194 193
2314 193 193 195 196 197 197 196 196 196 195 193 192 191 191 192 192 192 192 192 192 193 194 195 197 197 197 196 194 195 196 196 195 195 196 198 197 196 194 193 194 193 193 194 195 195 195 193 191 190 189 189 189 189 189 187 187 186 186 186 185
2315 184 184 184 183 183 183 183 183 182 182 182 182 183 183 183 184 184 184 184 184 184 184 184 183 183 183 183 183 183 183 183 183 183 183 183 183 183 183 183 183 182 182 182 181 181 181 181 181 181 181 181 181 181 181 181 181 181 181 181 181
2316 181 181 181 181 181 182 182 182 181 181 181 181 181 181 181 181 181 181 181 181 181 182 182 182 182 182 182 182 182 182 182 183 183 183 183 183 182 183 183 183 183 183 183 183 183 184 184 183 183 183 184 184 184 185 185 184 184 184 184 184
2317 184 184 184 184 185 185 185 185 185 185 185 185 185 185 185 185 185 185 185 184 184 184 184 184 184 184 184 185 184 184 184 184 184 183 183 183 183 183 183 182 182 182 182 182 182 182 182 182 181 182 181 182 181 181 180 180 180 180 179 178
2318 178 178 177 177 177 177 176 176 176 176 176 176 176 176 176 176 176 176 175 175 175 175 175 175 175 175 175 174 174 174 174 174 174 174 174 173 173 173 173 173 173 172 172 172 172 171 171 171 171 171 171 170 171 170 170 170 170 170 170 170
2319 170 170 170 170 170 170 169 169 169 169 168 168 168 168 168 168 167 167 167 167 167 167 166 166 166 166 166 166 166 166 166 166 166 165 165 165 165 164 164 164 163 163 163 163 162 162 162 162 161 161 161 161 161 161 161 161 161 161 160 160
2320 160 160 160 160 160 160 160 159 159 159 159 159 159 159 159 159 158 158 158 158 158 158 158 158 157 157 157 157 158 158 158 158 158 158 158 158 157 157 157 157 157 157 157 157 157 157 157 157 157 157 157 157 156 156 156 156 156 156 156 156
2321 156 156 156 156 156 156 156 156 156 156 156 156 156 156 156 156 156 156 156 156 156 156 156 156 156 156 156 156 156 156 155 155 155 155 155 155 155 155 155 155 155 155 155 155 155 155 155 155 155 155 155 155 155 155 155 155 155 155 155 155
2322 155 155 155 155 155 155 155 155 155 155 155 155 155 155 155 155 155 155 155 155 155 155 155 155 155 155 155 154 154 154 154 154 154 154 154 154 154 154 154 154 154 153 153 153 153 153 153 153 153 153 153 153 153 153 152 153 153 153 153 153
2323 152 152 152 152 152 152 152 152 152 152 152 152 152 152 152 152 152 152 153 152 152 152 152 152 152 152 152 152 152 152 152 152 152 152 152 152 152 152 152 152 152 152 152 152 152 152 152 152 152 151 151 151 150 150 150 149 149 149 149 149
2400 149 149 149 149 149 149 149 149 149 149 148 148 148 148 147 147 146 147 147 147 146 146 146 146 146 146 146 146 146 146 146 146 146 146 146 146 146 146 145 145 145 145 146 145 145 145 145 145 145 145 145 145 145 145 145 145 145 145 145 145
2401 145 145 145 145 145 145 144 144 144 144 144 144 144 144 144 144 144 145 146 146 146 147 147 147 146 146 146 146 145 145 145 145 145 145 145 145 145 145 145 145 145 145 145 145 145 145 144 144 144 144 144 144 144 143 143 143 143 143 143 143
2402 143 143 143 143 143 143 143 143 143 143 143 143 143 143 143 143 143 143 143 143 143 142 142 142 142 142 142 143 143 143 143 143 144 144 145 145 145 145 146 146 145 145 145 145 145 146 146 145 145 145 145 146 146 146 146 146 147 147 147 147
2403 147 147 147 147 147 147 147 147 147 147 147 146 146 147 147 147 147 147 148 148 148 148 148 148 148 148 148 148 148 148 148 148 148 147 147 147 147 147 147 146 146 146 146 146 146 146 146 145 145 145 145 145 146 145 145 145 145 145 145 145
2404 145 145 145 144 144 144 144 144 144 144 144 143 143 143 144 143 143 143 143 143 144 144 144 145 145 145 145 145 145 145 145 145 145 145 145 145 145 145 145 145 144 144 144 144 144 144 144 144 144 143 144 144 143 143 143 143 143 143 143 143
2405 143 143 143 143 143 143 143 143 143 143 143 143 143 143 142 142 142 142 142 142 142 142 142 141 141 142 142 142 142 142 142 142 142 142 142 142 142 142 142 142 142 142 142 142 142 142 142 142 142 141 141 141 141 141 141 141 141 141 141 141
2406 140 140 141 140 140 140 140 140 140 140 139 139 139 139 139 139 139 139 139 139 139 139 139 139 139 139 138 138 139 139 139 138 138 138 138 138 138 138 138 138 138 138 138 139 138 138 138 138 138 138 138 138 138 138 138 138 138 139 139 139
2407 139 139 139 139 139 139 139 139 139 139 139 139 139 139 138 138 138 138 138 139 139 139 139 139 139 139 139 139 139 139 139 139 139 140 140 141 141 141 140 140 141 141 141 140 140 140 140 140 140 139 140 141 142 142 142 143 143 142 142 143
2408 142 143 142 142 142 142 142 142 142 142 142 142 142 142 142 142 143 143 143 143 143 142 142 142 142 141 141 141 141 141 141 141 141 141 141 141 141 141 141 141 141 141 141 141 141 141 141 141 141 141 141 141 141 142 142 142 142 142 142 142
2409 142 142 142 143 143 143 143 144 144 144 144 144 145 145 145 145 145 146 146 146 146 146 146 146 146 147 147 147 147 147 147 147 147 148 148 148 148 148 148 148 148 147 147 148 148 148 148 148 148 148 148 148 147 148 148 148 148 149 149 149
2410 149 149 149 149 149 149 149 150 150 150 150 150 150 150 151 151 151 152 152 152 153 153 153 153 153 153 153 153 154 154 154 154 154 154 154 154 154 154 154 154 154 154 154 154 155 154 154 154 154 154 154 154 155 155 155 155 155 155 155 155
2411 155 155 155 155 155 155 156 156 155 155 155 155 155 155 155 156 156 156 156 156 157 157 157 157 157 157 157 157 157 157 157 157 158 158 158 159 159 159 160 160 162 162 163 163 163 163 163 163 163 162 163 163 163 163 163 163 164 165 165 166
2412 166 166 166 167 168 169 171 172 173 174 174 174 174 175 175 175 176 176 177 177 178 178 179 179 179 179 179 179 179 179 179 181 183 185 186 186 185 185 186 188 190 189 188 188 188 188 187 187 188 189 190 190 191 191 192 192 192 191 191 191
2413 190 190 190 191 191 193 193 194 196 197 199 200 201 202 203 202 202 202 202 202 201 201 199 197 196 198 198 200 200 200 200 198 197 196 196 197 197 197 197 198 200 200 200 199 199 198 199 200 200 200 200 201 200 199 199 199 199 199 198 197
2414 198 199 199 201 201 200 200 200 201 202 203 205 204 204 203 202 201 200 199 200 200 200 201 201 201 200 200 200 201 200 200 200 201 202 203 204 204 204 203 202 203 203 204 205 206 205 205 204 202 202 203 203 203 202 201 201 201 202 201 202
2415 203 204 204 204 204 204 204 203 203 203 202 202 203 203 202 202 202 201 201 202 202 202 203 203 204 205 205 205 206 205 206 207 206 207 208 209 208 206 206 206 206 206 206 206 207 209 210 210 210 210 209 209 208 208 208 208 208 209 209 209
2416 210 209 208 208 208 208 208 208 209 209 209 209 210 211 211 211 212 211 212 213 214 215 216 216 217 218 218 218 217 217 217 218 221 223 221 219 218 218 216 215 215 216 218 219 218 219 218 218 219 217 216 216 217 218 217 219 221 223 223 223
2417 223 221 220 219 219 218 217 216 215 215 215 215 215 216 216 215 215 215 216 216 218 218 217 218 219 220 221 220 219 218 217 216 216 215 214 213 212 212 212 211 211 211 212 212 213 213 214 213 212 212 212 211 211 212 211 211 210 209 208 208
2418 208 208 208 207 206 205 205 205 204 204 205 205 206 207 208 208 209 210 210 211 212 213 212 212 212 211 211 212 213 212 212 212 213 212 210 208 206 203 201 199 197 195 194 193 192 191 189 188 187 186 185 183 182 180 180 180 179 179 178 177
2419 177 176 175 174 174 175 174 174 174 174 174 174 173 173 172 172 171 170 170 170 169 168 168 167 167 166 166 165 165 165 164 164 164 163 163 164 164 164 163 163 163 163 162 162 162 162 162 162 162 162 161 161 161 161 161 161 161 162 161 162
2420 162 162 163 163 164 165 165 165 165 165 165 165 165 166 191 167 167 168 168 168 169 169 169 170 170 170 169 170 170 170 170 170 170 169 169 168 169 169 169 169 170 171 172 171 171 171 170 170 170 170 170 170 169 169 169 169 170 171 172 173
2421 173 172 172 172 171 170 170 169 169 169 169 169 169 168 168 168 167 167 167 167 167 167 167 167 167 167 167 167 167 166 167 166 166 166 166 166 166 166 167 167 167 167 166 166 165 165 165 165 164 164 164 164 164 164 164 164 164 164 164 164
2422 164 163 163 163 163 162 162 162 162 163 163 163 164 164 165 165 165 164 164 164 164 164 163 163 163 163 163 163 162 162 162 162 161 161 161 161 162 162 162 161 161 161 160 160 160 159 159 159 159 159 159 159 158 158 158 158 158 158 158 158
2423 158 158 158 158 158 158 158 158 158 159 159 159 158 158 158 158 158 158 159 159 158 159 159 162 167 170 172 174 175 176 177 177 177 177 178 177 177 178 178 179 179 179 179 179 178 178 178 178 178 178 178 177 177 177 177 176 176 177 176 176
2500 176 176 176 176 176 176 176 175 175 175 174 174 174 174 173 173 173 173 173 173 173 173 173 172 172 172 172 172 172 179 171 170 170 169 169 168 167 167 167 168 168 168 167 167 167 167 167 167 167 168 168 168 169 169 170 170 170 170 170 169
2501 169 168 167 167 167 166 166 166 166 166 166 166 166 165 165 166 165 165 165 165 165 165 165 164 164 164 164 163 164 164 164 164 164 164 164 164 164 165 165 165 165 165 164 164 163 163 162 162 161 161 160 160 160 160 159 159 159 159 160 160
2502 161 162 163 164 164 164 164 164 165 165 165 164 164 163 163 163 163 163 163 163 163 163 163 163 163 163 163 163 163 163 162 162 162 162 162 162 161 160 160 159 159 158 158 157 157 157 156 156 156 155 155 155 154 154 154 154 154 153 153 154
2503 153 153 153 154 154 154 154 154 154 154 154 154 154 154 153 153 153 153 153 152 152 152 152 152 152 152 152 151 151 151 151 150 150 150 150 150 151 150 150 151 150 150 150 150 151 151 151 151 151 150 150 150 150 150 150 150 150 150 150 150
2504 150 150 150 150 150 150 150 150 150 150 150 150 150 149 149 149 150 150 151 150 150 150 150 150 149 149 149 149 149 149 149 149 149 149 149 149 149 148 149 148 148 148 148 148 168 148 147 147 147 147 147 147 147 147 147 147 147 147 147 147
2505 147 148 148 148 149 149 149 150 150 151 151 152 152 152 152 152 152 152 152 151 151 151 151 151 151 150 150 150 150 150 149 149 149 149 149 148 148 148 148 148 147 147 147 147 147 147 147 147 147 147 147 147 147 147 147 147 147 147 147 147
2506 147 147 147 147 147 147 147 146 146 146 146 146 146 146 146 145 145 145 145 145 146 146 146 146 146 146 146 145 145 145 145 145 145 145 145 145 145 145 145 145 145 145 145 145 145 145 145 145 144 145 144 144 144 144 144 144 144 144 144 144
2507 144 144 144 144 144 144 144 144 144 144 144 144 144 144 144 144 144 144 144 144 144 144 144 144 144 144 144 144 144 144 143 143 143 143 143 143 142 143 142 143 142 142 142 142 142 142 142 142 142 142 142 142 142 142 142 142 142 142 142 142
2508 143 143 143 143 143 143 143 143 143 143 143 143 143 144 144 144 144 144 144 144 144 144 144 143 143 143 143 143 143 143 143 143 143 143 143 143 143 143 143 143 143 143 143 144 144 144 144 144 144 144 144 145 145 145 145 145 145 146 146 160
2509 148 150 151 152 153 154 154 155 155 156 156 157 157 158 158 158 158 158 158 158 158 159 159 159 159 159 159 159 160 160 160 160 160 160 161 161 161 161 161 161 161 161 161 161 161 161 162 162 162 162 162 162 162 162 162 162 163 163 163 163
2510 164 164 165 165 166 166 166 166 166 166 166 166 167 167 167 167 167 167 167 167 167 167 168 168 168 169 169 170 170 171 171 172 173 174 174 174 175 175 175 174 174 175 176 177 178 179 179 180 179 179 179 179 179 179 178 177 177 177 178 180
2511 180 180 180 181 181 181 181 180 180 179 179 179 179 179 178 176 176 176 176 176 176 176 176 176 176 177 177 177 176 176 176 176 176 175 175 175 175 176 176 176 177 178 178 177 177 177 177 177 177 177 177 176 177 177 176 176 176 176 177 177
2512 177 177 178 179 180 182 183 183 183 182 180 179 179 179 180 181 182 184 185 186 186 185 184 183 184 183 184 184 184 184 186 186 185 185 185 184 183 183 183 183 184 186 186 187 187 188 187 187 186 186 186 186 186 186 186 185 185 184 184 185
2513 186 186 187 188 188 189 189 189 188 188 188 188 189 190 190 192 194 196 197 197 197 196 194 193 194 194 193 192 191 193 192 191 191 190 191 191 191 191 190 190 190 192 192 195 197 198 197 195 194 194 191 191 191 192 191 190 190 191 191 190
2514 190 190 190 191 191 190 189 189 189 188 189 190 190 190 190 191 191 190 190 191 192 192 191 190 190 190 191 192 192 193 193 193 193 194 194 194 194 194 195 196 197 199 200 201 201 199 200 201 201 202 203 204 206 207 209 211 211 209 208 208
2515 207 205 202 201 200 200 201 202 204 203 203 203 203 204 205 206 206 207 208 207 206 206 207 208 208 208 207 205 204 204 205 204 203 202 202 201 201 200 201 200 200 199 199 199 199 199 198 198 199 199 201 201 201 201 201 202 202 201 202 204
2516 206 205 204 203 203 203 203 203 204 204 206 206 208 209 208 207 207 207 207 207 207 206 205 205 205 205 206 206 206 205 205 206 206 206 206 206 206 206 206 205 205 204 204 205 206 206 205 204 205 205 205 204 204 204 204 205 205 205 205 205
2517 206 206 206 206 206 206 205 204 204 203 203 203 202 202 202 202 202 202 202 201 201 202 202 202 202 202 202 202 202 202 202 202 201 202 201 201 201 201 201 201 201 201 201 201 201 201 201 201 200 200 200 200 200 200 200 199 198 198 198 198
2518 197 197 197 196 196 196 196 196 196 196 196 196 196 195 195 195 195 195 194 194 194 194 193 193 194 194 193 193 193 193 193 193 193 192 192 192 192 192 192 192 192 191 191 191 191 191 191 191 191 191 191 190 190 190 189 190 189 189 189 189
2519 189 189 189 189 189 189 189 189 189 189 188 188 188 189 189 188 188 188 188 188 188 187 187 187 187 186 186 186 185 185 185 185 185 185 184 184 184 184 184 184 184 184 183 183 183 183 183 183 183 183 183 183 183 182 182 182 182 182 182 183
2520 183 183 184 184 184 184 184 184 184 184 184 183 184 184 184 184 184 183 183 183 183 183 183 183 183 183 183 183 183 183 183 183 183 183 182 182 182 182 182 182 182 182 182 181 181 181 181 181 181 181 181 180 180 180 180 180 181 180 180 180
2521 180 180 180 179 179 180 180 180 180 179 179 179 179 179 179 179 179 179 179 179 179 179 179 179 179 179 179 179 179 179 178 178 178 178 178 178 177 177 177 177 177 177 177 177 177 177 177 177 177 177 177 176 177 177 176 176 177 176 176 176
2522 176 176 176 176 176 176 175 175 175 175 175 175 175 175 175 175 175 175 175 175 175 175 174 174 175 175 175 175 174 174 174 175 174 174 175 174 174 174 174 174 174 174 174 174 174 174 174 174 173 173 173 173 173 173 173 173 173 173 173 173
2523 173 173 173 173 173 173 173 173 173 173 173 173 172 172 172 172 172 172 172 172 172 172 172 172 172 171 172 172 172 171 171 171 171 171 171 171 171 171 171 171 171 171 171 171 171 171 171 171 171 171 171 171 171 171 171 171 171 171 171 170
2600 170 170 171 171 171 171 170 170 170 170 170 170 170 169 169 169 169 169 169 169 169 169 169 169 168 168 167 167 166 166 166 165 165 165 165 165 165 165 165 165 164 164 164 164 164 164 164 165 165 166 166 167 167 167 167 167 167 167 167 167
2601 168 168 168 168 168 168 168 168 168 168 168 169 169 169 169 169 168 168 168 168 168 168 168 168 168 168 167 167 167 166 166 166 165 165 165 165 165 164 164 164 164 164 164 164 164 164 164 164 164 164 163 163 163 163 163 163 164 164 164 164
2602 164 164 164 164 164 164 164 163 162 162 161 161 161 160 160 159 159 159 158 158 158 157 157 157 157 156 156 156 155 155 155 155 155 155 155 155 155 154 154 154 154 153 153 153 153 153 153 153 153 153 152 153 154 156 157 158 159 160 160 161
2603 161 162 162 162 162 162 162 162 162 162 162 162 161 161 160 160 160 160 159 159 159 159 158 158 158 157 157 157 156 156 156 155 155 155 155 155 154 154 154 154 154 154 154 154 155 155 155 155 156 156 155 155 155 154 154 154 153 153 153 153
2604 153 153 152 153 153 153 152 152 153 153 153 153 153 153 153 153 153 154 154 155 155 155 155 156 156 156 156 156 157 157 157 157 157 157 158 158 157 158 158 158 158 158 158 158 158 159 159 159 158 159 159 159 158 158 158 158 158 158 158 158
2605 158 158 159 159 158 158 158 158 158 158 158 158 158 158 158 158 158 159 159 159 159 159 159 159 158 158 158 158 158 158 158 158 158 158 158 158 158 157 157 157 157 156 156 156 155 155 155 155 154 154 154 154 154 154 154 154 154 154 154 154
2606 154 154 154 153 153 153 154 153 154 154 154 154 154 154 154 154 154 154 154 154 154 153 153 153 153 153 153 153 153 153 153 153 153 153 153 153 153 153 153 152 152 152 152 152 152 152 152 152 152 152 151 151 151 151 151 151 152 152 151 151
2607 151 151 151 151 151 151 152 152 152 152 152 151 152 152 152 152 152 152 151 151 151 151 151 151 151 151 151 151 151 151 151 151 151 151 151 151 151 151 151 151 151 151 151 151 151 151 151 151 151 151 151 151 151 151 151 151 151 151 151 151
2608 151 151 151 151 151 151 151 151 150 150 150 150 150 150 151 151 151 151 152 152 152 152 152 152 151 151 152 151 151 152 152 152 152 151 151 151 151 151 151 151 151 151 152 152 153 153 153 153 153 153 153 153 153 153 153 153 153 153 153 154
2609 154 155 155 156 156 156 157 157 157 157 157 158 158 158 159 159 159 159 160 160 161 161 162 162 163 163 163 164 164 165 165 165 165 165 165 166 166 166 166 167 167 167 167 167 167 168 168 168 168 169 169 169 170 170 171 172 172 172 172 173
2610 172 172 172 172 173 174 174 174 174 174 175 175 174 174 174 175 176 176 176 176 176 176 176 177 177 177 176 176 176 176 177 179 179 180 181 181 181 180 182 183 184 185 185 185 184 183 182 183 184 183 183 184 184 185 186 186 186 186 186 187
2611 189 190 191 193 193 192 193 194 194 192 191 191 192 192 192 193 193 193 195 197 196 195 194 193 193 196 197 198 198 197 198 198 198 196 195 195 196 197 197 198 199 199 199 201 201 201 201 200 201 202 202 203 204 206 206 204 202 201 202 202
2612 203 205 204 205 205 205 205 207 207 208 208 206 207 207 208 209 211 210 207 207 206 205 205 205 205 205 205 205 206 207 207 207 207 208 209 209 208 208 208 207 206 208 211 212 212 210 210 210 208 207 208 209 209 209 208 207 208 208 208 209
2613 211 210 209 208 208 209 210 212 213 214 214 214 214 214 214 214 214 214 213 214 214 213 212 211 210 212 213 214 215 216 215 215 214 215 216 216 216 216 215 215 216 216 215 214 213 213 214 216 218 220 220 219 217 218 219 219 220 219 218 218
2614 219 220 220 221 220 219 218 220 220 220 219 219 218 218 217 218 217 215 216 217 217 217 217 217 217 216 215 213 211 211 212 214 214 216 217 217 218 219 219 219 218 218 219 219 217 216 216 216 217 217 217 218 218 219 217 217 218 218 219 218
2615 218 216 215 214 215 215 217 217 217 217 218 218 218 217 218 218 218 219 219 221 221 220 220 220 219 219 219 219 220 221 222 223 222 221 221 222 222 221 220 219 218 217 216 215 215 215 215 216 218 219 219 217 217 216 216 216 216 217 217 217
2616 218 217 217 217 217 217 217 218 219 218 218 218 218 219 219 219 219 220 221 221 220 219 219 219 218 218 219 221 222 222 223 223 223 222 222 222 222 221 220 221 221 221 222 222 222 222 222 222 222 223 222 223 221 220 220 219 219 218 218 218
2617 219 219 219 218 218 217 217 216 216 215 215 215 215 215 215 215 215 215 215 215 214 214 214 214 214 214 214 214 214 214 214 214 213 213 213 214 214 214 214 214 214 214 214 214 214 214 213 213 213 213 213 213 213 213 213 213 213 214 214 214
2618 214 214 214 213 214 213 213 213 213 213 213 213 213 213 213 213 213 212 212 212 212 212 212 211 211 211 211 211 211 210 210 210 210 210 210 210 210 209 210 210 209 209 209 208 209 209 208 208 208 208 208 208 207 207 207 207 206 206 205 205
2619 204 204 204 204 204 204 204 203 204 204 204 203 203 203 202 203 202 202 202 202 202 201 201 200 198 197 196 194 193 192 192 192 192 191 191 190 189 189 188 188 187 187 187 188 187 186 185 185 185 185 185 185 185 185 185 185 185 184 183 182
2620 181 180 180 179 180 180 180 179 179 178 178 177 176 176 175 175 174 174 173 172 172 172 172 171 170 170 170 169 169 168 168 167 167 167 167 166 166 166 166 166 166 166 165 165 165 165 165 164 164 164 164 163 163 162 162 162 162 161 161 161
2621 161 160 160 160 160 160 160 160 160 160 159 159 159 159 158 158 158 158 157 157 157 157 157 157 156 156 156 156 156 156 156 156 156 156 156 156 155 155 155 155 155 155 154 154 154 154 154 153 153 153 153 152 152 152 152 152 152 152 152 152
2622 152 151 152 152 152 151 152 152 152 152 152 152 152 152 152 151 150 151 151 151 151 150 150 150 150 149 149 148 148 147 147 147 147 147 147 148 148 148 148 148 148 148 148 148 148 148 149 149 149 149 150 150 150 150 150 151 151 151 151 151
2623 151 151 151 151 151 151 151 151 151 151 151 151 151 151 151 152 152 152 152 152 152 152 152 153 153 153 153 153 153 153 153 153 153 154 154 154 154 154 154 154 154 154 154 154 154 154 154 154 154 154 154 154 154 154 154 154 154 155 155 155
2700 155 155 155 155 155 156 156 156 156 156 156 156 156 157 157 157 158 158 158 159 159 159 160 159 160 160 160 160 160 160 160 160 161 161 161 161 161 161 161 161 161 161 161 160 160 160 160 160 160 160 160 159 159 159 159 159 159 159 159 159
2701 158 158 158 158 158 158 157 157 157 157 156 156 156 156 156 156 156 157 157 157 157 157 157 157 157 157 157 157 157 157 157 157 158 158 158 158 158 159 158 159 158 158 158 158 158 158 158 158 158 158 157 157 157 157 157 156 156 156 156 156
2702 156 156 156 156 156 156 155 155 155 155 155 155 155 155 155 155 155 155 155 156 156 156 156 156 156 156 156 156 156 156 156 127 156 156 156 156 156 156 156 156 156 156 156 155 155 155 155 155 155 155 155 155 155 155 155 155 155 155 155 155
2703 155 155 155 155 155 155 155 155 155 155 155 155 155 155 156 156 156 156 156 156 156 156 156 156 156 156 157 157 157 156 156 156 157 157 157 157 157 157 157 157 157 157 157 157 157 157 157 157 157 157 157 157 157 158 158 158 158 158 157 157
2704 157 157 157 157 157 157 157 157 157 156 156 156 156 156 156 156 156 156 156 156 156 156 156 156 156 156 156 156 156 156 156 156 156 156 156 156 156 156 156 156 156 156 156 156 156 156 156 155 155 155 155 155 155 155 155 155 155 155 155 155
2705 155 155 155 155 155 154 154 155 155 155 155 155 155 155 155 155 155 155 155 155 155 155 155 155 155 155 155 155 155 155 155 155 155 156 156 156 156 155 155 156 156 155 155 155 155 156 156 156 156 156 156 156 156 156 156 156 156 156 156 156
2706 156 156 156 156 156 156 155 155 155 155 155 155 155 155 155 155 155 155 155 155 155 155 155 155 156 156 156 156 156 156 156 156 156 156 155 155 155 155 155 155 155 155 155 155 155 155 125 154 154 154 154 154 154 155 155 154 155 155 155 155
2707 155 155 155 155 155 155 156 156 156 156 156 156 156 156 156 156 156 156 156 156 156 156 157 157 157 157 157 157 157 157 157 157 157 157 157 157 158 158 158 158 158 158 158 158 158 158 158 158 158 158 158 158 159 159 159 159 159 159 159 159
2708 159 159 159 159 159 158 158 158 158 158 158 159 159 159 159 159 159 159 159 159 158 158 158 158 158 158 158 158 158 158 158 158 159 159 159 159 159 159 159 159 159 159 159 159 159 159 159 159 159 159 159 159 159 160 160 160 160 160 161 161
2709 161 161 161 161 161 161 161 161 161 162 162 163 163 163 164 164 164 164 164 164 165 165 165 166 166 166 166 167 167 167 168 168 168 169 169 169 168 168 169 170 172 172 172 172 173 174 175 175 175 176 176 177 177 178 178 178 178 178 178 178
2710 179 179 179 179 180 181 181 182 182 183 184 185 186 187 189 191 191 192 192 191 192 193 194 194 195 196 196 196 197 195 195 195 196 197 198 197 198 199 199 199 199 198 197 197 198 198 198 198 198 198 198 199 198 199 200 201 202 201 201 200
2711 200 136 199 198 199 199 199 200 201 201 201 202 202 202 203 204 205 205 204 204 204 206 207 206 207 207 207 207 207 207 208 207 208 209 210 209 209 208 208 208 209 209 208 208 210 210 210 212 212 212 213 216 217 217 216 214 213 212 211 212
2712 212 214 215 215 215 215 215 215 214 213 213 213 213 214 215 217 218 218 217 216 216 216 215 215 215 217 219 220 220 218 218 218 218 218 219 221 223 222 221 221 220 219 220 219 219 218 218 218 218 219 220 219 219 218 220 222 224 224 225 225
2713 225 225 225 226 227 226 225 224 224 225 224 224 223 223 225 227 227 227 226 225 225 225 225 225 225 225 226 226 227 229 230 230 229 229 230 231 233 232 234 235 235 233 233 234 234 234 235 235 236 235 234 235 235 233 234 234 233 234 236 238
2714 239 237 238 238 240 239 237 235 235 236 234 234 235 235 234 234 233 233 233 233 235 236 236 237 239 241 241 239 238 236 234 234 235 236 235 235 235 237 238 238 237 236 235 236 236 236 235 235 235 235 235 237 237 236 235 235 236 236 237 238
2715 238 239 239 240 240 238 238 238 238 239 239 239 239 239 239 238 150 236 236 238 241 242 241 240 237 238 241 244 244 243 242 242 243 243 244 244 243 243 243 243 243 242 242 243 245 245 245 245 246 248 250 251 250 249 245 243 243 241 239 238
2716 238 238 238 238 238 237 235 235 235 236 237 237 238 237 237 237 237 239 240 241 240 240 242 242 241 240 240 240 240 239 238 237 237 237 236 236 236 235 234 234 233 233 231 230 229 229 229 229 228 228 228 228 229 229 229 229 229 230 229 229
2717 228 228 228 228 228 228 228 228 228 228 228 227 227 227 227 227 227 227 227 227 227 228 228 229 229 229 230 230 231 232 232 232 231 231 231 231 231 231 231 232 231 231 232 232 232 231 231 231 230 230 230 230 231 231 231 231 231 231 231 230
2718 230 230 229 229 229 229 228 229 228 228 228 228 228 228 228 228 228 228 227 227 227 227 227 227 227 227 226 226 226 225 225 225 225 225 225 225 225 224 224 224 223 223 223 223 222 222 221 221 221 221 220 221 221 221 220 220 219 219 219 219
2719 219 218 218 217 217 216 215 214 214 214 214 214 213 213 213 214 213 214 213 213 213 213 213 212 211 210 210 210 209 208 208 207 206 205 204 203 201 200 200 200 200 200 201 200 200 200 199 198 200 201 201 203 204 205 205 206 207 206 205 203
2720 202 201 200 199 198 197 196 195 194 193 193 193 192 191 190 189 188 187 186 186 185 185 186 185 185 184 184 184 183 183 183 183 182 182 182 182 182 182 182 182 182 182 182 183 182 182 182 182 182 182 182 183 182 183 185 185 185 185 185 185
2721 185 185 185 185 185 185 186 188 187 187 187 187 187 186 186 186 186 186 185 185 185 185 186 186 186 186 186 186 186 185 185 185 186 186 187 187 186 186 186 186 186 186 186 186 186 186 186 186 186 185 185 185 184 184 184 184 184 184 184 185
2722 184 184 184 184 184 184 184 184 184 186 187 188 187 186 186 186 186 185 184 184 184 184 184 183 183 182 182 182 182 182 182 182 182 181 181 181 180 180 180 180 179 179 179 179 180 180 180 181 182 182 182 182 182 182 182 182 182 182 182 182
2723 182 185 187 187 187 188 190 191 191 193 194 194 195 195 196 197 198 198 199 199 200 200 200 199 199 199 198 198 197 197 197 197 197 197 196 196 195 195 195 195 195 195 195 196 196 196 196 196 196 196 196 196 196 196 196 195 195 195 194 194
2800 194 194 193 193 192 191 190 189 188 187 187 187 187 187 186 186 186 185 185 185 185 185 185 185 185 185 184 184 184 185 184 184 184 184 184 184 184 184 184 184 184 184 183 183 183 183 182 182 182 182 181 181 181 181 181 181 181 181 181 181
2801 181 180 181 181 181 181 181 182 182 182 182 182 182 182 182 182 182 182 182 182 182 182 182 182 181 181 181 181 181 181 181 181 181 181 181 181 181 180 180 180 180 180 180 180 180 181 181 181 181 181 181 181 181 182 183 183 183 183 183 183
2802 183 183 183 183 182 183 183 183 183 183 183 183 183 184 184 184 184 184 184 184 185 185 185 184 184 184 185 185 185 185 184 184 184 184 184 184 184 184 184 184 183 183 184 184 184 184 184 184 184 184 183 183 183 183 183 182 182 182 181 181
2803 181 181 181 181 181 181 181 182 181 181 181 180 180 180 180 180 181 181 181 181 181 181 181 181 181 181 181 180 180 180 180 180 180 179 179 179 179 179 179 179 178 178 178 179 179 179 180 180 180 180 180 181 181 181 181 181 181 181 181 181
2804 181 180 180 180 180 180 181 181 180 180 181 181 181 181 181 182 182 183 184 184 184 184 184 185 185 185 185 185 186 186 186 186 187 186 187 187 186 186 186 186 186 186 186 185 185 184 183 184 183 183 183 183 184 184 184 184 184 184 184 184
2805 184 184 184 184 184 184 184 183 183 183 182 182 182 182 182 182 181 181 181 180 180 180 179 179 179 179 179 178 178 178 178 178 178 178 178 178 179 179 180 180 180 179 179 179 179 179 179 178 178 178 178 178 178 178 178 178 178 178 178 178
2806 178 178 178 177 177 177 177 176 176 176 175 175 175 174 174 174 174 174 174 174 174 174 174 173 174 174 174 174 174 173 173 173 173 173 173 173 172 172 172 172 172 172 172 172 172 172 172 172 172 172 172 172 172 171 171 171 171 171 171 171
2807 171 171 171 172 171 171 171 171 171 171 171 171 171 171 171 171 171 170 170 170 170 170 170 170 170 170 170 170 170 170 170 170 170 170 170 170 170 170 170 170 170 170 170 170 170 170 170 170 169 169 169 170 170 170 170 170 170 170 170 170
2808 170 169 169 169 169 169 169 170 170 170 170 170 170 170 170 170 170 170 170 170 170 170 170 169 169 169 169 169 169 169 169 169 169 169 169 169 170 170 170 170 171 171 171 171 171 171 171 171 171 171 171 171 171 171 171 171 170 170 170 170
2809 171 171 171 171 171 171 171 171 171 171 172 172 172 173 173 173 173 173 173 173 174 174 174 174 174 175 175 175 176 176 175 175 175 176 176 176 175 176 176 176 177 177 178 178 178 178 179 179 179 179 180 180 180 180 181 181 181 181 182 182
2810 182 182 182 183 183 183 183 184 184 183 184 184 184 185 184 184 185 185 186 186 186 187 187 188 188 188 188 188 188 188 188 188 189 189 189 189 189 190 190 190 190 191 191 191 192 192 192 192 192 192 192 192 192 192 192 192 193 193 193 193
2811 193 194 194 194 194 194 194 194 195 195 195 195 196 196 197 197 197 197 197 197 198 198 198 199 199 199 199 198 198 198 198 198 197 198 198 199 199 199 199 199 200 200 199 200 201 201 201 201 201 201 201 201 201 201 202 202 202 202 203 204
2812 205 206 208 209 209 208 209 209 208 208 207 208 209 210 208 206 207 208 210 209 208 208 208 209 211 210 211 213 213 214 214 213 213 213 213 213 213 213 212 212 211 212 214 215 214 214 214 214 215 217 217 218 219 218 217 218 219 220 219 218
2813 217 217 217 218 219 220 219 218 217 217 216 216 216 216 217 218 218 219 219 219 220 220 220 220 221 222 221 221 222 223 223 223 223 223 223 224 224 225 226 226 225 225 223 222 222 222 220 221 222 223 223 223 224 223 222 220 220 219 219 220
2814 221 221 221 221 220 221 221 221 222 221 220 220 219 220 221 221 219 219 220 221 222 222 223 223 223 223 224 224 222 221 220 221 222 223 222 222 222 222 223 223 223 222 223 223 224 224 224 225 225 225 224 226 227 226 226 225 226 224 223 223
2815 223 223 223 223 223 223 223 221 221 221 221 221 221 221 220 221 220 220 221 221 222 222 222 222 222 221 222 222 222 221 221 220 220 220 220 220 220 220 220 220 220 219 220 219 219 220 220 220 220 220 220 220 219 220 219 219 219 219 219 219
2816 219 219 219 219 219 219 220 220 221 220 220 220 220 219 219 219 220 220 220 219 219 219 219 219 219 219 219 219 219 219 220 220 220 220 220 220 220 220 220 220 220 221 221 221 220 220 220 220 220 219 219 219 219 220 220 220 219 219 219 219
2817 219 219 219 219 219 219 219 219 219 220 219 219 219 219 219 219 219 219 219 219 219 219 220 220 221 221 221 221 220 220 221 221 220 220 220 219 219 220 219 219 219 219 218 219 218 219 219 219 219 218 218 218 217 217 217 217 217 217 217 217
2818 216 216 216 216 215 215 215 215 215 214 214 214 214 214 214 214 213 213 213 213 213 213 212 212 212 212 212 211 211 212 211 211 211 211 211 211 211 211 210 210 210 210 210 210 210 209 209 208 208 208 208 208 207 207 207 207 207 207 207 207
2819 206 206 206 206 206 206 206 206 206 205 205 205 205 204 204 204 204 204 203 203 203 203 203 203 203 203 203 203 203 203 203 203 203 203 203 203 203 203 203 203 203 203 203 203 203 202 202 203 203 202 202 202 201 201 201 201 202 202 202 202
2820 202 202 202 202 202 202 202 202 202 202 202 202 201 201 201 201 200 200 201 201 201 201 201 201 201 201 201 201 201 201 201 200 200 200 200 200 200 200 199 199 199 199 199 199 198 198 198 198 198 198 198 198 198 198 198 197 197 196 196 196
2821 196 196 196 196 196 196 196 196 196 196 196 196 195 195 195 194 194 194 194 194 194 194 194 194 194 194 194 194 194 194 194 194 194 193 193 192 192 192 192 192 191 191 191 191 191 190 190 190 189 189 189 189 189 189 189 189 189 189 189 189
2822 189 190 190 190 191 191 191 192 192 192 192 193 193 194 193 194 193 193 193 193 193 193 193 193 193 193 193 193 193 193 193 193 193 193 193 193 193 193 193 193 193 193 193 193 193 192 192 192 192 192 193 193 193 193 193 193 193 193 193 193
2823 193 193 193 193 193 193 193 192 192 192 192 192 192 192 192 191 191 191 190 190 190 190 190 189 189 189 189 189 189 189 188 189 189 188 188 188 188 187 187 187 187 187 187 187 187 187 187 187 187 187 187 187 187 187 187 187 188 188 188 188
2900 188 188 188 188 189 189 189 189 189 189 189 189 189 189 189 189 189 189 189 189 189 188 188 188 189 189 188 188 188 188 188 188 188 188 188 188 188 188 188 189 189 189 189 188 188 188 188 188 188 188 187 187 188 188 188 188 189 188 188 188
2901 188 188 188 188 188 188 188 188 188 188 188 188 188 188 188 188 188 188 188 188 188 187 187 187 187 186 186 186 186 186 186 186 185 185 184 183 183 182 182 181 181 181 181 180 180 180 180 179 179 179 178 179 178 178 178 178 178 177 177 177
2902 177 177 177 176 176 177 177 177 177 177 177 178 179 179 180 180 180 180 180 180 180 180 180 181 181 181 182 182 183 182 182 182 183 183 183 182 183 183 183 184 184 184 184 184 183 183 183 183 182 182 182 182 181 181 180 180 180 179 179 179
2903 179 179 179 179 179 179 179 178 178 178 178 178 178 178 178 178 178 178 177 177 177 177 177 177 176 176 176 176 176 176 176 176 176 176 175 175 175 175 176 176 176 176 176 175 175 175 175 174 174 174 174 174 175 175 175 175 175 175 175 175
2904 175 175 175 174 174 174 174 174 174 174 174 174 174 174 174 174 174 173 173 173 173 173 173 173 173 172 172 172 172 172 172 172 172  97 172 172 172 172 172 172 172 172 172 172 172 172 172 172 172 172 172 172 172 171 171 171 172 172 172 172
2905 172 172 172 172 171 171 171 171 171 171 171 171 171 171 171 171 171 171 171 171 171 171 171 171 171 171 171 172 172 172 172 172 171 172 172 172 172 172 172 172 172 172 171 171 171 171 171 171 171 171 171 171 171 171 171 171 171 171 171 171
2906 171 170 170 170 170 170 170 170 171 171 171 171 171 170 170 170 170 170 170 170 170 170 171 170 170 170 170 170 169 169 169 169 169 169 169 169 169 169 169 169 169 169 168 168 168 169 168 168 168 168 168 168 168 169 169 169 168 168 168 168
2907 168 168 168 168 168 168 168 168 168 168 168 167 167 167 167 167 167 167 167 167 167 167 167 167 167 167 167 167 167 167 167 167 167 166 166 166 166 166 166 166 167 167 167 167 166 166 166 166 166 166 166 166 166 165 165 165 165 165 165 165
2908 165 165 165 165 166 166 166 166 166 166 166 165 165 165 165 165 165 164 164 164 164 164 163 163 163 163 163 163 163 163 163 163 163 163 163 163 163 163 163 163 163 164 164 164 164 164 165 165  96 165 165 166 166 166 166 167 167 168 168 169
2909 169 170 170 170 170 171 171 171 171 171 172 172 172 172 172 173 173 173 173 174 174 174 174 174 175 175 175 176 176 176 176 176 176 177 177 177 177 177 177 177 177 177 177 177 177 177 177 177 178 178 178 178 178 178 178 178 178 178 178 178
2910 178 178 178 178 179 179 179 179 179 178 178 178 179 179 179 179 179 180 180 180 181 181 181 182 182 183 184 184 185 186 186 187 187 187 187 187 187 187 188 188 188 188 188 189 189 190 190 191 191 191 191 192 192 193 192 192 192 192 193 194
2911 196 197 198 198 198 197 197 197 197 198 198 199 199 200 201 201 203 204 204 203 203 204 204 204 204 205 204 204 204 205 204 204 204 205 205 206 206 205 206 208 209 209 209 209 208 209 209 209 209 209 210 211 211 211 212 212 212 212 213 213
2912 213 214 215 216 217 218 218 217 216 217 217 216 217 218 219 220 220 219 220 219 220 222 224 225 226 225 225 225 225 225 225 224 223 224 224 224 224 223 223 222 222 222 222 222 223 223 223 224 224 225 226 227 227 228 230 230 229 228 229 230
2913 230 229 229 184 229 228 229 231 232 232 230 229 229 230 230 231 232 233 234 236 237 237 237 237 237 236 236 236 237 237 235 235 234 234 233 233 234 235 235 235 236 237 237 237 236 236 235 235 234 234 235 236 237 237 238 240 240 238 237 237
2914 237 236 236 237 238 240 241 241 242 242 242 241 239 238 237 237 238 239 239 240 241 241 242 244 246 246 246 245 243 243 243 244 244 242 243 244 245 244 244 244 242 241 241 243 244 245 247 247 246 246 246 247 248 248 246 245 245 245 247 248
2915 248 249 249 248 248 249 249 248 247 248 247 246 245 246 247 248 249 251 252 251 250 250 249 249 250 251 251 250 249 248 248 247 247 248 250 251 250 249 248 249 249 249 248 249 249 250 250 249 250 251 252 252 250 250 250 250 249 248 247 248
2916 248 248 247 246 246 246 245 245 246 247 248 248 248 249 248 249 247 247 246 246 245 245 245 245 245 245 244 244 244 244 245 245 245 246 246 246 246 246 245 245 245 245 244 243 243 243 243 244 244 244 245 245 246 245 246 246 246 245 245 245
2917 245 245 245 245 245 245 245 245 245 245 246 246 247 246 246 245 245 245 181 245 243 243 244 244 244 244 244 244 244 243 243 243 243 243 243 243 243 244 243 243 243 243 243 243 243 243 242 242 243 243 242 242 242 241 241 241 240 240 240 239
2918 238 238 237 237 237 237 236 236 237 237 237 238 238 237 237 236 236 236 235 234 234 234 235 235 234 234 234 233 233 232 232 231 230 231 230 230 230 230 230 231 230 231 232 232 233 234 234 234 234 233 232 232 232 232 233 233 232 232 233 232
2919 232 232 233 233 232 232 232 233 233 232 232 232 233 233 233 233 232 232 232 232 231 231 231 230 229 229 228 228 228 228 228 229 229 230 230 230 230 230 230 230 230 229 228 228 227 226 225 224 223 222 222 220 220 219 218 217 217 216 216 215
2920 215 215 215 214 214 213 213 212 212 211 211 210 210 210 211 213 214 214 215 217 218 218 217 216 215 213 212 209 207 205 202 200 197 196 194 193 191 190 189 188 187 186 186 185 185 185 185 184 184 183 182 181 181 181 181 180 180 179 179 179
2921 178 178 178 178 177 177 177 177 177 176 177 177 177 177 176 176 176 175 176 176 176 176 176 175 176 175 175 175 175 175 175 175 174 174 175 175 175 174 175 174 174 174 173 173 173 173 173 172 172 172 172 172 172 173 173 173 173 173 172 172
2922 172 172 173 173 173 173 173 173 173 173 174 174 173 173 173 173 174 174 174 173 173 173 174 174 174 174 174 174 174 174 175 174 174 174 174 174 174 174 173 173 173 174 174 174 173 173 174 174 174 174 174 173 173 173 172 172 172 171 171 171
2923 171 170 170 169 169 169 169 169 169 169 169 169 169 169 168 168 168 168 168 168 167 167 167 167 167 167 167 167 167 167 167 167 167 168 167 167 167 167 167 168 167 168 168 168 169 169 169 169 169 169 169 169 169 169 169 169 169 169 169 169
3000 169 169 169 169 169 169 169 169 168 168 168 169 169 169 168 168 168 167 166 166 167 167 168 169 169 169 169 170 170 170 170 169 169 170 169 169 169 168 168 168 167 167 167 167 167 166 167 167 167 167 167 166 166 166 166 166 166 166 166 166
3001 167 167 167 168 168 168 168 168 168 168 168 168 168 168 169 169 169 169 169 169 170 170 170 170 170 170 170 171 171 171 171 170 170 170 170 170 170 170 170 170 171 171 170 171 171 170 170 170 169 169 169 168 168 168 169 169 170 170 170 170
3002 170 170 169 169 168 168 168 168 167 167 167 168 168 168 168 168 168 168 169 169 168 168 167 167 167 167 167 168 168 168 168 168 167 167 166 166 165 164 164 164 164 164 164 164 164 163 163 163 163 164 164 164 165 165 164 163 163 162 162 162
3003 162 162 162 162 161 161 161 162 163 165 165 165 165 165 165 165 164 164 163 163 162 162 162 161 161 161 161 161 160 159 158 158 158 157 156 156 156 155 156 156 155 155 155 156 156 157 157 157 158 159 160 161 161 161 160 160 160 159 159 159
3004 159 159 159 159 159 159 158 158 158 159 159 158 158 158 157 158 158 158 158 158 159 159 160 159 159 159 159 161 161 161 161 161 162 162 162 162 161 162 162 162 163 163 163 163 164 164 165 165 165 165 165 165 165 165 165 165 165 165 165 165
3005 164 164 164 164 164 163 163 162 162 162 161 161 161 161 161 160 161 162 162 161 161 161 161 161 161 161 161 161 161 161 160 160 160 159 159 159 159 158 159 159 159 160 160 160 160 161 161 161 160 161 161 161 161 161 161 161 161 160 160 160
3006 160 160 160 159 159 159 158 158 158 158 157 157 157 157 158 158 158 158 158 158 158 158 158 158 160 162 164 165 166 167 168 170 170 171 171 171 172 172 172 171 171 171 171 171 171 171 171 171 171 172 172 172 172 172 172 172 172 173 173 173
3007 172 172 172 171 171 171 171 171 170 170 170 170 170 170 170 170 170 170 169 169 168 168 168 168 168 168 168 169 169 169 169 168 168 167 167 166 165 164 164 164 163 163 163 162 161 161 160 160 159 158 158 158 157 157 156 155 155 154 154 155
3008 154 154 154 154 153 153 153 153 152 152 153 153 154 154 154 154 154 154 154 154 154 154 154 153 153 153 152 152 151 151 151 151 151 151 150 150 150 150 150 150 150 150 149 149 149 149 149 149 149 150 150 149 149 149 149 149 150 151 145 151
3009 152 152 153 153 153 154 154 154 155 156 156 155 156 157 157 157 157 156 156 157 157 157 156 157 157 158 158 159 159 160 160 160 161 161 162 162 163 163 164 164 165 165 165 165 166 166 167 167 168 168 169 170 171 171 172 172 172 172 172 173
3010 172 172 172 173 173 173 174 174 174 174 174 175 175 176 176 176 177 177 177 177 177 178 179 179 179 179 179 180 180 180 181 181 182 182 181 182 183 183 183 183 184 184 184 183 183 183 183 183 183 183 183 183 183 183 184 185 185 185 185 185
3011 186 186 186 186 186 187 187 187 187 186 186 186 186 187 187 187 187 186 186 186 186 186 185 185 184 185 185 186 186 186 186 187 188 188 188 188 188 188 187 187 187 187 188 188 189 189 189 189 190 191 192 191 191 191 191 190 189 189 190 192
3012 194 196 197 199 200 200 201 200 199 198 197 196 195 195 195 195 194 194 195 195 195 195 195 196 196 195 197 197 197 197 198 199 199 199 199 199 200 200 200 200 199 199 199 200 201 203 203 204 204 204 204 204 203 202 203 203 204 205 207 209
3013 211 213 213 212 213 214 215 217 216 213 213 213 212 212 214 216 218 219 215 213 214 215 216 217 218 217 215 215 215 215 216 218 219 218 218 218 218 217 217 218 219 219 220 221 222 223 223 224 224 223 223 224 226 226 228 229 227 225 226 226
3014 225 223 222 220 220 220 222 224 224 223 225 226 226 227 226 226 227 229 230 229 228 228 228 228 230 231 230 229 228 229 230 231 230 229 229 228 229 229 229 230 232 232 232 231 230 230 232 232 232 232 230 229 229 229 229 230 232 234 234 233
3015 232 232 232 231 230 231 232 233 233 233 233 233 232 231 229 227 224 224 225 226 228 228 228 228 228 228 229 228 228 228 228 229 230 232 232 231 230 229 229 230 231 233 233 232 233 234 235 237 239 240 241 242 240 238 238 238 237 234 233 233
3016 234 235 236 236 236 237 237 237 238 238 238 238 239 239 238 236 236 236 235 233 231 231 232 234 235 235 234 234 236 236 237 237 239 240 240 239 239 238 237 237 237 237 238 238 238 238 240 241 243 242 242 244 246 247 247 246 245 246 246 245
3017 245 244 243 242 241 240 240 240 241 243 243 243 244 243 243 243 243 242 241 241 240 240 241 241 241 240 238 236 236 236 237 238 238 237 238 239 239 237 237 238 238 238 238 238 238 238 238 238 237 238 239 240 241 242 242 242 242 242 241 241
3018 240 239 238 237 237 237 238 238 237 236 235 234 232 232 232 232 231 230 230 230 230 229 227 227 226 226 226 227 226 227 227 227 225 223 222 221 221 221 221 221 221 221 222 222 222 221 222 221 221 220 217 215 213 211 210 208 208 207 206 205
3019 204 203 201 200 198 197 196 196 194 193 193 195 199 202 205 206 206 208 209 210 210 210 210 210 209 209 209 208 208 209 208 208 207 206 205 204 203 203 202 200 200 199 198 196 195 194 193 192 191 192 191 190 190 189 189 188 188 188 187 187
3020 188 188 187 187 187 186 186 185 185 184 184 184 184 184 184 184 183 183 182 182 183 183 182 182 182 182 183 183 183 183 182 182 183 183 183 183 184 184 184 184 184 185 184 184 184 184 184 183 182 182 182 182 182 181 181 181 181 180 181 181
3021 180 180 180 180 180 180 179 179 179 178 178 178 177 177 177 176 176 177 177 177 178 178 179 178 177 177 177 176 176 175 175 174 174 174 173 173 173 172 172 172 172 172 172 172 173 173 172 172 172 172 172 172 172 172 171 170 171 173 175 180
3022 184 187 189 191 193 195 196 196 196 195 193 192 191 189 188 186 184 184 183 182 181 181 180 179 179 178 177 177 176 175 175 174 173 172 172 171 170 169 169 168 167 166 166 165 165 164 164 163 161 160 159 158 157 157 157 156 156 155 155 155
3023 154 153 153 152 152 151 152 153 154 155 155 155 155 155 155 154 154 154 154 154 154 154 154 153 153 152 152 151 151 150 150 149 149 148 148 148 148 147 147 147 147 147 147 146 146 146 146 145 145 145 144 144 144 143 143 143 142 142 141 141
3100 140 140 140 140 139 139 139 139 139 139 139 139 139 139 138 138 138 137 137 137 137 137 137 137 137 138 138 138 138 138 138 138 137 137 137 137 137 137 137 136 136 136 136 135 135 134 134 133 133 133 133 133 133 133 133 133 132 132 132 132
3101 132 132 132 132 131 131 131 131 131 131 131 131 131 131 131 132 132 132 133 133 133 133 133 134 134 134 134 134 134 135 134 134 134 134 134 134 134 135 135 135 135 135 135 135 135 135 135 135 135 135 135 136 136 136 136 136 135 135 135 135
3102 135 135 135 134 134 134 134 134 134 134 134 134 133 133 133 133 133 133 134 134 134 134 134 135 135 135 135 135 134 134 134 134 134 134 134 134 134 134 134 134 134 134 133 133 133 132 132 133 134 134 135 134 134 134 134 134 134 134 133 133
3103 133 133 132 132 132 132 132 131 131 131 131 131 130 130 130 130 130 130 129 129 129 129 128 129 129 129 129 129 129 129 129 129 128 128 128 128 127 127 127 127 127 126 126 127 127 127 127 127 127 127 127 127 127 127 127 126 126 125 125 125
3104 125 125 125 125 125 125 125 124 124 123 123 123 122 122 121 121 121 121 121 121 121 121 120 120 121 121 121 122 122 122 122 121 121 122 122 122 122 121 121 120 120 120 120 120 120 120 120 120 119 119 119 119 119 119 118 118 118 118 118 118
3105 118 118 118 118 119 118 118 118 118 117 117 117 117 117 117 117 117 117 117 117 117 118 118 118 118 118 118 117 118 117 117 117 117 117 117 117 117 117 117 117 117 118 118 118 118 118 118 118 117 118 118 118 118 117 117 117 117 116 116 116
3106 116 116 116 116 116 116 116 116 116 116 116 116 116 116 116 116 115 115 114 115 115 115 114 115 114 114 114 115 115 115 116 116 116 116 116 116 116 116 116 116 116 115 115 114 114 114 114 114 114 115 115 115 115 115 116 115 115 116 116 116
3107 116 115 116 116 115 115 115 115 115 115 115 115 115 115 115 115 115 114 114 114 114 114 115 115 115 115 115 115 115 116 116 115 115 115 115 115 115 114 115 115 115 115 115 114 114 114 115 115 114 114 114 114 114 113 113 113 113 113 113 113
3108 113 113 113 113 113 113 113 113 113 113 113 113 113 112 112 112 112 111 111 110 110 110 110 110 110 110 110 110 110 110 110 110 110 110 110 110 110 110 111 111 111 111 111 112 112 113 113 114 114 114 114 114 115 115 116 116 117 117 117 117
3109 118 119 119 119 120 120 120 120 121 121 121 122 122 122 123 124 124 125 126 126 127 128 129 130 131 132 133 134 134 135 136 136 137 137 138 139 139 140 141 141 142 143 144 145 145 146 146 147 149 150 151 151 151 151 151 152 152 153 153 155
3110 157 159 159 159 160 161 161 162 162 163 164 163 163 163 164 164 164 164 163 163 164 165 166 168 170 169 168 168 167 167 167 167 167 167 168 170 170 170 171 171 172 173 174 176 177 178 179 180 182 183 183 185 184 182 181 181 181 182 181 180
3111 196 199 200 200 200 200 200 200 201 202 202 202 201 201 201 201 202 203 203 203 204 205 205 206 207 207 207 207 206 204 205 205 205 206 206 207 207 208 210 211 212 212 211 210 209 209 209 210 211 210 211 211 212 212 211 212 213 213 212 213
3112 214 215 215 214 214 214 215 215 215 215 215 216 216 216 215 215 217 218 218 218 220 221 221 221 219 218 219 219 221 221 222 222 223 224 224 226 226 224 223 224 225 225 225 226 228 229 229 226 225 225 225 226 225 225 226 228 228 229 229 229
3113 228 228 228 228 229 230 229 227 226 227 227 227 227 227 229 230 229 230 230 230 229 230 230 230 232 233 234 235 237 236 233 233 231 229 229 230 229 229 231 232 231 229 229 229 229 229 230 230 229 229 230 232 231 231 232 231 230 230 231 230
3114 231 232 233 233 232 233 234 234 234 233 233 233 233 233 231 231 232 230 230 231 234 237 238 237 237 237 236 236 237 237 238 237 236 232 229 231 232 234 235 234 233 234 234 235 235 234 234 232 232 233 234 234 233 233 233 234 234 233 234 235
3115 236 237 237 237 239 239 239 237 236 236 236 236 235 235 236 237 236 237 237 236 236 236 236 235 236 236 236 236 237 237 237 236 155 154 154 155 155 155 154 154 154 154 154 154 154 154 154 154 154 154 154 154 154 154 155 155 154 155 155 155
3116 236 235 235 236 237 236 237 237 236 236 236 236 235 236 236 236 236 237 237 237 236 235 235 235 236 236 236 235 235 236 236 236 237 237 237 237 237 237 237 237 236 237 237 238 237 237 238 239 239 239 238 237 236 236 236 236 236 235 236 235
3117 235 236 238 238 238 239 239 239 239 240 239 239 238 237 237 236 236 236 235 235 236 237 238 239 241 240 238 237 236 235 234 234 235 235 234 233 233 232 232 231 231 231 231 230 230 230 230 229 229 229 228 227 227 227 226 226 226 226 225 225
3118 224 225 225 224 223 223 224 224 224 225 225 225 226 226 226 226 226 226 225 224 224 223 222 222 221 220 219 218 217 216 216 216 217 217 217 217 217 216 216 216 217 217 216 216 217 217 216 216 216 215 215 214 214 213 214 215 214 214 214 213
3119 213 212 212 212 211 211 211 211 212 211 211 211 211 209 208 207 206 206 205 204 202 202 201 201 202 201 200 199 198 197 197 196 195 194 194 193 192 192 192 191 190 189 189 189 188 188 188 188 187 187 187 187 187 186 186 186 186 186 186 186
3120 186 185 185 185 184 184 185 185 185 185 185 184 184 184 184 183 183 183 183 183 183 182 182 182 182 182 182 182 182 181 181 181 181 181 180 180 180 180 179 179 180 180 180 180 180 181 182 182 182 183 182 183 183 184 184 184 183 184 184 184
