58265 2011   121213603204   65   24 6670   55    1--------------------------------------------------------------------------------------------------------------------------------------------------------------------------------------------------
3021 133 133 133 133 133 133 134 134 134 134 134 134 134 134 134 134 134 134 134 134 134 134 133 133 133 133 133 133 133 133 133 134 133 133 133 133 133 133 133 133 133 133 133 132 132 132 132 132 132 132 132 132 133 132 132 132 132 132 132 132
3022 132 132 132 132 132 132 132 132 131 131 131 131 131 131 132 131 132 132 132 131 131 131 132 132 132 133 133 133 133 133 132 133 132 132 132 132 132 132 133 133 133 133 133 133 133 133 133 133 133 132 132 132 132 133 133 133 133 133 133 133
3023 133 132 132 132 132 132 132 132 132 131 131 131 131 131 131 131 131 131 131 131 131 132 132 132 132 132 132 131 131 131 131 131 131 131 130 130 130 130 130 130 130 130 130 130 130 130 130 130 130 130 130 129 129 129 129 129 129 129 130 130
0100 130 130 130 130 130 129 129 129 130 130 129 129 129 115 129 129 129 129 129 129 129 129 128 128 129 129 129 129 129 129 129 129 129 129 128 129 129 129 129 129 129 129 129 129 129 128 128 128 128 128 128 128 127 127 127 128 128 128 127 127
0101 127 128 127 128 127 127 127 127 127 127 127 127 126 127 126 127 127 127 126 126 126 126 125 125 125 125 125 124 124 124 124 124 124 123 123 124 124 124 124 124 124 124 124 123 123 123 123 123 123 123 123 123 123 123 123 122 122 122 122 122
0102 122 121 121 122 122 122 122 122 122 122 121 121 121 121 120 120 120 119 119 118 117 117 117 117 117 117 116 116 116 115 115 115 114 113 113 112 112 111 111 110 109 108 107 107 106 105 105 104 103 103 103 102 102 101 101 100  99  98  99  98
0103  98  98  98  98  98  98  98  98  97  97  97  97  97  97  97  97  97  98  97  98  97  97  96  95  94  94  95  95  96  96  97  97  96  97  97  97  97  97  97  97  97  97  96  96  95  95  94  93  93  94  94  94  94  94  94  94  94  94  94  94
0104  94  94  94  94  94  94  94  94  94  94  93  94  94  94  94  95  95  95  95  94  94  94  95  94  94  94  94  94 123  94  93  93  93  93  92  92  92  92  92  91  91  91  91  91  91  91  91  91  91  90  90  90  90  89  90  89  89  89  88  88
0105  88  88  89  89  89  89  89  90  89  89  89  89  89  90  90  90  90  89  89  89  90  90  90  90  90  89  89  88  88  88  88  87  87  86  86  86  86  86  86  86  86  86  86  86  86  87  87  87  87  87  87  87  88  88  88  88  88  88  88  88
0106  88  89  89  89  89  89  89  89  89  89  89  89  90  89  89  89  89  89  89  89  89  89  89  89  89  90  90  91  91  91  91  91  91  91  91  91  91  91  91  90  90  90  90  89  89  89  89  88  88  88  88  88  88  88  88  88  88  88  88  88
0107  89  89  89  89  89  89  89  89  90  90  90  91  91  91  91  91  91  91  90  90  89  89  89  88  88  88  88  88  88  88  88  88  88  88  88  88  88  88  88  88  88  88  88  88  88  88  88  88  88  88  88  88  88  88  88  88  88  88  88  88
0108  88  88  88  88  88  89  89  89  89  89  89  89  89  89  89  89  89  89  90  90  90  90  90  90  90  90  90  90  90  90  90  90  91  91  91  91  91  91  91  91  92  92  91  91  91  91  91  91  91  91  91  90  90  91  91  91  91  91  91  92
0109  92  92  92  92  92  92  92  92  93  93  93  94  94  94  94  94  94  94  93  94  94  94  93  93  93  93  93  94  94  95  95  95  95  96  96  96  97  97  97  97  97  97  97  97  97  97  97  98  98  98  98  97  97  97  97  97  98 100 101 101
0110 102 103 104 104 104 104 104 104 105 105 105 104 105 105 105 105 106 105 106 106 106 106 106 107 107 106 106 106 106 107 107 107 107 107 108 108 108 108 108 108 108 108 108 109 109 109 109 109 109 109 109 109 109 110 110 110 110 110 109 110
0111 110 111 112 111 111 111 111 111 112 112 111 112 112 112 112 112 112 113 113 113 114 113 113 113 113 114 114 114 114 114 114 115 115 116 116 117 117 117 117 117 117 117 117 117 117 117 117 117 117 117 117 117 118 118 118 118 118 118 118 119
0112 119 119 119 119 119 119 119 120 119 119 119 120 120 120 120 120 120 121 121 121 121 121 121 122 122 122 122 121 121 121 121 121 121 121 121 122 122 122 122 122 122 122 122 122 122 122 122 122 123 123 122 122 122 123 123 123 123 124 123 123
0113 123 123 123 123 124 124 124 124 125 125 125 125 125 124 125 125 125 125 125 126 127 128 128 129 129 130 130 129 130 130 129 129 129 129 130 130 130 130 130 130 130 130 130 130 130 130 131 131 132 131 130 130 129 129 129 130 131 131 131 131
0114 132 132 131 130 130 130 130 129 129 130 130 130 130 130 130 131 131 131 130 129 128 129 129 130 130 130 129 128 128 127 128 128 128 128 130 131 130 130 130 130 130 131 132 132 133 133 133 133 133 132 131 131 132 132 133 133 133 133 132 131
0115 130 131 133 133 134 136 137 137 137 137 135 135 136 136 136 136 136 136 136 135 135 136 137 137 136 137 137 138 139 138 138 138 140 140 140 142 143 144 144 145 145 146 146 145 143 142 141 140 142 143 141 140 142 144 143 142 140 139 140 139
0116 141 142 144 145 144 145 146 146 146 144 143 143 144 144 143 143 142 140 139 138 139 140 140 139 138 137 137 137 139 140 141 141 141 139 138 137 137 137 138 138 137 137 138 139 139 140 141 142 140 139 138 138 138 138 138 138 138 138 138 139
0117 139 139 139 139 139 139 139 139 139 138 137 137 137 137 137 137 138 137 137 137 137 136 136 136 136 136 136 135 135 135 134 134 134 134 134 134 134 134 133 133 132 132 132 132 132 132 132 132 133 132 133 132 132 132 132 132 131 131 131 131
0118 131 131 131 131 131 132 131 131 131 131 131 130 131 130 130 131 130 130 130 130 130 130 130 130 130 130 130 129 129 129 129 129 129 129 129 129 128 128 128 128 128 127 127 127 127 126 126 125 125 125 125 125 125 124 124 124 124 123 123 123
0119 122 123 122 122 122 123 124 124 124 124 124 125 125 124 124 124 124 123 122 122 122 123 123 123 122 122 122 122 123 124 124 124 124 124 124 124 125 125 125 125 125 125 125 125 125 125 125 125 124 124 124 125 125 125 125 125 125 125 125 125
0120 125 125 125 125 125 125 125 125 125 125 125 125 125 125 125 125 125 125 125 125 125 125 125 125 125 125 125 125 125 125 125 125 125 125 125 124 124 124 124 124 124 124 124 124 123 123 123 123 123 123 123 123 123 123 123 122 122 123 123 123
0121 123 123 123 122 122 121 121 121 121 121 120 120 121 120 120 120 120 120 121 121 121 121 120 120 120 121 122 122 122 122 122 122 122 121 121 120 120 120 120 120 120 120 120 120 121 120 120 120 121 121 121 121 121 121 121 121 121 121 121 121
0122 120 121 120 120 120 121 121 121 121 121 121 121 121 121 121 120 120 120 120 121 120 120 120 120 120 120 119 119 119 119 118 118 117 118 117 117 117 117 117 117 116 116 116 116 116 116 116 116 116 115 115 115 115 114 114 114 113 113 113 113
0123 113 113 113 112 112 112 112 111 111 110 110 110 109 108 106 105 105 104 103 102 101 100  99  98  98  97  96  95  94  94  93  92  91  91  90  90  89  89  88  88  87  87  87  86  86  86  86  86  85  85  86  86  85  85  85  85  85  84  84  84
0200  83  84  84  85  85  85  85  86  86  85  85  84  84  84  84  84  84  83  83  83  83  82  82  82  83  83  83  84  84  84  84  84  84  84  84  85  84  84  84  84  84  84  84  84  84  84  84  84  84  85  86  87  87  87  88  88  89  89  89  89
0201  89  90  90  90  90  90  90  90  92  93  93  93  93  93  92  92  91  91  90  89  88  88  87  86  85  84  84  83  82  81  80  80  80  80  80  80  80  79  79  79  79  79  79  79  79  79  79  80  80  80  80  83  84  85  85  85  85  85  85  85
0202  87  86  85  85  84  83  83  83  84  84  85  85  86  86  85  85  86  86  86  85  85  85  85  85  85  86  86  86  86  87  88  88  88  88  88  88  88  88  88  88  88  88  88  88  87  87  87  87  87  87  87  87  87  87  86  86  86  86  86  86
0203  86  86  86  86  86  86  86  86  87  87  87  87  87  87  86  86  86  86  85  84  84  84  83  83  82  81  81  81  81  81  81  81  80  81  80  80  79  78  77  77  77  76  76  75  75  75  75  74  74  73  73  72  72  72  71  70  70  69  70  71
0204  72  72  73  74  76  78  79  80  80  81  81  81  81  81  81  81  81  81  82  82  83  83  83  84  84  84  84  84  84  84  84  83  83  84  84  84  84  84  84  84  83  83  83  83  83  83  83  83  83  83  83  82  82  82  81  81  81  82  82  82
0205  82  82  82  81  81  82  82  81  80  78  77  77  76  77  77  78  78  78  78  78  79  79  79  78  77  76  75  75  74  74  74  73  73  73  73  73  72  72  72  71  71  70  69  68  68  68  68  68  69  70  71  72  72  73  73  74  74  75  75  74
0206  73  72  71  71  70  70  70  69  69  69  69  68  68  67  67  67  68  68  69  69  70  70  69  69  69  69  69  68  68  68  68  68  68  68  67  67  66  66  66  66  65  65  66  68  68  69  70  70  70  70  70  71  71  71  71  71  71  72  71  71
0207  71  69  68  67  66  65  64  63  62  62  62  62  61  61  61  60  59  60  60  60  60  60  60  58  58  58  58  58  58  58  58  58  58  58  58  58  58  58  57  57  57  56  56  57  57  56  55  54  55  54  54  53  53  54  54  54  54  54  54  54
0208  54  54  54  54  54  54  53  53  52  52  52  52  52  52  52  52  52  51  50  50  50  50  51  51  51  50  50  51  51  51  50  50  50  50  50  50  50  50  49  49  49  49  49  49  50  50  50  51  51  51  51  51  50  50  51  51  51  51  51  51
0209  51  51  52  52  53  53  53  53  53  53  54  54  54  54  54  54  53  53  54  54  54  54  54  54  55  55  55  56  57  57  58  58  59  59  59  60  60  61  61  62  62  63  63  63  64  64  65  65  65  66  67  68  68  69  71  72  74  74  75  75
0210  75  76  77  78  78  79  80  81  83  84  86  88  91  91  91  92  93  94  95  96  96  97  97  97  98  99 101 103 103 104 104 104 104 104 104 105 105 106 106 107 107 107 108 109 109 110 110 110 109 108 108 108 108 109 109 109 108 108 108 109
0211 109 110 111 112 112 113 113 113 114 114 114 113 115 117 118 118 118 118 118 118 118 118 118 119 119 119 119 119 118 117 114 115 115 116 117 116 115 115 116 116 117 118 116 116 116 116 116 117 119 120 122 123 122 120 119 119 120 120 119 119
0212 119 119 120 120 120 121 121 122 122 121 122 124 124 123 124 125 127 127 127 125 123 123 122 123 124 125 126 126 126 125 124 126 127 128 129 129 129 127 126 127 128 128 129 128 126 126 127 129 130 130 129 129 129 129 129 127 128 128 128 130
0213 133 135 136 136 134 131 131 131 130 129 130 132 133 134 135 133 132 132 131 131 132 133 135 135 134 133 131 131 133 133 132 131 132 133 135 137 139 141 142 143 142 142 139 137 135 135 134 133 134 133 132 131 132 133 135 136 135 135 134 135
0214 137 139 139 136 134 134 135 135 134 134 134 134 133 133 134 136 136 135 134 134 134 134 134 135 137 139 139 139 138 136 134 133 134 134 135 134 133 132 131 131 131 131 131 131 131 131 131 130 131 131 131 131 131 132 132 132 132 132 132 132
0215 132 132 132 132 132 132 132 131 131 131 132 132 131 132 132 132 132 132 132 132 133 134 134 134 134 135 135 134 134 133 133 133 133 134 135 135 135 135 134 134 134 134 134 135 135 135 135 135 136 136 136 136 136 136 136 136 136 136 137 137
0216 138 139 139 139 138 138 138 139 139 139 138 137 137 137 137 137 136 137 136 136 136 136 136 136 135 135 134 134 134 133 133 133 133 133 133 134 134 134 134 134 134 133 133 133 133 133 133 133 133 133 133 133 133 133 133 133 133 133 133 132
0217 132 132 132 132 132 132 132 132 132 131 131 131 131 131 131 131 131 131 131 131 131 131 131 131 131 131 131 131 131 131 131 131 131 131 131 131 131 131 131 131 131 131 131 130 130 141 131 130 131 131 131 131 131 131 131 131 131 130 130 130
0218 130 130 130 130 130 130 130 130 130 130 130 130 129 129 129 129 129 129 129 129 129 129 129 129 129 129 129 129 129 129 129 129 129 129 129 129 129 129 129 129 128 128 128 128 129 129 129 129 128 128 127 127 127 127 126 126 126 126 125 125
0219 125 125 125 124 124 124 124 124 124 124 124 124 123 124 123 123 123 123 123 123 122 122 122 122 122 122 122 121 121 121 121 121 121 121 121 121 121 120 120 120 120 120 120 120 120 120 120 120 120 120 120 120 120 119 120 120 120 119 120 120
0220 119 119 119 119 119 119 119 119 119 118 118 118 117 117 117 117 117 117 117 117 117 117 117 117 117 117 117 117 116 116 116 116 116 116 115 115 115 115 115 115 115 114 114 114 114 114 114 114 113 113 113 113 113 113 113 113 113 113 113 112
0221 112 112 112 112 112 111 111 111 111 111 111 111 111 111 111 111 110 110 110 110 110 109 110 109 109 109 109 109 109 109 109 109 109 109 109 108 108 108 108 108 108 108 108 108 108 107 108 107 107 107 107 107 107 107 107 107 107 107 107 107
0222 131 107 107 106 106 106 106 106 106 106 106 106 106 106 106 106 106 106 106 106 106 106 106 106 106 106 106 106 106 106 105 106 105 106 106 106 106 106 106 106 106 106 106 106 106 106 105 105 106 106 105 105 105 105 105 105 105 105 105 105
0223 105 105 105 105 105 105 105 105 105 105 105 105 105 105 105 105 105 104 104 104 104 104 104 104 104 104 104 104 104 104 104 104 104 104 104 104 103 103 103 103 103 103 103 102 103 102 102 102 102 102 103 103 102 102 102 102 102 102 103 103
0300 103 103 102 103 103 102 102 102 102 101 101 101 101 101 101 101 101 101 101 101 101 100 100 100 100 100 100 100 100 100 100 100 100 100 100 100 100 100 100 100 100 100  99  99  99  99 100 100  99 100 100 100 100 100 101 101 100 100 100 100
0301 100 100 100 100 100 100 101 101 101 101 100 100 101 101 102 103 102 102 101 101 101 101 101 101 101 101 101 101 101 101 102 102 102 103 103 103 103 103 103 103 103 103 103 103 103 103 103 103 103 103 104 104 104 104 104 104 104 104 104 104
0302 104 104 104 104 104 104 104 104 104 104 104 104 104 104 104 122 104 104 103 104 103 103 103 103 103 103 103 102 102 102 103 103 103 103 102 103 102 102 102 102 102 103 103 103 102 103 103 103 103 103 103 103 102 102 103 102 102 102 102 102
0303 102 102 102 102 102 102 102 102 102 102 102 102 102 102 102 102 102 102 102 102 102 102 102 102 102 102 102 102 102 102 102 102 102 102 102 102 102 102 102 102 102 102 102 102 102 102 102 102 102 102 102 102 102 102 102 101 101 102 102 101
0304 101 101 101 101 101 101 101 101 101 101 101 101 101 101 101 101 101 101 101 101 101 101 101 101 101 101 101 100 100 100 100 100 100 100 100 100 100 100 100 100 100 100  99  99 100  99  99 100 100  99 100 100 100 100 100 100 100 100 100 100
0305 100 100 100 100  99  99  99 100 100 100 100 100 100 100 100 100 100  99  99  99  99  99  99  99  99  98  98  98  98  97  97  97  97  97  97  97  97  97  97  97  97  97  97  97  97  98  98  98  97  97  97  97  97  97  97  97  97  97  97  97
0306  97  97  97  98  98  98  98  98  98  98  98  98  98  98  98  98  98  98  98  98  98  97  98  98  97  97  97  97  97  97 121  97  97  97  97  97  97  97  97  97  97  97  97  97  97  97  97  97  97  97  97  97  97  98  98  98  97  97  97  97
0307  97  97  98  97  97  97  97  97  97  97  98  98  97  97  97  98  97  97  97  97  97  97  97  97  97  97  97  97  97  97  97  97  97  97  97  97  97  97  97  97  97  97  97  97  97  97  97  97  97  97  97  97  97  97  97  97  97  97  97  97
0308  97  97  97  97  97  97  97  97  97  97  97  97  97  97  97  97  97  97  97  97  97  97  97  97  97  97  97  97  97  97  97  97  97  97  97  97  97  97  97  97  97  97  97  97  97  97  97  96  96  97  97  97  97  97  97  97  97  97  97  97
0309  97  97  97  98  98  98  98  98  98  97  98  97  98  97  97  97  98  98  98  98  98  98  98  98  98  98  97  97  97  97  97  97  97  97  97  97  97  97  97  97  97  97  97  98  98  98  98  98  98  98  98  98  98  98  98  98  98  98  98  99
0310  98  98  98  98  98  99  99  99  99  99  99  98  99  99  99  99  99  99  99  99  99  99  99  99  99  99  99 100 100  99 100 100 100 100 100 100 100 100 100 100 100 100 100 100 100 100  99 100 100 100 100 100 100 100 100 100 100 100 100 100
0311 100 100 100 101 101 101 101 101 101 101 101 101 101 101 101 101 101 102 102 102 102 102 102 102 102 102 102 102 102 102 102 102 102 102 102 102 102 103 103 103 103 103 104 104 104 104 104 104 104 105 105 105 105 105 105 105 105 105 105 106
0312 106 107 107 106 106 107 107 106 107 107 107 107 107 108 108 108 107 107 107 107 108 108 109 108 108 108 108 108 109 108 108 108 108 108 108 108 109 109 109 109 108 108 109 109 109 110 110 110 110 110 110 110 109 110 110 110 110 110 110 110
0313 110 110 110 110 110 110 110 110 110 110 110 110 110 110 110 110 111 112 112 111 111 110 110 110 110 110 110 110 110 110 110 110 110 110 110 110 109 109 109 109 110 110 111 111 111 111 111 112 112 112 111 111 111 111 111 110 110 110 111 111
0314 111 112 112 112 111 111 111 110 110 110 111 111 111 111 111 111 111 111 110 110 110 110 111 110 110 111 111 111 110 110 110 110 110 110 111 111 111 112 112 112 112 111 111 111 111 112 112 112 112 112 112 112 112 112 112 112 112 112 112 112
0315 112 112 112 112 112 112 112 113 114 114 114 114 113 113 113 113 113 112 112 112 112 112 112 112 113 113 113 112 112 112 112 112 112 112 112 112 112 112 112 112 113 113 113 113 114 113 113 113 113 112 112 112 112 111 111 111 111 111 111 112
0316 112 112 112 112 112 112 113 113 113 112 112 111 111 111 111 111 111 110 111 110 111 111 111 111 111 111 111 111 111 111 111 111 111 111 111 111 111 111 111 111 111 111 111 111 111 111 111 111 111 111 111 111 111 111 111 111 111 111 110 110
0317 111 110 110 110 110 110 110 110 110 110 110 110 110 110 110 110 110 110 110 110 110 110 110 110 110 110 110 110 110 110 110 110 110 110 110 110 110 110 110 110 110 110 110 110 110 110 110 110 110 110 110 110 110 110 110 110 110 110 110 110
0318 110 110 110 110 110 110 110 110 110 110 110 110 110 110 110 110 110 110 110 109 109 109 109 109 109 109 109 109 109 109 109 108 108 108 109 108 108 108 108 108 108 108 108 108 108 108 108 108 108 108 108 108 108 108 108 108 108 108 108 108
0319 108 108 108 108 108 108 108 108 108 108 107 107 107 107 107 107 107 107 107 107 107 107 107 107 107 107 107 107 107 107 107 107 107 107 107 107 107 107 107 107 107 107 107 107 107 107 107 107 107 107 107 107 107 107 107 108 108 108 108 108
0320 108 108 108 108 107 107 108 107 107 107 107 107 107 107 107 107 107 107 107 107 107 108 108 108 108 107 107 107 107 107 107 108 108 108 108 107 107 107 107 107 107 107 107 107 107 107 107 107 107 107 108 108 108 108 108 108 108 108 108 108
0321 108 108 108 108 108 108 108 108 108 108 108 108 108 108 108 108 108 108 108 108 108 108 108 108 108 108 108 108 107 108 108 107 107 107 107 107 107 107 107 107 107 107 107 107 107 106 106 106 106 106 106 106 106 106 106 106 106 106 106 106
0322 106 106 106 106 106 106 105 105 105 105 105 105 105 105 105 105 105 106 106 106 106 106 106 106 106 106 106 106 106 106 106 106 106 106 106 106 106 106 106 106 106 106 106 106 106 106 106 106 106 106 106 105 105 105 105 105 105 105 106 106
0323 106 105 105 105 105 105 105 105 105 105 105 105 105 105 105 104 104 104 104 104 104 104 104 104 104 103 103 103 103 103 103 103 103 103 103 103 103 103 103 103 103 103 103 103 103 103 103 103 103 103 102 102 102 102 102 102 103 103 103 103
0400 103 103 103 102 103 102 102 102 102 102 102 102 102 102 102 102 102 102 102 102 102 102 102 102 102 102 102 102 102 102 102 102 102 102 102 102 102 102 102 102 102 102 102 102 102 101 101 102 102 101 101 101 101 101 101 101 100 100 100 100
0401 100 100 100 100 100 100 100 100 100 100 100  99 100  99  99  99 100 100 100  99  99  99  99  99  99  99  99  99  99  99  99  99  99  99  99  99  99  99  99  99  99  98  99  99  98  98  98  98  98  98  98  97  97  97  97  97  97  97  97  97
0402  97  97  97  97  97  97  97  97  97  97  97  97  97  97  97  97  97  97  97  97  97  97  97  97  97  97  97  97  97  97  97  96  96  96  96  96  96  96  96  96  96  96  96  96  96  96  96  96  96  96  96  96  96  96  96  96  96  96  96  96
0403  95  95  95  95  95  95  95  95  95  95  95  95  95  95  95  95  95  95  95  95  95  95  95  95  95  95  95  95  95  95  95  95  95  95  95  95  95  95  95  95  95  95  94  94  94  94  94  94  94  94  94  94  94  94  94  94  94  94  94  94
0404  94  94  94  94  94  94  94  94  94  94  94  93  93  93  93  93  93  93  93  92  92  92  92  92  92  92  92  92  92  91  92  91  91  91  91  91  91  91  91  91  91  90  90  90  90  90  90  90  90  90  89  89  89  89  89  89  89  88  88  88
0405  89  89  89  88  88  88  88  88  88  87  87  87  87  87  87  87  87  87  87  87  87  87  87  87  87  87  87  87  87  87  87  87  87  87  86  87  87  86  87  87  88  88  88  88  87  87  87  87  87  86  86  86  86  86  86  86  86  85  86  86
0406  86  86  86  86  86  86  86  87  87  87  87  87  87  88  88  88  88  88  88  88  88  87  88  87  87  87  87  87  87  87  87  87  88  88  88  88  88  88  87  87  87  87  87  87  87  87  87  87  87  87  87  87  87  87  87  87  87  87  87  87
0407  87  87  87  87  87  86  86  86  86  86  86  86  87  87  87  87  87  87  87  87  87  88  87  87  87  87  87  87  87  87  87  87  87  87  87  87  87  87  87  87  87  86  86  86  86  86  86  86  86  86  86  86  86  86  86  87  87  87  87  87
0408  87  87  87  86  87  87  87  86  87  87  87  88  88  89  89  89  88  88  88  88  89  89  88  88  88  88  88  88  87  88  88  88  87  87  87  86  86  86  87  87  88  88  88  88  88  88  88  88  88  88  88  88  88  88  88  88  88  88  88  88
0409  88  88  88  88  88  88  88  88  88  88  88  88  88  88  88  88  88  88  88  88  88  88  88  88  88  88  88  88  88  88  88  88  88  88  88  88  88  87  87  87  88  88  87  87  87  87  88  88  88  88  88  88  89  88  89  89  89  89  88  88
0410  89  89  89  89  89  89  89  89  89  90  90  90  90  90  90  90  90  91  90  90  90  90  90  90  90  90  91  91  90  91  91  91  91  91  91  91  91  91  91  91  91  91  92  92  92  92  92  92  92  93  93  93  93  93  93  93  93  93  93  93
0411  93  93  94  94  94  94  94  94  94  94  95  94  95  95  95  95  95  95  96  96  96  96  97  97  97  97  97  97  98  98  98  98  98  99  99  98  98  99  99  99  99  99  99  99 100 100 100 100 100 100 100 100 100 100 101 102 102 102 101 101
0412 101 101 101 100 100 100 101 100 101 101 101 100 101 101 101 101 101 101 101 101 101 103 103 104 104 104 104 104 105 105 104 104 104 104 104 104 104 104 104 104 103 104 104 104 104 104 104 104 104 104 103 103 102 103 103 102 102 102 103 103
0413 103 104 103 103 103 102 102 102 102 102 102 102 103 102 102 101 102 103 103 103 103 102 102 102 102 102 101 102 102 101 102 101 101 101 101 101 101 101 102 103 102 102 102 103 103 103 103 103 103 103 102 101 101 100 101 101 101 101 100 100
0414 100 100 100 100 100 100 100 101 100 100 100 101 102 101 100 101 101 101 101 100 100 100 101 101 101 102 102 101 101 101 100 101 100 100 100 100 100 101 101 102 102 102 102 102 103 103 103 104 104 103 103 105 105 106 107 106 106 106 105 105
0415 106 106 106 107 106 106 106 107 108 107 106 106 107 107 107 108 108 107 106 105 105 105 105 104 104 104 103 103 102 103 103 103 102 102 102 102 103 103 103 103 103 103 103 103 103 102 102 103 103 104 104 104 104 104 104 104 104 104 104 104
0416 104 104 104 104 103 103 103 104 104 104 104 103 103 104 103 103 103 103 103 104 104 104 104 104 104 103 103 103 103 103 103 103 103 102 102 102 102 102 102 102 102 102 102 102 102 102 102 102 102 102 102 102 103 103 103 103 103 102 103 103
0417 103 103 104 103 103 103 103 103 103 104 104 104 104 103 104 104 104 104 103 103 103 103 104 103 103 103 103 103 103 103 104 104 104 103 103 104 103 103 103 103 103 103 103 103 104 104 104 104 104 104 104 104 104 104 103 104 104 103 103 103
0418 104 104 104 104 104 104 104 104 103 103 103 103 103 103 104 104 104 104 104 104 103 103 103 103 103 103 103 103 103 103 103 103 103 103 103 103 103 103 103 103 103 103 103 103 103 103 103 103 103 103 103 102 102 102 102 103 103 103 103 103
0419 103 103 102 102 102 102 102 102 102 102 102 102 102 102 102 102 102 102 103 103 103 103 102 102 102 102 102 102 102 102 102 102 102 102 102 101 101 102 102 102 102 102 102 102 101 102 102 142 101 102 101 102 101 101 101 101 101 101 101 101
0420 101 101 102 102 102 102 102 102 102 102 102 102 102 102 102 101 101 101 101 101 101 101 101 101 101 101 101 100 100 100 100 100 100  99  99  99  99  99  99  99  99  99 100 100 100 101 101 101 101 101 101 101 101 101 101 102 102 102 102 102
0421 102 102 102 102 102 102 102 102 102 101 101 101 101 100 100 100 100  99  99  99  99  98  98  98  98  98  97  97  97  97  97  97  97  97  97  97  97  97  97  97  97  97  98  98  99  99 100 100 100 100 100 100 100 100  99  99  98  98  98  98
0422  98  98  98  98  98  98  99  99  99  99  98  98  98  99  99  98  98  98  98  98  98  98  98  98  99  99  98  98  98  98  98  98  97  97  97  97  97  97  97  97  97  96  96  96  96  96  96  96  96  95  96  96  96  96  96  96  96  96  96  97
0423  97  97  97  97  98  98  99  99  99  98  97  97  97  97  97  96  96  96  95  95  95  95  95  95  95  96  96  96  96  97  97  97  97  97  97  97  97  97  97  97  97  97  98  98  99  99  99  99  99  99  99  99  99  99  99  99  99  99  99  98
0500  98  98 117  97  97  97  97  97  97  98  98  97  97  97  97  97  96  97  97  97  97  97  96  96  96  97  97  97  97  97  97  97  97  97  97  97  97  97  97  96  96  96  96  96  96  96  95  95  94  95  94  94  94  95  95  94  94  94  94  94
0501  94  94  94  95  95  96  97  97  97  97  97  98  98  98  98  98  98  98  98  98  98  98  98  99  99  99  99  98  99  99  99  98  98  98  98  98  98  98  98  98  98  98  98  98  98  97  97  97  97  97  97  98  97  97  97  97  97  97  97  97
0502  97  97  97  97  97  97  97  97  97  97  97  97  97  97  96  96  95  95  95  94  95  94  94  94  94  94  94  94  94  94  94  94  94  94  94  94  94  94  94  94  94  94  94  94  94  95  95  95  95  95  94  95  95  95  95  94  94  95  95  95
0503  96  96  96  96  96  96  96  96  96  96  95  95  95  95  95  95  95  95  96  96  96  96  96  96  96  96  96  96  96  96  96  96  96  96  96  96  96  96  95  95  95  94  94  93  93  93  93  93  93  92  92  92  92  92  92  92  92  92  91  91
0504  91  91  91  91  91  91  91  91  91  91  90  91  91  90  91  91  91 116  91  90  90  90  91  91  91  91  91  90  90  90  90  90  90  90  90  90  90  89  89  89  89  89  89  90  90  89  89  89  89  90  90  90  90  91  91  90  91  90  90  90
0505  90  90  90  90  90  90  90  89  89  89  89  89  89  89  89  89  89  89  90  90  90  91  90  90  90  91  91  91  91  91  91  91  91  91  91  90  90  90  91  91  91  91  90  90  90  90  90  90  90  90  90  90  90  89  90  90  90  90  90  89
0506  89  89  89  89  89  90  89  89  89  90  90  90  90  91  91  91  92  92  92  93  93  93  93  93  93  93  93  94  94  94  94  95  94  94  94  95  95  95  95  95  95  94  94  94  94  94  94  94  94  94  93  94  93  93  93  93  93  93  93  93
0507  93  93  93  93  93  93  93  93  93  93  93  94  94  94  94  94  94  94  94  94  94  94  94  94  94  94  94  94  94  94  95  95  95  95  95  94  94  94  94  94  94  94  94  94  94  94  94  94  94  94  94  94  94  94  94  94  94  94  94  94
0508  94  94  94  94  94  94  94  94  93  94  93  93  93  93  93  93  92  92  92  92  92  92  92  92  92  92  92  92  91  91  91  91 115  90  90  90  90  90  89  89  89  89  89  89  89  89  89  89  89  89  89  90  90  90  90  90  90  90  90  90
0509  90  90  90  90  90  90  90  90  90  90  90  90  90  90  90  90  89  89  89  90  90  89  90  90  90  90  90  90  90  90  90  91  91  91  91  91  92  92  92  92  93  93  93  93  94  94  94  95  95  95  96  96  96  97  97  97  97  97  97  97
0510  97  97  98  97  98  98  98  98  98  98  98  98  98  98  98  98  98  98  98  98  98  98  98  98  98  98  98  98  98  99  99  99  99  99  99  99  99 100 100 100 100 100 100 100 100 101 100 101 101 101 101 102 102 102 102 102 102 102 102 102
0511 102 102 102 102 103 103 102 103 103 103 104 103 104 104 104 104 105 105 105 105 106 106 106 106 107 107 107 107 107 107 107 106 106 107 107 107 107 107 107 107 108 108 108 108 108 108 108 108 108 108 108 108 107 107 108 108 108 108 108 108
0512 108 107 106 106 106 106 106 106 107 107 106 107 107 107 108 108 108 108 108 109 109 109 109 109 109 109 110 110 111 111 111 111 111 110 110 110 110 110 110 110 110 110 111 111 111 111 111 114 111 111 111 111 111 111 112 112 111 111 111 111
0513 112 112 112 112 112 112 112 112 111 111 110 111 111 112 112 112 113 113 113 114 114 114 114 114 114 114 114 114 115 114 114 114 115 115 116 116 116 116 115 115 114 114 114 113 113 113 113 113 113 113 112 113 113 113 114 113 113 113 113 113
0514 112 112 112 113 113 112 112 113 113 113 113 113 114 113 114 114 114 114 115 115 115 115 115 114 114 114 114 114 114 114 114 115 115 115 115 115 116 116 117 118 118 118 118 117 117 117 116 116 116 117 117 118 118 119 118 117 117 117 117 117
0515 117 117 117 117 117 117 117 117 117 117 117 116 116 116 116 117 117 116 115 115 115 115 115 114 115 115 115 116 116 117 117 117 118 119 119 119 119 118 118 117 117 117 117 117 118 118 118 118 118 119 119 119 119 119 120 120 120 119 119 119
0516 119 120 119 119 118 118 118 117 117 118 118 118 118 119 119 119 119 119 120 120 120 120 120 120 120 120 119 119 119 118 118 118 118 118 118 118 117 117 117 117 117 117 117 118 117 117 117 118 118 118 118 118 118 118 117 117 117 117 117 117
0517 117 117 117 117 117 117 117 117 117 117 117 117 116 116 116 117 117 117 116 116 116 116 117 117 117 117 117 117 117 117 117 117 117 117 117 117 117 118 118 118 118 118 118 118 118 118 118 118 118 118 118 118 118 118 117 117 117 117 117 117
0518 117 117 117 117 117 117 117 117 117 117 117 117 117 117 117 117 117 117 117 117 117 117 117 117 117 117 117 117 117 117 117 117 117 117 117 117 116 116 116 116 117 116 116 116 116 116 116 116 116 116 116 115 116 116 116 115 115 115 115 115
0519 115 115 115 115 115 115 115 115 115 115 114 114 114 114 114 114 114 114 113 114 114 114 114 113 113 113 113 113 113 113 113 113 113 113 113 113 113 113 112 112 112 112 112 112 112 112 112 112 112 112 112 112 112 112 112 112 112 112 112 112
0520 112 112 112 112 113 113 112 113 112 112 112 112 112 112 112 112 112 112 111 111 111 111 111 111 111 111 111 111 112 111 111 111 111 111 111 111 111 111 111 111 111 112 111 111 111 111 111 111 111 111 111 111 111 111 111 111 111 111 111 111
0521 111 111 111 111 111 110 110 110 110 110 110 110 110 110 110 110 110 110 110 110 110 109 109 109 109 109 109 109 109 109 109 109 109 109 109 110 110 110 110 110 110 110 110 110 109 110 109 109 109 109 109 109 109 109 109 109 109 109 109 109
0522 109 109 109 109 109 109 109 109 109 109 109 109 109 109 110 110 110 109 109 109 109 109 109 109 109 108 108 108 108 108 109 108 108 108 108 108 108 108 108 108 108 108 108 108 108 108 108 108 108 108 108 108 108 108 108 108 108 108 108 108
0523 108 108 108 108 108 108 108 108 108 108 108 108 108 108 108 108 108 108 108 108 108 108 108 108 108 108 108 107 107 107 107 107 107 107 107 107 107 107 107 107 107 107 107 107 107 107 107 107 107 107 107 107 107 107 107 107 107 107 107 107
0600 107 107 107 107 107 107 107 107 107 107 107 107 107 107 107 107 107 107 107 107 106 106 106 107 107 107 106 106 106 106 106 106 106 106 106 106 106 106 106 106 106 106 106 106 106 106 107 106 106 106 106 106 106 106 106 106 106 106 106 106
0601 106 106 106 106 106 106 106 106 106 106 106 106 106 106 106 106 106 106 106 106 106 106 106 106 106 106 105 105 105 105 105 105 105 105 105 105 104 104 104 104 104 104 104 104 104 104 104 104 104 104 103 103 103 103 103 103 103 103 103 103
0602 102 102 102 102 102 102 102 102 102 101 101 101 101 101 101 101 101 100 100 100 100 100 100 100 100 100 100 100 100 100 100 100 100 100 100 100 100 100 100 100  99  99  99  99  99  99  99  98  98  98  98  98  98  97  97  97  97  97  97  97
0603  97  98  98  98  97  97  97  97  97  97  97  97  97  97  97  97  96  97  97  97  97  97  97  97  96  97  96  96  97  96  97  97  97  97  97  97  97  97  97  97  97  96  96  96  96  96  96  96  96  96  96  96  96  96  96  96  96  96  96  96
0604  96  96  95  95  95  95  94  95  95  95  95  95  95  94  94  94  94  94  94  94  94  94  94  94  94  94  94  94  94  94  94  94  94  95  95  94  94  94  94  94  94  94  94  94  94  94  94  94  94  94  94  94  94  94  94  94  94  94  94  94
0605  94  94  94  94  93  93  93  93  94  93  93  93  94  94  94  94  94  94  94  94  94  94  94  94  94  94  94  94  94  94  94  94  94  94  94  94  94  94  94  94  94  94  94  94  94  94  94  94  94  94  94  94  94  94  94  94  94  94  94  94
0606  94  94  94  94  94  94  93  94  94  94  94  94  94  94  94  94  94  94  93  94  94  94  94  93  94  94  94  94  93  94  93  93  93  93  93  93  94  93  93  93  93  93  93  93  93  93  93  93  92  92  92  92  92  92  92  92  92  92  92  92
0607  92  92  93  92  93  92  93  93  92  92  92  92  92  92  92  92  92  92  92  92  92  92  92  92  92  92  92  92  92  92  92  92  92  92  92  92  92  92  92  92  92  92  92  92  92  92  92  92  92  92  92  92  92  92  92  92  92  92  92  92
0608  92  92  92  92  92  92  92  92  92  92  93  93  93  93  93  93  93  93  93  93  93  93  93  93  93  93  93  93  93  93  93  93  93  93  93  93  93  93  93  93  93  93  93  93  93  93  93  93  93  93  93  93  93  93  93  92  92  92  92  92
0609  92  92  93  93  93  93  93  93  93  93  93  92  93  93  93  93  93  92  93  93  93  92  92  93  93  93  93  93  93  93  93  93  93  93  93  93  93  93  93  93  93  93  93  93  93  93  92  93  93  93  93  93  93  93  93  93  93  93  93  93
0610  93  92  93  93  93  93  93  93  93  93  93  93  93  93  93  93  93  93  93  93  93  93  93  93  93  93  93  92  92  92  92  93  92  93  93  93  93  93  93  93  92  92  92  92  92  92  93  93  93  93  93  93  93  93  93  93  93  93  93  93
0611  93  93  93  93  93  93  93  94  94  94  94  94  94  94  94  94  94  94  94  94  94  94  95  95  95  95  95  95  95  95  94  94  94  94  94  94  95  94  95  95  95  95  95  95  95  95  95  95  95  95  95  95  95  95  95  95  95  95  95  95
0612  95  95  95  95  95  95  95  95  95  95  95  95  95  95  95  96  96  96  96  95  95  95  95  96  96  96  96  95  95  96  96  95  95  95  95  95  95  95  95  95  96  96  96  96  96  96  96  96  96  96  96  96  96  96  96  96  96  96  96  96
0613  96  96  96  95  95  95  95  95  95  96  96 124  96  96  96  97  96  96  96  96  96  96  96  96  96  97  97  97  97  97  97  96  96  96  96  96  96  96  96  96  95  95  96  96  96  96  96  96  96  96  96  96  96  96  96  96  96  96  96  96
0614  96  96  96  96  96  96  96  96  96  96  96  96  96  96  96  96  96  96  96  96  96  96  96  96  96  96  96  96  95  95  95  95  95  95  95  95  95  95  95  95  95  95  95  95  95  95  95  95  95  95  95  95  95  95  96  96  96  96  96  96
0615  96  96  96  96  96  96  96  96  96  96  96  96  97  97  97  97  97  97  97  97  97  97  97  98  97  98  98  98  98  98  98  98  98  98  98  98  98  98  98  98  98  98  98  98  98  99  99  99  99  99  99  99  99  99  99  99  99  99  99  99
0616  99  99  99  99  99  99 100  99  99  99 100 100 100 100 100 100 100  99 100 100 100  99  99  99  99  99  99  99  99  99  99  98  98  98  98  98  98  98  97  97  97  97  97  97  97  97  97  97  97  97  97  96  96  96  96  96  96  96  96  96
0617  96  96  96  96  96  96  96  96  96  96  96  96  96  96  96  96  96  96  96  96  96  96  96  96  96  96 132  95  95  95  95  95  95  95  95  95  95  95  95  95  95  95  95  95  95  95  95  95  95  96  96  96  96  96  96  96  96  96  96  96
0618  96  96  97  97  97  97  97  97  97  97  97  97  97  97  97  97  97  97  97  97  96  96  96  96  96  96  96  96  96  96  96  96  96  95  96  96  96  96  96  96  96  96  96  96  96  96  96  96  96  96  96  96  96  96  96  96  96  96  96  96
0619  96  96  96  96  96  96  95  95  95  95  95  95  95  95  95  96  95  95  95  96  95  95  96  96  95  96  96  96  95  95  96  96  96  96  96  96  96  96  96  96  96  96  96  96  96  96  96  96  96  96  96  96  96  96  96  96  96  96  96  96
0620  96  96  96  96  96  96  96  96  96  96  95  95  95  95  95  95  94  94  94  94  94  94  94  94  94  94  94  94  94  94  94  94  94  94  94  94  94  94  94  94  94  94  94  94  94  94  94  94  94  94  94  94  94  94  94  94  94  94  94  94
0621  94  94  94  94  94  94  94  94  94  94  94  94  94  94  94  94  94  94  94  94  94  94  94  94  94  93  94  93  93  93  93  93  93  93  93  93  93  93  93  93  93 104  93  93  94  93  94  94  94  94  94  94  94  93  94  94  94  94  94  94
0622  94  94  94  94  94  94  94  94  94  94  94  94  94  93  93  93  93  93  93  93  93  93  93  93  93  93  93  93  93  93  93  93  93  93  93  93  93  92  92  92  92  92  92  92  92  92  92  92  92  91  91  91  91  91  91  91  91  91  91  91
0623  91  91  91  91  91  91  91  91  91  91  91  91  90  90  91  91  91  91  91  91  91  91  91  91  91  91  91  91  91  91  91  91  91  91  91  91  91  91  91  91  91  91  90  90  90  90  90  90  90  90  90  90  90  90  90  90  90  90  90  90
0700  90  90  90  90  90  90  90  90  90  90  90  90  90  90  89  89  89  89  89  89  89  89  89  89  89  89  89  89  89  89  89  89  89  89  89  89  89  89  89  89  89  89  89  89  89  89  89  89  89  89  89  89  89  89  89  89  89  89  89  89
0701  89  89  89  89  89  89  89  89  89  89  89  89  89  89  89  89  89  89  89  89  89  89  90  89  89  89  89  89  89  89  89  89  89  89  89  89  89  89  89  89  89  89  89  89  89  89  89  89  89  88  88  89  89  89  89  89  91  89  89  89
0702  89  90  89  90  90  90  90  89  89  89  89  89  89  88  88  88  88  88  88  88  88  88  88  88  88  88  88  88  88  89  89  89  89  89  89  89  89  89  88  88  88  88  88  88  88  88  88  88  88  88  87  87  87  87  87  87  87  87  87  87
0703  88  88  88  88  88  88  88  88  87  87  88  88  88  88  88  88  88  88  88  87  87  87  87  87  87  87  88  88  88  88  88  88  88  88  88  88  88  88  87  87  87  87  87  87  87  87  87  87  87  87  87  87  87  87  87  87  87  87  87  87
0704  87  86  86  86  86  86  86  86  86  86  86  86  87  87  87  87  87  87  87  87  87  87  87  87  87  87  87  87  87  87  87  87  87  87  87  87  87  87  87  87  87  87  87  87  87  86  86  87  86  86  86  86  86  86  86  86  86  86  86  85
0705  86  86  86  86  86  86  86  86  86  86  86  85  85  85  85  85  85  85  85  85  85  85  85  85  85  84  84  84  84  84  84  84  84  84  84  84  84  84  84  85  85  85  85  85  85  85  85  84  84  84  84  84  84  84  84  84  84  84  84  84
0706  84  84  84  84  84  84  83  83  83  83  83  81  83  83  83  83  83  83  83  82  82  82  82  82  82  83  83  83  83  83  83  83  83  83  83  83  83  83  83  83  83  83  83  83  83  83  82  82  82  82  82  82  82  83  83  82  82  82  83  83
0707  83  83  84  83  83  83  83  83  83  83  83  83  83  83  83  83  83  83  82  82  82  82  82  83  82  83  83  82  82  82  82  82  82  82  82  82  83  83  83  83  83  82  82  82  82  82  83  83  83  83  83  83  83  83  82  82  82  82  82  82
0708  82  82  82  83  83  83  83  84  84  84  84  84  85  85  85  85  85  85  85  85  85  85  85  85  85  84  84  84  84  84  84  85  85  85  85  85  85  85  85  85  85  84  84  84  84  84  84  84  84  84  84  84  84  84  84  84  84  84  84  84
0709  83  83  83  83  84  84  84  84  84  83  83  83  83  83  83  83  83  83  83  83  83  83  83  83  83  84  84  84  84  84  84  84  84  84  84  84  84  84  84  84  84  85  85  85  85  85  86  86  86  86  86  86  86  86  86  86  86  86  87  87
0710  87  87  87  87  88  88  89  89  90  90  91  90  91  91  91  92  92  92  92  93  93  93  94  94  94  94  94  95  95  95  95  96  96  96  96  96  97  97  97  97  97  98  98  98  98  98  98  98  98  99  99  99  99  99  99  99 100 100 100 100
0711 100 101 101 101 101 101 101 101 102 102 102 102 103 103 103 102 103 103 103 103 103 104 104 104 104 105 105 104 104 104 104 105 105 105 105 105 105 105 105 105 105 106 106 106 106 106 106 106 106 106 106 107 107 107 107 107 107 108 108 108
0712 108 108 108 108 109 109 108 108 108 108 108 109 109 109 109 110 110 111 111 112 112 112 112 112 111 110 110 110 110 110 110 110 110 110 110 110 111 111 111 111 111 112 112 112 111 112 112 111 111 112 112 112 113 113 114 114 115 115 114 114
0713 114 113 113 113 113 113 113 114 114 115 115 116 115 115 115 115 116 116 116 116 116 115 115 115 115 115 115 115 114 114 114 114 114 114 114 114 114 114 114 114 114 114 114 114 114 114 114 114 114 114 114 114 114 114 115 115 116 116 116 115
0714 114 114 114 114 114 114 115 115 115 114 115 116 116 116 116 115 115 115 115 116 116 116 116 115 115 115 115 116 116 116 117 117 118 118 119 119 119 119 119 119 120 120 120 120 120 120 119 118 117 116 116 116 116 116 117 117 118 117 117 116
0715 116 116 116 116 116 117 117 117 117 117 116 116 116 117 117 116 116 116 117 117 117 117 117 117 118 117 117 117 118 118 118 119 120 120 120 120 120 120 119 119 118 118 118 117 117 117 117 117 117 118 118 118 118 118 118 118 118 118 118 118
0716 118 118 118 117 117 117 117 117 116 116 116 116 116 117 116 116 116 116 116 117 116 116 116 116 116 116 115 115 115 115 115 115 115 115 115 115 115 115 115 115 116 116 116 116 116 116 116 116 116 116 116 115 115 115 115 115 115 115 115 115
0717 115 115 115 115 115 116 116 116 115 115 114 114 114 114 114 114 113 113 113 113 113 113 113 113 113 113 112 112 112 112 112 112 112 112 112 112 112 112 112 112 112 112 111 111 111 111 111 111 111 111 110 110 110 110 110 110 110 110 110 110
0718 110 110 110 110 110 109 109 109 109 109 109 109 108 109 109 108 108 108 108 108 107 107 107 107 107 107 107 106 106 106 106 106 106 106 106 105 105 105 105 105 105 105 105 105 105 104 104 104 104 104 104 104 104 104 104 104 104 104 104 104
0719 104 104 104 104 103 103 103 103 103 103 103 103 103 102 102 102 102 102 102 102 102 102 102 102 102 102 102 102 102 102 102 101 101 100 100 100 100  99  99  99  98  98  98  97  97  96  96  96  95  95  96  95  95  94  93  93  93  93  93  93
0720  92  92  92  92  92  92  91  92  92  91  92  92  92  91  91  91  91  91  91  90  90  90  90  90  90  90  90  89  89  89  89  88  88  88  88  88  88  88  88  88  88  88  88  89  89  89  88  88  88  88  88  88  88  88  87  87  87  87  87  87
0721  87  87  87  87  87  88  88  88  88  88  88  88  89  89  89  89  89  89  89  88  88  88  88  88  88  88  89  89  89  89  89  89  89  89  89  89  89  89  89  89  89  89  89  89  89  89  89  89  89  89  89  89  89  88  88  88  87  87  87  87
0722  87  87  87  88  88  87  86  87  89  89  89  89  90  89  89  89  89  89  89  89  89  89  89  89  89  89  90  89  90  89  90  90  90  89  89  89  88  88  88  88  88  89  88  88  88  88  88  88  88  88  88  88  88  88  88  88  87  87  87  87
0723  88  88  88  88  88  88  89  89  89  89  89  88  88  88  88  88  88  87  87  87  87  87  87  87  86  86  86  86  86  86  86  86  86  86  86  86  86  86  86  86  86  86  87  87  86  86  87  87  87  87  87  87  87  87  87  88  88  88  88  88
0800  88  88  88  88  88  88  88  88  88  88  88  88  88  88  88  89  89  89  89  89  89  88  89  89  89  89  88  88  88  88  88  88  89  89  90  90  90  90  90  91  91  91  91  91  91  91  91  91  91  90  90  90  90  90  90  90  89  89  89  89
0801  89  89  88  88  88  88  88  88  88  88  88  88  87  87  87  87  87  87  86  87  87  87  87  88  88  88  88  87  87  87  86  86  86  85  85  85  85  84  84  84  84  84  85  85  85  85  85  85  85  85  84  84  84  84  84  84  84  84  84  84
0802  84  84  84  83  83  83  83  83  83  83  82  83  82  82  83  83  82  82  82  82  81  82  82  82  83  83  83  83  83  82  82  82  82  82  81  81  81  81  81  81  81  81  81  81  81  81  81  81  80  80  81  81  81  81  81  81  81  81  81  81
0803  81  81  81  81  81  81  81  81  81  82  82  81  82  82  81  82  82  82  82  82  82  82  81  81  81  81  81  81  81  81  81  82  82  82  82  82  82  82  82  81  81  82  82  82  82  82  81  81  82  82  82  82  82  82  82  81  81  81  81  81
0804  80  80  80  80  80  80  80  80  80  80  79  79  79  80  80  80  81  81  81  81  81  81  81  81  81  81  81  81  81  81  81  81  81  81  81  81  80  80  80  80  80  80  80  80  81  81  81  81  81  81  81  82  82  83  84  85  86  86  86  86
0805  86  86  86  86  86  86  85  85  85  85  86  86  87  87  88  88  88  88  89  89  89  88  88  87  87  86  86  86  86  85  85  85  85  85  84  84  84  84  83  83  83  83  83  83  82  82  82  82  82  82  82  82  82  82  82  82  82  82  82  82
0806  82  82  82  82  82  81  81  81  81  81  81  81  81  81  81  81  81  81  81  81  80  80  80  80  80  80  80  80  80  81  80  80  80  80  80  79  78  78  78  78  78  78  78  78  79  79  79  79  79  78  78  78  80  79  80  80  81  82  84  84
0807  85  85  87  89  90  91  92  92  92  92  92  92  92  92  92  92  92  91  91  91  91  91  91  91  91  91  91  91  91  91  92  92  92  92  92  92  92  91  91  91  91  91  91  91  91  91  90  90  90  90  90  90  90  91  91  91  91  91  91  91
0808  91  91  91  90  91  91  91  90  90  90  89  89  89  89  89  89  89  89  89  88  88  89  89  89  88  88  88  88  88  88  88  88  88  88  88  88  88  88  88  87  87  88  88  88  88  88  88  88  88  88  89  89  89  89  89  89  89  89  88  88
0809  88  88  88  88  88  88  87  87  87  88  88  88  88  88  88  88  88  88  88  88  88  87  87  87  87  87  87  87  87  87  87  88  88  88  89  89  89  89  89  89  89  89  89  89  89  89  89  89  89  89  89  89  89  89  89  89  90  90  90  90
0810  90  90  89  90  89  89  90  89  89  90  90  90  90  90  90  90  90  90  90  91  91  91  91  91  91  91  91  91  91  91  92  92  92  92  91  91  91  92  92  92  92  92  92  92  92  92  92  92  92  92  92  92  92  92  92  92  92  92  92  92
0811  92  92  92  92  92  92  92  92  92  92  92  92  92  92  92  92  92  92  92  92  92  92  92  92  92  92  92  92  92  92  92  92  92  92  93  93  93  93  93  92  93  93  93  93  93  93  93  93  93  93  93  93  93  93  93  93  94  93  93  94
0812  94  94  94  93  93  93  93  93  93  93  93  93  93  93  93  93  92  93  93  93  93  92  93  93  93  93  93  93  93  93  93  93  92  92  92  92  92  93  93  93  93  93  93  93  93  93  93  93  93  93  92  92  92  92  92  92  92  92  92  92
0813  92  92  92  92  92  92  92  92  93  93  92  92  92  92  93  93  93  93  93  93  93  93  93  93  93  92  91  91  91  91  92  92  92  92  93  93  93  92  92  92  92  92  92  93  92  92  92  92  92  92  92  93  93  93  93  93  93  93  93  93
0814  93  94  94  94  94  94  94  94  94  93  93  94  94  94  94  94  94  94  94  94  94  94  94  94  95  94  94  94  94  94  94  95  95  95  95  95  95  95  95  95  95  94  94  94  94  95  95  95  95  95  95  95  95  95  95  95  95  95  95  95
0815  95  95  96  96  95  95  95  95  95  95  95  95  94  95  94  94  94  94  94  94  94  94  94  94  94  94  94  94  94  95  95  95  95  94  94  94  94  94  94  94  94  94  94  94  95  95  95  95  95  95  94  94  94  94  94  93  93  93  94  94
0816  94  94  93  93  94  93  93  93  93  93  93  93  93  93  93  93  93  93  93  93  93  93  93  92  92  92  92  92  92  92  92  92  92  92  92  92  92  92  92  92  92  92  92  93  92  93  93  93  93  93  93  93  93  93  93  93  93  93  93  93
0817  93  93  92  92  92  92  92  92  92  92  92  92  92  92  92  92  92  92  92  92  92  92  92  92  92  92  92  92  92  92  92  92  92  92  91  91  91  91  91  91  91  91  91  91  91  91  91  90  90  90  90  90  90  90  90  90  90  90  90  90
0818  90  90  90  90  90  90  90  90  90  90  90  90  90  90  90  90  90  90  90  90  90  90  90  90  90  90  90  90  90  90  89  89  89  89  89  89  89  89  89  89  89  89  89  88  88  88  88  89  89  89  89  89  89  89  89  89  88  88  88  88
0819  87  87  87  87  86  86  86  86  86  86  86  86  86  86  86  86  86  86  86  86  86  86  86  86  85  85  85  84  89  84  83  83  82  82  82  81  81  81  81  80  80  80  79  79  79  79  79  79  79  79  79  78  78  78  78  78  78  77  77  77
0820  78  78  78  78  78  78  78  78  77  77  77  77  77  77  76  76  76  76  76  76  76  76  75  74  74  75  75  75  76  76  76  76  76  76  76  76  76  76  76  76  76  76  77  77  77  77  77  77  77  77  77  77  77  77  78  79  79  79  78  78
0821  77  77  77  77  76  77  77  77  77  77  77  77  77  77  77  77  77  76  76  76  76  76  76  75  75  75  75  75  75  75  75  75  75  75  74  74  74  74  74  75  75  75  75  74  74  74  74  74  73  73  73  73  74  74  75  75  75  75  75  75
0822  75  74  75  75  75  74  74  74  74  74  73  73  73  73  72  72  72  72  72  72  72  72  72  72  71  71  71  71  71  71  71  71  71  71  71  71  71  71  72  72  72  72  72  72  72  72  72  72  72  72  72  72  72  72  71  71  71  71  71  72
0823  71  72  72  72  72  71  71  71  71  71  70  70  70  70  69  69  69  69  69  69  70  69  69  70  69  69  69  69  69  69  69  69  69  69  69  69  69  69  69  69  68  68  68  56  69  69  69  69  69  69  69  69  70  70  71  71  71  71  71  72
0900  72  72  72  72  72  72  72  72  72  72  72  72  72  72  72  72  72  71  71  71  71  70  70  70  69  69  69  69  69  69  69  69  69  69  69  69  69  69  69  69  69  69  69  69  69  69  69  69  68  68  68  68  68  68  69  69  69  69  69  69
0901  69  69  69  68  68  68  68  68  68  68  68  68  68  68  68  68  68  68  68  68  68  68  68  67  67  67  67  67  67  68  67  67  67  67  67  67  66  66  66  66  66  66  66  65  66  66  66  66  66  66  66  66  66  66  66  67  67  67  67  67
0902  67  66  66  67  67  67  67  67  67  67  67  66  66  67  66  67  67  67  67  67  67  67  68  68  68  68  68  68  68  67  67  68  68  68  69  69  70  69  69  69  69  69  69  69  68  68  68  69  68  68  68  68  67  67  67  67  67  67  67  68
0903  68  68  68  68  68  68  67  67  67  67  67  67  67  67  67  67  67  67  67  67  67  67  67  66  66  66  66  66  66  66  66  66  66  66  66  66  66  66  66  66  65  66  65  65  65  65  65  65  65  65  64  65  64  64  64  64  64  64  41  64
0904  65  65  65  65  65  65  65  66  66  66  66  65  65  65  65  64  65  65  66  67  67  67  67  67  67  67  67  67  67  67  67  67  67  68  68  69  69  69  69  69  69  69  69  69  69  69  69  69  69  69  69  69  69  69  69  68  68  68  68  68
0905  69  69  69  69  69  70  70  71  71  71  71  71  71  71  70  70  70  70  70  70  69  69  69  69  69  68  68  68  68  68  68  67  67  67  66  66  66  66  66  66  65  65  65  65  65  65  65  65  64  64  64  64  64  64  63  63  63  63  63  63
0906  62  62  62  62  63  63  63  63  63  63  63  63  64  64  64  64  64  64  64  63  63  63  63  63  63  63  63  63  64  64  64  64  64  64  64  64  64  64  65  65  65  64  64  64  64  63  63  63  62  62  62  62  62  62  62  62  62  62  63  63
0907  63  63  63  63  63  63  63  63  63  63  63  63  63  63  63  63  63  63  63  63  62  62  62  62  61  61  62  61  61  61  61  61  61  62  62  62  62  62  62  62  62  62  62  63  63  63  63  63  63  63  63  62  62  62  62  62  62  62  62  62
0908  62  62  61  61  61  60  60  60  60  60  60  60  60  32  60  61  61  61  61  61  61  61  61  61  61  61  61  61  61  61  62  61  61  61  61  61  61  61  61  60  60  60  60  60  60  60  60  60  60  60  61  61  61  61  61  61  61  61  61  61
0909  61  61  61  62  62  62  62  62  62  62  62  62  62  62  63  63  63  63  63  63  63  63  64  64  64  65  65  65  65  65  65  65  65  65  66  65  66  66  67  68  68  68  67  67  68  68  68  68  69  70  71  71  71  71  71  71  71  72  72  73
0910  72  72  72  72  72  73  74  74  73  73  73  74  74  74  74  74  75  75  76  76  76  76  77  77  78  78  77  78  78  79  79  79  80  80  80  80  80  81  81  81  81  81  82  82  82  82  83  83  83  83  83  83  83  83  83  83  83  83  83  83
0911  84  84  84  85  85  85  85  86  86  86  86  86  87  87  87  87  87  87  87  87  87  87  87  87  88  88  88  88  88  88  88  88  87  87  87  87  87  88  88  89  89  89  90  90  90  90  90  90  90  90  90  89  88  88  88  88  88  89  89  89
0912  88  88  88  88  88  89  89  90  90  90  90  90  91  91  91  91  91  91  91  90  90  90  90  90  90  90  90  90  90  91  91  92  93  94  93  93  92  92  92  92  92  93  93  93  94  94  93  94  94  94  94  94  94  94  94  95  95  95  95  94
0913  94  93  93  94  94  94  94  95  95  95  95  95  95  95  96  96  97  97  97  98  98  97  97  97  97  97  97  97  97  97  97  96  96  95  95  95  95  95  95  95  95  95  95  95  95  95  95  96  96  96  96  96  96  96  97  97  97  97  98  98
0914  98  97  97  97  97  97  97  96  95  95  95  96  96  97  96  96  96  97  97  96  96  96  96  96  97  97  98  98  98  98  97  96  96  96  96  96  95  95  95  96  96  96  95  96  96  96  95  95  95  95  94  94  94  94  94  94  94  94  94  94
0915  94  94  94  94  94  94  94  94  94  94  93  93  93  93  93  93  92  92  92  92  92  92  92  92  92  92  92  92  92  92  92  92  92  91  91  91  91  91  91  91  91  91  92  92  92  92  92  92  92  92  92  92  92  92  92  92  92  92  92  92
0916  92  92  92  92  92  91  91  91  91  91  91  91  91  91  91  91  91  91  91  91  91  91  91  91  91  91  91  92  92  92  91  91  91  91  91  91  91  91  91  91  91  91  91  92  92  92  92  92  92  92  92  92  92  91  92  92  91  91  91  91
0917  91  91  91  91  91  91  90  90  90  90  90  90  90  90  90  91  91  91  91  91  91  91  91  91  90  91  91  90  90  90  90  90  90  90  90  90  90  90  90  90  90  90  90  90  90  89  89  89  89  89  89  89  89  89  89  89  89  89  88  89
0918  89  89  89  89  89  89  88  88  89  88  88  88  88  88  88  88  88  88  88  88  88  88  87  87  86  86  86  87  87  86  87  87  87  87  87  87  86  86  86  86  86  86  86  86  86  86  86  86  87  87  87  87  86  86  86  86  85  85  85  86
0919  85  85  85  84  84  84  84  84  84  84  84  84  84  84  84  84  84  84  84  84  84  84  84  84  83  83  82  82  82  81  81  82  82  82  82  82  82  82  82  83  83  83  82  82  82  82  82  82  81  81  81  81  81  81  80  80  80  80  79  79
0920  79  79  78  78  78  78  78  78  78  78  78  78  78  78  78  78  78  78  78  78  78  78  77  77  77  77  77  77  77  77  77  77  77  77  77  77  77  77  77  77  77  78  77  77  77  77  78  78  78  77  77  77  77  77  77  77  77  77  77  77
0921  77  77  77  77  77  77  77  77  77  77  77  77  77  77  77  77  76  76  76  76  76  76  76  76  75  75  75  75  75  75  75  75  75  75  75  75  75  75  75  75  75  75  75  75  75  75  75  75  75  76  76  76  75  75  75  75  75  75  75  74
0922  74  74  73  73  73  72  72  72  72  71  71  71  71  71  71  71  71  72  73  73  74  74  74  74  74  74  74  74  74  74  74  74  73  73  73  73  73  73  73  73  73  73  73  73  73  73  73  73  73  73  73  73  73  73  73  73  73  73  73  73
0923  73  73  73  73  73  73  73  73  73  73  73  73  73  73  73  73  73  73  73  73  73  73  73  73  74  73  73  73  73  73  73  73  73  73  73  73  72  72  72  73  73  72  72  73  73  72  72  72  72  71  71  71  71  71  71  71  71  71  71  71
1000  71  71  71  71  71  71  71  71  71  71  70  70  70  70  70  70  70  70  70  70  70  70  70  70  70  69  69  69  69  69  69  69  69  69  69  69  69  69  69  69  69  69  69  69  69  69  69  69  69  69  69  70  70  70  70  70  69  69  69  69
1001  69  69  69  69  69  69  69  69  69  69  69  69  69  68  68  68  68  68  68  68  68  67  67  67  67  67  67  67  67  67  67  66  66  67  67  67  67  67  67  67  67  67  67  67  67  66  66  66  66  66  66  66  66  66  66  65  65  64  64  64
1002  64  64  65  65  64  63  64  64  64  63  61  63  63  64  63  63  63  63  63  63  63  64  64  64  64  64  64  64  64  64  64  64  64  64  64  64  64  64  64  63  63  63  63  63  63  63  63  63  63  63  63  63  63  63  63  63  63  63  62  62
1003  62  62  62  62  62  62  62  62  62  62  62  62  62  62  62  62  62  61  61  61  61  61  60  60  60  60  60  61  61  61  62  62  62  62  62  62  62  62  62  62  62  62  62  62  62  62  61  61  61  61  61  61  61  60  60  60  60  60  60  60
1004  60  60  60  59  59  60  60  60  60  60  60  60  60  60  60  60  60  60  60  60  60  60  60  60  59  59  59  58  58  58  58  58  58  58  58  58  58  58  58  59  59  59  59  59  59  59  59  59  59  59  59  59  59  59  59  59  58  59  58  59
1005  59  59  58  59  58  58  58  58  58  58  58  59  59  59  59  59  59  59  59  58  58  58  59  59  59  59  59  59  59  59  59  59  59  59  59  59  59  59  59  58  58  58  58  58  58  58  58  58  58  58  58  58  58  58  58  58  58  58  58  58
1006  58  58  58  58  58  58  58  58  58  58  57  57  57  57  58  58  58  58  58  58  58  58  58  59  59  59  59  59  58  58  58  58  58  58  58  58  58  58  59  59  60  60  60  60  60  61  60  60  60  60  60  60  59  59  59  59  59  59  59  59
1007  59  59  59  59  59  59  59  59  59  58  58  58  57  57  58  58  58  57  57  57  57  57  57  57  57  57  57  57  57  57  57  57  57  57  57  57  57  57  57  58  57  57  57  58  57  58  58  58  58  58  58  58  58  58  58  58  58  58  58  59
1008  59  59  59  59  59  59  59  59  59  59  59  59  59  59  59  59  59  59  59  59  59  58  58  59  59  58  58  58  58  58  58  58  59  59  60  60  60  60  60  61  61  60  60  60  60  60  60  60  61  61  61  61  61  61  61  61  61  61  61  62
1009  62  62  62  62  63  63  63  63  63  63  64  64  64  64  64  63  63  63  63  63  63  63  63  63  63  63  63  63  63  63  63  63  63  63  63  63  63  63  64  64  64  64  64  64  65  64  65  65  65  65  65  66  66  66  66  66  67  67  67  67
1010  67  67  68  68  68  68  68  68  68  69  69  69  69  70  70  70  70  71  71  71  71  72  72  72  72  73  73  73  74  74  74  75  75  75  75  76  76  75  75  76  77  77  77  77  77  77  77  77  78  78  78  78  79  80  80  80  80  80  80  79
1011  79  79  80  80  80  80  80  80  79  80  80  80  80  80  80  81  81  81  81  80  80  80  81  81  80  80  80  81  81  81  80  79  79  79  79  79  79  80  80  80  80  80  81  81  82  82  82  82  82  83  82  81  81  81  81  82  82  82  82  81
1012  81  81  82  82  82  84  83  82  82  83  84  84  84  85  86  87  88  89  89  88  88  86  86  86  85  85  84  85  85  86  85  85  85  84  83  83  83  83  83  84  85  85  85  85  85  86  85  85  83  83  83  83  83  83  83  83  83  83  83  83
1013  83  83  83  83  83  83  84  85  85  85  86  87  87  87  87  88  86  87  87  87  87  87  86  87  89  88  88  88  89  88  88  87  88  88  88  89  90  90  90  90  90  91  91  90  90  89  89  88  88  88  88  88  88  88  88  88  89  90  89  89
1014  89  89  89  89  89  89  89  89  90  90  91  91  91  91  91  91  92  91  91  91  90  90  90  90  91  91  92  93  93  93  92  92  93  94  93  95  94  94  96  98 100 100  98  97  97  97  97  98  98  98  97  97  96  96  97  98  99 100  98  96
1015  97  95  96  96  96  97  98  97  97  98  99  99 100 101 100  99  97  96  96  97  98  97  96  96  96  96  95  95  96  97  98 101 103 104 103 102 101 101 101 102 101 100 100 100  99  98  99 100 101 101 101 102 103 101 102 102 101 101 101 100
1016  99  98  99  99 100  99 100 101 102 101 101 101 101 100  99  99  98  98  98  97  97  97  98 100 100 100 100 101 102 104 105 104 103 103 103 104 105 105 106 107 108 109 107 105 105 104 104 104 105 106 105 104 104 104 104 103 103 103 104 104
1017 103 103 102 101 100 100 100 100 100  99  98  98  97  97  97  97  97  98  98  98  99  99  99  99  99  99  98  98  98  97  97  97  96  96  96  97  97  96  96  97  97  97  97  97  97  98  99 100 100 100 100 100 100 100 100 100 100  99  99  98
1018  97  97  98  98  98  98  98  98  97  97  97  97  97  97  97  97  97  97  98  98  97  97  97  97  97  96  96  96  95  95  95  94  94  94  93  93  92  92  91  91  91  91  91  91  91  90  90  90  89  89  88  88  87  87  86  86  85  85  85  86
1019  85  85  85  84  84  83  83  82  81  80  81  82  84  84  84  84  84  84  83  83  83  83  81  80  79  77  76  75  74  73  71  70  69  68  67  66  65  65  64  64  64  63  63  62  62  62  61  60  60  59  58  58  57  57  57  56  55  55  55  55
1020  55  54  54  53  52  53  53  53  53  54  54  55  55  56  56  55  55  56  56  56  56  56  55  55  55  55  54  55  55  55  54  54  54  54  54  54  54  54  54  54  55  54  54  54  54  54  54  53  53  54  54  54  55  55  55  55  55  55  55  55
1021  55  55  55  55  55  55  55  55  54  54  54  54  54  54  54  54  54  54  55  55  55  55  56  56  56  57  57  57  57  57  96  57  57  57  57  57  58  58  58  58  58  58  58  58  59  58  58  58  59  59  58  59  59  59  59  59  59  59  59  60
1022  60  60  60  60  60  61  61  61  61  61  61  62  62  62  63  63  63  63  63  64  64  64  64  64  64  65  65  65  65  66  66  66  67  67  68  68  67  67  67  68  67  67  67  67  66  66  66  67  67  67  66  66  66  65  65  66  67  68  68  69
1023  69  71  71  71  71  72  73  73  73  74  74  75  75  74  73  72  72  72  71  71  71  70  70  71  71  71  70  70  70  70  70  70  71  72  72  73  73  74  74  73  73  73  74  73  74  74  74  74  74  73  73  73  73  73  73  73  74  74  74  73
1100  73  73  73  73  73  74  74  74  74  74  74  74  74  74  74  74  74  74  73  73  73  73  73  73  72  72  71  72  72  72  72  72  72  72  71  71  71  72  72  72  72  72  73  72  72  72  73  72  72  72  71  71  71  71  70  71  71  70  70  70
1101  70  71  71  71  71  71  71  71  71  71  70  70  70  70  70  69  69  68  68  68  68  68  68  68  68  69  69  69  69  69  69  69  68  68  68  68  67  67  67  67  66  66  66  66  66  92  66  66  66  66  66  65  65  65  64  65  65  65  65  64
1102  64  64  64  64  63  63  63  63  63  63  63  63  62  62  62  62  62  62  62  62  62  62  62  62  62  62  62  61  61  61  61  61  61  62  62  63  63  64  64  65  65  65  65  65  65  65  65  65  65  65  65  65  65  65  66  65  65  65  65  65
1103  65  65  65  65  65  64  65  65  65  65  65  65  65  65  65  65  65  65  65  64  64  64  64  64  64  63  64  64  64  64  64  64  64  63  63  63  64  64  64  64  64  64  64  63  63  63  63  64  64  64  64  64  64  64  64  63  63  63  63  63
1104  63  63  63  63  63  63  63  63  63  63  63  63  63  63  63  63  63  63  62  62  62  62  62  63  63  63  63  63  63  63  63  63  63  63  63  63  63  63  63  63  63  63  62  62  62  61  61  60  60  60  60  60  59  59  59  58  58  58  58  58
1105  58  58  57  57  57  57  57  57  57  57  57  57  57  57  57  57  57  57  57  57  57  57  57  57  58  58  58  58  58  58  58  58  58  57  57  57  57  57  57  58  58  58  57  57  57  58  57  57  57  57  57  57  57  57  57  57  58  58  58  58
1106  96  59  59  60  60  60  60  60  60  61  61  61  61  61  61  61  61  61  62  62  62  62  62  62  62  61  61  61  61  60  60  60  60  60  60  60  61  60  60  60  60  60  60  60  60  61  61  61  60  60  61  61  61  61  61  61  61  61  61  61
1107  61  61  61  60  60  60  60  60  60  60  60  60  60  60  60  60  60  60  61  61  61  60  60  61  61  61  60  60  60  60  60  60  59  59  59  59  59  59  59  59  59  59  59  59  60  60  60  60  60  60  60  61  61  60  60  61  61  61  61  61
1108  61  61  61  61  61  61  61  61  61  61  61  60  60  60  60  60  60  60  60  60  60  60  60  60  60  60  60  60  60  60  60  60  60  60  60  60  59  59  59  59  59  59  58  58  58  58  59  59  60  60  60  60  61  61  61  61  61  61  61  61
1109  61  61  61  61  61  61  61  60  61  61  61  60  61  61  61  61  61  61  61  60  60  60  60  59  59  59  59  59  59  59  59  59  58  58  58  58  59  59  59  59  59  59  59  59  60  60  60  60  60  60  60  60  61  61  61  62  62  63  63  63
1110  63  63  63  63  63  63  64  64  64  65  65  66  66  66  67  95  67  67  68  68  68  68  68  69  69  69  69  70  70  70  70  71  71  71  71  72  72  72  73  73  73  74  74  74  75  75  75  75  75  75  75  76  76  76  76  76  77  77  77  77
1111  77  77  77  77  78  79  80  80  80  80  80  79  80  80  80  80  80  79  79  79  79  79  79  80  80  80  81  81  82  82  82  82  82  82  82  81  81  81  81  82  82  82  83  84  84  84  85  84  84  85  85  85  86  86  87  87  87  85  85  85
1112  84  84  84  84  84  84  84  85  85  86  87  86  86  86  86  86  86  85  85  85  85  85  85  86  86  86  87  88  87  87  87  87  87  87  87  88  89  89  90  89  88  88  89  88  88  88  88  88  89  88  87  87  88  89  89  90  90  90  92  92
1113  92  93  93  93  93  93  94  93  92  92  94  95  96  96  96  96  96  97  98  96  95  96  96  96  96  94  94  95  97  98  97  95  95  96  97  98  97  96  96  96  96  96  96  96  96  95  96  96  97  97  96  96  96  96  96  97  97  97  98  98
1114  97  96  97  98  98  99  99 100 102 102 101 100 102 102 100 102 103 103 103 102 100 101 101 100  99  99  99  99 101 103 127 103 102 101 103 104 103 103 103 103 104 106 106 105 104 102 101 102 102 102 102 102 103 103 102 102 101 100 101 102
1115 102 100 100 100 101 102 104 104 104 104 105 104 104 105 103 103 103 102 102 104 106 107 109 110 109 107 104 102 102 100 100 100 101 102 102 103 103 102 102 103 104 103 104 104 102 100 100  99  98  99  99  98  98  96  96  96  96  95  95  95
1116  96  95  96  95  95  95  95  94  93  92  91  92  92  92  92  92  92  92  92  92  93  93  92  92  92  92  93  93  93  93  93  94  94  94  93  94  94  94  94  93  94  94  95  95  94  93  93  93  93  93  92  93  92  92  92  93  93  92  93  94
1117  94  94  94  93  92  92  93  93  93  93  93  93  92  92  92  91  91  91  91  91  91  91  91  91  90  90  90  91  91  90  90  90  90  90  90  91  91  90  91  91  91  90  90  89  89  89  89  89  89  89  89  88  88  88  88  88  88  88  88  88
1118  87  87  87  87  87  87  87  87  87  87  87  87  87  87  87  86  86  87  87  86  86  86  86  86  86  86  86  86  86  86  85  85  85  85  85  85  85  85  85  85  85  85  85  85  85  85  85  85  85  85  85  85  85  84  84  84  84  84  84  84
1119  84  84  84  84  84  84  84  84  84  84  84  84  84  84  84  83  84  84  84  84  83  83  83  83  83  83  83  83  83  83  83  83  83  83  83  83  83  82  82  83  82  83  83  83  82  82  82  82  82  83  82  82  82  82  82  82  82  82  82  82
1120  82  82  82  82  82  82  82  82  82  82  82  82  81  81  81  81  81  81  81  81  81  81  81  81  81  81  82  82  82  81  81  81  81  81  81  81  81  81  81  81  81  81  81  81  81  81  81  81  81  80  80  80  80  80  80  80  80  80  80  80
1121  80  80  80  80  80  80  80  80  80  80  80  79  79  79  79  79  79  79  79  79  79  79  78  78  78  78  78  78  78  78  78  78  78  78  78  78  79  78  78  78  77  77  77  77  77  77  77  77  77  77  77  76  77  77  78  78  77  77  76  76
1122  76  75  76  76  76  76  75  75  75  74  74  75  75  75  75  74  74  74  74  74  73  73  73  74  74  74  74  73  73  73  73  72  72  72  72  72  72  71  71  70  70  70  69  69  69  69  68  69  69  68  67  67  66  66  67  67  68  68  69  70
1123  71  71  72  73  73  72  72  72  72  72  72  73  74  73  73  73  73  73  73  72  72  71  71  71  72  72  72  72  72  72  72  72  72  73  74  73  73  73  74  74  73  72  72  71  71  71  71  71  71  71  71  71  71  71  71  70  70  70  71  71
1200  71  71  70  70  71  70  70  70  69  69  69  69  69  70  70  69  69  68  69  68  68  68  68  67  68  67  67  67  68  67  66  66  65  64  64  64  65  65  64  64  65  65  64  64  64  65  65  65  64  64  64  64  64  65  65  65  64  63  63  62
1201  62  61  60  60  59  59  58  57  56  56  56  56  55  54  54  53  53  52  51  50  49  48  47  46  45  44  43  42  42  42  41  41  41  40  40  40  40  40  39  39  39  39  38  38  37  37  37  36  36  36  35  35  34  34  34  33  33  33  32  32
1202  31  31  31  32  32  31  31  30  30  30  30  30  30  30  30  30  29  29  29  28  28  29  29  29  29  29  30  30  30  30  30  31  31  31  31  31  32  32  33  32  33  33  33  33  33  34  34  34  35  35  35  35  36  36  36  37  37  37  37  38
1203  39  38  38  38  38  38  38  38  38  38  38  38  39  39  39  39  39  39  39  39  39  39  39  39  39  39  40  40  40  40  40  40  40  40  41  41  41  41  41  41  42  42  42  42  42  43  43  43  43  43  42  42  41  41  41  40  40  40  40  40
1204  40  39  39  39  39  38  38  39  38  39  39  39  38  38  38  39  39  39  39  39  40  40  40  41  43  43  43  44  44  44  44  45  45  45  45  45  45  45  45  45  45  45  46  47  47  48  49  50  50  51  51  51  51  51  51  51  50  49  49  48
1205  48  47  47  47  46  46  46  46  46  47  47  48  48  48  48  48  49  49  49  49  48  48  48  48  49  49  49  49  49  50  50  50  50  50  50  49  49  49  49  48  48  48  48  48  48  47  47  47  47  47  47  47  47  47  47  47  48  47  47  47
1206  47  47  47  47  47  46  46  46  46  46  46  46  46  45  45  45  44  44  44  44  44  44  44  44  45  45  44  44  44  44  44  44  44  44  44  43  43  43  42  42  42  42  42  42  41  41  41  40  40  40  40  40  42  42  42  41  41  41  41  41
1207  41  41  41  41  41  41  41  41  41  41  41  41  41  41  41  40  40  40  40  40  40  41  41  41  41  42  42  41  41  41  42  44  45  46  47  47  46  46  44  43  43  42  41  41  40  39  39  39  38  37  36  36  35  35  35  35  35  34  34  34
1208  35  35  34  34  33  33  32  31  30  30  30  30  30  29  29  29  28  28  28  27  27  27  27  27  28  28  29  30  30  30  30  30  30  30  30  29  29  29  28  28  29  30  31  31  30  31  31  31  31  31  31  31  30  30  30  31  31  32  32  32
1209  32  32  32  31  31  31  31  31  31  31  31  30  31  31  31  31  32  32  32  32  32  32  32  32  33  33  34  34  34  35  35  36  37  37  38  38  38  39  39  40  41  42  42  43  43  44  45  45  46  47  48  48  49  49  50  50  51  51  52  52
1210  52  52  52  53  53  54  54  55  55  55  55  55  55  56  56  57  58  58  58  59  59  59  59  60  60  60  61  61  61  61  61  62  63  63  63  63  64  64  64  64  64  64  65  64  64  64  64  65  65  65  66  66  66  67  68  68  69  70  71  71
1211  72  72  72  71  71  71  71  72  72  72  72  72  72  72  73  74  73  73  73  74  74  74  75  75  75  76  77  77  77  78  78  79  80  80  80  80  80  80  81  81  82  83  84  85  84  83  81  82  83  84  85  85  84  85  85  85  85  85  84  83
1212  83  83  83  83  83  83  83  84  84  84  84  84  85  85  85  84  85  86  88  89  91  93  94  91  91  92  91  91  91  90  91  92  93  95  95  94  91  91  92  95  94  91  91  92  93  94  95  95  95  95  94  93  93  94  96  96  96  96  96  97
1213  97  98  97  96  96  96  96  97  97  98  99 101 102 103 101 103 104 105 104 104 103 103 101 101 100  99  99 100 101 101 102 103 104 104 106 105 104 103 102 101 103 105 104 104 104 102 102 101 101 102 104 105 106 106 105 106 105 104 105 105
1214 105 105 105 105 106 107 109 111 109 109 109 110 109 110 109 107 106 107 108 110 111 112 113 114 114 110 110 111 111 111 111 110 111 111 111 111 111 109 109 110 112 111 113 115 117 116 115 117 118 116 115 116 114 112 114 113 115 116 116 116
1215 117 116 114 112 114 114 113 113 113 113 114 115 116 117 117 117 117 117 118 119 119 119 117 115 115 115 114 113 114 115 116 115 114 115 116 116 114 116 116 115 115 116 115 113 113 114 114 114 115 116 118 118 115 115 115 116 116 114 115 115
1216 115 116 117 117 116 117 117 119 121 121 120 119 117 116 116 116 117 117 117 118 118 118 117 117 116 115 114 115 115 116 117 118 117 117 117 117 116 115 116 117 117 116 116 116 115 115 115 116 118 119 118 118 119 118 117 116 117 118 118 117
1217 117 117 119 119 119 120 121 122 122 122 120 118 118 118 117 118 118 118 118 117 116 116 115 115 115 115 115 116 115 116 117 116 117 117 118 118 119 119 118 117 117 117 116 116 116 116 115 115 114 113 113 113 113 113 114 114 114 114 113 112
1218 112 111 111 111 111 111 110 110 110 111 111 110 110 110 110 110 110 110 110 110 109 109 109 108 108 108 108 108 107 107 107 107 107 107 107 107 107 107 107 106 106 105 105 105 105 105 105 105 105 105 105 105 105 105 104 104 104 103 103 102
1219 101 100  99  99  98  97  97  97  96  96  96  95  95  94  94  93  93  92  91  90  90  89  88  88  87  86  86  85  85  84  83  82  81  80  80  79  78  77  77  76  76  75  75  74  73  73  72  72  71  71  70  70  69  69  68  68  68  67  67  66
1220  65  65  64  63  62  62  61  61  60  59  59  58  58  58  58  58  57  57  57  56  56  55  55  54  54  53  53  53  53  53  52  52  52  52  52  53  53  53  53  53  53  53  53  52  52  52  52  53  54  55  55  54  55  56  57  58  58  59  59  60
1221  60  60  60  60  60  60  60  60  60  60  60  60  60  60  59  59  58  58  58  58  57  57  56  56  56  55  55  54  54  54  53  53  53  53  53  52  52  51  51  51  51  51  51  51  50  50  50  50  50  49  49  48  48  48  48  48  47  47  47  47
1222  47  47  47  47  47  47  47  47  47  47  48  48  48  47  47  47  46  46  46  46  45  45  44  44  43  43  43  42  42  42  42  42  42  42  42  42  42  42  42  42  42  42  42  42  42  42  42  43  43  43  42  42  42  42  41  41  41  41  41  41
1223  41  40  40  40  40  40  40  40  40  40  40  40  40  40  40  40  40  40  41  41  41  41  41  41  41  41  42  42  42  42  43  43  43  44  44  44  45  45  45  46  46  47  47  47  47  47  48  48  49  49  49  50  51  52  52  52  52  52  53  53
1300  53  53  53  54  55  56  56  56  57  57  56  56  56  56  56  56  55  56  56  56  57  57  58  57  58  58  59  59  60  61  61  62  63  63  63  63  63  63  64  64  64  64  65  65  65  65  65  66  66  66  65  65  65  64  64  64  64  64  64  64
1301  64  64  64  64  64  65  65  65  65  65  65  65  65  64  64  65  65  65  65  65  65  64  65  65  65  65  65  65  65  65  65  65  65  65  65  65  65  65  66  66  67  67  67  68  69  69  69  69  69  70  70  70  70  69  69  69  69  69  69  69
1302  69  69  69  70  70  70  72  72  72  72  71  71  71  72  72  72  72  72  73  74  74  74  74  74  74  74  74  74  74  74  74  74  73  74  74  74  74  74  74  74  74  74  74  75  74  74  74  74  74  74  74  74  73  73  73  73  72  72  72  72
1303  72  72  73  73  73  73  74  74  73  73  73  73  73  73  72  72  72  72  72  72  71  72  72  72  72  72  72  72  72  72  72  72  73  73  73  73  73  73  73  73  73  72  72  72  72  72  72  96  72  72  72  71  72  71  72  72  72  71  71  71
1304  71  71  71  71  71  71  71  71  71  71  71  71  71  70  70  70  69  69  69  69  69  68  68  68  68  68  68  67  68  68  68  68  68  67  67  67  67  67  67  67  67  67  67  67  67  66  66  66  66  66  65  65  65  65  65  66  66  66  66  65
1305  65  65  65  65  64  65  66  66  66  66  66  66  66  66  66  65  65  65  65  64  64  64  64  64  64  64  64  64  64  64  64  64  64  64  64  64  64  64  64  64  64  64  64  64  64  64  64  64  64  64  64  64  64  64  64  64  64  64  64  64
1306  64  64  64  63  63  63  63  64  64  64  63  64  63  64  63  63  63  63  64  64  64  64  64  64  64  64  63  64  64  63  63  63  63  64  64  63  63  63  63  63  63  63  63  63  62  62  62  62  62  62  62  63  63  63  63  63  63  64  63  63
1307  64  64  64  64  64  64  64  65  64  64  64  65  65  65  66  66  66  66  66  65  65  65  65  65  65  64  64  64  64  64  64  64  64  64  64  64  63  63  63  63  63  63  63  63  63  63  63  63  63  62  62  62  62  62  62  62  62  62  62  62
1308  62  61  62  61  62  62  62  62  63  63  63  64  63  63  63  63  63  63  63  63  63  63  63  63  63  63  63  63  63  63  63  62  62  62  62  62  63  63  64  65  66  66  67  67  68  69  69  68  68  69  69  69  69  69  69  69  69  68  68  68
1309  69  69  69  69  70  70  70  69  69  69  69  69  69  69  70  70  70  70  71  71  71  71  71  70  70  70  70  70  70  69  69  69  69  69  69  70  70  69  69  69  69  68  68  68  69  69  70  70  70  71  70  70  71  71  71  71  71  71  72  72
1310  72  73  73  73  73  73  73  73  73  73  73  73  73  73  73  74  74  74  74  74  74  74  74  74  74  74  74  74  74  74  74  74  74  74  74  74  75  75  75  75  75  76  76  76  76  76  76  76  77  77  77  77  77  77  77  77  77  77  78  78
1311  79  79  80  80  81  81  80  80  79  80  80  80  80  80  80  80  79  80  79  80  79  79  79  79  79  80  80  80  80  80  80  80  81  81  81  81  81  81  81  81  82  81  81  82  82  82  82  82  82  82  82  82  83  83  83  84  84  84  84  85
1312  85  85  85  85  86  87  87  87  87  87  87  86  86  86  86  86  87 123  87  87  88  88  87  87  87  87  87  87  88  88  89  90  90  90  90  91  91  91  91  90  90  90  90  90  90  90  91  91  91  91  91  91  91  90  90  90  90  90  90  91
1313  91  91  92  91  91  92  92  92  92  92  92  91  91  91  91  91  90  90  90  90  91  91  91  91  91  91  91  92  92  91  91  91  91  92  92  92  92  91  91  91  92  92  92  93  93  93  94  95  95  96  96  95  95  95  94  94  94  94  94  94
1314  94  94  94  94  94  94  95  95  95  95  95  95  95  94  94  94  94  94  94  95  95  95  95  95  95  95  95  95  95  95  95  95  95  95  95  96  95  95  95  95  95  96  95  95  96  97  96  96  96  96  95  95  95  95  95  95  95  96  96  96
1315  96  95  95  95  96  96  96  96  96  96  96  97  96  96  96  96  97  97  97  97  98  98  98  97  97  97  97  97  97  97  97  97  98  98  98  99  99  99  98  97  97  97  97  97  98  98  98  98  97  97  97  97  97  97  98  98  99  99 100 100
1316  99  98  97  97  97  96  96  96  96  96  97  97  97  98  98  98  98  98  98  98  98  98  98  98  98  98  98  97  97  97  97  97 148  97  98  98  99  99  99  98  99  99  99 100 100 101 101 102 101 100 100  99  98  98  98  97  97  97  97  97
1317  97  97  97  97  97  98  98  97  97  97  97  97  97  96  97  97  97  97  97  97  97  97  97  96  97  97  97  97  97  97  97  97  97  96  96  96  96  96  96  96  96  96  96  96  96  96  96  96  96  97  96  96  96  96  95  95  95  95  95  95
1318  95  94  94  94  94  94  94  94  94  94  94  94  94  94  94  94  94  93  93  93  93  93  93  93  93  93  93  93  93  93  93  93  93  93  93  93  93  93  93  93  93  93  93  93  92  92  92  92  92  92  92  92  92  92  92  92  92  91  92  92
1319  91  91  91  92  91  91  91  91  91  91  91  91  91  91  91  91  91  91  91  91  91  91  91  91  91  91  91  91  91  91  91  91  91  91  92  92  92  91  91  91  91  91  91  91  91  91  91  91  91  91  91  91  92  92  92  92  92  92  92  92
1320  92  91  91  91  91  91  91  91  91  91  91  91  91  91  90  90  90  90  90  89  89  89  89  89  89  89  89  88  88  88  88  88  87  87  87  87  87  86  86  86  86  86  86  86  86  86  86  85  85  85  85  85  85  85  85  85  84  84  84  84
1321  84  84  84  84  84  84  84  84  84  84  84  84  83  83  83  83  83  83  83  82  82  82  82  82  82  82  82  82  82  82  82  82  82  82  82  82  82  82  82  82  82  81  81  81  81  81  81  81  81  81  81  81  81  81  81  81  81  80  81  81
1322  81  80  81  80  80  80  80  80  80  80  80  80  80  80  80  80  80  80  80  80  80  80  80  80  80  80  80  80  80  80  80  80  80  80  80  80  80  80  80  80  80  80  80  80  80  80  80  80  80  80  80  80  80  80  80  80  80  80  80  80
1323  81  81  80  81  80  80  80  80  80  81  81  81  81  81  81  81  81  81  81  81  81  81  81  81  81  81  81  81  81  81  81  81  81  81  81  81  81  81  81  81  81  81  81  81  81  81  81  81  81  81  81  81  81  81  81  81  81  81  81  81
1400  81  81  81  81  81  80  81  81  81  81  80  80  80  80  80  80  80  81  81  81  81  81  81  80  80  80  81  81  81  80  80  80  80  80  80  80  80  80  80  80  80  80  80  80  80  80  79  79  79  78  78  77  77  77  77  77  77  77  77  76
1401  76  75  75  75  75  75  75  75  75  75  76  76  76  75  75  74  74  74  74  74  75  75  75  75  75  75  76  76  76  76  76  75  75  75  75  75  75  75  75  75  75  75  75  75  75  75  75  75  75  75  74  74  74  74  74  74  74  74  74  74
1402  74  74  74  75  75  75  76  76  76  76  76  76  76  76  76  76  76  76  76  76  76  76  76  76  76  76  76  76  75  75  75  75  75  75  75  75  75  75  76  76  76  76  76  76  76  76  76  76  76  76  76  76  76  76  76  76  76  76  76  76
1403  76  76  76  76  76  76  76  76  76  76  76  75  75  75  75  75  75  75  75  75  74  74  74  73  73  73  73  73  73  73  72  72  72  72  71  71  71  70  70  70  70  69  69  69  70  69  69  68  69  69  69  70  70  70  70  70  70  71  71  72
1404  72  73  73  74  74  74  75  74  74  74  74  74  74  74  74  74  74  74  74  74  74  74  74  74  73  73  73  73  73  72  72  72  71  71  71  71  71  70  69  69  69  69  69  70  70  70  70  70  70  70  70  70  70  70  70  70  70  70  70  70
1405  70  71  71  71  72  72  72  72  72  72  72  72  72  72  72  72  72  72  72  72  72  72  72  72  72  72  72  72  72  72  72  72  72  71  71  71  71  71  72  71  71  71  72  72  71  71  71  71  71  71  71  71  71  71  71  71  71  71  71  71
1406  72  71  71  71  71  71  71  72  71  71  71  71  71  71  71  71  71  71  71  71  71  71  71  71  71  71  71  71  71  71  71  71  71  71  71  71  71  71  71  71  71  71  71  71  72  71  72  71  71  71  71  72  72  72  72  72  72  72  72  72
1407  72  72  72  72  72  72  72  72  72  72  72  72  72  72  72  72  73  73  73  73  73  73  73  73  73  74  74  74  74  73  73  73  73  72  72  72  72  72  73  72  72  72  72  72  72  72  72  72  72  72  72  72  72  72  72  72  72  72  72  72
1408  71  71  71  71  72  72  72  72  72  72  72  72  72  72  72  72  72  72  72  72  72  72  72  73  73  72  72  72  72  72  72  72  72  72  72  72  72  71  71  71  71  70  70  70  70  70  70  70  70  70  70  71  71  71  71  71  70  70  70  69
1409  69  69  69  69  69  69  69  68  68  68  68  68  68  68  68  68  68  68  68  67  67  67  67  68  68  68  68  68  68  68  68  68  68  68  69  69  69  69  69  70  70  71  71  71  71  71  71  71  72  72  72  72  72  72  72  73  73  73  73  73
1410  73  73  73  73  73  74  74  74  74  74  75  75  76  76  76  76  76  77  77  77  77  77  77  77  77  77  78  78  78  79  79  79  79  79  79  79  80  80  80  80  81  81  81  81  82  82  82  83  83  84  84  85  85  86  85  85  85  86  86  87
1411  87  88  88  89  89  90  91  91  91  90  90  89  90  89  89  89  89  90  91  92  94  93  93  92  92  92  92  92  91  91  92  93  94  94  94  95  95  95  95  96  97  96  96  96  96  96  96  96  97  98  97  98 100 101 102 102 103 104 104 103
1412 102 102 103 103 102 102 102 102 102 102 102 102 102 102 101 103 104 104 104 104 103 103 103 103 103 103 102 103 103 104 103 103 104 105 106 106 106 106 107 106 106 106 107 108 108 108 108 108 109 109 109 108 108 107 106 106 107 108 108 108
1413 108 108 108 110 112 113 113 112 111 110 110 110 112 113 115 116 117 117 117 117 115 114 114 115 115 114 112 112 112 113 114 115 115 115 114 114 113 113 113 113 113 112 112 114 116 117 119 120 119 117 117 116 117 117 118 120 122 123 122 122
1414 121 121 122 123 121 121 121 122 123 125 126 128 129 131 133 134 134 132 132 131 131 129 127 127 128 129 129 129 130 131 133 132 131 131 131 131 130 130 131 134 136 137 137 136 136 135 137 138 139 138 137 137 139 141 141 140 139 139 138 137
1415 136 137 137 138 137 137 137 136 138 138 138 138 139 141 140 138 138 139 140 140 138 137 136 137 137 135 136 136 135 136 137 137 137 137 136 136 136 138 139 139 140 139 138 137 136 135 134 134 134 134 134 135 136 136 136 136 136 137 137 135
1416 134 133 132 132 132 132 133 134 135 135 135 135 135 135 136 137 137 137 137 136 135 134 134 134 134 135 135 135 135 135 136 135 135 134 134 135 135 136 135 134 133 133 133 133 133 133 133 132 132 131 131 131 131 132 132 133 133 134 134 134
1417 134 134 134 135 135 135 135 134 133 133 133 133 133 132 132 131 131 131 131 131 130 130 131 130 131 131 130 131 131 131 131 131 131 131 131 131 131 130 130 130 130 129 129 129 129 128 128 127 127 127 127 127 126 126 126 126 125 125 125 124
1418 124 124 124 124 123 123 123 122 122 122 122 122 121 121 121 121 121 120 120 120 119 119 119 118 118 118 117 117 117 117 117 116 116 116 115 115 115 115 114 113 113 113 113 113 113 113 113 113 113 113 113 113 112 111 111 110 109 109 109 108
1419 108 107 107 107 107 107 107 107 106 106 106 106 105 105 104 104 104 104 103 103 103 102 102 102 102 102 102 101 101 101 101 100  98  98  97  95  94  93  93  92  91  90  89  88  86  85  84  83  82  81  80  80  79  78  77  77  76  76  75  74
1420  73  74  74  75  76  77  77  79  81  82  84  86  88  90  92  95  96  97  97  97  98  97  97  97  96  95  95  94  94  93  93  93  93  93  91  91  91  90  90  90  90  90  90  90  91  91  91  91  91  91  91  91  90  90  90  90  90  91  91  92
1421  92  91  91  91  92  92  91  90  88  87  86  84  83  81  80  77  76  74  73  72  71  70  69  68  68  67  66  66  66  66  65  65  64  64  63  63  62  61  61  60  60  60  59  59  58  58  58  57  57  57  57  56  56  56  56  56  56  56  56  56
1422  56  55  55  55  55  55  55  55  55  55  55  55  55  56  56  56  56  56  56  56  56  55  55  55  55  54  54  54  54  54  54  53  53  53  53  53  53  53  54  54  55  55  55  55  55  55  55  55  55  55  54  54  54  53  53  53  53  54  54  54
1423  54  54  54  54  54  54  54  54  54  54  54  54  54  54  53  54  54  54  54  53  53  52  52  52  52  51  51  51  50  49  49  49  49  50  50  50  51  51  51  51  50  49  49  48  48  48  47  47  47  47  47  47  47  46  46  46  46  46  46  45
1500  45  44  44  44  43  44  44  44  44  45  45  46  47  47  48  49  50  50  51  51  51  52  52  52  52  52  52  52  52  52  52  52  51  51  51  51  52  52  52  52  52  52  52  52  52  52  51  50  49  49  49  49  49  49  49  49  49  48  47  47
1501  46  46  46  46  45  45  45  45  45  45  45  45  45  45  45  45  44  44  44  44  43  43  41  40  40  40  39  39  39  38  38  37  37  36  36  36  36  36  37  37  37  38  38  38  39  39  39  39  40  40  40  40  39  39  39  39  39  39  39  38
1502  38  37  37  37  37  37  37  37  37  37  37  37  36  36  36  36  35  35  35  34  34  34  34  34  34  34  34  33  33  33  33  32  32  32  32  32  33  33  33  33  34  34  35  35  35  34  34  34  35  35  35  36  37  37  37  38  38  38  39  39
1503  39  39  39  40  40  40  40  41  41  41  41  41  42  42  43  43  44  45  45  45  46  46  46  46  46  46  46  47  46  46  46  46  46  46  46  46  46  46  46  46  46  46  46  47  47  47  48  48  48  48  48  48  49  49  50  51  51  52  51  51
1504  51  50  50  50  50  50  50  50  50  50  50  50  50  50  50  50  50  50  50  51  51  51  51  52  52  52  52  52  52  52  52  52  52  52  52  52  53  53  53  54  54  54  53  53  53  53  53  53  53  54  54  54  54  54  54  54  54  54  54  54
1505  55  55  55  55  55  55  55  55  55  55  55  55  55  55  55  55  55  55  55  54  55  55  55  55  56  56  56  56  56  56  56  56  56  56  57  57  57  57  57  57  57  57  57  58  58  58  58  58  58  44  57  57  57  57  57  57  57  57  57  57
1506  57  57  57  57  57  57  57  57  57  57  57  57  57  57  57  57  57  57  57  57  57  57  58  58  58  58  58  58  58  58  58  58  58  58  58  58  58  58  58  58  58  58  58  58  58  58  58  58  58  58  58  58  58  58  58  58  58  58  58  58
1507  58  58  58  58  58  58  58  58  58  59  59  59  59  59  59  60  60  60  60  60  60  60  60  61  61  61  61  61  61  61  61  61  61  61  61  60  61  60  60  60  60  60  60  60  60  60  60  60  60  61  61  61  61  61  61  61  61  61  62  62
1508  62  62  62  62  62  62  62  62  62  62  61  61  61  61  61  61  61  61  61  61  61  61  61  61  61  60  60  60  60  60  60  59  59  59  60  60  60  60  60  59  59  60  59  59  59  60  60  60  60  61  61  61  61  60  60  60  59  59  59  59
1509  59  59  59  59  60  60  60  60  60  60  60  60  60  59  59  59  59  59  60  60  59  60  60  59  59  59  59  59  59  59  59  60  60  60  61  61  62  63  63  63  63  63  64  64  65  65  65  66  66  67  67  68  68  69  69  70  70  71  71  71
1510  72  72  72  73  45  73  73  74  74  75  75  75  75  75  75  76  76  76  76  77  76  76  76  77  77  77  77  77  78  79  79  79  80  80  80  80  81  81  81  81  82  82  82  82  83  83  83  83  83  84  84  84  84  84  84  84  85  85  85  85
1511  85  85  86  86  86  86  86  87  87  88  89  89  90  90  90  90  90  90  90  90  90  90  90  91  91  91  92  92  92  92  92  92  93  94  94  94  95  95  95  95  94  94  94  94  94  94  94  94  94  94  94  94  94  94  95  96  97  97  96  96
1512  97  97  97  97  97  98 100 100 101 100  99  99  98  98  99  98  97  97  97  97  97  97  97  97  98  98  98  98  98  98  98  98  99  99 100 100 101 101 101 102 102 103 103 103 103 103 102 102 103 104 105 104 104 104 104 103 103 103 104 104
1513 104 104 104 104 105 106 106 106 106 105 105 105 105 106 107 108 110 110 110 110 110 110 109 109 109 109 109 109 108 107 107 106 106 106 106 107 108 108 108 107 108 108 108 108 108 108 108 107 108 108 108 107 108 109 110 110 111 110 111 111
1514 112 112 112 111 111 111 112 112 112 112 112 112 110 109 109 109 109 109 109  50 110 111 111 111 111 113 113 113 113 113 114 114 114 114 114 114 112 112 110 109 109 110 111 111 112 113 113 113 113 114 115 115 116 117 117 117 118 120 119 117
1515 116 114 114 115 115 116 117 120 122 122 122 123 123 121 120 121 121 121 122 121 120 120 119 118 118 119 119 120 120 120 120 120 120 119 118 117 117 116 116 116 117 117 117 117 118 118 118 118 118 118 116 115 114 114 115 115 116 117 117 118
1516 119 118 118 119 118 117 116 116 117 118 118 119 120 120 119 119 119 117 117 117 118 118 118 118 118 118 118 118 118 118 118 118 118 117 117 117 117 117 118 118 118 118 119 120 120 119 120 120 120 120 121 123 124 126 126 125 124 123 121 119
1517 119 118 118 118 117 117 116 116 116 117 117 118 118 117 117 117 117 117 117 117 117 117 117 116 116 116 116 116 116 116 116 117 117 117 116 116 116 116 116 116 116 116 116 116 116 117 117 117 117 117 117 118 118 117 117 117 117 117 117 117
1518 116 116 116 115 115 115 115 115 115 115 114 114 114 113 113 113 113 112 113 112 112 112 112 112 111 111 111 111 111 111 111 111 111 111  38 111 110 110 110 110 110 110 110 110 110 110 109 109 109 109 109 109 109 109 109 108 108 108 108 108
1519 107 107 106 106 106 105 105 105 105 105 105 105 105 105 105 105 105 105 104 103 103 102 101 100  99  98  97  97  96  95  95  94  93  93  92  92  92  91  91  91  91  91  91  91  91  91  91  91  91  90  90  90  90  90  90  90  90  90  90  90
1520  90  90  90  90  90  90  90  90  89  89  88  88  88  88  88  88  88  88  89  90  91  91  92  95  97  97  99  99 100 100 100 100 100 100 100 100 100 100  99  99  99  99  99  99  99  99  99  99 100 100  99  99  99  99  99  98  99  98  98  98
1521  98  99  99  98  98  98  98  98  98  98  98  98  98  98  98  98  97  97  97  98  98  98  98  97  97  97  96  96  96  96  95  95  94  95  94  94  95  95  95  95  95  94  94  94  94  94  94  93  93  93  93  92  92  92  92  92  92  92  92  92
1522  92  91  91  91  91  91  91  91  91  91  91  92  91  91  91  91  91  90  90  89  88  88  88  87  87  88  88  88  88  88  88  88  88  88  88  88  88  88  87  87  87  86  86  86  85  85  85  85  84  -4  84  83  83  83  83  82  82  81  81  81
1523  80  80  80  79  79  79  78  78  77  77  77  77  76  76  76  75  75  75  75  75  75  74  74  74  74  74  74  74  74  74  74  74  74  74  74  74  74  74  74  74  74  74  75  75  75  75  74  74  74  74  74  74  73  73  73  73  73  73  73  73
1600  73  73  74  74  74  74  74  74  74  75  75  75  75  75  75  75  75  74  74  74  74  73  73  73  73  73  73  74  74  75  76  76  77  77  77  77  77  77  77  77  77  78  78  79  79  80  81  81  81  81  81  81  82  82  82  82  82  82  83  83
1601  83  84  84  84  83  84  83  83  83  83  83  83  82  82  82  82  82  82  82  82  82  82  83  83  83  83  83  83  83  83  83  83  83  83  83  83  82  83  83  83  83  82  82  82  82  82  82  82  82  82  81  81  81  81  81  80  80  80  79  79
1602  79  79  78  78  78  78  77  77  77  77  77  77  77  76  76  76  76  76  75  75  75  75  75  75  74  74  74  73  73  72  72  72  72  72  72  72  72  72  72  72  73  73  74  74  75  75  75  76  76  77  77  77  77  77  78  78  78  78  78  78
1603  78  78  78  78  78  78  78  78  78  78  78  78  78  78  78  78  78  78  78  78  77  77  77  77  77  77  76  76  76  76  76  75  75  75  75  75  74  74  74  74  74  74  74  74  74  74  73  73  73  73  73  73  73  73  73  72  72  72  72  72
1604  72  72  72  71  71  71  71  71  71  71  71  71  71  71  71  71  71  72  72  72  72  71  71  71  71  71  71  71  71  71  71  70  71  71  71  70  70  70  70  70  70  70  70  70  70  70  70  70  70  70  70  70  70  70  70  70  70  70  70  70
1605  70  70  70  70  70  71  71  71  71  71  71  71  71  71  71  71  71  71  71  71  71  71  71  71  71  72  72  72  72  72  72  72  72  72  72  72  73  73  73  72  73  73  73  73  73  73  73  73  73  73  73  73  73  73  73  73  73  73  73  74
1606  74  74  74  74  74  74  74  74  74  74  73  73  73  74  74  74  74  74  74  74  74  74  75  75  74  74  74  74  74  74  74  74  74  74  74  74  74  74  74  74  74  74  74  74  74  74  74  74  74  74  74  74  75  75  75  75  75  75  75  76
1607  76  76  76  77  77  77  77  77  77  77  77  77  77  77  77  77  77  77  77  77  77  77  77  77  77  77  77  77  77  77  77  77  77  77  77  77  77  77  77  77  77  77  77  77  77  77  76  76  76  76  76  75  75  75  75  75  75  75  75  74
1608  74  74  74  74  74  73  73  73  73  73  73  73  73  73  73  73  73  73  73  73  72  72  72  72  72  72  72  72  72  72  72  72  72  72  72  71  71  71  71  71  71  71  71  72  72  72  72  72  72  72  72  72  72  72  72  72  72  71  71  71
1609  71  71  71  71  71  71  71  71  71  72  72  72  72  72  73  72  73  73  73  73  73  73  73  73  73  73  73  73  73  73  73  73  73  73  74  74  74  74  75  75  75  75  75  75  75  75  75  75  75  75  76  75  75  75  74  74  74  75  75  75
1610  75  75  75  75  75  75  75  75  75  75  76  76  76  76  76  76  76  77  77  76  76  76  77  76  76  77  77  77  77  77  77  77  77  77  77  77  77  77  77  77  77  77  77  77  77  77  77  77  77  77  77  76  76  77  77  77  77  77  76  76
1611  76  76  76  76  76  75  75  75  75  75  75  75  75  75  75  75  75  75  75  75  75  75  74  75  75  75  75  76  76  76  76  76  76  76  76  76  76  76  76  76  76  77  77  77  77  76  76  77  77  76  76  76  77  77  77  77  78  78  78  79
1612  78  78  77  77  77  77  77  77  77  77  77  77  77  76  75  75  76  75  76  76  75  75  75  75  75  75  75  75  75  75  74  74  74  74  74  73  73  73  73  73  73  73  73  73  73  72  72  72  72  72  72  72  72  72  72  72  72  71  71  71
1613  71  71  71  71  71  71  71  71  71  71  71  71  71  71  71  71  71  71  71  71  72  72  72  72  72  72  72  72  71  71  72  72  72  72  72  72  72  72  73  73  73  73  72  72  72  72  72  72  72  72  72  72  72  72  72  72  72  73  73  73
1614  74  74  74  74  73  73  72  72  73  73  73  72  72  73  73  73  72  73  73  73  73  73  73  74  74  74  75  75  74  74  74  74  74  74  74  74  74  74  74  75  75  76  77  77  77  78  79  79  78  79  79  79  79  79  79  79  79  79  80  80
1615  80  80  80  80  81  81  81  82  82  83  83  84  84  84  84  84  84  83  84  83  83  83  83  83  83  82  82  82  82  83  83  83  83  83  82  82  83  83  83  82  83  83  84  84  85  85  86  86  86  86  86  87  87  88  88  88  89  89  90  90
1616  91  92  92  91  91  91  90  90  91  91  91  91  92  93  93  92  91  90  90  90  90  90  90  90  90  89  90  90  90  91  91  90  90  90  90  90  90  90  90  90  90  90  89  89  89  89  89  88  88  88  87  86  86  86  86  86  86  86  85  85
1617  84  84  84  84  84  84  84  84  83  83  83  83  83  83  83  83  82  82  82  82  81  81  81  81  81  80  80  80  80  79  79  79  79  79  79  79  79  79  79  79  79  78  78  78  78  78  78  78  78  78  78  78  78  78  78  78  78  78  78  78
1618  78  78  78  78  78  78  78  78  78  78  78  78  78  78  78  78  78  78  78  78  78  78  78  78  78  78  78  78  78  79  79  78  78  79  79  79  79  78  79  79  79  79  79  79  79  79  79  79  79  79  79  79  78  79  79  79  79  78  79  78
1619  78  78  78  78  78  78  78  78  78  78  78  78  78  78  78  78  78  78  78  78  78  78  78  78  78  78  78  78  78  78  78  78  78  78  78  78  78  78  78  78  78  78  78  78  78  78  78  78  78  78  78  78  78  78  78  78  78  78  77  77
1620  77  77  77  77  77  77  77  77  77  77  77  77  77  77  77  77  77  77  77  77  77  77  77  77  77  77  77  77  77  77  77  76  77  77  77  77  77  77  77  77  77  77  77  77  77  77  77  77  77  77  77  77  77  77  77  77  77  77  77  77
1621  77  77  77  77  77  77  77  77  78  77  78  77  77  77  77  77  77  77  77  77  77  77  77  77  77  77  76  76  76  76  76  76  76  76  76  76  76  76  76  76  76  76  76  76  76  76  76  76  76  76  76  76  76  76  76  76  76  76  76  76
1622  76  76  76  76  76  76  76  76  76  76  76  76  76  76  76  76  76  76  76  76  76  76  76  76  76  76  76  76  76  76  76  76  75  75  75  75  75  75  75  75  75  75  75  75  75  75  75  75  75  75  75  75  75  75  75  75  75  75  75  75
1623  75  74  74  74  74  74  74  74  74  74  74  74  74  74  74  74  74  74  74  74  74  74  74  74  74  74  74  74  74  74  74  74  74  74  74  74  74  74  74  74  74  74  73  73  73  73  73  73  73  72  73  72  72  72  72  72  72  72  72  72
1700  72  71  72  71  71  71  71  71  71  70  70  70  70  70  70  70  70  70  70  70  70  70  70  70  69  69  69  69  69  69  68  68  68  68  69  69  69  69  69  69  69  68  68  68  68  68  68  68  67  67  67  67  67  67  67  67  67  67  66  67
1701  67  67  66  66  66  67  67  66  66  66  66  66  66  66  66  66  66  66  66  66  66  66  66  66  66  66  66  65  66  65  65  65  65  65  65  65  65  65  65  65  65  65  65  65  65  65  65  65  65  64  64  65  65  65  65  65  65  64  64  65
1702  65  65  65  65  65  65  65  65  65  64  64  64  65  65  65  65  65  65  65  65  65  64  64  64  64  65  64  64  65  65  65  65  65  64  65  65  64  64  64  64  64  64  64  64  64  64  64  64  64  65  64  64  64  64  64  64  64  64  64  64
1703  64  64  64  64  64  64  64  64  64  64  64  64  64  64  64  64  64  64  64  64  64  64  64  64  64  64  64  64  64  64  64  64  64  64  64  64  64  64  64  64  64  64  64  64  64  64  64  64  64  64  64  64  64  64  64  64  64  64  64  64
1704  64  64  64  64  64  64  64  64  64  64  64  64  64  64  64  64  64  64  64  64  63  63  63  63  63  63  63  63  63  63  63  63  63  63  63  63  63  63  63  63  63  63  63  63  63  63  63  63  63  63  63  63  63  63  63  63  63  63  63  63
1705  63  62  63  63  63  63  63  62  62  62  62  62  62  62  63  62  62  62  62  62  63  62  62  62  62  62  62  62  62  62  62  62  62  62  62  62  62  62  62  62  62  61  61  61  61  62  61  61  61  61  61  61  61  61  61  61  61  61  61  61
1706  61  61  61  61  61  61  61  61  61  61  61  61  61  61  61  61  61  61  61  61  61  61  61  61  61  61  61  61  61  61  61  61  61  61  61  61  61  61  61  61  61  61  61  61  61  61  61  61  61  61  61  61  61  61  61  61  61  60  60  60
1707  60  60  60  60  60  60  60  60  60  60  60  60  60  60  60  60  60  60  60  60  60  60  60  60  60  60  60  60  60  60  60  59  60  59  59  59  59  59  59  59  59  59  59  59  59  59  60  59  59  59  59  59  60  59  60  60  60  60  60  60
1708  60  60  60  60  60  60  60  60  60  60  60  60  60  60  60  60  60  60  60  60  60  60  60  60  60  60  60  60  60  60  60  60  60  60  61  61  61  61  61  60  60  60  60  60  60  61  61  61  61  61  61  61  61  61  61  61  61  61  61  61
1709  61  61  61  61  61  61  61  61  61  61  61  61  61  61  61  61  61  61  61  61  61  61  61  61  62  62  61  62  62  61  62  62  62  62  62  62  61  61  61  61  61  61  62  62  62  62  62  62  62  62  61  61  62  62  62  62  62  62  62  62
1710  62  62  62  62  62  62  62  62  62  62  62  62  62  62  62  62  62  62  62  63  63  63  63  62  62  62  62  63  63  63  63  63  63  63  64  64  64  64  64  64  64  64  64  64  64  64  64  64  64  64  64  64  64  64  64  64  64  64  64  64
1711  64  64  64  64  64  64  64  64  64  64  64  64  64  64  64  64  64  64  64  64  64  64  64  64  64  64  64  64  64  64  64  64  64  64  64  64  64  65  65  65  65  65  65  65  65  65  66  66  66  66  66  66  66  66  66  66  66  67  67  66
1712  67  67  67  67  67  67  43  67  67  67  67  67  67  67  67  67  67  68  68  68  67  67  67  67  67  67  67  67  66  66  66  67  66  66  67  67  67  67  67  67  67  67  66  66  67  67  67  67  67  66  67  66  67  67  66  67  67  66  66  67
1713  67  67  67  67  67  67  67  67  67  67  67  67  67  67  67  67  67  68  67  67  67  67  67  67  67  67  67  67  67  67  67  66  66  67  67  66  66  66  66  66  66  66  66  66  66  66  66  66  66  66  66  66  66  66  66  66  67  67  67  67
1714  67  67  67  67  67  67  67  67  67  67  67  67  67  67  67  68  68  68  68  68  67  67  68  67  67  67  67  67  67  67  67  67  67  67  67  67  67  67  67  67  67  67  68  68  68  68  68  68  68  68  68  68  67  67  67  68  68  67  67  68
1715  67  67  68  67  67  68  68  67  67  67  67  67  68  68  67  67  67  67  67  67  67  67  67  67  67  67  67  67  67  67  67  66  67  67  67  66  66  66  66  66  66  66  66  66  66  66  66  66  66  66  67  66  66  66  66  66  66  66  65  65
1716  65  65  65  65  65  65  65  66  66  66  66  66  66  65  66  66  66  65  65  65  65  54  65  65  65  65  65  65  65  65  65  65  65  65  65  65  65  65  65  65  65  65  65  65  66  66  66  66  66  65  65  65  65  65  65  65  65  65  65  65
1717  65  65  65  65  65  65  65  65  65  64  64  64  64  64  64  64  64  64  64  64  64  64  63  63  63  64  63  63  63  63  64  64  64  64  63  63  63  63  63  63  63  63  63  63  63  63  63  63  63  63  63  63  63  63  63  63  63  63  63  63
1718  63  63  63  63  63  62  62  63  62  62  63  63  63  63  63  63  63  63  63  63  63  63  63  63  63  63  63  62  62  63  63  63  63  63  63  63  63  63  63  62  63  63  63  63  63  63  63  63  63  63  63  63  63  63  63  63  63  63  63  63
1719  63  63  63  63  63  63  63  63  63  63  63  63  63  63  63  63  63  63  63  63  63  63  62  63  63  63  63  63  63  63  63  63  63  63  63  63  63  63  63  63  63  63  63  63  63  63  63  63  63  63  63  63  63  63  63  63  63  63  63  63
1720  63  63  63  63  63  63  63  63  63  63  63  63  63  63  63  63  63  63  63  63  64  64  64  64  64  64  64  64  64  64  64  64  64  64  64  64  49  64  64  64  64  64  64  64  64  64  64  64  64  64  64  64  64  64  64  64  64  64  64  64
1721  64  64  64  65  65  65  65  65  65  66  66  66  66  66  66  66  66  66  66  66  66  66  66  66  66  66  66  66  66  66  65  66  65  66  66  66  65  65  65  65  65  65  65  65  65  65  65  65  64  64  64  64  64  64  64  64  64  64  64  65
1722  64  65  64  64  64  64  64  64  65  65  65  65  65  65  65  65  65  65  65  65  65  64  64  64  65  65  65  65  65  65  65  65  65  65  65  65  65  65  65  65  65  65  65  65  65  65  65  65  65  66  66  66  65  65  65  65  66  66  65  65
1723  66  65  65  65  65  65  65  64  64  64  64  64  64  64  64  64  64  65  65  65  65  65  65  65  65  65  65  65  65  65  65  65  65  65  65  65  65  65  65  65  65  65  65  65  65  65  65  65  65  65  66  66  66  66  66  66  66  66  66  65
1800  65  65  65  65  65  65  65  65  65  65  65  65  64  64  64  64  64  64  63  63  64  64  64  64  64  64  64  64  64  64  64  64  64  64  64  64  64  64  64  64  64  64  64  64  64  64  65  64  64  64  65  43  65  64  64  64  64  63  63  63
1801  63  63  63  63  63  64  63  63  63  63  63  64  64  64  64  64  64  64  64  63  63  63  63  63  63  63  63  63  63  64  64  64  63  63  63  64  64  63  63  63  63  63  63  64  64  64  64  64  64  64  64  64  64  64  64  64  63  63  63  64
1802  63  64  64  64  64  64  63  63  63  63  63  62  62  62  62  62  62  62  62  63  63  63  63  63  63  62  62  62  62  62  62  62  62  61  61  61  61  61  61  61  61  61  61  61  61  61  62  62  62  62  62  62  62  61  61  61  61  61  61  61
1803  61  61  61  61  60  60  59  59  58  57  56  55  55  55  55  56  56  56  57  57  57  57  57  57  58  58  58  58  58  58  58  58  58  58  58  58  58  58  58  58  58  58  59  58  59  59  59  59  59  59  59  59  59  58  58  58  58  58  58  58
1804  58  58  57  57  57  57  56  56  55  55  55  54  54  54  54  54  54  54  54  54  54  54  54  54  54  54  54  54  53  53  53  54  54  53  53  53  53  53  53  52  52  51  51  52  52  52  52  52  51  51  50  50  49  49  48  48  47  46  46  45
1805  45  45  45  45  44  44  44  43  43  43  43  43  43  43  42  42  42  41  41  41  41  40  40  40  39  39  39  39  39  39  39  39  39  39  39  39  39  39  40  41  42  42  42  42  41  41  41  41  41  42  43  43  44  44  44  45  46  46  47  47
1806  48  49  49  49  50  50  50  50  50  49  49  49  49  49  50  50  49  49  49  49  50  50  50  50  50  50  50  49  49  48  48  47  46  45  45  44  44  44  43  42  42  42  41  41  42  42  42  42  42  41  41  42  42  42  42  43  43  43  43  43
1807  44  44  44  45  45  46  46  46  47  47  48  48  49  49  49  49  49  48  48  48  48  47  47  46  45  45  44  44  43  43  43  42  42  42  41  41  40  40  40  39  39  39  39  39  39  39  39  39  39  38  38  38  37  37  36  36  36  37  37  37
1808  37  37  37  37  36  36  37  36  36  36  36  35  35  35  34  34  34  34  34  33  33  33  33  33  33  33  33  33  33  34  34  34  34  34  35  35  35  35  35  35  35  36  37  37  38  38  39  39  39  40  40  40  40  41  41  42  42  42  42  43
1809  43  44  44  45  45  45  45  45  46  46  46  46  47  47  47  48  48  48  48  49  49  49  50  50  50  50  51  51  51  51  52  52  52  52  52  53  53  53  53  53  53  54  54  54  54  54  54  54  54  54  54  55  55  55  55  55  56  56  57  57
1810  57  58  58  58  58  58  59  59  59  60  60  60  60  60  60  60  60  60  60  61  61  61  61  61  61  61  61  61  61  61  61  61  62  62  62  62  61  61  61  61  61  61  61  62  62  62  61  61  61  61  61  62  62  62  62  62  62  62  62  62
1811  62  63  63  63  63  62  62  63  63  63  63  63  63  63  63  63  63  64  64  64  63  64  64  64  64  64  64  64  64  64  65  65  65  65  66  66  65  66  65  65  65  65  66  66  66  66  66  66  66  66  67  68  68  68  68  68  68  67  67  67
1812  68  68  67  67  67  67  66  66  65  65  65  65  65  66  66  66  67  66  67  67  67  67  67  68  68  67  68  68  68  68  69  69  69  69  69  69  70  71  71  71  71  72  72  73  73  73  72  71  72  72  72  72  73  73  72  72  73  74  75  75
1813  75  76  76  76  75  74  74  73  74  74  74  74  74  74  74  74  75  75  75  76  76  77  77  77  77  77  77  77  77  77  77  77  77  77  77  76  75  75  76  77  77  77  76  75  74  74  74  74  74  75  76  76  77  77  77  77  77  77  77  77
1814  77  77  77  77  77  77  77  78  78  77  78  77  77  76  76  77  77  77  77  77  77  77  77  77  77  77  78  79  80  80  81  80  79  80  80  80  80  79  78  77  77  77  78  79  79  79  79  79  80  80  80  80  79  80  80  81  81  81  81  82
1815  83  83  84  83  83  82  81  80  81  80  80  80  80  81  82  82  82  81  82  82  81  81  81  81  82  82  82  81  81  81  80  80  80  80  80  81  81  82  83  83  84  83  83  82  82  82  82  81  81  81  80  80  80  81  81  81  81  81  82  82
1816  82  82  82  81  81  81  81  81  81  81  81  82  82  83  82  82  82  82  82  81  81  82  82  82  83  83  84  84  84  84  84  84  84  85  85  85  85  85  85  85  85  86  86  86  86  85  85  85  85  86  86  87  87  88  88  87  87  87  87  86
1817  86  85  85  85  85  85  85  85  85  85  85  85  85  84  84  84  84  84  84  84  84  84  84  83  83  83  83  83  83  83  83  83  83  82  81  80  79  79  78  78  78  78  77  77  77  77  76  76  76  76  75  75  75  75  75  75  75  74  74  74
1818  74  74  74  74  74  73  73  73  74  73  73  73  73  73  73  72  73  73  72  72  73  72  72  72  72  72  72  72  72  72  72  72  72  72  72  72  72  72  72  72  72  72  72  72  72  71  71  72  72  72  71  71  72  71  71  71  71  71  71  71
1819  71  71  71  71  71  71  72  71  71  71  71  71  71  71  71  71  71  71  71  71  71  71  71  71  71  71  71  71  71  71  71  71  71  71  71  71  71  71  71  71  71  71  71  71  71  71  71  71  71  71  71  71  71  71  71  71  71  71  71  71
1820  71  71  71  71  71  71  71  70  71  70  70  70  70  70  70  70  70  70  70  70  70  70  70  70  70  70  70  70  70  70  70  70  70  70  70  70  70  70  70  70  70  70  70  70  70  70  70  70  70  70  69  69  69  69  69  69  69  69  69  69
1821  69  69  69  69  69  69  69  69  69  69  69  69  69  69  69  69  69  69  69  69  69  69  69  69  69  69  69  69  69  69  69  69  69  69  69  69  68  68  68  68  68  68  68  68  69  68  69  69  68  69  69  69  69  69  69  69  69  69  69  69
1822  69  69  69  69  69  69  69  69  68  68  68  68  68  68  68  68  68  68  68  68  68  68  68  68  68  68  68  68  68  68  68  68  68  67  67  67  67  67  67  67  67  67  67  67  67  67  67  66  67  66  66  66  67  67  67  66  66  66  67  66
1823  67  67  66  66  66  66  66  66  66  66  66  66  66  66  66  66  66  66  66  66  66  66  66  66  66  66  66  66  66  66  66  66  66  66  66  66  66  66  66  66  66  66  66  66  66  66  66  66  66  66  66  66  66  66  66  65  66  66  66  66
1900  66  66  66  66  66  66  66  66  66  66  66  65  65  65  65  65  65  65  65  65  65  65  65  66  65  66  66  66  66  66  66  66  66  66  66  66  66  66  66  66  66  66  66  66  66  65  65  65  65  66  65  65  65  66  65  65  65  65  65  65
1901  65  65  65  66  66  66  66  66  66  66  66  66  66  66  66  66  66  66  66  66  66  65  65  65  65  65  65  65  65  65  65  65  65  65  65  65  65  66  66  66  66  66  66  66  66  66  66  66  66  66  66  66  66  66  65  65  65  65  65  65
1902  65  65  65  65  65  65  64  65  65  64  64  64  64  64  64  64  64  64  64  64  64  64  64  64  64  64  64  64  64  64  63  63  63  63  63  63  63  63  63  63  63  63  63  63  63  63  63  63  63  63  63  63  63  63  63  63  63  63  63  63
1903  63  63  63  63  63  63  63  63  63  63  63  63  63  63  63  63  62  62  62  62  63  62  63  63  63  63  63  63  62  62  62  62  62  62  62  62  62  62  62  62  62  62  62  62  62  62  62  62  62  62  62  62  62  62  62  62  62  62  62  62
1904  62  62  61  62  62  62  62  62  61  61  61  61  61  61  61  61  61  61  61  61  61  61  61  61  61  61  61  61  60  60  60  60  60  60  60  60  60  60  60  60  59  60  60  60  60  59  59  59  59  59  59  59  59  59  59  59  59  59  58  58
1905  58  58  58  58  58  58  58  58  58  58  58  58  58  58  58  58  58  58  58  57  57  57  57  57  57  57  57  57  57  57  57  57  57  57  57  57  57  57  57  58  58  57  57  57  57  57  57  58  57  58  58  58  58  58  58  58  58  58  58  58
1906  58  58  58  58  58  58  58  58  58  58  58  58  58  58  58  58  58  58  58  58  58  58  58  58  58  59  59  59  59  59  59  59  59  58  59  59  59  59  59  59  59  59  59  59  59  59  59  59  59  59  59  59  59  59  59  59  59  59  59  59
1907  59  59  59  59  59  59  59  59  59  59  59  59  59  59  59  59  59  59  59  59  59  59  59  59  59  59  59  58  58  58  58  58  58  58  58  58  58  58  58  58  58  58  58  58  58  58  58  58  58  58  58  58  58  58  58  58  58  58  58  58
1908  58  58  58  58  58  58  58  58  58  58  58  58  58  58  58  58  58  58  58  58  58  58  58  58  57  57  57  58  57  57  58  58  58  58  58  58  58  58  58  58  58  58  58  58  58  58  58  58  58  58  58  58  58  58  58  58  58  58  58  58
1909  58  58  58  58  58  58  58  59  58  59  59  59  59  59  59  59  59  59  59  59  59  59  59  59  59  59  59  59  59  59  59  59  59  59  59  59  60  60  60  60  60  59  60  60  60  60  60  60  60  61  61  61  61  61  61  61  61  61  61  61
1910  61  61  61  61  61  61  61  61  61  61  61  61  61  61  61  61  61  62  61  61  61  62  62  62  62  62  62  62  62  62  62  62  62  62  62  62  62  62  62  62  62  62  62  62  62  62  62  62  62  62  62  62  62  62  62  62  62  62  62  62
1911  62  63  63  63  62  62  62  63  63  63  62  63  63  63  63  63  63  63  63  63  63  62  62  63  63  63  63  63  63  63  63  63  64  64  64  64  65  65  64  64  64  65  65  65  65  64  64  64  65  65  65  66  66  66  66  67  66  66  65  65
1912  65  65  65  66  65  65  65  65  66  66  66  66  67  67  66  66  66  67  67  67  67  67  68  68  68  68  67  67  67  66  66  66  66  66  66  67  68  68  68  68  68  68  69  69  69  69  69  70  69  69  68  68  68  68  68  68  68  68  68  68
1913  67  67  67  66  66  66  66  66  66  66  66  66  66  66  66  66  66  66  66  66  66  66  66  66  66  66  66  66  66  66  66  66  66  66  66  67  67  68  67  68  68  68  68  68  68  68  68  68  68  68  68  68  68  69  69  69  69  69  69  69
1914  68  69  69  69  69  68  69  68 130  68  68  69  69  69  69  68  69  69  69  69  69  69  69  69  69  69  69  69  69  69  69  70  70  70  69  69  70  70  70  70  70  70  70  70  70  71  71  70  70  69  69  69  70  69  70  70  70  70  70  70
1915  69  70  69  69  69  70  70  69  69  70  70  70  70  69  70  70  70  70  70  70  70  70  70  70  71  71  71  71  71  71  71  71  71  71  71  71  71  71  71  71  71  71  71  71  72  72  72  71  71  71  71  70  70  70  70  70  70  71  71  71
1916  71  71  71  71  71  71  71  71  71  71  71  71  71  71  71  71  72  72  72  73  73  72  72  73  72  72  72  72  72  72  71  71  71  71  71  71  71  71  71  71  72  72  72  72  72  71  71  71  71  71  71  71  71  71  71  72  72  72  72  72
1917  72  72  72  73  72  73  72  73  73  73  74  74  74  74  74  74  74  74  74  74  73  73  73  73  73  73  73  73  73  73  73  73  73  73  73  73  73  73  73  73  73  73  74  74  74  74  74  74  74  73  73  74  74  74  74  74  74  74  74  74
1918  74  75  75  75  74  74  74  74  74  74  74  74  73  73  73  73  73  73  73  73  73  73  73 133  73  73  73  73  73  73  73  73  73  73  73  73  73  73  73  73  73  73  73  73  73  73  73  73  73  73  73  72  73  73  73  73  73  73  73  73
1919  73  73  73  73  72  72  72  72  72  72  72  72  72  72  72  72  72  72  72  72  72  72  72  72  72  72  71  71  71  72  72  72  71  71  71  71  71  71  71  71  71  71  71  71  71  71  71  71  71  71  71  71  71  71  71  71  71  70  70  70
1920  71  71  70  70  70  70  70  70  70  71  71  71  71  71  70  70  70  70  70  71  70  70  70  70  70  70  70  70  70  70  70  70  70  70  70  70  70  70  70  70  70  70  70  70  70  70  70  70  69  69  69  69  69  69  69  69  69  69  69  69
1921  69  70  70  70  70  70  70  70  70  70  70  70  70  70  70  70  70  70  70  70  70  70  70  70  70  70  70  70  70  70  70  70  70  70  69  70  70  70  70  70  70  70  70  71  70  71  71  71  70  70  71  70  71  71  71  71  71  70  70  70
1922  70  70  70  71  71  71  71  71  71  71  71  70  70  70  70  70  70  70  70  70  70  70  70  70  70  70  70  70  70  71  71  71  71  71  71  70  71  71  70  71  71  71  71  70  70  70  70  70  70  70  70  70  70  69  69  69  69  68  68  68
1923  70  70  70  69  69  69  69  69  69  69  68  69  69  68  68  68  68  68  67  67  67  67  67  67  67  67  67  67  67  67  67  68  67  67  66  66  67  67  67  67  68  68  68  68  68  68  68  67  67  67  67  67  67  67  67  67  67  67  67  67
2000  67  67  67  68  67  67  67  67  67  67  67  67  67  67  67  66  66  67  67  66  66  66  66  65  65  65  65  65  65  65  65  64  64  64  64  63  63  63  63  63  63  63  64  64  64  64  64  64  65  65  65  65  66  66  66  66  67  67  68  68
2001  68  69  69  69  69  68  68  68  68  68  68  68  67  67  67  67  67  67  67  66  66  66  66  66  66  66  66  66  66  66  66  66  65  65  65  65  65  65  65  65  65  65  65  66  66  66  66  66  66  65  65  65  65  65  65  65  65  65  64  64
2002  64  64  64  64  64  64  63  63  63  63  63  63  63  63  63  62  62  62  62  62  62  63  63  63  63  63  63  56  62  62  62  62  62  62  62  62  62  62  62  62  62  62  62  61  61  61  60  61  60  60  60  60  60  61  61  61  61  62  62  62
2003  62  62  62  63  63  63  63  63  63  63  63  63  63  62  62  62  62  62  62  62  62  62  62  62  62  61  61  61  61  61  61  62  62  62  61  61  61  61  61  61  61  61  61  61  61  61  61  61  62  62  62  62  62  62  62  62  61  61  61  61
2004  61  61  61  61  61  61  61  61  61  61  61  61  61  61  61  61  61  61  62  61  61  61  62  62  61  62  61  61  61  61  61  61  61  61  61  61  61  61  61  61  61  61  61  61  61  61  61  61  61  61  61  61  61  60  60  60  60  61  60  61
2005  60  60  60  60  60  60  60  60  60  60  60  60  60  60  60  60  60  60  60  60  60  60  60  60  60  61  61  61  61  61  61  61  61  61  61  61  61  61  61  61  61  60  60  60  60  60  60  60  60  60  60  60  60  60  60  60  60  60  60  60
2006  60  60  60  60  60  60  60  60  60  60  60  60  60  60  60  60  60  60  60  60  60  60  60  60  60  61  60  61  60  60  60  60  60  60  60  60  60  60  60  60  60  60  22  59  59  59  59  59  59  59  59  59  59  59  59  59  59  59  59  59
2007  59  59  59  59  59  59  59  59  59  59  59  59  59  59  59  59  59  59  59  59  59  59  59  59  59  59  59  59  59  59  59  59  59  59  59  59  59  59  59  59  59  59  59  59  59  59  60  60  60  60  60  60  60  60  60  60  60  60  60  60
2008  60  60  60  60  60  60  60  60  60  60  60  60  60  60  60  60  60  60  61  61  61  61  61  61  61  61  61  61  61  61  61  61  60  60  60  60  60  60  60  60  60  60  60  60  61  61  61  61  61  61  61  61  61  61  61  61  62  62  62  62
2009  62  62  62  62  62  62  62  63  63  63  63  63  63  63  63  63  63  63  63  64  64  64  64  64  64  64  64  65  65  65  65  65  65  66  66  66  66  66  66  66  66  67  67  67  67  67  67  67  67  67  67  67  67  67  67  68  68  69  69  69
2010  66  66  66  66  66  66  66  67  67  67  67  67  67  67  67  67  67  67  67  67  67  68  68  69  69  69  69  70  70  70  70  70  70  70  71  71  71  72  72  72  72  72  73  73  73  72  72  72  72  72  72  73  73  73  73  74  74  74  74  74
2011  74  75  75  75  75  75  75  76  76  77  76  76  76  76  76  76  75  76  76  76  76  76  76  76  76  77  77  77  77  77  77  77  77  77  77  77  77  78  78  78  79  80  80  80  80  80  81  81  81  80  81  81  81  81  80  80  81  81  80  80
2012  81  82  82  82  83  83  84  84  83  82  82  82  82  82  81  82  82  82  82  83  82  82  83  83  83  83  83  84  85  85  86  85  84  84  84  84  83  84  84  84  84  84  84  84  85  85  85  85  85  86  87  87  88  88  87  86  85  86  86  85
2013  85  85  85  85  86  87  88  88  88  86  87  87  87  87  87  86  86  86  86  86  85  86  86  86  86  87  87  88  88  89  88  86  86  86  86  86  86  87  87  87  87  88  89  89  88  88  88  88  87  88  89  89  89  89  89  89  89  89  89  89
2014  88  89  90  90  90  90  89  89  88  88  89  88  88  88  88  88  88  88  88  89  89  89  89  89  90  90  90  90  90  90  91  90  90  91  91  90  90  90  90  90  90  90  91  91  90  90  90  90  90  90  89  89  90  91  91  90  90  90  90  90
2015  89  89  89  89  89  89  89  90  90  90  90  90  89  90  89  89  89  89  90  90  91  91  91  91  90  90  90  90  89  89  89  89  89  90  90  90  91  91  92  92  92  92  91  90  90  90  90  90  90  90  90  90  90  90  90  90  90  90  91  91
2016  91  92  92  92  92  92  92  93  93  92  91  91  91  91  90  90  91  91  91  92  92  92  91  91  91  91  91  91  92  92  92  92  92  92  91  92  92  92  91  91  91  91  91  91  91  91  91  91  92  92  92  91  91  90  90  90  90  90  90  91
2017  91  91  91  91  91  92  91  91  91  91  91  91  91  91  91  91  91  91  91  91  91  91  91  91  91  91  90  90  90  90  90  90  90  90  90  90  90  89  90  90  90  90  90  89  90  90  89  89  89  89  89  89  89  89  89  89  89  88  88  88
2018  88  88  88  88  87  87  87  87  87  87  87  87  87  87  87  87  87  87  87  87  87  87  87  87  87  86  87  86  86  86  86  86  86  86  86  86  86  86  85  85  84  84  84  84  84  84  84  84  84  84  84  84  83  83  83  83  83  83  83  83
2019  83  82  82  82  82  81  81  81  81  81  81  80  80  79  79  79  79  79  79  79  79  79  79  78  78  78  78  78  78  78  77  77  78  78  78  78  78  78  78  78  78  78  78  78  78  77  77  76  76  76  76  76  76  76  77  77  77  77  77  77
2020  77  77  77  76  76  76  76  75  75  75  75  75  75  75  75  74  74  74  74  74  74  74  74  74  74  74  75  75  75  75  75  75  75  76  76  75  75  75  75  75  75  75  75  75  74  74  74  74  74  74  74  74  74  74  74  74  75  74  74  74
2021  74  74  74  74  74  74  74  74  74  74  74  74  73  73  73  74  74  74  74  74  74  73  73  73  73  73  73  72  72  72  73  73  73  73  73  73  73  73  74  73  73  73  73  73  73  73  73  73  74  74  74  74  73  73  74  74  74  74  74  74
2022  74  74  73  73  73  73  73  73  73  73  73  73  73  73  73  72  73  73  73  73  73  73  73  73  73  73  73  73  73  73  73  74  74  74  74  74  74  74  74  74  74  74  74  74  74  74  74  74  75  75  75  75  74  74  74  74  74  74  73  73
2023  73  74  74  74  74  74  74  74  74  74  74  74  74  74  74  74  74  73  73  73  74  74  74  74  74  74  74  74  74  74  73  73  73  73  73  74  74  74  75  75  75  75  75  76  76  76  75  76  76  77  77  77  77  77  77  77  76  76  75  75
2100  74  74  74  73  73  73  73  72  72  72  72  72  72  72  72  72  72  72  72  72  72  72  72  71  71  71  71  71  71  71  71  71  71  71  71  71  71  71  70  71  71  71  71  71  71  71  71  71  71  70  70  70  70  70  70  70  70  70  70  70
2101  70  70  70  70  70  70  70  70  70  70  70  70  70  70  70  70  70  70  70  71  71  71  71  71  71  71  71  71  71  70  70  70  70  70  70  70  70  70  70  70  70  70  70  70  70  70  71  71  71  71  71  71  71  71  71  71  71  71  71  71
2102  71  71  71  71  71  71  71  71  71  71  71  71  70  70  70  70  70  70  70  70  70  70  70  70  70  70  70  70  70  70  70  70  70  70  70  70  70  70  71  71  71  71  70  70  70  70  70  70  70  70  70  71  71  71  70  70  70  70  70  70
2103  70  70  70  70  70  70  70  70  70  70  70  70  70  70  70  70  70  70  70  70  70  70  70  70  70  70  70  70  70  70  70  70  70  70  70  70  70  70  70  70  70  70  70  70  70  70  70  70  70  71  71  71  71  71  71  71  71  71  70  70
2104  70  70  70  70  70  70  70  70  70  70  70  70  70  70  70  70  70  70  69  69  69  68  68  68  68  68  68  68  68  68  68  68  68  68  68  68  68  67  67  67  67  67  67  67  67  67  67  67  67  67  67  67  68  67  67  68  68  68  68  68
2105  68  68  68  68  68  68  68  68  68  68  68  68  68  68  68  68  68  68  68  68  68  68  68  68  68  68  68  68  68  68  68  68  68  68  68  69  68  68  69  69  69  69  69  69  69  69  69  69  69  69  69  69  69  69  69  69  69  69  69  69
2106  69  69  69  69  69  69  69  69  69  69  69  69  69  69  69  69  69  69  69  69  69  69  69  69  69  69  69  69  69  69  69  69  69  69  68  68  68  68  68  68  68  68  68  68  68  68  68  68  68  68  68  68  68  68  68  68  68  68  68  68
2107  68  68  68  68  68  68  68  68  68  68  68  68  68  68  68  68  68  68  68  67  67  67  67  68  67  68  68  68  67  67  67  67  67  67  67  67  67  67  67  67  67  67  67  67  67  67  67  67  67  67  67  67  67  67  67  67  67  67  67  67
2108  67  67  67  67  67  66  66  66  66  67  67  67  67  67  67  67  66  66  66  66  66  66  66  66  66  66  66  66  66  66  66  66  66  66  66  66  66  66  66  66  66  66  66  66  67  66  67  67  67  67  67  67  67  67  67  67  67  67  67  67
2109  67  67  67  67  67  67  67  67  67  67  67  67  67  67  67  67  67  67  67  67  67  67  67  67  67  67  67  67  67  67  67  67  67  67  67  67  67  67  67  67  68  68  68  68  68  68  68  68  68  68  68  68  68  69  69  69  69  69  69  68
2110  68  68  68  69  69  69  69  69  69  69  69  69  69  69  69  69  69  69  69  69  70  70  70  70  70  70  70  70  70  70  70  70  70  71  71  71  71  71  71  71  71  71  71  71  71  71  72  71  71  72  72  72  72  72  72  72  72  72  72  72
2111  72  72  72  72  72  73  73  73  73  72  72  73  73  74  74  74  75  76  76  75  75  76  76  77  77  76  77  76  77  77  77  77  78  79  79  79  79  78  79  80  80  80  80  80  80  81  81  81  81  81  81  81  81  83  83  84  83  83  84  84
2112  83  83  83  83  83  83  84  84  84  85  85  85  86  86  86  86  86  85  85  85  85  85  85  85  86  86  86  86  85  85  85  85  85  85  85  85  85  85  85  86  86  87  87  88  88  88  88  88  88  87  87  87  87  87  87  88  88  88  88----
2113  89  89  89  89  89  89  88  88  89  88  88  88  89  89  90  90  89  90  90  90  90  90  90  90  90  90  90  90  90  90  90  90  91  90  90  91  92  92  91  91  91  91  92  92  92  92  93  93  92  92  92  92  91  92  92  92  93  93  94  95
2114  95  95  95  95  95  94  95  94  94  94  94  95  94  94  94  95  95  96  97  97  97  97  97  96  96  96  97  97  97  97  97  98  97  98  98  99 100 100  99 100 100 101 101 101 102 102 101 102 102 103 103 104 104 103 103 102 102 102 102 103
2115 103 104 103 103 102 102 103 102 102 102 102 101 101 102 102 101 100 100 100 100 101 101 100 100  99  99  99  98  98  98  98  98  98  98  97  97  97  97  98  98  98  98  99  99  98  99  99  99  99  99  99  99  98  99  99  99  99  99  99 100
2116 100 100  99  99 100 100 101 102 102 101 101 101 101 101 101 100 100 100 101 101 100 100 101 101 100 100 100 100 101 101 102 102 102 101 102 102 102 101 101 101 101 101 101 101 100 100 100 100 100 100 101 101 100 100 100 100 100 100 100  99
2117  99  99 100 100  99  99  99  99  99  99  98  98  98  97  97  97  97  97  97  98  98  98  98  98  98  98  98  98  98  98  98  98  98  98  98  98  98  98  97  98  98  98  97  97  97  97  97  97  96  96  96  96  96  96  96  96  96  96  96  96
2118  96  96  96  96  96  96  96  96  96  96  96  96  96  96  96  96  96  96  96  96  96  96  95  95  95  95  95  95  95  95  95  95  95  95  94  94  94  94  95  95  94  94  94  94  94  94  94  93  93  93  92  92  92  91  91  91  91  91  91  90
2119  90  90  90  90  90  90  90  90  90  89  89  89  89  89  89  89  89  89  89  89  89  89  89  89  89  89  89  88  88  88  88  88  88  88  88  88  88  88  87  87  87  87  86  86  86  86  86  86  86  85  85  85  85  85  84  84  84  83  83  83
2120  83  82  82  81  81  81  80  80  80  79  79  79  79  78  78  78  77  77  77  77  77  76  76  76  76  65  75  75  74  74  74  74  74  74  73  73  73  73  72  72  72  72  72  72  72  72  72  72  72  72  72  72  72  72  72  72  72  72  72  72
2121  72  72  72  73  73  73  73  73  73  73  73  73  73  73  73  72  72  72  71  71  70  70  70  70  69  69  69  69  69  69  69  69  69  69  69  69  68  68  68  67  67  67  67  66  66  66  65  65  64  64  64  63  62  62  61  61  60  60  60  59
2122  59  59  59  59  59  59  59  60  60  60  60  61  61  61  61  61  61  61  60  60  60  60  60  60  60  60  60  60  61  61  61  61  62  62  62  62  62  62  62  62  62  62  62  63  63  63  63  63  63  63  63  63  64  64  64  64  64  65  65  65
2123  65  65  65  65  65  66  66  66  66  66  66  66  66  66  66  66  66  67  67  67  67  67  67  67  67  67  67  67  67  67  67  67  67  67  66  66  66  66  66  66  66  66  66  66  66  66  66  66  66  66  66  66  66  66  66  66  66  66  66  66
2200  66  66  66  66  66  65  65  65  65  65  65  65  66  66  67  67  68  68  68  68  68  68  68  68  68  68  69  68  69  69  69  69  69  69  69  69  69  69  69  69  38  70  70  70  70  70  71  71  71  71  71  71  71  71  71  71  71  71  71  71
2201  71  71  71  72  72  72  72  72  72  73  73  73  73  73  73  73  73  73  73  73  73  73  74  74  74  74  74  74  74  74  74  74  74  74  74  74  74  74  74  73  73  73  73  73  73  73  73  73  73  72  72  72  72  72  72  72  72  72  73  73
2202  73  73  72  72  72  72  72  72  72  72  72  72  72  72  72  72  73  73  73  73  73  73  73  73  73  73  73  73  73  73  73  73  73  73  73  72  72  72  72  73  72  72  72  72  72  72  72  72  72  72  72  72  72  72  72  71  71  71  71  71
2203  71  70  70  70  70  70  70  69  69  69  69  69  69  69  69  69  69  69  69  68  68  68  68  68  67  67  67  67  66  66  67  67  67  67  67  66  66  66  66  66  66  66  66  66  66  66  66  66  66  66  66  66  66  66  66  66  66  66  66  66
2204  66  66  65  65  65  65  65  65  65  66  65  66  65  66  65  65  65  65  65  65  65  65  65  65  65  65  65  65  65  65  65  64  64  64  64  64  64  64  64  64  64  64  63  63  63  63  63  63  62  62  62  62  62  62  62  22  62  62  63  63
2205  63  63  63  63  63  63  63  63  63  63  63  63  63  63  63  63  63  63  63  63  63  63  63  63  63  63  63  63  63  63  63  63  63  63  63  63  63  63  63  63  63  63  63  63  63  63  63  63  63  63  63  63  63  63  63  63  63  63  63  63
2206  63  63  63  63  63  63  63  63  63  63  64  63  64  64  64  64  64  64  64  64  64  64  64  64  63  63  63  63  63  63  63  63  63  62  62  62  62  62  62  62  62  62  62  63  63  63  63  63  63  63  62  63  63  63  63  63  63  63  63  64
2207  64  63  62  63  64  64  64  64  64  64  64  64  64  64  64  63  63  62  62  62  62  62  62  63  64  64  63  63  63  63  63  63  63  63  62  62  62  62  62  61  61  62  61  61  61  61  61  60  60  60  60  60  61  61  60  60  60  60  60  60
2208  60  60  60  60  60  60  60  61  61  61  61  60  61  61  61  61  60  60  59  59  59  59  60  60  60  60  60  61  61  61  62  62  62  62  62  62  62  62  62  62  62  62  62  62  62  62  62  62  62  63  63  63  63  63  63  63  63  63  63  62
2209  62  62  62  62  62  62  62  62  62  62  14  62  62  63  63  63  63  63  62  63  63  62  63  62  62  62  62  63  63  63  63  63  64  64  64  64  64  64  64  64  65  65  65  65  65  65  65  65  65  65  66  66  66  66  65  65  66  66  66  66
2210  65  65  65  66  66  66  67  67  68  68  68  68  68  68  68  68  68  68  68  67  67  67  67  67  68  68  68  68  68  69  69  69  69  69  70  70  71  71  72  72  72  71  72  72  72  73  73  74  74  74  75  74  75  75  76  76  76  77  77  77
2211  77  77  77  77  78  78  78  78  79  79  79  80  80  80  80  80  80  81  81  82  82  83  83  83  84  84  84  84  84  85  85  85  85  85  85  86  86  86  86  86  86  86  86  86  86  86  86  86  87  86  86  87  87  88  89  89  89  89  89  89
2212  89  90  90  91  91  90  90  90  90  90  91  90  90  90  90  90  90  89  89  89  89  90  90  90  90  91  91  92  91  91  91  91  91  91  91  92  93  92  91  91  91  91  91  91  91  91  91  91  91  91  91  91  92  92  92  92  92  92  91  91
2213  91  91  91  90  90  90  90  90  89  89  89  89  89  89  89  90  90  90  89  89  90  90  90  91  90  90  90  90  91  91  92  92  93  92  92  93  93  94  94  94  95  93  93  93  93  92  93  93  94  94  94  95  95  95  96  96  96  97  97  96
2214  96  95  95  93  93  93  93  93  92  92  92  92  92  92  92  92  92  92  93  93  93  93  92  92  92  92  92  92  92  92  91  90  90  90  90  90  90  90  90  90  91  91  90  90  90  90  90  90  91  91  91  92  92  92  92  92  92  92  91  91
2215  92  91  91  92  92  92  92  91  92  91  91  91  92  92  92  92  92  92  92  93  93  93  92  93  93  93  93  93  92  92  92  92  92  92  92  92  91  91  91  92  92  92  92  92  92  92  93  93  93  92  92  93  93  93  92  92  92  92  92  91
2216  91  91  91  91  92  92  92  92  93  93  93  93  93  93  93  93  93  93  93  94  94  93  93  92  92  92  93  93  93  93  92  92  91  91  91  92  92  92  92  92  92  92  92  92  92  92  92  92  92  92  92  92  92  92  92  92  92  93  93  92
2217  92  92  92  92  92  91  91  91  91  91  91  90  90  90  90  90  90  90  90  90  90  90  90  90  91  91  90  90  91  90  90  90  90  90  90  90  90  90  90  90  89  89  89  89  89  88  88  88  88  88  88  88  88  88  88  88  87  87  87  87
2218  87  87  87  87  86  86  86  86  86  86  86  86  86  85  86  85  85  85  85  85  85  85  84  84  84  84  84  84  84  84  84  84  84  84  84  84  84  84  84  84  84  84  84  84  84  84  84  84  83  83  83  84  83  84  83  83  83  83  83  83
2219  83  83  83  83  83  83  83  83  83  83  82  82  82  82  82  82  82  81  81  81  81  81  81  81  81  81  81  81  81  81  81  81  81  81  81  81  81  81  81  80  81  81  81  81  81  81  81  80  80  80  80  80  80  80  80  80  80  80  80  80
2220  80  79  79  79  79  79  79  80  80  80  80  79  79  79  80  80  79  79  79  79  79  80  79  79  79  79  79  79  79  79  80  80  80  80  80  80  81  81  82  82  82  83  83  83  84  84  84  84  84  84  84  84  83  84  83  83  83  83  83  83
2221  83  83  83  83  83  83  83  83  83  83  82  82  82  83  83  82  82  82  82  82  82  82  82  82  82  82  81  81  81  81  81  81  80  80  80  80  80  80  80  80  80  80  80  80  80  80  80  80  79  79  79  79  79  79  79  79  79  79  79  79
2222  79  79  78  78  78  78  78  78  78  78  78  78  78  78  78  78  78  77  77  78  77  77  77  77  77  77  77  77  77  76  76  76  76  76  76  75  75  76  76  75  75  76  76  76  75  75  75  75  75  75  75  75  75  75  75  75  75  74  74  74
2223  75  75  75  75  74  74  74  74  74  74  74  74  74  74  74  75  75  74  74  74  74  74  74  74  74  74  73  73  73  73  73  73  73  73  73  73  73  73  73  73  73  72  73  73  72  72  72  72  72  72  71  72  72  72  72  72  72  72  72  72
2300  73  73  72  72  72  72  72  72  72  72  72  72  72  73  73  73  73  73  73  73  73  73  73  73  73  73  73  73  73  73  73  73  73  73  73  73  72  72  73  73  73  72  72  72  72  72  72  72  72  72  72  72  72  72  72  72  72  72  72  72
2301  72  72  72  71  72  71  71  71  71  71  71  71  71  71  71  71  71  71  70  71  71  71  71  71  71  71  71  71  71  71  71  71  71  71  71  70  70  70  70  71  71  70  70  70  70  70  70  70  70  70  70  70  70  69  69  69  69  69  69  69
2302  69  69  69  69  69  69  69  69  69  69  69  68  68  68  69  69  69  69  69  69  69  69  69  68  68  68  68  68  68  68  68  68  68  68  68  68  68  68  68  68  67  67  67  67  67  67  67  67  67  67  67  67  67  67  66  66  66  66  66  66
2303  66  66  66  66  66  66  66  66  66  66  66  66  66  66  66  66  66  66  66  66  66  66  66  66  66  66  66  66  66  65  65  65  65  65  65  65  65  65  65  65  65  65  65  65  65  65  65  65  65  65  65  65  65  64  64  64  64  64  64  64
2304  64  64  64  64  64  64  64  64  64  64  64  64  64  63  63  63  63  63  63  63  63  63  63  63  63  63  63  62  62  62  62  62  62  62  62  62  62  62  62  62  62  62  62  62  62  62  61  61  61  61  62  61  61  61  61  61  61  61  61  61
2305  61  61  61  61  61  60  60  61  61  61  60  60  60  60  60  60  60  60  60  60  60  60  60  60  60  60  60  60  59  59  59  59  59  59  59  59  59  59  59  58  58  58  58  58  58  58  58  58  58  58  58  58  58  58  58  58  58  58  58  58
2306  58  58  58  58  58  58  57  58  58  58  58  57  57  57  57  57  57  56  56  57  57  56  56  56  57  57  57  57  57  57  57  57  57  57  57  57  57  57  57  57  57  57  57  57  57  57  56  56  56  56  56  56  56  56  56  56  56  56  56  56
2307  56  56  56  56  56  56  56  56  56  56  56  56  56  56  56  56  56  56  56  56  56  56  56  56  56  56  56  56  56  56  56  56  56  56  56  56  56  56  56  56  56  56  56  56  56  56  56  56  56  56  56  56  56  57  57  57  57  57  57  57
2308  57  57  56  56  57  57  57  57  57  57  57  57  57  57  57  57  57  57  57  58  58  58  58  58  59  59  59  59  59  59  60  60  60  60  59  59  59  59  59  59  59  59  59  59  59  60  60  60  60  60  59  59  59  59  59  59  59  59  59  59
2309  59  59  59  59  59  59  59  59  59  59  59  59  59  59  59  59  59  59  59  59  59  59  59  60  60  60  60  60  61  60  60  60  61  61  61  61  61  61  61  61  61  61  61  61  62  62  62  62  62  62  62  62  62  62  62  62  62  63  63  63
2310  63  63  63  63  63  63  63  64  64  64  64  64  64  65  65  65  65  65  66  66  66  66  67  67  67  67  68  68  68  68  68  69  69  69  69  70  70  70  70  70  70  70  71  71  71  71  71  72  72  72  72  73  73  73  73  73  73  74  74  74
2311  74  74  74  74  74  74  74  74  75  75  76  76  76  76  76  76  76  76  76  76  76  76  76  77  77  77  77  77  77  77  77  78  78  78  79  78  78  78  78  78  79  79  80  80  80  80  80  80  80  81  81  82  82  82  82  82  82  81  81  81
2312  81  81  81  81  81  81  81  81  81  81  81  81  81  82  82  82  82  82  82  82  82  82  82  83  83  83  83  83  83  83  84  84  84  85  85  85  85  85  85  84  84  84  84  84  84  84  84  84  84  84  84  85  85  85  85  85  85  85  85  85
2313  85  85  86  86  86  86  86  86  87  87  87  87  88  88  87  88  88  87  88  88  88  88  88  88  88  88  89  89  89  88  87  87  86  87  87  87  88  88  88  87  86  86  86  86  87  87  88  88  88  89  90  90  91  91  90  89  90  90  91  92
2314  93  94  94  94  94  93  91  90  91  90  90  89  89  89  88  88  88  89  89  88  88  88  88  88  89  90  90  91  91  91  91  91  91  90  91  92  92  93  92  92  92  91  92  93  93  93  93  93  93  95  97  98  97  95  95  93  93  94  96  97
2315  98  97  97  97  96  97  97  97  96  96  97  97  97  97  98  98  97  98  98 100 101 101 102 102 100 100 102 103 103 103 102 102 102 101 101 101 101 103 103 103 101 101 102 102 104 106 106 106 105 104 102 102 102 102 103 104 104 104 103 103
2316 103 103 103 103 104 106 107 108 109 109 109 108 107 105 103 102 101 101 101 102 103 103 104 104 104 103 103 103 104 105 105 104 102 101 101 101 101 101 100 101 101 102 102 101 101 102 103 104 104 104 104 105 105 105 104 104 103 102 102 103
2317 103 103 104 103 103 104 104 104 103 103 103 103 103 103 103 104 104 103 103 103 103 102 102 103 104 105 104 104 103 103 103 102 103 103 102 102 101 101 101 101 101 101 101 101 100 100 100 100 100 100  99  99  99  99  99  99 100  99  98  98
2318  97  97  97  96  96  95  94  94  94  93  93  92  92  92  91  91  91  91  91  91  91  90  90  90  90  90  90  89  89  89  89  89  89  88  88  88  88  87  87  87  87  86  86  86  85  85  84  84  84  84  83  83  83  83  84  84  84  83  84  84
2319  84  84  84  84  84  84  83  83  83  82  81  82  82  81  81  81  81  81  81  80  80  80  79  79  78  78  78  78  77  77  76  76  76  76  76  76  77  77  77  76  75  75  75  76  76  75  74  74  73  73  73  73  72  72  72  73  73  72  72  71
2320  70  70  70  69  69  70  70  70  69  68  67  66  66  65  64  64  64  64  63  62  62  64  63  64  64  64  64  64  65  66  66  67  67  67  67  67  67  66  66  66  65  65  65  65  64  64  64  64  64  64  63  63  63  62  62  62  62  62  61  61
2321  60  60  61  61  61  61  61  61  61  61  61  61  61  60  60  60  59  59  59  59  59  59  59  59  59  59  59  58  58  58  58  58  58  57  58  57  57  57  57  56  56  56  56  56  56  56  56  55  55  55  55  54  54  55  54  54  54  54  54  54
2322  54  54  54  54  53  53  53  53  53  52  53  53  52  52  52  52  52  52  52  53  52  53  53  53  52  52  51  73  50  50  50  49  50  50  50  50  50  49  50  50  50  50  49  49  49  49  49  49  49  49  49  49  49  49  49  49  49  49  48  47
2323  46  46  45  44  44  43  43  43  43  44  45  45  45  45  44  44  43  43  43  42  42  41  41  40  39  39  39  39  39  39  39  38  38  38  37  37  36  36  36  36  35  35  34  33  33  33  33  33  32  32  32  32  32  32  32  31  30  30  30  29
2400  29  29  29  29  29  28  28  27  26  26  26  26  26  26  26  27  26  26  26  26  26  27  28  29  30  31  33  34  35  36  36  37  38  38  38  38  37  36  35  37  37  37  36  36  36  36  35  34  34  35  35  34  34  33  33  32  31  31  30  29
2401  28  28  27  26  26  25  25  25  25  25  23  22  21  21  20  20  20  20  19  19  19  18  18  18  17  17  16  16  16  16  16  16  16  16  16  16  16  16  15  15  15  15  14  14  14  14  14  14  13  13  14  14  14  15  14  14  14  13  13  13
2402  13  13  13  13  13  13  13  13  13  13  13  14  13  13  13  13  13  13  13  14  14  14  14  14  14  14  14  13  12  12  13  13  13  13  13  14  15  15  15  14  14  13  88  13  13  12  12  12  12  12  12  11  11  11  11  11  11  11  11  11
2403  11  11  12  11  11  11  12  12  11  11  11  11  11  10  10  10   9   9   9   9   9   9   8   8   8   7   7   7   7   7   7   7   7   7   7   7   7   7   7   7   7   7   7   7   7   7   7   7   7   7   8   8   7   7   6   6   6   6   6   6
2404   6   5   5   5   5   5   4   4   4   4   3   4   4   4   4   5   5   5   5   5   5   5   5   5   4   4   3   3   3   3   3   3   3   3   3   3   3   3   3   3   3   3   3   3   3   3   3   2   2   2   2   2   2   2   2   2   2   2   2   2
2405   1   1   1   1   1   1   0   0   0   0   0   0   0  -1  -1  -1  -1  -1  -1   0   0   0   0   1   1   1   1   1   1   1   1   2   1   1   1   1   1   1   1   1   1   1   0   0   0   0   0   0   0   1   1   1   1   1   1   1   1   1   1   1
2406   1   1   1   2   2   1   1   1   1   1   1   1   1   1   0   0   0  -1  -1  -1  -1  -1  -1  -1  -1  -1  -1  -1  -1  -1  -1  -1   0   0   0   0  -1  -1  -1  -2  -2  -3  -3  -3  -3  -2  -2  -2  -1  -1  -1  -1  -1   0  -1   0  -1  77  -1   0
2407   0   0   0   0   0  -1   0  -1   0   0  -1  -1   0   0   0   0   0   0   0   0   0   0   0   0   0   0   0  -1  -1  -1  -2  -2  -2  -2  -2  -2  -2  -2  -1  -1   0   0   0   0   0   1   1   1   2   2   2   2   3   3   4   4   4   4   5   6
2408   6   6   6   6   6   6   7   7   7   7   7   7   7   7   7   7   7   8   9   9   9   9  10  10  11  11  11  12  12  12  12  11  11  12  12  12  13  13  13  13  13  14  14  13  13  13  13  13  13  14  14  14  14  15  15  15  15  15  15  15
2409  15  15  15  15  15  15  15  16  16  16  16  16  16  17  17  17  17  17  18  18  18  18  19  19  19  19  20  20  20  20  20  20  20  20  20  21  20  21  21  21  21  21  21  21  21  22  22  22  23  23  24  24  24  25  25  25  26  26  27  27
2410  27  28  28  28  29  29  29  29  30  30  31  31  31  31  32  32  33  33  33  33  34  34  34  35  35  36  36  37  38  38  39  39  39  39  39  40  41  41  42  42  43  44  44  44  44  45  45  46  48  48  48  48  48  49  49  50  50  51  52  54
2411  56  57  58  58  59  61  61  62  64  64  64  64  68  63  63  63  63  63  63  64  65  66  67  68  69  69  70  72  74  75  77  78  78  77  77  77  79  80  81  82  82  83  84  84  83  81  79  77  76  75  75  76  77  79  80  83  83  81  79  78
2412  77  76  75  76  77  76  76  77  77  77  77  80  81  80  80  80  79  80  80  82  82  83  84  85  85  84  84  85  86  86  87  86  85  85  87  87  89  88  88  89  90  90  90  92  91  90  91  90  89  90  90  91  91  92  94  95  95  97  98  97
2413  96  95  93  94  92  93  93  93  92  92  91  90  90  89  90  90  91  92  93  92  92  93  95  95  93  92  93  94  97  98  99 101 101  99  97  96  97  97 100 103 103 102 100 101 101 100 100 101 102 101 100 100  99 100 100 100 100 100 102 101
2414 101 101 102 103 103 105 105 104 103 105 104 103 103 102 103 106 106 105 104 102  99  99 100 102 103 103 103 103 103 104 105 105 106 106 105 104 105 106 107 105 104 104 105 106 106 106 105 106 105 102 102 102 103 102 102 104 104 104 103 102
2415 101 103 104 104 104 103 103 103 103 103 104 104 106 106 106 106 104 104 102 102 101 101 102 103 105 106 106  70 106 106 106 106 105 105 106 107 106 106 108 108 109 110 109 106 106 106 106 107 108 107 105 104 103 103 103 104 106 106 106 107
2416 108 108 108 109 108 106 107 107 106 105 106 108 108 108 108 107 106 107 109 109 108 109 109 108 107 106 105 105 106 106 105 105 105 105 105 105 106 107 108 108 107 108 108 107 108 108 108 107 107 107 106 107 107 106 106 105 105 105 106 107
2417 107 106 107 108 107 106 104 104 104 103 103 103 103 103 103 103 103 103 103 103 103 103 103 103 103 103 102 101 101 100 100 100 100 100 100 101 101 100 100 100  99  99  99  98  98  98  97  97  97  97  97  97  97  97  97  97  96  96  96  96
2418  96  95  95  95  95  96  95  95  95  95  94  94  94  93  93  93  93  92  92  92  92  92  92  91  91  91  91  91  91  91  91  91  91  91  90  90  90  90  89  89  88  88  89  89  89  89  89  89  88  88  88  88  88  88  87  87  87  87  87  87
2419  87  87  87  87  86  86  86  85  85  85  85  85  85  85  86  85  84  84  84  84  84  84  83  83  83  82  82  82  82  82  82  82  82  82  82  81  81  81  82  81  82  82  82  82  82  82  83  82  82  81  81  81  81  80  80  81  81  81  81  81
2420  81  81  81  81  81  81  81  81  80  80  81  80  80  80  81  81  81  81  81  81  80  80  80  80  79  79  79  79  78  78  78  77  78  77  77  78  78  78  78  78  78  78  78  78  78  78  79  79  79  79  78  78  78  77  77  77  77  76  76  77
2421  77  76  76  77  76  76  76  75  75  75  75  74  73  73  73  72  72  72  72  72  72  72  72  72  72  73  74  74  74  75  75  75  75  74  75  75  75  75  75  75  75  75  76  75  75  75  74  74  74  74  74  74  74  73  73  73  72  72  72  72
2422  71  71  71  70  70  70  70  69  70  70  70  70  70  69  69  69  68  68  68  67  67  67  67  67  67  67  66  67  66  66  66  66  66  65  66  66  65  65  65  65  65  64  64  64  64  64  64  64  64  64  64  64  65  65  65  65  64  64  64  64
2423  64  64  64  64  64  64  64  64  64  64  64  64  63  63  63  64  64  64  65  65  65  65  64  64  64  64  64  64  64  63  63  63  63  63  63  63  62  62  62  62  62  62  61  61  61  61  61  61  61  61  61  60  60  60  60  60  60  60  60  60
2500  60  60  60  60  60  60  60  60  60  60  60  60  60  60  60  60  60  61  61  61  60  61  60  60  60  60  60  59  59  59  59  59  59  59  59  59  58  58  58  58  58  58  58  58  58  58  58  59  59  58  58  58  58  58  58  58  58  58  58  58
2501  59  58  58  58  58  59  59  59  59  59  59  59  58  58  58  58  58  58  58  58  58  58  58  58  58  58  58  58  58  58  58  58  58  57  57  57  57  57  57  57  57  58  58  58  58  59  60  60  60  60  60  60  60  60  60  60  60  60  59  59
2502  59  59  60  60  59  59  59  59  59  59  59  59  59  59  59  59  59  59  59  59  59  59  59  59  59  59  60  60  60  60  59  59  59  59  59  58  58  58  58  58  58  57  57  57  57  57  57  57  57  57  57  56  56  56  57  57  57  57  57  57
2503  57  57  57  57  57  56  56  56  56  56  56  56  55  55  55  56  56  55  55  55  55  55  56  56  55  55  55  55  56  56  56  56  56  56  56  56  56  55  55  55  55  55  55  55  55  55  55  55  55  55  54  54  54  54  54  54  54  54  54  55
2504  55  55  55  55  55  55  55  55  55  55  55  55  55  55  55  55  55  55  55  55  55  55  54  55  55  54  54  55  55  55  55  55  56  56  55  55  55  56  56  56  56  56  56  56  56  56  56  56  56  56  56  56  56  56  56  56  56  56  56  56
2505  55  55  55  54  54  54  54  54  54  53  53  53  53  53  52  53  53  53  53  53  54  56  57  57  58  58  59  59  60  60  60  60  60  60  60  59  59  60  60  60  61  61  61  61  61  61  61  60  61  61  61  61  60  60  60  60  60  60  60  61
2506  60  60  60  60  60  60  60  60  60  60  60  60  60  60  59  59  59  59  59  59  59  59  59  59  58  58  58  58  58  58  57  57  57  56  56  56  56  55  55  55  54  54  54  54  53  53  53  52  52  52  52  51  51  50  50  50  50  50  49  49
2507  49  49  48  48  48  48  48  49  49  49  49  49  49  49  49  49  49  49  49  49  48  48  48  48  47  47  47  46  46  47  47  46  46  46  47  46  46  46  46  46  46  46  47  47  47  48  48  49  49  48  48  48  48  48  48  48  48  48  49  50
2508  49  50  49  49  49  49  48  48  47  47  47  46  46  45  45  44  44  43  43  43  42  42  41  41  40  39  39  39  39  38  38  38  38  38  38  37  37  36  36  36  35  34  34  34  34  34  33  33  33  33  33  32  32  32  32  32  32  32  32  32
2509  32  32  32  32  32  31  31  31  31  31  31  31  31  31  30  31  31  31  31  31  31  31  31  31  31  31  32  32  32  32  32  32  32  33  33  33  33  33  33  33  33  33  33  33  33  33  33  33  33  34  34  34  34  35  35  36  36  36  37  37
2510  37  38  38  38  39  39  39  39  40  40  40  41  41  41  41  42  42  43  43  44  44  45  46  46  47  48  48  49  50  50  51  51  52  52  53  53  54  55  55  55  55  56  56  56  56  56  56  56  57  57  57  58  58  58  58  58  59  59  59  59
2511  59  59  60  60  60  60  60  60  60  60  60  60  61  61  61  61  62  62  63  63  64  64  65  65  65  65  65  65  65  65  65  65  65  65  65  65  65  66  67  67  68  68  68  68  68  69  69  69  70  71  71  72  72  72  72  72  72  73  72  72
2512  72  73  73  73  73  74  75  75  75  74  73  73  73  73  72  73  73  74  74  75  75  75  75  75  75  74  74  74  74  75  75  76  77  77  76  76  76  76  76  76  76  77  77  76  76  76  77  77  77  77  77  78  78  79  80  80  80  80  80  80
2513  80  80  80  80  80  79  79  79  79  80  81  82  81  82  82  83  85  86  86  86  87  87  89  88  87  87  88  88  89  88  88  88  88  88  89  90  92  93  93  93  95  95  95  95  93  93  95  97  98  96  94  94  95  96  96  96  96  97  96  97
2514  98  98  97  95  93  94  95  96  96  96  97  97  98  99 100 102 103 103 103 105 106 107 106 104 103 103 103  98  98  99  99  99  99  98  98  99  99  99 100 100  98  99  98  99  99  99  99  98  97  98  98  98  99 100 100 101 102 103 105 107
2515 107 106 105 105 104 104 104 103 102 101 102 102 101 100  99  99 100 100 100 100 100 100 100  99 100 100 102 103 104 104 102 102 102 101 101 102 102 103 103 104 105 106 106 106 105 105 105 104 103 103 103 102 102 103 105 106 106 106 106 107
2516 108 109 111 110 109 109 109 108 108 107 105 104 103 103 103 101 100 100 101 101 102 102 101 101 101 101 100 101 102 103 105 105 103 101 102 102 101 101 101 101 101 101 101 102 101 101 100  99 100 100 101 102 102 102 101  99 100 101 101 100
2517 100  98  97  97  97  98  98  99  98  99  98  98  98  98  97  97  97  96  96  96  97  97  97  96  97  97  97  97  97  97  97  97  97  96  95  95  95  95  95  95  95  95  95  95  95  95  94  93  93  93  93  93  93  93  93  93  92  92  92  92
2518  92  92  92  91  91  91  91  91  91  91  91  91  91  91  90  90  90  90  90  90  90  90  90  90  89  89  89  89  89  89  88  88  88  88  88  88  88  87  87  87  87  87  87  86  86  86  86  86  86  86  86  86  86  86  85  85  86  85  85  85
2519  86  85  85  85  85  85  85  84  84  84  84  84  84  84  84  84  84  84  84  84  83  83  83  83  83  83  83  83  83  83  83  83  83  83  82  82  82  82  82  82  82  82  82  82  82  82  82  82  82  82  82  81  81  82  81  81  81  81  81  81
2520  81  80  81  80  80  80  80  80  80  80  80  80  80  79  80  80  80  80  80  80  80  80  80  80  80  80  79  79  79  79  79  79  79  79  79  79  79  79  78  78  78  78  78  77  77  77  78  78  78  78  78  78  78  78  78  78  78  77  77  77
2521  77  77  77  77  77  77  77  77  77  76  76  76  76  76  76  76  76  76  76  76  76  75  75  75  75  75  75  75  75  75  75  75  75  75  75  75  75  75  75  75  75  75  75  75  75  75  75  74  75  75  74  74  74  75  75  75  75  75  75  75
2522  75  75  75  75  75  75  74  74  74  75  75  75  75  75  75  75  75  75  75  74  74  74  75  74  74  73  73  73  73  73  73  72  72  72  72  72  72  72  72  72  71  71  71  71  71  71  71  71  71  71  71  70  70  70  70  70  70  70  70  70
2523  70  69  69  69  69  69  69  70  70  71  71  72  72  72  72  72  71  71  71  71  71  71  71  71  70  70  70  70  71  71  71  71  71  71  71  71  71  71  71  71  72  71  71  71  71  71  72  72  72  72  72  72  72  72  72  72  72  72  72  71
2600  71  71  71  71  71  71  71  71  71  71  71  71  71  71  71  71  71  71  72  71  71  71  71  71  71  71  71  71  71  70  70  70  69  69  69  68  68  68  68  67  67  67  67  67  67  68  68  68  68  69  69  69  69  69  70  70  70  70  70  70
2601  70  70  70  70  70  70  70  70  70  69  69  69  69  68  68  69  69  70  70  70  70  70  70  70  70  70  70  70  70  70  70  70  70  70  70  70  70  70  70  70  70  71  71  71  71  71  71  71  71  71  71  71  71  70  70  70  70  69  69  69
2602  69  69  69  68  68  68  68  68  68  68  68  68  68  68  68  68  68  68  68  68  68  68  68  68  68  68  68  68  68  68  68  68  68  69  68  69  69  69  69  69  69  68  68  69  69  69  69  69  69  68  68  68  68  68  68  69  68  68  68  68
2603  68  68  68  68  68  68  68  68  68  68  68  68  68  68  68  68  68  68  68  68  68  68  68  68  68  68  68  68  68  68  68  68  68  68  68  68  68  68  68  68  68  68  68  68  68  68  68  67  67  67  67  67  67  67  67  67  67  67  67  67
2604  67  67  67  67  67  67  67  67  67  67  68  67  67  67  67  67  67  67  67  67  67  67  67  67  67  67  66  66  66  66  66  66  66  66  66  66  66  66  66  66  66  66  66  66  18  66  66  66  66  66  66  66  66  66  66  66  66  66  66  65
2605  65  65  65  65  66  66  66  65  65  65  65  65  64  64  64  64  64  64  64  63  63  63  63  63  63  63  63  63  63  63  63  63  63  63  63  63  63  63  62  62  62  62  62  61  61  61  61  61  61  61  61  61  61  61  61  61  62  62  62  62
2606  62  62  62  61  61  61  61  61  61  61  61  61  61  61  61  61  62  62  62  61  62  62  61  61  61  61  62  62  62  62  62  62  62  62  62  62  62  62  62  62  62  62  62  62  61  61  62  62  61  61  61  61  61  61  60  60  60  60  60  60
2607  60  61  61  61  61  61  61  61  60  61  61  61  61  61  61  61  62  62  62  62  62  62  62  62  62  62  62  62  62  61  61  61  61  61  61  62  62  62  62  62  61  61  62  62  62  62  62  62  62  62  61  62  62  63  63  63  63  63  63  63
2608  63  63  64  63  63  63  63  63  63  64  64  64  64  64  64  65  65  64  64  64  64  63  63  63  63  63  64  64  64  65  65  65  65  65  65  66  66  66  66  66  66  66  67  66  66  66  67  67  67  67  67  67  67  67  67  67  67  67  67  16
2609  67  66  66  66  66  66  66  65  65  65  65  66  66  65  64  64  64  64  64  64  64  64  64  64  64  64  64  65  65  65  65  66  66  65  65  65  65  65  65  65  65  65  66  66  66  66  66  66  66  66  66  66  66  66  66  66  66  66  66  65
2610  65  65  65  65  65  65  65  66  66  66  66  66  66  66  65  65  65  65  65  65  65  65  65  65  65  65  66  66  65  65  65  65  65  65  66  66  65  65  65  66  66  66  66  66  66  66  66  66  66  66  66  66  66  66  66  66  66  66  66  66
2611  66  66  66  65  65  65  65  66  66  66  66  67  67  67  67  67  67  67  68  68  69  69  69  69  69  69  69  69  69  69  70  70  70  71  71  72  72  72  72  72  72  71  71  71  71  72  72  72  72  72  72  72  72  72  72  73  73  73  72  72
2612  72  72  72  72  72  72  72  72  72  72  73  72  72  72  72  72  72  72  72  72  72  72  72  72  72  72  72  72  72  73  72  72  72  72  72  72  72  72  72  72  72  72  72  72  72  72  72  72  72  72  72  72  72  72  73  73  73  74  74  74
2613  74  74  74  74  74  74  73  73  73  73  73  73  74  74  98  74  75  75  75  75  74  75  75  75  75  75  75  75  75  74  74  74  74  74  74  74  74  74  75  75  75  75  74  74  74  74  74  74  74  74  74  74  74  74  74  74  74  74  74  74
2614  74  75  75  74  74  74  74  75  76  76  76  76  77  77  77  77  76  76  76  76  77  78  78  78  78  78  78  78  78  78  78  79  79  78  78  78  77  77  77  77  77  77  77  77  77  77  77  77  77  76  76  76  76  76  76  76  76  76  76  76
2615  76  76  77  77  77  77  76  76  77  77  77  77  77  77  77  77  77  77  77  77  78  77  77  78  78  79  80  80  80  80  80  80  79  79  79  78  78  78  78  78  77  77  78  78  78  78  79  79  79  79  79  79  79  79  79  78  78  78  78  78
2616  78  78  77  77  77  78  78  78  78  78  78  77  77  78  77  77  77  77  77  78  77  77  78  78  77  77  78  78  78  78  78  78  78  78  78  78  78  78  78  78  78  78  78  77  78  77  77  77  77  78  77  77  77  77  77  77  77  77  77  77
2617  77  77  77  77  77  77  77  77  76  76  77  77  77  77  76  77  76  76  76  76  76  76  76  76  76  76  76  76  76 111  76  76  76  76  76  76  76  76  76  76  76  76  76  76  76  76  76  76  76  76  76  76  76  76  76  76  76  76  76  76
2618  75  75  76  76  76  76  76  75  76  76  76  76  76  76  76  76  76  76  76  76  76  76  76  76  76  76  76  76  76  76  76  76  76  76  75  75  75  75  75  75  75  75  75  75  75  75  75  75  75  75  75  75  75  74  74  74  74  74  74  74
2619  74  74  74  74  74  74  73  73  73  73  73  73  73  73  73  73  73  72  73  73  73  73  73  73  73  73  73  73  73  73  73  73  73  73  73  73  73  73  73  73  73  73  73  73  73  73  73  73  73  73  73  74  74  74  74  73  73  73  73  73
2620  73  73  73  73  73  73  73  73  72  72  72  72  72  72  72  72  72  71  72  71  71  72  72  72  72  72  71  71  72  72  72  73  73  73  72  72  72  72  72  71  71  71  71  71  71  71  71  70  70  70  70  70  70  70  70  70  70  70  70  70
2621  70  70  70  70  70  70  70  70  69  70  70  69  69  69  69  69  69  69  69  69  69  69  69  69  69  70  70  70  70  70  70  70  70  70  70  70  71  71  71  71  71  71  72  71  71  71  71  71  72  72  71  71  71  71  71  71  71  71  71  71
2622  71  71  71  71  71  71  71  71  70  70  70  70  70  70  70  70  70  70  70  70  70  70  70  70  70  70  70  70  70  70  70  70  70  70  69  69  69  69  69  69  69  69  70  69  69  69  69  69  69  69  69  69  69  69  69  68  68  68  68  68
2623  69  69  69  69  69  69  69  69  69  69  69  69  69  69  69  69  69  69  69  69  69  69  69  69  69  69  69  69  69  69  69  69  69  68  68  68  69  68  68  68  68  68  68  67  67  67  67  68  67  67  67  67  67  67  67  68  68  68  68  68
2700  68  68  68  68  68  68  68  68  68  68  68  68  68  68  68  68  68  69  69  69  68  68  68  68  68  68  68  68  68  68  68  68  68  68  68  68  68  68  68  68  68  68  68  68  68  68  68  68  68  68  68  68  68  68  68  68  68  68  68  68
2701  68  68  68  68  68  67  68  67  67  67  67  67  67  67  67  67  67  67  67  67  66  66  66  67  66  66  66  66  66  66  66  66  66  66  67  67  67  67  67  67  67  68  68  68  68  68  68  68  68  68  67  67  67  66  67  67  66  66  66  66
2702  66  66  66  66  65  65  65  65  65  65  65  65  65  66  66  66  66  66  66  66  66  66  66  66  66  66  66  66  65  65  65  65  65  65  65  65  65  65  65  65  65  65  65  65  65  65  65  65  65  65  65  65  64  64  64  64  64  64  64  64
2703  64  64  64  64  64  65  64  64  64  64  64  64  64  64  64  64  64  64  64  64  64  64  64  64  64  64  64  64  64  64  64  64  64  64  64  64  64  64  64  64  64  64  64  64  64  63  63  63  63  63  63  64  64  63  63  63  63  63  63  63
2704  63  63  63  63  63  63  63  63  64  64  64  64  64  64  64  64  64  64  64  64  64  64  64  64  64  64  64  64  64  64  64  64  64  64  64  64  64  64  64  64  64  64  64  64  64  64  64  64  64  64  64  64  64  64  64  63  63  63  63  63
2705  63  63  63  63  63  63  62  62  62  62  62  62  62  62  62  62  62  62  61  61  61  61  61  61  61  61  61  61  61  61  61  61  60  60  60  60  60  60  60  60  60  60  60  60  59  60  60  60  60  60  60  60  60  60  60  60  60  60  60  60
2706  60  60  60  60  60  60  60  60  60  60  60  60  60  60  60  60  61  61  61  61  61  61  61  61  61  61  61  61  61  61  61  61  61  61  62  62  62  62  62  62  62  62  61  61  61  61  61  61  61  60  61  61  61  61  61  61  61  60  60  60
2707  60  60  60  59  59  60  60  60  60  59  59  58  58  58  57  57  57  57  57  57  57  57  57  57  57  57  57  57  57  57  57  56  56  55  55  55  55  54  54  54  54  54  53  53  53  53  53  53  53  53  52  52  52  52  52  52  52  52  52  52
2708  52  52  52  52  52  52  52  51  51  52  52  51  51  52  52  51  51  51  51  51  51  51  51  51  51  51  51  51  51  51  51  51  51  51  51  51  51  51  51  51  51  51  51  51  51  51  51  51  51  51  51  51  51  51  51  51  51  51  51  51
2709  51  51  51  50  51  51  51  50  51  51  51  51  51  51  51  51  51  52  52  52  52  52  52  52  51  51  51  51  52  52  52  52  52  52  52  52  52  52  52  52  52  52  52  52  52  52  52  52  52  52  52  52  52  52  52  52  52  52  52  52
2710  52  52  52  53  53  53  54  54  54  54  54  54  53  53  53  53  53  53  54  53  53  53  53  53  53  53  54  54  54  54  54  54  55  55  55  55  55  55  55  54  54  54  54  54  54  54  55  55  55  55  55  55  56  55  56  56  56  57  56  57
2711  57  57  56  57  57  57  57  57  58  58  58  57  57  58  58  58  58  58  58  58  58  58  58  58  58  58  58  58  58  59  59  59  59  59  59  60  61  61  62  61  61  61  61  61  63  64  64  65  64  64  63  63  64  64  65  66  66  66  66  66
2712  66  66  66  67  67  67  67  67  66  66  67  66  66  67  67  66  67  67  67  67  67  67  67  68  68  68  68  68  68  68  68  69  69  70  71  70  70  70  70  70  70  70  70  69  70  70  71  71  72  71  72  73  73  74  73  73  73  72  71  71
2713  71  72  72  72  72  71  72  72  72  72  72  73  73  73  73  73  74  74  74  73  73  73  72  72  72  72  72  72  73  73  73  74  74  74  74  74  74  74  75  75  76  75  75  76  76  76  76  76  76  76  76  75  76  77  76  76  76  76  76  77
2714  77  77  77  77  76  76  76  76  76  76  76  76  76  75  75  75  76  77  77  77  77  76  76  76  77  77  77  77  78  78  77  77  77  76  76  76  76  76  76  77  77  78  79  79  79  79  80  80  80  81  80  80  80  80  79  79  79  79  79  78
2715  79  78  77  77  77  77  77  78  78  78  78  78  78  78  77  77  77  77  77  76  76  76  77  77  77  77  77  77  77  77  77  77  77  77  77  77  78  78  78  78  78  78  78  77  77  77  77  76  76  76  76  77  77  77  76  76  76  76  76  77
2716  77  77  77  77  77  78  78  78  79  78  79  79  78  78  78  78  78  79  79  79  79  79  79  79  79  79  79  79  79  79  79  79  79  79  79  79  79  79  79  79  79  79  79  79  79  80  80  80  80  80  80  80  80  80  80  80  80  80  80  80
2717  80  80  79  79  79  78  78  78  78  78  78  78  78  79  79  79  79  79  79  79  79  78  79  79  79  79  79  79  79  79  79  79  79  78  78  78  78  78  78  78  79  79  79  79  79  79  79  79  79  80  79  79  80  80  80  80  80  80  80  80
2718  80  80  80  80  80  80  80  80  80  80  80  80  80  79  79  79  79  79  79  79  79  79  79  79  79  79  79  79  79  79  79  79  79  79  79  78  78  78  78  78  78  78  78  78  78  77  77  77  77  77  77  77  77  77  77  77  77  77  77  77
2719  77  77  77  77  77  77  76  76  76  77  76  76  77  77  77  77  77  77  77  76  76  76  76  75  75  76  75  76  76  76  76  76  76  76  76  76  76  76  76  76  76  76  75  76  76  76  75  75  75  76  75  75  76  76  76  76  76  76  76  76
2720  76  76  76  76  76  76  76  76  76  76  76  76  76  76  76  76  76  76  75  75  75  75  75  74  74  74  74  74  74  74  73  73  73  73  73  73  73  73  73  73  73  73  73  73  73  73  73  73  73  73  73  73  73  73  73  73  72  73  73  73
2721  73  73  72  72  72  72  72  73  72  72  72  72  72  72  72  73  72  72  72  72  72  72  72  72  72  72  72  72  72  72  72  72  72  72  72  72  72  72  72  72  72  72  72  72  72  72  72  72  72  72  72  72  72  72  72  72  72  72  72  71
2722  71  71  71  71  71  70  70  70  70  70  70  70  70  70  70  70  70  70  70  70  70  69  69  69  69  69  69  70  69  69  69  69  69  69  69  69  69  69  69  69  69  69  69  69  69  69  69  69  69  69  69  69  70  70  70  70  70  70  70  70
2723  70  70  70  70  70  69  69  69  69  69  69  69  69  69  69  69  69  69  69  69  69  69  69  69  69  69  69  69  69  69  69  69  69  69  69  69  69  68  68  68  68  68  68  68  68  68  68  68  68  68  68  68  68  68  68  68  68  68  68  68
2800  68  68  68  68  68  68  68  68  67  67  67  67  67  67  67  67  67  67  67  67  67  67  67  67  67  67  67  67  67  67  67  67  67  66  66  66  66  66  66  66  66  65  65  65  65  66  66  66  66  66  66  66  66  66  66  66  66  66  66  65
2801  65  65  65  64  64  64  64  64  64  64  64  64  64  63  63  63  63  63  63  63  63  62  62  62  62  62  62  62  62  62  62  62  62  62  62  62  62  62  62  62  62  62  62  62  62  62  62  61  61  61  61  61  60  60  60  60  60  60  60  60
2802  60  60  60  60  60  60  60  60  60  60  60  60  60  60  60  60  61  61  61  61  61  61  61  61  61  61  61  61  61  61  61  61  61  61  61  61  61  61  60  60  60  60  60  60  60  60  60  61  61  61  61  60  60  60  60  60  60  60  60  60
2803  60  60  60  60  60  60  61  61  61  61  61  60  60  60  60  60  61  61  61  61  61  61  62  62  62  62  62  62  62  62  62  61  61  61  61  61  61  61  61  61  61  61  61  61  61  61  61  61  60  60  60  60  60  60  60  60  60  60  60  60
2804  60  60  59  59  60  60  60  60  60  60  60  60  60  60  60  61  60  60  60  60  60  60  60  60  60  60  60  61  61  61  61  61  61  61  61  61  61  61  61  61  62  62  63  63  64  64  65  65  65  65  65  65  65  65  65  64  64  64  64  63
2805  63  63  63  64  64  64  64  64  64  64  64  65  65  65  65  64  65  64  64  64  64  64  64  64  64  64  64  64  64  64  64  65  65  65  65  65  65  65  65  65  65  65  64  64  64  64  64  64  64  64  64  64  64  64  64  64  63  63  63  63
2806  63  63  63  63  63  63  63  63  63  63  63  63  63  63  63  63  63  63  63  62  63  63  63  63  63  63  63  63  63  63  63  63  63  63  63  63  63  63  63  63  63  62  63  62  62  62  36  62  62  62  62  62  62  62  62  62  61  61  61  61
2807  61  61  61  61  60  61  61  61  61  61  61  61  61  61  61  61  61  61  61  61  62  62  62  62  62  62  62  61  61  61  61  61  61  61  61  61  61  61  61  61  61  61  62  62  62  62  62  62  62  62  62  61  61  61  61  61  61  61  61  61
2808  61  61  61  61  61  60  60  60  60  60  59  59  58  58  58  58  58  58  58  58  58  58  58  58  58  58  59  59  59  59  59  58  58  58  58  58  58  58  58  58  58  58  58  58  58  58  59  60  60  61  61  61  62  62  62  62  62  62  62  62
2809  62  62  62  62  62  62  62  62  62  61  61  62  62  62  62  63  63  63  63  63  63  63  63  63  63  63  63  64  64  64  64  63  63  63  63  62  62  62  62  62  62  62  63  62  62  62  62  62  62  63  63  63  63  63  63  63  63  63  64  64
2810  64  64  64  65  65  65  65  65  65  65  65  66  66  66  66  66  66  66  66  67  67  67  67  67  67  67  68  68  68  68  68  68  68  68  68  68  68  68  68  69  69  69  69  69  69  70  70  70  70  70  70  70  70  70  70  70  70  71  71  71
2811  71  71  71  71  71  71  71  71  71  71  72  72  72  72  72  72  72  72  72  72  72  73  73  74  74  74  74  74  74  74  74  73  73  74  74  74  74  74  74  73  73  74  73  73  73  74  74  74  74  74  74  74  74  43  74  74  74  74  75  75
2812  75  75  75  75  75  75  75  74  74  75  74  75  75  75  75  75  75  75  75  75  75  76  76  76  77  77  77  77  77  77  77  77  77  77  77  78  78  78  79  80  80  80  80  80  80  80  80  80  81  82  82  82  83  84  84  84  84  84  85  85
2813  85  84  84  83  84  84  84  84  84  85  86  86  85  85  85  86  85  85  85  86  86  86  86  86  87  87  87  87  87  88  87  87  87  87  88  89  89  90  89  89  88  87  87  88  87  87  88  88  88  89  89  89  89  90  90  91  91  91  91  90
2814  90  91  91  91  92  92  91  91  91  91  90  91  91  91  91  92  92  92  92  91  91  92  92  92  92  92  91  91  92  93  93  94  94  94  94  93  93  93  94  94  93  93  92  92  92  93  93  93  94  95  96  97  97  97  98  98  98  99  98  98
2815  98  98  97  97  97  97  96  96  96  96  95  96  97  97  97  98  98  98  99 100 100  99  98  97  97  97  97  97  98  98  99 100  99  97  97  97  97  97  98  98  97  97  96  96  96  96  97  98  98  98  99 101 101 100 100 100 100 100  99  98
2816  98  97  97  97  97  98  98  98  98  98  98  98  97  97  97  98  98  99  99  99  99  98  98  98  99  99  99 100 101 101 100  99  99  99  99  98  98  98  98  99  99  99  98  98  98  98  98  97  97  98  97  97  97  97  97  98  98  98  98  98
2817  99  99  99  99  98  98  97  98  97  97  97  97  97  97  97  97  98  98  98  98  98  98  98  98  98  98  98  98  98  98  98  98  98  98  98  98  98  98  98  98  98  98  98  98  98  98  98  98  97  98  97  97  97  97  97  97  97  97  98  98
2818  98  98  98  98  97  97  97  97  97  97  97  97  97  97  97  96  96  96  96  96  96  96  96  96  96  96  96  96  96  95  95  95  95  95  95  95  95  95  95  95  95  95  95  95  94  94  94  93  93  93  92  92  92  91  91  91  91  91  90  90
2819  90  89  88  88  88  88  88  87  88  88  88  87  87  87  87  87  87  87  87  87  88  89  90  90  91  91  91  90  91  91  91  91  91  91  91  90  90  90  90  90  90  90  89  89  89  89  90  90  91  91  91  91  91  91  90  91  90  90  90  90
2820  90  90  90  90  90  90  90  90  90  90  90  90  90  90  90  90  90  90  90  89  89  89  88  88  88  88  87  87  87  87  86  86  86  86  85  86  86  85  85  85  86  86  86  86  86  86  86  86  85  85  84  84  84  83  83  83  83  83  82  82
2821  82  82  82  82  81  82  83  83  84  83  83  82  81  81  81  80  81  81  81  81  81  80  80  79  79  78  78  78  77  76  76  76  76  76  75  75  75  75  75  75  75  75  74  74  74  74  74  74  73  73  73  73  72  73  72  72  72  72  72  72
2822  71  71  71  71  71  72  72  72  72  72  72  72  72  72  71  71  71  71  71  71  71  71  70  70  70  70  70  70  70  70  70  70  70  70  69  69  70  70  69  69  70  70  70  70  70  70  70  70  70  71  71  71  71  71  71  71  71  71  71  71
2823  71  71  70  71  71  70  70  70  71  70  70  71  71  71  71  71  71  71  71  71  71  71  71  71  71  71  71  71  71  71  71  71  71  71  71  71  72  72  72  72  72  71  71  70  71  71  71  71  71  71  71  71  71  71  71  71  71  71  71  71
2900  71  71  71  71  71  71  71  71  71  71  71  71  71  71  71  71  71  71  71  71  71  71  71  71  71  71  71  71  70  70  70  70  70  70  70  70  70  69  69  69  69  69  69  69  69  69  69  69  69  69  69  69  69  69  69  68  68  68  68  68
2901  69  69  68  68  68  68  68  68  68  68  69  69  69  69  69  69  69  69  69  69  69  68  68  68  68  68  68  68  69  69  69  69  69  69  69  69  69  69  69  68  69  69  69  69  69  69  69  69  69  69  69  69  69  69  69  69  69  69  69  69
2902  69  69  69  69  69  69  69  69  69  69  69  69  69  69  68  69  69  69  69  69  68  68  68  68  68  68  68  68  68  68  68  68  68  68  68  68  68  68  68  68  68  68  68  68  68  68  68  68  68  68  68  68  68  68  68  68  68  68  68  68
2903  68  68  68  68  68  67  67  67  67  67  67  67  67  67  67  67  67  67  67  67  67  67  67  67  67  67  67  67  67  67  67  67  67  67  67  67  67  67  66  66  66  65  65  65  65  65  65  65  65  65  66  66  65  65  66  66  66  66  66  67
2904  67  67  66  66  66  66  66  66  66  66  66  66  66  66  66  66  66  66  66  66  66  65  65  65  65  65  65  65  65  65  65  65  65  65  65  65  65  65  65  65  65  65  65  64  65  65  65  64  64  64  64  64  65  64  65  65  65  65  65  65
2905  65  64  65  65  64  64  64  64  64  64  63  63  63  63  64  64  64  64  64  64  64  64  64  64  64  64  64  64  64  64  64  64  64  64  64  64  64  64  64  64  64  64  64  64  64  63  63  63  63  64  64  64  64  64  64  64  64  64  64  64
2906  64  64  64  64  64  64  64  64  64  63  63  63  63  62  62  62  63  63  63  64  64  64  64  64  64  64  64  64  64  64  64  64  64  64  64  64  64  63  63  63  63  63  63  63  63  63  63  63  63  63  63  63  63  63  62  62  62  62  62  62
2907  62  62  62  62  62  62  62  62  62  62  62  62  62  62  62  62  62  63  63  63  63  64  64  64  64  64  64  64  64  65  65  65  65  65  65  65  65  65  65  65  65  65  65  65  65  65  66  66  66  66  66  66  66  66  66  66  66  66  66  66
2908  66  66  66  66  66  66  67  67  67  67  67  67  67  67  67  67  67  67  67  67  67  66  66  66  66  66  66  66  66  66  66  66  66  66  66  66  66  66  66  66  66  66  66  66  66  66  66  66  66  66  66  66  67  67  67  67  67  67  67  67
2909  67  67  67  67  67  66  67  66  66  66  66  66  66  66  66  66  66  66  66  66  66  66  66  66  66  66  66  66  66  66  67  67  67  67  67  67  67  67  67  67  67  67  68  68  67  67  67  67  67  67  67  68  68  68  68  68  68  68  68  68
2910  69  69  69  69  69  69  69  69  70  70  70  69  69  69  69  69  69  69  70  69  69  69  69  70  69  69  70  70  70  70  70  71  71  71  71  71  71  71  71  71  71  71  71  72  72  72  72  72  73  73  73  73  73  73  73  73  73  73  74  74
2911  75  75  75  75  75  75  75  75  75  75  75  75  75  76  75  75  76  76  76  76  77  77  77  77  77  77  77  77  77  77  77  77  77  77  77  77  77  78  79  79  78  79  80  80  79  79  80  80  80  80  80  81  81  81  81  81  81  81  82  82
2912  82  82  81  82  82  82  82  81  81  81  82  82  82  82  83  83  84  84  84  84  84  84  85  85  84  85  84  85  85  85  85  85  85  85  86  85  85  85  85  85  86  87  86  86  86  86  86  86  86  87  87  88  88  88  89  89  90  91  92  92
2913  91  91  92  92  92  93  94  94  93  92  92  92  92  94  95  95  95  96  96  96  96  95  94  95  95  95  96  96  96  96  97  98  99 101 101 100 100 101 101 101 100 100 101 101 101 101 100 100 100 101 102 103 102 101 101 100 101 101 101 101
2914 101 102 102 103 104 105 104 104 105 105 104 105 105 104 104 103 103 103 103 105 106 106 107 107 108 109 110 110 110 111 112 113 111 110 109 109 110 110 111 111 110 110 111 112 113 113 114 113 113 113 112 111 110 109 109 110 110 111 112 112
2915 112 111 111 113 115 114 114 114 115 116 115 115 114 114 114 113 114 115 115 115 116 115 114 114 115 117 117 116 115 114 115 115 116 117 118 118 117 116 117 117 116 116 117 117 117 117 118 117 117 117 117 118 120 121 122 122 122 121 119 118
2916 119 119 118 117 117 117 116 116 117 118 117 117 117 118 118 118 117 116 116 117 117 118 119 119 119 120 119 118 119 118 118 118 118 118 118 117 117 117 117 116 116 116 116 116 116 116 116 117 117 116 116 116 117 117 118 118 119 120 120 120
2917 120 121 121 122 122 122 122 122 121 121 120 120 120 120 120 120 120 120 119 118 118 117 117 117 117 117 116 116 116 116 115 115 115 115 115 115 115 115 115 115 115 115 115 115 115 114 114 115 115 115 115 115 115 115 115 115 115 115 115 115
2918 115 115 114 114 114 114 114 114 114 114 114 113 113 113 113 113 113 112 112 112 112 112 112 111 111 110 110 109 109 108 108 108 107 107 107 107 106 106 106 106 106 106 106 105 105 105 105 105 105 105 104 104 104 104 104 104 104 104 104 104
2919 104 103 103 103 103 103 103 103 103 103 103 103 103 102 102 102 102 102 102 102 102 102 102 102 101 102 102 102 102 102 102 102 102 101 101 101 101 101 101 101 101 101 101 101 101 101 101 101 101 100 100 100 100 100 100 100 100 100 100 100
2920 100 100  99 100 100 100  99  99  99  99  99  98  98  98  98  98  98  98  98  98  98  98  98  97  98  97  97  97  97  97  97  97  96  96  96  96  95  96  95  95  94  94  94  93  93  94  94  93  93  93  93  93  93  92  91  91  91  91  91  91
2921  90  90  90  90  90  90  90  90  90  90  89  89  89  89  88  88  88  88  88  88  88  87  87  87  87  86  86  86  86  86  86  85  85  85  85  84  84  84  84  84  84  84  84  84  84  83  83  83  84  84  84  84  84  84  85  85  85  85  85  85
2922  85  86  87  87  87  87  87  86  86  86  86  86  86  85  85  85  85  85  85  85  85  85  85  85  85  85  85  85  85  84  84  84  83  82  82  82  82  82  82  81  81  81  81  81  81  81  81  81  81  81  81  81  81  81  81  81  81  82  82  82
2923  82  82  82  82  82  82  82  82  82  82  83  83  83  83  83  84  84  84  84  84  84  84  84  84  84  84  84  84  84  84  84  84  84  85  84  84  84  84  84  84  84  84  84  84  85  86  86  87  87  88  88  88  88  88  88  88  88  88  88  88
3000  88  88  87  87  87  87  86  86  86  86  86  86  85  85  85  85  85  84  84  84  84  84  84  84  84  84  84  83  83  84  84  84  84  83  83  83  83  83  83  83  83  83  83  84  84  83  83  83  83  83  83  82  82  82  82  82  82  82  83  82
3001  82  83  83  82  83  83  83  82  81  81  69  81  81  81  82  82  83  83  83  83  82  82  82  82  82  82  82  82  82  82  82  83  83  83  83  82  83  83  82  82  82  81  81  81  81  81  81  81  81  81  81  81  81  81  81  81  81  81  81  81
3002  81  81  81  81  81  81  81  80  80  79  79  79  79  79  79  79  79  80  80  80  80  80  80  80  79  79  79  79  79  80  79  80  79  79  79  79  79  78  78  79  79  79  80  80  80  80  80  80  80  80  80  80  81  81  81  81  80  80  81  81
3003  81  81  81  82  82  82  82  82  82  82  82  82  82  82  82  83  83  83  83  83  82  82  82  82  82  82  82  82  82  82  82  82  82  82  81  81  81  81  81  81  81  81  81  81  81  81  81  81  81  80  81  80  80  80  80  80  80  80  80  80
3004  80  80  80  80  79  79  79  79  79  80  79  79  79  79  79  80  80  80  80  80  80  79  79  79  79  79  79  79  80  80  80  79  79  79  79  79  79  79  79  79  79  79  79  79  79  79  79  79  79  79  79  79  79  79  79  79  79  79  79  79
3005  79  79  79  79  79  79  79  79  79  79  79  79  79  78  78  78  78  78  78  78  78  78  78  78  78  58  78  78  78  78  78  78  78  78  78  78  78  77  77  77  77  77  77  77  77  77  77  77  77  77  77  77  77  77  77  77  77  77  77  77
3006  77  77  77  77  77  77  77  77  77  77  77  77  77  77  77  77  77  77  77  77  77  77  77  77  77  77  77  77  77  77  77  77  77  77  77  77  77  77  77  77  77  77  77  77  77  77  77  77  77  77  77  77  77  77  77  77  77  77  77  77
3007  77  77  77  77  77  77  77  77  77  77  76  76  76  76  76  76  76  76  76  76  76  76  76  76  76  76  76  77  77  77  77  77  77  77  77  77  77  77  77  77  76  76  76  76  76  76  75  75  75  75  75  75  75  75  75  75  75  76  76  76
3008  77  77  77  77  78  78  78  78  78  79  78  79  79  79  79  79  79  79  79  79  79  79  79  79  79  79  79  79  80  79  80  80  80  80  80  80  80  80  80  79  79  79  80  80  80  80  80  80  79  79  79  79  79  79  79  79  79  79  79  79
3009  80  80  80  80  80  80  80  80  80  80  80  80  80  80  80  80  80  80  80  80  80  80  80  80  80  80  80  80  80  80  80  80  80  80  80  80  80  80  80  80  28  80  80  80  80  80  80  80  80  80  80  80  80  80  80  80  80  80  80  80
3010  80  81  81  81  81  81  81  81  81  82  82  81  82  82  82  82  82  82  82  82  82  82  82  82  82  82  82  82  82  82  82  83  83  83  83  83  83  83  83  83  83  83  83  83  83  83  83  83  83  83  83  83  83  83  83  84  84  84  84  84
3011  84  84  84  84  84  84  84  84  84  84  84  85  85  85  85  85  85  85  85  85  85  85  85  85  86  86  86  86  86  87  87  87  87  87  87  87  87  88  88  88  88  88  88  88  88  88  88  88  89  88  88  88  88  89  89  89  89  89  90  89
3012  89  89  89  89  89  88  89  89  89  89  89  89  89  90  90  90  90  90  90  90  90  90  90  90  90  90  90  91  91  91  91  91  91  92  92  93  94  93  93  93  93  93  93  93  93  93  94  94  95  95  94  94  94  94  94  94  94  95  95  95
3013  95  95  95  95  95  95  95  95  94  95  95  94  94  94  94  95  94  94  94  94  94  94  94  93  93  93  93  94  95  95  96  95  95  95  95  95  96  96  96  96  97  97  97  97  97  97  97  97  97  97  97  97  97  97  96 116  97  97  97  97
3014  97  97  97  96  96  96  96  96  97  96  96  96  97  97  97  96  97  97  97  97  97  96  96  96  95  95  95  95  95  95  94  95  94  95  95  95  95  96  95  95  95  95  96  96  96  95  96  96  96  96  95  95  95  95  95  95  95  95  95  95
3015  95  95  95  95  95  95  95  95  95  95  95  95  95  95  95  95  95  95  95  95  95  95  94  94  94  94  94  95  94  95  94  94  94  94  94  94  94  94  94  93  93  94  93  93  93  93  93  93  94  93  94  93  93  93  93  93  93  93  93  93
3016  93  93  93  93  93  93  93  93  93  93  93  93  93  93  93  93  93  93  93  93  93  93  93  93  93  93  93  93  93  93  93  93  93  92  92  92  92  92  92  92  92  92  92  92  92  93  93  93  93  93  93  93  93  93  93  93  93  93  93  93
3017  93  93  93  93  93  93  93  93  93  93  93  93  93  93  93  93  93  93  93  93  93  93  93  93  93  93  92  92  92  92  93  93  93  93  93  93  93  93  93  94  93  91  90  90  89  88  88  88  87  87  87  87  87  86  87  86  86  86  86  86
3018  87  87  87  87  87  87  87  87  87  87 112  87  87  87  87  87  87  87  87  87  87  87  87  87  87  87  87  87  87  87  87  87  87  87  87  87  87  87  87  87  87  87  87  87  87  87  87  87  87  87  87  87  87  87  87  87  87  87  88  88
3019  88  88  88  88  88  88  88  88  88  88  88  88  89  90  90  90  91  91  92  91  92  92  92  91  92  92  92  92  92  92  92  91  92  92  92  92  92  92  92  92  92  92  92  92  92  92  91  91  91  91  91  91  91  91  91  91  90  90  90  90
3020  90  90  90  90  89  89  89  90  89  89  89  89  89  89  89  89  89  89  89  89  89  89  88  88  88  89  88  89  89  89  89  89  89  88  88  88  88  88  89  89  88  89  88  88  88  89  89  89  89  89  89  89  89  89  89  89  89  89  89  89
3021  89  89  89  89  89  89  89  89  89  89  89  89  89  89  89  89  88  88  88  88  88  88  88  88  88  87  87  87  86  86  86  86  86  85  85  85  85  84  84  84  84  84  84  84  84  84  84  84  84  84  84  84  84  84  84  84  84  84  84  84
3022  85  85  85  86  86  85  85  86  86  86  86  86  86  85  85  85  85  86  86  86  86  86  85  85  85  84  84  84  84  84  84  84  84  85  85  85  85  85  85  85  85  85  85  85  85  85  85  85  85  84  84  84  84  83  83  83  83  83  82  82
3023  82  82  81  81  81  80  80  80  80  80  79  79  79  79  79  78  78  78  78  77  77  76  75  75  75  74  74  74  73  72  72  71  71  70  69  69  68  68  68  68  67  67  66  66  66  65  65  64  64  64  63  63  63  62  62  62  61  61  61  60
3100  60  60  61  61  60  60  60  60  60  59  60  59  59  59  59  59  59  59  58  58  58  58  58  58  58  58  58  58  57  57  57  57  56  56  55  55  55  55  55  55  55  55  54  54  55  54  54  54  54  54  54  54  53  53  53  53  53  54  54  54
3101  54  55  54  54  54  54  54  54  54  54  54  54  54  54  53  53  53  53  54  54  55  55  55  55  55  55  55  55  55  55  55  55  55  55  55  56  56  56  56  55  55  55  55  56  56  56  56  56  56  56  56  56  56  56  56  56  56  56  57  58
3102  58  58  58  58  58  59  59  59  59  59  59  60  60  60  60  60  60  60  60  60  60  60  61  60  61  61  61  61  61  61  62  62  62  62  62  62  62  62  62  62  62  63  63  63  63  63  63  63  63  63  63  64  64  64  64  64  64  64  64  64
3103  64  64  64  64  64  64  64  64  64  63  63  63  63  63  63  63  63  63  63  64  64  64  64  64  64  64  64  64  64  64  64  65  65  65  65  65  65  65  66  66  66  66  66  66  66  66  66  67  67  67  67  68  68  68  68  68  68  68  68  69
3104  69  69  69  69  69  69  69  69  69  69  69  69  69  68  68  68  68  68  68  69  69  69  69  69  69  69  69  68  68  68  68  68  68  68  68  69  69  69  69  69  69  69  69  69  68  68  68  68  68  68  68  67  67  67  67  67  66  66  65  65
3105  65  65  64  64  64  64  63  63  62  61  60  60  59  60  60  59  59  59  58  58  58  57  56  56  56  57  58  59  59  59  59  57  56  55  55  55  55  55  54  54  54  54  53  53  53  53  53  53  53  53  53  53  53  53  53  53  52  52  52  52
3106  51  51  51  50  50  50  49  49  49  49  49  49  49  49  49  49  49  48  48  48  47  47  47  47  47  47  47  46  46  46  46  45  45  46  46  47  47  48  47  47  46  46  45  45  45  45  44  44  44  44  44  44  44  44  44  44  43  43  43  43
3107  42  43  42  42  42  42  42  43  43  43  44  44  44  43  43  42  42  42  42  42  42  41  41  42  42  42  42  42  42  42  43  43  43  43  43  43  42  42  42  42  42  42  42  43  43  42  42  42  42  44  44  45  44  44  44  45  45  46  46  46
3108  46  46  46  47  47  48  48  48  48  49  49  50  50  50  50  50  51  51  51  51  51  52  52  53  53  53  54  54  55  55  55  55  56  56  56  56  56  56  56  56  56  56  57  57  57  57  57  57  57  57  57  58  58  58  58  58  58  59  59  59
3109  59  60  60  60  60  60  60  59  59  59  59  59  59  59  59  59  59  59  59  60  60  60  60  60  60  60  60  60  60  60  60  60  60  60  60  60  61  61  61  61  61  61  62  61  61  61  61  62  62  62  62  62  62  62  62  62  62  62  62  63
3110  63  63  63  63  63  63  63  64  64  63  64  64  64  64  64  64  64  65  65  65  65  65  65  65  65  65  66  65  65  65  65  65  66  66  66  66  66  66  66  66  66  66  66  66  66  67  67  67  67  68  68  68  68  68  68  68  68  69  69  69
3111  69  69  69  69  69  69  69  69  69  69  69  70  70  70  70  70  70  70  70  71  71  71  71  71  71  71  71  71  72  72  72  72  72  72  73  73  73  73  73  73  73  73  73  73  73  73  73  73  73  74  74  74  74  75  75  75  75  75  75  75
3112  75  76  76  76  76  76  76  77  77  77  77  78  78  78  78  78  78  78  78  78  78  78  79  79  80  80  81  81  82  82  82  82  82  82  82  82  83  83  83  82  82  82  82  82  82  83  83  84  84  84  84  84  84  83  83  83  84  84  84  84
3113  83  83  83  84  84  84  84  84  85  85  85  86  87  87  87  87  87  88  88  87  87  87  87  87  87  87  87  87  87  87  87  87  88  88  89  90  90  90  90  91  92  92  91  91  91  92  92  92  92  92  92  92  92  91  91  91  92  92  92  93
3114  93  91  91  91  90  91  91  91  91  91  91  90  90  91  90  90  90  91  91  91  91  92  92  92  92  92  91  91  91  91  92  92  93  93  93  94  93  93  93  93  93  94  94  94  94  94  94  94  95  95  95  95  95  95  96  97  97  97  96  95
3115  94  95  94  94  94  94  93  93  92  91  91  91  90  90  90  90  90  90  90  90  90  89  89  89  90  89  89  89  89  88  88  88  88  88  88  89  89  89  89  90  90  90  91  90  90  90  90  90  90  90  90  91  91  91  91  91  91  91  91  90
3116  90  90  90  90  90  90  90  90  90  89  90  89  89  89  90  90  90  90  90  90  90  90  90  90  90  90  90  90  90  90  90  90  90  90  90  90  90  90  90  90  90  90  90  90  90  89  90  90  90  90  90  90  90  90  90  90  90  90  91  91
3117  91  91  91  91  91  91  91  92  92  92  93  92  93  93  92  92  92  92  92  93  92  92  92  92  92  92  92  92  92  92  92  92  92  92  92  92  92  91  91  91  91  91  91  91  91  91  91  91  91  90  91  90  90  90  90  90  90  90  90  90
3118  90  90  90  90  90  90  90  90  90  90  90  90  90  90  90  90  90  90  90  90  90  89  89  89  89  89  89  89  89  89  89  89  89  89  89  89  89  89  89  89  89  89  89  89  89  89  89  89  89  89  89  89  89  89  89  89  89  89  89  89
3119  89  89  89  89  89  89  89  89  89  89  88  88  88  88  88  88  88  88  88  87  87  87  87  87  86  86  86  86  87  86  86  86  86  86  86  86  86  86  86  86  86  86  86  86  86  86  86  86  86  86  86  86  86  86  86  86  86  86  85  85
3120  85  85  85  85  85  85  85  85  85  85  85  85  85  85  85  85  84  84  84  84  84  84  84  84  84  84  84  84  84  84  84  84  84  84  84  84  84  84  84  84  84  84  83  84  83  83  83  83  83  83  83  83  83  83  83  83  83  83  83  83
