58265 2010   101213603204   65   24 6670   55    1--------------------------------------------------------------------------------------------------------------------------------------------------------------------------------------------------------------------------------------------------------------------------------------------------------------------------
3021110 16110 11110 13110 13110 12110 16110 18110 21110 22110 22110 21110 19110 19110 21110 19110 15110 17110 17110 13110 15110 13110  9110  9110 13110 15110 11110 10110 14110 18110 21110 21110 18110 19110 21110 21110 17110 13110 14110 19110 17110 16110 17110 15110 15110 16110 16110 15110 14110 15110 15110 16110 15110 14110 12110 12110 14110 16110 15110 16110 17
3022110 16110 12110  9110  9110  7110  6110  7110  7110  8110 10110  9110  7110  7110  8110  8110  8110  8110  9110 11110 11110 12110 12110 11110 10110  9110 11110 10110  7110  5110  6110  8110  8110  6110  5110  5110  7110 10110 10110  8110  8110  7110  9110 11110 11110  9110  8110 12110 12110 11110 12110 11110 12110 15110 14110 10110 13110 15110 10110  7110  9
3023110  9110  6110  6110  7110  8110  7110  7110  8110  9110 10110 10110  8110  7110  8110  7110  7110  7110  6110  7110  5110  5110  8110  7110  7110  9110  9110  8110  6110  4110  4110  4110  4110  6110  9110 11110 12110 12110 11110 11110 11110 10110  8110  5110  6110  6110  6110  6110  8110  9110  8110  8110  7110  5110  5110  7110  8110  8110  7110  7110  7
0100110  6110  9110  8110  7110  6110  5110  7110  7110  6110  8110  9110  9110  9110  9110 12110 13110 13110 12110 11110 12110 10110  9110 10110 13110 17110 18110 18110 16110 14110 13110 12110 13110 16110 17110 15110 12110 14110 17110 20110 23110 20110 15110 13110 11110  9110  8110 11110 12110 11110 15110 18110 19110 18110 13110 10110 10110 11110 10110 10110 12
0101110 12110 14110 13110 14110 14110 11110 12110 11110 11110 15110 20110 20110 14110 10110 14110 19110 17110 15110 13110 10110 12110 16110 20110 23110 24110 22110 16110 12110 10110 10110 10110 14110 19110 16110 14110 12110 14110 15110 12110 16110 20110 25110 26110 19110 14110 13110 20110 19110 13110 19110 22110 17110 21110 21110 19110 22110 17110 16110 22110 20
0102110 16110 12110  8110  8110 11110 14110 13110 10110 13110 15110 13110 17110 21110 17110 15110 17110 17110 13110 10110  9110 11110 13110 13110 12110 12110 13110 13110  9110  8110  9110 10110 14110 16110 16110 15110 16110 17110 10110  7110  9110 12110 13110 11110 11110 11110 11110 15110 18110 14110 11110 11110 12110 13110 17110 17110 15110 15110 20110 18110 17
0103110 22110 21110 19110 16110 19110 22110 16110 16110 19110 19110 19110 20110 17110 16110 20110 23110 22110 20110 23110 28110 25110 19110 18110 24110 18110 16110 20110 18110 17110 22110 22110 17110 14110 10110 14110 16110 12110 13110 15110 12110  9110 14110 19110 18110 16110 17110 17110 15110 14110 12110 10110 10110  9110 11110 13110  9110  7110  7110  6110  7
0104110  7110  6110  5110  7110 10110 14110 14110 11110 12110 14110 13110 11110  7110  8110 14110 16110 10110 13110 17110 14110 12110 13110 17110 19110 17110 15110 16110 14110  8110 10110 10110 10110 12110 12110 11110 10110 10110 13110 16110 17110 15110 15110 17110 19110 22110 28110 29110 26110 23110 22110 26110 27110 23110 21110 20110 18110 18110 23110 24110 23
0105110 21110 19110 21110 18110 13110  9110 12110 16110 20110 21110 17110 15110 17110 19110 17110 11110 14110 18110 13110 11110 10110 11110 13110 13110 10110  8110  8110  9110  8110  9110 11110 11110 14110 15110 16110 16110 17110 13110  7110  7110 10110 13110 15110 13110 13110 13110  8110  6110  9110  9110 11110 13110 14110 12110  9110 13110 10110 11110 11110  8
0106110 10110 12110 12110 14110 14110 12110 11110  9110  9110 10110  9110  6110  6110  6110  5110  6110  7110  7110  9110 11110 12110 12110  9110 10110 13110 14110 14110 14110 14110 11110  9110 10110 13110 15110 13110 10110  8110 10110 10110 10110 11110  9110 11110 15110 13110 14110 20110 18110 16110 14110 12110 15110 17110 13110 11110 12110 14110 16110 14110 11
0107110 14110 14110 11110 11110 12110 11110 10110  8110  9110 13110 15110 16110 14110 12110 12110 10110 10110 11110 11110  8110  7110  6110  5110  8110 11110 10110 10110 10110 10110 11110 10110 12110 12110 11110 11110 11110 12110 13110 12110 12110 12110 12110  9110 11110 12110 11110 12110 13110 12110 16110 21110 19110 17110 15110 13110 11110  8110 12110 13110  9
0108110 10110 12110 13110 14110 13110 12110 11110  8110  5110  9110 14110 12110 12110 13110 13110  9110  7110  8110 10110 10110  7110  7110  9110  8110  7110  8110  9110  9110  8110  7110  7110  8110 10110 11110  9110  7110 11110 13110 10110 10110 12110 13110 15110 15110 12110  7110  3110  7110  9110 10110 10110 11110 13110 14110 15110 18110 17110 12110  9110 10
0109110 12110 13110 11110  8110 10110 13110 13110 14110 15110 16110 12110 12110 14110 15110 17110 16110 12110 12110 16110 15110 15110 20110 23110 21110 19110 19110 16110 16110 16110 13110 14110 16110 14110 13110 15110 14110 14110 14110 19110 24110 21110 15110 14110 14110 12110 12110 12110 10110  8110  9110  8110  7110  7110 12110 15110 10110 11110 11110  9110 12
0110110 11110 12110 14110 10110  9110 11110 12110 15110 17110 12110 11110 15110 15110 12110  9110  8110 13110 15110 11110 11110 12110 14110 17110 20110 17110 13110 13110 13110 14110 14110 16110 14110 12110 15110 19110 17110 13110 16110 18110 17110 15110 17110 18110 15110 13110 17110 16110 10110 14110 19110 18110 17110 15110 11110 10110 11110 12110 14110 14110 14
0111110 17110 21110 22110 18110 14110 18110 24110 23110 23110 23110 21110 22110 18110 18110 18110 13110 11110 13110 16110 18110 18110 16110 15110 13110 11110 15110 20110 23110 17110 18110 24110 23110 18110 17110 16110 14110 15110 13110 13110 13110 13110 17110 15110 11110 16110 18110 16110 16110 16110 17110 15110 11110 10110 17110 23110 17110 14110 20110 20110 20
0112110 23110 24110 21110 15110 16110 20110 19110 15110 18110 18110 13110 12110 13110 16110 18110 13110 12110 16110 18110 18110 16110 17110 21110 18110 11110  8110 10110 11110 11110 15110 19110 22110 15110 12110 14110 13110 15110 18110 16110 17110 13110 14110 15110 14110 16110 13110 10110  9110  8110  7110 11110 18110 18110 19110 20110 20110 18110 21110 28110 22
0113110 19110 19110 17110 17110 16110 20110 22110 20110 17110 12110 13110 18110 17110 18110 23110 25110 22110 18110 14110 15110 23110 26110 25110 22110 20110 21110 21110 24110 20110 13110 20110 29110 33110 27110 23110 21110 23110 25110 22110 20110 17110 20110 22110 24110 20110 12110 11110 10110 18110 26110 25110 19110 16110 17110 22110 25110 20110 21110 22110 24
0114110 24110 26110 28110 25110 24110 22110 18110 24110 36110 33110 22110 17110 17110 17110 18110 22110 24110 25110 25110 24110 22110 26110 25110 21110 20110 19110 19110 22110 23110 26110 25110 24110 27110 30110 32110 26110 25110 28110 22110 22110 24110 21110 23110 24110 22110 24110 21110 17110 24110 33110 35110 31110 26110 27110 28110 27110 24110 23110 25110 34
0115110 40110 30110 25110 31110 34110 33110 36110 39110 39110 32110 31110 38110 33110 30110 34110 35110 32110 25110 27110 31110 25110 25110 26110 24110 22110 23110 26110 22110 22110 24110 22110 24110 29110 25110 20110 19110 16110 13110 21110 30110 27110 25110 22110 21110 26110 24110 21110 23110 23110 23110 24110 25110 24110 22110 24110 28110 26110 18110 25110 28
0116110 26110 29110 21110 21110 19110 11110 15110 23110 23110 29110 32110 29110 26110 26110 30110 23110 26110 33110 35110 31110 20110 22110 30110 25110 19110 23110 24110 26110 29110 31110 34110 28110 23110 24110 22110 21110 20110 24110 20110 16110 19110 17110 17110 21110 24110 24110 27110 33110 33110 28110 26110 26110 28110 22110 16110 16110 25110 31110 27110 22
0117110 23110 22110 20110 19110 17110 22110 23110 22110 22110 18110 17110 18110 20110 21110 18110 17110 13110 15110 23110 24110 21110 23110 23110 17110 17110 27110 24110 19110 19110 19110 27110 26110 16110 20110 22110 17110 21110 25110 27110 30110 26110 19110 21110 31110 34110 29110 22110 18110 21110 26110 27110 21110 17110 23110 23110 16110 21110 25110 21110 22
0118110 17110 16110 21110 19110 16110 15110 13110 13110 12110 12110 15110 17110 22110 21110 19110 21110 17110 14110 14110 13110 10110  7110  6110  7110  8110  8110  9110 11110 15110 15110  9110  7110  9110 11110 10110 10110 10110 12110 14110 16110 16110 21110 22110 16110 13110 19110 21110 15110 13110 15110 15110 14110 19110 21110 16110  9110  8110 13110 17110 16
0119110 14110 13110 12110 11110 11110 11110 11110 15110 19110 12110  8110  9110  8110  8110  6110  6110  6110  6110 11110 16110 13110  7110  7110  9110  9110 11110 11110 10110 10110  9110  7110  6110  5110  3  0  0110  2110  6110  9110 10110 12110 15110 17110 16110 15110 16110 15110 13110 10110  8110 10110 11110 13110 13110 14110 16110 14110 13110 10110  8110  8
0120110  8110  8110  7110  6110  6110  7110  9110 10110 11110 12110 11110  9110  7110  3110  2110  4110  5110  7110  8110  8110  8110  7110  7110  5110  3110  3110  4110  2  0  0  0  0110  2110  3110  3110  1110  2110  6110  9110 12110 15110 17110 15110 10110 11110 12110 10110 10110 11110 12110 12110 11110 11//////110  7110 10110 11110 10110  8110  8110  8110  5
0121110  4110  5110  6110  5110  4110  4110  5110  5110  9110 12110 14110 13110 13110 14110 15110 15110 15110 14110 14110 15110 17110 15110 12110 12110 14110 16110 21110 30110 29110 20110 11110 13110 18110 18110 16110 14110  9110 10110 12110 11110 10110 11110 10110  8110  4110  3110  2  0  0110  2110  3110  4110  6110  7110  8110  9110 10110 11110 13110 11110  6
0122110  4110  4110  6110  5110  4110  4110  6110  8110  7110  5110  3110  3110  5110  6110  5110  5110  5110  5110  6110  6110  9110 11110  9110  8110  8110  7110  6110  6110  6110  8110  6110  6110  5110  5110  4110  4110  4110  4110  4110  4110  4110  1  0  0  0  0110  2110  3110  3110  2  0  0  0  0110  2110  3110  4110  4110  4110  3110  3110  3110  3110  2
0123110  2110  3110  3110  3110  2110  2110  3110  4110  4110  4110  5110  6110  7110  6110  5110  5110  3110  3110  4110  3110  3110  4110  5110  5110  6110  6110  7110  7110  5110  4110  5110  6110  6110  6110  7110  8110  9110 10110 11110 12110 13110 12110 11110 12110 10110  8110  9110  9110  9110  9110 11110  9110  7110  6110  5110  5110  4110  6110  8110 11
0200110 10110  9110  9110 10110 11110 13110 12110 10110  7110  6110  5110  2110  2110  6110  8110  7110  5110  2  0  0  0  0  0  0  0  0110  3110  4110  6110  7110  7110  7110  8110  8110  9110 12110 13110 13110 14110 14110 12110 10110 10110 13110 14110 14110 12110 11110 15110 16110 15110 12110 12110 17110 15110 10110 13110 15110 12110  9110 10110 12110 13110 12
0201110 10110 11110 13110 10110  8110  9//////110 12110 10110  9110  8110  8110  9110  9110  8110  9110  8110  6110  6110  7110  8110  6110  6110  8110  8110  6110  5110  4110  5110  8110  9110 10110  9110  8110 10110 14110 15110 13110 12110 10110  8110  7110  7110  8110  8110  6110  5110  8110  7110  5110  8110  8110  8110  8110 10110 10110 11110 11110  9110  8
0202110  8110 11110 10110  8110 11110 14110 14110 10110  7110  6110  6110  6110  7110  8110  9110 12110 15110 13110 12110 14110 16110 15110 13110 12110 12110 11110 12110 13110 14110 14110 16110 18110 15110 13110 11110 11110 10110  6110  4110  7110 11110 13110 14110 16110 17110 15110 19110 23110 17110 15110 15110 13110 16110 16110 13110 11110  8110 10110 12110 13
0203110 12110  9110  7110  6110  6110  7110  5110  3110  5110  4110  2110  3110  3110  3110  1  0  0110  1110  3110  4110  3110  1110  2110  3110  4110  4110  4110  4110  3110  3110  3110  2110  2110  3110  4110  4110  3110  3110  3110  2110  2110  3110  2  0  0  0  0110  1  0  0  0  0110  1110  3110  6110  7110  6110  5110  4110  5110  5110  4110  4110  5110  5
0204110  5110  6110  6110  5110  5110  5110  5110  4110  3110  2110  1  0  0  0  0110  2110  3110  4110  4110  4110  5110  7110  9110 10110 10110 11110 13110 14110 14110 12110 12110 14110 14110 10110 10110 12110 10110 10110 10110  7110  8110 12110 13110 14110 16110 14110 14110 13110 12110 11110  8110  9110 10110  9110  9110  7110  4110  4110  4110  5110  6110  8
0205110  9110  7110  3  0  0  0  0110  1  0  0  0  0110  2110  2110  3110  3110  2110  3110  7110  9110  7110  7110  7110  7110  7//////110  8110 11110 12110 12110 14110 14110 15110 17110 17110 16110 14110 11110 10110 14110 14110 10110 10110 11110 10110  7110  6110  7110  6110  9110 12110  9110  8110  9110  9110  8110 10110 13110 14110 11110  9110  8110  6110  5
0206110  5110  6110 10110 13110 12110 11110 12110 16110 15110 11110 11110 11110 12110 10110  9110  8110  6110  7110  7110  8110  8110  8110  9110 10110  8110  7110  7110  6110  5110  3110  1  0  0  0  0110  1110  3110  4110  5110  6110  6110  6110  5110  3110  1110  2110  3110  1  0  0  0  0  0  0110  1  0  0  0  0110  1  0  0  0  0  0  0  0  0110  1110  4110  6
0207110  3110  2110  2110  3110  5110  6110  7110  8110 10110 12110 12110 11110 10110 10110 10110 10110  9110  9110  9110  8110  8110  9110  9110  8110  9110  9110  8110  8110  8110  7110  5110  5110  4110  4110  4110  4110  4110  5110  7110  8110  8110  6110  5110  6110  8110  7110  9110 12110 11110  9110  9110  6110  4110  4110  5110  5110  7110  9110 10110 10
0208110  9110  9110  9110  9110  9110 10110 11110 15110 19110 18110 17110 18110 17110 15110 13110 15110 17110 17110 14110 13110 16110 17110 14110 12110 12110 16110 21110 19110 14110 11110 11110 15110 17110 16110 20110 19110 15110 14110 12110  9110  6110  8110  7110  3110  2110  4110  8110  9110  8110  6110  5110  7110  7110  8110  7110  6110  4110  1110  4110  6
0209110  5110  4110  4110  5110  6110  9110 11110 11110  9110  9110  9110  9110  8110  9110  9110 10110  9110  8110 10110  8110  7110  8110 10110 12110 10110 10110  9110  7110  8110  7110  4110  3110  3110  2110  2110  3//////110  4110  4110  6110  7110  8110  8110  8110  8110  8110  7110  5110  5110  4110  3109  4109  5109  4109  3109  3109  4109  5109  6109  9
0210109 10109  9109 11109 10109 10109 10109  9109  9109 11109 12109 13109 11109  9109 10109  9109 11109 10109 11109 13109 12109 13109 13109 12109 14109 14109 14109 13109 10109  9109  9109 10109 11109  9109  9109  9109 12109 14109 13109 15109 18109 13109 11109 15109 16109 13109 13109 19109 23109 27109 29109 24109 22109 23109 24109 21109 17109 15109 12109 10109 11
0211109 11109 11109 11109 11109 10109  9109 13109 15109 14109 18109 20109 22109 24109 25109 23109 21109 26109 25109 20109 15109 16109 19109 17109 24109 27109 24109 23109 24109 30109 27109 20109 23109 25109 27109 35109 36109 35109 25109 16109 19109 18109 22109 25109 23109 20109 17109 14109 15109 15109 19109 27109 24109 19109 18109 19109 18109 13109  8109  6109  7
0212109 10109 14109 17109 17109 17109 16109 15109 18109 21109 14109  7109  8109  9109  9109 10109 16109 23109 21109 20109 25109 22109 18109 20109 17109 15109 17109 15109 13109 12109 12109 17109 17109 12109 11109 12109 13109 11109  7108 10108 14108 20108 23108 25108 32108 29108 22108 20108 18108 10108 11108 18108 21108 23108 27108 28108 19108 15108 22108 29108 30
0213108 30108 26108 19108 15108 15108 16108 15108 14108 18108 23108 21108 19108 20108 17108 17108 15108 10108  6108  9108 14108 14108 21108 26108 23108 21108 18108 17108 20108 23108 18108 11108  8108  9108 15108 19108 20108 16108 16108 26108 31108 25108 29108 30108 25108 23108 20108 23108 27108 21108 15108 15//////108 13108 13108 20108 29108 31108 25108 21108 21
0214108 17108 20108 20108 19108 20108 18108 15108 14108 19108 21108 15108  9108  8108 17108 18108 12108 16108 17108 17108 23108 25108 21108 20108 15108 13108 24108 29108 27108 29108 29108 30108 27108 23108 26108 22108 20108 27108 23108 16108 17108 26108 27108 17108 15108 20108 20108 16108 20108 18108 14108 15108 20108 29108 25108 17108 13108 12108 19108 23108 29
0215108 31108 28108 25108 19108 18108 25108 26108 20108 21108 23108 21108 18108 19108 29108 35108 33108 32108 21108 10108 17108 19108 18108 26108 30108 26108 22108 19108 14108 11108 15108 19108 28108 35108 35108 33108 26108 21108 20108 15108 17108 24108 26108 28108 25108 23108 30108 30108 19108 18108 27108 30108 38108 41108 36108 33108 29108 31108 35108 34108 32
0216108 32108 31108 30108 32108 34108 29108 22108 28108 33108 29108 34108 34108 28108 26108 23108 24108 24108 24108 27108 22108 17108 16108 16108 15108 16108 19108 21108 22108 20108 26108 27108 25108 28108 29108 26108 24108 23108 28108 24108 20108 28108 32108 27108 23108 24108 24108 18108 24108 28108 26108 31108 31108 33108 31108 23108 22108 22108 26108 31108 32
0217108 34108 29108 25108 27108 29108 31108 26108 24108 21108 19108 19108 15108 13108 13108 14108 15108 14108 11108 16108 19108 16108 21108 27108 22108 16108 18108 23108 26108 25108 23108 23108 23108 17108 12108 12108 15108 19108 20108 21108 27108 26108 22108 21108 20108 16108 12108 11108 13108 17108 19108 16108 17108 20108 19108 19108 19108 14108 10108 14108 22
0218108 23108 23108 20108 17108 17108 16108 17108 15108 12108 10108 11108 16108 19108 18108 18108 18108 19108 19108 17108 17108 18108 15108 16108 19108 21108 21108 16108 13108 11108 13108 20108 23108 17108 11108 11108 13108 13108 14108 14109 18109 20109 16109 15109 12109 13109 18109 20109 20109 23109 24109 23109 21109 21109 24109 22109 19109 20109 19109 21109 23
0219109 18109 17109 19109 20109 17109 16109 19109 22109 23109 20109 18109 16109 15109 13109 13109 16109 15109 15109 18109 18109 15109 16109 18109 16109 15109 16109 16109 15109 15109 15109 13109  9109  7109  7109  7109  7109  8109  7109  7109  7109  6109  5109  5109  5109  4109  4109  5109  4109  4109  6109  7109  7109  8109  7109  5109  5109  4109  2109  1  0  0
0220  0  0  0  0  0  0  0  0  0  0  0  0  0  0  0  0  0  0  0  0  0  0  0  0109  2109  2109  3109  3109  3109  3109  3109  3109  3109  3109  4109  4109  3109  3109  3109  2109  2109  3109  4109  4109  3109  4109  4109  3109  3109  3109  4109  4109  5109  6109  6109  6109  6109  6109  6109  6109  6109  6109  6109  6109  5109  5109  5109  4109  4109  4109  4109  5
0221109  5109  5109  5109  5109  4109  5109  5109  4109  4109  4109  4109  4109  4109  5109  5109  5109  6109  6109  6109  7109  7109  7109  7109  7109  8109  7109  7109  6109  5109  4109  4109  4109  5109  5109  5109  5109  5109  4109  4109  4109  4109  4109  4109  2109  2109  3109  4109  5109  5109  6109  7109  7109  7109  6109  4109  3109  3109  4109  4109  4
0222109  4109  5109  4109  4109  3109  2109  2109  2  0  0  0  0  0  0  0  0  0  0  0  0  0  0  0  0  0  0  0  0109  1  0  0  0  0  0  0110  1110  2110  3110  3110  4110  4110  4110  5110  4110  3110  2110  2110  2110  2110  3110  4110  4110  4110  4110  4110  3110  2110  2110  2110  2110  2110  1110  1  0  0  0  0  0  0  0  0  0  0110  1  0  0  0  0  0  0110  1
0223110  2110  2110  1  0  0  0  0  0  0  0  0  0  0  0  0  0  0  0  0110  2110  3110  4110  4110  4110  4110  4110  4110  3110  1  0  0  0  0  0  0  0  0  0  0  0  0  0  0  0  0  0  0  0  0  0  0  0  0  0  0110  1110  2110  3110  3110  3110  3110  3110  3110  3110  3110  3110  3110  3110  3110  3110  2110  2110  4110  4110  3110  1110  1110  2110  2110  2110  2
0300110  3110  4110  3110  4110  4110  4110  6110  7110  7110  8110  8110  7110  7110  7110  6110  6110  7110  6110  6110  6110  5110  5110  5110  4110  4110  4110  5110  6110  7110  7110  7110  6110  7110  8110  8110  7110  6110  5110  4110  3110  4110  4110  5110  5110  5110  4110  4110  3110  3110  2110  2110  2110  1  0  0110  2110  3110  4110  4110  3110  2
0301110  2110  3110  3110  4110  6110  6110  5110  4110  4110  4110  4110  3110  4110  4110  4110  4110  4110  4110  3110  2110  1  0  0  0  0  0  0  0  0  0  0  0  0  0  0  0  0  0  0  0  0  0  0  0  0  0  0  0  0  0  0  0  0  0  0  0  0  0  0  0  0  0  0  0  0  0  0  0  0  0  0  0  0  0  0110  1110  2110  2110  2110  1  0  0  0  0  0  0  0  0  0  0  0  0  0  0
0302  0  0  0  0  0  0  0  0  0  0  0  0  0  0  0  0  0  0  0  0  0  0  0  0  0  0  0  0  0  0110  1110  2110  2110  3110  3110  4110  4110  5110  5110  5110  5110  5110  3110  3110  2110  2110  3110  3110  4110  4110  5110  5110  4110  3110  3110  3110  3110  3110  3110  3110  3110  2110  1  0  0  0  0  0  0  0  0  0  0  0  0  0  0  0  0  0  0  0  0  0  0110  1
0303110  2110  2110  2110  2110  3110  3110  4110  3110  3110  3110  3110  2110  2110  2110  2110  2110  3110  3110  4110  4110  5110  5110  4110  5110  5110  5110  5110  6110  5110  4110  3110  3110  2110  2110  2110  2110  3110  4110  5110  5110  5110  4110  3110  3110  3110  4110  4110  4110  4110  4110  4110  4110  3110  2110  2110  2110  2110  1  0  0  0  0
0304  0  0110  1110  1  0  0110  1110  2110  3110  4110  4110  4110  4110  3110  3110  3110  3110  3110  4110  4110  3110  3110  3110  3110  2110  1110  1110  1110  2110  2110  3110  3110  3110  1  0  0110  2110  5110  8110  9110 12110 12110  8110  4110  2110  2110  3110  4110  4110  3110  2  0  0  0  0  0  0  0  0110  2110  3110  5110  5110  5110  6110  7110  8
0305110 10110 11110  9110  6110  5110  7110  9110  9110 10110  8110  6110  6110  9110  8110  5110  3110  3110  4110  3110  2110  2110  3110  4110  4110  4110  3110  3110  4110  4110  5110  6110  8110  9110 10110 12110 15110 17110 15110 13110  8110  3  0  0  0  0110  3110  4110  4110  4110  4110  4110  4110  4110  4110  3110  3110  6110  8110  9110  8110  6110  3
0306110  4110  5110  5110  5110  6110  6110  4110  4110  5110  7110  6110  4110  2110  2110  3110  4110  6110  7110  7110  7110  7110  8110  8110  6110  4110  2110  2110  2110  3110  5110  6110  5110  5110  5110  6110  7110 10110 13110 14110 15110 14110 12110 11110  9110  8110 10110 13110 13110 12110 11110 11110  9110  8110  9110  9110  6110  5110  5110  3  0  0
0307110  1110  1  0  0110  2110  3110  3110  3110  3110  3110  3110  3110  2110  2  0  0  0  0  0  0  0  0  0  0110  3110  6110  9110 11110 11110  9110  7110  9110  9110  7110  5110  4110  2110  1  0  0  0  0  0  0110  1110  2110  3110  4110  6110  7110  7110  5110  3110  2  0  0110  1110  2110  4110  4110  4110  2110  2110  3110  4110  5110  5110  5110  5110  4
0308110  3110  3110  3110  5110  6110  6110  5110  4110  2110  2  0  0  0  0110  3110  5110  7110  7110  7110  6110  6110  6110  5110  4110  3110  2  0  0  0  0  0  0110  2110  1  0  0  0  0  0  0  0  0  0  0110  1110  3110  3110  3110  2110  2  0  0  0  0  0  0  0  0  0  0110  2110  3110  3110  3110  4110  4110  5110  5110  5110  5110  5110  5110  5110  4110  3
0309110  3110  2110  1110  2110  1  0  0110  1110  1  0  0110  1110  2110  3110  3110  3110  4110  4110  4110  4110  3110  3110  3  0  0  0  0  0  0110  2110  3110  2110  1110  2110  3110  3110  4110  5110  4110  4110  4110  4110  4110  3110  3110  4110  5110  5110  4110  3110  2110  2110  3110  4110  4110  3110  3110  3110  4110  5110  4110  3110  3110  1  0  0
0310  0  0  0  0  0  0  0  0110  2110  3110  3110  4110  4110  5110  7110  6110  4110  3109  2109  2109  2109  2109  3109  5109  8109 10109  9109 10109 11109 10109  9109  8109  7109  8109  9109  9109  9109  9109 10109 10109 10109 10109 11109 12109 11109 11109 12109 15109 18109 18109 18110 19110 19110 18109 17110 17110 16110 14110 11110  7110  5109  4109  3110  4
0311110  4109  3109  1  0  0  0  0  0  0  0  0  0  0  0  0109  3109  6109  5109  4109  4109  5109  5109  4109  5109  7109  9109 10109 12109 13109 14109 14109 13109 12109 12109 11109 12109 13109 12109 10109  9109 11109 12109 11109 11109 10109  9109  7109  7109  5109  5109 10109 11109 10109  8109  9109 12109 11109 11109 12109 14109 15109 13109 12109 13109 10109 10
0312109 10109  7109  7109  9109 13109 14109 12109 14109 17109 17109 15109 13109  9109  8109  9109  7109  6109  8109  9109  8109  7109  9109  9109  8109 11109 12109  9109  8109  7109  6109  5109  3  0  0109  1109  4109  5109  2109  2109  4108  6108  6108  5108  4108  4108  7108 10108 11108 17108 16108 12108 17108 24108 24108 20108 19108 19108 17108 15108 15109 16
0313109 14109 14109 16109 13109  9109 10109 11109 11109 10109 11109 14109 18109 18109 17109 17109 17109 16109 15109 15109 16108 16108 15108 14109 15109 19108 24108 23108 18108 19108 18108 18108 20108 21108 20108 18108 18109 20108 18108 12108 14108 18108 15108 13108 13108 13108 14108 13108  9108  9108 12108 12108  8108  8108  9108  6108  9108 13108 11108 12108 12
0314108 12108 13108 13108 11108 11108 13108  8108  5108  9108 11108 11108  9108 10108 11108 10108 12108 11108 11108 12108 12108 12108 12108 13108 14108 11108  8108  8108 12108 17108 19108 17108 16108 18108 17108 12108 10108 11108  7108  3108  1108  2108  9108 14108 15108 14108 13108  9108  9108 12108 13108 12108 11108  8108  7108  9108 10108  9108 10108 13108 14
0315108 15108 17108 15108 14108 13108 10108 13108 12108 10108 12108 13108 11108 10108  9108  8108  6108  5108  6108  9108 10108  9108  9108  8108  6108  5108 10108 13108 12108 12108 13108 13108 13108 13108 11108  9108 10108 11108  9108  8108  5108  5108  9108 11108  8108  5108  6108  8108  8108  7108  6108  5108  5108 11108 13108 10108  9108  8108  8108  9108  7
0316108  7108  5108  5108 10108 14108 15108 13108 10108 10108 10108  8108  9108 12108 12108 11108  8108  7108 10108 11108  7108  6108  7108  4108  6108  9108 11108 12108  8108  8108 10108  6108  2108  3108  7108  9108  5108  5108 13108 17108 12108 10108 16108 20108 18108 18108 23108 22108 15108 10108 10108 12108 12108 12108 15108 13108 11108 12108 12108  9108  8
0317108  8108  9108  7108  5108 10108 14108 16108 17108 20108 20108 19108 18108 14108 13108 13108 12108 14108 22108 23108 16108 11108 12108 16108 15108 14108 16108 17108 17108 17108 19108 17108 11108  9108 12108 14108 14108 14108 14108 13108 13108 12108 11108 11108 11108 10108  9108 11108 14108 15108 17108 18108 18108 20108 20108 20109 18109 15109 15109 19109 21
0318109 18109 17109 15109 14109 13109 13109 14109 14109 13109 15109 15109 15109 15109 16109 19109 19109 17109 15109 14109 18109 21109 19109 16109 17109 21109 19109 13109 13109 18109 19109 16109 16109 18109 18109 19109 19109 20109 23109 19109 15109 18109 22109 21109 19109 16109 13109 10109 12109 14109 13109 13109 16109 19109 21109 21109 21109 20109 17109 14109 13
0319109 14109 14109 13109 12109 12109 13109 12109 12109 13109 15109 15109 15109 15109 16109 16109 14109 14109 18109 21109 17109 15109 13109 11109 12109 10109  9109 12109 13109 12109  9109  9109 10109 11109  9109  8109  8109  7109  5109  5109  5109  4109  4109  5109  8109 10109  7109  8109  9109  7109  6109  6109  6109  6109  7109  7109  6109  6109  7109  9109 11
0320109 12109 11109 11109  9109  9109  9109  8109  9109  9109  9109  9109  8109  7109  8109 10109 10109 12109 13109 12109 11109 11109 12109 12109 12109  9109  8109  8109  8109  8109  7109  7109  6109  6109  8109 10109 10109  7109  5109  9109 12109 12109 13109 12109 10109 10109 10109 10109 11109 11109 12109 10109  8109  8109  7109 10109 11109  9109  8109  7109  5
0321109  4109  4109  5109  6109  7109  7109  7109  9109  9109  8109  8109  7109  7109  8109  9109  8109  7109  9109  9109  9109  9109  8109  8109  8109  9109 10109  7109  6109  7109  7109  6109  6109  6109  6109  6109  6109  5109  5109  4109  4109  4109  4109  4109  5109  5109  5109  6109  6109  6109  6109  9109  9109  7109  7109  7109  9109  9109  8109  7109  7
0322109  5109  5109  6110  8110  8110  7110  7110  7110  7110  6110  5110  6110  6110  5110  5110  6110  6110  6110  6110  6110  6110  6110  6110  6110  7110  6110  6110  6110  7110  7110  7110  6110  7110  7110  7110  7110  7110  7110  6110  6110  6110  6110  6110  6110  5110  4110  4110  4110  4110  5110  6110  6110  8110  9110  9110  9110  9110  9110  9110  9
0323110  9110  9110  9110  8110  8110  7110  7110  6110  6110  6110  6110  6110  5110  6110  6110  6110  6110  6110  6110  6110  7110  8110  8110  8110  8110  8110  7110  6110  4110  4110  4110  2110  3110  5110  4110  3110  4110  5110  4110  3110  4110  5110  5110  5110  5110  4110  3110  3110  3110  3110  2  0  0  0  0110  1110  2110  2110  1110  2110  2110  1
0400  0  0  0  0110  1  0  0110  1110  2110  2  0  0  0  0  0  0  0  0110  2110  3110  3110  3110  3110  3110  3110  3110  3110  4110  3110  2110  3110  4110  5110  5110  4110  3110  3110  3110  2  0  0110  1110  2110  4110  7110  9110  8110  7110  7110  6110  5110  6110  5110  4110  4110  6110  7110  7110  5110  4110  4110  2110  1110  1110  1  0  0  0  0110  2
0401110  2110  1110  1110  2110  2110  3110  2  0  0  0  0  0  0  0  0  0  0110  2110  2110  2110  2110  3110  3110  4110  3110  2110  2110  2110  2110  2110  1  0  0  0  0  0  0  0  0  0  0110  1110  2110  3110  3110  2110  3110  3110  2110  2110  2110  2110  2110  2110  3110  4110  5110  5110  6110  5110  5110  5110  5110  4110  4110  4110  4110  4110  2  0  0
0402  0  0110  1110  2110  2110  2110  4110  5110  5110  6110  7110  7110  6110  6110  5110  6110  6110  6110  5110  4110  3110  3110  2110  1  0  0  0  0  0  0  0  0  0  0  0  0110  1  0  0110  1110  2110  1  0  0  0  0  0  0  0  0  0  0110  1110  2110  2110  2110  2110  2110  1  0  0  0  0  0  0  0  0  0  0  0  0  0  0110  1110  1110  2110  2110  2110  2110  2
0403110  3110  4110  4110  4110  4110  4110  4110  4//////110  7110  7110  6110  6110  7110  6110  6110  7110  8110  7110  7110  6110  5110  5110  5110  4110  3110  4110  4110  4110  4110  6110  7110  7110  7110  8110  7110  7110  7110  7110  7110  8110  8110  7110  7110  6110  5110  5110  5110  5110  5110  4110  3110  2110  2  0  0  0  0  0  0  0  0  0  0  0  0
0404110  1110  3110  4110  5110  6110  6110  5110  4110  3110  3110  3110  3110  4110  5110  7110  8110  7110  6110  7110  8110  8110  9110  9110  8110  8110  8110  7110  6110  6110  7110  8110  8110  8110  8110  6110  5110  5110  4110  3110  4110  5110  5110  5110  6110  7110  7110  7110  6110  6110  7110  7110  7110  7110  6110  5110  4110  3110  2110  2110  3
0405110  3110  2110  1  0  0  0  0  0  0110  1110  2110  2110  2110  1  0  0  0  0110  2110  3110  2110  2110  3110  4110  5110  6110  7110  7110  6110  7110  7110  7110  7110  6110  5110  4110  4110  3110  3110  3110  4110  4110  4110  5110  4110  4110  4110  3110  2110  2110  3110  4110  4110  5110  5110  5110  5110  5110  5110  5110  6110  7110  7110  6110  5
0406110  4110  4110  3110  3110  4110  4110  3110  3110  3110  2110  2110  3110  2110  2110  2110  2110  2110  2110  2110  3110  3110  2  0  0  0  0  0  0110  2110  3110  3110  3110  3110  3110  4110  4110  5110  6110  6110  6110  6110  5110  4110  3110  3110  3110  3110  3110  3110  2110  2110  2110  1  0  0  0  0  0  0110  2110  2110  2110  2110  2110  2110  2
0407110  2110  2110  3110  3110  5110  6110  7110  8110  9110  9110  9110  8110  7110  8110  8110  7110  7110  6110  5110  6110  6110  7110  7//////110  9110 10110 12110 12110 11110 12110 11110  9110  8110  6110  5110  4110  4110  5110  6110  6110  7110  9110 11110 13110 12110 12110 13110 12110 10110  8110  6110  3110  2110  3110  4110  4110  3110  4110  5110  6
0408110  8110 11110 14110 16110 18110 18110 17110 15110 11110  8110  8110 12110 17110 19110 17110 14110  8110  3110  2110  5110  9110 10110 10110 10110 11110 11110 10110  9110  7110  9110 11110  9110  6110  6110  7110  8110  9110  9110  8110  7110  5110  4110  6110  9110 13110 14110 13110 10110  9110  8110  8110  9110  9110  7110  6110  6110  7110  9110 10110 11
0409110 11110  9110  8110  9110 11110 16110 21110 24110 27110 26110 23110 20110 15110  9110 12110 18110 18110 13110 13110 13110  9110  7110 10110 13110 12110 12110 13110 12110 15110 13110  8110 10110 13110 14110 11110 12110 13110 12110 10110  9110 11110 11110 10110  8110  7110  4110  2110  2110  4110  6110  9110 10110 12110 14110 13110 12110  8110  7110 12110 13
0410110 12110 11110 11110  9110  6110  5110  8110  8110  5110  4110  6110  8110  9110  9110  8110  6110  6110 10110 12110 12110  9110  9110 10110  9110  9110  8110  5110  3110  5109  9109  8109  7109  5109  4109  2  0  0  0  0  0  0109  2109  3109  2  0  0  0  0109  1109  2109  1109  1  0  0  0  0  0  0109  3109  5109  6109  4109  4109  4109  5109  6109  5109  4
0411109  2  0  0  0  0109  2109  4109  4109  6109  7109  6109  6109  6109  5109  3109  1109  1109  3109  4109  4109  3109  4109  4109  4109  5109  5109  5109  5109  4109  4109  3109  3109  3109  3109  3109  4109  3109  2109  2109  2//////  0  0  0  0109  2109  5109  7109  7109  7109  8109 10109 10109  8109  6109  5109  7109  8109  7109  5109  5109  6109  6109  7
0412109  8109  7109  6109  6109  6109  4109  2  0  0  0  0  0  0109  2109  3109  7109 10109 11109  9109  8109  7109  5109  6109  6109  6109  6108  6108  5108  6108  6108  5108  7108  5108  3108  2108  4108  8108  9108 10108  7108  2108  2108  5108 11108 13108 13108 10108  6108  6108 10108 14108 15108 13108 10108 10108 11108 12108 13108 12108 10108 10108 12108 11
0413108 11108 12108 12108 10108  9108 13108 15108 13108 12108 12108 14108 16108 21108 23108 18108 15108 12108 15108 20108 23108 21108 19108 21108 17108 15108 18108 16108 11108 10108 17108 18108 18108 18108 16108 18108 16108 16108 20108 19108 14108 11108 10108 16108 24108 22108 18108 18108 25108 25108 20108 21108 24108 24108 22108 22108 22108 24108 23108 19108 15
0414108 14108 15108 13108 18108 26108 27108 20108 12108 11108 17108 21108 21108 20108 15108  8108  9108 12108 17108 18108 20108 21108 18108 17108 18108 18108 14108  9108  8108  8108  6108 16108 28108 28108 29108 29108 25108 25108 28108 27108 24108 22108 22108 25108 24108 19108 16108 15108 21108 25108 20108 19108 20108 18108 17108 18108 16108 12108 14108 14108 16
0415108 18108 20108 20108 17108 20108 23108 24108 22108 19108 16108 13108 14108 20108 26108 26108 23108 18108 17108 21108 21108 21108 29108 32108 25108 26108 23108 13108 11108 12108 16108 22108 23108 20108 16108 13108 19108 32108 38108 35108 31108 27108 20108 22108 28108 26108 19108 18108 22108 27108 32108 28108 26108 33//////108 30108 28108 30108 28108 26108 20
0416108 14108 20108 28108 29108 26108 22108 19108 23108 29108 28108 29108 30108 26108 26108 26108 21108 22108 35108 37108 29108 27108 27108 31108 33108 31108 29108 31108 32108 32108 33108 30108 28108 31108 30108 25108 21108 24108 26108 23108 24108 25108 30108 38108 32108 25108 31108 34108 31108 34108 33108 27108 24108 20108 21108 19108 24108 33108 32108 26108 22
0417108 26108 35108 38108 35108 33108 31108 24108 26108 27108 21108 20108 22108 24108 26108 34108 37108 31108 28108 25108 21108 21108 24108 23108 26108 27108 25108 23108 28108 37108 34108 28108 28108 30108 26108 24108 34108 36108 24108 20108 19108 13108 12108 18108 24108 25108 26108 20108 14108 16108 18108 19108 20108 21108 24108 23108 21108 24108 24108 19108 23
0418108 28108 23108 23108 20108 12108 14108 20108 25108 25108 23108 21108 20108 17108 18108 24108 23108 20108 25108 30108 24108 15108 11108 13108 18108 19108 16108 14108 18108 18108 16108 15108 19108 27108 26108 21108 23108 29108 25108 17108 13108 16108 25108 26108 22108 21108 25108 23108 15108 16108 16108 14108 12108 11108 16108 26108 24108 16108 20108 26108 28
0419108 27108 19108 15108 17108 19108 16108 16108 16108 12108 12108 17108 19108 14108 10109 10109 13109 13109 18109 19109 11109  8109 11109 19109 23109 21109 19109 15109 16109 23109 25109 21109 21109 23109 23109 21109 19109 16109 15109 20109 19109 14109 13109 15109 13109 14109 18109 16109 15109 14109 16109 16109 13109 12109 14109 12109 11109 12109 10109  9109  9
0420109  9109 11109 11109 10109 12109 15109 14109 13109 11109  7109  6109  6109  7109  7109  6109  8109 12109 14109 13109 13109 13109 14109 14109 11109 10109 10109 10109 12109 13109 13109 12109  9109  7109  7109  7109  8109 12109 13109 10109  7109  9109 11109 13109 16109 17109 13109 11109 14109 14109 10109  9109  8109  7109  7109  7109  9109 10109  9109 10109 13
0421109 13109 13109 10109  8109  7109  8109 10109 13109 13109 10109  9109 10109  9109  8109 10109  9109 10109  9109  6109  8109 11109 13109 10109  8109 10109 14109 15109 13109 13109 13109 11109  9109  8109 12109 14109 10109  8109  9109 12109 13109 11109 11109 12109 11109  9109  9109  8109  8109  9109  9109 10109 11109 13109 12109 11109 13109 12109 11109 10109  9
0422109 12109 11109  9109  9109 10109  8109  5109  5109  8109 11109 10109  8109  8109  8109  7109  8109  8109  8109  7109  6109  6109  8109  8109  7109  7109  6109  8109  8109  6109  5109  6109  8109 12109 11109  8109  8109 10109  9109  8109  7109  6109  5109  5109  6109  8109  8109  9109  8109  8109  9109 12109 13109 10109  9109  9109 10109 10109 12109 11109  9
0423109  9109 10109 11109 10109 10109 10109  7109  6109  5109  4109  4109  5109  6109  8109 10109  9109 10109  9109  9109  8109  9109 11109 10109  9109  9109  8109  6109  5109  5109  7109  7109  6109  7109  9109  9109  8109  8109  7109 10109 11109  8109  5109  6109  7109  5109  4109  5109  8109  7109  8109 10109  8109  5109  5109  7109  5109  3109  3109  3109  3
0500109  3109  3109  3109  3109  2109  2109  1  0  0  0  0  0  0  0  0109  1109  1  0  0  0  0109  1109  2109  2109  2109  2109  2109  3109  5109  6109  7109  6109  6109  6109  6110  5109  5109  5109  6109  7109  8109 10109 10109 10109  9109  9109  7109  7109  7109  7109  7109  6109  7110  6110  5110  5110  5109  5109  4110  5110  4110  3110  1110  2110  4110  5
0501110  5110  3110  2110  3110  5110  5110  4110  4110  5110  5110  5110  4110  3110  3110  3110  3110  2110  2110  2110  7110  9110  6110  8110 10110 11110 11110  8110 11110 12110 12110 14110 13110 10110 10110 13110 13110 10110  9110  8109  7110  6109  4109  4110  6110  6110  6110  9110 12110 13110 13110 12110 10110 11110 15110 13110 11110 10110 10110  9110  9
0502110  7110  6110  9110 11110  7110  8110 12110 12110  9110  8110  8110  8110  9110  9110 11110 12110 11110 11110 10110  8110  9110 10110 10110  8110  6110  5110  5110  9110 11110 10110  9110  9110  9110  8110  8110  8110  9110 10110 10110 10110 10110  8110  6110  4110  5110  6110  7110  8110 11110 15110 14110 12110 12110 14110 15110 13110 10110 11110 12110 12
0503110 11110 11110 12110 15110 15110  8110  9110  9110  7110  6110  6110  6110  6110  5110  5110  7110  8110  8110  6110  6110  7110  8110 10110 11110 10110  7110  4110  3110  3110  4110  4110  3110  3110  3  0  0  0  0  0  0  0  0110  1110  2110  3110  2110  3110  3110  2110  1110  1110  1110  1  0  0110  1110  3110  4110  4110  3110  3110  4110  4110  4110  4
0504110  5110  5110  4110  4110  3110  2110  2110  2  0  0  0  0110  1110  2110  1  0  0  0  0  0  0  0  0  0  0110  1110  1  0  0  0  0  0  0  0  0  0  0  0  0110  1110  3110  4110  4110  4110  6110  6110  5110  5110  7110  7110  7110  6110  6110  5110  5110  7110  8110  5110  3110  3110  4110  5110  5110  4110  4110  3110  2  0  0110  1110  3110  4110  4110  4
0505110  5110  5110  3110  3110  3110  4110  5110  7110  9110  9110  9110  8110  6110  5110  4110  3110  3110  3110  3110  2110  2110  2110  3110  3110  3110  3110  3110  3110  3110  3110  3110  3110  3110  2110  2110  1110  2110  4110  4110  3110  3110  7110  7110  7110  9110  9110  6110  5110  5110  6110  7110 10110  9110  8110 10110 11110 10110  8110  7110  7
0506110  7110  8110  8110  5110  3110  6110  9110  7110  6110  6110  6110  7110  6110  8110  9110  8110  7110  7110  6110  4110  4110  5110  9110 11110  9110  8110  8110  8110  8110  9110 11110 10110  8110  5110  6110  6110  6110  8110  8110  7110  8110 11110 12110 12110 11110 10110  9110  7110  5110  3110  4110  7110  7110  4110  3110  4110  5110  3110  2110  1
0507110  2110  3110  2110  2110  2110  2110  2110  2110  3110  3110  5110  5110  6110  6110  6110  6110  6110  5110  5110  4110  3110  5110  8110 11110 12110 10110  8110  8110  9110  8110  6110  4110  5110  8110  6110  4110  4110  6110  7110  8110  8110  7110  5110  3110  3110  5110  8110 10110 11110 12110 11110 11110 12110 12110 12110 11110  9110  8110  8110  8
0508110  7110  8110  7110  6110  6110  5110  5110  5110  5110  4110  4110  3110  3110  5110  6110  6110  6110  5110  6110  6110  4110  4110  5110  5110  5110  4110  3110  3110  2110  1110  2110  2110  2110  2110  2  0  0  0  0  0  0110  1110  2110  2110  3110  4110  4110  4110  4110  4110  4110  4110  5110  6110  6110  6110  6110  7110  6110  7110  8110  8110  8
0509110  9110  8110  8110  7110  5110  4110  5110  5110  4110  3110  3110  3110  3110  2110  2110  3110  5110  7110  8110  7110  6110  5110  5110  5110  4110  4110  4110  4110  4110  4110  2  0  0  0  0  0  0110  2110  5110  7110  7110  7110  8110  8110  8110  8110  8110  8110  7110  7110  6110  6110  5110  5110  5110  4110  4110  4110  4110  4110  4110  5110  5
0510110  5110  5110  4110  3110  2110  2110  1  0  0  0  0110  1  0  0  0  0  0  0  0  0  0  0  0  0  0  0  0  0  0  0  0  0  0  0  0  0110  1110  1  0  0  0  0  0  0110  1110  3110  4110  4110  5110  5110  4110  3110  5110  6110  6110  6110  7110  7110  7110  6110  5110  5110  5110  5110  6110  6110  6110  6110  6110  6110  6110  6110  6110  6110  5110  6110  7
0511110  6110  9110 12110 10110  7110  5110  4110  3110  2110  3110  5110  5110  4110  4110  4110  4110  4110  4110  4110  5110  7110  9110 10110  9110  9110  9110 10110 10110  8109  7109  5110  3110  3109  3109  3109  3109  3109  2109  2  0  0  0  0  0  0  0  0109  1109  1  0  0  0  0  0  0  0  0109  1109  1  0  0  0  0109  2109  4109  3109  3109  3109  5109  6
0512109  4109  2109  2109  5109  6109  6109  5109  3109  2109  2109  2109  1109  3109  6109  7109  6109  6109  6109  5109  5109  7109  9109  8109  6109  5109  6109  6109  6109  6109  5109  4109  5109  6109  7109  7109  7109  8109  8109  5109  5109  5109  5109  6109  6109  6109  6109  6109  4109  2109  2109  4109  9109  8109  6109  5109  4109  5109  9109 10109  8
0513109  6109  5109  3109  3109  2109  3109  3109  2109  2109  3109  4109  5109  5109  4109  5109  8109  9109  7109  5109  6109  7109  9109  6109  4109  3109  3109  5109  5109  6109  7109  8109  6109  6109  7109  5109  4109  5109  4109  4109  6109  5109  4109  5109  4109  2109  4109  6109  5109  6109  5109  4109  4109  3109  4109  4109  3109  1  0  0109  2109  4
0514109  5109  6109  6109  5109  4109  4109  5109  5109  4109  3109  3109  4109  3109  3109  6109  9109 10109 10109  8109  6109  4109  5109  6109  6109  5109  2109  3109  5109  5109  5109  4108  3108  4108  4108  4108  5108  3108  2108  4108  9108 12108 13108 12108 12108 10108  7108  6108 11108 16108 16108 17108 14108 11108 13108 15108 16108 17108 20108 19108 14
0515108 10108 12108 16108 15108 14108 17108 20108 19108 14108 15108 22108 26108 26108 29109 27109 24109 26109 27109 30109 32109 28109 22109 24109 29109 31109 32109 29109 28109 27109 22109 18109 16109 16109 20109 22109 19109 16109 17109 21109 23109 19109 20109 24109 25109 25109 24109 25109 22109 20109 21109 18109 20109 22109 20109 21109 21109 17109 16109 14109 13
0516109 16109 24109 31109 29109 22109 18109 20109 23109 22109 20109 17109 15109 15109 20109 24109 24109 20109 19109 19109 18109 20109 22109 21109 22109 23109 25109 29109 25109 22109 26109 29109 31108 29108 27108 30108 27108 19108 25108 34108 32108 22108 18108 22108 26108 26108 19108 16108 17108 22108 23108 20108 21108 24108 22108 21108 23108 23108 20109 21109 24
0517109 22109 21109 19109 18109 22109 19109 14109 15108 22108 25108 21109 19109 21109 23109 22109 23109 22108 21108 24108 28108 29108 28108 27108 21108 14108 12108 17108 24108 25108 26108 24108 24108 26108 26108 20108 14108 14108 16108 16108 14108 11108 11108 18108 24108 23108 22108 22108 23108 22108 19108 17108 21108 24108 22108 19108 22108 25108 25108 24108 20
0518108 18108 20108 22108 23108 25108 30108 29108 24108 26108 28108 28108 24108 20108 22108 22108 20108 22108 19108 21108 23108 23108 27108 27108 21108 19108 20108 20109 20109 16109 14109 13109 11109 15109 21109 20109 19109 18109 16109 15109 12109 12109 16109 19109 23109 23109 23109 24109 22109 18109 15109 14109 16109 20109 22109 18109 16109 20109 21109 19109 18
0519109 17109 16109 14109 14109 14109 16109 17109 16109 17109 17109 17109 15109 14109 13109 13109 13109 11109 10109  9109  8109  7109  8109  9109 11109 13109 11109 10109 11109 11109 10109 10109 10109  8109  7109  5109  4109  4109  4109  5109  5109  5109  5109  5109  5109  5109  6109  7109  9109 12109 14109 11109  9109 10109 10109 10109  9109  8109  8109  9109  9
0520109  9109 10109 11109 10109 10109 10109  9109  7109  7109  7109  7109  7109  9109  9109  8109  7109  8109  9109 11109 12109 15110 16110 14110 12110 11110 11109 13109 15109 15109 14109 13109 12109 12109 14109 14109 12109 10109  8109  9109  9109  8109  9109 11109 12109 11109 10109  9109  9109 10109 12109 12109 13109 14110 17110 21110 21110 18110 16110 15110 14
0521110 13110 12110 14110 14110 14110 14110 13110 13110 14110 14110 13110 12110 11110 10110  8110  8110  8110  8110  7110  7110  6110  7110  7110  7110  9110 12110 13110 12110 12110 13110 12110 12110 10110  7110  6110  5110  4110  5110  6110  6110  6110  6110  5110  5110  7110  8110  8110 11110 11110  9110  9110  9110 10110 10110 10110 10110 10110 10110 10110  9
0522110  8110  8110  8110  8110  8110  7110  7110  6110  6110  5110  6110  6110  6110  5110  4110  5110  6110  7110  7110  8110  9110  9110  8110  8110  7110  6110  6110  6110  5110  7110  7110  4110  2110  3110  3110  2110  2110  2110  2110  1110  2110  2110  3110  4110  5110  5110  5110  5110  5110  5110  6110  8110  8110  5110  4110  5110  4110  4110  4110  7
0523110  7110  8110  9110  8110  7110  6110  6110  6110  8110  9110  7110  4110  3110  4110  5110  6110  6110  7110  7110  6110  6110  7110  8110  6110  6110  5110  4110  4110  5110  6110  5110  5110  6110  7110  6110  5110  4110  5110  5110  4110  5110  7110  8110  7110  5110  4110  4110  6110  8110  7110  5110  5110  4110  4110  5110  5110  5110  5110  6110  7
0600110  7110  5110  5110  5110  7110  9110  9110  9110  9110  9110  8110  7110  7110  7110  7110  6110  7110  8110  8110  6110  6110  6110  5110  6110  7110  8110  6110  5110  4110  5110  4110  3110  3110  4110  3110  4110  5110  6110  6110  7110  8110  9110  8110  6110  4110  4110  4110  4110  4110  3110  4110  4110  2110  1110  1110  1110  2110  3110  3110  3
0601110  2110  3110  4110  5110  7110  8110  8110  6110  6110  7110  6110  5110  5110  5110  5110  6110  6110  6110  7110  7110  8110  8110  8110  7110  6110  7110  8110  8110  9110  8110  6110  6110  7110  7110  7110  8110  7110  6110  4110  2110  2110  3110  3110  2110  2110  1  0  0  0  0  0  0  0  0  0  0110  1110  1  0  0  0  0110  1110  2110  3110  3110  4
0602110  5110  5110  4110  4110  5110  5110  5110  6110  6110  6110  6110  5110  6110  6110  4110  4110  6110  8110  7110  7110  7110  7110  7110  8110  8110  8110  7110  6110  6110  8110  9110 10110 10110 11110  9110  7110  9110 11110 12110 11110 12110 15110 14110 12110 14110 13110 10110  9110  6110  5110  6110  6110  7110  8110 10110 13110 15110 14110 14110 14
0603110 12110 12110 13110 12110 12110 13110 13110 15110 16110 20110 19110 16110 18110 20110 18110 16110 13110 11110 10110 11110 11110  9110  9110  8110  8110  9110 10110  9110  8110  8110 10110 10110 10110  9110  8110  8110  9110 10110 11110 14110 16110 16110 18110 20110 17110 16110 17110 18110 21110 20110 19110 22110 22110 20110 22110 20110 18110 19110 20110 21
0604110 19110 18110 17110 18110 17110 15110 14110 11110 10110 10110 11110 13110 11110 11110 14110 14110 10110  7110  6110  6110  6110  6110 10110 16110 19110 16110 13110 13110 18110 22110 22110 19110 17110 16110 14110 14110 15110 16110 16110 16110 16110 16110 14110 12110 14110 14110 13110 13110 11110  9110  8110  9110 10110 12110 14110 14110 12110 14110 19110 21
0605110 20110 18110 16110 15110 17110 16110 13110 14110 15110 13//////110 13110 13110 13110 14110 15110 15110 14110 12110 10110  9110  9110  8110  9110 10110 11110 13110 14110 12110 11110  9110  9110 10110  9110  9110  9110  8110  6110  3110  3110  3110  2110  1  0  0  0  0  0  0  0  0  0  0  0  0  0  0  0  0110  3110  5110  6110  6110  4110  3110  2110  3110  3
0606110  1  0  0110  2110  4110  3110  3110  4110  4110  7110 10110 12110 12110 11110 10110 11110 12110 12110 11110 10110 11110 12110 12110 11110 13110 15110 15110 14110 15110 14110 13110 14110 15110 14110 13110 12110 12110 12110 12110 10110  9110  9110  9110 10110 11110 12110 13110 13110 12110 13110 13110 14110 15110 15110 14110 15110 16110 16110 16110 14110 15
0607110 15110 14110 14110 14110 14110 13110 13110 14110 14110 12110 12110 10110  9110  9110 10110 11110 10110  8110  8110  7110  7110  7110  8110  9110  9110  9110 10110 11110  9110  7110  7110  6110  5110  3110  1  0  0  0  0  0  0  0  0  0  0  0  0  0  0110  2110  4110  5110  5110  6110  6110  5110  6110  7110  8110  8110  8110  7110  7110  7110  7110  7110  6
0608110  7110  7110  7110  7110  7110  6110  6110  5110  4110  3110  3110  2  0  0  0  0  0  0  0  0  0  0  0  0110  1110  2110  3110  5110  6110  5110  5110  5110  4110  3110  3110  2110  1110  1110  1110  2  0  0  0  0  0  0  0  0  0  0  0  0  0  0  0  0  0  0  0  0  0  0  0  0  0  0  0  0  0  0  0  0  0  0  0  0  0  0  0  0  0  0110  1110  2110  2110  1110  2
0609110  2110  2110  3110  3110  3110  4110  4110  4110  4110  4110  3110  4110  7110  8110  7110  6110  5110  3110  3110  4110  5110  6110  5110  4110  1//////  0  0  0  0  0  0  0  0  0  0  0  0  0  0  0  0  0  0  0  0110  1  0  0  0  0  0  0110  1110  3110  3110  3110  4110  4110  4110  3110  2110  2110  6110  8110  7110  7110  7110  7110  6110  4110  2110  3
0610110  2110  2110  4110  5110  4110  3110  2110  3110  3110  3110  3110  3110  5110  5110  4110  4110  5110  4110  4110  5110  5110  6110  5110  5110  5110  4110  4110  3110  2110  2  0  0  0  0110  2110  4110  6110  6110  5110  4110  5110  5110  5110  6110  6109  5110  4109  4109  3109  2  0  0  0  0109  2109  4109  6109  9109  7109  4109  3109  3109  2109  3
0611109  3109  1109  2109  4109  4109  5109  7109  6109  5109  5109  3109  2109  2109  2109  2109  1  0  0  0  0  0  0  0  0  0  0  0  0  0  0  0  0  0  0  0  0109  2109  2109  2109  2109  2109  1  0  0109  1109  2109  2109  3109  2109  4109  9109 11109 10109 11109 10109  9109  9109  9109  9110  8110  6110  6110  6110  5110  4110  6110  8110  9110  7110  7110 10
0612110  9110  7110  8110  9110  8110  7110 10110 12110 11110  9110  9110 10110 12110 11110 10110  9110  8110  8110  7110  6110  5110  5110  5110  5110  4110  4109  4109  4109  3109  3109  2109  2109  4109  5109  5109  5109  5109  5109  4109  5109  4109  2109  2109  2109  3109  3109  3109  3109  3109  3109  3109  3109  3109  3109  2109  2109  3109  3109  3109  2
0613109  2109  1  0  0  0  0  0  0109  1109  2109  2109  3109  3109  3109  3109  4109  4109  4109  4109  3109  3109  4109  3109  3109  3109  3109  3109  3109  3109  3109  3109  4109  4109  1109  2109  2109  3109  4109  3109  3109  4109  4109  2//////109  2109  2109  3109  6109  9109 10109 10109 10109  9109  8109  7109  5109  5109  5109  4109  4109  3109  3109  2
0614109  2109  3109  3109  2109  3109  3109  3109  4109  4109  5109  4109  2109  5109  5109  4109  6109  7109  4109  2  0  0  0  0109  3109  3  0  0  0  0  0  0  0  0109  4108  7108  6108  5108  6108  6108  6108  6108  6108  6108  7108  7108  6108  5108  6108  5108  5108  6108  9108 11108 15108 15108 13108 12108 11108 11108 11108  9108  9108  9108  8108  8108  7
0615108  6108  8108  9108  8108  8108  8108  8108  6108  3108  3108  4108  4108  5108  7108  8108  9108  9108 13108 15108 12108 10108  8108  7108  9108 13108 16108 15108 10108 13108 16108 13108  9108  5108  4108  8108 11108 13108 16108 15108 12108 10108 11108 11108 10108  8108  3108  1108  2108  5108 12108 14108 14108 16108 14108 14108 15108 12108  7108  7108  9
0616108  6108  3108  3108  4108  6108  7108  8108  8108  7108  7108  7108  7108  5108  5108  7108  7108  4108  4108  4108  9108 12108  8108  6108  4108  3108  7108  9108  9108  9108 10108 12108 13108 13108 13108  9108  7108  7108  9108 10108  8108  5108  7108 13108 16108 16108 17108 15108 12109 11109 10109  8109  8109 10109 13109 15109 13109 12109 14109 13109 11
0617109 11109 11109 11109 10109 13109 16109 14109 11109 10109  9109  8109  9109 12109 12109 11109 10109  9109 12109 14109 13109 10109  7109  7109 10109 14109 14109 12109 10109  8109 10109 13109 15109 15109 13109 14109 19109 21109 29109 32109 26109 24109 22109 21109 21109 22109 22109 22109 20109 18109 20109 20109 23109 27109 28109 28//////109 20109 20109 24109 26
0618109 24109 24109 23109 20109 15109 17109 26109 27109 23109 21109 17109 17109 18109 17109 16109 16109 21109 21109 19109 21109 22109 20109 18109 19109 23109 27109 26109 24109 24109 21109 18109 18109 17109 20109 20109 15109 14109 15109 19109 20109 17109 18109 17109 18109 19109 19109 19109 19109 18109 16109 15109 16109 18109 18109 18109 17109 17109 18109 16109 14
0619109 15109 15109 14109 14109 15109 13109 15110 17110 17110 14110 13110 15110 17110 15110 14110 17110 21110 20110 16110 19110 21110 20110 19110 17110 18110 18110 16110 15110 14110 13110 13110 13110 13110 14110 16110 16110 13110 10110  9110  9110 10110 12110 14110 14110 12110 11110 12110 13110 13110 12110 12110 13110 12110 14110 15110 14110 14110 16110 18110 16
0620110 15110 18110 19110 15110 14110 14110 13110 15110 17110 16110 16110 19110 19110 18110 17110 17110 19110 18110 17110 20110 18110 17110 21110 18110 17110 22110 23110 17110 15110 16110 19110 21110 17110 15110 16110 16110 16110 15110 15110 16110 18110 16110 13110 13110 13110 11110 11110 14110 18110 19110 19110 18110 16110 17110 18110 16110 13110 11110 11110 11
0621110 14110 16110 16110 15110 13110 11110 12110 12110 10110  7110  6110  7110  8110 10110 12110 12110 11110  8110  7110  6110  7110  6110  6110  6110  7110  9110 11110 10110 10110 10110 13110 14110 13110 11110 10110 10110 10110 10110 12110 11110  9110 10110 10110  8110  8110  8110  9110 11110 11110  9110  8110  8110  8110  7110  7110  6110  6110  7110  9110 10
0622110 12110 14110 16110 15110 13110 13110 13110  9110  9110 11//////110 16110 13110 13110 14110 12110 14110 15110 15110 15110 12110 12110 12110 14110 18110 17110 16110 15110 18110 20110 17110 16110 17110 17110 16110 15110 11110 10110 10110 10110 14110 15110 15110 15110 14110 12110 10110  9110  8110  6110  6110  6110  6110  7110  8110  8110  7110  6110  5110  6
0623110  8110 10110 11110 11110 11110 10110 10110  9110  8110  7110  6110  5110  4110  5110  4110  2110  4110  6110  8110 12110 13110 12110 11110 13110 13110 11110 10110 11110 12110 11110 10110 11110 10110 13110 15110 12110  8110  8110  9110  8110 10110 11110  8110  6110  5110  5110  3110  2110  3110  6110  8110  7110  5110  5110  8110  9110  9110  7110  5110  6
0700110  6110  6110  7110  8110  8110  7110  7110  9110 10110 10110 11110  9110  8110  8110  8110  8110  6110  5110  5110  6110  8110 11110 12110 11110 11110  9110  7110  7110  5110  5110  6110  9110 11110 11110 14110 13110 13110 14110 13110 11110 10110  9110  9110 10110 10110  8110  6110  4110  6110  7110  7110  8110  8110  9110  9110 10110 14110 16110 12110 10
0701110 11110 11110 10110  9110  9110 11110 10110 10110  9110  6110  7110 10110 11110  7110  7110 10110 10110 12110 14110 12110 13110 14110 15110 14110 13110 14110 15110 14110 11110 13110 16110 14110 11110 10110  9110 10110 13110 14110 11110 11110 14110 15110 16110 15110 11110 12110 10110  9110  9110  9110  9110 10110 12110  8110  7110  9110  8110  9110 13110 13
0702110 11110 10110 10110  8110  9110 12110 13110 13110 12110  9110 11110 13110 10110  9110 12110 11110 10110 11110  9110 11110 11110  8110  7110  8110  7110  6110  7110  6110  5110  8110 11110 11110  9110  9110 11110 11110 10110  8110  7110  6110  5110  5110  6110  6110  4110  3110  3110  2110  2110  2  0  0110  1110  3110  5110  5110  5110  5110  7110  7110  8
0703110 10110 13110 12110  9110  5110  4110  4110  4110  5110  4110  4110  4110  6110  9110  8110  6110  5110  5110  5110  6110  5110  5110  6110  6110  5110  8110  8110  7110  6110  3110  2110  4110  6110  7110  7110  8110  9110 10110  9110  9110 12110 14110 13110 12110  9110 11110 12110 12110 13110 10110  7110  5110  7110 11110 13110 13110 13110 13110 13110 14
0704110 13110 12110 11110  9110  9110  9110  8110  7110  6110  6110  7110 10110 11110 11110 13110 15110 14110 12110 13110 13110 12110 10110 10110 11110 10110 11110 11110 11110 11110 11110 14110 13110 11110 11110 12110 14110 15110 16110 18110 18110 16110 15110 16110 15110 12110 12110 13110 13110 11110 11110 12110 10110  9110 10110 10110 11110 12110 12110 10110  8
0705110  8110  7110  5110  3110  3110  3110  4110  7111  6111  5111  6111  5111  4111  3111  1  0  0111  2111  4111  4111  2111  2  0  0  0  0  0  0  0  0  0  0111  3111  4111  3111  2111  3111  3111  2111  2111  4111  6111  7111  6111  6111  9111 11111 12111 13111 14111 14111 14111 15111 14111 12111 11111 11111 11111 10111  9111  8111  7111  7111  7111  8111  8
0706111  9111  9111 11111 13111 13111 12111 11111 11111 11111 10111  9111 10111  9111  9111  9111 10111  9111 11111 13111 11111 10111  9111 11111 12111 10111 10111 12111 11111 11111 11111  9111  9111  9111  8111  7111  6111  6111  6111  6111  6111  6111  7111  8111  8111  9111  9111  9111  9111  9111 10111 10111  9111  9111  9111 10111 10111 10111 10111 11111  9
0707111 10111 10111  9111  8111  6111  6111  6111  7111  7111  7111  6111  6111  6111  6111  7111  8111 10111 13111 13111 12111 14111 15111 15111 16111 16111 17111 17111 12111 11111 10111 11111 12111 11111 11111 12111 13111 15111 17111 16111 15111 14111 14111 15111 16111 16111 14111 11111  8111  9111 11111 11111  9111  8111  8111  8111 10111 11111 11111 11111 12
0708111 11111 11111 11111 11111  9111 10111 12111 11111 10111 11111 11111 10111  8111  7111  7111  8111  7111  5111  3111  4111  6111  8111  8111  7111  7111  7111  8111  8111  6111  5111  4111  4111  5111  7111  7111  9111 11111 10111  6110  3110  1  0  0  0  0  0  0  0  0  0  0  0  0  0  0  0  0  0  0  0  0  0  0  0  0110  2110  4110  4110  4110  6110  6110  4
0709110  3110  4110  6110  7110  6110  7110  7110  6110  5110  7110  7110  7110  6110  4110  4110  6110  7110  6110  6110  7110  7110  6110  6110  4110  3110  4110  4110  4110  5110  6110  8110 11110 12110 12110 12110 12110 12110 10110  8110  8110  7110  6110  6110  6110  6110  6110  7110  7110  6110  5110  5110  4110  2  0  0110  1110  2110  3110  4110  4110  4
0710110  2110  1110  1110  2110  2  0  0  0  0110  2110  3110  3110  3110  3110  3110  4110  4110  3110  3110  2110  1  0  0  0  0  0  0  0  0110  1110  4110  4110  3110  5110  9110 11110 11110 11110  9110  8110  9110  9110  8110  8110  9110  8110  8110 10110 10110 10110 10110  7110  7110 11110 12110 10110 10110 12110 10110  9110  9110 10110 10110  7110  6110  6
0711110  6110  7110 10110  8110  6110  9110 10110  9110  8110  7110 10110 11110 11110  9110  7110  8110  6110  5110  7110  8110  8110  9110  9109 10109 11109  8109  6109  5109  2109  2109  5109 10109 12109 13109 16109 16109 13109 11109  9109  9109  9109  9109  7109  7109  6109  5109  7109 10109 12109 13109 12109 12109 14109 14109 13109 11109 11109 12109 15109 15
0712109 12109 11109 10109 12109 10109 11109 13109 11109 11109 13109 11109  8109  8109  7109  5109  6109 10109 12109 12109 13109 14109 13109 10109  8109  7109  6109  7109  5109  5109  5109  5109 10109 13109 13109 10109  7109  5108  9108 12108 14108 13108  9108  8108  9108  6108  7108 12108 14108 11108  8108 10108 15108 17108 14108 13108 14108 11108  7108  4108  4
0713108  3108  7108 13108 11108 11108 13108 13108 16108 21108 19108 14108  9108  7108  6108  5108  6108  8108  6108  4108  6108 11108 16108 22108 24108 19108 16108 14108 11108 10108  6108  3108  2108  2108  3108 10108 14108 10108  9108  9108  8108  9108 15108 19108 17108 19108 23108 21108 18108 17108 17108 14108  9108  6108  5108  6108  5108  5108  7108 11108 14
0714108 17108 17108 20108 23108 21108 16108 19108 21108 22108 25108 23108 22108 18108 12108  9108  8108 11108 14108 16108 12108  8108 10108 13108 10108  6108  5108  4108  2108  2108  4108  8108 15108 20108 21108 19108 16108 15108 15108 12108 12108 19108 20108 15108 16108 20108 18108 15108  9108  3108  3108  7108 10108 11108 11108  7108  8108 12108 11108 11108  9
0715108  9108  9108 15108 22108 16108 10108  7108  7108  9108  9108  9108  7108  6108 11108 11108  7108  7108 15108 23108 21108 18108 16108 16108 19108 20108 18108 18108 15108 10108  7108  7108 14108 23108 24108 18108 14108 13108 14108 12108  7108 12108 18108 19108 17108 16108 19108 17108 11108 11108 12108 17108 21108 19108 15108 11108  9108  7108  8108 12108 15
0716108 15108 14108 15108 16108 17108 17108 15108 15108 15108 14108 12108  9108  8108  8108 10108 12108 13108 12108 13108 14108 15108 16108 14108 12108 10108  8108 10108 12108 11108 11108 12108 11108  8108 10108 13108 17108 15108 12108 15108 14108 13108 12108 10108 15108 19108 16108 12108 12108 10108 14108 20108 21108 20108 16108 15108 15108 16108 16108 16108 15
0717108 18108 20108 21108 21108 22108 23108 18108 18108 18108 16108 17108 17108 21108 26108 27108 24108 20108 20108 17108 16108 17108 18108 18108 12108  8108  8109  9109 13109 13109 14109 19109 22109 22109 20109 17109 17109 16109 15109 13108 11108 15108 17108 13108 12108 13108 13108 14108 14108 17108 20108 18108 14108 14108 16108 15108 15108 14108 12108 12108 10
0718108 10108 12108  8108  6108 13108 16108 14108 13108 12108  8108  6108  5109  4109 11109 17108 15109 16109 18109 18109 20109 20109 19108 14109 13109 14109 13109 16109 19109 20109 20109 23109 25109 23109 22109 21109 18109 17109 19109 20109 21109 23109 24109 26109 26109 24109 18109 17109 19109 18109 16109 15109 15109 16109 17109 21109 21109 20109 19109 18109 16
0719109 14109 13109 14109 14109 14109 12109 11109 11109 11109 11109 10109 10109 11109 11109  8109  7109  9109 15109 18109 13109 11109 11109  8109  8109 10109 10109 10109 11109 10109 10109 11109  9109  8109  8109 10109 14109 14109 11109 12109 13109 13109 16109 15109 12109 11109 11109 11109 13109 14109 13109 11109 13109 16109 13109 11109 10109  9109 10109 13109 14
0720109 15109 13109 10109 10109 11109 10109 10109 12109 17109 20109 19109 19109 18109 21109 24109 23109 23109 22109 17109 15109 19109 20109 18109 20109 20109 18109 15109 14109 15109 15109 14109 17109 19109 20109 22109 20109 19109 18109 18109 18109 19109 19109 15109 12109 13109 14109 15109 16109 15109 15109 16109 15109 16109 18109 16109 13109 12109 12109 10109  9
0721109 10109 11109 10109 11109 12109 10109  9109 11109 10109  9109 11109 12109 10109  9109  8109  6109  5109  8109 10109 10109 10110 11110 12110 11110 12110 12110 11110 10110  9110 10110 11110 11109 11110 11110 11110 10110 10110 11110 11110 11110 11110 10110 10110  9110  9110 10110 10110  9110 10110 12110 11110 11110 13110 13110 11110  8110  8110  8110  7110  7
0722110  8110  8110  9110 10110 11110 11110 11110 10110  9110  8110  6110  5110  4110  2  0  0110  1110  2110  2110  2  0  0  0  0  0  0  0  0  0  0110  1110  3110  2110  2110  3110  4110  4110  5110  6110  6110  7110  7110  6110  6110  7110  9110  9110  9110  9110  9110  9110  8110  8110  8110  7110  6110  7110  7110  8110  7110  6110  5110  6110  6110  6110  7
0723110  9110  9110  8110  7110  6110  6110  6110  7110  9110  9110  9110  9110  9110 10110 10110 11110 12110 13110 13110 14110 14110 15110 15110 15110 16110 16110 16110 16110 15110 13110 11110 11110 11110  9110  8110  8110  8110  9110 11110 12110 12110 11110 10110  9110  8110  7110  8110  9110  9110  9110 10110 11110 10110  9110  9110 11110 12110 13110 14110 15
0800110 14110 14110 15110 15110 15110 15110 16110 16110 17110 18110 18110 18110 17110 17110 17110 17110 19110 18110 16110 16110 16110 16110 14110 13110 13110 12110 14110 16110 17110 16110 14110 11110 10110 11110 13110 14110 13110 10110  9110 10110 11110 12110 12110 14110 15110 15110 14110 15110 18110 17110 16110 15110 14110 16110 15110 16110 17110 14110 14110 15
0801110 14110 14110 14110 14110 14110 14110 14110 14110 12110 12110 12110 12110 11110 11110  9110  8110 10110 10110 10110  8110  9110 11110 11110 10110  8110  7110  8110  8110  7110  7110  7110  7110  7110  6110  6110  8110  9110 10110 10110  9110 10110 11110 11110 10110 11110 13110 13110 12110 11110  9110  8110  8110  8110  8110  7110  8110  9110  8110  7110  8
0802110  6110  3110  3110  5110  5110  5110  4110  4110  3110  4110  4110  5110  4110  3110  2110  3110  4110  4110  3110  4110  5110  6110  7110  7110  5110  3110  3110  4110  4110  3110  3110  4110  3110  4110  4110  4110  4110  4110  5110  5110  5110  4110  4110  4110  4110  6110  8110  8110  9110  9110  8110  8110  8110  9110  9110  8110  7110  7110  6110  5
0803110  4110  4110  4110  4110  5110  7110  7110  7110  8110 10110 10110  9110  9110  8110  8110  8110  7110  7110  8110  8110  7110  7110  6110  7110  7110  8110  7110  6110  6110  6110  8110  8110  6110  6110  7110  9110  7110  6110  6110  7110  7110  8110  8110  8110  8110  7110  7110  6110  8110 10110 11110  8110  6110  6110  6110  4110  5110  5110  2  0  0
0804  0  0  0  0  0  0110  3110  5110  4110  3110  3110  5110  7110  6110  7110  7110  7110  9110  9110  9110 11110 10110  8110  7110  9110  8110  8110 10110 11110  9110  7110  7110  7110  7110  9110 12110 11110 10110 10110  7110  7110  7110  7110  6110  5110  5110  5110  5110  6110  7110  7110  7110  6110  5110  6110  5110  6110  6110  6110  5110  4110  5110  5
0805110  4110  4110  4110  4110  4110  4110  3110  3110  3110  3110  3110  2110  2110  2110  3110  4110  4110  5110  5110  5110  4110  4110  3110  2  0  0  0  0  0  0  0  0  0  0  0  0  0  0  0  0110  1110  2110  3110  3110  3110  3110  3110  2  0  0  0  0  0  0110  1110  3110  4110  5110  6110  6110  6110  6110  6110  6110  5110  5110  4110  5110  5110  5110  5
0806110  5110  6110  6110  6110  6110  5110  5110  5110  4110  4110  4110  5110  6110  7110  7110  8110  8110  9110 10110 10110  9110  9110  9110  8110  8110  8110  8110  9110  8110  8110  9110  9110  8110  7110  6110  4110  4110  4110  4110  4110  3110  3110  3110  2110  1  0  0110  2110  3110  3110  3110  4110  3110  4110  4110  4110  3110  2110  2110  2110  2
0807110  2110  3110  3110  2110  2110  2110  2  0  0  0  0  0  0  0  0  0  0110  2110  4110  7110  7110  5110  4110  4110  5110  5110  6110  7110  7110  7110  6110  6110  6110  5110  4110  2110  2110  2110  2110  1110  1110  1  0  0110  1110  3110  3110  3110  3110  4110  5110  4110  4110  5110  6110  7110  6110  6110  7110  7110  6110  7110  7110  7110  6110  5
0808110  4110  5110  6110  6110  7110  7110  5110  4110  4110  3110  3110  2110  1110  2110  2110  2110  2110  2110  1110  2110  3110  4110  4110  4110  3110  2110  1  0  0  0  0  0  0110  2110  3110  4110  3110  2110  2110  3110  4110  5110  7110  9110 10110 10110 10110 11110 11110 10110 10110 11110 10110  9110  8110  8110  7110  9110  9110  8110  8110  9110  9
0809110  8110  9110  8110  8110 11110 14110 14110 14110 12110 10110 10110 10110  9110  8110  6110  8110 10110 10110 10110 10110  9110  8110  7110  6110  8110  9110  9110  9110 11110 11110 10110  8110  7110  8110  8110  6110  5110  5110  5110  7110  8110  8110  7110  6110  5110  7110  8110  9110  9110  9110  9110  9110  9110  9110  9110  8110  6110  5110  5110  6
0810110  7110  7110  8110  9110  9110  9110 10110  8110  6110  6110  7110  8110  8110  7110  6110  7110  7110  7110  7110  9110 10110 11110 11110 10110 11110 11110 10110  8110  7110  9110 12110 13110 11110 10110 10110  8110  6110  6110  7110  7110  8110  7110  6110  7110  6110  5109  6109  6110  7110  8109 10109 11109 10109 10109 12109 11109  8109  6109  7109  8
0811109  8109  8109  8109  9109  9109 10109 10109 10109  9109  8109  7109  7109  7109  9109  9109  9109  8109  8109  7109  9109 12109 13109 12109 11109 11109 11109 10//////109  7109  6109  5109  5109  5109  6109  8109  9109  9109 12109 13109 13109 11109  9109  7109  6109  6109  8109  9109  9109  8109  6109  3  0  0  0  0109  3109  3109  4109  5109  3109  3109  6
0812109  8109  7109  6109  5109  3109  2  0  0  0  0  0  0109  1109  2109  3109  8109 12109 10109  9109  9109  8109 11109 14109 13109 12109  9109  8109  8109  8109  6109  4109  3109  4109  4109  3109  3109  3109  3109  4109  6109  6109  4109  6109  9109 10109  9109  8109  8109  7109  6109  8109  5  0  0109  2109  4109  3109  2109  3109  6109  9109  9109  7109  7
0813109  6109 10109 14109 13109 14109 12109  8109  4109  2109  3109  4109  5109  5108  7108 11108 13108 11108 10108  9108  9108  8108  9108 13108 13108 10108 10108 10108  9108 10108 11108  6108  2108  2108  7108  8108  6108  7108  8108 10108  7108  6108  8108  9108  9108  9108  7108  3108  3108  6108  9108  6108  4108  2108  4108 12108 14108 13108 13108 13108 15
0814108 15108 15108 14108 15108 14108 11108 14108 17108 14108  9108  8108  9108 10108 12108 14108 13108 12108  9108  3108  5108  7108  8108 11108  9108  6108  5108  6108 11108 17108 18108 14108 11108 11108 15108 15108 15108 20108 22108 19108 17109 15109 15109 14109 11109  9109  7109  6109  6109 11109 16109 16109 14109 12109 11109 12109 12109 10109  9109  7109  6
0815109  7109  9109 10109  8109  7109 10108 14108 13109 11109 10108 11108 14108 14108 14108 13109 12109  9109  6108  7108  8109  7109  5109  3109  4109  5109  4108  7108 15108 15108 11108 11108 11108 10109  7109  5109  5109  6109  4109  4109  4109  3109  4//////109 11109 11109 11109 13109 11109  9109 10109 12109 11109 10109  9109  8109  8109  9109  8109  6109  5
0816109  7109  8109  7109  8109  8109  7109  8109  9109 11109 12109 11109 10109  8109  7109  5109  4109  5109  7109  7109 10109 12109 11109 12109 11109 10109 10109  8109  9109 11109 12109 13109 14109 15109 14109 16109 14109  9109  8109  9109 13109 15109 10109 11109 17109 18109 14109 11109 13109 16109 17109 18109 18109 20109 18109 16109 13109 14109 15109 17109 20
0817109 18109 13109  9109 12109 15109 15109 17109 14109 12109  9109  8109 12109 13109 11109 14109 20109 17109 11109  9109 10109  9109  8109  8109  8109 12109 14109 10109  6109  5109  6109  8109  9109 12109 16109 16109 12109 14109 14109 14109 14109 12109 13109 13109 11109 13109 15109 16109 16109 12109  9109  8109  8109 11109 11109  9109 10109 11109 10109  9109  8
0818109  7109  5109  4109  8109 10109 11109 10109  7109  8109 11109 12109 11109 11109 10109 10109 10109  8109  5109  7109 11109 12109  9109 12109 14109 13109 11109  9109 10109 10109  8109  5109  5109  7109  8109 10109 13109 13109 14109 14109 14109 13109 13109 12109 13109 11109 12109 13109 11109  9109  7109  6109  6109  8109  8109  6109  5109  6109  7109  7109  7
0819109  9109  9109  9109 10109 10109 11109 13109 12109 13109 12109 11109 11109 10109 10109 11109 10109 10109 12109 12109 10109 12109 13109  9109  9109 11109 10109  8109  8109  9109  9109  8109  7109  7109  9109  9109  8109 10109 12109  9109  9109  9109  9109  8109  8109  8109  8109  7109  7109  7109  8109  9109  9109  8109  8109  8109  7109  8//////109  8109  8
0820109  8109  8109  7109  6109  5109  5109  6109  7109  7109  6109  6109  8109 10109 10109  9109  8109  8109  8109  8109  9109  9109  9109  9109  9109 10109 10109  9109 10109 10109  9109  8109  8109 12109 12109 11109 11109  9109 10109 11109 11109 10109  8109  9109  8109  7109  8109  8109  7109  7109  9109  9109  8109  9109 10109 10109  9109  9109 10109 10109 10
0821109  9109 10109 11109 10109  9109  9109  9109 10109 11109 10109 11109 10109  6109  5109  6109  6109  9109  9109  8109  8109  7109  7109  8109  8109  9109 11109 10109 10109 12109 12109 11109 11109 12109 13109 12109  9109 10109  9109  7109  8109  8109  8109  8109  6109  7109  6109  4109  5109  8109  9109  8109  7109  7109  6109  6109  6109  6109  6109  5109  6
0822109  7109  6109  5109  6109 12109 12109 10109 12109 10109  9109  9109 10109 11109 13109 18109 20109 19109 20109 18109 14109 15109 16109 13109 12109 15109 15109 15109 15109 12109 12109 13109  9109  7109  6109 11109 17109 17109 16109 14109 14109 15109 14109 14109 12109 18109 19109 17109 20109 17109 17109 17109 15109 12109  9109 12109 13109 15109 17109 13109  8
0823109 10109 11109 10109 11109 11109 10109  8109  8109  9109 10109  9109  7109  6109  5109  4109  4109  4109  4109  5109  5110  4110  4109  6109  8109  9109  8109  5109  5109  5109  5109  7109  7109  5110  3110  5110  6109  5109  5109  7110  5110  5110  8110  9110  6110  9110 11110  9110 11109 12110 11110 11110 12110 11110 10110  7110  6110  7110  6110  7110  7
0900110  5110  5110  9110 10110  9110  6110  5110  6110  6110  5110  6110  6//////110  5110  5110  6110  8110  8110  9110  9110  7110  8110  9110  7110  6110  7110  7110  6110  6110  5110  6110  8110  9110  9110  8110  6110  6110  6110  7110  7110  6110  6110  7110  7110  8110  9110  7110  8110 10110 11110 11110 10110 11110 14110 13110  9110  6110  5110  5110  5
0901110  8110  8110  4110  3110  4110  9110  9110  6110  4110  4110  4110  6110  8110 10110 11110  8110  8110  9110  6110  4110  3110  3110  3110  2110  3110  5110  5110  4110  4110  4110  4110  4110  4110  3110  3110  1110  1110  2110  2110  3110  3110  3110  4110  5110  6110  6110  6110  5110  5110  4110  5110  4110  4110  5110  5110  5110  5110  5110  5110  5
0902110  4110  4110  4110  3110  3110  3110  2110  1  0  0  0  0  0  0  0  0110  2110  2110  2110  2  0  0  0  0  0  0  0  0  0  0  0  0  0  0110  1110  2110  2110  2110  1  0  0  0  0  0  0  0  0  0  0  0  0  0  0  0  0  0  0110  1110  1110  2110  3110  4110  5110  5110  5110  5110  4110  4110  5110  5110  5110  6110  7110  7110  6110  5110  4110  3110  3110  3
0903110  3110  4110  4110  4110  4110  3110  2110  1110  2110  3110  3110  3110  3110  3110  3110  3110  3110  4110  4110  5110  5110  5110  4110  5110  5110  4110  3110  3110  3110  2  0  0  0  0110  1110  2110  2110  2110  3110  4110  4110  4110  4110  3110  2110  1110  2110  2110  2110  2110  3110  3110  3110  3110  4110  4110  2110  3110  4110  4110  2110  1
0904110  1110  2110  4110  4110  4110  4110  5110  5110  4110  5110  6110  5110  3110  4110  6110  7110  7110  6110  5110  4110  3110  3110  4110  4110  4110  6110  8110  8110  6110  6110  6110  5110  4110  4110  3110  2110  2110  3110  3110  2110  1  0  0  0  0  0  0  0  0  0  0  0  0  0  0  0  0  0  0110  2110  2110  2110  2110  3110  3110  4110  4110  4110  4
0905110  3110  3110  4110  4110  3110  3110  3110  3110  2110  2110  3110  3110  4110  4110  5110  5110  5110  6110  7110  8110  8110  6110  5110  7110  7110  5110  5110  4110  5110  5110  6110  7110  6110  5110  5110  7110  7110  5110  4110  5110  5110  6110  5110  4110  2110  3110  5110  5110  7110  8110  7110  6110  6110  8110  7110  7110  6110  5110  5110  5
0906110  6110  6110  5110  4110  4110  5110  4110  5110  5110  6110  6110  8110  8110  7110  6110  6110  5110  4110  4110  5110  5110  5110  5110  6110  5110  5110  4110  4110  5110  5110  5110  6110  5110  3110  2  0  0  0  0110  1110  1  0  0  0  0110  2110  3110  4110  4110  5110  7110  7110  7110  7110  6110  5110  5110  6110  5110  4110  4110  4110  5110  5
0907110  4110  4110  4110  4110  4110  5110  6110  5110  4110  3110  4110  3110  3110  3110  2110  3110  4110  4110  3110  3110  4110  3110  2110  3110  3110  4110  4110  3110  3110  3110  3110  2110  3110  3110  5110  6110  7110  6110  8110  9110  8110  7110  8110  7110  7110  6110  5110  4110  4110  5110  9110  8110  7110  7110  5110  5110  5110  5110  5110  6
0908110  8110 10110 11110  9110  7110  7110  6110  6110  8110  9110  8110  8110  7110  6110  7110  9110  9110  7110  7110  8110  8110  8110  7110  5110  4110  5110  6110  7110  8110  7110  8110  7110  5110  7110  8110  7110  8110  9110  7110  5110  4110  3110  3110  4110  6110  7110  7110  7110  7110  8110  7110  5110  4110  6110  8110  8110  7110  6110  5110  5
0909110  6110  6110  4110  6110  7110  7110  5110  3110  2110  5110  6110  6110  6110  7110  5110  7110 10110 11110 10110  9110  7110  7110  9110  8110  7110  6110  6110  5110  5110  6110  6110  6110  7110  5110  4110  5110  7110  8110  6110  4110  4110  4110  4110  5110  6110  6110  4110  4110  5110  5110  6110  6110  4110  4110  6110  6110  6110  7110  6110  5
0910110  4110  4110  4110  3110  3110  4110  4110  4110  6110  5110  4110  5110  2  0  0  0  0110  3110  5110  6110  5110  4110  5110  6110  7110  6110  6110  6110  4110  3110  3110  3110  3110  2110  3110  8110 11110  8110  5110  5109  7109  9109 11109  9109  6109  7109  8109  9109  8109  5109  3109  3109  7109  9109  8109  7109  7109  8109  9109  9109  9109  8
0911109  6109  5109  6109  8109  8109  7109  6109  6109  6109  5109  5109  6109  6109  5109  5109  6109  6109  7109  6109  5109  6109  6109  4109  3109  3109  4109  5109  4109  4109  3109  2109  1  0  0  0  0109  3109  4109  4109  4109  3109  2109  2109  1  0  0  0  0  0  0109  1109  3109  5109  5109  5109  5109  5109  5109  4109  3109  3109  4109  3109  2  0  0
0912  0  0109  2109  4109  6109  8109  7109  5109  4109  5109  5109  5109  5109  5109  5109  4109  3109  4109  3109  2109  2109  1109  4109  6109  7109  6109  6109  6109  6109  6109  6109  5109  3109  2109  2109  3109  4109  6109  8109  8109  7109  5109  5109  7109  6109  5109  8109  9109  6109  4109  4109  5109  7109  9109  9109  8109  8109  9109  8109  7109  7
0913109  5109  6109  7109  5109  5109  6109  3109  2109  5109  9109 11109  9109  6109  7109  8109 10109 11109 12109 14109 14109 12109 14109 16109 15109 11109 10109 10109 10109 10109  9109  8109  8109  8109  5109  3109  3109  8109 11109  5109  4109 10109 11109  9109 10109 12109 11109  9109  7109  8109 13109 14109 13109 14109 12109 12109 13109 11109  8109  9109 10
0914109 12109 11109  8109  6109  7109 12109 15109 13109 13109 13109 12109 12109 12109 10109  8109  7109  6109  7109  8109  6109  5109  9109 11109  9109  9109 10109 10109 10109  9109  6109  6109 11109 13109 10109  8109  9109 15109 18109 15109 12109 11109  8109  5109  5109  8109 13109 16109 16109 13109 12109 10109 12109 14109 14109 15109 14109 13109 14109 16109 14
0915109 11109  8109  7109  9109 11109  9109  8109 11109 15109 14109 12109 13109 14109 13109 11109  9109  9109  9109 13109 17109 16109 15109 16109 17109 22109 21109 18109 16109 13109 10109  9109 11109 11109 10109 12109 14109 12109  9109 11109 14109 18109 18109 12109 11109 16109 19109 19109 23109 23109 20109 22109 19109 16109 15109 14109 13109 11109 13109 12109 12
0916109 13109 12109 15109 20109 23109 22109 17109 14109 15109 15109 18109 18109 20109 20109 16109 17109 18109 17109 17109 19109 17109 15109 17109 21109 18109 13109 16109 20109 20109 18110 15110 17110 19110 16110 15110 15110 16110 14110 13110 13110 15110 14110 12110 13110 15110 12110 11110 16110 17110 15110 13110 11110 12110 13110 11110 12110 14110 12110 10110  8
0917110  8110 11110 11110 10110 10110 10110 10110 11110  9110  7110  5110  8110  9110 10110 11110 11110 11110 13110 12110  9110  9110  9110  9110  7110  5110  4110  4110  4110  3110  2110  6110  9110  7110  9110 11110 12110 14110 11110  8110  9110  8110  7110  9110  9110  7110  8110  6110  4110  6110  9110 12110 13110 13110 12110  8110  9110 11110 11110  9110  5
0918110  7110  9110  7110  9110 12110 13110 12110  9110 11110 10110 10110 12110 10110  9110  9110 11110 12110 10110 10110 12110 12110 13110 15110 14110 13110 15110 14110 11110  9110  8110  9110 10110  8110  8110 10110  9110  7110  7110  8110  7110  7110  9110 10110 12110 15110 15110 15110 13110 11110 10110  9110  9110 11110 11110  7110  7110  7110  7110  8110  9
0919110 11110  8110  7110  7110  8110  7110  4110  5110 11110 11110  7110  6110  6110  6110  5110  5110  6110  7110  8110  9110  8110  7110  6110  6110  7110  8110  8110  9110 11110 11110 11110 10110 11110 11110  9110 10110  9110  9110  8110  7110  6110  7110  8110  9110  8110  7110  7110  6110  5110  4110  4110  4110  7110  8110  8110  8110  8110  9110 11110 11
0920110 10110  8110  9110 10110  8110  8110  8110  6110  6110  6110  8110 10110 12110 15110 13110  9110  6110  5110  6110  9110 10110 10110 11110 11110 11110  9110  7110  7110  6110  7110  7110  6110  5110  3110  3110  2110  4110  5110  3110  2110  3110  4110  6110  5110  6110  7110  8110 11110 11110  8110  8110  8110  7110  5110  4110  2110  1110  1110  1110  1
0921110  2110  3110  3110  2110  2110  2  0  0  0  0  0  0  0  0  0  0  0  0  0  0  0  0  0  0  0  0  0  0110  2110  3110  3110  3110  2110  2  0  0  0  0110  1110  2110  3110  2110  2110  3110  4110  4110  5110  5110  5110  6110  6110  4110  4110  4110  3110  2110  2110  1110  3110  5110  4110  2110  1  0  0110  1110  2110  2110  2110  3110  4110  5110  5110  6
0922110  7110  8110 10110 11110  9110  5110  3110  3110  4110  2110  1110  2110  1  0  0  0  0  0  0  0  0  0  0  0  0  0  0  0  0  0  0  0  0110  1110  2110  2110  2110  2110  3110  3110  4110  4110  5110  5110  5110  4110  3110  3110  3110  3110  4110  4110  3110  2110  2110  2110  1110  2110  2110  2110  1  0  0  0  0  0  0  0  0  0  0110  1110  1110  1110  1
0923  0  0  0  0  0  0110  2110  2  0  0  0  0110  4110  6110  6110  4110  5110  6110  8110 11110  9110  7110  9110 10110  8110  7110  7110  7110  6110  5110  6110  7110  7110  6110  7110  5110  6110  6110  6110  5110  5110  5110  5110  4110  3110  3110  5110  5110  3110  4110  6110  7110  6110  6110  6110  4110  4110  5110  4110  4110  4110  3110  3110  7110  9
1000110  8110  8110  7110  7110  8110  7110  6110  7110  7110  7110  8110 10110  9110  7110  7110  9110 12110 13110 14110 14110 11110  9110  9110  9110  9110  8110  6110  6110  8110  9110  6110  3110  2110  2110  2  0  0  0  0  0  0  0  0110  2110  4110  5110  5110  3110  3110  3110  3110  3110  2110  1110  2110  2110  2110  1  0  0  0  0110  2110  2110  1  0  0
1001  0  0  0  0  0  0  0  0  0  0  0  0  0  0110  2110  2110  1  0  0  0  0  0  0  0  0  0  0  0  0  0  0110  2110  2110  3110  5110  6110  8110 10110 10110  9110  7110  7110  9110  7110  6110  8110 11110 10110  9110  7110  7110  9110  9110  7110 10110 14110 12110  9110  8110  6110  4110  7110  8110  6110  6110  5110  3110  4110  4110  5110  8110 10110 11110  9
1002110  7110  7110  6110  8110  9110  8110  6110  5110  7110  7110  7110 11110 11110  9110  8110  9110 10110 11110 12110 11110 11110 11110 11110 11110  9110 10110 11110 10110  9110  7110  7110  8110  7110  6110  4110  4110  5110  7110  7110  6110  5110  4110  5110  5110  5110  3110  1  0  0  0  0  0  0110  2110  3110  2110  2110  3110  4110  4110  4110  4110  4
1003110  4110  4110  6110  8110  6110  5110  6110  6110  7110  8110  7110  7110  6110  7110  7110  6110  6110  5110  5110  7110  9110  7110  7110  7110  5110  5110  7110  8110  8110  8110  9110  8110  9110 11110 11110 10110  9110  6110  4110  6110  8110  7110  5110  4110  4110  4110  5110  4110  3110  3110  4110  4110  4110  5110  5110  8110  9110  7110  5110  6
1004110  9110  6110  6110  6110  7110 10110  8110  7110 10110  9110  8110  9110 10110  9110  8110  7110  7110  7110  6110  6110  7110  8110  7110  3110  2110  3110  3110  3110  2110  2110  3110  5110  7110  5110  4110  4110  7110 10110  9110  7110  7110  8110  8110  7110  6110  5110  6110  6110  6110  6110  6110  9110 10110  8110  8110  8110  8110  7110  8110  6
1005110  4110  4110  3110  3110  4110  4110  4110  3110  4110  4110  3110  5110  7110  7110  8110  6110  3110  3110  5110  6110  8110  9110 10110  8110  7110  5110  4110  4110  6110  6110  6110  7110  8110 12110 13110 10110 11110 11110  9110  9110  9110  7110  6110  7110  7110  8110  8110  6110  6110  5110  5110  5110  6110  9110 10110  9110  9110  7110  7110  7
1006110  8110 10110 10110 11110  9110  6110  9110  9110  6110  5110  6110  9110  7110  5110  5110  5110  5110  9110 10110  9110  8110  8110  8110  9110 13110 11110  9110  8110  8110  8110  8110  7110  9110 12110  9110  7110  6110  6110  3110  2110  2110  5110  7110  7110  6110  5110  4110  2110  4110  5110  4110  5110  3110  2110  1110  2110  2  0  0  0  0110  4
1007110  8110  9110  9110  9110  9110  8110  8110  7110  7110  7110  7110  6110  6110  8110  8110  6110  5110  7110  7110  8110 10110  9110  8110  5110  5110  6110  7110  6110  5110  6110  5110  6110  8110 10110 11110  9110  9110 11110 12110 10110  9110  9110  9110  9110  9110  9110  7110  5110  6110  6110  4110  5110  6110  7110  7110  6110  6110  7110  8110  8
1008110  5110  4110  5110  4110  3110  4110  6110  6110  5110  8110 10110 10110  7110  6110  4110  4110  4110  4110  7110 10110 12110 11110  9110  7110  6110  6110  5110  5110  5110  5110  3110  3110  4110  5110  5110  5110  6110  6110  5110  6110  8110  7110  7110  8110 10110 11110 11110 10110 10110 12110 13110 15110 14110 11110 11110 10110 10110 10110  7110  7
1009110  8110 10110 14110 15110 14110 15110 17110 18110 18110 18110 14110  9110  9110 14110 19110 19110 17110 19110 21110 15110 10110 11110 20110 20110 11110  8110  9110  8110  8110  9110  7110  5110  6110 12110 16110 17110 18110 13110 10110 11110 10110  7110  6110  7110  9110  9110 11110 10110 10110 13110 16110 16110 12110 14110 16110 18110 20110 14110 10110 13
1010110 19110 18110 12110 10110 12110 15110 14110 10110 11110 13110 15110 16110 12110 10110 13110 15110 15110 14110 10110  9110 10110 11110  9110 12110 13110 11110 11110 14110 13110 14110 14110 15110 17110 12110  8110 14110 21110 18110 13110  8110  8110 10110 11110 10110 11110 16110 19110 19110 13110 11110 15110 16110 19110 21110 17110 16110 16110 16110 14110 11
1011110 12110 16110 17110 13110 13110 16110 16110 12110 11110 12110 12110 12110 14110 18110 19110 20110 21110 23110 25110 25110 20110 15110 15110 18110 21110 16110 14110 19110 19110 17110 20110 19110 14110 13110 14110 13110 11110 11110 16110 13110 12110 13110 13110 13110 11110 13110 17110 15110 13110 12110 11110 11110 13110 13110 11110  9110  8110  8110  8110 12
1012110 13110 12110 14110 15110 14110 17110 20110 18110 17110 14110 13110 13110 14110 15110 20110 19110 15110 15110 16110 20110 19110 15110 15110 17110 20110 19110 16110 26110 30110 21110 19110 17110 18110 17110 18110 19110 18110 19110 20110 21110 23110 23110 17110 16110 19110 17110 16110 20110 23110 17110 15110 24110 26110 19110 18110 17110 17110 20110 23110 20
1013110 21110 20110 23110 24110 19110 18110 19110 21110 20110 19110 19110 15110 16110 20110 22110 21110 19110 18110 15110 12110 12110 15110 19110 20110 17110 13110 12110 11110 13//////110  9110 12110 18110 14110 11110 10110 12110 15110 15110 14110 15110 13110 11110 13110 12110 10110 11110 15110 15110 11110 15110 16110 12110 10110 10110 11110 13110 13110 16110 19
1014110 18110 18110 19110 17110 13110 13110 14110 11110 15110 16110 13110 16110 15110  8110 11110 13110 11110 14110 17110 19110 21110 17110 11110  6110  6110 16110 24110 21110 18110 17110 13110 11110 15110 15110 12110 14110 22110 25110 26110 28110 30110 23110 14110 16110 18110 16110 17110 19110 21110 23110 23110 20110 20110 21110 16110 18110 23110 29110 29110 25
1015110 24110 20110 15110 17110 24110 23110 18110 19110 18110 12110 10110 13110 11110 14110 19110 14110 14110 12110  8110 10110 12110 15110 19110 18110 18110 20110 18110 15110 17110 13110 12110 14110 18110 22110 20110 19110 23110 24110 20110 15110 17110 22110 21110 19110 22110 19110 17110 20110 22110 20110 23110 24110 19110 17110 17110 14110 10110  7110  9110 11
1016110 11110 11110 15110 19110 15110 10110 11110 14110 15110 12110 15110 19110 18110 16110 14110 13110 12110 11110 16110 16110 12110 13110 13110 15110 14110 16110 21110 21110 23110 22110 19110 19110 16109 13110 18110 16110 11109 11109  8109  6109  8109  9109  6109  4109  6109  6109  3109  2109  5109  7109  7109  6109  4109  6109  8109  6109  4109  4109  4109  6
1017109  6109  7109  6109  3109  2109  3109  4109  4109  4109  5109  6109  6109  4109  3109  6109  8109  7109  9109 10109  8109  9109 10109 10109 11109 11109 11109  8109 10109 12109 13109 15109 13109 12109 14109 13109 13109 13109 13109 13109 13109 10109 10109 11109 10//////109 10109 10109 12109 14109 14109 11109 10109 14109 12109  8109 10109 12109 10109  9109  8
1018109  6109  6109  7109  7109  8109  8109 12109 15109 10109  6109 11109 13109  9109  7109 10109 11109  9109  9109 12109 13109 11109  9109  7109  6109  5109  8109  9109  7109  7109 10109  9109  5109  4109  5109  7109  8109  7109  7109  6109  5109  6109  8109  7109  5109  7109 10109 12109  9109  8109  7109  4109  1109  1109  2109  5109  8109  7109  4  0  0  0  0
1019109  1109  3109  5109  8109  7109  7109  8109 10109 13109 13109  9109  8109  7109  6109  7109  6109  6109  6109  7109  7109  6109  6109  8109  9109  5109  4109  4109  5109  4109  3109  2109  1  0  0  0  0  0  0110  1109  2109  3109  2109  2109  1109  2109  5109  7109  9109 10109 12109 13109 12109 12109 12109 10109  8109  8109  9109 11109 10109  8110  6110  5
1020110  5110  4110  5110  7110  8110  8110  8110  9110  8110  7110  8110  9110  7110  6110  6110  7110  9110 10110 10110 10110 10110  9110  8110  7110  6110  5110  4110  4110  6110  9110 11110 13110 14110 12110  8110  6110  8110  9110  8110  7110  4110  1  0  0  0  0  0  0110  1110  2110  3110  4110  3110  2110  1  0  0  0  0  0  0  0  0110  2110  3110  3110  3
1021110  3110  2  0  0  0  0110  5110 11110 12110 11110 15110 16110 14110 11110 11110 11110  9110 10110  9110  6110  5110  5110  5110  4110  3110  3110  2110  2110  3110  3110  5110  6110  7110  6110  5110  4110  5110  6110  6110  6110  7110  7110  6110  6110  7110  7110  7110  7110  6110  5110  6110  7110  7110  8110  7110  6110  5110  4110  3110  3110  2//////
1022110  3110  4110  5110  6110  7110  7110  7110  8110  9110 11110 14110 13110 11110 11110 12110 10110  9110  9110  8110  7110  5110  4110  4110  3110  5110  9110 12110 17110 18110 12110  9110  9110  9110  9110 12110 13110 13110 13110 13110 14110 14110 13110 13110 16110 17110 15110 12110 13110 14110 17110 19110 14110 13110 16110 15110 12110 11110 10110 10110  9
1023110  8110  7110  8110 10110 13110 14110 13110 13110 13110 16110 18110 15110 12110 12110 12110 13110 12110 13110 13110 12110 12110 10110  9110 10110  9110  7110  8110  6110  5110  4110  1110  1110  2  0  0  0  0  0  0  0  0  0  0110  1110  2110  3110  4110  4110  4110  4110  4110  4110  4110  4110  4110  3110  3110  2110  2110  2110  2110  2110  2110  2110  2
1100110  3110  2110  2110  3110  4110  5110  6110  6110  6110  5110  5110  6110  7110  7110  6110  5110  4110  5110  6110  7110  7110  7110  8110  7110  7110  7110  7110  8110  7110  6110  5110  5110  5110  6110  7110  7110  6110  6110 10110 11110 11110 10110 10110 10110 10110  9110  9110  9110  9110  8110 11110 12110 12110 10110  8110  7110  5110  4110  4110  5
1101110  7110  7110  8110  7110  4110  3110  2110  4110  5110  5110  5110  5110  5110  7110  8110  7110  6110  6110  6110  6110  6110  4110  4110  6110  6110  5110  4110  4110  5110  5110  4110  4110  6110  7110  7110  6110  6110  6110  5110  6110  6110  6110  6110  6110  6110  5110  4110  4110  3110  3110  4110  4110  4110  4110  4110  5110  4110  4110  3110  3
1102110  3110  4110  5110  5110  4110  4110  4110  4110  3110  4110  6110  7110  8110  9//////110 10110 12110 11110 10110  9110  9110  8110  8110  9110 10110  9110  9110  8110  8110  9110 10110 10110  9110  8110  7110  8110  8110  8110  8110  9110  9110  9110 10110 10110 10110  9110  7110  7110  6110  6110  8110  7110  5110  6110  7110  6110  4110  8110 11110  9
1103110  7110  4110  4110  6110  4110  4110  4110  4110  3110  3110  3110  3110  4110  5110  5110  6110  6110  6110  5110  4110  5110  6110  6110  6110  4110  3110  1  0  0  0  0  0  0  0  0  0  0  0  0110  1110  3110  5110  4110  3110  3110  3110  3110  3110  3110  1  0  0  0  0  0  0  0  0  0  0  0  0  0  0  0  0  0  0  0  0  0  0  0  0  0  0  0  0  0  0  0  0
1104  0  0  0  0  0  0  0  0  0  0  0  0  0  0  0  0  0  0  0  0  0  0  0  0  0  0  0  0  0  0  0  0  0  0  0  0  0  0  0  0  0  0  0  0  0  0  0  0  0  0  0  0110  1110  3110  4110  4110  4110  5110  6110  7110  7110  7110  7110  5110  3110  3110  3110  2  0  0  0  0  0  0  0  0  0  0  0  0110  1110  3110  3110  5110  7110  6110  6110  6110  6110  6110  5110  5
1105110  5110  4110  4110  3110  5110  6110  5110  7110  8110  8110  7110  5110  3110  3110  3110  2110  3110  6110  6110  5110  4110  3110  3110  3110  2110  1  0  0  0  0  0  0  0  0  0  0  0  0  0  0  0  0  0  0  0  0  0  0  0  0  0  0  0  0  0  0  0  0  0  0  0  0  0  0  0  0  0  0  0  0  0  0  0  0  0  0  0  0  0  0  0  0  0  0110  2110  3110  3110  3110  3
1106110  4110  3110  3110  4110  4110  4110  5110  6110  4110  3110  3110  3110  2110  2110  3110  5110  5110  5110  4110  4110  6110  8110  9110  8110  7110  8110  7110  7110  9//////110 13110 12110 11110 12110 12110 10110 10110 11110 12110 11110 10110 10110  9110  9110 11110 10110 10110 11110 10110 11110 13110 12110 10110  8110  7110  9110  8110  8110  8110  8
1107110  7110  5110  3110  3110  4110  5110  5110  4110  2110  1110  1110  2110  4110  5110  5110  5110  4110  4110  2110  2110  2110  2110  1  0  0  0  0  0  0  0  0110  2110  2110  1  0  0  0  0  0  0  0  0  0  0  0  0  0  0  0  0  0  0  0  0  0  0  0  0  0  0  0  0  0  0  0  0  0  0  0  0110  2110  2110  2110  2110  3110  4110  4110  4110  4110  5110  5110  6
1108110  5110  5110  6110  6110  7110  7110  7110  6110  6110  5110  4110  3110  2  0  0  0  0110  1110  2110  1110  1110  2110  2110  2110  1  0  0110  1110  3110  3110  4110  4110  4110  4110  4110  4110  4110  2110  1  0  0  0  0  0  0  0  0  0  0  0  0  0  0  0  0  0  0110  1110  3110  4110  6110  6110  7110  7110  7110  7110  7110  6110  6110  7110  7110  7
1109110  6110  6110  6110  7110  8110  8110  7110  8110  7110  5110  6110  7110  6110  6110  6110  6110  6110  7110  8110  8110  9110  9110  8110  9110  9110  8110  8110  8110  7110  6110  6110  6110  8110 10110  9110  8110  9110 10110  9110  6110  4110  5110  6110  7110  8110  8110 10110 11110  9110  7110  6110  5110  5110  8110 10110 10110 12110 14110 13110 13
1110110 11110  8110  5110  4110  6110  8110  6110  5110  6110  7110  6110  6110  8110  5110  3110  6110  9110 11110 14110 13110 10110  8110  5110  6110  9110  9110  8110  7110  5110  3110  6110  6110  4110  2  0  0110  2110  6109  8109  8109  7109  6109  7109  7109  5109  3109  1109  3109  6109  6109  5109  2109  6109 11109 10109 10109  8109  6109  8109  8109  8
1111109  8109 10109 13109 16109 19109 15109 12109 13109 12109 14109 14109 12109 13109 15109 15109 14109 11109 11109 13109 17109 17109 13109 15109 15109 15109 16109 16109 12109  9109 10109 13109 15109 15109 19109 20109 22109 26109 24109 21109 19109 20109 20109 16109 17109 21109 17109 20109 26109 23109 21109 18109 18109 19109 18109 18109 19109 18109 16109 17109 19
1112109 27109 31109 26109 21109 21108 22109 19109 15109 17108 18108 25108 30108 29108 30108 28108 21108 22108 25108 25109 27109 27109 30109 27109 22109 22109 18109 14109 12109 13109  9108  5108  7108 11108 19108 32108 34108 25108 20108 21108 23108 24108 27108 32108 26108 19109 23109 27109 26109 27109 29109 24109 16109 13109 16109 22109 29109 28109 26109 27109 24
1113109 20109 17109 12109 12109 14108 15108 16108 22108 27108 30108 32108 33108 31108 21108 17108 22108 28108 28108 22108 20108 22109 24109 26109 22108 19108 19108 18108 18108 15108 10108 11108 13108 14108 21108 20108 19108 26108 24108 12108  8108 17108 15108  7108 10108 11108 13108 19108 17108 13108 16108 21108 20108 15108  8108  5108 11108 18108 23108 23108 21
1114108 23108 25108 22108 21108 22108 20108 17108 19108 26108 27108 24108 24108 21108 18108 21108 17108 13108 21108 30108 31108 25108 18108 14108 13108 13108 20108 25108 25108 28108 24108 18108 17108 16108 13108  9108 12108 19108 18108 13108 12108 13108 18108 20108 16108 16108 27108 32108 20108 14108 11108  4108  3108 11108 19108 20108 16108 12108 10108 11108 13
1115108 19108 21108 21108 21108 20108 21108 23108 25108 24108 24108 25108 21108 16108 14108 15108 14108 17108 20108 19108 16108 10108  7108 10108  9108  9108 17108 21108 20108 19108 14108  8108  7108 13108 13108 12108 15108 11108  6108  3108  5108  6108  5108  7108  9108 10108  9108  7108  6108 14108 19108 14108 14108 20108 23108 16108  6108  2108  3108  4108  7
1116108  5108  2108  4108  9107 11107  9107  5107 13107 20107 22107 24107 15107  8107  6107  3107  7108 16108 21108 22108 23108 23108 20108 16108 15108 13108 12108 13108 13108 12108 15108 14108  8108 11108 14108 14108 13108 11108  9108 11108 15108 19108 16108 10108  9108 12108 15108 17108 24108 32108 31108 27108 25108 28108 28108 20108 18108 24108 29108 26108 26
1117108 25108 22108 22108 23108 20108 12108  7108 18108 28108 25108 22108 21108 20108 19108 16108 23108 27108 24108 26108 29108 31108 27108 21108 19108 18108 23108 23108 22108 25108 26108 22108 13108 16108 21108 22108 21108 19108 26108 27108 26108 27108 22108 21108 20108 18108 22108 24108 20108 16108 15108 13108 11108 12108 15108 14108 13108 17108 19108 18108 18
1118109 16109 13109 14109 14109 12109 13109 17109 17109 18109 19109 18109 15109 19109 24109 24109 23109 26109 28109 24109 20109 19109 18109 17109 16109 17109 22109 23109 21109 21109 22109 23109 22109 19109 16109 16109 21109 25109 23109 24109 28109 31109 31109 28109 25109 25109 27109 30109 30109 22109 18109 20109 22109 23109 22109 21109 21109 22109 22109 22109 20
1119109 17109 15109 16109 18109 19109 21109 24109 28109 29109 29109 26109 25109 24109 22109 23109 25109 26109 24109 24109 25109 21109 19109 19109 16109 15109 19109 21109 16109 13109 14109 17109 19109 19109 22109 22109 19109 19109 20109 20109 18109 15109 15109 18109 22109 22109 23109 21109 18109 21109 23109 20109 20109 23109 21109 19109 27109 31109 27109 26109 28
1120109 28109 27109 21109 17109 19109 22109 31109 36109 36109 31109 31109 36109 34109 27109 26109 28109 28109 28109 26109 23109 26109 30109 24109 21109 23109 24109 25109 25109 22109 19109 16109 18109 21109 20109 15109 15109 22109 24109 20109 16109 16109 18109 16109 15109 17109 17109 16109 14109 15109 16109 15109 14109 14109 15109 15109 15109 15109 16109 15109 14
1121109 15109 17109 20109 18109 17109 15109 12109 11109  9109 10109 12109  9109  8109  8110  8110 11110 11110 11110 11110 14110 20110 21110 19110 19110 20110 19110 17110 17110 18110 15110 12110 11110 12110 16110 17110 17110 17110 15110 16110 21110 22110 19110 17110 16110 17110 17110 18110 18110 15110 14110 13110 12110 11110 11110 13110 13110 11110 13110 13110 12
1122110 13110 13110 14110 15110 15110 15110 13110 12110 12110 11110 12110 12110 11110 10110  9110 10110 13110 12110 11110 11110 14110 17110 16110 16110 16110 14110 13110 12110 13110 14110 13110 12110 11110 10110  9110  8110 11110 14110 13110 14110 16110 17110 16110 15110 12110  9110  6110  4110  3110  2110  2110  1110  2110  3110  4110  7110  6110  5110  5110  3
1123110  3110  5110  5110  6110  6110  4110  4110  4110  5110  7110  6110  6110  7110  8110  6110  4110  4110  4110  5110  5110  4110  3110  3110  3110  2110  2  0  0  0  0110  2110  4110  6110  7110  7110  7110  8110  8110  8110  7110  7110  8110  9110 10110  8110  8110  7110  6110  6110  6110  6110  6110  5110  5110  5110  6110  8110  9110  9110  9110  9110  9
1200110  9110  9110  9110  9110  9110  9110 10110 11110 11110 11110 10110 10110 10110 10110 11110 11110 13110 13110 11110 10110 11110 11110 12110 13110 11110  9110  9110 10110 10110 10110 10110  9110 10110 11110 10110 11110 11110  9110  8110  7110  8110  7110  7110  8110  8110  8110  7110  6110  6110  7110  7110  7110  7110  9110 10110  9110 10110 10110 10110  9
1201110  9110  7110  7110  7110  6110  6110  6110  6110  6110  6110  7110  7110  7110  7110  7110  7110  8110  8110  7110  7110  7110  8110  8110  9110  7110  7110  7110  5110  5110  4110  3110  3110  3110  5110  6110  8110 10110 10110 10110  9110  7110  7110  7110  7110  7110  9110  8110  7110  6110  6110  6110  5110  5110  5110  7110  8110  7110  7110  8110 10
1202110 10110  7110  9110 13110 14110 13110 11110 10110 11110 12110 11110 11110 11110 13110 14110 13110 14110 14110 14110 15110 16110 16110 15110 15110 14110 15110 15110 14110 15110 13110 11110 13110 14110 14110 12110 11110 11110 13110 12110 11110 12110 11110 12110 12110 10110  9110 10110 11110 12110 12110 11110 12110 12110 14110 14110 13110 11110  9110  9110 10
1203110  8110  5110  5110  8110  7110  8110  9110  8110  8110  9110  8110 10110  9110  9110  8110  8110  9110  8110  7110  7110  7110  6110  6110  6110  7110  7110  7110  9110 10110  9110 10110 11110 10110 11110 11110 10110  8110  7110  9110 11110 15110 19110 16110 11110 10110 10110 11110 10110 10110  9110  8110  8110  8110  8110 10110 11110 11110 12110 12110  9
1204110 10110 10110  9110 11110  9110  8110  9110  9110 10110 10110  8110  8110  9110  9110  9110 10110 13110 13110 10110 10110 10110  8110 11110 13110 10110  7110  6110  5110  4110  6110  7110  7110  8110  9110  9110  9110  8110  8110  8110  8110  7110  6110  6110  6110  7110  6110  6110  7110  8110  7110  8110  7110  7110  6110  5110  5110  5110  5110  6110  6
1205110  5110  4110  5110  5110  4110  4110  5110  5110  6110  7110  7110  8110  8110  7110  7110  7110  7110  8110  7110  6110  8110 10110  9110  8110  6110  6110  7110  7110  7110  8110  8110  6110  5110  4110  4110  4110  3110  3110  4110  5110  5110  5110  6110  8110  8110  8110  7110  7110  7110  6110  7110  7110  7110  6110  5110  6110  6110  6110  7110  6
1206110  6110  6110  7110  7110  7110  7110  6110  7110  7110  7110  6110  6110  7110  7110  7110  7110  6110  6110  5110  5110  4110  4110  4110  5110  6110  5110  5110  5110  5110  6110  6110  7110  7110  7110  9110  9110  8110  8110  7110  9110 10110  9110 10110  9110  8110  9110  9110  9110  9110  8110  8110  8110  9110  9110  9110  8110  8110  7110  5110  4
1207110  5110  7110  7110  7110  6110  7110  8110  8110  8110  7110  8110  9110 12110 13110  9110  8110  7110  8110  9110  8110  9110  9110 10110  9110  7110  7110  8110  9110  9110  9110  9110  9110  8110  7110  7110  7110  6110  6110  7110  8110  8110  6110  4110  4110  5110  6110  6110  5110  5110  5110  7110  8110  8110  8110  7110  8110  8110  8110  9110  9
1208110  7110  6110  6110  5110  6110  5110  4110  4110  4110  5110  8110  7110  6110  5110  6110  5110  4110  4110  4110  4110  4110  5110  6110  7110  5110  4110  3110  4110  5110  4110  3110  3110  3110  2110  3110  2110  3110  2110  2110  3110  3110  3110  3110  4110  3110  3110  3110  3110  3110  3110  4110  3110  2110  2110  4110  4110  5110  6110  7110  7
1209110  6110  6110  6110  6110  6110  6110  7110  7110  6110  6110  7110  8110  8110  8110  7110  6110  6110  7110  8110  7110  6110  6110  6110  6110  6110  5110  5110  4110  5110  6110  7110  7110  8110  9110  9110  9110  8110  8110  8110  8110  8110  7110  7110  7110  7110  7110  7110  7110  7110  7110  6110  6110  6110  7110  6110  5110  6110  6110  5110  5
1210110  5110  7110  8110  6110  5110  4110  4110  5110  5110  6110  6110  5110  3110  3110  4110  4110  4110  6110  8110 10110 10110  9110  9110  8110  7110  8110  8110  8110  8110  7110  7110  7110  8110  8110  8110  8110  6110  4110  5110  6110  8110  8110  8109  9109 10109 11109 13109 13110 10109 10109 11109 12109 10109  9109  8109  8109  6109  3109  2109  3
1211109  4109  6109  6109  8109  9109  9109 14109 17109 14109 12109 11109 10109  9109  6109  3109  5109  8109  8109  8109  8109  7109  8109  7109  5109  3109  2109  3109  4109  8109 10109  8109  5109  4109  4109  4109  5109  6109  7109  8109  6109  3  0  0109  2109  5109  7109  6109  5109  6109  7109  5109  5109  5109  3109  3109  4109  5109  4109  3109  3109  5
1212109  8109  8109  6109  6109  6109  5109  5109  6109  5109  6109  7109  9109  8109  5109  4109  4109  6109  8109  8109  8109  8109  7109  6109  7109  8109  7109  8109  9109  9109 10109 10109  7109  9109 10109  8109  7109  6109  7109  7109  9109  9109  7109  8109 10109 11109  8109  8109  7109  5109  6109  6109  6109  5109  3109  2109  2109  2109  2109  2109  3
1213109  4109  4109  3109  4109  5109  6109  8109  9108  8108  8108  9108  9108  5108  5108  7108  7108  8108 11108 11108  9108  7108  6109  5109  7108 11108 12109 11109 10109 11109 11109 12109 11109  7109  6109  7109  7109  8109 10109 11109 11109  7109  3109  2109  3109  5109  6109  4109  4109  7109 19109 25109 19109 17109 20109 18109 16109 16109 15109 13109 12
1214109  9109  9109  9109  9109 13109 14109 13109  9108  5108  6108  5108  4108  4108  3108  5108 15108 23108 21108 14108 13108 17108 21108 20109 22109 21109 20109 18109 11109  6109  5109  5109  4109  5109  5109  8109 16109 19109 17109 13109 16109 17109 16109 15109 14109 17109 18109 16109 11109  8109 10109 16109 17109 15109 15109 10109  5109  5109 12109 17109 20
1215109 19109 14109 13109 15109 19109 18109 17109 16109 14109 14109 17109 15109  9109  6109  3109  3109  5108  6108  7108 10108 11108  9108  5108  5108  8108  7108  5108  8108 10108  8108  7108  5108  5108  6108  6108  9108 14108 16108 14108 19108 21108 16109 14109 19109 19109 14109 17109 21109 19109 21109 23109 19109 17109 17109 15109 18109 23109 22109 24109 25
1216109 21109 18109 18109 20109 22109 22109 17109 12109  7109  7109 12109 17109 21109 20109 20109 22109 21109 23109 22109 18109 17109 15109 10109  4109  5109 11109 16109 19109 17109 15109 16109 16109 17109 19109 20109 17109 16109 17109 19109 16109  9109  6109  7109 10109  9109  9109 15109 19109 19109 15109 17109 19109 17109 14109 12109 13109 18109 23109 23109 19
1217109 18109 21109 22109 20109 17109 14109 15109 17109 14109 11109 10109  9109  6109  8109 10109  9109  9109 12109 13109 13109 14109 13109 13109 19109 22109 21109 23109 21109 17109 15109 14109 15109 12109 10109  7109  6109  6109  7109  7109  7109 12109 12109  9109  8109  9109 12109 11109  9109 11109 13109 14109 12109  8109  4109  2109  4109  8109 12109 16109 17
1218109 15109 13109 11109 12109 12109 10109  8109  7109  6109  6109  7109  8109 11109 14109 14109 13109 13109 14109 15109 14109 11109 10109  9109  9109  9109  9109 10109 11109 12109 11109  7109  5109  5109  5109  6109  6109  6109  7109  6109  3109  2109  5109  7109  6109  4109  5109  5109  5109  6109 11109 15109 12109 10109 10109  9109 10109  9109  8109  7109  8
1219109  6109  5109  4109  4109  5109  7109  8109 11109 17109 22109 24109 24109 23109 25109 25109 21109 19109 17109 14109 12109 12109 12109 13109 15109 15109 13109 12109 13109 18109 19109 17109 20109 23109 23109 23109 21109 20109 20109 19109 20109 20109 21109 21109 20109 19109 20//////109 20109 19109 17109 12109 10109 12109 16109 18109 18109 21109 20109 19109 18
1220109 14109 14109 16109 16109 15109 14109 12109 11109 13109 17109 18109 20109 20109 16109 15109 17109 15109 13109 11109  8109  8109 10109 12109 13109 15109 17109 15109 14109 13109 11109 14109 16109 14109 13109 12109 11109  9109 10109 11109 10109 11109 12109 14109 13109 12109 16109 19109 18109 18109 18109 16109 15109 13109 13109 13109 11109 11109 11109 11109  9
1221109  8109  8109  8109 10109 13109 13109 12109 12109 11109 11109 12109 12109  9110  8110  9110  9110 10110 11110 12109 12110 11110 11110 12110 11110  8110 10110 12110  9109  8109 11109 13109 11109 11109 11110 11110 11110 10110 10110 11110 10110  8110  7109  6110  5110  4110  1110  1110  4110  4110  2  0  0  0  0  0  0110  1110  2  0  0110  1110  2110  2  0  0
1222  0  0  0  0  0  0  0  0  0  0  0  0  0  0  0  0  0  0  0  0  0  0  0  0  0  0  0  0110  1110  2110  2110  2110  2110  2110  2  0  0  0  0  0  0  0  0  0  0  0  0  0  0110  2110  3110  3110  2110  2110  5110  7110  8110  6110  5110  4110  4110  4110  5110  4110  3110  5110  8110  8110  6110  7110  8110  7110  6110  6110  7110  8110  8110  9110 10110  8110  7
1223110  7110  6110  4110  3110  2110  1110  3110  3110  2110  3110  4110  5110  5110  6110  8110  6110  5110  4110  5110  5110  4110  4110  4110  4110  4110  3110  2110  2110  2110  2110  1110  1  0  0  0  0  0  0  0  0  0  0  0  0  0  0  0  0  0  0  0  0  0  0  0  0  0  0  0  0  0  0  0  0  0  0  0  0  0  0  0  0  0  0  0  0  0  0  0  0  0  0  0  0  0  0  0  0
1300  0  0//////  0  0  0  0  0  0  0  0  0  0  0  0  0  0  0  0  0  0  0  0110  2110  3110  3110  4110  4110  5110  5110  6110  7110  7110  6110  6110  6110  5110  4110  3110  2110  2110  1110  1  0  0  0  0  0  0  0  0  0  0  0  0  0  0  0  0  0  0  0  0  0  0  0  0  0  0  0  0  0  0110  1110  3110  4110  5110  5110  4110  3110  2110  2  0  0  0  0  0  0  0  0
1301  0  0  0  0110  1  0  0  0  0  0  0  0  0  0  0  0  0  0  0  0  0  0  0110  1110  3110  3110  2110  2110  3110  3110  4110  4110  5110  6110  8110  9110  9110  9110  9110 10110  9110  8110  7110  6110  6110  6110  7110  8110  7110  6110  8110 10110 11110 10110  9110  9110  9110  8110  8110  6110  5110  5110  4110  4110  4110  4110  5110  3  0  0  0  0  0  0
1302  0  0  0  0  0  0  0  0  0  0  0  0  0  0  0  0110  2110  3110  4110  5110  4110  3110  5110  5110  5110  4110  4110  4110  3110  3110  2  0  0  0  0110  1  0  0  0  0  0  0  0  0  0  0110  2110  2  0  0110  1110  2110  2110  3110  4110  4110  4110  4110  4110  5110  5110  4110  4110  4110  3110  3110  2110  2110  2110  1110  1110  3110  3110  2110  1  0  0
1303  0  0110  1110  2110  1  0  0  0  0  0  0  0  0  0  0  0  0  0  0  0  0  0  0  0  0  0  0  0  0  0  0  0  0  0  0  0  0  0  0  0  0  0  0  0  0  0  0110  2110  4110  5110  6110  9110 12110 11110 11110 11110 11110 11110  9110  9110 10110 10110 10110  9110  9110  9110 10110 11110 10110  9110  9110  8110  8110 10110 11110 12110 13110 15110 16110 16110 15110 14
1304110 13110 12110 10110 10110 10110 10110 11110 12110 11110 11110 11110 10110 10110  9110 10110 12//////110  8110  7110  9110 10110 10110 10110 11110 11110 11110 11110 11110 14110 13110 12110 13110 13110 13110 11110  9110  7110  8110  7110  5110  6110  8110  9110  8110  8110  9110  8110 10110 11110 10110 11110 10110  9110 10110 12110 11110 11110 10110  8110  9
1305110  9110 10110 10110  9110 11110 11110  8110  8110  7110  8110  9110 11110 10110  8110  8110  7110  5110  6110  6110  6110  8110  8110  8110  8110  8110  9110 10110  9110  9110 11110 12110 11110 10110  8110  7110  8110  7110  6110  5110  5110  5110  6110  7110 10110 14110 16110 14110 11110 13110 15110 14110 16110 15110 12110 11110 12110 11110  9110  9110 10
1306110 10110  9110  7110  6110  6110  7110  8110  7110  7110  7110  6110  7110  8110 10110  9110  9110 11110 12110 11110 11110 12110 12110 11110 11110  9110  8110  7110  7110  6110  8110  8110  7110  7110  7110  8110  9110  8110  7110  6110  6110  5110  4110  3110  3110  2110  2110  3110  3110  3110  3110  2  0  0  0  0  0  0  0  0  0  0  0  0  0  0  0  0  0  0
1307  0  0  0  0  0  0  0  0  0  0  0  0  0  0  0  0  0  0  0  0  0  0  0  0110  2110  3110  3110  2110  2110  2110  2110  2  0  0  0  0  0  0  0  0  0  0  0  0  0  0  0  0  0  0  0  0  0  0  0  0  0  0  0  0  0  0  0  0  0  0  0  0  0  0  0  0  0  0  0  0  0  0  0  0  0  0  0  0  0  0  0  0  0  0  0  0  0  0110  1  0  0  0  0  0  0  0  0  0  0  0  0  0  0  0  0
1308  0  0110  2110  3110  4110  4110  4110  4110  4110  3110  3110  3110  3110  3110  3110  3110  3110  2110  2110  1110  1110  2110  2110  3110  3110  3110  2  0  0110  2110  2110  3110  4//////110  4110  4110  4110  5110  4110  4110  3110  2110  2110  2110  1  0  0110  1110  2110  3110  3110  2110  2110  3110  4110  5110  5110  6110  5110  5110  4110  4110  4
1309110  4110  4110  3110  3110  2110  2110  2110  1110  1  0  0  0  0  0  0  0  0  0  0  0  0  0  0  0  0110  1110  2110  3110  3110  3110  3110  3110  3110  3110  2110  2110  2110  2110  2110  2110  2110  2110  1  0  0  0  0  0  0  0  0  0  0  0  0  0  0  0  0  0  0  0  0  0  0110  1110  1110  1  0  0  0  0  0  0  0  0  0  0  0  0  0  0110  1110  1110  1110  1
1310110  1110  1110  1  0  0  0  0110  1110  2110  2110  2110  2110  2110  2110  2110  4110  5110  4110  3110  3110  2110  2110  3110  4110  5110  5110  5110  5110  5110  3110  4110  3110  3110  3110  3110  4110  5110  6110  7110  7110  6110  6110  7110  8110  9110  8110  6110  5110  5110  5110  6110  8110  8110  7110  7110  8110  8110  6110  6110  6110  6110  7
1311110  6110  5110  6110  7110  6110  7110  5110  4110  2110  3110  6110  8110  6110  4110  3110  4110  6110  7110  5110  4110  5110  5110  5110  6110  6110  7110  8110  8110  6110  4110  4110  4110  4110  5110  7110  7110  6110  5110  5110  7110  6110  4110  4109  4109  3110  5109  6109  4109  2109  2109  6109  9109 11109 11109 11109 12109 11109  9109  9109  7
1312109  7109  7109  7109  8109  9109  8109  8109  6109  4109  2109  3109  5109  7109  5109  5109  6109  5109  6109  6109  6109  6109  7109 10109 13109 10109  7109  8109 10109 11109 12109 13109 12109 12109 12109  9109  9109 10109  8109  9109  8109  6109  4109  3109  4109  4109  2109  4109  9109  9109  6109  4109  5109  5109  6109  5109  3109  3109  4109  6109  8
1313109  9109 10109 11109  9109 10109 12109 10109  9109  8109  7109  6109  6109  7109  8109 10109 11109 11109 10109  8109  6109  8109 10109  8109  7109 10109 12109 12109  9109  8109  7109  7109  8109  8109  6109  4109  4109  4109  5109  7109  5109  3109  5109  8109  8109  6109  4109  3109  6109 11109 14109 12109  9109 10109 12109 11109  9109  9109  7109  5109  7
1314109  9109 10109 10109  8109  6109  6109  7109  7109  3109  1109  7109 15109 18109 18109 12109  8109  9109  9109  9109 11109  9109  7109 10109 15109 17109 15109 13109 17109 18109 16109 15109 14109 12109 13109 12109  8109  5109  7109 12109 14109 13109 12109 12109 12109 12109 10109  9109 14109 17109 22109 22109 18109 16109 15109 13109 12109 15109 18109 19109 17
1315109 14109 17109 16109 11109 11109 13109 13109 13109  9109 10109 11109  8109 13109 19109 16109  9109  7109 12109 13109  8109  9109 15109 15109 11109 10109 12109 14109 15109 18109 20109 20109 19109 15109 16109 17109 19109 19109 17109 15109 17109 20109 21109 22109 17109 10109 11109 16109 14109 12109 13109 12109 11109 11109 13109 15109 18109 15109 15109 15109 15
1316109 19109 16109 14109 16109 16109 15109 17109 15109  9109 10109 16109 21109 19109 19109 20109 18109 15109 17109 20109 17109 17109 17109 11109 15109 22109 18109 12109 12109 20109 27109 26109 25109 22109 19109 20109 20109 22109 19109 17109 21109 18109 14109 14109 13109 13109 10109 11109 15109 14109 12109 14109 16109 17109 14109 12109 15109 19109 16109 12109 11
1317109 11109 12109 11109 12109 12109 13109 13109 12109 14109 19109 20109 18109 18109 18109 14109 13109 15109 14109 11109  9109 11109 12109 11109 13109 19109 22109 17109  9109  8109  9109 15109 20109 18109 20109 21109 16110 11110  9110  6109 11110 19110 19110 17110 16110 11110 12110 16110 17110 14110 14110 14110 14110 16110 17110 18110 16110 11110 13110 17110 17
1318110 16110 14110 11110 11110 12110 10110  9110  7110  6110  8110 10110  9110  8110 10110 12110 15110 15110 11110 11110 10110  9110 10110 10110 14110 15110 11110 10110 11110 10110 10110 11110 15110 15110 11110 14110 16110 15110 14110 11110 11110 11110 12110 13110 11110  9110 14110 16110 13110 13110 11110  9110 11110 14110 15110 14110 17110 18110 18110 15110 13
1319110 14110 15110 13110 14110 16110 17110 14110 13110 17110 17110 16110 18110 16110 12110 10110 11110 13110 12110 10110 10110 11110  8110  8110  7110  5110 10110 14110 13110 12110 11110  8110  5110  9110  9110 10110 15110 13110 11110 15110 14110 13110 12110  9110 13110 15110 14110 14110 12110 13110 13110 12110 14110 15110 14110 18110 20110 17110 17110 18110 17
1320110 13110 11110 13110 14110 11110 10110  9110  9110 11110 12110 14110 12110 13110 12110 10110 10110 11110  9110  9110 10110  9110  9110 11110 12110 11110  8110  9110 11110 12110 12110 12110 10110 10110 10110  8110  8110  8110  7110  8110 10110  9110  8110 11110 11110  9110  8110  8110 10110 11110  8110  7110  8110  8110 10110  9110  9110  8110  6110  5110  6
1321110  5110  5110  4110  4110  3110  5110  6110  6110  7110  9110 11110 11110 10110 10110  8110  6110  5110  4110  3110  3110  4110  4110  4110  5110  5110  4110  3110  2110  2110  2110  2110  2  0  0  0  0110  2110  2110  3110  4110  4110  5110  5110  5110  5110  7110  7110  7110  7110  6110  7110  8110  7110  6110  6110  5110  7110  7110  7110  6110  7110  8
1322110  9110 10110  9110  9110 10110 10110  8110  8110  7110  6110  6110  7110 11110 12110 11110 11110 10110  8110  8110  8110  7110  7110  6110  6110 10110 12110 11110  8110 10110 11110  9110 10110  8110  6110  5110  4110  5110  7110 10110 14110 15110 14110 14110 13110 14110 15110 14110 10110 10110 12110 11110 11110 10110  8110  7110  7110  8110  7110  6110  6
1323110  9110  9110  7110  7110 10110 11110 11110 10110  6110  4110  4110  3110  5110  7110  8110  8110  6110  6110  8110  7110  5110  5110  5110  5110  6110  6110  7110  7110  9110 13110 12110  8110  8110  7110  4110  5110  6110  7110  7110  8110 10110 12110 14110 17110 14110  9110  8110  9110  9110  9110  8110  8110  9110  7110  6110  8110  8110  7110  7110  6
1400110  3110  2110  2110  1  0  0  0  0110  2110  3110  3110  2110  1110  1110  2110  2110  1  0  0110  2110  6110  8110  7110  9110 10110 10110 10110 10110 10110  8110  9110  8110  6110  4110  2110  2110  3110  3110  2110  2110  2110  1110  1  0  0  0  0110  1  0  0  0  0  0  0  0  0  0  0110  3110  5110  5110  5110  4110  3110  4110  5110  6110  7110  6110  6
1401110  6110  6110  6110  7110  6110  6110  7110  7110  8110 10110 11110 13110 12110 12110 12110 11110 11110 12110 12110 12110 13110 13110 15110 16110 15110 13110 10110 11110 14110 13110 10110  9110  9110 10110 10110  9110  8110  8110  8110  9110  9110 10110 11110 12110 12110 13110 13110 15110 14110 11110 12110 17110 17110 11110 14110 16110 14110 13110 14110 16
1402110 17110 19110 19110 19110 16110 14110 14110 14110 13110  9110  6110  6110  5110  6110  7110  7110  7110  6110  7110 10110 11110 11110 10110 10110  9110  8110  8110  7110  6110  7110 10110 12110 12110 12110  8110  7110  9110  8110  6110  5110  4110  4110  2110  2110  3110  2110  3110  3110  3110  3110  4110  6110  9110 10110  8110  7110 10110 10110  9110 11
1403110 12110  8110  5110  5110  6110  6110  4110  4110  4110  6110  7110 10110 11110  8110  5110  8110 11110 11110 11110 11110 12110 12110 12110 12110 10110  9110  8110  6110  6110  6110  6110  8110  9110 11110 11110  9110 10110  9110  8110  8110  7110  7110  7110  8110 11110 13110 15110 16110 16110 16110 14110 10110  8110  6110  3110  6110  5110  3110  4110  4
1404110  4110  8110  9110  6110  6110  6110  3110  2110  2110  3110  6110  8110  8110  7110  9110 10110 10110  8110  8110  7110  5110  5110  5110  5110  6110  7110  7110  6110  5110  5110  5110  5110  5110  4110  4110  3110  1  0  0110  1110  2110  2110  3110  3110  3110  4110  5110  6110  5110  5110  6110  8110  9110  8110  8110 11110 12110  9110  3  0  0110  2
1405110  4110  4110  6110  6110  4110  5110  7110  6110  8110 11110 12110 11110 10110 10110 12110 14110 13110 13110 14110 15110 15110 12110 10110  9110  9110  8110  8110  8110 10110 11110 11110 10110  9110  9110  9110  9110  6110  4110  4110  5110  5110  5110  5110  4110  5110  6110  4110  2110  1110  1110  3110  4110  4110  4110  5110  5110  5110  4110  3110  1
1406  0  0110  2110  4110  6110  7110  8110  7110  7110  6110  6110  7110  7110  7110  7110  7110  5110  3110  2110  2110  3110  4110  4110  5110  5110  5110  5110  4110  5110  7110  7110  7110  9110  9110  8110  7110  8110  8110  7110  7110  5110  5110  6110  7110  8110  8110  9110  9110  8110  8110  6110  5110  4110  3110  2110  4110  6110  7110  6110  5110  4
1407110  2110  2110  2110  2110  2110  2110  2110  2110  3110  2110  1  0  0  0  0110  1110  2110  3110  4110  5110  7110  8110  7110  6110  6110  8110 11110 14110 15110 16110 16110 16110 15110 14110 15110 12110  8110  9110  8110  9110 11110 12110 10110 10110 10110 10110  9110  8110  8110  7110  6110  7110  8110  7110  7110  7110  7110  6110  7110  8110  8110  8
1408110  8110  8110  8110  8110  8110  8110  9110 10110  9110  8110  7110  6110  7110  7110  8110  9110  8110  7110  6110  5110  5110  3110  2110  5110  8110 11110 13110 14110 13110 10110  8110  8110  5110  2  0  0110  2110  4110  7110  9110  9110  6110  4110  4110  4110  4110  2  0  0  0  0  0  0110  2110  2110  2110  2110  1110  2110  3110  3110  4110  4110  5
1409110  5110  5110  7110  9110 10110  9110  7110  7110  9110  8110  6110  5110  5110  7110  7110  6110  5110  5110  6110  9110 11110 11110 10110 10110 12110 13110 10110  9110 11110 12110 13110 12110 10110 10110 13110 13110 10110  8110  6110  5110  6110  8110 10110 12110 12110 12110 14110 17110 17110 16110 15110 15110 13110 10110 10110  9110  8110  8110 10110 12
1410110 14110 14110 12110 11110  8110 11110 16110 17110 12110  9110  7110  6110  8110  9110 11110 11110 10110 11110 12110 14110 16110 17110 16110 15110 15110 15110 14110 17110 19110 19110 20110 15110 12110 18110 19110 16110 17110 19110 15110 15110 16110 13110 12110 13110 12110 11110  8110 10110 11110  9110  8110  9110  9110  9110 12110 12110 10110  9110 10110 12
1411110  9110  8110  8110  9110 10110 11110 11110 11110 13110 13110 11110 10110 11110 11110 12110 13110 15110 16110 17110 16110 12110 10110 13110 19110 21110 20110 17110 13110 13110 14110 12110 11110 14110 15110 11110  7110  7110 10110 14110 15110 16110 18110 20110 21110 20110 20110 19110 19110 18110 16110 16110 15110 13110 11110  8110  7110 10110 11109 12109 15
1412109 18109 20109 20109 20109 20109 21109 21109 19109 19109 20109 14109 11109 12109 17109 18109 18109 22109 18109 14109 19109 21109 24109 21109 20109 20109 20109 20109 18109 24109 25109 23109 19109 17109 17109 23109 25109 20109 16109 12109  9109 11109 15109 14109 14109 15109 15109 15109 15109 11109 10109  8109 13109 19109 20109 20109 21109 25109 24109 23109 21
1413109 16109 20109 23109 20109 18109 17109 15109 11109  5109  3109  8109 17109 24108 24109 23109 20108 13108 11108 13108 12108 12108 13108 12108 12108 12108 15108 16108 12109  9109 11109 13109 19109 21109 17109 14109 16109 16109 15109 14109 10109 14109 19109 18109 15109 14109 17109 20109 20109 20109 15109 14109 15109 14109 11109 12109 17109 20109 21109 18109 19
1414109 19109 21109 24109 21109 19109 19109 17109 16109 22109 24109 22109 20109 19109 19109 18109 15109 14109 11109 15109 21109 20109 20109 20109 15109 10109  9109 11109 10109  7109  9109 10109 13109 17109 16109 16109 18109 14109 17109 20109 19109 21109 23109 25109 25109 20109 21109 25109 23109 20109 19109 13109 15109 14109 17109 23109 24109 22109 19109 17109 19
1415109 24109 27109 25109 21109 23109 23109 25109 34109 33109 30109 30109 24109 25109 28109 27109 21109 16109 17109 19109 21109 16109 16109 17109 14109 15109 21109 26109 24109 24109 25109 24109 26109 26109 23109 21109 25109 29109 26109 28109 30109 19109 18109 22109 18109 17109 18109 22109 23109 20109 17109 16109 19109 20109 15109 11109 10109  7109 10109 15109 18
1416109 18109 14109 12109 18109 20109 17109 18109 18109 16109 13109 12109 16109 20109 18109 15109 18109 21109 18109 16109 15109 13109 22109 24109 16109 22109 27109 24109 21109 21109 19109 16109 19109 19109 17109 19109 21109 20109 23109 21109 14109 11109  9109 14109 19109 18109 16109 18109 22109 22109 23109 20109 15109 12109 10109 10109 13109 14109 13109 11109 12
1417109 14109 13109 11109 11109 11109  7109  9109 13109 10109  9109 13109 14109 15109 19109 17109 16109 18109 19109 16109 12109 12109 12109 13109 13109 14109 19109 20109 16109 10109 13109 14109 11109 14109 17109 16109 16109 18109 16109 17109 16109 12109 11109 12109 12109 11109 13109 16109 16109 21109 26109 21109 17109 16109 15109 18109 22109 20109 16109 13109 12
1418109 13109 13109 15109 17109 17109 14109  8109 11109 15109 14109 13109 14109 13109 10109 11109 13109 17109 16109 10109  7109  6109  7109  8109 10109  9109  9109 11109 12109 10109  7109  8109  8109  5109  6109  7109  6109  5109  4109  3109  5109  8109  9110 11110 12110 11109 11109 13110 14110 13110 10110 10110 11110  9110 10110 12110 14110 14110 12110  9110  9
1419110  9110  8110  8110 11110 11110  9110 10110  9110  9110  9110 10110 12110 13110 14110 14110 12110 14110 14110 13110 12110 12110 12110 11110 10110  9110  8110  8110  9110  9110  7110  6110  7110  8110  9110 11110 12110 13110 13110 12110 12110  9110  7110  6110  7110  7110  6110  6110  6110  7110  8110  9110 10110 10110  9110  9110  9110  7110  8110  9110  8
1420110  8110  8110  8110  6110  5110  5110  5110  5110  4110  4110  5110  6110  5110  4110  5110  6110  5110  5110  4110  3110  2110  3110  4110  4110  3110  4110  5110  6110  7110  9110  9110  8110  8110  7110  7110  5110  5110  5110  5110  5110  5110  6110  7110  7110  6110  6110  6110  6110  5110  5110  7110  9110  9110 10110 11110 11110 11110 10110  8110  7
1421110  6110  7110  8110  9110 11110  9110  8110  9110  9110  8110  6110  5110  6110  5110  4110  5110  4110  3110  3110  4110  3110  4110  5110  5110  4110  4110  4110  3110  3110  3110  2110  3110  4110  4110  5110  6110  9110 12110 13110 14110 13110 13110 13110 13110 13110  9110  8110  6//////110  5110  5110  6110  7110  8110  7110  7110  7110  6110  6110  6
1422110  4110  3110  4110  5110  6110  6110  7110  7110  8110  7110  8110  9110  8110  8110  8110  8110  9110  8110  9110 10110 10110 12110 15110 16110 15110 16110 18110 17110 17110 17110 17110 17110 16110 15110 14110 13110 12110 13110 12110 10110  9110  8110  7110  6110  4110  4110  5110  6110  9110 11110 10110  9110  9110 12110 14110 12110 10110 10110 10110 10
1423110  9110  9110 10110  6110  5110  9110 11110  9110  8110  8110 10110 10110 11110 12110  9110  7110  6110  6110  7110  8110  8110  9110  9110 10110 10110 10110 13110 13110 13110 13110 13110 15110 14110 15110 15110 13110 14110 15110 12110  9110  9110 10110 13110 14110 14110 17110 18110 17110 18110 16110 12110 11110 12110 13110 14110 13110 11110 12110 11110 10
1500110 10110 11110  9110  7110  8110  8110  8110 10110 13110 14110 14110 14110 12110 12110 12110 11110 12110 13110 12110  9110  8110 10110 11110 10110  9110  8110  9110  9110  8110  7110  6110  6110  6110  8110 11110 11110 10110  9110  9110  7110  7110  6110  5110  4110  3110  3110  4110  4110  4110  4110  4110  4110  4110  4110  4110  5110  5110  5110  5110  4
1501110  4110  5110  5110  5110  7110  9110 12110 14110 15110 14110 14110 15110 15110 15110 14110 12110  9110  6110  5110  7110 10110  9110  7110  7110  9110 12110 13110 13110 14110 13110 10110 11110 13110 13110 13110 11110 10110 13110 15110 15110 14110 12110 13110 14110 14110 13110 10110  9110 10110 10110 10110 10110 10110 12110 13110 13110 13110 13110 12110 13
1502110 13110 13110 12//////110  8110  7110  8110  8110  8110  7110  8110  7110  7110  8110  7110  6110  6110  7110  7110  6110  5110  4110  3110  3110  2110  2110  5110  7110 10110 12110 12110 12110 13110 13110 12110 10110  8110  8110  8110  7110  8110  9110 11110 13110 14110 13110 11110 12110 13110 13110 13110 13110 12110 10110 13110 13110 10110  8110  7110  6
1503110  4110  4110  5110  5110  6110  7110  7110  8110  8110  9110 10110 10110  8110  7110  6110  5110  3110  3110  3110  4110  5110  7110  8110  9110  9110  9110 10110 10110 10110 11110 10110  7110  4110  2  0  0  0  0  0  0  0  0110  1110  2110  3110  3110  2110  2110  2110  3110  3110  3110  2110  2110  2110  2110  3110  4110  4110  4110  3110  3110  2110  3
1504110  3110  3110  3110  3110  4110  4110  4110  4110  5110  5110  5110  5110  4110  3110  2110  1  0  0  0  0  0  0  0  0  0  0  0  0  0  0  0  0  0  0  0  0  0  0  0  0  0  0  0  0  0  0  0  0110  2110  3110  3110  5110  6110  7110  7110  6110  7110  7110  7110  8110  8110 10110  9110  7110  8110  9110  9110  8110  8110  9110  7110  6110  5110  4110  4110  4
1505110  4110  6110  6110  4110  5110  5110  6110  8110  8110  6110  5110  7110  9110 10110 10110 11110 13110 15110 15110 13110 12110 12110 13110 12110 11110 10110 10110  9110  9110  9110  8110  7110  6110  6110  6110  7110  8110  7110  7110  7110  6110  5110  5110  5110  5110  4110  2  0  0  0  0  0  0110  2110  2110  3110  3110  5110  6110  6110  5110  4110  3
1506110  3110  3110  3110  2110  3110  4110  5110  6110  6110  7110  7110  6110  5110  4110  4110  4110  3110  3//////110  4110  5110  6110  6110  7110  7110  8110  9110  8110  9110  8110  5110  4110  4110  3110  3110  3110  3110  4110  4110  4110  4110  4110  3110  2110  2110  1  0  0  0  0  0  0  0  0  0  0  0  0  0  0  0  0  0  0  0  0  0  0  0  0  0  0  0  0
1507110  1110  2110  2110  2110  2110  2110  3110  3110  3110  3110  3110  4110  4110  4110  4110  4110  4110  3110  1  0  0  0  0  0  0  0  0110  2110  4110  5110  5110  4110  4110  3110  3110  2  0  0  0  0  0  0  0  0  0  0  0  0  0  0  0  0  0  0  0  0  0  0  0  0  0  0  0  0  0  0110  2110  2110  1110  2110  3110  3110  2110  2  0  0  0  0  0  0  0  0  0  0
1508  0  0  0  0110  3110  5110  5110  5110  4110  4110  5110  4110  4110  3110  3110  3110  2110  1110  1  0  0110  1110  3110  4110  5110  6110  7110  8110  8110  9110  8110  8110  8110  6110  5110  4110  3110  5110  4110  3110  2110  3110  4110  5110  6110  6110  7110  7110  8110  8110  8110  7110  6110  5110  3110  2  0  0  0  0  0  0  0  0  0  0110  2110  3
1509110  4110  4110  5110  5110  4110  3110  3110  3110  3110  3110  4110  5110  6110  7110  8110  9110  9110  8110  7110  7110  6110  6110  6110  7110  8110  9110  9110 10110 11110 10110 10110 11110 10110  9110  8110  7110  7110  6110  4110  3110  5110  6110  7110  7110  6110  6110  5110  5110  5110  5110  5110  5110  5110  5110  6110  8110 10110 11110 11110 11
1510110 10110  9110  8110  7110  7110  6110  5110  5110  6110  6110  5110  5110  7110  7110  6110  5110  5110  6110  6110  7110  8110  7110  6110  5110  4110  4110  5110  5110  5110  6110  6110  5110  6//////110  5110  4110  4110  2110  2110  3110  3110  3110  3110  5110  6110  6110  5110  5110  7110  8109  8110  7109  5109  3109  1  0  0  0  0  0  0  0  0  0  0
1511  0  0  0  0109  2109  4109  5109  5109  6109  8109 10109  8109  7109  7109  8109  9109 11109 13109 12109  9109  7109  5109  4109  5109  9109 11109 10109  9109 10109 12109 10109  8109  9109 11109 12109 11109  7109  5109  6109  9109 10109  8109  7109  8109 10109 10109  8109  8109  8109  8109  7109  5109  4109  6109  6109  6109  3  0  0109  2109  6109  9109 10
1512109 10109 10109  9109  8109  6109  4109  2109  2109  2109  3109  5109  8109 10109 11109 12109 12109 10109  9109  9109 10109 13109 11109  7109  6109  8109  8109  8109  7109  7109 11109 11109  8109  8109 10109 10109 11109 10109  7109  7109  8109  8109  9109  8109  6109  7109 10109 10109  9109 11109 12109 11109 11109 11109 10109 12109 14109 17109 17109 15109 13
1513109 10109 11109 15109 13109 11109  9109  7109  8109 11109 14109 12109  9109  6109  5109  4109  7109 13109 15109 13109 13109 12109 13109 15109 14109 10109  5109  8109 11109 14109 15109 12109 10109  7109 10109 13109 10109  6109  5109  7109 12109 16109 15109 13109 14109 12109 10109 10109 14109 18109 18109 18109 20109 19109 18109 17109 13109 11109  8109  8109 12
1514109 17109 19109 15109 17109 17109 13109 11109 12109 15109 16109 16109 15109 16109 14109  9109 10109 12109  7109  7109 13109 15109 15109 18109 21109 20109 22109 22109 22109 23109 22109 24109 27109 24109 21109 19109 19109 20109 19109 22109 20109 18109 20109 22109 21109 15109 13109 17109 20//////109 19109 17109 13109 16109 22109 21109 18109 17109 18109 18109 18
1515109 19109 14109 10109 10109 13109 15109 17109 20109 23109 22109 19109 20109 23109 23109 19109 16109 13109 10109 12109 17109 23109 22109 17109 13109 15109 20109 22109 21109 21109 19109 15109 12109 12109 12109 11109 12109 12109 16109 21109 19109 17109 17109 14109 13109 18109 19109 19109 20109 18109 17109 16109 17109 19109 17109 13109 14109 14109 11109  9109  6
1516109  5109  5109  4109 10109 17109 18109 20109 22109 20109 18109 16109 17109 17109 18109 20109 19109 17109 15109  9109  9109 17109 23109 21109 17109 21109 22109 21109 20109 16109 14109 11109  9109 11109 12109 15109 16109 14109 17109 15109 12109 13109 17109 20109 18109 14109 11109 13109 15109 15109 14109 13109 10109  9109  8109  8109  8109  9109 13109 12109 12
1517109 17109 22109 21109 19109 20109 21109 20109 18109 17109 18109 17109 17109 18109 15109 13109 13109 15109 19109 21109 17109 15109 17109 16109 16109 18109 18109 16109 17109 20109 20109 19109 20109 23109 20109 18109 18109 18109 21109 21109 21109 20109 17109 19109 20109 19109 18109 17109 16109 21109 26109 24109 20109 21109 20109 20109 20109 20109 21109 19109 19
1518109 21109 20109 22109 23109 23109 23109 24109 24109 23109 18109 15109 12109 12109 13109 15109 16109 16109 19109 23109 21109 17109 20109 23109 22109 23109 21109 20109 21109 20109 20109 20109 20109 23109 20109 17109 19109 21109 20109 21109 22109 21109 15109 11109 10109 10109 13109 18109 17109 17109 23109 23109 21109 21109 19109 16109 16109 21109 25109 21109 16
1519109 20109 26109 26109 21109 16109 13109 12109 16109 20109 17109 16109 15109 17109 17109 14109 13109 12109 10109 12109 15109 15109 14109 12109 11109 12109 15109 14109 11109 10109 10109  9109  8110 10110 10110  9110  9110 10110 11110 10110  7110  4110  3110  5110  6110  6110  6110  7110  6110  5110  5110  5110  5110  4110  4110  5110  4110  3110  1  0  0  0  0
1520  0  0  0  0  0  0  0  0  0  0  0  0  0  0  0  0  0  0  0  0  0  0  0  0  0  0110  2110  2110  2  0  0  0  0  0  0  0  0  0  0  0  0  0  0  0  0  0  0110  1  0  0  0  0110  1110  2110  3110  3110  2110  3110  4110  5110  5110  5110  6110  7110  7110  7110  7110  8110  8110  8110  8110  8110  8110  8110  8110  8110  9110  8110  7110  8110  8110  9110  9110 10
1521110  9110  8110  7110  6110  5110  4110  4110  5110  6110  6110  6110  6110  6110  6110  6110  6110  6110  5110  5110  5110  5110  5110  5110  4110  3110  2110  3110  3110  4110  4110  4110  4110  4110  5110  5110  5110  4110  3110  4110  3110  1  0  0  0  0  0  0  0  0  0  0  0  0  0  0  0  0  0  0  0  0  0  0110  1110  2110  2110  2110  3110  2110  2110  2
1522110  2110  2110  1110  1110  1110  1110  2110  2110  3110  3110  4110  5110  6110  6110  7110  7110  6110  4110  4110  4110  4110  4110  4110  4110  4110  5110  4110  4110  5110  4110  4110  4110  3110  3110  2110  1  0  0  0  0  0  0  0  0  0  0  0  0  0  0  0  0  0  0  0  0  0  0  0  0  0  0  0  0  0  0  0  0  0  0  0  0  0  0  0  0  0  0  0  0  0  0  0  0
1523  0  0  0  0110  1110  1110  2110  2110  2110  1110  1110  2110  1  0  0  0  0  0  0  0  0  0  0  0  0  0  0  0  0  0  0  0  0  0  0  0  0  0  0  0  0  0  0  0  0  0  0  0  0  0  0  0  0  0  0  0  0110  1110  2110  2110  3110  3110  3110  2110  2110  2110  2110  1110  1  0  0  0  0  0  0  0  0  0  0  0  0  0  0  0  0  0  0  0  0  0  0  0  0  0  0  0  0  0  0
1600  0  0  0  0  0  0  0  0110  1110  2110  2110  2110  1110  2111  4111  4110  3110  3110  3110  3110  3110  3110  3110  3110  3110  3110  2110  2110  2110  2110  2110  2110  2110  3110  3110  3110  3110  3110  4110  5110  5110  4110  3110  3110  3111  2111  2111  2111  2110  2110  2111  2110  2110  2110  2110  2110  3110  3111  3111  3111  4111  4111  4110  4
1601110  3110  3110  2110  2111  2  0  0  0  0  0  0  0  0  0  0  0  0  0  0  0  0  0  0111  2111  2111  2111  1  0  0  0  0  0  0  0  0  0  0  0  0  0  0  0  0  0  0  0  0  0  0  0  0  0  0  0  0  0  0  0  0  0  0  0  0111  1111  2111  2111  2111  2111  2111  1111  1111  2111  2111  1111  1  0  0  0  0  0  0  0  0111  1111  3111  5111  6111  6111  6111  6111  7
1602111  9111  7111  6111  5111  3111  2111  3111  3111  3111  3111  3111  3111  3111  3111  3111  2111  3111  3111  3111  3111  2111  2  0  0  0  0  0  0111  1111  2111  3111  3111  3111  3111  3111  3111  5111  8111  9111  8111  6111  6111  5111  5111  5111  6111  6111  6111  6111  5111  5111  5111  4111  4111  4111  4111  6111  6111  6111  6111  6111  5111  4
1603111  3111  2  0  0  0  0111  1111  1  0  0111  1111  2111  2111  2111  2111  2111  1111  1111  2111  2111  2111  1  0  0  0  0  0  0  0  0  0  0  0  0  0  0  0  0  0  0  0  0111  2111  3111  4111  4111  4111  4111  3111  2  0  0  0  0  0  0111  2111  1  0  0  0  0  0  0  0  0111  1111  2111  2111  2111  2111  1  0  0  0  0  0  0  0  0  0  0  0  0  0  0  0  0
1604  0  0  0  0  0  0  0  0  0  0  0  0  0  0  0  0  0  0  0  0  0  0  0  0  0  0  0  0  0  0  0  0  0  0  0  0  0  0  0  0111  1111  2111  1111  1  0  0  0  0  0  0  0  0  0  0  0  0  0  0  0  0  0  0  0  0  0  0  0  0  0  0  0  0  0  0  0  0  0  0  0  0  0  0  0  0  0  0  0  0  0  0111  1111  2111  2111  2  0  0  0  0  0  0  0  0  0  0  0  0  0  0  0  0  0  0
1605  0  0  0  0  0  0  0  0  0  0  0  0  0  0  0  0  0  0  0  0  0  0  0  0  0  0  0  0  0  0  0  0  0  0  0  0  0  0  0  0  0  0  0  0  0  0  0  0  0  0  0  0  0  0  0  0  0  0111  1111  2111  2111  2111  2  0  0  0  0  0  0  0  0  0  0  0  0  0  0  0  0  0  0  0  0  0  0  0  0  0  0  0  0  0  0111  2111  2111  2111  2111  2111  1  0  0  0  0  0  0  0  0  0  0
1606  0  0  0  0  0  0  0  0  0  0  0  0111  2111  2111  1  0  0  0  0  0  0  0  0  0  0  0  0  0  0  0  0  0  0  0  0  0  0  0  0  0  0  0  0  0  0  0  0111  1111  3111  4111  5111  5111  5111  5111  5111  4111  4111  4111  4111  3111  3111  3111  2111  2111  2111  3111  4111  4111  4111  3111  2111  3111  3111  3111  3111  3111  4111  4111  4111  4111  4111  4
1607111  4111  5111  5111  5111  6111  5111  5111  5111  5111  5111  5111  4111  3111  2111  2  0  0  0  0  0  0  0  0  0  0  0  0111  1111  3111  3111  4111  5111  5111  5111  4111  4111  3111  2111  2111  1111  1111  2111  2111  3111  4111  4111  4111  3111  2111  2111  2111  2111  2111  2111  3111  3111  4111  4111  5111  5111  4111  4111  4111  3111  3111  2
1608111  2111  2111  1  0  0  0  0  0  0  0  0  0  0  0  0  0  0  0  0  0  0  0  0  0  0  0  0111  1111  2111  1111  1  0  0  0  0  0  0  0  0  0  0  0  0  0  0  0  0  0  0  0  0  0  0  0  0  0  0  0  0  0  0  0  0  0  0  0  0  0  0  0  0111  1111  1111  1  0  0  0  0  0  0111  2111  2111  2111  3111  4111  4111  4111  5111  5111  5111  5111  4111  4111  4111  4
1609111  4111  3111  3111  3111  3111  2111  2110  3110  3110  4110  4110  4110  4110  5110  5110  4110  4110  4110  3110  3110  3110  2  0  0  0  0  0  0  0  0  0  0  0  0  0  0  0  0  0  0  0  0  0  0  0  0  0  0  0  0  0  0110  1110  2110  1110  1110  1  0  0  0  0  0  0  0  0  0  0110  2110  2110  2110  3110  3110  3110  3110  2110  2110  2110  2109  2109  1
1610  0  0  0  0  0  0  0  0  0  0  0  0109  1109  1  0  0  0  0  0  0  0  0109  1109  2109  2109  2109  2109  2109  2  0  0  0  0  0  0109  1109  2109  2109  1109  2109  2  0  0  0  0109  2109  2109  5109  9109  9109  9109  8109  7109  6109  6109  7109  5109  3109  3109  3109  2  0  0  0  0  0  0  0  0  0  0109  1109  3109  4109  4108  4109  4109  4108  3108  1
1611  0  0108  1108  3108  5108  5108  4108  4108  5108  4108  3108  3108  5108  5108  5108  6108  7108  8108  9108  9108  6108  4108  7108 10108 10108  9108  8108  8108  8108  9108 12108 13108 14108 13108 11108  8108  7108  8108  9108  9108  7108  6108  4108  2108  5108  7108  6108  3109  5109  8109  6109  4108  4108  3108  4108  4108  2  0  0  0  0  0  0108  1
1612108  1108  3108  3108  5108 12108 13108  9108 13108 16108 14108  9108  4  0  0108  1108  3108  4108  7108 11108 13108  9108  9108 10108 11108 12108 15108 19108 20108 18108 16108 17108 18108 14108 10108 16108 23108 22108 18108 19108 23108 20108 22108 22108 20108 23108 21108 21108 23108 24108 23108 23108 22108 20108 19108 22108 22108 22108 21108 17108 16108 18
1613108 17108 12108  7108  8108 14108 16108 19108 21108 18108 17108 14108 16108 18108 15108 13108 10108 13108 14108 15108 17108 16108 17108 22108 26108 24108 18108 18108 20108 18108 19108 19108 20108 20108 17108 13108 10108 11108 15108 16108 14108 11108 11108 10108 11108 15108 15108 15108 20108 23108 24108 24108 21108 17108 12108 13108 15108  9108  5108  8108 11
1614108 15108 16108 15108 19108 22108 18108 16108 18108 18108 15108 10108  9108 11108 15108 15108 13108 14108 14108 15108 17108 15108 13108 12108 11108 10108  7108  6108 12108 16108 16108 17108 18108 16108 13108 12108 15108 16108 12108  7108  4108  2108  2  0  0108  3108  6108  9108 10108  9108 11108 13108 10108  6108  8108  8108  7108  5108  5108  7108  9108 10
1615108  8108  5108  5108  6108  8108 10108 11108 10108  8108  8108  8108  6108  6108  7108  8108  8108  8108  9108  8108  6108  3108  1108  5108 10108 14108 14108 12108 11108 11108 11108 10108  9108  9108 11108  8108  5108  5108  6108  7108  6108  7108 10109 10109  9109  8109  8109  9109  8109 12109 20109 20109 19109 18109 15109 16109 15109 13109 12109 11109 12
1616109 11109 11109 14109 21109 27109 23109 20109 19109 19109 21109 19109 17109 18109 16109 16109 18109 18109 17109 15109 14109 17109 23109 22109 18109 15109 13109 13109 16109 18109 16109 16109 17109 17109 15109 14109 14109 12109 11109 10109 10109 12109 14109 15109 15109 13109 11109 11109 12109 11109  8109 10109 14109 12109  9109  9109 10109 15109 17109 13109 10
1617109  8109 10109 15109 20109 19109 15109 19109 23109 21109 20109 18109 21109 22109 22109 21109 21109 22109 21109 20109 19109 16109 10109  9109 12109 17109 17109 13109 13109 18109 18109 16109 20109 20109 16109 19109 21109 23109 27109 27109 24109 22109 23109 22109 20109 21109 22109 21109 21109 20109 17109 15109 15109 17109 19109 18109 17109 17109 17109 15109 12
1618109 12109 13109 13109 12109 11109  9109  7109  8109 11109 11109 11109 11109 11109 14109 15109 13109 14109 18109 19109 17109 14109 13109 12109 11109 11109 12109 11109 12109 12109 13109 16109 14109 11109 11109  9109 10109 11109 13109 16109 16109 13109 12109 11109 12109 11109 11109 14109 14109 12109 13109 13109 11109  8109 10109 11109 10109 10109  8109  7109  7
1619109  7109  9109  9109  9109  9109  8109  9109  9109  7109  6109  9109 11109  9109 10109 11109 11109 12109 10109  8109  8109  7109  7109  6109  5109  6109  5109  4109  3109  3109  3109  3109  3109  4109  5109  6109  7109  8109  9109  9109 10109 10109 10109 10109 12109 14109 14109 13109 11109  9109  8109  8109  8109  9109  9109  9109 10109 11109  9109  9109 10
1620109  9109  8109  8109  8109  8109  8109  7109  7109  8109  8109  7109 10109 12109  9109  8109 10109  9109  8109  8109  7109  6109  5109  6109  6109  7109 10109 12109 12109 10109 12109 13109 13109 16109 14109 12109 13109 11109 11109 18109 23109 21109 16109 13109 14109 18109 20109 21109 21109 19109 16109 19109 23109 23109 23109 23109 31109 31109 27109 34109 30
1621109 25109 27109 23109 14109 14109 25109 27109 18109 11109 13110 21109 27109 28110 23110 14110  9110 10110 13110 16110 15110 12110 13110 14110 13110 16110 19110 23110 19110 16110 19110 21110 21110 15110 17110 19110 17110 19110 20110 19110 16110 18110 21110 18110 18110 23110 27110 26110 24110 22110 18110 16110 13110 10110 11110 12110 12110 12110 14110 24110 24
1622110 18110 18110 15110 17110 18110 13110 14110 18110 19110 15110 11110 13110 16110 18110 18110 14110 11110 14110 20110 18110 13110 12110  9110  9110 10110 12110 14110 13110 11110 10110 10110 11110 10110 10110 15110 14110 12110 10110 13110 18110 14110 10110  7110 10110 13110 14110 16110 11110 11110 11110  7110  8110 15110 21110 22110 20110 17110 13110  9110 11
1623110 14110 11110 10110 11110 11110  9110  7110  8110  9110  9110  8110  8110  9110  8110  6110  5110  4110  4110  3110  3110  3110  5110  6110  8110  9110  9110 10110 10110 10110  9110 10110 11110 11110 11110 11110 11110 11110 12110 13110 11110  9110  9110  8110  9110  9110 10110 12110 11110 11110 10110 10110 13110 12110 12110 10110 10110 12110  8110  6110 12
1700110 16110 14110 15110 15110 12110  9110  7110  7110  7110  7110  7110  6110  6110  7110  7110  8110  7110  7110  9110  7110  5110  5110  6110  6110  7110  7110  8110  9110  8110  8110  8110  7110  6110  5110  5110  5110  7110  8110  5110  3110  4110  5110  7110  9110  9110  8110  8110  9110  8110  8110  9110  7110  5110  6110  6110  4110  4110  3110  4110  7
1701110  8110  9110  8110  8110  7110  7110  8110  8110  6110  6110  8110  7110  8110  9110  8110  6110  6110  7110  6110  6110  7110  7110  7110  7110  6110  8110  7110  6110  6110  6110  6110  6110  6110  5110  5110  6110  7110  7110  6110  6110  6110  7110  9110  9110  9110  8110  9110  8110  9110  8110  9110 11110  9110  7110  8110  8110  8110  8110  7110  6
1702110  7110  7110  6110  6110  5110  5110  5110  4110  5110  7110  8110  6110  6110  8110  8110  7110  6110  6110  7110  7110  7110  8110  7110  7110  8110  8110  8110  8110  6110  7110  8110  7110  7110  7110  6110  6110  6110  7110  7110  7110  6110  6110  7110  6110  6110  6110  6110  6110  5110  5110  6110  7110  7110  7110  7110  6110  7110  7110  7110  7
1703110  7110  6110  6110  6110  6110  6110  6110  6110  6110  5110  7110  8110  7110  6110  6110  5110  5110  6110  6110  6110  5110  5110  4110  4110  3110  3110  3110  3110  4110  3110  3110  4110  4110  6110  6110  5110  6110  7110  7110  7110  8110  6110  5110  5110  4110  4110  4110  4110  5110  4110  4110  4110  5110  5110  6110  6110  6110  6110  6110  7
1704110  7110  5110  5110  5110  4//////110  3110  3110  4110  4110  3110  1  0  0  0  0  0  0  0  0  0  0110  1110  3110  4110  4110  3110  4110  3110  3110  3110  4110  4110  4110  4110  4110  4110  4110  4110  4110  5110  6110  6110  7110  7110  8110  9110  9110  9110  9110  9110 10110 11110 12110 13110 12110 12110 11110 10110 11110 11110 10110  7110  7110  6
1705110  6110  8110 10110  8110  7110  9110 10110 10110  9110 10110 11110  9110  9110  9110  8110  5110  8110 12110 10110  9110  9110  8110  5110  4110  5110  3  0  0  0  0  0  0  0  0  0  0  0  0  0  0  0  0  0  0  0  0  0  0  0  0  0  0  0  0110  1110  3110  4110  3110  3110  2110  2110  2110  1110  2110  2110  2110  1  0  0  0  0  0  0  0  0  0  0  0  0  0  0
1706  0  0  0  0  0  0  0  0  0  0  0  0  0  0  0  0  0  0  0  0  0  0  0  0  0  0  0  0  0  0110  1110  2110  3110  3110  3110  2110  3110  3110  2110  2  0  0  0  0  0  0  0  0110  2110  1110  1110  2110  3110  4110  4110  5110  5110  5110  5110  6110  6110  6110  6110  5110  4110  3110  2110  3110  3110  3110  2  0  0  0  0  0  0  0  0  0  0  0  0  0  0  0  0
1707  0  0  0  0  0  0  0  0  0  0  0  0  0  0  0  0  0  0  0  0  0  0  0  0  0  0  0  0  0  0110  1110  1110  1110  2110  4110  4110  4110  6110  7110  6110  4110  3110  3110  3110  3110  2110  2110  1  0  0  0  0  0  0  0  0  0  0  0  0  0  0110  1110  2110  2110  3110  2110  2110  3110  6110  7110  6110  7110  6110  3110  5110  7110  6110  6110  6110  6110  6
1708110  7110  9110  9110  8110  7110  6110  6110  7110  6110  6110  5110  4110  4110  4110  4110  3110  3110  3110  3110  4//////110  4110  5110  6110  7110  7110  6110  5110  5110  5110  5110  5110  4110  3110  2110  2110  2110  2  0  0  0  0  0  0  0  0  0  0  0  0  0  0  0  0  0  0  0  0  0  0  0  0  0  0  0  0  0  0110  2110  4110  4110  5110  5110  5110  4
1709110  4110  4110  4110  4110  5110  5110  5110  6110  6110  5110  5110  5110  4110  4110  3110  3110  3110  4110  4110  4110  5110  4110  4110  4110  3110  3110  3110  2110  3110  4110  2110  1110  3110  3110  2110  1  0  0110  1110  3110  3110  4110  5110  5110  6110  7110  8110  9110  8110  7110  9110 11110 11110 11110  9110  6110  4110  3110  3110  7110  9
1710110 10110 10110  9110  8110  8110  9110 11110 14110 14110 13110 13110  9110  6110  4110  4110  7110  9110  6110  5110  6110  6109  4109  5109  7109  4109  3109  2109  3109  4109  5109  5109  5109  5109  5109  3  0  0109  1109  2109  1109  1109  2109  3109  2109  3109  4109  4109  4109  3109  2109  2109  2109  1  0  0  0  0  0  0109  2109  3109  1  0  0  0  0
1711  0  0109  2109  2109  2109  4109  4109  5109  7109  8109  6109  4109  3109  3109  3109  3109  3109  1  0  0  0  0109  2109  2109  2109  4109  5109  6109  5109  3109  3109  4109  4109  4109  5109  5109  4109  4109  6109  7109  5109  4109  5109  7109  7109  6109  6109  6109  5109  5109  4109  3109  2109  3109  4109  6109  8109  8109  7109  5109  4109  5109  7
1712109  8109  8109  9109  9109  8109  8109  8109  7109  5109  3109  3109  4109  5109  6109  6109  7109  7109  8109  9109  9109  9109  7109  4109  7109 11109 13109 11109 11109 13109 14109 14109 13109 13109 13109 11109 11109 11109 12109 11109  9109  8109  8109  8109 10109 13109 12109 12109 14109 13109 14109 15109 14109 11109  8109  5109  5109  7109  9109 11109 12
1713109 10109  7109  4109  4109  8109 11109 11109 11109 12109 12//////109  8109 11109 13109 11109 10109  9109 10109 12109 14109 14109 10109 10109 11109 10109  9109 11109 14109 15109 16109 13109 13109 16109 16109 18109 19109 18109 16109 16109 16109 17109 17109 14109 13109 12109 11109 13109 12109  9109 13109 14109 14109 19109 20109 16109 14109 11109 11109 13109 14
1714109 14109 11109  9109 10109 12109 13109  9109  7109 12109 15109 14109 12109 13109 18109 18109 17109 19109 18109 14109 13109 14109 14109 16109 18109 21109 20109 15109 12109 12109 12109 12109 15109 16109 14109 13109 16109 19109 17109 15109 15109 14109 15109 16109 11109 13109 16109 16109 19109 18109 17109 22109 20109 17109 16109 14109 13109 12109 13109 19109 18
1715109 14109 16109 21109 17109 10109 12109 14109 12109 15109 20109 17109 18109 18109 14109 15109 19109 21109 20109 20109 19109 17109 18109 17109 15109 14109 15109 11109  7109  6109  7109  7109  6109  9109 11109 11109 12109 15109 16109 18109 19109 16109 15109 15109 14109 15109 17109 16109 15109 12109  9109 13109 15109 13109 14109 10109 10109 16109 16109 14109 16
1716109 15109 11109  9109  8109  7109 10109 12109 14109 15109 11109 10109 12109 11109 11109 14109 12109 11109 14109 19109 18109 13109 11109 11109 11109 14109 18109 20109 15109 14109 16109 17109 18109 16109 15109 16109 15109 14109 14109 12109 10109  7109  7109  9109 14109 16109 15109 15109 14109 14109 13109 13109 14109 16109 16109 15109 19109 22109 16109 13109 17
1717109 15109 12109 13109 14109 17109 17109 15109 16109 17109 15109 11109 10109  9109 11109 15109 13109 15109 19109 19109 14109 12109 13109 13109 10109  9//////109 12109 13109 16109 17109 15109 13109 11109 10109  9109 10109 14109 15109 10109  7109  6109  4109  3109  2109  4109  9109 12109 11109 10109 11109  9109  6109  5109  5109  5109  5109  6109  6109  5109  5
1718109  6109  7109  7109  8109 10109  9109  7109  8109  8109  7109  8109  9109 10109 11109 11109 10109 10109  9109  9109 12109 11109  8109  7109  7109  6109  4109  4109  5109  7109 10109 10109  9109 11109 12109 11109  9109  7109  6109  5109  4109  3109  2109  3109  4109  4109  4109  5109  7109  8109  8109  9109  9109  9109 12109 15109 15109 14109 14109 13109 12
1719109 13109 14109 13109 12109 13109 14109 17109 14109 12109 13109 12109 11110 11110 12110 12110 14110 15110 13110 12110 14109 15110 14110 14110 15110 13110 13110 15110 15110 15110 16110 17110 16110 15110 14110 14110 15110 16110 17110 17110 16110 14110 17110 19110 19110 19110 17110 16110 15110 14110 15110 15110 16110 16110 13110 16110 18110 14110 12110 13110 14
1720110 11110 11110 12110 14110 14110 11110 10110 11110 10110  9110  8110  7110 10110 13110 11110 10110  8110  9110  9110 15110 23110 26110 24110 20110 20110 17110 17110 24110 26110 24110 22110 22110 22110 20110 17110 14110  8110  6110  9110 10110  7110  4110  2110  3110  4110  3110  2110  3110  4110  3110  5110  6110  6110  7110  8110  8110  5110  5110  4110  2
1721110  2110  5110  6110  6110  8110  7110  5110  6110  6110  6110  6110  8110  8110  7110  6110  6110  8110 10110 11110 12110 11110 13110 13110 14110 13110 11110 13110 16110 16110 14110 15110 15110 13110 12110 11110  9110  8110  9110  9110  7//////110  7110  5110  5110  6110  7110  8110  9110  9110  8110  6110  5110  4110  2110  2110  3110  3110  3110  4110  4
1722110  4110  3  0  0  0  0  0  0  0  0  0  0  0  0  0  0110  2110  4110  6110  6110  8110 10110 10110  9110  8110 10110 11110  9110  7110  7110  7110  9110 13110 14110 13110 10110  9110  8110  8110  9110  9110 12110 12110 11110 11110 10110  8110 11110 13110 13110 13110 14110 12110 10110 13110 15110 15110 13110 13110 13110 13110 12110 12110 14110 16110 15110 15
1723110 14110 11110 10110 12110 13110 14110 16110 16110 19110 18110 14110 16110 17110 14110 12110 11110 10110 11110 15110 17110 17110 17110 17110 18110 17110 17110 20110 22110 22110 23110 19110 17110 18110 19110 18110 16110 16110 16110 17110 19110 18110 16110 16110 16110 15110 13110 11110 11110 12110 11110  6110  3110  4110  7110  8110  9110  9110  7110  3110  2
1800110  3110  4110  6110  8110  7110  6110  5110  7110 10110  8110  6110  6110  6110  9110  9110  6110  4110  4110  6110  8110  6110  4110  6110  5110  4110  3110  4110  4110  5110  5110  5110  6110  8110  7110  6110  8110 10110 11110 10110  7110  6110  6110  6110  5110  2110  1110  2110  3110  3110  2110  2110  1  0  0  0  0  0  0  0  0  0  0  0  0110  3110  3
1801110  3110  4110  5110  7110  8110 10110  8110  6110  6110  7110 10110 11110  9110  8110  7110  7110  7110  7110  5110  4110  4110  5110  4110  4110  6110  4110  4110  4110  4110  4110  3110  4110  4110  4110  4110  4110  5110  4110  2110  3110  5110  7110  8110  9110  9110 10110 10110 13110 13110 11110 11110 11110  9110 10110 12110 14110 14110 12110 10110 12
1802110 12110 13110 16110 18110 18110 14110 13110 18110 19110 21110 19110 15110 15110 15110 16110 15110 13110 13110 13110 13110 13110 12110 14110 17110 19110 22110 18110 18110 20110 15110 14110 12110  9110  9110 10110 11110 13110 13110 11110 12110 13110 10110  6110  6110  7110  4110  3110  3110  4110  4110  5110  5110  5110  5110  5110  4110  2110  2110  4110  6
1803110  8110  8110  7110  7110  7110  7110  5110  3110  2110  2110  5110  7110  8110 10110 10110 10110 14110 15110 15110 15110 14110 15110 10110  8110  6110  6110  6110  7110  9110 10110  9110 12110 14110 11110  9110  8110  8110  9110 10110  7110  6110  8110  8110  6110  5110 12110 15110 12110 10110  8110  9110 12110 10110  8110  7110  8110 10110  9110  6110  5
1804110  5110  2  0  0110  1110  2110  2110  2110  2  0  0  0  0110  1110  2110  2110  3110  4110  3110  5110  7110  7110  8110  8110  8110 10110  9110 10110 10110 10110 10110 10110  9110  8110  7110  5110  5110  4110  2110  1  0  0  0  0  0  0  0  0  0  0  0  0  0  0  0  0  0  0  0  0110  3110  5110  4110  2110  3110  2110  2110  2110  4110  7110  7110  5110  4
1805110  4110  4110  4110  5110  5110  5110  5110  6110  5110  3110  2110  3110  4110  6110  6110  5110  6110  5110  5110  7110  6110  6110  7110  6110  5110  5110  6110  9110 12110 11110  9110 10110 11110 11110 12110 11110 10110 10110 10110 12110 12110 11110 10110  9110  8110  8110  9110 10110  9110  5110  3110  3110  5110  6110  5110  4110  3110  2  0  0  0  0
1806  0  0110  2110  4110  6110  9110  9110  9110 10110 11110 13110 13110 11110  9110 11110 12110 12110 12110 11110  8110  6110  6110  5110  5110  7110  9110 10110 11110 12110 12110 11110 10110 10110  9110  8110  8110  9110  9110  9110 10110 10110 11110 12110 12110 11110 11110 13110 13110 13110 14110 15110 15110 15110 14110 13110 14110 15110 12110 11110 12110 15
1807110 16110 14110 13110 15110 15110 13110 11110 11110 13110 12110 12110 13110 12110 14110 15110 15110 16110 17110 18110 16110 15110 16110 17110 18110 19110 20110 23110 27110 26110 24110 20110 16110 18110 21110 19110 18110 18110 21110 23110 18110 21110 20110 15110 13110 11110 11110 11110 12110 13110 15110 16110 16110 19110 19110 18110 20110 22110 23110 22110 20
1808110 22110 23110 24110 23110 25110 24110 20110 17110 15110 11110 11110  9110 10110 16110 18110 17110 16110 13110 12110 13110 14110 16110 13110 11110 12110 12110 11110 10110 11110 17110 19110 18110 17110 16110 19110 23110 19110 14110 13110 15110 16110 15110 15110 18110 23110 20110 16110 18110 19110 19110 18110 19110 17110 17110 17110 15110 15110 15110 12110  8
1809110  6110  5110  4110  2110  5110 12110 12110 11110 11110  8110  9110 11110  9110  9110  7110  6110  6110  5110  5110  5110  6110  8110  9110  7110  8110  8110  6110  5110  7110 13110 15110 15110 15110 13110 11110 13110 14110 14110 16110 14110 12110 19110 22110 19110 18110 14110 12110 14110 11110 12110 13110 12110 14110 14110 14110 15110 14110 10110 11110 12
1810110 10110 11110 11110 15110 14110  7110  6110  8110 10110 14110 15110 14110 12110 11110  8110  9110 13110 13110 13110 12110 12110  9110  7110  6110  6110  6110  9110 13110 14110 16110 15110  9110  7110  6110  5110  6110  5110  5110  9109 12109 10109  7109  7109  5109  6109  9109  8109  5109  4109  3109  3109  3109  4109  7109 11//////109 13109 14109 14109 14
1811110 13110 13110 13110 12110 12110  9110  7110  6110  6110  6110  9110 13110 14110 16110 15110  9110  7110  6110  5110  6110  5110  5110  9109 12109 10109  7109  7109  5109  6109  9109  8109  5109  4109  3109  3109  3109  4109  7109 11//////109 13109 14109 14109 14109 14109 12109  9109  4109  4109  8109 11109 10109  7109  7109  7109  5109  5109  4109  4109  6
1812109 11109 14109 13109 12109 11109 11109 12109 11109 10109  8109  5109  6109 11109 12109 11109  8109  8109 10109 10109  8109  6109 10109 16109 15109 16109 14109  7109  8109 14109 12109 12109 15109 18109 19109 17109 14109  8109  6109  8108  7108 11108 21108 24108 23108 19109 19109 21109 22109 16109 15109 17109 16109 14109 16109 20109 18109 14109  9109  6109 10
1813108 12108 11108  9108  6108  5108 12108 18108 16108 14108 16108 15108 12108 12108 13108 12108 12108 14108 12108  9108  6108  3108  3108  5108  6108  7108  7108  6108  4108  5108  7108 11108 12108 13108 13108  8108  4108  5108  5108  3108  5108 13108 16108 14108 14108 12108 13108 15108 13108 12108 11108 14108 17108 14108 10108  9108  8108  8108  8108  7108  3
1814108  4108  8108  7108  9108 11108 10108 10108 10108 17108 21108 19108 17108 14108 13109 12109 11109 10109  8109 11109 14109  9109  6109  7109  6108  5108  8109  7108  4108  9108 16108 16108 12108  9108  8108  8108  7108  8108  9108  8108  9108 11108  9108  7108  6108  7108 10108 13108 12108 10108  8108  5108  5108  5108  4108  2108  3108  8108 11108 11108 11
1815108  9108 10108 11108 17108 18108 14108 13108 12108 11108  9108  7108  6108  5108  5108  8108  8108 14108 18108 15108 13108 12108 12108 14108 15108 13108 11108  9108 10108 13108 15108 15108 13108  9109  7109  6108  5109  8109 13109 10109  6109  8108 13108 13108 10108 10108 15108 17108 11108  5108  4108  6108 12108 19108 19108 15108 13108 12108 11108  8108  9
1816108 10108  8108  8108  9108  9108  6108  6108  9108 16108 21108 21108 19108 19108 19108 20108 19108 18108 21108 20108 20108 19108 19108 19109 18109 18109 20109 23109 22109 20109 19109 21109 21109 19109 17109 19109 22109 21109 21109 19109 20109 22109 23109 26109 26109 27109 22109 18109 18109 17109 20109 21109 20109 22109 23109 23109 22109 25109 27109 25109 26
1817109 27109 25109 26109 25109 24109 22109 17109 16109 20109 21109 19109 17109 18109 19109 16109 14109 16109 19109 18109 18109 18109 17109 17109 17109 16109 15109 15109 16109 16109 18109 21109 19109 16109 15109 16109 17109 16109 16109 17109 15109 14109 15109 13109  9109  7109  9109 10109 11109 11109 11109 12109 12109 12109  9109 11109 13109 12109 12109 10109  8
1818109  8109  8109  7109  7109  8109 11109 13109 12109 10109 10109 11109 11109 10109 11109  9109  7109  6109 10109 14109 14109 14109 11109  7109  8109 12109 12109  9109  8109  8109  8109  7109  5109  6109  9109  8109  5109  5109  7109 11109 15109 14109 15109 18109 17109 13109 10109 14109 14109 19109 26109 22109 20109 19109 16109 15109 16109 15109 13109 15109 15
1819109 14109 19109 20109 12109 12109 13109 12109 16109 17109 15109 14109 10109  9109 13109 15109 15109 16109 14109 10109  9109  7109  8109  9109  7109  6109  8109  9109 10109 10109 10109  9109 10109 11109 10109  9109  7109  7109  8109 10109 10109 10109 11109 11110 11110 11110 11110 10110 11110 11110 11110 14109 13110 12110 10110  9110 11110 14110 17110 17110 13
1820110 11110 15110 18110 17110 15110 11110 10110 12110 10110 12110 14110 13110 13110 12110  8110  8110  7110  8110 11110 12110 11110  9110  7110  8110  9110  6110  5110  7110  7110  7110  9110 10110  8110  8110  8110 11110 12110 11110 12110  9110  8110  9110 11110 12110 10110  9110 11110 11110  9110  8110  8110  8110 10110  9110  7110  8110  7110  4110  5110  5
1821110  5110  7110 10110 12110 13110 14110 12//////110 11110 11110 11110 13110 11110  8110  8110  9110 11110  9110  4110  5110  8110  9110  9110  7110  8110  9110 11110 11110 10110 11110 12110 13110 14110 12110 11110 13110 14110 13110 13110 14110 11110 12110 13110 13110 15110 16110 11110  8110  6110  5110  7110 11110 14110 12110  9110  8110 10110 10110  8110  7
1822110 10110 12110 12110 16110 15110 13110 12110 10110  7110  7110 12110 13110 12110 15110 17110 16110 13110 11110 12110 11110 10110 15110 16110 12110 13110 13110 10110 11110 12110 11110 14110 15110 11110 10110 14110 14110 13110 13110 12110 11110 14110 15110 13110 13110 13110 11110 12110  9110  6110  4110  5110  7110  9110 10110 10110 10110 12110 14110  9110  9
1823110 15110 15110 14110 15110 14110 11110 11110 10110  7110  9110 11110  7110  8110 12110  9110  8110 10110 11110 10110 12110 12110 11110  8110  9110 12110 13110 12110 13110 12110  9110  7110  7110  8110  8110  7110  9110 11110 11110 15110 15110 13110 13110  8110  5110  8110 12110 13110 11110 10110 11110 13110 16110 15110 12110 11110 11110 11110 13110 14110 13
1900110 13110 14110 14110 13110 11110 11110 12110 10110  9110  8110  6110  5110  4110  5110  7110  8110  6110  4110  1110  2110  5110  5110  3110  2110  1110  3110  9110 10110  8110  7110  8110  9110  8110  5110  6110  8110  5110  5110  7110  6110  4110  4110  3110  1110  2110  2  0  0  0  0  0  0  0  0  0  0110  1110  4110  6110  7110  7110  7110  8110  6110  4
1901110  4110  6110  7110  8110  8110  9110  8110  8110  8110  8110  7110  9110  8110  9110 12110 13110 12110 13110 13110 14110 13110 10//////110 11110 12110 14110 13110 10110 13110 14110 12110 11110  9110  7110  5110  4110  3110  4110  5110  6110  6110  6110  6110  7110  7110  8110  8110  8110 10110 10110  8110  8110  9110  9110 10110 11110 12110 12110 11110 10
1902110  9110  9110  9110 10110 10110  8110  8110 10110 13110 14110 13110 10110  8110  8110  8110  8110  8110  8110  7110  8110  7110  6110  7110  5110  5110  7110  7110  6110  5110  5110  6110  7110  6110  7110  8110  7110  5110  5110  5110  5110  5110  4110  3110  3110  3110  5110  6110  5110  5110  5110  4110  4110  5110  5110  3110  3110  4110  5110  4110  3
1903110  3110  2110  1110  3110  4110  3110  2  0  0  0  0  0  0  0  0  0  0  0  0  0  0  0  0  0  0  0  0  0  0  0  0  0  0  0  0  0  0  0  0  0  0  0  0  0  0  0  0  0  0  0  0  0  0  0  0  0  0  0  0  0  0110  2110  3110  4110  4110  4110  3110  3110  2110  2110  2110  2110  2110  2110  1110  1  0  0  0  0  0  0  0  0  0  0  0  0110  2110  3110  3110  3110  3
1904110  2110  2110  2110  1110  1110  1110  2110  2110  2110  2110  2110  2110  2110  2110  2110  2110  2110  2110  2110  1  0  0  0  0  0  0  0  0110  1110  2110  2110  2110  1  0  0  0  0  0  0  0  0  0  0  0  0  0  0  0  0  0  0  0  0  0  0  0  0  0  0  0  0  0  0  0  0  0  0  0  0  0  0  0  0110  2110  3110  3110  4110  4110  4110  4110  5110  4110  4110  4
1905110  4110  5110  5110  5110  5110  4110  3110  3110  3110  3110  2110  2110  2110  2110  3110  4110  5110  5110  5110  5110  5110  4110  3110  2110  2110  1110  1110  2110  2110  3110  3110  4110  5110  5110  5110  5110  5//////110  4110  4110  4110  4110  3110  4110  4110  4110  4110  4110  4110  3110  3110  3110  2110  2110  2110  1110  1110  1110  2110  2
1906110  3110  3110  3110  3110  3110  3110  3110  3110  3110  3110  3110  3110  4110  6110  7110  7110  8110  8110  7110  5110  5110  4110  3110  3110  3110  3110  3110  3110  4110  4110  4110  4110  4110  4110  4110  4110  4110  4110  5110  6110  7110  7110  7110  7110  6110  5110  5110  4110  4110  5110  5110  4110  3110  2110  1  0  0110  3110  5110  4110  7
1907110  9110 12110 13110 12110 13110 12110 10110  9110  8110  6110  6110  6110  5110  7110  7110  5110  3110  3110  3110  2110  2110  1110  1110  2110  2  0  0  0  0  0  0  0  0  0  0  0  0110  2110  3110  4110  5110  6110  6110  5110  5110  4110  3110  2110  3110  4110  5110  5110  5110  4110  3110  2110  2110  2110  1110  1  0  0  0  0  0  0  0  0  0  0  0  0
1908110  1110  2110  3110  5110  6110  7110  7110  9110 11110 10110  7110  7110  7110  4110  4110  3110  2110  1  0  0110  2110  4110  4110  4110  5110  6110  7110  8110  8110  7110  7110  7110  7110  5110  4110  4110  6110  8110  6110  6110  5110  4110  5110  6110  7110  7110  6110  7110  7110  4110  5110  6110  6110  6110  7110  7110  7110  7110  6110  6110  5
1909110  4110  4110  4110  3110  2110  3110  3110  3110  5110  7110  7110  6110  7110  9110  9110  7110  5110  6110  9110  9110  7110  6110  8110  9110  9110  7110  6110  9110 10110  9110 10110 14110 14110 11110  7110  4110  3110  2110  4110  5110  6110  9110 11110 11110 10110 10110 11110 12110 11110 11110 12110 11//////110 10110  9110 10110 12110 11110  9110  7
1910110  9110 11110 11110 11110 13110 14110 13110 13110 12110 11110  9110 10110 12110 10110  7110  8110  9110  9110  8110  6110  5110  7110  7110  6110  4110  2110  1110  2110  2110  2110  1110  1110  2110  3110  5110  4110  4110  4109  4109  4109  5109  6109  9109 10109  8109  7109  8109  8109  7109  5109  4109  4109  3109  1  0  0109  1109  3109  3109  3109  2
1911109  3109  4109  4109  3109  4109  5109  4109  4109  5109  4109  4109  3109  2109  4109  4109  3109  2109  4109  7109  9109  9109 10109  8109  6109  4109  2109  3109  3109  3109  7109 10109  6109  3109  6109 10109 10109 10109  9109  9109 11109 13109 14109 13109 11109 12109 10109 11109 13109 13109 17109 21109 21109 20109 19109 17109 11109 11109 14109 13109 12
1912109 12109 13109 11109 11109 12109 12109 13109 14109 17109 16109 12109 12109 15109 17109 15109 14109 12109 11109 11109 10109  7109  7109 11109 11109  9109  9109  7109  6109 10109 12109 10109 11109 14109 17109 14109 10109  9109 11109 13109 15109 12109 15109 17109 15109 13109 12109 11109  8109 11109 14109 12109 11109 12109 12109  9109  6109  4109  3109  2109  4
1913109  5108  9108 13108 10108  5108  3108  4108  7108 14108 21108 21108 15108 16108 18108 12108  7108  6108 12108 13108 13108 13108 16108 16108 12108 14108 11108  7108  6108 10108 17108 22108 22108 18108 12108  9108 15108 17108 13108  9108  6108 11108 20108 18108 15108 19108 21108 20108 18108 17108 19108 21108 19108 21108 20108 14108 10108  8108  6108  4108  6
1914108 11108 18108 19108 19108 19108 13108 10//////108 24108 22108 16108  9108  5108 14108 21108 13108  9108  7108 15108 19108 17108 15108 12108 15108 18108 15108 14108 20108 21108 15108 12108 12108 15108 15108 13108 13108 14108 17108 15108 11108 11108 10108  6108  8108 11108 14108 16108 19108 24108 22108 18108 18108 15108 12108 14108 12108  9108  8108  9108 14
1915108 14108  9108  9108 13108 17108 17108 24108 22108 13108 14108 18108 17108 15108 17108 17108 18108 16108 14108 18108 20108 18108 21108 23108 17108 11108  6108 10108 18108 25108 23108 14108 10108  8108  8108  8108  6108  6108 10108 13108 12108 15108 17108 17108 16108 11108 11108 16108 13108 12108 17108 16108 14108 17108 20108 21108 19108 16108 19108 19108 17
1916108 20108 20108 20108 25108 29108 27108 19108 15108 13108 13108 17108 18108 20108 20108 17108 22108 29108 27108 20108 14108 11108  8108  8108 11108 14108 15108 17108 19108 18108 17108 16108 20108 21108 17108 14108 14108 15108 14109 15109 13109  9109  6109  5109  6109  8109 11109 16109 15109 13109 11109  8109  6109 11109 17109 17109 16109 14109 10109  7108  9
1917108 11108 11108 11108 10108  9108  9108 13108 14108 15108 15108 11108 10108 11108 13108 15108 14109 17109 20109 18109 14109 12109 10109  9109  9109 10109 11109 13109 14109 11109  9109 12109 15109 13109 12109 11109  8109  9109 12109 12108 13108 14108 14108 15108 14108 14108 17108 18108 15108 14108 15108 13108 13108 15108 15108 12108 10108  8108  8108 10108 11
1918108 13108 15108 16108 15108 13108 12108 14108 13108 16108 18108 15108 13108 13109 15109 15109 14109 17109 17109 13109 13109 12109 10109 11109 11109 11109 12109 13109 13109 12109 11109 12109 13109 13109 12109 11109 11109 10109 11109 10109  9109  9109  8109  6109  7109  8109  7109  7109  8109  7109  8109  8109  8109  8109  8109  8109  8109  7109  7109  8109  8
1919109  8109  7109  7109  7109  6109  5109  5109  6109  6109  6109  7109  8109  8109  9109  9109  9109 10109 10109  9109  9109  9109  9109  9109  8109  7109  7109  8109  8109  7109  7109  7109  6109  7109  8109  8109  8109  9109 10109 10109  9109 10109 10109 10109 10109  9109  9109  8109  8109  7109  6109  6109  7109  7109  6109  6109  7109  7109  7109  6109  6
1920109  6109  6109  6109  7109  6109  7109  8109  8109  9109 10109 10109 10109  9109  8109  8109  8109  9109  9109 10109 10109 10109 10109  9109  9109  9109  8109  8109  7109  7109  7109  7109  6109  6109  6109  6109  6109  7109  7109  8109  8109  7109  7109  6109  5109  5109  6109  7109  8109  7109  7109  7109  8109  8109  8109  9109  8109  7109  5109  5109  4
1921109  6109  7109  7109  7109  7109  6109  6109  7109  7109  6109  5109  5109  4109  4109  3109  3109  3109  4109  5109  6109  6109  6109  6109  5109  5110  6110  7110  8110  8110  8110  8110  9109  9109  7110  6110  6110  6110  6110  8110  8110  7110  7110  7110  8110  8110 11110 11110 10110 11110 11110  8110  8110  8110  5110  4110  5110  6110  6110  5110  4
1922110  3110  3110  2110  2110  1  0  0110  1110  1110  1110  1110  1110  1110  2110  3110  3110  2110  2110  2110  2110  2110  2110  2110  2110  2110  2  0  0  0  0  0  0  0  0  0  0110  2110  4110  5110  5110  4110  4110  4110  4110  5110  6110  7110  8110  8110  7110  7110  7110  7110  7110  7110  7110  7110  8110  7110  6110  6110  6110  6110  6110  6110  6
1923110  6110  6110  6110  7110  7110  6110  6110  5110  5110  4110  3110  3110  2110  2110  3110  4110  6110  6110  5110  4110  4110  4110  3110  2110  3110  4110  4110  4110  4110  4110  4110  4110  4110  4110  3110  3110  3110  3110  4110  4110  5110  6110  5110  5110  6110  6110  6110  6110  6110  6110  6110  6110  5110  5110  5110  5110  4110  4110  5110  5
2000110  5110  5110  5110  4110  4110  5110  5110  5110  5110  5110  5110  4110  3110  4110  5110  6110  6110  6110  6110  5110  4110  3110  3110  3110  3110  4110  4110  4110  3110  4110  4110  4110  4110  4110  5110  4110  4110  3110  3110  3110  3110  3110  3110  2110  1  0  0  0  0  0  0  0  0  0  0  0  0  0  0  0  0  0  0110  3110  3110  4110  5110  5110  6
2001110  6110  5110  5110  5110  5110  6110  6110  7110  9110 10110 10110  8110  8110  9110  8110  8110  7110  5110  4110  4110  4110  4110  4110  4110  4110  4110  3110  3110  2110  3110  4110  4110  4110  4110  5110  5110  6110  6110  6110  5110  5110  5110  5110  5110  5110  5110  6110  6110  6110  6110  6110  6110  6110  7110  7110  6110  6110  6110  5110  5
2002110  5110  4110  4110  4110  4110  3110  2110  2110  2  0  0  0  0  0  0  0  0  0  0110  1110  3110  3110  4110  4110  5110  6110  6110  6110  5110  4110  3110  3110  2110  2110  3110  3110  3110  3110  3110  3110  3110  2110  2110  2110  2110  3110  3110  4110  4110  5110  5110  5110  4110  4110  5110  5110  5110  5110  5110  5110  4110  4110  4110  4110  4
2003110  4110  4110  4110  5110  5110  6110  7110  7110  7110  6110  5110  5110  5110  4110  4110  4110  3110  3110  3110  2110  1  0  0  0  0  0  0  0  0  0  0  0  0  0  0  0  0  0  0  0  0  0  0  0  0  0  0  0  0  0  0  0  0  0  0  0  0  0  0  0  0  0  0  0  0110  1110  2110  3110  3110  3110  3110  3110  4110  4110  4110  4110  4110  5110  5110  5110  5110  4
2004110  5110  5110  6110  7110  7110  6110  6110  5110  5110  5110  4110  4110  4110  4110  4110  3110  3110  3110  3110  3110  3110  3110  3110  3110  3110  3110  3110  3110  3110  3110  3110  4110  4110  5110  3110  2110  3110  4110  5110  5110  5110  5110  5110  4110  3110  2  0  0  0  0  0  0  0  0110  1110  2110  2110  2110  2110  3110  3110  3110  3110  3
2005110  3110  2110  2110  2110  3110  3110  4110  4110  4110  4110  4110  3110  2110  1  0  0110  1110  2110  3110  4110  4110  3110  2  0  0  0  0  0  0  0  0  0  0110  1110  1  0  0  0  0  0  0  0  0  0  0  0  0110  1110  3110  3110  4110  5110  5110  5110  5110  5110  5110  4110  3110  2110  1  0  0  0  0110  1110  2110  3110  4110  4110  5110  5110  4110  3
2006110  2110  1  0  0  0  0  0  0  0  0  0  0  0  0110  1110  3110  4110  4110  3110  3110  3110  3110  2  0  0  0  0110  1110  3110  4110  5110  6110  6110  5110  4110  3110  3110  3110  4110  3110  3110  3110  3110  2110  1  0  0  0  0  0  0  0  0  0  0  0  0  0  0  0  0  0  0  0  0  0  0  0  0  0  0  0  0  0  0  0  0  0  0  0  0  0  0  0  0110  2110  3110  4
2007110  5110  6110  5110  5110  5110  7110  8110  8110  9110 10110 12110 12110 12110 11110 10110  9110  9110  8110  8110  8110  7110  7110  7110  6110  6110  6110  7110  7110  8110  8110  8110  8110  8110  7110  6110  5110  4110  4110  4110  4110  3110  3110  4110  4110  3110  2110  3110  3110  3110  4110  5110  6110  6110  6110  6110  6110  5110  4110  3110  3
2008110  3110  3110  2110  2110  1110  1110  1110  2110  3110  4110  5110  5110  5110  4110  3110  2110  1  0  0  0  0  0  0  0  0  0  0110  1110  3110  4110  7110 10110 13110 14110 11110  9110  8110  5110  3110  4110  5110  6110  6110  6110  6110  5110  6110  8110  8110  7110  6110  5110  5110  4110  3110  3110  3110  6110  6110  5110  4110  5110  5110  5110  5
2009110  4110  3110  3110  4110  5110  4110  3110  2110  1110  1110  2110  3110  3110  3110  2110  2110  2110  2110  2110  2110  3110  3110  4110  3110  3110  2110  2110  2110  1  0  0  0  0  0  0  0  0  0  0110  2110  3110  4110  4110  4110  4110  4110  3110  2  0  0  0  0  0  0  0  0  0  0  0  0  0  0  0  0  0  0  0  0109  2109  3109  2109  1  0  0  0  0  0  0
2010109  2109  3109  4109  5109  5109  4109  4109  4109  4109  4109  3109  3109  3109  2109  2109  2109  2109  3109  5109  4109  2109  1109  2109  4109  6109  8109  9109  9109  9109 10109  8109  6109  6109  6109  7109  7109  6109  7109  8109 11109 15109 14109  9109  9109  9109  9109 11109 13109 14109 16109 15109 13109 12109 14109 16109 15109 12109  9109  9109 11
2011109  8//////////////////////////////////////////////////////////////////////////////////////////////////////////////////////////////////////////////////////////////////////////////////////////////////////////////////////////////////////////////////////////////////////////////////////////////////////////////////////////////////////////////////////////////////
2012////////////////////////////////////////////////////////////////////////////////////////////////////////////////////////////////////////////////////////////////////////////////////////////////////////////////////////////////////////////////////////////////////////////////////////////////////////////////////////////////////////////////////////////////////////
2013////////////////////////////////////////////////////////////////////////////////////////////////////////////////////////////////////////////////////////////////////////////////////////////////////////////////////////////////////////////////////////////////////////////////////////////////////////////////////////////////////////////////////////////////////////
2014////////////////////////////////////////////////////////////////////////////////////////////////////////////////////////////////////////////////////////////////////////////////////////////////////////////////////////////////////////////////////////////////////////////////////////////////////////////////////////////////////////////////////////////////////////
2015////////////////////////////////////////////////////////////////////////////////////////////////////////////////////////////////////////////////////////////////////////////////////////////////////////////////////////////////////////////////////////////////////////////////////////////////////////////////////////////////////////////////////////////////////////
2016------------------------------------------------------------------------------------------------------------------------------------------------------------------------------------------------------------------------------------------------------------------------------------------------------------------------------------------------------------------------
2017108 13108 14108 14108 13108 13108 15108 14108 13108 11108  7108  8108 11108 12108 12108 13108 16108 16108 15108 15108 13108  8108  7108  8108  8108 11108 13108 10108  9108  8108  8108  8108  8108  8108  8108  8108 10108 11108  9108  7108  7108  9108  7108  6108  7108 10108 11108 10108  8108  8108  7108  7108  9108 11108 10108 10108 11108 10108  8108  7108  8
2018108 10108  9108  8108  6108  4108  4108  6108  7108  7108  6108  6108  6108  5108  4108  6108  8108  7108  5108  5108  6108  7108  6108  6108  7108  7108  8108  9108  8108  6108  7108  6108  5108  4108  5108  5108  4108  3108  4108  5108  6108  7108  9108 11108 11108 12108 13108 13108 13108 12108 13108 13108 11108 12108 11108 10108  8108 10108 12108 11109  9
2019109  9109 10109 12109 15109 16109 14109 13109 11109 11109 12109 13109 12109 10109  8109  9109 10109  9109  8109  8109  8109  9109  7109  7109  7109  6109  5109  6109  6109  5109  5109  5109  4109  4109  4109  4109  4109  4109  4109  3109  3109  3109  2109  1109  1109  2109  2109  2109  2109  4109  5109  4109  4109  5109  5109  5109  5109  4109  3109  4109  5
2020109  6109  5109  4109  3109  4109  4109  4109  5109  4109  5109  5109  6109  7109  8109  9109 10109 11109  9109  8109  8109  9109 10109 11109 11109 11109 13109 13109 12109 13109 13109 13109 13109 12109 14109 14109 12109 11109 12109 12109 11109 10109  9109 10109 13109 15109 13109 10109 12109 12109  9109  8109  9109  9109 10109 11109 10109  8109  9109  9109  9
2021109 10109 10109  9109  7109  6109  6109  8109  9109  8109  9109  9109  9109  9109  8109  8109  8109  7109  7109  8109  7109  7109  7109  6109  5109  4109  3109  3109  1  0  0  0  0  0  0  0  0  0  0  0  0  0  0  0  0  0  0  0  0  0  0  0  0109  1109  1109  2109  3109  5109  6109  8109  8109  8109  8109  8109  8109  6109  6109  6109  6109  6109  7109  6109  5
2022109  5109  4109  4109  3109  2109  1109  1109  2109  3109  3109  3109  2  0  0  0  0  0  0  0  0109  2109  3109  2109  1  0  0  0  0  0  0  0  0  0  0109  1109  2109  2109  2109  1  0  0  0  0  0  0  0  0  0  0  0  0  0  0  0  0  0  0  0  0  0  0  0  0  0  0  0  0  0  0  0  0  0  0109  1109  2109  1109  2109  2109  3109  4110  5110  4110  3110  3109  4109  4
2023109  4110  3110  2110  2110  3110  3110  4110  5110  5110  5110  5110  3110  1  0  0  0  0  0  0110  2110  2110  3110  4110  3110  3110  2110  3110  4110  4110  2110  2110  5110  7110  7110  6110  5110  4110  1  0  0  0  0  0  0110  2110  2110  4110  5110  5110  4110  4110  4110  4110  2110  2110  2110  2110  1110  2110  3110  3110  2110  2  0  0  0  0  0  0
2100  0  0  0  0  0  0  0  0  0  0110  2110  3110  2110  1  0  0  0  0  0  0  0  0  0  0  0  0  0  0  0  0  0  0  0  0  0  0  0  0  0  0  0  0110  2110  3110  3110  4110  4110  5110  6110  6110  6110  6110  6110  6110  5110  5110  5110  4110  4110  4110  4110  4110  4110  4110  4110  5110  6110  6110  6110  6110  7110  8110  8110  8110  9110 10110 10110 10110  9
2101110  8110  9110 10110  9110  7110  7110  8110  6110  5110  4110  4110  5110  6110  8110  9110  8110  8110 10110 12110 10110  9110  8110  8110  7110  6110  5110  5110  4110  5110  6110  6110  6110  6110  6110  6110  7110  7110  7110  7110  8110  8110  8110  8110  8110  7110  6110  6110  5110  4110  4110  5110  4110  4110  4110  4110  4110  3110  3110  2110  3
2102110  2110  2110  2110  2110  2110  1  0  0  0  0  0  0  0  0  0  0  0  0  0  0  0  0  0  0  0  0  0  0  0  0  0  0  0  0  0  0  0  0  0  0  0  0  0  0  0  0110  2110  2110  2110  2110  2110  2110  1110  2110  2110  2110  2110  3110  3110  3110  2  0  0  0  0  0  0  0  0  0  0  0  0  0  0110  1  0  0  0  0  0  0  0  0  0  0  0  0  0  0  0  0  0  0  0  0  0  0
2103  0  0  0  0110  1110  1110  1110  1  0  0110  1110  2110  3110  3110  4110  4110  4110  4110  5110  5110  4110  4110  5110  5110  5110  4110  4110  4110  4110  4110  4110  3110  4110  4110  4110  4110  4110  5110  5110  5110  5110  6110  6110  6110  6110  5110  4110  3110  3110  3110  3110  3110  3110  3110  2110  2110  2110  3110  3110  3110  3110  3110  2
2104110  2110  2110  3110  4110  4110  3110  3110  2110  2110  2110  2110  2110  2110  1110  1  0  0  0  0  0  0  0  0  0  0  0  0  0  0  0  0  0  0  0  0110  2110  2110  2110  2110  3110  3110  4110  5110  5110  6110  7110  7110  7110  5110  3110  3110  3110  4110  4110  4110  3110  2110  2110  2110  2110  3110  3110  3110  4110  4110  4110  4110  4110  4110  4
2105110  3110  3110  4110  4110  5110  5110  6110  7110  6110  6110  5110  5110  5110  4110  3110  2  0  0  0  0110  1110  2110  4110  5110  5110  4110  3110  3110  3110  3110  4110  5110  6110  7110  8110  8110  7110  6110  6110  5110  4110  5110  7110  6110  6110  5110  4110  5110  6110  6110  7110  6110  6110  6110  6110  6110  4110  3110  2110  1110  1  0  0
2106110  1110  3110  3110  3110  3110  3110  3110  2110  1110  1110  1110  1110  2110  2110  2110  2110  2110  2  0  0  0  0  0  0  0  0  0  0  0  0  0  0  0  0  0  0110  1110  1110  1110  1110  2110  2110  3110  3110  3110  4110  4110  3110  2  0  0  0  0  0  0  0  0  0  0  0  0  0  0  0  0  0  0  0  0110  1  0  0  0  0110  1110  2110  1  0  0  0  0  0  0  0  0
2107110  2110  2110  2110  1  0  0  0  0  0  0  0  0  0  0  0  0  0  0  0  0  0  0  0  0  0  0  0  0  0  0  0  0  0  0  0  0  0  0  0  0  0  0110  2110  2110  2110  2110  3110  4110  5110  6110  6110  6110  5110  4110  5110  4110  4110  3110  3110  3110  3110  4110  5110  6110  6110  5110  5110  5110  4110  4110  3110  3110  3110  3110  2110  3110  4110  4110  4
2108110  5110  5110  5110  4110  5110  5110  5110  5110  5110  5110  5110  4110  4110  4110  4110  4110  3110  3110  2110  1110  1110  1  0  0  0  0  0  0  0  0  0  0  0  0  0  0110  1110  1  0  0  0  0  0  0  0  0  0  0110  1110  2110  1  0  0  0  0  0  0  0  0110  1110  1  0  0  0  0  0  0  0  0  0  0  0  0  0  0  0  0  0  0  0  0  0  0  0  0  0  0  0  0  0  0
2109  0  0  0  0  0  0  0  0  0  0  0  0  0  0  0  0  0  0  0  0  0  0110  2110  3110  3110  3110  3110  4110  4110  4110  4110  3110  2110  2110  1110  2110  3110  3110  2110  3110  4110  5110  5110  5110  6110  7110  7110  7110  7110  7110  7110  8110  8109  9109  8109  7109  7109  7109  6109  7109  8109  9109  8109  8109  7109  6109  5109  5109  5109  5109  6
2110109  6109  4109  4109  4109  3109  2109  2109  2109  2109  2109  3109  3109  4109  5109  5109  6109  6109  6109  6109  7109  8109  8109  8109  9109 10109  9109  8109  8109  7109  5109  5109  4109  2  0  0  0  0  0  0  0  0  0  0  0  0  0  0  0  0109  1109  2109  2109  3109  3109  4109  5109  5109  4109  5109  6109  5109  6109  7109  8109  8109  8109  7109  5
2111109  5109  6109  6109  4109  4109  5109  6109  6109  5109  2109  3109  4109  4109  4109  5109  4109  4109  5109  4109  3109  5108  6108  6108  7108  8108  9108  9108  7108  7108  4108  5108  8108  8108  9108 13108 12108 10108 10108 10108  8108  7108  6108  7108  7108  4108  4108  3108  5108  8108  6108  8108 12108  8108  4108  4108  4108  3108  2108  4108 12
2112108 18108 19108 13108  5108  2108  2108  5108 10108  9108 11108 14108 15108 14108 11108 10108 12108 13108 13108 14108 14108 18108 21108 16108 13108 13108 13108 13108 11108 10108 10108  7108  2  0  0108  4108  8108  7108  5108  5108  2  0  0108  2108 10108 13108  7108  7108 10108  6108  5108  9108 11108  9108  6108  6108  5108  7108 12108 15108 15108 13108 10
2113108 10108 12108 11108  8108  6108  6108  5108  6108  8108  8108  9108  8108  9108 14108 16108 16108 15108 18108 19108 16108 11108  8108  6108  3  0  0108  3108  8108  9108  9108  8108  6108  3108  2108  4108  9108 13108 15108 17108 17108 13108 10108  8108  7108  7108  6108  6108  7108  6108  5108 11108 15108 14108 14108 13108 10108  9108  7108  5108  3108  4
2114108  7108 10108 13108 15108 14108 12108  8108  3108  2108  4108  7108  8108  8108  8108  7108  7108  9108 10108 12108 14107 16107 15107 11107 12107 10107  8107  8107  7107  7107 10107 13107 15107 16107 13107  9107  9107 11107 14107 16107 17107 21107 20107 15107  8108  3107  4108  6108  7108 11107 10107 11107 15107 18107 18107 16107 16107 16107 19108 20108 18
2115108 14108 10108  8108  9108  9108 10108 12108 10108  6108  6108  9108 12108 11108  9108 11107 12107 12108 11108 11107 12107 13107 13107 15107 17107 16107 16107 13107  7107  4108  4107  4107  6107  9107 13107 17107 20107 19107 15107 18107 20107 14108 10108  9108  9108  6108  7108 13108 14108 10108  7108  6108  7108  7108  5108  8108 13108 12108  7108  3108  2
2116108  1108  2108  5108 10108 12108 14108 15108 18108 17108 16108 15108 13108 16108 21108 23108 21108 19108 19108 19108 16108 10108  9108  9108  7108  6108  4108  9108 14108 10108  6108  4108  4108  4108  6108  8108  8108  5108  4108  4108  6108  8108  7108  7108  7108  8108  9108 10108 11108 15108 15108 13108 12108 13108 13108  9108  5108  3108  5108  8108 11
2117108 14108 16108 17108 16108 14108 15108 18108 17108 15108 14108 11108 12108 15108 18108 19108 19108 17108 16108 15108 13108 12108 11108 11108  9108  7108  6108 11108 18108 18108 16108 14108 10108 11108 16108 17108 16108 17108 20108 24108 22108 17108 17108 15108 11108 11108 10108  9108  8108 10108 11108 12108 14108 13108 14108 16108 18108 17108 12108 11108 11
2118108  9108  8108  7108  8108  7108  5108  5108  6108  7108  9108  8108  7108  7108  7108  5108  5108  6108 10108  8108  8108 15108 15108 12108 12108 13108 11108 12108 15109 14109 13109 11109 10109 12109 14109 15109 11109 11109 16109 16109 11109 14109 19109 15109 12109 15109 16109 11109  8109 10109 12109 15109 16109 14109 13109 12109 11109 10109 10109 12109 11
2119109  9109  8109  9109 10109  9109  9109 11109 10109  9109  9109  7109  7109  9109 12109 10109  7109  6109  5109  6109 11109 15109 16109 12109 10109 11109 10109  9109 10109 11109  9109  9109 10109  9109  9109  9109  8109  5109  4109  5109  7109  9109 10109  9109 11109 12109 13109 18109 17109 13109 13109 17109 21109 28109 28109 22109 19109 21109 18109 15109 17
2120109 21109 20109 17109 19109 16109 16109 17109 12109 10109 14109 20109 21109 23109 19109 16109 19109 16109 19109 19109 12109 11109 12109 11109 14109 15109 16109 18109 17109 15109 13109 17109 17109 15109 16109 18109 18109 14109 12109 13109 14109 15109 12109 12109 18109 21109 21109 19109 21109 23109 21109 19109 16109 15109 18109 19109 17109 17109 15109 15109 16
2121109 15109 14109 14109 13109  8109  7109  9109 11109 12109 12109 10109  9109  8109  7109  7109  6109  6109  7109  7109  7109  8109  8109  7109  7109  7109  8109  8109  7109  6109  5109  6109  6109  8109 13109 16109 14109 10109  7109  8109  9109  9109 11109 14109 14109 16109 16109 14109 13109 12109 14109 17109 17109 15109 17109 14109 10109 16109 17109 11109 13
2122109 13109 14109 14109 13109 17109 15109 13109 17109 16109 15109 16109 17109 16109 12109 17109 23109 22109 17109 12109 10109  7109  7109 11109 13109 13109 13109 15109 16109 13109 10109  8109 10109 11109  9109  9109  6109  5109  9109 13109 13109 13109 13109 11109  8109 11109 13109 10109  9109 18109 20109 14109 15109 14109 14109 12109 11109 13109 13109 15109 15
2123109 12109 14109 12109 13109 16109 13109 10109  9109 10109 12109 11109  9109  8109 11109 16109 21109 22109 16109 18109 21109 17109 13109 14109 16109 12109 10109 11109  9109  6109  4109  6109  9109 12109  9109  7109  7109  7109  8109  9109 10109  9109 10109 10109  6109  6109  7109  9109  9109  9109  9109 11109 11109  8109  9109 13109 12109 10109 11109 11109  7
2200109  7109 11109 11109  6109 10109 14109 10109  9109  9109 10109  8109  8109 12109 14109 11109  8109  9109  8109  6109  8109 10109 14109 14109 14109 16109 13109 12109 14109 14109 12109 12109 15109 12109  7109  8109  9109 10109  9109 10109 12109 10109  9109 11109 11109 10109 10109  9109  9109 12109 10109 10109 11109 11109 10109 11109 14109 11109  8109  8109  9
2201109  9109  5109  6109 10109  9109  8109  8109  9109  9109  7109  6109  7109  8109  8109  6109  7109  8109  8109  5109  5109  5109  5109  6109  7109  6109  7109  9109  9109  9109  7109  8109  8109  8109 10109 11109 10109  8109  7109  7109  7109  7109  6109  7109  9109 10109  9109  8109  9109  9109  7109  6109  5109  6109  8109  6109  6109  9109  9109  7109  7
2202109  7109  6109  8109 10109  9109  7109  7109  9109 10109  9109  9109  9109 10109  9109  7109 11109 13109 10109  9109  8109 12109 14109 12109 10109 10109 15109 17109 14109 13109 11109 11109  9109  9109 13109 13109 16109 17109 13109 10109  7109  7109 10109 16109 13110  9110  8110  7110  8109  9110 10110  9110  6109  4109  4109  5109  6110 13110 17110 12110  9
2203110  9110 10110 11110 11110 10110  9110 12110 13110 12110  9110  8110  8110  8110  8110 10110 10110 11110 11110  9110 10110 14110 14110 15110 17110 15110 13110 14110 15110 16110 15110 12110 12110  9110  7110  9110 11110 10110  8110  6110  5110  5110  5110  4110  4110  5110  5110  5110  7110  8110  8110  7110  8110 11110 11110 10110  9110  7110  9110 11110 10
2204110  9110  6110  6110  8110  9110  9110 14//////110 13110 13110 13110 18110 20110 20110 20110 14110 13110 14110 16110 20110 17110 14110 14110 15110 20110 28110 28110 23110 22110 27110 24110 20110 17110 15110 19110 19110 15110 13110 19110 20110 15110 13110 14110 13110 11110 13110 16110 15110 12110 14110 16110 11110  9110 10110 11110 15110 16110 13110 12110 11
2205110 11110 11110 15110 18110 18110 21110 18110 13110 10110  9110 10110 10110 11110 11110 12110 10110  8110 11110 11110 15110 18110 19110 17110 13110 14110 19110 23110 21110 16110 13110 18110 23110 19110 12110 12110 12110 12110 14110 12110 11110 13110 12110  9110  7110 10110 17110 15110 16110 20110 17110 17110 18110 15110 12110 13110 15110 12110 11110 15110 16
2206110 17110 15110 13110 17110 17110 16110 20110 18110 18110 16110 19110 21110 13110 14110 19110 18110 15110 13110 13110 15110 17110 19110 25110 21110 18110 22110 25110 23110 16110 13110 13110 14110 13110  7110 12110 17110 11110 11110 13110  9110 10110 12110 15110 19110 24110 21110 17110 21110 23110 20110 20110 24110 21110 17110 17110 12110 15110 20110 15110 13
2207110 17110 15110 15110 15110 14110 15110 16110 13110 10110 10110 10110 13110 15110 16110 21110 20110 16110 17110 16110 16110 14110 20110 25110 29110 30110 22110 22110 24110 24110 28110 28110 25110 24110 22110 22110 31110 34110 25110 22110 26110 26110 25110 29110 37110 36110 32110 37110 32110 23110 23110 26110 28110 31110 29110 22110 21110 23110 19110 12110 12
2208110 13110 12110 19110 28110 25110 22110 23110 21110 21110 21110 23110 24110 21110 16110 17110 19110 16110 17110 22110 19110 18110 18//////110 23110 22110 23110 21110 18110 12110 15110 20110 24110 30110 30110 24110 21110 18110 17110 16110 15110 17110 18110 16110 11110 12110 18110 18110 18110 15110 14110 17110 17110 19110 17110 16110 19110 20110 17110 14110 14
2209110 18110 17110 14110 15110 16110 18110 19110 16110 13110 12110 12110 15110 18110 19110 18110 19110 20110 18110 13110 12110 11110 13110 13110 12110 22110 23110 18110 20110 17110 17110 22110 19110 18110 24110 21110 15110 19110 23110 23110 31110 33110 24110 20110 17110 13110 26110 44110 38110 28110 30110 30110 29110 27110 24110 16110 18110 27110 25110 21110 20
2210110 17110 15110 16110 22110 31110 31110 25110 23110 24110 19110 19110 27110 29109 26110 23110 20110 15110 19110 22110 16110 20109 26109 28109 26109 20109 19109 18109 17109 19109 20109 24109 32109 33109 22109 16109 20109 21109 20109 21109 20109 20109 19109 21109 19109 20109 26109 25109 22109 19109 28109 33109 29109 32109 34109 27109 18109 23109 29109 27109 22
2211109 18109 18109 26109 29109 26109 22109 25109 27109 26109 24109 22109 21109 19109 20109 24109 26109 25109 28109 27109 25109 22109 20109 20109 17109 22109 31109 31109 26109 23109 24109 24109 27109 27109 27109 23109 23109 30109 29109 24109 16109 25109 36109 31109 26109 25109 26109 27109 24109 28109 31109 30109 31109 30109 31109 26109 23109 29109 30109 27109 22
2212109 18109 24109 29109 30109 31109 28109 19109 19109 24109 24109 23109 23109 24109 24109 27109 28109 25109 20109 16109 17109 17109 20109 23109 23109 18109 14109 14109 25109 31109 20109 17109 20109 24109 31109 30109 25109 24//////109 20109 21109 23109 28109 28109 18109 16109 20109 27109 32109 29109 23109 21109 23109 29109 40109 41109 33109 33109 32109 31109 37
2213109 36109 31109 29109 31109 38109 39109 36109 31109 26109 30109 34109 31109 25109 26109 30109 28109 28109 24109 18109 22109 26109 22109 21109 21109 18109 17109 23109 26109 24109 25109 27109 30109 34109 30109 28109 31109 34109 36109 34109 29109 28109 31109 32109 34109 29109 20109 16109 22109 26109 24109 22109 20109 19109 19109 21109 22109 25109 31109 29109 26
2214109 20109 20109 19109 16109 20109 24109 20109 14109 11109 14109 16109 19109 22109 25109 25109 25109 29109 28109 23109 25109 29109 25109 22109 22109 21109 19109 17109 17109 19109 21109 21109 22109 23109 30109 36109 34109 31109 33109 37109 35109 33109 31109 29109 27109 21109 18109 15109 19109 32109 39109 36109 26109 19109 27109 32109 30109 27109 22109 23109 24
2215109 21109 18109 23109 31109 31109 30109 28109 22109 20109 20109 21109 25109 27109 30109 29109 24109 21109 20109 20109 21109 27109 30109 25109 24109 28109 31109 28109 22109 18109 20109 19109 17109 16109 19109 21109 22109 23109 27109 27109 27109 25109 19109 25109 31109 25109 20109 24109 24109 25109 30109 31109 24109 19109 19109 21109 17109 15109 16109 14109 22
2216109 25109 21109 20109 20109 24109 25109 25109 23109 18109 24109 34109 31109 24109 23109 25109 23109 19109 22109 24109 25109 27109 27109 33109 32109 24109 24109 29109 29109 26109 24109 24109 23109 24109 26109 25109 25109 20109 18109 19109 20109 17109 13109 16109 20109 17109 12109 14109 16109 18109 22109 30109 34//////109 21109 19109 17109 15109 17109 19109 18
2217109 21109 25109 20109 15109 16109 23109 26109 24109 25109 28109 30109 27109 29109 29109 22109 19109 24109 22109 20109 19109 14109 11109  9109 12109 13109 14109 20109 26109 31109 30109 25109 21109 15109 17109 20109 19109 20109 21109 22109 20109 16109 13109 13109 10109  6109  6109  7109 13109 19109 19109 13109 10110 13110 15110 17110 15110 13110 14110 15110 12
2218110 11110 10110  9110 11110 10110 13110 14110 12110 13110 15110 18110 16110 16110 11110 10110 18110 25110 23110 18110 17110 17110 20110 19110 12110  9110 12110 15110 12110  9110 13110 14110 14110 14110 15110 16110 13110 11110  9110 13110 20110 16110  9110 10110 12110 11110 11110 16110 15110  9110 10110 10110 13110 18110 17110 13110 12110 18110 22110 22110 22
2219110 18110 15110 13110 14110 14110  9110 11110 23110 23110 17110 17110 14110 15110 18110 20110 19110 14110 11110 11110 13110 16110 14110 11110  8110  9110 12110 11110 10110  9110  9110  9110 11110 14110 14110 11110 12110 13110 13110 14110 14110 15110 15110 15110 16110 15110 14110 18110 17110 14110 13110 18110 18110 14110 14110 13110 11110  9110 10110 12110 11
2220110 11110 10110 10110 11110 12110 12110 12110 16110 18110 15110 17110 14110 11110 13110 17110 16110 11110 12110 12110  8110  8110  7110  6110  8110  8110  8110  9110 11110 12110 10110 11110 13110 13110 13110 12110 12110 12110 10110  9110  9110 10110 10110 10110 10110 10110  8110  8110  7110  8110  8110 10110  9110  6110  7110  9110  8110  8110 10110 12110 11
2221110  7110  5110  6110  7110  7110  8110  7//////110  9110  7110  5110  3110  2110  2110  4110  6110  8110 10110  9110  8110  8110  8110  8110  8110  8110  7110  8110  9110  6110  4110  3110  5110  6110  7110  7110  6110  5110  4110  6110  9110  7110  6110  8110  9110  8110 10110 10110 10110  9110  7110  9110  7110  5110  8110 11110  9110  8110  8110  8110  8
2222110  7110  8110  8110  8110  8110 10110 10110  9110  8110  7110  8110  9110 10110 10110  9110 10110 10110 10110 11110 11110 11110 10110  9110  9110  8110  8110  9110 11110 13110 12110 10110 10110 11110 10110  8110  8110  7110  6110  8110  9110  9110  8110  8110  8110 13110 12110 11110 10110  8110  8110  9110  9110 10110 11110 10110  8110  6110  7110  7110  5
2223110  5110  5110  5110  3110  4110  4110  5110  6110  5110  3110  3110  4110  5110  6110  7110  7110  6110  5110  4110  5110  5110  3110  2110  2110  1110  1  0  0  0  0  0  0110  1110  1110  3110  3110  3110  4110  6110  7110  7110  7110  7110  6110  6110  5110  6110  7110  6110  6110  6110  6110  7110  6110  6110  6110  8110  8110  7110  6110  6110  6110  6
2300110  4110  3110  3110  4110  4110  6110  8110  7110  6110  7110  7110  7110  6110  5110  5110  4110  4110  6110  8110  7110  7110  8110  8110  8110  8110  7110  8110  9110 11110 12110 10110  8110  7110  7110 10110 10110  6110  6110  8110  9110  9110  9110  8110  6110  7110  8110  6110  6110  6110  6110  7110 10110 10110  7110  5110  8110  9110  6110  7110  6
2301110  3110  4110  6110  5110  3110  2110  4110  5110  6110  8110  9110  9110  9110  9110 10110 11110 10110 10110 11110 10110  9110 10110  8110  8110  8110  7110  6110  4110  4110  5110  5110  4110  4110  4110  4110  6110  7110  7110  8110  8110  8110  8110  7110  6110  5110  6110  8110  9110  8110  8110  9110  9110  9110  8110  8110  8110  9110  8110  5110  5
2302110  5110  4110  2  0  0110  2110  2110  2110  3110  4110  4110  6110  7110  7110  7110  7110  7110  7110  6110  8110  8110  6110  7110 10110 10110 10110 10110 10110  8110  8110  8110  6110  4110  2110  2110  2110  5110  8110  7110  7110  7110  7110  8110  8110  9110 10110 11110 12110 11110  9110 11110 12110 10110  8110  8110  7110  7110  6110  7110  8110  7
2303110  9110  9110  8110  8110  9110  8110  9110 12110 14110 11110 11110 11110 10110  8110  6110  6110  5110  4110  5110  5110  6110  8110  7110  8110  7110  6110  8110 10110  9110  9110 11110 12110 12110 11110 10110 11110 11110  9110  6110  5110  6110  9110 11110 13110 11110  8110  7110  7110  7110  8110 11110 10110  5110  5110  3110  2  0  0  0  0110  2110  5
2304110  5110  6110  9110 10110 10110 11110 11110 10110 10110 11110 11110 12110 12110 12110 16110 14110  8110 13110 19110 17110 18110 17110 18110 19110 15110 15110 15110 14110 16110 14110 11110 11110 14110 17110 16110 15110 17110 19110 15110 15110 16110 13110 13110 16110 17110 17110 18110 21110 22110 17110 14110 16110 14110 15110 16110 14110 15110 15110 15110 14
2305110 16110 19110 17110 16110 17110 16110 17110 12110  9110 12110 12110 12110 12110  9110  6110  6110 10110 10110  8110  8110 10110 12110 13110 13110 12110 14110 15110 15110 16110 16110 15110 14110 13110 16110 17110 16110 15110 15110 16110 14110 13110 14110 13110  9110  9110  9110  9110 13110 18110 21110 21110 19110 17110 16110 14110 11110  8110  5110  4110  6
2306110  7110  5110  4110  4110  4110  5110  6110  8110  9110 11110 10110  8110  8110  7110  6110  4110  2  0  0  0  0110  1110  2  0  0  0  0  0  0110  3110  5110  6110  7110  8110  8110  5110  3110  3110  3110  3110  3110  2110  3110  3110  2110  2110  3110  4110  5110  5110  4110  4110  3110  2110  2110  3110  4110  3110  2110  1  0  0  0  0110  2110  2110  2
2307110  3110  3110  3110  2110  3110  4110  6110  6110  7110  7110  7110  6110  5110  4110  5110  6110  6110  7110  7110  6110  4110  2  0  0  0  0  0  0  0  0  0  0  0  0110  2110  3110  4110  5110  5110  5110  4110  3110  3110  4110  4110  4110  4110  4110  4110  4110  5110  6110  6110  6110  6110  6110  5110  4110  4110  6110  6110  4110  4110  3110  3110  3
2308110  3110  1  0  0  0  0  0  0110  2110  4110  5110  6110  6110  6110  3110  1  0  0  0  0110  2110  3110  4110  6110  6110  6110  4110  2  0  0110  2110  4110  5110  6110  5110  5110  4110  4110  5110  5110  5110  5110  5110  5110  5110  4110  2110  2110  3110  3110  3110  3110  4110  5110  7110  8110  7110  7110  6110  5110  5110  6110  6110  8110  9110  9
2309110  9110  9110  9110 10110 10110  9110  9110 10110  8110  6110  6110  7110  6110  5110  5110  9110 10110 10110 11110  9110  7110  7110  8110  5110  5110  9110  8110  5110  4110  4110  5110  5110  6110  7110  8110  9110 11110 10110 11110 12110 10110 10110  9110  9110 10110 10110  9110  9110 11110 14110 16110 16110 15110 15110 14110 13110 11110 11110 11110 11
2310110 12110 12110 11110  9110  9110 10110  8110  6110  7110  8110  8110  8110 10110 10110  9110  7110  7110  7110  4110  5110  6110  6110  5110  6110  7110  6110  5110  4110  3110  4110  6110  8110  8110  6110  5110  6110  6110  7110  6110  8110 13110 16110 14110 14110 14110 14110 15110 13110 13110 14110 14110 15110 16110 17110 17110 19110 19110 16110 19110 22
2311110 22110 21110 19110 16110 15110 15110 14110 15110 16110 16110 15110 14110 12110 12110 12110 13110 15110 14110 12110 11110 14110 15110 15110 13110 12110 11110 11110 12110 13110 13110 15110 14110 12110 13110 11110 12110 13110 13110 14110 16110 14110 11110 12110 12110 12110 11110 11110 10110  7110  7110  8110 10110 10110 10110  9110  8110  6110  5110  9110 14
2312110 16110 14110 13110 12110 13110 11110 11110 17110 16110 12110 11110  9110 10110 11110  9110 10110 11110 15110 12110  8110  8110  9110 11110 13110 11110 11110 16110 16110 10110  7110  6110 11110 15110 12110 10110  9110  8110 11110 13110  8110  4110  3110  6110  8110  7110  6110  3110  4110 11110 13110 10110 10110 10110 10110 10109 10109 11109 16110 17110 13
2313110 11110 13110 17110 18109 15109 18109 24109 24109 18109 20109 23109 19109 16109 15109 19109 28109 28109 33109 31109 21109 18109 16109 14109 11109 12109 21109 23109 18109 18109 18109 18109 17109 16109 16109 13109 12109 13109 18109 19109 18109 17109 17109 15109 13109 15109 12109 10109 13109 17109 18109 18109 12109  8109 11109 17109 15109  9109 10109 12109 11
2314109 15109 17109 18109 20109 20109 15109 13109 20109 21109 11109  8109 10109  8109  6109  5109  6109  8109 12109 14109 11109  9109 10109 10109 10109  9109  6109  8109 13109 16109 17109 15109  9109  7109 12109 18109 20109 18109 16109 14109 18109 19109 14109 11109 12109 11109 14109 18109 15109 12109 10109 11109 13109 11109  8109 11109 16109 21109 23109 17109 16
2315109 17109 17109 21109 19109 12109 10109 14109 16109 18109 20109 18109 16109 18109 19109 17109 12109 11109 20109 26109 24109 18110 15109 14109  9109  9109 10110  6110  8109 10109 13109 15109 14109 11109  7109  9109 11109 13109 19109 19109 15109 13109 12109 11109 16109 20109 23109 24109 21109 20109 16109 13109 14109 22109 28109 26109 23109 22109 20109 21109 20
2316109 16109 13109 13109 15109 14109 16109 18109 13109  9109 13109 17109 12109  8109 12109 10109 11109 16109 16109 13109 11109 13109 15109 16109 19109 21109 18109 14109 10109 11109 14109 20109 22109 20109 19109 19109 15109 12109 11109  9109 10109 11109  9109  9109 12109 16109 18109 16110 15109 15110 13110 15110 22110 25110 22110 17110 14110 17110 20110 18110 13
2317110 11110 11110 13110 16110 16110 15110 18110 23110 23110 22110 19110 16110 15110 14110 16110 16110 20110 19110 18110 22110 20110 23110 27110 28110 26110 21110 15110 16110 20110 20110 18110 15110 11110 14110 17110 19110 27110 23110 16110 14110 13110 16110 20110 20110 15110 10110 14110 20110 19110 20110 24110 25110 21110 18110 16110 16110 14110 18110 21110 14
2318110 14110 16110 14110 15110 15110 20110 22110 17110 15110 16110 16110 13110  9110 10110 11110 11110 12110 10110  7110  8110 12110 16110 12110  7110 10110 12110  9110 11110 13110 11110 11110 12110 13110 16110 13110 10110 13110 12110 11110 14110 13110 10110 11110 13110 11110 14110 12110  9110 12110 11110 12110 13110 12110 12110 15110 13110 13110 13110 10110  8
2319110  9110 12110 12110  9110  8110  8110  8110  9110  9110  8110  7110 11110 14110 10110  9110 16110 20110 19110 17110 14110 12110 11110 10110 11110 10110 10110 17110 19110 15110 13110 13110 14110 14110 11110 12110 15110 15110 11110 10110 12110 13110 10110  7110  8110  9110  8110  7110  8110 10110 11110 13110 11110 10110 11110 13110 12110 12110 12110  8110  7
2320110  8110  5110  3110  4110  6110  6110 10110 14110 11110  9110 10110 10110  8110  5110  5110  9110 12110 13110 11110  9110  8110  8110  7110  5110  4110  3110  4110  5110  5110  5110  5110  7110  8110  5110  6110  7110  9110  8110  7110  7110  6110  8110  9110  7110  8110  7110  7110  8110  8110  9110  9110  9110 11110 10110  7110  4110  5110  6110 10110 13
2321110 13110 11110 10110  9110  9110  8110  7110  8110  8110 10110  9110  7110  9110 11110 12110 10110  8110  7110  8110  7110  7110  6110  6110  7110  7110  6110  7110  8110  7110  5110  5110  5110  4110  3110  2110  5110  6110  4110  3110  3110  5110  8110  7110  5110  4110  5110  6110  7110  8110 10110  9110  9110  9110  9110 10110 10110  8110  8110  8110  8
2322110  9110 10110 12110 14110 14110 13110 14110 14110 13110 13110 12110 11110  9110  8110 10110 15110 19110 17110 18110 16110 12110 11110 12110 17110 17110 15110 11110 10110 10110 13110 13110 12110 13110 13110 17110 19110 12110 11110 10110  7110  9110  9110  7110  5110  6110  7110  8110 11110 10110 10110 11110  8110  7110  5110  5110  5110  7110  7110  9110 13
2323110 11110  9110  9110 10110 13110 11110  8110  6110  4110  6110  8110  8110  9110  8110  8110 11110 11110  6110  5110  5110  5110  4110  5110  5110  5110  6110  6110  6110  6110  7110  7110  7110  7110 11110 11110  9110  9110  9110 10110  9110  8110 11110 11110  8110  8110  8110  7110 10110 14110 14110 12110 13110 13110 15110 13110 10110 11110  8110  6110  7
2400110 10110 12110 11110 10110 13110 16110 12110 14110 18110 16110 13110 11110 12110 11110  9110  8110  8110  9110 12110 12110  8110  6110  7110 11110 11110  8110  7110  8110  7110  8110 10110 11110  8110  7110  8110  8110  7110  8110  7110  7110  7110  6110  6110  7110  8110  7110  8110 10110  8110  8110  9110  8110  7110 10110 11110 12110 12110 12110 13110 10
2401110  8110  8110  6110  8110 11110 10110  9110  9110 10110  9110  6110  6110  9110 11110 12110 13110 10110  7110  8110  9110  9110  8110 10110 11110 10110 13110 12110  9110 10110 11110  8110  6110  6110 10110 12110  9110  9110  9110  8110 11110 12110 10110  7110  5110  4110  5110  5110  5110  4110  3110  2  0  0110  1110  1  0  0  0  0  0  0110  1  0  0  0  0
2402  0  0  0  0  0  0110  1110  2110  2  0  0  0  0110  1110  3110  4110  5110  7110  8110  8110  9110 10110 10110 11110 12110 12110 12110 13110 14110 14110 11110  9110 11110 10110  9110 12110 12110 12110 11110 11110 12110 12110 14110 15110 12110  9110 11110 12110 13110 13110 13110 14110 13110 14110 14110 13110 12110 12110 12110 13110 12110 10110 10110 10110  9
2403110  9110  8110  8110  8110  8110  9110  7110  6110  5110  3110  2110  4110  5110  4110  4110  5110  5110  7110  9110  9110  9110 11110 10110  6110  6110 10110 10110 11110 12110 10110 10110 11110 12110 13110 12110 14110 15110 17110 17110 11110  9110 14110 17110 11110 12110 20110 21110 20110 21110 20110 19110 16110 14110 13110 15110 21110 24110 20110 19110 17
2404110 19110 19110 15110 16110 15110 14110 13110 14110 14110 15110 16110 20110 25110 26110 22110 21110 18110 15110 15110 13110 16110 18110 18110 22110 21110 18110 19110 20110 18110 16110 18110 18110 19110 19110 19110 21110 21110 18110 15110 17110 19110 17110 15110 14110 13110 14110 14110 13110 12110 13110 16110 14110 17110 18110 13110 11110 12110 13110 11110 15
2405110 16110 16110 15110 10110  9110 10110  7110  5110  6110  7110  8110  9110 10110 12110 14110 13110 17110 24110 28110 28110 21110 14110 12110 14110 13110 11110 10110 10110 14110 16110 14110 13110 15110 17110 16110 12110 10110 10110 10110 15110 17110  9110  7110 10110  8110  8110 10110  9110  6110  6110  6110  4110  3110  4110  6110  8110  9110 10110 10110  9
2406110  9110  8110  7110  9110 12110 11110  8110 10110  9110  8110 10110 11110  8110  7110  7110  8110  8110  8110  8110  9110  9110  9110  9110  9110 12110 14110 14110 10110  7110  8110  8110  9110 10110 11110 11110 13110 15110 15110 15110 16110 15110 12110 17110 19110 16110 17110 16110 16110 17110 15110 15110 13110 14110 19110 19110 17110 18110 21110 19110 12
2407110 10110  9110 13110 18110 18110 20110 14110  8110 10110 11110 10110 12110 12110  8110  7110  5110  5110 12110 15110 15110 18110 15110 15110 20110 17110 14110 17110 15110 13110 12110 12110 15110 14110  8110  6110  7110 13110 20110 23110 23110 19110 16110 13110 13110 15110 13110 13110 13110 16110 17110 13110 12110 11110 17110 21110 20110 18110 17110 16110 15
2408110 12110 10110 12110 12110 13110 16110 20110 20110 21110 17110 16110 21110 22110 19110 16110 14110 13110 17110 21110 19110 15110 14110 14110 16110 18110 19110 15110 12110 11110 13110 17110 16110 11110  9110  8110  8110 12110 15110 14110 12110 11110 10110  7110  9110 11110  7110  4110  7110 11110 11110 15110 20110 19110 23110 24110 17110 22110 23110 22110 26
2409110 24110 23110 20110 23110 23110 21110 24110 21110 17110 16110 15110 19110 23110 18110 12110 11110 13110 12110 11110 12110 12110 13110 15110 16110 13110 13110 12110 10110 11110 11110 12110 13110 13110 14110 13110 11110 11110 13110 15110 12110  9110  9110  8110  9110  9110  9110  7110  6110  7110  7110  9110 12110 13110 10110  7110  8110  9110  5110  5110  7
2410110 10110 11110 10110 11110 13110 11110  6110  5110  5110  4110  8110 10110  8110  5110  5110  6110  7110  7110  7110  6110  7110 10110 12110 13//////110 10110 10110  7110  3110  3110  6110  5110  5110  7110  8110  8110  5110  4110  6110  5110  2110  4110  5110  6110  7110  7110  7110  7110  8110 12110 13110 11110 10110  9110 15110 18110 13110 11110 12110 13
2411110 12110 11110 10110  8110  8110  9110 11110 12110 12110 14110 17110 15110  9110  9110 11110 11110 14110 12110  9110 10110 12110 10110  7110  7110  9110 11110 10110 11110 10110  7110  7110  8110 11110 10110  7110  6110  6110  9110 11110  9110  7110  8110  7110  6110  6110  7110  6110  7110  7110  6110  6110  6110  6110  7110  6110  6110  7110  7110 10110 11
2412110  9110 11110 11110  9110  7110  6110 10110 12110 10110 10110 10110  8110  8110  9110  8110  9110 12110 14110 12110 10110 11110 11110 11110  7110  6110  9110 11110 10110 11110 11110 10110  8110  8110 11110 14110 12110 10110  9110 10110 14110 13110  9110  9110 11110 12110 12110 12110 12110 12110 12110 13110 14110 14110 12110 13110 11110  8110  9110  9110 10
2413110 12110 15110 13110 10110 10110 13110 15110 15110 15110 13110 11110 11110 12110 11110 10110  9110 11110 14110 12110 11110 10110  9110 10110 11110 11110  8110  9110 12110 13110 13110 14110 11110 11110 10110  8110 11110 12110 13110 11110 10110 10110 11110 11110 10110  9110  9110  9110  8110  7110  7110  7110  7110  9110  8110  6110  4110  5110  6110  8110  9
2414110  8110  7110  6110  8110  9110  7110  7110  8110  8110  8110  8110  8110  8110  8110  6110  6110  8110  8110  9110  9110 10110  8110  7110  8110  9110  9110  7110  7110  8110  9110  9110  7110  6110  6110  6110  7110  7110  7110  7//////110  7110  8110 10110  8110  7110  8110  9110 10110  9110  7110  6110  6110  5110  5110  4110  4110  5110  5110  4110  2
2415110  2110  4110  4110  4110  5110  7110  9110 10110  9110 12110 19110 23110 25110 22110 18110 13110 15110 19110 18110 15110 13110 13110 15110 14110 10110 10110 11110  8110  8110 16110 22110 21110 18110 16110 23110 24110 20110 19110 24110 24110 19110 15110 11110 10110 14110 15110 13110 13110 15110 19110 20110 19110 19110 21110 19110 17110 19110 19110 21110 21
2416110 18110 17110 18110 20110 19110 22110 24110 18110 14111 17111 19110 21111 18111 14111 16111 16111 15111 13111 16111 22111 25111 20111 14111 20111 23111 18111 19111 20111 22111 24111 21111 17111 15111 15111 13111 13111 19111 16111 13111 12111 14111 16111 13111 15111 17111 20111 21111 17111 18111 15111 13111 16111 16111 14111 11111  8111  9111 13111 15111 14
2417111 14111 13111 14111 18111 19111 16111 12111 11111 16111 19111 15111 12111 12111 10111  8111 11111 14110 17110 16110 13110 13110 13110 14110 15110 15110 14110 15110 12110 10110 15110 20111 23111 22110 17110 17110 23110 26110 23110 20110 20110 22110 20110 16110 15110 19110 19110 14110 12110 15110 19110 21110 18110 14110 14110 13110 11110  9110  9110  9110  9
2418110 10110 12110 11110 10110  9110  9110  8110  6110 12110 15110 13110 15110 15110 12110 13110 18110 20110 16110 16110 17111 18111 19111 18111 17111 13111 12111 14111 16111 16111 13111  8111  8111  9111  9111  8111  5111  3//////111  9111  8111  7111  9111 12111 13111 13111 13111 10111  9111  8111 10111 10111  7111  7111 13111 17111 13111 11111 11111 13111 11
2419111 10111 11111 11111  9111 10111 17111 19111 11111 10111 10111  9111 11111 10111 11111 16111 17111 17111 19111 17111 21111 20111 14111 14111 17111 15111 13111 12111 14111 17111 12111 11111 17111 21111 19111 13111  8111  8111 13111 19111 18111 14111 12111 13111 16111 21111 16111 12111 12111 15111 16111 14111 11111  8111 10111 11111 12111 12111 11111 12111 11
2420111 11111 17111 22111 19110 12110 11111 10110  9111  9111 11110 14110 15111 16110 15110 13110 12110 11110 10110 10110 10110  9110  8110  7110  5110  4110  3110  5110  8110  8110  8110  8110  7110  6110  8110  8110  5110  6110  7110  5110  6110  9110  6110  5110  6110  6110  6110  4110  5110  7110  6110  6110  6110  7110  7110  8110  7110  3110  2110  4110  6
2421110  5110  5110  3110  3110  6110  8110  7110  3110  3110  4110  7110  9110  7110  7110  6110  5110  6110  8110  9110  9110 10110  8110  5110  7110  7110  9110 24110 27110 19110 20110 19110 21110 21110 13110 10110 12110 13110  9110 17110 31110 29110 26110 27110 22110 18110 17110 15110 18110 21110 17110 14110 14110 15110 14110 12110 14110 16110 15110 14110 13
2422110 12110  9110 10110 11110 10110  9110  7110  8110  9110  9110  9110 11110 12110 10110 11110 14110 15110 14110 11110 11110 13110 12110 12110 14110 12110 10110  8110  6110  7110 10110 11110  8111  8111 11111 10111  9111  8111  8111  9111 10111 10111  9111  8111  6111  6111  7111  7111  9111  9111  9111 10111 12//////111 10111 10111 10111  8111  8111  9111 10
2423111 10111 10111  9111  9111 11111 12111 10111  9111 10111  9111  9111  9111 10111 11111 10111 10111  9111  9111  8111  7111  7111  7111  9111 12111 16111 16111 13111 12111 12111 14111 11111  7111  8111 10111 10111 11111 12111 12111 14111 15111 13111 13111 15111 16111 16111 17111 16111 12111 13111 13111 13111 14111 17111 18111 17111 15111 11111 11111 11111 13
2500111 13111 11111 14111 16111 14111 13111 11111 13111 15111 13111 15111 14111 12111 12111 12111 14111 12111 10111 11111 12111 12111 13111 13111 12111 12111 13111 14111 16111 15111 13111 12111 13111 13111 12111 10111  9111 11111 14111 15111 14111 14111 16111 18111 16111 14111 15111 16111 12111 10111 11111 12111 12111 11111 12111 13111  9111  9111 10111  9111  8
2501111  7111  8111  9111  9111  9111 12111 10111  8111 11111 12111 13111 15111 14111 13111 13111 13111 13111 15111 14111 15111 13111 11111 12111 13111 14111 12111 12111 13111 14111 13111 12111 13111 12111 11111 12111 14111 12111 11111 12111 13111 18111 17111 16111 16111 18111 20111 20111 22111 21111 18111 16111 18111 21111 19111 17111 17111 17111 15111 13111 13
2502111 11111 11111 11111 11111 13111 13111 12111 13111 13111 12111 11111 12111 13111 13111 14111 15111 13111 13111 13111 12111 12111 11111 12111 12111 11111 10111 11111 13111 13111 14111 13111 14111 15111 12111 14111 16111 14111 12111 13111 13111 13111 12111 12111 12111 12111 11111 11111 12111 11111 10111  9111  9111 11111 12111 11111 10111 10111 10111  9111  9
2503110 10110 10111 11111 11111 13111 12111 11111 11111 11111 10111  8111  9111  8111  7111  7111  6111  6111  7111  9111  9111  7111  7110  6110  7110 10111 11111 16111 18111 14111 15110 18111 21110 19110 17110 19110 18110 14110 15110 17110 18110 17110 16110 15110 15110 14110 14110 15110 12110 13110 15110 14110 16110 18110 19110 17110 15110 13110 15110 16110 11
2504110  8110  7110 10110 15110 16110 11110 13110 10110  5110  3110  5110  5110  6110  7110  7110  7110  9110  8110  9110 10110  5110  6110  9110  9110  9110 10110 11110 14110 14110 12110 14110 16110 15110 19110 22110 18110 12110 17110 23110 23110 29110 36110 32110 22110 21110 30110 28110 21110 16110 11110 10110 13110 19110 24110 20110 17110 25110 21110 16110 22
2505110 20110 24110 23110 14110 17110 21110 17110 14110 17110 19110 15110 11110 13110 20110 28110 28110 25110 26110 24110 14110  9110 10110  9110  9110 12110 11110 11110 15110 18110 18110 20110 19110 16110 14110 10110  8110 11110 10110  9110 13110 17110 16110 14110 14110 12110 11110 10110  9110 16110 25110 21110 15110 15110 16110 16110 16110 19110 17110 14110 18
2506110 19110 15110 15110 18110 16110 22110 28110 26110 22110 17110 20110 31110 36110 30110 26110 30110 32110 22110 15110 18110 22110 18110 16110 17110 15110 15110 15110 13110 16110 23110 23110 26110 32110 32110 26110 11110 13110 20110 20110 18111 18111 21111 22111 21111 25110 28110 23110 16110 21111 30111 29111 22110 19111 20111 16110 13110 10110 12110 13111 13
2507111 14111 17111 17111 22111 25111 22111 22111 21111 21111 19111 15111 17111 14111 10111 25111 38111 43111 37111 25111 24111 21111 22111 25111 25111 23111 19111 21111 28111 29111 29111 24111 16111 13111 13111 15111 12111 10111 18111 23111 24111 29111 28111 27111 29111 28111 28111 24111 20111 21111 26111 29111 23111 19111 19111 15111 17111 29111 31111 23111 25
2508111 27111 24111 32111 32111 23111 19111 17111 20111 18111 22111 29111 26111 23111 19111 13111 17111 28111 28111 21111 27111 30111 26111 24111 21111 17111 13111 17111 25111 29111 23111 18111 20111 24111 24111 26111 26111 17111 15111 20111 19111 11111 11111 15111 14111 21111 30111 30111 28111 22111 17111 19111 16111 15111 15111 14111 18111 15111 13111 15111 15
2509111 13111 13111 18111 24111 26111 21111 13111  8111 10111  9111  7111 11111 13111 10111  6111  6111 11111 21111 24111 18111 14111 14111 14111 11111 10111 14111 15111 16111 16111 12111 12111 15111 19111 24111 25111 21111 14111  8111  5111  9111 17111 18111 15111 11111 13111 15111 12111  9111 11111 13111 11111  7111 10111 10111 10111 11111 10111 11111 12111 13
2510111 10111  9111 14111 17111 20111 22111 22111 20111 18111 22111 22111 14111 12111 13111 14111 15111 20111 27111 24111 20111 18111 15111 12111 14111 21111 26111 26111 20111 13111 12111 18111 24111 22111 23111 21111 23111 27111 25111 24111 25111 23111 24111 22111 20111 25111 29111 27111 26111 23111 20111 21111 22111 24111 26111 23111 21111 19111 19111 23111 25
2511111 26111 27111 25111 27111 25111 25111 30111 29111 29111 31111 26111 20111 20111 24111 30111 33111 29111 25111 25111 24111 18111 14111 15111 18111 26111 25111 19111 21111 22111 23111 20111 19111 21111 20111 24111 25111 18111 14111 16111 21111 26111 30111 30111 23111 19111 21111 25111 24111 17111 17111 22111 21111 20111 18111 20111 24111 21111 19111 19111 17
2512111 22111 27111 25111 25111 26111 22111 23111 25111 17111 13111 17111 23111 27111 32111 29111 25111 23111 16110 16110 20111 32111 36111 31111 27111 21111 22111 26111 20111 18110 26110 29110 23110 22111 21111 15111 13111 14111 16111 17111 16111 15110 16110 18111 21111 22111 25111 33111 34111 25111 22111 20111 13111  8111 10111 16111 21111 24111 20111 18111 21
2513111 18111 20111 24111 21111 15111 13110 17111 21111 24111 28111 19111 14111 21111 23111 23111 29111 34111 29111 19111 18111 21111 21111 22111 19111 18111 24111 28111 24111 23111 21111 20111 21111 25111 27111 25111 25111 20111 19111 18111 17111 25111 27111 21111 19111 29111 34111 31111 27111 18111 14111 22111 25111 20111 15111 16111 27111 29111 21111 17111 20
2514111 19111 12111 14111 18111 20111 20111 16111 15111 18111 20111 23111 22111 20111 20111 17111 17111 17111 19111 25111 26111 26111 32111 32111 32111 32111 30111 33111 28111 24111 25111 20111 17111 20111 21111 23111 24111 21111 26111 27111 19111 16111 15111 11111 13111 23111 25111 22111 21111 21111 25111 23111 24111 27111 22111 27111 36111 38111 30111 25111 22
2515111 16111 18111 34111 34111 31111 32111 24111 22111 22111 23111 23111 24111 30111 32111 34111 30111 25111 24111 26111 30111 26111 19111 24111 23111 16111 20111 25111 25111 19111 19111 24111 23111 24111 30111 34111 31111 24111 24111 30111 28111 22111 21111 20111 14111 16111 27111 22111 13111 18111 19111 14111 16111 15111 14111 14111 12111 16111 21111 20111 17
2516111 14111 18111 23111 17111 14111 17111 13111 12111 24111 30111 30111 29111 23111 23111 27111 25111 26111 24111 20111 23111 24111 27111 31111 28111 20111 17111 15111 16111 25111 29111 24111 19111 22111 24111 19111 15111 18111 31111 38111 32111 22111 21111 22111 17111 18111 17111 11111 14111 19111 16111 16111 19111 20111 17111 13111 15111 13111 11111 12111 15
2517111 14111 14111 15111 12111  9111  7111  4111  6111  9111  9111 10111  9111 10111 13111 12111  9111 10111 11111 10111 10111 11111 11111 12111 12111 13111 13111 11111 10111  9111  9111 11111 10111  5111  6111  7111  7111  6111  5111  6111  9111  7111  9111 12111 13111 12111 10111  7111  6111  9111 10111  8111  8111  8111  7111  9111 10111 11111 14111 13111  9
2518111  7111  6111  4111  3111  5111  4111  6111  9111 10111  9111  9111  6111  4111  3111  3111  5111  4111  3111  4111  4111  3111  5111  8111 10111  9111  8111  9111 11111  8111  7111  6111  4111  6111  7111  7111  8111  8111  9111 15111 18111 15111 16111 16111 14111 16111 16111 18111 17111 14111 13111 14111 17111 21111 21111 19111 18111 15111 17111 18111 17
2519111 18111 19111 15111  9111  6111 10111 12111 11111 10111 10111 13111 13111 12111 11111  9111 12111 14111 10111  9111 11111 12111 11111 13111 17111 24111 27111 22111 29111 36111 33111 28111 26111 21111 16111 16111 18111 20111 25111 28111 22111 16111 18111 19111 22111 27111 24111 17111 11111 11111 11111 14111 21111 21111 21111 22111 28111 39111 36111 30111 30
2520111 31111 28111 25111 26111 18111  9111 12111 13111 19111 22111 19111 25111 27111 30111 33111 27111 26111 28111 27111 26111 28111 26111 23111 19111 15111 17111 16111 24111 28111 20111 17111 17111 17111 20111 25111 22111 18111 15111 12111 21111 20111 14111 17111 20111 22111 25111 23111 23111 35111 39111 36111 36111 38111 33111 30111 29111 24111 24111 26111 28
2521111 27111 23111 24111 26111 21111 17111 20111 25111 22111 15111 16111 16111 24111 31111 29111 32111 31111 21111 17111 22111 26111 19111 19111 21111 19111 17111 14111 14111 12111 15111 22111 22111 20111 24111 25111 25111 19111 13111 16111 18111 17111 20111 23111 20111 18111 16111 15111 17111 13111 14111 18111 20111 21111 28111 29111 19111 16111 16111 13111 18
2522111 31111 33111 31111 30111 25111 31111 29111 29111 30111 25111 26111 21111 18111 22111 27111 29111 28111 30111 33111 32111 27111 25111 22111 19111 23111 25111 24111 28111 30111 32111 29111 24111 27111 26111 24111 30111 32111 29111 26111 29111 33111 32111 32111 33111 32111 30111 26111 22111 20111 23111 27111 26111 25111 28111 27111 20111 15111 14111 14111 14
2523111 13111 10111 13111 22111 27111 24111 16111 21111 31111 31111 25111 27111 28111 23111 20111 16111 13111 15111 14111 11111 13111 13111 10111 13111 16111 16111 18111 17111 17111 18111 22111 24111 18111 20111 23111 17111 13111 12111 12111 18111 20111 20111 20111 23111 23111 17111 15111 18111 18111 14111 17111 22111 24111 28111 27111 28111 30111 26111 27111 32
2600111 34111 34111 33111 30111 28111 21111 19111 21111 24111 28111 22111 18111 19111 21111 27111 31111 31111 29111 29111 32111 30111 24111 26111 30111 27111 26111 24111 25111 30111 25111 27111 33111 27111 21111 23111 33111 31111 21111 19111 21111 26111 24111 13111 14111 22111 19111 18111 24111 26111 24111 24111 22111 19111 16111 14111 18111 17111 15111 21111 24
2601111 21111 21111 23111 28111 25111 26111 36111 31111 25111 25111 21111 15111  9111 10111 16111 31111 40111 37111 31111 29111 28111 25111 23111 19111 18111 19111 19111 19111 16111 12111 11111 14111 16111 11111  9111  8111 11111 16111 21111 22111 16111 16111 19111 25111 28111 28111 27111 22111 19111 21111 25111 24111 25111 27111 23111 18111 21111 23111 20111 20
2602111 18111 18111 18111 17111 22111 23111 17111 16111 14111 15111 15111 16111 20111 18111 18111 16111 16111 14111 13111 14111 10111  7111  6111  9111 11111 10111  9111  7111  9111  9111 12111 15111 13111 14111 16111 14111 12111 10111  9111  8111  8111 10111 10111 10111 10111  9111 12111 14111 13111 13111 12111  9111  7111 10111 12111 12111 13111 12111 14111 18
2603111 18111 17111 18111 16111 11111 10111 10111 13111 17111 18111 15111 14111 13111  9111  9111 14111 16111 15111 18111 20111 18111 16111 16111 17111 20111 19111 14111 15111 16111 15111 15111 15111 15111 16111 18111 18111 10111  7112  9112  9112 10112 11112 11111  9111  6111  9111 16111 16111  9111  5111  7111 11111 16111 20111 15111  8111  9111 13111 17111 18
2604111 18111 16111 16111 15111 16111 19111 24111 22111 14111 12111 19111 27111 23111 18111 18111 16111 16111 14111  9111 10111 13111 15111 16111 16111 17111 17111 15111 14111 13111 12111 13111 15111 16111 18111 17111 11111 10111 12111 12111 10111 15111 16111 16111 19111 21111 22111 22111 19111 14111 11111 11111 17112 25112 23111 18111 15111 11111 10112  9112 11
2605112 11112 11112 13112 11112  8112 11112 17112 24112 20112 12112 10112 14112 17112 14112 16112 16112 10112  8112 12112 12112  8112  7112  6112  9112 14112 13112 14112 13112 11112 12112 10112  7112  3112  2112  3112  4112  8112 14112 15112 11112  9112 10112 18112 24112 21112 18112 18112 17112 15112 12112 10112 10112  9112  9112 11112  9112  7112  8112 13112 16
2606112 15112 16112 16112 12112 11112 15112 16112 12112  8112  4112  4112  5112  5112  9112 15112 16112 12112 13112 14112 14112 19112 20112 14112 14112 16112 17112 20112 22112 23112 18112 13112 10112  7112  5112  7112 10112 13112 17112 15112 10112  9112  8112  8112  6112  6112  9112 10112  9112  7112  9112 13112 16112 14112 14112 13112 13112 11112 11112 17112 18
2607112 11112  6112  7112 15112 23112 23112 20112 15112 10112 15112 23112 23112 18112 13112 16112 19112 14112 10112  8112 10112 11112 13112 12112  9112 11112 11112  8112  8112 11112 11112 12112 15112 16112 13112 12112 13112 12112  9112  8112  9112 10112 14112 18112 19112 19112 20112 18112 14112 13112 13112 12112 13112 17112 21112 18112 12112 10112 12112 15112 13
2608112  8112  9112 12112 12112 12112 10112  7112 10112 13112 11112  8112  5112  6112  8112  6112  7112 11112 13112 13112 11112 13112 12112 10112  9112  7112  6112  5112  3112  4112  8112 12112 14112 14112 13112 12112 10112  8112  6112  6112  7112  8112  7112  5112  7112 11112  9112  7112  8112  9112  9112  9112  7112 10112 12112 12112 11112  9112  6112  3112  5
2609112  6112  5112  3112  3112  5112  4112  3112  6112 11112 13112 14112 14112 14112 11112  7112  6112  8112  7112  5112  5112  7112  8112  8112  6112  5112  7112  7112  6112  5112  7112  9112  9112  7112  8112  8112  8112 10112 10112  9112  6112  5112  7112 12112 11112 12112 13112 10112 12112 12112  8112  7112  7112  7112  5112  9112 16112 16112 16112 17112 24
2610112 28112 19112 17112 14112  5112  2112  5112  8112 11112 12112 10112  8112  7112  6112  5112  7112  7112  4112  5112  7112  7112 10112 12112  9112  8112  8112  7112  9112  9112  7112  6112  3112  2112  4112  7112  7112  7112  9112 13112 18112 19112 15112 12112 10112  8112  9112  8112  6112  5112  7112 11112 12112  7112  7112  8112 11112 17112 17112 15112 16
2611112 10112  8112  9112  8112  6112  5112  7112 11112 12112  7112  7112  8112 11112 17112 17112 15112 16112 15112 11112 10112 11112 12112  9112  4112  4112  6112  5112  6112  6112 10112 15112 13112 10112  8112  6112  5112  5112  5112  8112 12112 11112 10112 10112  9112 11112 12112 12112 13112 16112 15112 10112 10112 11112 11112 10112 10112 10112  7112  6112  7
2612112  9112 10112 10112  6112  5112  7112  7112 10112 12112 10112  9112  9112 10112 11112 10112 12112 15112 14112 12112  9112 11112 12112  9112  9112  9112  7//////111  4111  8111 13111 12111  9111  8111  6111  7111  7111 12111 17111 18111 16111 12111  9111  9111 11111 13111 15111 12111 13111 20111 21111 17111 15111 14111 14111 16111 20111 21111 19111 16111 11
2613111 12111 14111 13111 16111 17111 15111 16111 20111 22111 20111 21111 21111 20111 16111 15111 17111 18111 21111 20111 16111 17111 16111 14111 13111 12111 18111 22111 19111 20111 19111 15111 14111 18111 19111 18111 17111 18111 19111 18111 17111 15111 13111 12111 10111 13111 17111 15111 13111 15111 15111 16111 19111 18111 13111 11111 13111 14111 14111 15111 15
2614111 15111 13111 14111 18111 18111 18111 22111 21111 20111 21111 21111 22111 18111 13111 14111 15111 14111 19111 20111 19111 20111 16111 14111 17111 18111 18111 19111 15111 10111 13111 15111 13111 15111 18111 20111 20111 16111 13111 14111 15111 13111 12111 11111 11111 17111 20111 17111 17111 21111 20111 13111  7111  5111 12111 17111 16111 15111 14111 10111 10
2615111 12111 15111 16111 15111 18111 21111 22111 18111 15111 11111 13111 16111 13111 13111 14111 14111 15111 14111  8111  5111 11111 14111 10111  9111 12111 16111 16111 13111 10111  9111 10111 13111 14111 13111 15111 19111 17111 13111 14111 16111 19111 19111 18111 18111 12111  7111  9111 15111 16111 11111  7111 12111 18111 19111 15111 12111 12111 12111 10111 10
2616111 13111 13111 14111 14111 14111 14111 12111  7111  7111  8111  8111 10111 10111  7111 10111 11111 12111 11111 15111 16111 13111 15111 17111 14111 10111 11111 17111 16111 11111 10111 11111 13111 13111  9111  8111  8111  7111 11111 12111  9111  6//////111  9111 14111 15111 13111 13111 12111 14111 13111 11111 12111 12111 10111  8111  7111  9111 12111 13111 13
2617111 11111  8111  8111  7111  8111 15111 15111 10111 10111 10111 12111 14111 13111 11111 10111 13111 13111  8111  7111  8111 10111 12111 16111 18111 14111 13111 12111 11111 10111  7111 10111 12111 13111 18111 25111 25111 15111 14111 14111 11111 15111 17111 17111 22111 21111 14111  9111  8111 10111  9111 12111 15111 15111 18111 18111 14111 14111 17111 16111 15
2618111 15111 18111 18111 14111 10111  6111  4111  6111  7111  7111 11111 15111 13111 17111 20111 15111 12111 18111 22111 18111 11111  9111  9111 11111 13111 11111 11111 14111 14111 10111  7111  8111  9111 13111 16111 17111 18111 15111 13111 20111 20111 15111 14111 14111 11111 12111 13111 10111 12111 13111  9111  8111 10111 11111 12111 12111 10111 16111 18111 16
2619111 17111 19111 17111 12111  9111  6111  6111  8111  9111 11111 12111 16111 19111 17111 19111 19111 15111 12111 11111 15111 17111 13111 11111 12111 10111  9111  9111  9111  9111  9111  9111  7111  6111  7111 10111 18111 19111 14111 14111 15111 13111 11111 10111 13111 18111 15111 12111 13111 15111 16111 14111 13111 10111  7111  7111 10111 10111 11111 12111  8
2620111 11111 17111 16111 17111 18111 13111 12111 11111 12111 14111 15111 13111 12111 11111 13111 18111 18111 15111 16111 19111 18111 19111 18111 17111 19111 20111 18111 18111 17111 15111 18111 19111 17111 17111 16111 12111 10111 13111 18111 16111 13111 11111  9111 12111 16111 18111 16111 15111 15111 17111 19111 19111 17111 14111 11111 14//////111 16111 10111  9
2621111 12111 13111 15111 16111 16111 16111 13111  9111 10111 14111 11111 10111 12111 12111 10111 11111 11111  9111  6111  4111  7111 11111 14111 13111 12111 10111  9111 12111 15111 16111 14111  9111  7111 10111 13111 12111 11111 11111  9112 12112 16111 14111 14111 13112 10111 11111 11112  8112 10112 14112 13111 13111 15111 12111  9112  8112  7112  8112 10112 10
2622112  9112  9112 11112 12111 13111 13111 13111 16111 16111 12111 10111  9111  9112 10112 11112 14112 12111  8111 12112 13111  9112  9111 11111 16112 17112 12111 13111 14111 15111 17111 13111  9111 11111 13111 11111 10111 11111 13111 12111 17111 24111 26111 28111 28111 30111 31111 30111 31111 26111 22111 19111 18111 21111 21111 22111 28111 30111 28111 29112 24
2623112 21112 24112 25111 28111 28112 24112 25112 32112 33112 26112 22112 22112 22112 22112 31112 39112 34112 31112 28112 29112 30112 26112 32112 35112 35112 36112 30112 24112 26112 31112 34112 29112 18112 16112 26112 34112 31112 27112 20112 17112 20112 17112 17112 16112 18112 25112 32112 37112 35112 34112 36112 37112 30112 14112  8112 11112 10112  9112 11112 21
2700112 25112 18112 15112 21112 30112 29112 27112 27112 23112 20112 22112 24112 19112 17112 21112 21112 15112 12112 11112  8112  8112 11112 12112 14112 20112 21112 15112 12112 14112 17112 14112 12112  9112 10112 12112  7112  7112  9112 12112 14112 14112 13112 16112 19112 17112 10112 12112 15112 13112 13112 13112 14112 19112 22112 22112 19112 14112 14112 17112 18
2701112 16112 13112 14112 20112 21112 16112 11112 11112 15112 12112  6//////112  5112  8112 10112  9112  9112  7112 10112 12112 13112 11112 11112 14112  9112  8112 14112 14112 10112 11112 13112 14112 12112 11112 13112 14112 21112 27112 22112 23112 25112 25112 25112 21112 19112 19112 21112 17112 17112 17112 14112 14112 14112 14112 18112 18112 15112 15112 14112 14
2702112 16112 17112 19112 20112 12112 13112 24112 21112 17112 14112 10112 14112 19112 26112 29112 27112 21112 13112  7112  6112 13112 13112  8112 10112  9112 11112 11112 10112 10112 10112 14112 18112 14112 14112 16112 14112 10112 10112 12112  8112  6112  6112 10112 12112  9112  8112  9112 10112  8112  7112  9112 10112  9112  8112  9112  8112  7112  8112 10112  8
2703112  4112  6112  6112  6112  6112  8112  8112  9112 11112 12112 15112 15112 13112 12112 10112 10112 13112 15112 13112 10112 11112 13112 11112 11112 13112 19112 19112 18112 19112 18112 14112 11112 16112 20112 18112 14112 14112 17112 14112 17112 19112 16112 17112 17112 14112 15112 19112 20112 14112 13112 16112 18112 21112 22112 23112 21112 20112 22112 22112 16
2704112 12112 15112 15112 12112 14112 17112 13112  7112  9112  8112 11112 18112 20112 21112 19112 19112 21112 27112 28112 24112 18112 12112 11112 19112 25112 15112 14112 19112 24112 23112 13112 12112 23112 27112 22112 22112 20112 20112 17112  9112  8112 15112 24112 27112 21112 22112 25112 19112 17112 18112 13112 14112 13112 12112 16112 15112 15112 14112 14112 13
2705112  9112 12112 16112 12112  9112 10112 12112 13112 11112 14112 18112 18112 17112 16112 17112 16112 15112 12112  7112 11112 17112 21112 24112 20112 17112 18//////112 15112 16112 17112 17112 19112 16112 18112 20112 15112 12112 14112 12112 12112 15112 17112 16112 13112 12112 10112 10112 12112 13112 14112 13112 11112  8112  9112  9112  9112 10112 10112 11112  9
2706112  9112 11112 14112 18112 16112 11112  8112  9112  9112  9112  7112  6112 11112 14112 12112 10112  8112  9112 11112  9112  7112 10112 11112 11112 11112  8112  5112  5112  8112 11112 11112 10112 10112  9112 10112 11112 12112 11112  8112  8112 10112 14112 15112 11112  8112 15112 22112 19112 17112 20112 19112 14112 13112 18112 20112 16112 13112 20112 22112 14
2707112 15112 22112 33112 29112 22112 21112 15112 14112 11112  8112 10112 15112 20112 22112 21112 18112 16112 11112  7112  7112  9112 10112 14112 14112 13112 15112 16112 15112 13112 12112 12112 15112 17112 15112 12112 16112 18112 17112 15112 15112 21112 18112 14112 19112 23112 21112 19112 18112 14112 13112 14112 14112 15112 15112 12112  8112  7112  8112  8112 12
2708112 13112 11112 17112 19112 14112 13112 14112 17112 21112 25112 25112 31112 31112 21112 16112 22112 27112 28112 31112 25112 23112 26112 21112 18112 17112 18112 21112 18112 14112 16112 18112 17112 17112 13112 13112 14112 18112 22112 21112 21112 24112 26112 22112 21112 24112 22112 18112 17112 16112 18112 23112 22112 17112 17112 19112 20112 21112 19112 14112 19
2709112 25112 20112 14112 15112 13112 11112 13112 12112 12112 14112 14112  9112 15112 25112 27112 26112 27112 25112 18112 16112 20112 23112 21112 19112 23112 23112 21112 22112 28112 30112 18112 21112 25112 21112 23112 23112 22112 19112 14112 20112 26112 22112 19112 18112 16112 14112 17112 23112 25112 21112 18112 16112 14112 17112 23112 27112 30112 25112 21112 21
2710112 19112 16112 23112 26112 19112 20112 20112 19112 19112 19112 15111 15111 19111 21111 19111 17111 21111 22111 20111 17111 15111 13111 10111  9111 15111 19111 19111 21111 21111 19111 20111 21111 14111 14111 23111 27111 28111 25111 26111 25111 28111 30111 25111 22111 22111 25111 25111 23111 22111 21111 18111 18111 17111 12111  9111  9111 13111 19111 22111 24
2711111 24111 19111 17111 16111 14111 12111 15111 20111 22111 23111 20111 20111 22111 22111 23111 29111 31111 24111 27111 34111 30111 22111 17111 18111 24111 29111 24111 23111 26111 21111 17111 20111 25111 21111 17111 20111 21111 18111 20111 22111 23111 23111 20111 22111 29111 28111 20111 17111 15111 13111 20111 23111 23111 27111 28111 26111 21111 18111 16111 14
2712111 14111 16111 19111 26111 25111 18111 18111 22111 28111 32111 31111 26111 29111 32111 24111 19111 23111 23111 21111 20111 24111 27111 25111 25111 26111 26111 20111 19111 28111 27111 17111 16111 24111 29111 22111 16111 22111 24111 26111 29111 30111 30111 30111 31111 27111 27111 25111 24111 28111 35111 36111 30111 25111 22111 20111 28111 32111 21111 20111 23
2713111 24111 26111 28111 29111 32111 31111 23111 25111 29111 24111 15111 20111 33111 35111 30111 25111 29111 29111 25111 33111 36111 27111 25111 22111 19111 23111 33111 35111 23111 20111 24111 26111 26111 27111 26111 27111 28111 25111 23111 23111 22111 21111 25111 23111 23111 26111 24111 24111 22111 21111 19111 17111 15111 13111 16111 18111 16111 12111 14111 16
2714111 16111 17111 13111 14111 22111 22111 16111 17111 19111 16111 15111 15111 15111 19111 18111 15111 18111 18111 18111 21111 24111 26111 23111 20111 23111 22111 19111 18111 17111 11111 11111 16111 16111 13111 11111 14111 21111 19111 16111 18111 18111 17111 15111 19111 18111 16111 12111  7111  7111 11111 15111 14111 12111 15111 19111 19111 17111 12111 10111 11
2715111 14111 18111 12111 10111 12111 11111 15111 19111 19111 20111 16111 11111 12111 15111 17111 16111 15111 15111 14111 13111 10111 10111 12111 14111 15111 18111 17111 13111 12111 12111  9111  6111  6111  8111 16111 20111 15111 11111 10111  9111  9111 10111 10111 14111 18111 18111 19111 16111 13111 11111 10111 15111 21111 21111 15111 16111 16111 14111 17111 24
2716111 27111 21111 18111 17111 11111 10111 13111 18111 22111 22111 20111 22111 26111 25111 19111 17111 16111 16111 15111 14111 15111 19111 19111 19111 23111 25111 28111 29111 26111 25111 22111 20111 20111 20111 21111 18111 13111 11111 16111 23111 21111 12111 12111 20111 28111 31111 31111 27111 23111 21111 15111 11111 11111 18111 23111 22111 21111 15111 17111 23
2717111 22111 20111 19111 19111 20111 19111 19111 20111 21111 19111 17111 21111 20111 17111 17111 20111 20111 17111 16111 19111 20111 19111 18111 19111 27111 30111 28111 26111 25111 25111 21111 18111 18111 22111 23111 19111 15111 16111 18111 16111 14111 13111 12111 16111 21111 21111 22111 21111 19111 20111 25111 26111 23111 21111 21111 22111 21111 19111 18111 15
2718111 17111 18111 19111 17111 16111 18111 20111 20111 21111 22111 23111 24111 24111 23111 19111 15111 14111 14111 18111 21111 18111 17111 17111 14111 17111 22111 19111 14111 14111 17111 18111 18111 18111 15111 14111 13111 12111 14111 17111 20111 20111 19111 17111 13111 10111 11111 14111 17111 16111 14111 15111 17111 16111 13111 12111 16111 19111 19111 19111 19
2719111 21111 23111 18111 15111 16111 17111 19111 20111 20111 21111 20111 17111 16111 19111 20111 20111 23111 27111 26111 23111 21111 20111 25111 28111 28111 23111 19111 22111 23111 21111 22111 21111 21111 23111 24111 24111 20111 14111 15111 16111 14111 14111 12111 12111 16111 17111 17111 16111 15111 13111 14111 17111 16111 14111 15111 15111 15111 14111 12111 14
2720111 17111 16111 14111 14111 16111 16111 12111 11111 12111 16111 15111 12111 11111 11111 10111  9111  8111  9111  9111  9111 10111 10111 12111 15111 19111 19111 15111 13111 12111 14111 20111 21111 20111 19111 18111 16111 16111 13111 10111  9111  8111 13111 18111 17111 19111 21111 21111 21111 21111 21111 23111 23111 20111 17111 17111 18111 21111 20111 18111 18
2721111 18111 18111 19111 17111 19111 22111 18111 16111 15111 16111 20111 20111 17111 17111 20111 22111 21111 17111 15111 16111 14111 13111 15111 16111 15111 12111 13111 15111 14111 11111 10111 13111 14111 11111 11111 13111 14111 14111 17111 20111 19111 16111 19111 23111 21111 18111 16111 15111 15111 15111 15111 17111 18111 17111 16111 15111 16111 19111 17111 15
2722111 18111 18111 17111 20111 19111 17111 18111 18111 14111 14111 16111 15111 14111 15111 16111 14111 11111 11111 11111 11111 11111 11111 10111  9111  9111  9111  9111 11111 10111  9111 11111 11111 10111 13111 14111 14111 16111 15111 14111 14111 13111 12111 11111 10111 11111 12111 13111 12111 12111 11111 11111 10111 12111 13111 13111 12111 12111 14111 14111 13
2723111 12111 13111 14111 13111 11111 12111 13111 13111 14111 15111 16111 17111 15111 14111 15111 14111 12111 11111 10111  9111 12111 11111  8111  9111 12111 12111 11111 10111  9111  9111  8111  8111  8111  8111  8111  7111  8111  8111  8111  9111  9111  9111  8111  9111  9111 10111 12111 14111 13111 12111 10111  9111  8111  9111  9111  9111  8111  7111  6111  5
2800111  7111  8111  7111  8111 10111  8111  9111 11111 12111 12111 10111 10111 10111  9111  9111  9111  9111  8111  7111  8111 10111  8111  6111  6111  6111  6111  7111  6111  5111  3111  2111  2111  2  0  0111  1111  2111  2111  4111  6111  6111  6111  6111  5111  6111  5111  4111  3111  2  0  0111  2111  4111  5111  7111  9111  8111  8111  7111  6111  6111  6
2801111  5111  6111  8111  9111  8111  7111  7111  6111  5111  4111  3111  4111  5111  4111  4111  4111  4111  4111  4111  3111  3111  2  0  0  0  0  0  0111  1111  3111  3111  3111  5112  5112  6112  6112  6112  5112  5112  5112  5112  4112  5112  5112  4112  3112  2112  1  0  0  0  0  0  0  0  0  0  0  0  0112  2112  3112  3112  3112  3112  3112  2112  2  0  0
2802  0  0  0  0112  1112  1112  1112  2112  2  0  0  0  0  0  0  0  0  0  0  0  0  0  0  0  0  0  0  0  0  0  0  0  0  0  0  0  0  0  0  0  0  0  0  0  0  0  0  0  0  0  0  0  0  0  0  0  0  0  0  0  0  0  0  0  0  0  0  0  0  0  0  0  0  0  0  0  0  0  0  0  0  0  0  0  0  0  0  0  0  0  0  0  0  0  0  0  0  0  0  0  0  0  0  0  0  0  0  0  0  0  0  0  0  0  0
2803  0  0112  1  0  0  0  0  0  0  0  0  0  0  0  0  0  0  0  0  0  0  0  0  0  0  0  0  0  0  0  0  0  0  0  0  0  0  0  0  0  0  0  0112  1112  2112  1  0  0  0  0  0  0  0  0  0  0  0  0  0  0  0  0  0  0  0  0  0  0  0  0  0  0  0  0  0  0  0  0  0  0  0  0112  2112  3112  2112  2112  2112  2112  1112  2112  2  0  0112  1112  2112  3112  5112  4112  4112  5
2804112  8112  9112  7112  5112  4112  5112  6112  6112  7112  6112  5112  7112  9112  8112  7112  6112  7112 10112  9112  6112  5112  5112  7112  8112  6112  3112  4112  8112 13112 11112  9112 10112 10112  8112  7112  7112  7112  7112  6112  5112  5112  5112  5112  5112  5112  4112  3112  4112  7112  9112  8112  9112 10112 10112  7112  5112  4112  3112  4112  5
2805112  5112  5112  7112  8112  6112  6112  5112  4112  3112  2112  2112  2112  3112  4112  4112  3112  2112  1112  2112  3112  3112  2112  3112  4112  4112  4112  5112  6112  6112  4112  5112  5112  4112  3112  4112  4112  5112  5112  4112  4112  3112  2112  2112  3112  3112  3112  2112  2112  2112  3112  4112  5112  7112  8112 10112  9112  5112  5112  7112  7
2806112  8112  8112  9112  7112  6112  9112  8112  5112  5112  5112  6112  6112  5112  7112  9112  8112  6112  7112  8112  9112  9112  8112  7112  7112  8112  8112  6112  5112  6112  8112  8112  7112  8112  9112  8112  9112  9112  7112  7112  6112  7112 11112 14112 12112  7112  6112  6112  5112  4112  4112  3112  4112  7112 11112 14112 13112 11112  8112  9112 12
2807112 15112 16112 11112 10112 11112 10112 10112 11112 10112  8112  6112 10112 13112 10112  9112 10112  9112  9112 14112 17112 11112 10112 12112  9112  9112  7112  8112 11112 13112 17112 16112 13112 12112 12112 13112 14112 14112 11112 10112 11112 11112 10112  9112  7112  6112  7112  7112  8112  9112 10112  9112  8112  7112  5112  3112  2112  5112  6112 10112 11
2808112 10112 10112  9112  8112  9112 10112 12112 13112 12112 13112 13112 13112 11112 11112 16112 15112 12112 12112 11112 12112 11112 10112  9112  9112  9112  8112  7112  7112  7112  6112  3112  4112  7112 11112 13112 12112 10112 10112  8112  6112 10112 12112 11112  8112  7112  7112  7112  6112  6112  6112  6112  8112 11112 11112 10112 13112 12112 11112 10112  7
2809112  6112  9112 11112  8112  8112  7112  5112  7112  9112  8112  6112  5112  6112  5112  4112  5112  6112  5112  4112  4112  6112  5112  3112  1  0  0112  3112  7112  8112 10112 12112 12112 12112 12112 10112  8112 11112 14112 14112 13112 10112  6112  7112  9112  9112  8112  8112  8112  5112  5112  6112  7112  6112  5112  7112  7112 11112 14112 12112 12112 11
2810112  8112  7112  5112  4112  6112  7112  9112  8112  8112  9112  9112  8112  6112  6112  5112  6112  7112  7112  7112  9112  9112 10112 13112 12112 12112 13112 11112  8112  8112 10112 10112  9112 10112 10112 13112 13112 12112 14112 14112 12112 11112  9112  9112  9112  8112  9112 10112  8112  6112  4112  3112  4112  5112  7112  9112  9112  8112  9112 11112 10
2811112  8112  9112 11112  9112 12112 11112  9112 11112 11112  9112  9112 13112 12112  9112  7112  8112 10112 10112  8112  6112  6112  8112 10112 11112 13112 10112  9112  9112  9112  9112  8112  8112 11112 12112  9112 12112 13112 10112 10112 10112  9112  9112  8112  8112 13112 18112 20112 21112 19112 19112 22112 18112 18112 25112 26112 22112 18112 17112 19112 22
2812112 20112 18112 16112 12112 12112 15112 14112 16112 17112 14112 13112 16112 18112 15112 11112 13112 10112 10112 11112 17112 24112 25112 26112 24112 18112 17112 18112 16112 19112 19112 21112 25112 25112 18112 16112 18112 15112 13112 13112 12112  9112  5112  7112 10112 17112 21112 17112 14112 14112 19112 16112 11112 16112 19112 13112  9112 16112 22112 16112 12
2813112 16112 21112 19112 16112 15112 18112 21112 23112 24112 21112 16112 14112 11112 12112 15112 13112  9112 10112 16112 15112 14112 13112 11112 13112 18112 17112 15112 16112 12112 12112 15112 12112 10112  8112  5112  6112 12112 15112 15112 17112 14112 13112 14112 16112 16112 11112  9112 13112 15112 18112 21112 17112 14112 17112 19112 18112 16112 15112 13112 11
2814112 12112 14112 13112 14112 16112 18112 22112 22112 20112 18112 17112 21112 24112 21112 23112 20112 14112 15112 17112 16112 18112 23112 25112 21112 18112 13112  8112  8112 11112 13112 14112 15112 14112 17112 21112 16112 14112 14112 16112 23112 24112 22112 23112 22112 16112 19112 20112 14112 10112  8112 15112 19112 15112 16112 16112 13112 17112 18112 16112 18
2815112 17112 19112 20112 14112 10112 14112 18112 13112 12112 19112 23112 25112 21112 14112 16112 17112 17112 17112 15112 19112 21112 22112 27112 29112 28112 27112 30112 28112 23112 20112 16112 26112 33112 29112 27112 21112 19112 23112 19112 14112 15112 13112 16112 21112 19112 19112 23112 22112 24112 26112 23112 21112 22112 22112 14112 15112 23112 22112 18112 21
2816112 19112 18112 19112 16112 20112 26112 22112 14112 17112 19112 16112 20112 27112 26112 21112 23112 26112 21112 17112 22112 28112 22112 16112 14112 15112 24112 21112 17112 20112 23112 25112 26112 23112 19112 19112 20112 20112 21112 23112 23112 19112 19112 17112 15112 19112 19112 23112 26112 21112 15112 14112 12112 15112 19112 20112 21112 22112 20112 18112 16
2817112 17112 20112 18112 15112 15112 18112 19112 18112 21112 21112 14112 15112 16112 15112 19112 21112 21112 18112 17112 16112 13112 12112 10112 11112 10112  9112 14112 26112 29112 22112 18112 18112 18112 16112 15112 19112 23112 24112 24112 21112 19112 20112 22112 22112 23112 24112 22112 26112 29112 23112 18112 18112 22112 22112 17112 12112 11112 17112 22112 18
2818112 13112 16112 17112 19112 20112 15112 11112 11112 12112 14112 14112 15112 18112 18112 15112 13112 12112 14112 17112 21112 19112 12112 12112 16112 16112 15112 16112 18112 19112 21112 23112 21112 20//////112 22112 17112 17112 19112 14112 18112 21112 20112 21112 21112 18112 17112 15112 11112 13112 19112 20112 16112 16112 15112 14112 16112 13112 10112 12112 11
2819112  8112  9112 14112 16112 13112  9112 14112 18112 15112 21112 25112 22112 17112 16112 16112 14112 17112 15112 12112 12112 12112 16112 19112 15112 15112 19112 16112 18112 21112 17112 12112 11112 14112 13112 12112 13112 14112 17112 17112 18112 17112 16112 17112 17112 17112 19112 20112 19112 20112 15112 11112 14112 16112 15112 13112 14112 17112 18112 18112 16
2820112 14112 14112 15112 13112 10112 11112 18112 21112 18112 17112 12112 10112 12112 13112 18112 21112 18112 15112 13112 11112 11112 10112 13112 18112 19112 14112 11112 15112 20112 22112 22112 20112 17112 14112 18112 21112 19112 20112 16112 11112  9112  7112  8112 11112 13112 13112 11112 10112 11112 10112 11112 12112 10112 11112 13112 13112 14112 13112 13112 14
2821112 14112 14112 15112 17112 17112 17112 17112 21112 27112 21112 17112 18112 15112 11112 12112 13112 11112 12112 14112 15112 14112 13112 10112 13112 17112 18112 20112 20112 19112 20112 16112 15112 23112 32112 30112 29112 33112 27112 23112 22112 20112 21112 22112 24112 23112 25112 25112 24112 21112 12112 17112 23112 25112 31112 24112 17112 21112 24112 22112 18
2822112 19112 24112 27112 24112 17112 17112 19112 17112 16112 14112  8112  4112  4112  9112 20112 23112 21112 19112 17112 17112 17112 16112 15112 16112 16112 14112 12112 13112 12112  8112  7112 11112 15112 15112 11112 10112 10112 10112  9112  9112 11112 14112 16112 16112 15112 16112 14112 11//////112 11112  9112  8112  8112  7112  7112  4112  4112  5112  7112 12
2823112 11112  7112  6112  9112 11112  9112  9112  9112 10112 10112  8112  7112  7112  5112  5112  7112  8112  6112  3112  1112  2112  4112  4112  3112  3112  2112  3112  4112  5112  7112  7112  8112  8112  7112  5112  4112  7112  8112  6112  3112  4112  9112  8112  7112  9112  8112  6112  5112  5112  5112  5112  4112  4112  5112  4112  3112  4112  6112  7112  7
2900112  7112  7112  7112  7112  6112  4112  4112  4112  3112  4112  5112  6112  6112  6112  6112  5112  5112  6112  6112  4112  5112  6112  6112  6112  6112  5112  5112  4112  3112  3112  3112  3112  2112  2112  2112  2112  2112  2112  3112  4112  4112  4112  4112  5112  5112  5112  4112  3  0  0  0  0112  1112  2112  1112  1112  2  0  0  0  0  0  0  0  0112  2
2901112  3112  3112  5112  7112  7112  7112  8112  8112  7112  6112  4112  5112  6112  6112  6112  6112  6112  6112  7112  7112  6112  7112  8112  9112  8112  7112  6112  5112  6112  6112  5112  5112  5112  4112  6112  6112  4112  5112  5112  4112  4112  4112  4112  4112  5112  6112  6112  7112  8112  8112  7112  7112  6112  6112  7112  8112  8112  7112  6112  5
2902112  3112  1  0  0  0  0112  1112  2112  2112  2112  2112  2112  3112  4112  5112  5112  6112  8112  8112  6112  6112  6112  7112  9112  9112  9112  7112  7112  8112  8112  7112  7112  6112  7112  7112  7112  5112  5112  4112  1  0  0112  1112  2112  1112  1112  2112  2112  2112  2112  2112  3112  5112  6112  7112  6112  6112  5112  6112  7112  7112  6112  6
2903112  6112  6112  6//////112  6112  7112  7112  7112  6112  5112  5112  5112  4112  3112  3112  2112  2112  1  0  0112  1112  2112  3112  3112  3112  3112  4112  4112  4112  4112  4112  4112  3112  3112  3112  4112  5112  3112  3112  3112  3112  3112  2112  2112  3112  4112  4112  4112  4112  4112  3112  3112  3112  4112  6112  7112  7112  7112  7112  7112  7
2904112  7112  7112  6112  5112  4112  4112  3112  2112  2112  3112  3112  4112  4112  4112  4112  4112  3112  3112  3112  3112  3112  3112  2112  2112  2112  2  0  0  0  0112  2112  2112  1112  2112  2112  2112  2112  3112  4112  4112  4112  3112  3112  4112  4112  3112  3112  3112  3112  2112  4112  5112  4112  5112  5112  4112  3112  3112  2112  1112  3112  5
2905112  6112  8112  8112  8112  7112  7112  7112  6112  5112  6112  7112  7112  7112  7112  8112  8112  7112  6112  4112  3112  3112  2112  1112  2112  2112  3112  4112  4112  5112  4112  3112  3112  3112  3112  3112  3112  4112  6112  6112  6112  6112  5112  7112  7112  8112  9112  8112  9112  9112  8112  7112  7112  6112  5112  5112  6112  8112  6112  5112  6
2906112  5112  5112  4112  3112  3112  2112  1  0  0  0  0  0  0  0  0  0  0112  1112  3112  5112  5112  5112  5112  4112  4112  4112  4112  4112  4112  5112  5112  5112  5112  4112  3112  3112  4112  3112  3112  4112  5112  6112  6112  6112  6112  5112  3112  3112  3112  4112  5112  4112  1112  1112  1  0  0  0  0  0  0  0  0  0  0  0  0  0  0  0  0  0  0  0  0
2907  0  0  0  0112  2112  4112  5112  4112  4112  6112  7112  6112  5112  4112  4112  3112  3112  4112  4112  4//////112  6112  7112  8112  8112 10112 10112 10112  8112  7112  7112  7112  6112  5112  4112  4112  5112  5112  6112  6112  5112  5112  6112  6112  5112  5112  5112  5112  4112  5112  5112  5112  4112  4112  4112  3112  3112  3112  3112  3112  3112  3
2908112  3112  4112  5112  6112  7112  6112  6112  5112  4112  4112  3112  4112  3112  3112  4112  5112  6112  6112  5112  4112  3112  3112  4112  5112  5112  4112  5112  5112  5112  5112  5112  5112  5112  4112  4112  3112  2112  2  0  0  0  0  0  0  0  0112  1112  1  0  0  0  0  0  0  0  0  0  0  0  0  0  0  0  0  0  0  0  0112  1112  1  0  0  0  0  0  0  0  0
2909  0  0  0  0  0  0  0  0  0  0  0  0  0  0112  2112  2  0  0112  2112  2  0  0  0  0  0  0  0  0  0  0  0  0  0  0  0  0  0  0112  1112  2112  1  0  0111  1111  1111  2111  3111  4111  4111  4111  5111  6111  6111  4111  3111  5111  6111  6111  6111  7111  7111  7111  6111  5111  4111  4111  4111  4111  3111  2111  1  0  0  0  0  0  0  0  0  0  0111  2111  4
2910111  3111  2111  1  0  0  0  0  0  0  0  0  0  0111  2111  4111  4111  5111  5111  3111  1111  2111  4111  3111  2111  3111  6111  8111  7111  6111  7111  7111  7111  7111  7111  7111  8111  7111  7111  5111  2111  2111  2111  4111  7111  8111 11111 11111  7111  2111  1111  1  0  0111  2111  2111  2111  3111  5111  6111  3111  2111  4111  6111  7111  6111  6
2911111  8111  9111  8111  6111  5111  6111  4111  3111  4111  4111  3111  4111  3111  2111  4111  7111  8111  8111  7111  6111  5111  5111  6111  5111  4111  4111  3111  3111  5111  5111  3111  1111  2111  3111  2111  3111  5111  3111  3111  6111 11111 11111 10111 11111 10111  7111  5111  4111  5111  5111  2111  1111  2111  2111  4110  6110  9110 12110  9110  4
2912110  2110  2110  4110  5110  5110  3110  6110 11110 14110 10110  5110  5110  8110  9110  6110  5110  6110  8110  8110  5110  4110  6110  8110  7110  5110  6110  8110 11110 12110 10110  8110  5110  5110  9110 12110  9110  6110  6110  6110  9110  8110  4110  2110  1110  1110  1  0  0110  1110  6110 10110 12110 17110 16110 13110 13110 14110 12110 10110  8110  9
2913110 13110 12110 11110  9110  7110  9110 12110 10110  7110  7110  9110  9110 10110 12110 11110  8110  7110  9110 11110 15110 14110 10110 10110  8110  6110  8110 14110 18110 19110 20110 16110 10110 15110 19110 15110 14110 11109  9109 10109 11109 12109 11109  7109  7109 10109 11109 10109 13109 16109 17110 19110 18110 13110  9110  8110 12110 14110 14110 15110 15
2914110 14110 14110 13110 11110 12110 15110 16110 14110 10110 10110 10110 11110 12110 13110 15110 16110 17110 17110 14110 11110  9110 11110 14110 16110 20110 19110 15110 13110 12110 10110 11110 10110 12109 13109 13109 15109 12109  8109  8109 12109 14109 13109 11109 10109  6109  5109  8109  6109  4109  6109 10109  8109  8109 14109 19109 19109 17109 15109 18109 21
2915109 18109 15110 14110 11110 10110  9110  9110 10110 10110 10110  9110  9110 15110 21110 17110 17110 14110 10110 10110 13110 12110 11110 14110 13110 14110 16110 16110 15110 15110 13110  9110  5110  5110  7110  9110  9110  8110  6110  6110  7110  9110 11110 11110 10110 10110  8109  8109  8109 10110 11110  8110  7110 13110 18110 17110 15110 14110  9110  7110  9
2916110 11110 13110 13110 11110 13110 17110 16110 12110  9110  7110  8110 11110 13110 12110 10110  8110  8110  7110  5110  5110  7110  8110  9110  9110  7110  8110 10110 11110 12110  9110  7110  9110  9110  6110  7110  8110  8110  5110  1  0  0110  3109  6109  8109 11109 14109 12109  9109  4109  4109  8109  7109  8109 11109 10109 12110 15110 14110 11110  9110  8
2917110  5110  2110  1110  2110  2110  4110  6110  8110 10110  9110  5110  6110  7110  5110  4110  4110  4110  6110  9110  9110  8110  6110  5110  4110  5110  7110  7110  5110  5110  5110  3110  2110  5110  7110  6110  8110 12110 11110  8110  7110  9110 10110 12110 12110 11110 10110  8110  7110  6110  4110  4110  5110  6110  5110  4110  3110  3110  5110  4110  3
2918110  4110  5110  5110  6110  6110  5110  6110  6110  6110  6110  8110 11110 11110 11110 13110 14110 13110 12110 12110 11110 11110 12110 14110 16110 16110 15110 15110 15110 15110 15110 14110 13110 12110 10110  8110 10110 11110 11110 10110 10110 11110 11110  9110  8110  8110  8111  9111  9111  9111  9110 10111 11111  9111  9111  9111  9111  8111  9111 11111 13
2919111 13111 11111 10111  9111  9111  8111  7111  7111  8111  9111  9111  9111  9111  8111  9111 10111  9111  9111  8111  8111  9111  9111  8111  8111  9111  8111  9111 10111 10111 11111 12111 14111 18111 21111 23111 21111 17111 16111 16111 14111 14111 14111 13111 14111 16111 15111 13111 11111 11111 12111 14111 14111 13111 13111 14111 16111 17111 16111 14111 15
2920111 17111 18111 16111 12111 11111 12111 11111 12111 15111 14111 14111 16111 16111 14111 13111 15111 16111 16111 15111 15111 16111 16111 16111 14111 13111 15111 16111 17111 18111 19111 21111 20111 19111 17111 16111 17111 18111 17111 14111 14111 13111 14111 16111 15111 15111 15111 15111 12111 13111 14111 11111 11111 11111 10111 12111 13111 12111 10111 10111 12
2921111 12111 12111 12111 11111 11111 10111 11111 10111 10111 10111 10111 10111 11111 10111  9111  8111  8111  8111  7111  5111  4111  5111  6111  5111  6111  8111  8111  7111  6111  5111  5111  5111  6111  6111  6111  7111  8111  8111  8111  5111  3111  3111  5111 10111 13111 12111  9111  7111  7111  6111  3111  2111  2111  3111  6111  6111  7111  6111  6111  8
2922111  8111  6111  5111  4111  2111  2111  3111  3111  1  0  0  0  0111  1111  2111  3111  2111  3111  3111  4111  3111  2111  3111  3111  2111  3111  3111  3111  3111  2111  3111  4111  5111  5111  4111  6111  7111  8111  8111  7111  7111  7111  7111  7111  7111  7111  7111  6111  6111  5111  5111  5111  5111  4111  4111  3111  2111  2111  1111  2111  1  0  0
2923111  1  0  0111  1111  1111  1111  1  0  0  0  0  0  0112  1112  2112  3112  4112  4112  4112  4112  4112  4112  2  0  0  0  0  0  0  0  0  0  0  0  0  0  0  0  0  0  0  0  0  0  0  0  0112  1112  2112  3112  5112  5112  5112  5112  6112  7112  7112  6112  5112  5112  4112  4112  4112  5112  4112  5112  6112  5112  4112  5112  7112  7112  6112  6112  6112  6
3000112  5112  5112  4112  4112  4112  3112  4112  5112  5112  6112  6112  6112  6112  6112  7112  8112  9112  9112 10112 11112 10112 10112 10112 10112 10112  9112  8112  9112  8112  7112  9112 10112  9112  8112  9112  9112  8112 10112  9112  7112  7112  6112  5112  6112  6112  6112  6112  5112  5112  7112  9112  8112  7112  6112  7112  7112  7112  7112  7112  7
3001112  8112  8112  7112  6112  5112  4112  3112  1112  2  0  0  0  0  0  0112  1112  2112  2112  3112  4112  4112  3112  3112  2112  3112  4112  5112  6112  6112  6112  5112  4112  4112  4112  3112  4112  4112  4112  5112  6112  7112  8112  7112  6112  5112  6112  6112  6112  6112  6112  6112  5112  4112  4112  5112  6112  6112  6112  6112  6112  6112  6112  7
3002112  8112  9112 10112 10112 11112 12112 12112 11112 10112 10112 10112 10112 10112 10112  9112  8112  8112  8112  8112  8112  7112  7112  6112  6112  6112  6112  5112  3112  2112  2112  2112  3112  3112  4112  5112  5112  6112  7112  8112  8112  8112  8112  9112  9112  8112  8112  8112  8112  8112  7112  6112  7112  7112  6112  7112  8112  9112 10112 10112 12
3003112 13112 13112 14112 14112 14112 14112 14112 13112 13112 13112 13112 12112 12112 11112 11112 10112 10112 11112 10112  9112  8112  7112  8112  8112  8112  9112  9112  9112  9112  8112  7112  8112 10112 11112 11112 10112 10112  9112  9112 10112 10112 10112 10112  9112  8112  8112  9112 11112 11112 11112 10112 11112 12112 12112 11112 11112 11112 11112 10112 10
3004112 11112 11112 12112 13112 12112 12112 11112 10112  9112  8112 10112 14112 13112 12112 13112 12112 11112 10112 10112  9112  8112  8112  8112  9112 11112 12112 12112 12112 12112 12112 13112 15112 13112 13112 13112 13112 13112 15112 16112 16112 17112 17112 16112 17112 17112 16112 17112 17112 17112 17112 16112 16112 15112 16112 18112 17112 16112 17112 17112 15
3005112 16112 17112 15112 16112 17112 16112 15112 14112 12112 11112 11112 11112 10112 11112 11112 11112  9112  9112  8112  8112  9112 10112 10112 10112 10112  8112  8112  6112  5112  4112  4112  3112  4112  5112  8112  9112  8112 10112 11112 10112  9112  8112  7112  7112  8112  7112  6112  5112  6112  7112  6112  5112  4112  4112  4112  4112  5112  5112  5112  4
3006112  2  0  0  0  0  0  0  0  0  0  0112  2112  2112  1  0  0  0  0  0  0  0  0  0  0  0  0  0  0  0  0  0  0  0  0112  1112  2112  3112  3112  4112  6112  4112  3112  2  0  0  0  0  0  0  0  0112  2112  2112  1  0  0112  1112  3112  3112  2112  2112  3112  3112  2112  1112  2112  3112  5112  6112  7112  7112  8112  9112  9112  8112  7112  7112  6112  5112  5
3007112  5112  4112  4112  3112  1  0  0  0  0  0  0112  2112  3112  4112  3112  3112  2112  1112  1112  2  0  0  0  0  0  0  0  0  0  0  0  0  0  0  0  0  0  0  0  0  0  0  0  0  0  0  0  0112  1112  2112  3112  3112  3112  4112  4112  4112  4112  3112  2112  3112  3112  3112  4112  5112  5112  5112  4112  6112  7112  7112  6112  5112  4112  2112  1112  1112  1
3008112  1112  2112  4112  5112  5112  7112  9112 11112 10112  6112  3112  2  0  0112  1112  4112  5112  4112  4112  5112  6112  5112  3112  2112  3112  3112  2  0  0112  2112  2112  2112  4112  5112  6112  7112  6112  5112  4112  5112  5112  4112  6112  7112  7112  7112  7112  6112  6112  7112  8112  7112  6112  5112  5112  6112  6112  5112  4112  2112  1112  1
3009112  3112  4112  4112  5112  6112  5112  3112  1  0  0  0  0  0  0112  1  0  0112  3112  5112  5112  4112  3112  3112  3112  1  0  0  0  0112  2112  3112  2112  2112  5112  6112  5112  3112  3112  5112  6112  5112  3112  2112  1  0  0  0  0  0  0112  1112  2112  2112  3112  4112  4112  2112  1112  2112  4112  5112  5112  5112  6112  5112  5112  7112  8112  7
3010112  6112  5112  5112  6112  5112  5112  6112  4112  2  0  0112  1112  3112  4112  3112  3112  3112  4112  6112  7112  6112  5112  6112  7112  6112  6111  5111  5111  6111  6111  7111  8111  8111  7111  6111  7111  4111  2111  4111  7111  9111  9111  8111  6111  7111  8111  9111  8111  8111  8111 11111 11111  9111  7111  4111  5111  9111  9111  8111  8111  7
3011111  5111  5111  3111  4111  7111  6111  5111  4111  5111  6111  7111  5111  5111  3111  4111  6111  5111  3111  2111  1  0  0111  4111  5110  4110  4110  4110  4110  4110  3110  2110  3110  4110  5110  4110  2110  3110  7110  7110  5110  5110  5110  4110  1110  3110  4110  3110  4110  7110  8110  6110  6110  5110  5110  6110  5110  7110 11110 10110  7110 10
3012110 11110  7110  6110  7110  8110  7110  7110  9110 10110 10110 11110 13110 14110 14110 12110  7110  5110  7110  8110 11110 13110 15110 16110 14110 11110 10110  9110 12110 14110 13110 10110 11110 15110 14110 13110 14110 13110 11110  8110 10110 11110 13110 20110 19110 15110 12110 14110 15110 16110 18110 15110  9110  6110  7110  7110  6110  5110  5110 12109 17
3013109 13109 10109 13109 15109 10109 11109 16109 15109 10109  9109 10109  8109  6109  6109  9109 12109 10109  7109  8109 13109 13109  7109  4109  5109 10109 15109 16109 17109 17109 17109 15109 14109 13109 13109 13109 10109  9109 12109 15109 17109 16109 14109 11109 13109 17109 17109 20109 19109 18109 16109 10109  8109  9109 10109  5109  7109 13109 13109 14109 15
3014109 13109 14109 14109 11109  5109  8109 14109 14109  9109 12109 18109 19109 18109 18109 20109 24109 23109 19109 16109 13109 13109 13109 10109  7109  4109  5109 11109 15109 20109 25109 22109 14109 16109 19109 22109 22109 16109 13109 17109 16109 14109 24109 35109 30109 20109 16109 15109 11109 10109 16109 25109 29109 23109 18109 17109 15109 14109 14109 14109 11
3015109  8109 13109 20109 21109 24109 25109 18109 17109 22109 26109 24109 19109 17109 16109 15109 18109 21109 17109 15109 14109 14109 14109 15109 18109 15109  9109  6109 10109 14109 12109  9109  8109  7109  7109 10109 13109 19109 21109 18109 15109 17109 19109 19109 16109 14109 13109 11109  6109 11109 19109 20109 16109 13109 13109 12109  9109  8109  9109 13109 18
3016109 16109 14109 16109 16109 12109  9109  7109  8109 11109 20109 30109 32109 25109 19109 18109 18109 16109 15109 19109 20109 18109 16109 18110 23110 28110 34110 34110 34110 31110 29110 31110 30110 27110 31110 35110 33110 26110 22110 28110 29110 26110 27110 29110 30110 30110 31110 35110 35110 29110 27110 29110 30110 29110 27110 23110 22110 24110 23110 23110 20
3017110 21110 22110 21110 20110 21110 25110 26110 24110 30110 34110 26110 19110 22110 24110 25110 28110 31110 32110 31110 28110 26110 26110 26110 23110 23110 21110 20110 24110 24110 23110 17110 18110 25110 29110 27110 21110 18110 20110 23110 23110 21110 18110 18110 19110 22110 21110 21110 24110 25110 23110 19110 18110 20110 21110 18110 17110 14110 14110 16110 14
3018110 11110 10110 13110 13110 13110 13110 16110 16110 14110 16110 15110 15110 14110 17110 17110 14110 13110 17110 18110 15110 13110 12110 13110 13110 14110 15110 18110 19110 15110 15110 18110 22110 24110 24110 23110 19110 16110 16110 15110 15110 15110 12110 14110 14110 12110 11110 10110 12110 12110 13110 12110 14110 15110 17110 17110 15110 12110 10110 11110 11
3019110 11110 12110 12110 13110 14110 12110 11110 12110 13110 14110 17110 16111 16110 16110 13110 12110 14110 13110 12110 12110 12110 13111 13111 12111 11111 11111 11111 12111 13111 12111 11111 12110 13110 14111 14111 14111 14111 14111 12111 12111 12111 10111 10111  9110  8110  9111 10111  9111  9111  8111  8111  8111  7111  6111  6111  6111  7111  8111  7111  7
3020111  7111  7111  7111  8111  8111  7111  6111  6111  7111  7111  7111  8111  9111 10111  9111  8111  9111 10111 10111  9111 10111  9111  8111  7111  8111  8111  9111  8111  6111  6111  7111  7111  6111  5111  5111  4111  5111  5111  5111  4111  5111  4111  2111  3111  3//////  0  0111  2111  4111  4111  4111  5111  5111  5111  5111  6111  7111  8111 10111 10
3021111  9111 10111 11111 12111 12111 14111 14111 13111 11111 13111 13111 12111 11111 10111 11111 11111  9111  8111  6111  5111  5111  7111  7111  7111  7111  9111 11111 12111 11111 12111 13111 12111 11111  9111  6111  5111  7111  9111  7111  5111  6111  7111  7111  6111  6111  5111  5111  7111  9111  9111  8111  7111  8111  8111  8111  7111  7111  7111 10111 11
3022111  9111  6111  5111  4111  4111  6111  7111  8111  8111  9111 10111 10111  8111  6111  6111  6111  5111  3111  3111  3111  2111  2111  1  0  0  0  0111  2111  2111  1  0  0111  1111  1  0  0  0  0  0  0  0  0  0  0  0  0111  2111  2111  2111  4111  4111  4111  4111  5111  5111  4111  3111  3111  3111  3111  3111  4111  4111  3111  3111  2111  1111  1  0  0
3023  0  0111  2111  1111  1111  2111  2111  2111  2111  2111  3111  3111  3111  3111  3111  4111  4111  4111  3111  2111  1  0  0  0  0  0  0  0  0  0  0  0  0  0  0  0  0  0  0111  1111  2111  2111  2111  2111  2111  2111  2111  3111  2111  2111  1  0  0  0  0  0  0  0  0  0  0  0  0  0  0  0  0  0  0  0  0111  1111  4111  5111  5111  6111  7111  8111 10111 10
3100111 10111 10111  8111  7111  7111  7111  6111  6111  5111  4111  4111  4111  4111  5111  5111  5111  5111  5111  5111  5111  3111  2111  3111  3111  4111  6111  7111  5111  4111  5111  5111  5111  5111  5111  4111  2111  2111  2111  2111  1  0  0111  1  0  0  0  0  0  0  0  0  0  0  0  0111  2111  3111  3111  3111  3111  2111  2111  2111  2111  3111  3111  4
3101//////111  3111  4111  4111  4111  4111  4111  3111  3111  3111  4111  4111  4111  4111  5111  5111  6111  7111  7111  7111  8111  8111  8111  7111  7111  6111  7111  8111  8111  9111  9111  8111  8111  7111  7111  7111  6111  6111  7111  7111  9111 10111 10111 10111  9111  9111  9111  9111 10111 11111 11111 10111 10111 10111  9111 10111 11111 10111  9111  8
3102111  8111  9111 10111 10111 10111 11111 12111 11111 10111 11111 11111 10111 11111 13111 13111  9111  7111  7111  7111  9111 10111  7111  7111  6111  7111  8111 10111  8111  8111  8111  8111  8111  9111 10111 10111 10111 11111 11111 13111 14111 13111 11111 11111 10111  9111  8111  7111  6111  6111  8111  9111  8111  7111  5111  5111  7111  7111  7111  8111  7
3103111  6111  8111  9111 14111 16111 14111 12111 13111 12111 11111 10111  8111  8111  9111 11111 12111 11111  9111 10111 11111 11111 10111  8111  7111  8111 10111  9111  8111  9111 10111  9111  7111  9111 10111 10111 10111 11111  9111  7111  8111 10111  9111  8111  8111  8111 10111 10111  8111  7111  7111  8111  8111  7111  7111  6111  5111  6111  6111  6111  7
3104111  6111  6111  6111  6111  6111  5111  4111  3111  2111  2111  3111  2111  2  0  0  0  0111  2111  3111  4111  5111  6111  5111  5111  5111  5111  6111  5111  5111  4111  3111  2  0  0  0  0  0  0  0  0  0  0  0  0  0  0  0  0  0  0  0  0  0  0  0  0  0  0111  1111  1  0  0  0  0  0  0  0  0  0  0111  1111  2111  2111  2111  3111  3111  3111  2111  2111  2
3105111  2111  2  0  0  0  0  0  0111  2111  2111  3111  3111  3111  3111  3111  4111  4111  4//////111  4111  4111  4111  4111  5111  5111  5111  5111  5111  4111  4111  4111  5111  5111  5111  5111  5111  6111  6111  6111  5111  5111  4111  4111  3111  3111  2111  2111  3111  4111  4111  5111  5111  5111  5111  4111  4111  4111  3111  3111  4111  4111  4111  4
3106111  4111  5111  5111  5111  4111  5111  5111  5111  5111  4111  3111  3111  3111  2111  3111  3111  3111  4111  5111  5111  4111  3111  3111  3111  2111  1  0  0  0  0  0  0  0  0  0  0  0  0  0  0  0  0  0  0  0  0  0  0111  1111  2111  2111  3111  3111  3111  3111  3111  2111  2111  1111  1  0  0  0  0  0  0  0  0  0  0  0  0  0  0  0  0  0  0111  1111  2
3107111  2111  2111  2111  3111  3111  3111  4111  4111  5111  6111  6111  7111  9111  8111  7111  7111  7111  6111  6111  5111  5111  6111  7111  8111  8111  8111  8111  8111  7111  7111  7111  8111  7111  6111  6111  6111  7111  8111  7111  8111 10111 10111  8111  3  0  0  0  0111  1111  3111  7111  9111  7111  6111  5111  4111  4111  5111  5111  4111  3111  2
3108111  1  0  0111  2111  3111  3111  2  0  0  0  0  0  0  0  0  0  0  0  0  0  0  0  0  0  0  0  0  0  0  0  0  0  0  0  0  0  0  0  0  0  0  0  0  0  0111  2111  3111  3111  2111  1  0  0111  2111  3111  3111  3111  3111  2111  2111  1111  1111  2111  3111  5111  5111  5111  5111  5111  4111  4111  3111  4111  5111  5111  7111  8111  8111  8111  8111  7111  8
3109111  8111  8111  7111  6111  6111  5111  3111  2111  2111  4111  5111  4111  5111  5111  5111  5111  5111  5111  4111  2111  1111  2111  1  0  0  0  0111  2111  2111  3111  4111  4//////111  3111  3111  3111  4111  4111  5111  5111  5111  5111  3111  1  0  0  0  0111  2111  4111  4111  4111  4111  4111  3111  3111  3111  3111  2111  2  0  0  0  0  0  0  0  0
3110  0  0  0  0  0  0  0  0  0  0  0  0  0  0  0  0  0  0  0  0  0  0  0  0111  1111  2  0  0111  1111  3111  3111  3111  2111  1111  2111  2111  2111  1  0  0  0  0  0  0  0  0111  1111  2111  3111  2111  2111  2111  1111  1111  1111  2111  3111  3111  3111  3111  2111  2111  2  0  0  0  0  0  0  0  0  0  0  0  0111  1111  1  0  0  0  0  0  0  0  0  0  0  0  0
3111  0  0  0  0  0  0  0  0  0  0  0  0  0  0  0  0  0  0  0  0  0  0  0  0  0  0  0  0  0  0  0  0111  2111  3111  3111  3111  3111  3111  3111  3111  3111  4111  4111  5111  6111  6111  4111  4111  5111  6111  8111  8111  6111  5111  4111  4111  4111  4111  4111  4111  3111  4111  6111  7111  6111  6111  5111  4111  3111  2111  3111  4111  3111  2111  2111  2
3112111  2111  3111  4111  3111  4111  4111  3111  3111  3111  3111  3111  4111  4111  6111  7111  6111  4111  3111  3111  4111  4111  4111  4111  3111  3111  2111  2111  2111  2111  2111  2111  1  0  0111  2111  3111  4111  5111  4111  3111  3111  3111  4111  5111  6111  6111  6111  5111  5111  5111  4111  4111  3111  1  0  0  0  0  0  0  0  0  0  0  0  0  0  0
3113111  2111  5111  8111 11111 10111  7111  6111  5111  4111  3110  6110  8110  8111  5111  4111  8111 13111 15111 14111 14111 13111 11111  9111 10111 13111 10111 10111 13111 14111 12111 11111 13111 13111 11111  9111  9111  7111  7111  7111  7111 10111 10111  9111  9111  6//////111 10111 13111 12111 10111  7111  8111  9111  7111  6111  6111  7111  8111  9111  9
3114111 10111 11111 12111 12111  9111  8111  8111 10111 13111 14111 13111 15111 16111 14111 12111 11111  9111 11111 13111 12111 10111  8111  9111 10111  9111  9111 10111  9111 10111 11111 10111  9111  8111 10111 10111 10111 15111 15111 13111 11111 11111 10111  9111  9111 11111 12111 13111 14111 14111 13111  9111  7111  7111  7111  9111  8111  4111  3111  2  0  0
3115111  1111  4111  4111  4111  3111  2111  6111 10111 11111  9111  9111 10111 10111  9111  9111  8111  5111  3111  5111 10111  8111  4111  3111  5111  7111  6111  5111  7111 12111 14111 11111 11111 11111  7111  5111  5111  8111 11111  9111  7111  8111 10111 12111 12111 12111 14111 13111 11111  9111  7111  9111 10111  7111  6111  4111  3111  6111 12111 13111 12
3116111 14111 14111 13111 13111 14111 14111 12111 11111 14111 13111 10111 10111 11111 14111 14111 14111 18111 20111 21111 24111 20111 14111 13111 11111 10111 15111 21111 19111 13111 12111 14111 14111 13111 11111 12111 13111 14111 18111 18111 14111 11111 12111 13111 14111 14111 12111 14111 17111 15111 12111 12111 12111 13111 18111 17111 13111 12111 10111  9111 12
3117111 14111 16111 15111 15111 13111 13111 15111 11111 12111 18111 19111 14111 10111 12111 16111 16111 15111 19111 21111 18111 15111 12111  9111 13111 17111 18111 22111 21111 17111 15111 17111 15111 13111 13111 14111 16111 17111 20111 25111 29111 24111 18111 18111 20111 17111 15111 14111 14111 18111 18111 17111 18111 16111 17111 20111 22111 22111 21111 21111 19
3118111 21111 22111 22111 24111 26111 26111 23111 24111 20111 18111 17111 13111 11111 13111 16111 17111 14111 16111 17111 16111 20111 23111 21111 20111 19111 14111 13111 13111 12111 14111 15111 16111 24111 24111 18111 18111 21111 24111 22111 25111 29111 27111 24111 23111 21111 22111 23111 20111 18111 23111 24111 22111 22111 20111 16111 15111 19111 21111 19111 16
3119111 17111 17111 16111 25111 27111 26111 26111 22111 19111 19111 16111 14111 19111 18111 16111 15111 14111 20111 24111 25111 23111 16111 14111 18111 22111 21111 15111 12111 15111 16111 18111 24111 24111 19111 15111 19111 21111 15111 17111 20111 17111 17111 16111 17111 17111 15111 12111 10111 10111 12111 15111 18111 20111 17111 19111 15111  8111 10111 12111 13
3120111 17111 19111 17111 17111 21111 21111 17111 16111 22111 27111 23111 19111 16111 18111 21111 19111 17111 15111 19111 24111 23111 23111 23111 18111 17111 21111 19111 18111 18111 16111 12111  7111  9111 13111 18111 21111 20111 18111 14111 11111 11111 11111  8111  8111 13111 14111 14111 13111 13111 14111 14111 13111 14111 17111 14111 12111 10111  9111  9111  8
