58265 2003   041213603204   65   24 6670   55    1--------------------------------------------------------------------------------------------------------------------------------------------------------------------------------------------------------------------------------------------------------------------------------------------------------------------------
3121108  6108  6108  8108 10108 14108 16108 16108 11108  9108 13108 14108 12108 10108 10108 12108 13108 13108 13108 11108 10108  8108  5108  7108  9108  9108  9108 14108 16108 18108 17108 13108  8108  9108 11108 11108  7108 10142 16108 10108  7108  6108  8108 11108 10108  9108  9108  8108 11108 16108 17108 14108 11108 13108 15108 15108 12108 10108 13108 15108 15
3122108 14108 14108 12108 10108 12108 13108 11108  9108  7108  8108 13108 15108 14108 15108 15108 13108 11108  9108  7108  8108 11108 11108 10108  7108  3108  3108  6108  7108  8108  8108 10108 12108 10108  9108  8108  7108 17108 25108 22108 20108 18108 13108 14108 16108 11108 11108 16108 20108 17108 11108  7108  4108  3108  7108 12108 11108 11108 15108 11108 10
3123108 12108 11108  9108  6108  3108  2108  3108  7108 12108 14108 14108 18108 19108 15108 14108 13108 13109 14109 13109 13109 13109 14109 13109 10109 10109 14109 15109 13109  9109 10109 13109 13109 12109 13109 13109  8109  7109  9109  8109  9109 11109 11109  8109  7109  7109  6109  4109  5109  6109  6109  6109  5109  3109  2109  4109  7109  9109 11109 10109  7
0100109  6109  7109  6109  8109 10109  9109  7109  5109  6109  8109  9109  7109  4109  3109  2  0  0108  2108  5108  4108  4108  6108  7108  9108  7108  4108  8108 11108  7108  5108  3108  3108  4108  6108  5108  5108  8108  9108  9108  9108  9108 10108 11108 13108 13108 13108 12108 10108 10108  9108  6108  5108  6108  8108 10108 13108 15108 14108 10108  7108  7
0101108 11108 17108 19108 20108 20108 20108 21108 21108 17109 15109 16109 16109 17109 16109 15109 14109 13109 14109 15109 14109 12109 13109 14109 15109 16109 15109 15109 12109 12109 13109 12109 11109 11109 12109 13109 13109 13109 12109 12109 14109 13109 12109 12109 10109  9109 10109 10109 10109  9109  9109  9109  8 47  7109  7109  6109  6109  6109  6109  7109 10
0102109 12109 12109 12109 13109 12109 10109 10109 10109  8109  7109  7109  5109  4109  3109  5109  5109  5109  3109  1  0  0109  3109  5109  6109  5108  5108  5108  4108  4108  5108  6108  5108  4108  3108  3108  3108  3108  3108  3108  3108  3108  6108  7108  6108  7108  6108  7108  9108  9108 12108 11108  8108  7108  7108  7108  7108  6108  5108  7108  9108  6
0103108  4108  3108  3108  9108 12108 10108  8108  9108 11108 12108 13108 12108  9108  6108  6108  6108  4108  4108  8108 12108 15108 16108 16108 15108 18108 19108 17108 15108 12108 10108  7108 11108 17108 14108 12108  9108  5108  6108 10108 12108 11108 11108  8108  9108 12108 13108 12108 11108  9108  7108  9108 12108 13108 13108 13108 13108 12108 11108  9108  8
0104108 12108 15108 13108  8108 14108 20108 20108 18108 15108 15108 14108 14108 11108  7108  8108 12108 13108 12108 11108  9108  6108  6108  8108 10108 10108 11108 15108 17108 19108 21108 22108 20108 18108 13108  9108  9108 11108 10108 13108 17108 18108 14108 10108  8108  6108  8108  9108  8108 10108 11108  9108 10108 12108 15108 15108 18108 23108 21108 17108 16
0105108 16108 20108 23108 22108 20108 16108 13108 14108 14108 16108 19108 21108 21108 21108 18108 14108 13108 14108 15108 15108 15108 17108 16108 17108 17109 14109 14109 16109 15109 13109 14109 12109 11109 15109 16109 14109 10109  8109  9109 12109 12109 10109  9109  9109 11109 14109 14109 13109 15109 18109 17109 14109 12109 14109 19109 19109 16109 13109 14109 14
0106109 10109 10109 14109 15109 15109 14109 14 39 14109 14109 13109 12109 11109 10109 12109 14109 14109 15109 14109  9109  6109  7109  9109 10109  9109  9109  9109  9109  8109  9109 12109 13109 10109  8109  8109  7109  7109  6109  7109 10109 14109 13109 10109 10109  9109  9109 11109 10109  7109  6109  9109 12109 12109 11109 11109 12109 12109 14109 15109 12109 11
0107109 11109 10109  9109 10109 11109 12109 10109  8109  7109  6109  9109  9109  7109  7109  9109 11109  9109  7109  6109  7109  7109  9109  9109  8109  8109  8109  7109  7109  7109  7109  6109  6109  6109  8109  7109  6109  6109  6109  7109  6109  5109  6109  7109  7109  6109  6109  6109  8109  9109  8109  7109  7109  7109  7109  7109  7109  7109  7109  7109  7
0108109  8109  8109  8109  8109  8109  8109  8109  8109  8109  9109  8109  7109  7109  7109  7109  6109  6109  7109  6109  5109  6109  6109  5109  5109  5109  4109  4109  3109  3109  3109  3109  4109  4109  5109  5109  4109  3109  3109  4109  3109  2109  2109  2109  2109  1  0  0  0  0109  1109  1109  2109  2109  2109  2109  2109  2109  2109  2109  3109  3109  4
0109109  5109  5109  6109  7109  7109  7109  7109  6109  6109  5109  4109  4109  4109  4109  4109  4109  4109  4109  4109  4109  3109  3109  2109  3109  2  0  0  0  0  0  0  0  0  0  0109  1109  2109  3109  3109  3109  3109  4109  3109  3109  4109  4109  4109  4109  4109  4109  4109  5109  5109  5109  5109  5109  5109  5109  6109  6109  6109  6109  6109  6109  6
0110109  5109  5109  4109  4109  4109  4109  4109  4109  3109  3109  3109  2109  2109  2109  2109  2109  2109  2109  2109  2109  1109  1 46 12110  1110  2110  2110  3109  3110  3110  3110  3110  3110  4110  4110  6110  7110  7110  6110  6110  6110  6110  6110  6110  6109  6110  6110  6110  6109  6110  6110  6110  6109  6109  5109  5109  4109  5109  5110  5110  5
0111110  6110  6110  6110  6110  6110  6110  6110  6110  5110  5110  5110  5110  5110  5110  5110  5110  5110  5110  5110  5110  5110  5110  5110  5110  5110  5110  5110  5110  5110  5110  6110  6110  7110  8110  8110  9110  9110  9110  9110  9110  9110  8110  8110  7110  7110  6110  5110  4110  3110  3110  3110  2110  2110  2110  2110  2110  1110  1110  1110  2
0112110  2110  2110  2110  2110  2110  2110  3110  3110  4110  4110  5110  5110  6110  6110  6110  6110  6110  5110  6110  6110  6110  6110  6110  6110  6110  6110  5110  5110  5110  5110  5110  5110  6110  8110  7110  6110  5110  6110  7110  7110  7110  7110  7110  7110  6110  4110  7110  9110  9110 10110 10110 10110  8110  9110  9110  8110  9110 11110  8110  6
0113110  6110  6110  5110  5110  5110  5110  6110  5110  5110  5110  4110  5110  5110  5110  6110  6110  5110  5110  4110  3110  1  0  0  0  0110  2110  5110  7110  8110 10110 11110 11110 10110  8110  9110  9110  8110  7110  7110  5110  4110  4110  4110  5110  5110  6110  7110  8110  8110  8110  8110  7110  7110  8110  8110  9110  9110  9110  9110  9110  8110  9
0114110  8110  8110  8110  8110  8110  7110  6110  4110  3110  4110  4110  5110  6110  6110  6110  5110  5110  5110  4110  4110  5110  6110  7110  8110 10110  9110  8110  7110  8110  8110  8110  8110  7110  6110  5110  6110  6110  5110  4110  4110  5110  4110  5110  4110  4110  4110  4110  4110  5110  5110  5110  6110  7110  8110  8110  8110  7110  7110  6110  6
0115110  5110  4110  3110  2110  2110  1110  2110  2110  3110  4110  5110  5110  5110  4110  4110  4110  3110  3110  3110  3110  3110  4110  4110  5110  5110  5110  5110  5110  5110  4110  3110  3110  3110  3110  3110  4110  4110  5110  5110  5110  5110  5110  5110  4110  5110  5110  5110  5110  5110  5110  5110  5110  5110  6110  6110  7110  8110  8110  8110  7
0116110  6110  6110  6110  6110  6110  6110  6110  6110  6110  6110  6110  7110  6110  7110  7110  7110  7110  5110  5110  5110  4110  4110  4110  4110  4110  4110  4110  5110  5110  5110  5110  5110  4110  3110  3110  4110  3110  3110  3110  3110  3110  4110  5110  7110  8110  7110  7110  8110  8110  9110 10110 10110 10110 11110 12110 11110 10110  9110  7110  6
0117110  6110  7110  7110  7110  8110  8110  9110 10110  9110  8110  7110  5110  5110  7110  9110  8110  7110  6110  5110  4110  5110  6110  7110  9110  8110  8110  7110  7110  9110  8110  7110  7110  6110  6110  7110  6110  6110  6110  6110  5110  5110  6110  6110  5110  6110  7110  8110  8110  8110  8110  8110  9110 12110 11110  9110  9110 10110 11110 12110 12
0118110  9110  8110  9110  8110  7110 10110 10110 11110 12110 11110 13110 13110 12110 12110 12110 11110 11110 11110 10110  9110  9110 10110 11110  9110  8110  8110  7110  6110  7110  8110  7110  8110  8110  7110  8110 10110 10110  9110  9110 10110  9110  8110 11110 11110  8110  6110  6110 10110 10110  7110  8110  7110  9110 12110 11110  9110  6110 10110 12110  8
0119110  8110  9110 12110 12110 13110 13110  8110  6110  6110  7110  7110  8110  8110  5110  4110  4110  6110 11110 12110 11110 11110 10110  9110 10110 12110 14110 14110 12110 12110 11110  9110 10110 13110 14110 14110 16110 16110 14110 12110  9110  8110  8110  8110  9110 12110 14110 13110 13110 13110 12110 13110 14110 13110 15110 15110 12110  9110  9110  9110  8
0120110 10110 11110  9110  7110  7110  8110  7110  8110  9110  8110 10110 11110 13110 13110 13110 17110 17110 15110 12110 10110 11110 12110 11110 11110 10110  8110  9110 10110  9110 12110 16110 15110 13110 15110 16110 15110 15110 12110  8110  8110 10110 12110 12110 12110 12110 10110 10110 11110 13110 12110 10110  9110 10110 11110 12110 11110  9109 11109 11109 10
0121109 11109 11109 11109  9109  7109  6109  5109  8109  9109  9109  9109 10109 10109  7109 10109 12109  9109  8109  8109  7109  6109  6109  8109 11109 11109  9109  9109 10109 10109  9109  8109  6109  8109 10109  9109  8109  8109 11109 12109 11109  9109  6109  6109  7109  7109  8109  8109  7109 11109 14109 15109 15109 15109 12109 10109 10109 10109  9109  8109 10
0122109 12109 11109  9109  8109  9109 11109 13109 15109 14109 11109 10109  8109  7109  8109 11109 10109  9109 10109 12109 12109 12109 15109 15109 12109 13109 15109 17109 21109 23109 20109 19109 20109 21109 18109 15109 12109 11109 15109 17109 15109 15109 21109 24109 20109 19109 19109 17109 16109 22109 23109 18109 21109 27109 28109 22109 19109 21109 19109 16109 13
0123109 12109 17109 18109 16109 17109 21109 23109 18109 18109 21109 22109 19109 17109 19109 21109 23109 22109 18109 20109 21109 20109 20109 24109 31109 32109 28109 23109 21109 19109 18109 19109 22109 25109 28109 24109 24109 27109 31109 33109 26109 21109 22109 26109 27109 28109 29109 28109 28109 26109 18109 17109 21109 20109 23109 25109 21109 20109 18109 17109 18
0200109 21109 27109 31109 30109 29109 27109 21109 15109 17109 20109 17109 19109 25109 26109 22109 21109 20109 22109 27109 28109 26109 27109 30109 31109 30109 23109 19109 21109 23109 21109 23109 27109 23109 20109 20109 19109 20109 18109 17109 19109 24109 25109 23109 24109 23109 19109 23109 25109 22109 19109 21109 22109 21109 20109 18109 19109 19109 20109 18109 18
0201109 18109 17109 16109 21109 26109 22109 20109 20109 16109 16109 18109 19109 19109 25109 29109 27109 25109 25109 27109 23109 18109 13109 13109 15109 18109 22109 22109 20109 23109 25109 24109 27109 25109 15109 15109 22109 22109 22109 26109 29109 28109 24109 21109 19109 21109 24109 24109 20109 19109 25109 29109 26109 24109 23109 21109 25109 30109 30109 27109 24
0202109 27109 25109 23109 21109 23109 25109 23109 24109 23109 19109 20109 20109 15109 17109 20109 16109 12109 21109 29109 25109 21109 22109 25109 22109 18109 18109 24109 28109 24109 24109 23109 24109 26109 26109 27109 25109 25109 26109 27109 22109 16109 22109 22109 16109 21109 23109 19109 16109 17109 22109 23109 23109 24109 21109 20109 17109 17109 18109 15109 18
0203109 19109 13109 13109 14109 18109 24109 21109 15109 12109 16109 22109 23109 20109 19109 21109 18109 16109 20109 17109 18109 22109 18109 22109 29109 28109 27109 22109 18109 21109 21109 22109 23109 23109 22109 18109 17109 21109 19109 18109 24109 26109 24109 22109 14109 10109 10109 13109 16109 14109 17109 19109 17109 17109 17109 16109 16109 19109 22109 24109 26
0204109 27109 25109 26109 29109 25109 22109 23109 21109 19109 20109 19109 23109 31109 29109 26109 24109 23109 22109 18109 18109 23109 24109 27109 30109 29109 25109 21109 22109 25109 25109 24109 25109 29109 28109 25109 24109 23109 22109 21109 24109 24109 23109 22109 24109 26109 23109 27109 29109 27109 22109 20109 24109 30109 28109 24109 26109 27109 27109 31109 30
0205109 26109 22109 24109 26109 26109 28109 28109 27109 26109 25109 23109 25109 25109 27109 31109 29109 29109 32109 29109 27109 27110 29110 30110 24109 20110 19110 20110 22109 28109 28109 28109 25109 20109 19109 24109 27110 26109 30109 36109 32109 30109 28109 27109 32109 32109 31109 24109 24109 27109 27109 26109 23109 23109 26109 30109 31109 26109 28109 29109 22
0206109 24109 28109 29109 26109 25109 27109 23109 22109 25109 28109 31109 34110 35110 33110 34110 30110 21110 18110 20110 26110 28110 24110 21110 22110 23110 20110 15110 16110 19110 17110 15110 17110 20110 20110 18110 16110 16110 16110 18110 17110 14110 15110 17109 20110 21110 15110 16110 23110 27110 26110 23110 22110 19110 15109 16109 19109 18110 14110 11110 15
0207110 16110 12110  9110  7110  8110 10110 10110  7110  6110  7110  6110  7110 11110  9110  5110  5110  7110  5110  5110  8110 11110 11110  9110  8110  8110  9110 10110 12110 15110 15110 13110 11110  9110 11110 12110 12110 11110 11110 13110 12110 10110 10110 10110 11110 11110 10110 11110 12110 15110 16110 14110 15110 16110 13110  9110  9110 10110 11110  9110  8
0208110  9110 11110  9110  8110 10110 12110 12110 11110  7110  4110  5110  5110  5110  4110  3110  4110  5110  6110  7110  7110  8110  9110  8110  6110  4110  2110  2110  4110  4110  4110  5110  7110  7110  9110 10110 10110 11110  9110 10110 11110 10110 11110  9110  7110  8110  8110  8110  8110  8110  7110  8110 10110 11110 12110 13110 13110 12110 12110 12110 12
0209110 14110 15110 14110 16110 17110 16110 16110 14110 11110 10110  9110  9110  7110  5110  7110  8110  7110  7110  7110  6110  5110  3110  1110  1110  2110  3110  3110  4110  5110  5110  6110  6110  7110  6110  5110  5110  5110  5110  4110  4110  4110  4110  5110  6110  7110  8110  9110 10110  9110  8110  8110  9110  8110  7110  8110  8110  7110  6110  6110  8
0210110 10110 11110 12110 12110 11110 10110  9110 10110 10110 11110 13110 13110 11110 10110 10110 11110 12110 13110 11110 10110 13110 16110 19110 19110 16110 13110 14110 15110 13110 11110 10110  9110  8110  7110  8110  9110  8110  7110  5110  4110  5110  7110  8110  9110  9110  7110  5110  3110  4110  6110  8110  9110  9110 10110 11110 11110  8110  7110  7110  4
0211110  5110  8110 10110 10110 12110 10110  7110  4110  3110  3110  6110  9110 12110 10110  7110  4110  4110  6110  7110  7110  6110  7110  7110  5110  3110  2110  2110  1110  2110  2110  2110  2110  3110  4110  4110  3110  2  0  0  0  0  0  0  0  0110  3110  4110  5110  6110  6110  4110  4110  5110  7110  8110  7110  6110  5110  4110  4110  4110  4110  4110  4
0212110  4110  4110  3110  3110  3110  3110  4110  5110  6110  8110  9110  7110  6110  6110  6110  7110  6110  5110  5110  6110  7110  5110  3110  3110  6110  6110  6110  8110  7110  7110  8110  7110  5110  3110  3110  8110 13110 13110 10110  7110  8110  9110  9110  8110 10110 11110 12110 11110 11110 11110  9110 10110 13110 13110 11110 12110 12110 11110  9110  9
0213110  8110  8110  7110  5110  5110  6110  8110  9110  9110  9110 10110 10110 11110 12110 12110 10110 10110 13110 11110  8110  9110 10110 10110 10110  9110  8110  9110  9110  8110  8110  8110  7110  6110  6110  4110  3110  3110  3110  5110  5110  4110  3110  3110  3110  4110  6110  8110  9110  9110  9110  8110  6110  5110  6110  6110  5110  3110  4110  5110  4
0214110  3110  1110  4110  6110  5110  5110  6110  8110 10110 10110  9110  6110  5110  3110  2110  1110  1110  2110  2110  4110  6110  6110  6110  4110  3110  3110  3110  6110  9110 10110 11110  9110  8110  9110  8110  7110  8110 10110 10110  8110  8110  8110  5110  4110  4110  4110  5110  5110  3110  1110  2110  4110  4110  3110  2110  1110  1110  2110  4110  6
0215110  7110  8110  8110  8110  8110  8110  8110  7110  6110  5110  4110  4110  5110  5110  4110  2110  2110  2110  2110  2  0  0  0  0  0  0  0  0  0  0110  1110  2110  1110  2110  2110  2110  2110  1  0  0  0  0  0  0110  2110  4110  4110  4110  3110  3110  2110  2110  2  0  0  0  0110  1110  2110  2110  3110  4110  4110  4110  3110  2110  1110  2110  3110  5
0216110  5110  5110  5110  5110  5110  4110  5110  5110  6110  7110  7110  7110  5110  4110  5110  5110  6110  7110  7110  7110  7110  6110  6110  5110  5110  5110  5110  5110  6110  5110  4110  3110  2  0  0  0  0  0  0  0  0  0  0  0  0  0  0110  1110  3110  4110  5110  6110  6110  6110  6110  6110  6110  5110  6110  6110  7110  8110  8110  9110  9110  9110  9
0217110  8110  9110  9110  9110  9110 10110 12110 13110 12110 11110 11110 12110 16110 15110 11110  9110 10110 10110 11110 13110 14110 13110 13110 12110 10110 10110 12110 12110  8110  6110  5110  4110  3110  1  0  0110  1  0  0  0  0  0  0  0  0110  2110  2110  2110  3110  3110  2110  1  0  0  0  0  0  0  0  0  0  0  0  0  0  0  0  0110  1110  3110  3110  3110  3
0218110  4110  6110  6110  7110  7110  8110  7110  4110  2110  1110  1110  1110  1110  2110  2110  4110  5110  5110  5110  6110  6110  6110  6110  5110  4110  5110  6110  7110  7110  7110  7110  6110  5110  4110  4110  3110  2110  2110  2110  3110  2110  2110  4110  6110  7110  7110  7110  6110  4110  3110  3110  2110  1110  1  0  0110  2110  5110  7110  7110  6
0219110  8110  8110  9110  9110 10110 10110  9110  8110  8110  7110  6110  7110  6110  4110  5110  7110  8110  9110  9110 10110  9110  6110  4110  5110  5110  5110  5110  7110  8110  8110  6110  6110  7110  7110 10110 12110 11110 11110 10110  8110  7110  7110  5110  4110  5110  3110  3110  5110  7110  7110  8110  9110  9110 11110 10110 10110  9110 12110 13110 10
0220110  9110  5110  4110  4110  6110  9110  8110  6110  8110  9110  9110 10110  8110  7110  8110 10110  8110  5110  7110  8110  6110  4110  5110  6110  6110  5110  6110  5110  4110  5110  7110  7110  6110  8110  9110  7110  7110  8110  8110 11110 12110 11110 11110 11110 13110 15110 16110 13110 12110 15110 14110 13110 13110 13110 14110 14110 13110 13110 14110 12
0221110 14110 15110 13110 14110 16110 16110 12110  9110 15110 16110 14110 15110 13110 11110 13110 19110 24110 19110 12110 12110 16110 22110 21110 20110 20110 19110 17110 14110 16110 18110 17110 18110 18110 18110 19110 18110 15110 12110 11110 13110 12110 12110 13110 14110 13110 17110 18110 15110 14110 15110 16110 13110 13110 18110 18110 16110 14110 15110 16110 14
0222110 10110 15110 21110 21110 22110 21109 19109 16110 17110 18110 18110 16110 15110 15110 12110 11110  9110  7110 10110 12110 13110 14110 10110  8110  8110  7110  5110  7110 12110 13110 11110  9110  6110  5110  5110  6110  6110  6110  7110 12110 15110 13110  9110  6110 10110 11110 12110 15110 12110  9110 12110 13110 12110 11110 10110  9110 10110 10110 13110 19
0223110 21110 20110 17110 15110 16110 16110 14110 14110 16110 14110 13110 11110  8110  9110  8110  9110 10110  9110  9110  8110  7110  7110  5110  5110  4110  6110  7110  8110 11110 11110  9110  8110  9110  9110  9110 11110 12110 10110  9194  9110  8110  9110 10110  9110  9110  9110 11110 12110 10110  7110  7110  9110 10110 11110 13110 14110 13110 10110 15110 21
0300110 23110 21110 14110 11110 13110 14110 10110  8110 10110  9110  8110 11110 12110  9110  7110 10110 14110 10110 12110 16110 13110 16110 17110 17110 21110 20110 18110 16110 14110 10110  8110 13110 20110 19110 15110 14110 15110 14110 12110 15110 22110 18110 14110 16110 14110 10110 11110 13110 13110 16110 20110 19110 18110 18110 20110 20110 15110  9110  6110  4
0301110  4110  4110  7110 10110  9110  8110  7110 10110 12110 12110 13110 12110 13110 10110  8110 10110 13110 15110 17110 15110 11110 10110 11109  9109  8109  8109 10109  9109  8109  8109  9109 13109 14109 14109 13109 10109 10109 15109 15109 11109  9109 11109 13109 14109 15109 13109 11109 12109 13109 17109 21109 20109 19109 18109 14109 12109 14109 17109 22109 21
0302109 17109 16109 17109 17109 17109 19109 19109 18109 22109 19109 16109 16109 18109 21109 22109 24109 26109 20109 14109 19109 21109 19109 22109 22109 18109 16109 19109 21109 27109 28109 25109 22109 18109 19109 20109 20109 22109 24109 21109 21109 22109 21109 18109 18109 17109 15109 16109 18109 19109 21109 20109 20109 23109 25109 22109 23109 25109 31109 32109 28
0303109 27109 25109 21109 24109 24109 20109 18109 21109 25109 25109 22109 26109 29109 29109 28109 26109 27109 24109 23109 18109 17110 19110 21110 24109 22109 18109 18109 16109 16109 16110 19110 22110 19110 23110 31110 28110 19110 17110 18110 24110 29110 28110 29110 33110 31110 27110 26110 26110 28110 28110 24110 16110 15110 21262  4110 23110 21110 21110 25110 30
0304110 31110 31110 33110 27110 26110 24110 22110 25110 23110 22110 26110 27110 26110 26110 28110 30110 29110 25110 22110 27110 34110 33110 30110 25110 26110 28110 30110 32110 29110 24110 27110 32110 35110 33110 25110 22110 23110 20110 24110 32110 32110 28110 21110 16110 14110 17110 20110 22110 17110 15110 22110 27110 30110 31110 25110 29110 38110 39110 40110 37
0305110 31110 29110 29110 26110 20110 20110 17110 14110 13110 20110 34110 30110 21110 19110 26110 34110 36110 33110 30110 31110 26110 24110 23110 24110 27110 22110 27110 32110 26110 20110 18110 25110 30110 34110 35110 35110 33110 27110 23110 18110 21110 32110 41110 45110 39110 35110 39110 36110 27110 32110 38110 28110 23110 28110 24110 26110 38110 35110 26110 25
0306110 30110 29110 27110 25110 26110 25110 25110 32110 38110 38110 32110 33110 40110 38110 33110 36110 28110 27110 33110 35110 33110 35110 29110 27110 40110 47110 43110 27110 31110 43110 39110 36110 33110 30110 38110 36110 31110 30110 30110 27110 22110 25110 31110 36110 34110 32110 40110 37110 29110 34110 38110 35110 27110 23110 27110 28110 22110 26110 33110 35
0307110 33110 28110 29110 25110 28110 29110 24110 30110 32110 31110 38110 40110 36110 30110 24110 28110 36110 43110 41110 40110 36110 34110 38110 43110 33110 25110 38110 40110 34110 37110 45110 45110 40110 36110 34110 33110 27110 25110 36110 41110 32110 30110 30110 30110 34110 31110 31110 30110 24110 21110 21110 28110 39110 48110 41110 29110 24110 24110 26110 23
0308110 32110 40110 37110 34110 33110 33110 35110 35110 28277  3110 32110 40110 43110 44110 45110 44110 44110 32110 31110 43110 48110 57110 52110 43110 43110 46110 53110 45110 33110 33110 28110 28110 28110 22110 21110 25110 34110 33110 31110 29110 32110 49110 62110 65110 62110 56110 56110 60110 63110 69110 77110 65110 61110 65110 51110 43110 40110 41110 53110 52
0309110 43110 40111 34111 46111 60110 48110 39111 56111 55111 42111 40111 32111 36111 52111 58111 54111 50111 52111 54111 41111 51111 62111 49111 36111 38111 46111 52111 52111 49111 41111 34111 43111 38110 31110 43110 48110 42110 40110 41110 46110 39110 29110 29110 25110 30110 33110 28110 28110 33110 35110 32110 31110 36110 38110 39110 37110 29110 28110 31110 24
0310110 29110 35110 35110 34110 28110 35110 44110 41110 40110 38110 34110 36110 34110 37110 35110 24110 33110 37110 31110 37110 35110 23110 20110 27110 30110 24110 25110 35110 41110 34110 25110 19110 22110 22110 30110 41110 32110 25110 35110 42110 35110 32110 32110 37110 37110 32110 30110 29110 32110 29110 28110 35110 28110 21110 22110 19110 23110 24110 25110 29
0311110 22110 17110 15110 13110 16110 17110 20110 24110 32110 32110 28110 22110 16110 20110 28110 35110 33110 29110 23110 18110 20110 20110 16110 23110 31110 26110 21110 22110 24110 23110 22110 23110 26110 27110 26110 23110 24110 25110 22110 16110 15110 15110 18110 18110 17110 19110 18110 15110 14110 16110 15110 16110 22110 23110 20110 20110 20110 18110 22110 29
0312110 31110 26110 27110 26110 18110 19110 21110 21110 19110 15110 17110 18110 20110 26110 22110 17110 20110 25110 21110 18110 20110 22110 22110 25 40  7110 13110 13110 18110 23110 25110 22110 19110 19110 22110 27110 34110 29110 16110 11110 12110 20110 20110 14110 15110 16110 15110 12110 11110 16110 21110 20110 18110 15110 18110 19110 15110 17110 17110 13110 12
0313110 14110 16110 18110 16110 11110 11110 11110 11110 12110 11110 11110 13110 15110 20110 18110 15110 22110 24110 20110 13110 11110 12110 13110 14110 11110 10110 12110 11110 10110 11110 10110  8110  7110  7110  7110  7110  8110  9110  8110  7110  5110  6110  9110  8110  6110  6110  6110  4110  4110  3110  3110  4110  4110  5110  7110  6110  7110  7110  8110  7
0314110  5110  7110  9110  7110  8110  8110  8110  7110  9110  8110  8110  8110  9110  8110  7110  7110  9110  9110  6110  5110  7110  7110  6110  6110  4110  4110  5110  5110  6110  7110  6110  8110  9110  6110  5110  3110  3110  5110  5110  4110  4110  3110  4110  5110  4110  6110  8110  8110  7110  7110  8110  5110  4110  5110  6110  6110  5110  6110  8110 10
0315110 10110 10110 10110 11110 11110 10110  9110  8110  7110  4110  3110  6110  8110  9110  8110  7110  8110  7110  6110  6110  5110  7110 10110 10110 11110 11110 11110 11110  8110  8110  8110  8110 10110  9110  7110  7110  8110  7110  6110  7110  7110  7110  7110  8110  8110  7110  6110  3110  4110  5110  5110  4110  4110  4110  4110  2110  1  0  0  0  0  0  0
0316  0  0  0  0  0  0  0  0  0  0  0  0  0  0  0  0  0  0  0  0110  2110  3110  3110  3110  5110  7110  7110  7110  7110  6110  5110  4110  3110  2  0  0  0  0  0  0  0  0  0  0  0  0  0  0  0  0110  1110  2110  3110  3110  5110  6110  6106 11110  5110  6110  7110  6110  4110  2110  1110  1110  1110  2110  3110  3110  3110  2110  2110  4110  5110  5110  4110  4
0317110  5110  6110  6110  6110  5110  4110  4110  5110  4110  3110  1  0  0110  2110  6110  7110  7110  6110  6110  6110  6110  4110  4110  5110  5110  6110  7110  7110  7110  7110  7110  8110  8110  6110  8110  9110  5110  5110  7110  5110  3110  3110  7110 10110  9110  7110  5110  4110  5110  5110  7110  9110  9110  9110  9110  8110  7110  8110  8110  8110  8
0318110 10110 11110 10110  8110  6110  5110  6110  7110  7110  6110  5110  4110  4110  5110  4110  4110  3110  3110  3110  3110  2  0  0110  1  0  0  0  0  0  0  0  0  0  0  0  0  0  0  0  0  0  0  0  0  0  0110  1110  2110  2110  2110  2110  1  0  0  0  0  0  0  0  0  0  0  0  0  0  0110  1110  2110  1  0  0  0  0  0  0  0  0  0  0  0  0110  1110  3110  5110  5
0319110  8110 11110 13110 13110 13110 11110 10110 11110 10110  8110  6110  5110  4110  5110  5110  5110  4110  4110  4110  4110  4110  4110  5110  4110  3110  3110  3110  3110  5110  6110  7110  8110  7110  8110 10110 11110 10110 10110  9110  8110  7110  8110 10110 10110 10110 10110  8110 10110 15110 15110 13110 17110 19110 22110 29110 32110 30110 26110 24110 22
0320110 16110 10110  7110  8110 11110 10110 13110 16110 16110 18110 21110 27110 28110 23110 17110 10110 11110 12110 10110 12110 12110 10110 11110 11110 10110  9110  9110  7110  6110  3110  1110  3110  3110  2110  4110  8110 11110 10110 11110 17110 19110 22110 24110 24110 23110 21110 18110 15110 16110 18110 17110 12110 10110 13110 19110 21110 16110 10110 10110 14
0321110 15110 16110 17110 16110 20110 21110 20110 18110 19110 19110 15110 14110 14110 14110 16110 16110 15110 13110  9110  9110 10110  9110  8110  8110  8110  9110  9110  7110  7110  5110  5110  6110  7110  6110  5110  4110  3110  3110  3110  3110  2110  2110  2110  2110  2110  3110  3110  4110  4110  4110  5110  5110  5110  6110  6110  6110  5110  6110  6110  5
0322110  5110  6110  7110  8110  7110  7110  8110  8110  7110  6110  6110  6110  8110 12110 12110 12110 11110 10110 10110 10110 11110  9110  8110  7110  6110  5110  4110  6110  7110  6109  8109 10109 10109 10109  9109  8109  8109  6109  5109  6109  6109  6109  5109  5109  6109  6109  6109  7109  6109  5109  5109  5109  5109  5109  6109  7109  8109  8109  8109  7
0323109  7109  7109  8109  8109  7109  8109  8109  9109  9109  8109 10109 11109  9109  8109  8109  7109  7109 10109 11109  9109  8109  7109  6109  8109 10109 12109 11109  9109 12109 13109 12109 12109 11109 10109 11109 12109 14109 13109 13109 12109 10109 10109  7109  6109  6109  7109  8109 10109 12109 11109 11109 11109  9109  6109  6109  8109 10109  9109  7109  7
0400109  7109  5109  4109  3109  2109  2109  3109  4109  5109  6109  5109  3109  1  0  0  0  0109  2109  8109 10109  7109  6109  6109  9109 13109 13109 11109  9109  8109  6109  4109  4109  7109 10109 12109 13109 13109 12109 12109 13109 13109 12109 10109  9109  8109  8109  9109 10109 10109  9109  8109  8109  8109  7109  7109  8109  7109  4109  4109  5109  6109  8
0401109  8109  6109  6109  7109  6109  6109  7109  9109 11109 13109 12109 11109 11109 11109 11109 11109 14109 13109 12109 10109  7109  8109 11109 12109 12109 10109  9109 10109 10109  7109  6109  7109  6109  6109  7109  9109 11109 12109 13109 12109  9109 10109 11109  9109  8109  6109  6109  9109 12109 12109 10109 11109 13109 11109  9109  7109  8109  8109  6109  4
0402109  2109  2109  2109  3109  6109  7109  9109 12109 10109 10109 11109 10109  8109  7109  8109  8109 10109 13109 14109 15109 15109 15109 12109 11109 15109 16109 14109 13109 12109 12109 13109 10109 11109 14109 13109 12109 14109 16109 16109 15109 14109 15109 18109 19109 17109 17109 17109 18109 15109 14109 16109 17109 14109 10109 12109 17109 17109 15109 13109 14
0403109 16109 16109 16109 15109 14109 13109 12109 12109 12109 13109 12109 11109 10109 13109 15109 13109 12109 13109 15109 15109 13109 11109 11109 12109 10109  7109  8109 10109 10109 10109 10109 11109 12109 12109 12109 10109  8109  8109  9109  7109  8109 10109 10109 11109 10109  9109 13109 14109 12109 11109 11109 13109 11109  9109  8109  6109  8109  9109 11109 12
0404109  8109  9109 12109 12109 10109 11109 12109 12109 10109  7109  7109  8109  7109  8109  6109  5109  5109  6109  8109  9109  9109  9109  9109  9109 10109 10109 10109  9109  5109  3109  4109  8109  9109  8109  9109 12109 13109 11109  9109  7109  8109 10109  9109  9109  8109  9109 11109 12109 10109  9109  8109  8109  9109  8109  9109  9109  7109  9109 11109 11
0405109 14109 14109 12109  9109  6109  6109  7109  8109  8109  8109 10109 11109 10109  8109  8109 10109  8109  6109  5109  5109  5109  6109  8109  7109  6109  7109  8109  9109  9109  9109  8109  8109  8109  9109  9109  8109  7109  7109  6109  5109  4109  3109  2109  5109  6109  6109  6109  6109  6109  6109  5109  7109  7109  6109  4109  3109  5109  5109  4109  4
0406109  5109  5109  6109  6109  3109  2  0  0109  1109  4109  5109  7109  9109  9109  8109  9109 10109  9109  9109 10109 11109 11109 10109  9109  7109  6109  7109  8109  9109  8109  6109  6109  6109  6109  7109 10109 11109 10109 10109 11109  9109 10109 11109 10109  9109  9109  9109  8109  7109  7109  8109  8109  7109  8109  9109  9109  8109  8109 10109 10109  9
0407109  7109  7109  6109  6109  5109  5109  6109  5109  4109  5109  4109  3109  5109  6109  6109  5109  4109  4109  5109  7109  7109  6109  5109  5109  6109  6109  7109  9109 10109 10109  9109  9109  9109  8109  7109  7109 10109 12109 11109 10109  9109  8109  8109  6109  6109  7109  6109  6109  7109  8109  8109  8109  8109  8109  9109 10109  8109  6110  6110  8
0408110  9110  7110  6110  5110  6110  6110  6110  5110  7110 11110 15110 17110 15110 14110 13110 12110 11110 10110 11110  8110  8110 10110 11110 12110 13110 11110  8110  8110 10110 11110 12110 12110 11110 10110 13110 14110 11110 11110 10110  9110 11110 11110 11110 11110 11110 13110 10110  9110  9110  8110  8110 10110 12110 11110  9110  8110  9110 11110 11110 11
0409110 14110 12110  9110  9110 10110 12110 12110 12110 11110 11110 11110 13110 15110 14110 13110 15110 15110 12110 11110 13110 15110 16110 16110 11110  9110  9110  8110 11110 10110  7110 10110 10110  9110  9110 11110 11110  8110  8110 11110 11110  7110  5110  7110 13110 15110 11110 10110 13110 13110 11110 13110 13110 11110  9110 10110 10110 11110 14110 14110 12
0410110  9110  8110  7110  8110 11110 13110 12110 11110 12110 16110 15110  9110  5110  5110  6110  4110  4110  8110 12110 11110 10110 11110 10110 10110  9110  6110  5110  5110  4110  3110  3110  4110  6110  6110  5110  5110  7110  8110  8110  7110  5110  7110  9110 11110 12110 12110 12110 10110 10110  8110  8110  9110  8110  7110  9110 10110 12110 14110 11110 10
0411110 10110  9110  8110 12110 16110 13110  9110 10110 10110  9110 12110 14110 12110 12110 15110 16110 14110 14110 16110 13110  9110 10110 13110 12110  8110  6110  7110  9110  7110  6110  6110  6110  6110  6110  6110  4110  3110  5110  8110  9110  7110  6110  5110  4110  5110  8110 11110 13110 12110 10110  9110  8110  7110  6110  5110  6110  6110  5110  4110  4
0412110  6110  8110 13110 17110 20110 20110 16110 16110 17110 17110 17110 16110 16110 17110 15110 16110 17110 16110 15110 15110 13110 12110 13110 15110 16110 14110 13110 12110 10110 10110 15110 18110 16110 17110 16110 18110 14110  9110 11110 11110 13110 17110 17110 13110 14110 19110 17110 13110 12110  9110  9110 11110 10110 10110 11110 17110 20110 19110 17110 12
0413110  8110 10110 12110  9110  9110 10110 10110  9110 10110 11110  8110  6110 12110 17110 15110 12110  8110  8110 12110 16110 16110 11110  8110  9110 10110 10110  9110  8110  8110  9110 10110  9110  9110  9110  7110  7110  8110  6110  4110  2110  3110  5110  5110  3110  4110  8110  7110  5110  4110  4110  3110  3110  4110  4110  4110  4110  4110  3110  3110  3
0414110  4110  5110  6110  5110  4110  4110  5110  6110  6110  8110  9110 10110 12110 12110 12110 11110  9110  8110  7110  6110  6110  5110  4110  3110  2110  3110  4110  5110  5110  7110 11110 15110 14110 11110 15110 14110  8110  5110  6110  8110  8110 10110  9110  8110  8110  8110  8110  9110  8110  8110  9110 11110 13110 13110 12110 11110 10110 10110  9110  8
0415110  6110  6110  9110 11110 13110 14110 11110 10110  9110  7110  6110  5110  3110  2110  5110  9110  9110  6110  4110  4110  5110  7110  9110 10110 11110  9110  9110  8110  6110  6110  6110  7110  8110  8110  9110 11110 12110 14110 15110 14110 11110  9110  9110  9110  8110  9110 11110 11110 10110 11110 11110  9110  8110 10110 10110  9110  7110  8110  9110  9
0416110  8110  8110  9110  9110 10110 11110 12110 11110 12110 13110 13110 12110 11110  9110  8110  8110  9110  8110  8110  8110  7110  7110  7110  7110  6110  5110  4110  3110  2  0  0110  2110  3110  3110  2110  2110  3110  3110  3110  3110  4110  3110  1110  3110  5110  6110  7110  6110  6110  6110  6110  5110  7110  9110  9110  9110  9110 10110 11110 10110  8
0417110  9110  9110  9110  7110  5110  6110 11110 16110 15110 10110  5110  5110  7110 10110 12110 11110  9110  9110  9110  7110  7110  7110  8110  9110  8110  7110  5110  5110  6110  5110  4110  8110  9110  9110  6110  5110  8110 10110  9110  9110  8110  7110  8110  9110  7110  4110  2110  2110  4110  6110  8110  7110  5110  5110  5110  5110  5110  6110  6110  5
0418110  6110  6110  6110  5110  3110  3110  3110  4110  4110  3110  6110  7110  5110  4110  3110  5110 11110 12110  9110  8110  9110  9110  8110  8110  9110  6110  4110  6110  8110  7110  8110 11110 11110 11110 12110  9110 10110  9110  7110  8110  8110  9110 10110  8110  8110  6110  5110 10110 10110  8110  7110  6110  8110  8110  8110  6110  5110  5110  6110  6
0419110  6110  6110  6110  6110  5110  4110  4110  4110  6110  5110  3110  3110  3110  2110  2110  1110  2110  4110  6110  5110  4110  2  0  0  0  0110  1110  2110  2110  2110  3110  4110  3110  3110  4110  5110  5110  5110  6110  7110  7110  8110 10110 10110 11110 10110 11110 10110  9110  8110  8110  9110  8110  7110  6110  7110  6110  5110  5110  5110  7110  6
0420110  6110  7110  7110  7110  7110  7110  7110  7110  6110  5110  5110  7110  7110  5110  6110  8110  8110  7110 10110 15110 15110 13110 12110 11110 11110 11110 12110 12110  8110  6110  6110  6110  5110  3110  2110  1110  4110 10110 12110  9110  8110  8110  9110  9110  8110  8110  8110  9110  9110  7110  6110  5110  4110  3110  3110  3110  3110  4110  6110  6
0421110  4110  4110  5110  7110  8110  9110 10110 12110 12110  9110  9110 12110 16110 16110 14110 13110 14110 13110 12110 13110 12110 10110 10110 12110 13110 14110 13110 13110 11110  9110 11110 13110 15110 16110 14110 12110 11110 10110  9110 10110 12110 13110 11110 12110 12110  9110 10110 12110 11110 11110 12110 13110 13110 11109 10109 11109 12109 11109  8109  7
0422109  6109  7109  9109 13109 12109  8109  7109  6109  4109  4109 10109 14109 12109 10109  8109  8109 11109 12109  9109  5109  4109  6109 10109 13109 14109 12109  9109  7109  7109  9109 10109 12109 14109 12109  9109  7109  9109 13109 13109 12109 10109 10109 11109 14109 14109 11109 10109  9109  9109  9109  9109  9109  8109  6109  6109  6109  9109 10109  7109  6
0423109  8109  8109  6109  7109  9109  9109  8109  5109  6109  9109  9109  8109  5109  1  0  0109  1109  4109  5109  5109  9109 12109 10109  9109  8109  7109  6109  4109  5109 12109 16109 11109  6109  8109 14109 15109 13109 14109 15109 10109  7109  7109  7109  9109 14109 19109 22109 19109 14109 15109 17109 14109 11109 10109 10109  8109  7109  7109 10109 15109 16
0500109 13109  9109  8109  6109  5109  7109 11109 14109 15109 16109 13109 14109 15109 11109  8109  5109  6109 11108 13108 11108 10108 10108 10108 10108 10108 10108  8108  9108 14108 17108 16108 18108 19108 17108 16108 14108 12108 15108 22108 26108 21108 15108 16108 22108 25108 25108 24108 18108 12108 16108 16108 10108 10108 15108 17108 20108 23108 29108 34108 29
0501108 23108 24108 28108 24108 19108 29108 36108 28108 23108 21108 22108 22108 30108 32108 24108 19108 19108 24108 29108 36108 42108 48108 50108 44108 40108 40108 37108 35108 33108 31108 33108 39108 46108 46108 42108 38109 36109 32109 28109 23109 25108 30108 30108 36108 36108 31108 30108 36108 46108 48108 43108 34108 29108 22108 23108 35108 35108 39108 49108 53
0502108 54108 43109 42109 48109 47109 34109 27109 36109 40108 43108 41109 30109 35108 39108 41109 39108 41108 44108 40108 35109 35109 41109 34109 32109 38109 38109 41109 36109 30109 28109 31109 41109 45109 47109 43109 30109 22109 25109 32109 34109 24108 19108 30108 33108 34108 37108 37108 37108 38108 40108 44108 48108 40108 31108 34108 42108 44108 41108 34108 31
0503108 33108 34108 33108 34108 35108 31108 33108 36108 34108 26108 21108 21108 27108 34108 27108 24108 37108 45108 42108 30108 21108 28108 32108 29108 24108 19108 26108 30108 27108 30108 36108 38108 32108 21108 22108 37108 42108 38108 34108 33108 36108 30108 28108 37108 36108 27108 26108 32108 34108 29108 19108 14108 34108 50108 47108 52108 47108 41108 42108 41
0504108 43108 43108 41108 34108 28108 37108 45108 37108 34108 42108 41108 35108 34108 39108 38108 36108 37108 37108 33108 33108 37108 39108 36108 30108 37108 31108 26108 31108 34108 37108 42108 41108 29108 27108 31108 33108 38108 33108 29108 35108 30108 19108 16108 17108 25108 26108 26108 31108 29108 31108 31108 30108 32108 29108 38108 50108 46108 35108 28108 27
0505108 30108 28108 25108 23108 25108 38108 46108 42108 30108 20108 23108 31108 32108 29108 31108 36108 43108 46108 43108 32108 24108 23108 24109 28109 31109 32109 26109 19109 19109 25109 32109 31109 24109 17109 20109 26109 31109 26109 14109 14109 23109 27109 25109 22109 30109 29109 21109 21109 24109 25109 22109 23109 29109 30109 27109 23286  5109 22109 24109 25
0506109 25109 29109 30109 27109 22109 24109 31109 31109 32109 37109 36109 33109 26109 24109 25109 33109 38109 39109 38109 33109 37109 38109 37109 37109 30109 28109 23109 22109 30109 30109 30109 26109 21109 22109 26109 28109 29109 34109 35109 32109 35109 36109 28109 25109 34109 33109 28109 29109 30109 34109 32109 28109 27109 32109 35109 34109 30109 31109 31109 24
0507109 24109 21109 20109 27109 27109 24109 29109 30109 27109 34109 35109 26109 18109 15109 26109 33109 32109 28109 26109 32109 32109 32109 31109 35109 42109 39109 35109 38109 37109 30109 28109 26109 24109 26109 24109 28109 34109 32109 35109 31109 24109 31109 34109 31109 29109 25109 22109 27109 37109 31109 31109 39109 39109 30109 25109 24109 25109 29109 26109 22
0508109 27109 24109 19109 22109 26109 26109 22109 26109 31109 23109 28109 36109 32109 22109 17110 22110 21110 13110 13110 22110 34110 34110 25110 23110 20109 16109 16110 20110 26110 27110 22110 18110 17110 17110 19110 28110 27110 22110 30110 33110 27110 28110 27110 28110 28110 21110 18110 18110 18110 18110 20110 18110 16110 17110 18110 19110 18110 20110 21110 18
0509110 13110 11110 11110 15110 23110 25110 23110 17110 10110  9110  8110 11110 14110 13110 13110 11110  9110 12110 13110 16110 21110 26110 24110 23110 26110 21110 19110 20110 20110 19110 25110 28110 20110 17110 15110 12110 16110 22110 19110 12110  9110 11110 14110 19110 24110 22110 20110 20110 18110 15110 13110 12110 10110 12110 16110 14110 14110 15110 14110 19
0510110 25110 22110 19110 20110 22110 22110 17110 13110 12110 11110 13278  6110 22110 22110 22110 22110 21110 20110 19110 21110 27110 27110 20110 19110 19110 14110 12110 11110 10110 12110 13110 10110  9110 11110 14110 16110 16110 16110 16110 14110 13110 11110 12110 13110 14110 13110 12110 11110 11110 16110 16110 12110 10110  8110  9110 12110 16110 19110 18110 15
0511110 12110 10110  9110 10110 13110 12110 12110 14110 16110 16110 11110  9110 11110 14110 20110 20110 14110 10110  8110  7110  9110 11110 13110 14110 11110 10110 11110 12110 11110 10110 10110  9110  6110  7110  9110 10110  7110  7110  7110  7110  7110  8110  8110  7110  9110 10110  9110  8110  7110  9110 11110 10110 10110 10110 10110  8110  6110  8110 10110  9
0512110  8110  7110  6110  7110  8110 10110 11110 10110  8110  8110  9110 10110 10110  8110  8110  8110  8110  8110  7110  8110  9110  9110  9110  9110 10110 10110  9110 10110 10110 10110 10110  9110  7110  8110  8110  9110  9110  8110  8110  8110  9110 10110 11110 10110 10110 10110 11110 11110 11110 12110 13110 13110 12110 13110 12110 11110 12110 11110 10110  9
0513110 10110 10110  8110  8110  7110  7110  7110  7110  7110  9110  9110  7110  5110  5110  6110  6110  5110  4110  7110  8110  7110  7110  7110  7110 10110 10110 10110  8110  9110 10110 11110 11110 10110  9110  9110  9110  9110 11110 13110 13110 12110 11110 12110 11110 11110 12110 12110 12110 10110 10110  8110  8110  9110 14110 17110 16110 15110 16110 15110 12
0514110 12110 12110 12110 14110 12110 10110 10110 10110 12110 11110 11110 12110 12110 12110 11110 10110  9110  6110  3110  5110  9110 11110 12110 11110 11110 12133 15110 12110 12110 12110  9110  8110  9110  9110  8110  9110  9110  9110  9110  9110  9110 12110 14110 13110 11110 11110  9110  7110  7110  7110  8110 12110 16110 11110  7110 12110 14110 11110 11110 12
0515110 15110 17110 14110 12110 13110 13110 15110 16110 16110 15110 15110 15110 15110 12110 10110  9110  9110 11110 14110 15110 12110 10110 10110  9110 11110 14110 15110 12110 10110 11110 12110 13110  9110  8110  9110 11110 12110 11110 11110 10110 11110 12110 11110  9110  9110  9110  8110  5110  3110  2110  4110  7110  9110 11110  9110  8110 10110 11110 12110 15
0516110 15110 16110 17110 13110 12110 10110  8110  7110  8110  8110  7110  8110  9110  8110  7110  6110  6110  7110  8110  8110  6110  4110  3110  7110  8110  9110  8110  4110  4110  4110  3110  2110  1110  2110  3110  3110  4110  8110  9110  7110  7110  8110  8110  7110  5110  8110 10110  8110  9110 13110 16110 16110 15110 14110 11110  7110  4110  4110  6110  5
0517110  3110  4110  8110 10110  9110 10110 11110 10110  8110  7110  8110 10110 11110 13110 15110 13110  9110  8110 10110 15110 18110 18110 17110 11110  6110  5110  7110  9110  8110  8110  7110  6110  5110  7110 13110 13110 10110  9110  8110  7110  8110  8110  7110  8110  9110  9110  9110  8110  9110  8110  6110  5110  5110  6110  8110  9110 10110  8110  6110  4
0518110  4110  4110  6110  7110  9110  8110  9110 11110 10110 11110 11110  9110  8110  8110  5110  4110  7110  9110  8110  8110 10110 11110  9110  7110  8110  7110  9110 12110 11110 12110 14110 14110 14110 13110  9110  8110  8110  8110  8110  6110  5238  2110  6110  8110 10110 11110 13110 13110 11110 10110 13110 13110 10110  9110 10110 11110 10110  8110 10110 12
0519110 10110  9110  8110  7110  5110  4110  4110  4110  6110  6110  4110  4110  5110  5110  5110  6110  6110  5110  4110  4110  6110  8110  9110  9110 10110 11110 10110 13110 13110 12110 13110 14110 15110 13110 11110  9110 10110 12110 11110 10110 12110 11110 10110 10110 10110 11110 12110 13110 14110 13110 10110  9110 11110 14110 12110  9110  8110  7110  6110  7
0520110  9110 10110 10110  8110  7110  7110  7110  7110  7110 10110 11110 11110 13110 13110 10110  8110  7110 11110 14110 12110 12110 13110 12110 12110 14110 16110 15110 10110  6110  6110 10110 13110 15110 15110 14110  8110  5110  4110  7110 11110 10110 12110 12110  9110 11109 15109 13109 10110  9109  9109  9109 10109 10109 12109 14109 12109 13109 16109 16109 14
0521109 14109 14109 11109  8109 13109 17109 17109 16109 15109 16109 17109 16109 15109 14109 12109 13109 15109 14109 10109 11109 14109 14109 16109 18109 15109 14109 11109  9109  9109  8109  9109  9109 10109  9109  9109 11109  9109  7109  7109  9109  8109  7109  9109 11109 11109 11109  9109 10109 12109  9109  7109  8109  9109 12109  9109  7109  7109  8109  8109  8
0522109  8109  7109  6109  7109  9109  9109  9109  7109  6109  7109  8109  7109  5109  6109  8109  7109  5109  4109  3109  1109  2109  3109  7109 10109 11109 11109 10109  8109  6109  4109  3109  6109  7109  7109  9109  9109  6109  3109  3109  7109 11109 13109 12109  9109  8109  8109  9109  8109  7109  8109  9109  7109  6109  5109  4109  4109  6109  6109  5109  7
0523109  9109  7109  6109  5109  3109  4109  4109  3109  4109  5109  7109  8109  7109  7109  9109 10109  6109  2109  3109  5109  5109  5109  4109  4109  6109  7109  6109  5109  4109  4109  5109  5109  3109  2109  5109  7109  5109  4109  3109  7109 10109  8109  7109  4109  7109  9109  5109  3109  3109  3109  2109  3109  3109  2109  4109  8109 10109  9108  7108  6
0600109  4109  3109  3108  3108  4108  2108  3108  8108  9108  8108 11108 12108 12108 12108 12108 11108 11108 12108 11109 10109  8109  8109 11109 13109 12109  9109  7109  9109 10109 10109 11109 12109 12109 12109 14109 11109 10109 14109 14109 12109 11109 13109 14109 11109  8109 12109 15109 14109 16109 15109 14109 15109 15109 14109 13109 10109 10109 12109 11109  8
0601109 11109 13109 10109 10109 10109 11109 12109 10109  8109  7109  8109 10109 11109  9109  6109  6109  9109 13109 15109 15109 15109 17109 16109 15109 17109 15109 13109 16109 18109 16109 13109 13109 14109 13109 11109 10109  7109  8109 11109 13109 14109 15109 14109 14109 15109 13109 13109 20109 24109 21109 19109 17109 14109 13109 13109 16109 16109 15109 13109 11
0602109 14109 17109 14109 12109 15109 13109 12109 15109 12109 10109  9109 10109 11109 13109 17109 19109 18109 16109 16109 13109 10109 13109 18109 17109 13109 10109  9109 10109 12109 12109 10109 11109 11109 10109 10109 10109 11109  9109  6109  7109  8109  9109 11109 10109 10109 11109 11109 11109 13109 17109 18109 18109 19109 17109 14109 13109 16109 14109 12109 17
0603109 18109 14109 12109 18109 19109 16109 16109 14109 18109 21109 22109 20109 16109 15109 17109 15109 14109 14109 12109  8109  8109 11109 14109 14109 11109  9109 12109 14109 12109 10109 11109 19109 22109 18109 17109 13109 13109 15109 11109 13109 22109 24109 21109 16109 16109 19109 17109 16109 18109 19109 22109 23109 17109 13109 17109 24109 25109 19109 16109 18
0604109 20109 22109 21109 20109 18109 13109 11109 13109 17109 23109 29109 30109 27109 28109 30109 24109 15109 12109 11109  8109  9109 14109 27109 34109 27109 20109 15109 13109 15109 17109 18109 20109 19109 20109 24109 22109 17109 16109 12109 14109 16109 16109 18109 16109 19109 21109 18109 16109 18109 20109 20109 17109 16109 22109 23109 16109 13109 16109 18109 19
0605109 17109 12109 13109 22109 27109 27109 20109 19109 20109 17109 15109 17109 18109 20109 20109 17109 15109 14109 14109 12109 10109 10109 11109 10109 11109 15109 12109  9109  8109 10109 11109  7109  8109 11109 12109 12109 12109 11109 11109 12109 14109 16109 18109 19109 17109 16109 13109 11109 12109 15109 18109 18109 16109 15109 14109 17109 16109 14109 15109 16
0606109 17109 18109 17109 14109 11109  8109  7109  6109  4109  7109  9109  8109  8109  9109 12109 13109 13109 14109 14109 15109 15109 14109 14109 12109  9109  7109  9109  9109  8109  9109  9109  7109  4109  6109 11109 14109 13109 14109 13109  9109 10109 11109  7109  5109  5109  7109 11109 12109 11109 10109  9109  9109  9109  9109  6109  4109  7109  8109  6109  4
0607109  3109  6109  9109  9109  9109  9109  9109  8109  9109 10109  9109 10109 11109  9109 10109 13109 12109 10109 11109 16109 15109 11109 10109 10109 11109 12109 14109 15109 16109 16109 15109 14109 16109 19109 19109 17109 15109 15109 14109 13109 13109 13109 12109 11109 11109 13109 12109 12109 10109  8109  7109  7109  9109 12109 12109 12109 10109 11109 11109 11
0608109 12109 13109 13109 13109 11109 10109 12109 13109 13109 13109 11109 10109 11109 11109 11109 13109 13109 13109 14109 13109 15109 15109 13109 14109 14109 13109 10109 10109 11109 11109 11109 13109 14109 14109 13109 10109  9109  9109  9109  9109  8110  9110 11110 12109 11109 12110 13110 13110 13110 13110 15110 17110 16110 16110 20110 21110 16110 16110 17110 13
0609110 15110 18110 17110 18110 19110 17110 17110 17110 16110 18110 17110 16110 18110 18110 16110 15110 19110 20110 19110 18110 17110 16110 17110 16110 16110 16110 17110 19110 19110 18110 18110 16110 14110 16110 16110 15110 12110  9110 10110 13110 15110 14110 14110 16110 15110 16110 17110 15110 13110 13110 13110 13110 13110 15110 16110 15110 15110 16110 15110 15
0610110 13110 14110 17110 19110 17110 15110 16110 17110 17110 16110 15110 15110 12110 11110 11110 11110 12110 12110 11110 12110 13110 12110 14110 15110 14110 12110 10110  9110  7110  6110  4110  2  0  0  0  0110  1110  2110  3110  5110  6110  7110  6110  5110  6110  7110  6110  5110  5110  4110  6110  9110 10110 10110  9110  9110  9110 10110 10110  6110  4110  3
0611110  3110  3110  2  0  0  0  0  0  0  0  0  0  0  0  0  0  0110  1110  2110  2110  5110  5110  4110  4110  5110  5110  4110  4110  3110  3110  3110  3110  2110  3110  8110 11110  9110  9110 11110 11110 12110 15110 16110 15110 13110 13110 11110 10110 10110  9110  8110  6110 10110 13110 13110 12110  7110  7110  9110  7110  3110  4110  7110  5110  4110  5110  5
0612110  6110  8110  7110  8110 10110 11110 10110  8110 13110 17110 15110 11110 11110 12110 13110 11110  7110  8110  8110  9110 13110 15110 14110 12110 10110 11110 11110 14110 13110 10110 10110  9110  6110  5110  3110  2110  1  0  0  0  0  0  0  0  0  0  0  0  0  0  0  0  0110  2110  3110  5110  6110  8110  7110  7110  7110  6110  6110  6110  6110  6110  6110  5
0613110  5110  5110  5110  4110  5110  6110  3110  5110  8110  7110  8110 11110 11110 11110 11110 11110 10110  7110  7110  8110  7110  8110 10110  9110 10110 12110 12110 14110 15110 14110 14110 14110 13110 15110 15110 12110 11110  8110  7110  8110  8110  9110 10110 11110 11110 11110 11110 11110  9110 11110 14110 15110 14110 11110  9110 10110 10110 13110 14110 12
0614110 12110 12110 10110 12110 15110 15110 13110 12110 13110 15110 17110 15110 12110 12110 16110 18110 18110 19110 18110 16110 16110 15110 15110 14110 13110 14110 14110 14110 14110 13110 13110 14110 16110 16110 14110 13110 10110  8110 11110 11110  8110  8110  8110  9110 10110 10110 11110 11110 11110 11110 10110 10110  9110  9110 10110  9110  8110  9110 10110 12
0615110 11110 10110 10110  9110  9110  7110 10110 12110 10110  8110  8110  6110  6110  6110  6110  5110  6110  7110  9110  7110  5110  4110  4110  3110  4110  7110  9110  9110 10110 11110  9110  9110 10110 11110 11110  9110  6110  4110  3110  4110  3110  4110  5110  5110  5110  5110  4110  3110  2  0  0  0  0  0  0  0  0  0  0  0  0  0  0  0  0  0  0  0  0  0  0
0616  0  0110  2110  2110  3110  4110  5110  5110  5110  5110  5110  5110  5110  5110  4110  4110  3110  3110  3110  4110  6110  7110  7110  7110  6110  5110  4110  3110  1  0  0  0  0  0  0  0  0110  1110  2110  2110  2110  2110  2110  2110  2110  3110  3110  3110  2110  1  0  0  0  0110  1  0  0  0  0  0  0  0  0  0  0  0  0  0  0  0  0110  2  0  0  0  0  0  0
0617  0  0  0  0110  2110  3110  4110  4110  4110  4110  4110  3110  2110  3110  3110  3110  4110  4110  5110  7110  7110  9110 10110 10110 11110 11110 11110 12110 11110 10110  9110 10110  9110  8110  8110  6110  6110  6110  6110  6110  5110  6110  5110  2110  2110  1  0  0  0  0  0  0  0  0  0  0  0  0110  2110  4110  6110  5110  5110  5110  5110  5110  5110  4
0618110  4110  4110  3110  3110  3110  4110  4110  4110  5110  5110  4110  4110  5110  4110  4110  4110  4110  3110  2110  3110  4110  5110  5110  5110  5110  5110  5110  5110  7110  8110  7110  4110  3110  3110  3110  2110  3110  2  0  0  0  0110  2110  2110  2110  2110  2110  2110  1110  2110  1  0  0  0  0  0  0  0  0110  2110  3110  3110  4110  4110  4110  4
0619110  5110  5110  6110  5110  3110  3110  3110  3110  3110  3110  2  0  0110  1110  1  0  0  0  0110  1110  2110  3110  4110  5110  5110  6110  8110  8110  9110  9110  8110  8110  8110  8110  9110  9110  7110  4110  4110  6110  6110  6110  7110  7110  7110  8110  7110  6110  6110  5109  4109  3  0  0  0  0  0  0  0  0109  2109  3109  4109  4109  4109  5109  5
0620109  3109  2  0  0  0  0109  1109  2109  3109  5109  4109  3109  3109  2  0  0  0  0109  3109  5109  5109  4109  5109  6109  5109  7109 10109 10109  8109  7109  8109  9109  7109  5109  4109  8109 10109  9109 10109 10109 11109 10109  9109  9109  8109  7109  5109  4109  3109  3109  4109  5109  5109  7109  7109  7109  7109  7109  8109  9109 10109  9109  9109  9
0621109  9109  9109  9109  7109  6109  5109  6109  6108  3108  4108  5108  6108  9108  8108  7108  6108  9108 10108  7108  5108  4108  5108  8108  7108  5108  5108  6108  9108  9108 10108  9108  4108  5108  8108  5108  3108  3108  4108  9108 17108 18108 15108 11108  8108  8108 13108 15108 14108 15108 18108 19108 19108 20108 15108 10108 12108 17108 14108  9108  9
0622108 15108 16108 13108  8108  5108  8108 11108  9108  8108  7108  9108 10108 10108 12108 14108 17108 21108 17108 12108 14108 13108 12108 10108 10108 14108 18107 18107 12107 10107 12107 15107 19107 20107 24108 28108 25108 20108 18108 14108 14108 18108 19108 17108 14108 15108 16108 20108 19108 21108 21108 11108  6108 16108 24108 21108 21108 25108 20108 13108 12
0623108 16108 24108 26108 23108 22108 20108 14108 13108 20108 22108 24108 24108 20108 20108 23108 26108 23108 18108 15108 17108 20108 27108 31108 32108 27108 18108 14108 17108 21108 20108 24108 24108 22108 22108 17108 16108 21108 20108 14108  7108  5108 10108 18108 21108 21108 17108 18108 21108 22108 25108 24108 18108 17108 15108 15108 23108 22108 15108 17108 17
0700108 14108 12108 14108 14108  8108 10108 21108 25108 22108 18108 15108 15108 16108 12108  7108  6108  7108 11108 18108 24108 21108 17108 18108 17108 14108 18108 27108 31108 31108 25108 21108 15108 11108 14108 16108 25108 29108 25108 20108  9108  6108 16108 24108 28108 34108 37108 29108 19108 13108  9108 13108 26108 34108 33108 28108 26108 30108 31108 27108 27
0701108 28108 21108 20108 30108 27108 21108 21108 21108 19108 18108 19108 20108 19108 25108 33108 34108 28108 22108 20108 26108 27108 19108 15108 17108 19108 23108 27108 25108 23108 27108 24108 18108 16108 14108 19108 24108 19108 17108 23108 26108 24108 22108 22108 15108 11108 12108 12108 16108 20108 15108 12108 17108 18108 21108 27108 20108  8108  8108  8108 13
0702108 23107 19107 14107 17107 18107 15107 10107  7107  8107 10107  9107  6107  9107 16107 15107 16107 20107 18107 16107 13107 11107 13107 19107 26107 27107 22107 16107 12107 10107  6107  9107 17107 20107 18107 15107 17107 22107 21107 17107 17107 14107 11107 11107 15107 14107 12107 19107 26107 26107 25107 20107 21107 30107 28107 20107 25107 35107 35107 26107 22
0703107 31107 40107 36107 30107 26107 25107 28107 24107 18107 20107 26107 25107 21107 19107 20107 19107 14107 17107 27107 28107 28107 26107 20107 20107 23107 21107 20107 24107 32107 30107 22107 23107 20107 20107 23107 19107 18107 23107 21107 16107 21107 24107 23107 23107 25107 28107 25107 21107 16107 15107 23107 21107 17107 27107 31107 23107 18107 20107 30107 37
0704107 30107 25107 28107 28107 21107 20107 17107 20107 27107 24107 21107 23107 24107 25107 27107 31107 34107 31107 29107 28107 22107 17107 20107 27107 24107 17107 22107 26107 22107 17107 18107 25107 31107 34107 28107 21107 18107 22107 30107 31107 35107 33107 27107 21107 19107 18107 21107 29107 33107 28107 20107 21107 29107 29107 22107 27108 34108 32108 29108 28
0705108 28108 26108 26108 29108 34108 33108 30108 32108 38108 37108 32108 31108 34108 34108 29108 28108 29108 33108 35108 32108 30108 29108 31108 28108 22108 21108 21108 23108 28108 26108 28108 28108 21108 21108 21108 18108 24108 26108 23108 25108 27108 28108 29108 28108 25108 27108 30108 29108 29108 27108 26108 29108 30108 31108 30108 25108 26108 33108 34108 29
0706108 27108 29108 27108 27108 30108 24108 24108 27108 26108 27108 27108 26108 25108 26108 24108 22108 23108 23108 21108 19108 18108 20108 24108 28108 29108 26108 21108 17108 12108 13108 22108 25108 26108 28108 23108 21108 21108 20108 21108 19108 14108 13108 13108 15108 14108 14108 14108 11108 14108 13108 10108 11108 10108  9108 11108 12108 12108 11108 10108 10
0707108 11108 11109 13109 15109 14108 13108 14109 17109 19109 19109 16109 13109 12109 13109 14109 14109 15109 14109 15109 16109 14109 11109  9109 10109 10109 11109 14109 15109 16109 17109 14109 15109 17109 20109 22109 19109 14109 13109 15109 15109 13109 15109 15109 13109 15109 17109 16109 15109 14109 16109 16109 18109 19109 16109 14109 15109 14109 11329  7109 11
0708109 12109 12109 15109 20109 19109 16109 13109 12109 12109 12109 10109  9109 10109 12109 15109 14109 11109 10109 10109 13109 13109 11109 12109 14109 15109 14109 16109 16109 17109 17109 16109 17109 15109 13109 13109 13109 15109 13109 12109 12109 13109 17109 16109 13109 10109 10109 11109 12109 13109 14109 13109 13109 14109 12109 11109 10109  9109 11109 13109 14
0709109 13109 12109 12109 11109  9109  9109 11109 17109 17109 16109 18109 16109 14109 15109 14109 13109 12109 11109 10109 11109 10109  9109 10109 12109 15109 16109 16109 19109 20109 17109 18109 20109 15109 13109 15109 18109 20109 18109 19109 20109 18109 18109 18109 15109 16109 18109 18109 17109 14109 13109 15109 15109 16109 15109 17109 17109 16109 16109 14109 15
0710109 13109 11109 11109 10109 12109 17109 18109 16109 18109 18109 15109 13109 12109 12109 12109 12109 13109 16109 14109 14109 15109 13109 14109 15109 15109 13109 12109 14109 15109 12109 14109 19109 18109 14109 17109 22109 25109 23109 18109 14109 14109 15109 20109 27109 25109 21109 20109 20109 21109 22109 23109 23109 21109 21109 21109 18109 21109 25109 21109 20
0711109 23109 21109 20109 24109 27109 23109 24109 26109 26109 25109 22109 20109 22109 23109 22109 23109 21109 18109 18109 19109 19109 16109 15109 17109 18109 17109 19109 20109 18109 17109 17109 16109 16109 17109 19109 17109 14109 14109 16109 17109 14109 15109 15109 13109 14109 16109 14109 14109 13109 11109  9109  9109  9109 11109 12109 11109 12109 11109 10109 11
0712109 11109 10109 11109 11109 12109 13109 11109 10109  9109  9109 11109 12109 10 39 12109  7109  5109  5109  5109  6109  6109  5109  5109  5109  7109  8109  8109  7109  6109  4109  5109  6109  6109  8109  9109  8109 10109  9109 10109 10109 10109 12109 15109 14109 12109 12109 11109 11109 11109  9109  9109  7109  5109  3109  3109  1  0  0109  1109  3109  3109  2
0713109  3109  3109  3109  3109  3109  3109  4109  5109  4109  3109  4109  5109  6109  6109  5109  5109  6109  4109  4109  4109  4109  5109  4109  5109  4109  3109  5109  7109  7109  6109  4109  3109  4109  3109  3109  4109  4109  5109  5109  6109  6109  5109  4109  5109  6109  6109  8109  8109 10109  8109  5109  4109  3109  2109  3109  3109  2  0  0109  1109  3
0714109  3109  4109  4109  4109  4109  4109  5109  5109  4109  3109  3109  4109  3109  3109  3109  4109  6109  7109  7109  7109  6109  5109  4109  5109  6109  6109  6109  6109  5109  3109  2109  2109  3109  3109  5109  7109  7109  5109  5109  5109  3109  3109  3109  4109  3109  3109  4109  4109  3109  3109  3109  3109  3109  3109  6109  6109  4109  3109  4109  4
0715109  3109  4109  3109  3109  2109  2109  4109  4109  1  0  0  0  0  0  0  0  0  0  0109  2109  3109  2  0  0  0  0109  2109  4109  5109  5109  5109  4109  4109  3109  4109  5109  5109  5109  6109  7109  7109  5109  5109  6109  7109  9109  9109  9109 10109 10109 10109 10109 10109 10109 11109 12109 12109 14109 14109 12109 12109 13109 14109 14109 12109 10109  9
0716109  9109  9109 10109 12109 12109 11109 11109 11109 11109  8109  7109  8109  9109  8109  7109  6109  6109  7109  8109  9109 10109 10109 11109 12109 13109 13109 12109 12  8  4109 12109 13109 15109 14109 14109 14109 14109 15109 15109 14109 13109 14109 15109 15109 16109 15109 14109 14109 15109 15109 16109 15109 13109 15109 14109 13109 16109 17109 14109 12109 12
0717109 11109  7109  7109  9109 10109 12109 11109 10109 12109 13109 13109 12109 13109 13109 15109 21109 19109 17109 16109 14109 14109 15109 17109 17109 17110 18110 18109 19110 16110 16110 18109 17109 16110 16109 14109 15110 13109 10109 10109 13110 13110 13109 15110 14110 12109 12109 16109 15109 11110 12110 14110 12110 12110  9110  9110 10110  9109  8110 10110 12
0718110 13110 14110 12109 12109 12110 10110  9110 10109 11109 10109  9109  8110  8109  8109  7109  7109  5109  4109  5109  6109  7109  8109  9109  8109  8109  8109  7109  6110  6110  7109 10109 10109  8109  8109  9109 10109 10109  9109  9109 11109 11109  9109  8110  7109  8109  9109  8109  7109  7109  7110  7110  6110  5109  4110  4110  5109  4109  5109  6110  5
0719110  5110  5110  5110  4110  4109  5109  5109  5109  4109  5109  6109  6109  5109  6109  6109  5109  4109  4109  3109  2109  2109  2109  4109  6109  6109  6109  6109  6109  7109  8109  8109  8109  7109  7109  6109  8109  9109 10109 10109  8109  8109  8109  7109  7109  9109  9109 10109  9109  8109  8109  7109  6109  5109  5109  6109  6109  7109  7109  6109  6
0720109  5109  4109  4109  3109  2109  2109  2109  2109  2109  2109  3109  4109  3109  3109  3109  3109  4109  4109  4109  4109  4109  4109  3109  2109  1  0  0  0  0  0  0  0  0  0  0  0  0  0  0109  2109  4109  4109  3109  3109  4109  4109  2109  3109  4109  4 16 18109  1  0  0  0  0109  1109  2109  4109  4109  5109  8109  9109  7109  5109  4109  5109 12109 16
0721109 13109  9109  7109  6109  4109  5109  8109  7109  5109  3109  3109  3109  7109 11109 12109 12109  9109 11109 13109 12109  9109  9109  5109  2109  1109  3109  5109  6109  7109  7109  8109 10109  9109  3109  4109  4109  3109  5109 10109 10109  7109  5109  6109  5109 10109 15109 16109 16109 21109 21109 19109 16109 11109 11109 17109 15109 13109 13109 15109 17
0722109 19109 20109 15109 12109  8109  5109  4109  3109  4109  4109  5109  4109  4109  7109  9109 11109 12109 10109  9109 11109 14109 16109 19109 21109 20109 16109 15109 15109 14109 12109 15109 17109 13109  9109  5109  9109 14109 11109  8109  8109 10109 13109 10109  4109  4109  7109  8109  7108 10108 16108 15108 14108 14108 11108  7108  6108  8108 10108 10108 14
0723108 16108 11108 10108 11108 10108  8108  8108 13108 17108 19108 16108 11108 12108 14108 14108 10108  9108 11108 10108 10108 11108 13108 12108  8108  6108  5108  5108  4108  3108  8108 12108 12108 13108 12108 12108 17108 17108 11108 10108 12108 12108 13108 17108 17108 11108 10108 15108 19108 22108 23108 20108 14108 12108 14108 16108 14108  9108 10108 12108 11
0800108 13108 15108 18108 24108 23108 20108 19108 17108 17108 19108 19108 18108 16108 12109 13109 14109 12109 10109 14109 21109 18109 14109 15109 12109  9109  8109 10109  9109  8109  8109  6109  7109  8109 14109 16109 15109 14109 11109  9109 11109  9109  8109 11109  8109  5109  4109  3109  4109  7109  7109  6109  9109  8109  8109 10109 10109  7109  5314  9109  9
0801109  9109  9109  7109  8109  6109  4109  3109  5109  9109  9109  8109  7109  7109 10109 14109 14109 13109 13108 13109 14109 14109 13109 13109 14109 15109 16109 13109 10109 13109 13108 11108 12109 12109 14108 14108 12108 10108 11108 11108  9108  9108 12108 15108 15108 11108 14108 17108 13108 12108 12108 11108 14108 14108 11108 13108 16108 15108 15108 15108 16
0802108 18108 17108 15109 18109 16108 15108 15109 10109  8109 11109 11109 12109 12109 10109 12109 13109 10109  7109  7109 13109 15109 12109 13109 15109 15109 17109 16109 15108 15109 13109 14109 14109 11109 14109 18108 17108 14108 12108 13108 13108 13108 14108 17108 17108 11108  7108  7108  8108  7108  8108  9108 10108 12108 13108 17108 16108 13108 15108 18108 19
0803108 25108 32108 27108 20108 19108 17108 18108 18108 15108 21108 26108 26108 24108 20108 24108 29108 26108 25108 25108 20108 23108 26108 22108 21108 18108 19108 25108 26108 30108 28108 25108 23108 24108 23108 19108 21108 29108 31108 25108 24108 29108 30108 24108 22108 24108 23108 21108 26108 26108 23108 22108 22108 21108 18108 20108 21108 19108 19108 18108 18
0804108 21108 23108 22108 22108 23108 22108 18108 18108 19108 20108 20108 16109 17109 18109 13109 10109 11109 16109 15109 13109 16109 18109 16109 13109 12109 12109 13108 14108 18109 19109 20109 18109 19109 19109 16109 14109 16109 16109 15108 15108 15109 13109 12109 13109 18109 18109 15109 16108 14108 15108 16108 20108 19109 18109 20109 19109 17109 18109 21109 20
0805109 17109 16109 15108 14108 16109 17108 17109 16109 16108 20108 23108 24108 21108 20108 19108 18108 15108 16108 17108 16108 19108 23108 22108 17108 18108 18108 17108 15108 13108 14108 12108 10108 10108  8108  9108 12108 13108 13108 15108 17108 19108 17108 15108 14108 14108 13108 12108 13108 12108 12108 13108 15108 19108 20108 17108 16108 16108 16108 14108 13
0806108 12108 10108 10108 11108 10108 10108 10108 10108 14108 16108 13108  9108  9108 12108 11108  9108 11108 14108 12108 10108  7108  8108 11108 13108 13108 13108 11108  9108  8108  8108  8108 10108  9108  8108  9108 10108 10108 10108 11108 10108  7108  7108  8108  8108  7108  8108  7108  7108  9108 10108 11108 12108 13108 13108 11108 11108 10108  8109  9109 11
0807109 10109 11109 10109  9109  8109  8109  7109  6109  6109  6109  4109  3109  3109  3109  3109  4109  5109  5109  5109  4109  4109  3109  3109  2  0  0  0  0  0  0  0  0  0  0  0  0  0  0  0  0  0  0  0  0  0  0  0  0  0  0109  2109  3109  3109  4109  3109  4109  5109  5109  5109  5109  5109  5109  5109  4109  4109  4109  3109  2109  1  0  0  0  0  0  0  0  0
0808  0  0  0  0  0  0  0  0  0  0109  1109  1109  1109  2109  3109  3109  4109  4109  3109  3109  4109  4109  4109  4109  4109  4109  4109  5109  5109  4109  3109  2109  1  0  0  0  0  0  0  0  0  0  0  0  0109  1109  2109  2109  2109  2109  1  0  0  0  0  0  0  0  0  0  0  0  0  0  0  0  0  0  0  0  0  0  0109  1109  2109  1109  1109  2109  2109  3109  3109  2
0809109  2  0  0  0  0  0  0  0  0  0  0  0  0  0  0  0  0  0  0  0  0  0  0  0  0  0  0  0  0  0  0109  1109  2109  2109  2109  2109  2109  1109  1  0  0  0  0  0  0  0  0  0  0  0  0  0  0  0  0  0  0  0  0  0  0  0  0  0  0  0  0  0  0  0  0  0  0  0  0  0  0  0  0  0  0  0  0  0  0  0  0109  1109  2109  3109  3109  3109  3109  2  0  0  0  0  0  0  0  0  0  0
0810109  1109  2109  2109  2109  2109  2109  2109  3109  3109  3109  4109  4109  2  0  0  0  0  0  0  0  0  0  0  0  0  0  0  0  0109  1109  2109  1109  1109  2109  2109  1109  2109  3109  5109  6109  5109  4109  4109  3109  3109  2109  3109  3109  4109  4109  3109  3109  3109  3109  3109  4109  4109  4109  4109  4109  4109  4109  5109  4109  5109  5109  5109  5
0811109  7109  9109  9109  9109  9109  8109  7109  7109  5109  5109  5109  6109  7109  6109  6109  6109  5109  4109  3109  4109  5109  6109  6109  5109  6109  6109  6109  7109  8109  8109  8109  9109  9109  9109  9109  8109  8109  8109  8109  8109  7109  6109  6109  5109  5109  4109  4109  5109  5109  5109  5109  6109  5109  5109  5109  4109  4109  5109  4109  4
0812109  3109  3109  2  0  0  0  0  0  0109  1109  2109  2109  3109  2109  1  0  0  0  0109  1109  3109  3109  3109  4109  5109  6109  7109  8109  9109  8109  7109  7109  8109  8109  8109  8109  8109  8109  7109  8109  7109  7109  6109  5109  7109  7109  6109  6109  7109  8109  9109 10109 10109  9109  9109  7109  6109  6109  6109  8109  8109  8109 10109 10109 10
0813109 11109 13109 11109  9109 10109 11109 11109 10109  9109 11109 12109 12109 11109  7109  6109  5109  5109  9109 12109 12109 11109 11109 12109 12109  9109  6109  6109  6109  4109  3109  3109  5109  8109  9109  9109 10109  9109  8109  7109  6109  4109  4109  4109  4109  4109  5109  5109  6109  6109  7109  8109  8109  8109  7109  7109  7109  8109  9109  9109  9
0814109  9109  9109  9109  7109  6109  7109  6109  5109  5109  5109  5109  6109  6109  7109  8109  8109  7109  7109  7109  7109  8109  8109  7109  6109  5109  3109  3109  4109  5109  5109  5109  5109  4109  4109  5109  6109  6109  6109  6109  5109  6109  5109  5109  4109  4109  4109  3109  2109  2109  2109  2109  2109  2109  2109  2109  2109  3109  3109  3109  3
0815109  3109  3109  2  0  0  0  0  0  0  0  0  0  0109  1109  2109  2109  1109  2109  2109  2109  3109  3109  4109  4109  4109  5109  7109  8109  8109  7109  7109  7109  6109  6109  7109  9109  9109 10109 11109 12109 13109 13109 11109 10109 10109 10109  9109  7109  6109  7109  7109  7109  8109  8109  7109  7109  7109  7109  7109  7109  7109  7109  6109  6109  5
0816109  4109  3109  4109  5109  6109  5109  5109  5109  5109  4109  3109  4109  5109  6109  6109  6109  5109  6109  6109  6109  6109  6109  6109  5109  4109  3109  3109  2109  2109  2109  2109  3109  4109  6109  6109  5109  5109  6109  6109  8109 10109 10109  8109  7109  7109  8109  8109  9109  8109  8109  8109  8109  7109  7109  8109  9109  9109  8109  6109  6
0817109  7109  7109  5109  5109  6109  6109  6109  6109  6109  5109  3109  3109  3109  3109  4109  5109  4109  4109  4109  3109  2109  3109  3109  3109  3109  3109  3109  2109  3109  3109  5109  6109  7109  7109  8109  7109  7109  7109  6109  5109  4109  4109  5109  6109  5109  5110  5109  5109  4109  3110  2109  2109  1109  1109  1110  1110  1110  1109  1  0  0
0818  0  0  0  0  0  0  0  0  0  0  0  0  0  0  0  0  0  0110  1110  3110  4110  5110  5110  6110  6110  6110  6110  6110  5110  5110  4110  3110  1  0  0  0  0  0  0  0  0  0  0109  1109  1109  1109  1109  1109  2109  2109  3109  4109  4109  4109  4109  4109  4109  3109  3109  2109  1  0  0  0  0109  2109  3109  4109  4109  4109  4109  4109  4109  4109  5109  6
0819109  7109  7109  7109  8109  9109  8109  8109  8109  8109  8109  7109  6109  5109  6109  7109  9109 10109 11109 13109 12109 10109  9109  9109 10109 10109  7109  6109  7109  7109  6109  6109  6109  8109  9109  9109  9109  9109 10109 11109 12109 12109  9109 10109 11109 12109 12109 11109  9109  9109  9109  9109  7109  7109  7109  7109 10109 11109 10109  8109  6
0820109  3109  4109  5109  5109  3109  5109  6109  6109  7109  9109  7109  5109  4109  4109  3109  2  0  0  0  0  0  0109  1109  2109  1  0  0109  2109  3109  4109  4109  3109  5109  7109  6109  3109  2109  3108  8108 11108 10108  9108  6108  4108  5108  5108  4108  2108  3108  4108  3108  2108  1108  2108  4108  5108  5108  5108  6108  8108  9108  8108  7108  8
0821108  8108  7108  9108 10108 10108  9108 11108  9108 10108 10108  6108  4108  2108  3108  5108  5108  5108  6108  7108 10108 13108 13108 11108 11108 12108 14108 15108 16108 17108 16108 15108 13108 12108  7108  5108  7108 12108 17108 20108 22108 18108 17108 16108 15108 13108 12108 14108 13108  8108  6108  7108  6108  4108  8108 15108 16108 12108  9108  9108 12
0822108 16108 18108 18108 17108 16108 16108 14108 13108 14108 13108 13108 11108 11108 16108 22108 23108 19108 17108 18108 18108 18108 18108 20108 20108 20108 18108 16108 19108 24108 22108 20108 25108 24108 20108 18108 20108 21108 20108 16108 16108 23108 24108 21108 18108 16108 15108 14108 11108 17108 23108 19108 15108 12108 12108 14108 16108 18108 17108 14108 17
0823108 20108 18108 13108 13108 21108 26108 22108 19108 16108 11108 11108 13108 16108 20108 22108 19108 18108 18108 16108 16108 17108 16108  6108  5108 13108 17108 16108 18108 16108 12108 14108 19108 21108 21108 21108 23108 22108 17108 16108 14108 12108  9108  5108  6108  9108  9108  7108  7108  8108 13108 23108 20108 17108 15108 13108 12108 12108 14108 14108 11
0900108 15108 15108 16108 18108 13108  6108  3108  4108  4108  4108  6108  8108 10108 10108 12108 11108  9108 10108 10108  8108 11108 14108 17108 17108 12108  9108  8108  7108 10108 14108 16108 19108 21108 19108 16108 12108 12108 20108 21108 15108 13108 13108 11108 11108 15108 23108 21108 17108 11108  5108  7108 10108 12108 13108 11108  7108  6108  6108  8107 10
0901107 11107  9107  8107  7107  5107  6107  9107 10107  8107  8107 16107 17107 16107 21108 21108 20108 21108 24108 25108 25108 24108 20108 27108 31108 29108 29108 28108 27108 27108 23108 18108 19108 24108 27108 22108 15108 15108 16108 12108 14108 20108 18108 15108 14108 17108 17108 19108 19108 22108 23108 20108 17108 17108 18108 19108 19108 19108 16108 15108 18
0902108 16109 12109 16109 19109 17109 15109 12109 14109 17108 18108 17108 16108 19108 19108 16109 17109 15109 11108  8108  8108  8108 11108 13108 11108 12109 14109 12109 12109 12109 11109 11109 13109 14109 14109 16109 16109 17109 19109 15109 11109 11109 14109 14109 13109 16109 19109 24109 29109 29108 27108 27108 25108 25108 18108 20108 24108 24108 22108 17108 15
0903108 15108 14108 11108 11108 13108 13108 11108 11108 11108 12108 13108 12108 10108 10108 12108 12108 11108 10108 11108 13108 14108 12108 13108 14108 12108 11108  9108  8108  9108 10108 11108 10108  7108  6108  8108  8108  7108  9108 12108 14108 12108 12108 13108 11108  9108 11108 10108 11108 13108 12108 12108 13108 12108 11108 10108 11108 11108 11108  9108  7
0904108  9108 10108 12108 12108 11108 10108  8108  9108 12108 12108  9108 11108 12108 10108  9108  9108  9108  9108 10108 12108 12108 10108 10108 11108 12108 11108 11108 11108 11108 12108 12108 12108 15108 14108 12108 11108 11109 12109 10109  8109  9109 12109 22109 36109 39109 31109 27109 25109 19109 14109 14109 14109 16109 16109 15109 11109 15110 18110 11110 14
0905109 19109 21110 20110 17110 17110 18110 16110 15110 16110 17110 19110 19110 18110 16110 15110 13110 12110 12110 12110 12110 11110 12110 13110 10110  9110 10110 13110 11110 11110 12110 12110 15109 15109 12109 11109  7109  6109  6109  9109 10109  7109  7109 10109 13109 15109 14109 12109 11109  9109  7109  8109  7109  7109  9109  8109  7109  7109  7109  5109  5
0906109  4109  3109  4109  4109  5109  6109  6109  7109  8109  7109  5109  5109  7109  9109 10109  9109  7109  7109  7109  8109 11109  9109  7109 10109 11109  9109  7109  9109  8109  6109  7109  6109  7109  8109  8109  9109  7109  6109  6109  8109  8109  9109  9109  8109  9109 10109  9109 10109 11109 11109 10109  9109  9109  9109  8109  6109  5109  6109  7109  5
0907109  4109  4109  6109  6109  7109  9109  8109  9109  9109  9109 10109 13109 13109 11109 11109 10109 14109 16109 15109 13109 13109 15109 13109 12109 13109 13109 11109 10109 10109 13109 14109 13109 14109 13109 13109 14109 14109 18109 18109 15109 19109 19109 18109 16109 14109 15109 15109 16109 18109 18109 15109 16109 15109 14109 16109 20109 16109 14109 18109 18
0908109 14109 12109 13109 13109 13109 14109 12109 12109 13109 11109 10109 11109 10109  8109  9109 11109 11109  9109 10109 12109 12109  8109  9109  9109  8109  9109 10109 10109  7109  8109  9109  9109  9109  9109  9109 10109 12109 14109 13109 13109 15109 14109 13109 14109 16109 16109 14109 16109 16109 14109 16109 14109 10109 11109 12109 11109 12109 14109 15109 12
0909109  9109  8109  8109 14109 14109 10109 10109 10109 10109 11109 12109 12109 12109 14109 13109 12109 12109 11109 11109 11109 12109 12109 11109 10109 11109 12109 11109 10109 11109  8109  7109  9109 10109 10109 11109 13109 11109  9109 10109  9109  9109 10109 10109  9109  9109 10109  9109 10109 12109 14109 12109 10109 12109 13109 11109  9109  8109  9109  8109  6
0910109  7109  7109  8109  9109  8109  8109  9109 10109 10109 11109 12109 12109 10109  9109 10109 10109  9109 10109  9109  9109  9109 10109 12109 11109 12109 12109 10109 12109 13109 11109 11109 11109 12109 11109  9109 10109 12109 13109 16109 14109 11109 11109 13109 13109  8109  7109 11109 13109 11109  8109  9109 11109  8109  8109  9109  8109  7109  9109  9109  8
0911109 12109 12109 10109 11109 10109 11109 11109 11109 11109 10109 10109 11109 13109 13109 10109 10109 11109 11109  9109  8109  5109  5109  5109  5109  6109  7109  8109 10109 10109  9109  9109  9109  8109  8109  8109  9109  9109 10109 12109 10109  8109  8109  8109  8109 10109 12109 11109 11109 12109 13109 14109 13109 13109 12109 13109 13109 13109  9109  8109 11
0912109 11109 11109 11109 10109 11109 15109 15109 14109 16109 15109 10109  9109  8109  7109  9109 10109 10109 10109  9109  9109 11109 10109  8109 12109 16109 15109 14109 15109 16109 15109 11109 10109  9109  8109 10109 11109 10109 12109 16109 19109 17109 14109 14109 13109 13109 15109 16109 15109 14109 12109 14109 17109 12109  8109 10109 13109 11109  7109  8109 14
0913109 15109 10109  9109 12109 13109 11109  9109  8109  8110  8110  6110  8110 10110  9110  9110 10110  9110  9110 10110 12110 12110 14110 15110 12110 10110  9110 10110  8110  6110  6110  6110  7110  8110  9110 10110  9110  7110  8110  8110 10110 14110 14110 14110 13110 10110 11110 10110 10110 11110 11110 10110  9110  9110 12110 12110 10110 10110  9110  7110  7
0914110  7110  8110  8110  8110  8110  8110  8110  9110 10110 11110 11110 11110 11110 10110  8 60 16110 10110 10110 12110 12110 10110 10110  8110  8110  8110  8110  8110  9110 11110 11110  9110 10110 10110 10110  8110  8110  8110  7110  9110 10110  9110  9110  7110  8110 10110  9110  9110 10110  9110  8110  9110 12110 14110 13110 14110 12110 11110 13110 17110 18
0915110 17110 15110 15110 15110 13110 14110 15110 19110 20110 19110 17110 16110 19110 22110 21110 20110 24110 28110 26110 26110 31110 32110 31110 34110 35110 32110 32110 29110 26110 24110 29110 31110 26110 31110 34110 31110 26110 22110 22110 23110 27110 26110 17110 16110 21110 21110 15110 16110 22110 24110 27110 25110 20110 22110 21110 22110 28110 28110 22110 17
0916110 21110 26110 25110 20110 18110 18110 18110 19110 20110 21110 17110 14110 20110 24110 23110 21110 17110 15110 13110 16110 21110 19110 19110 22110 26110 26110 20110 17110 16110 15110 19110 23110 28110 29110 27110 30110 31110 25110 21110 23110 28110 23110 18110 19110 20110 17110 15110 15110 17110 18110 22110 22110 17110 22110 21110 17110 18110 17110 15110 11
0917110 12110 14110 14110 12110 10110 10110 12110 14110 13110 11110  9110  6110  6110  6110  9110 12110 13110 13110 10110  7110 10110 15110 14110 11110 10110 14110 18110 16110 13110 13110 14110 16110 14110  9110 13110 15110 17110 21110 18110 16110 14110 12110 10110  7110  7110  6110  6110  8110  8110 10110 12110 12110 12110 12110 13110 16110 16110 15110 13110 11
0918110 10110  9110  7110  6110  7110  8110  6110  6110  5110  2110  1110  2110  3110  3110  3110  3110  3110  3110  3110  3110  5110  5110  6110  6110  6110  5110  3110  2  0  0  0  0209  7110  2110  4110  5110  6110  8110  8110  7110  6110  5110  4110  4110  5110  4110  2110  1110  2110  4110  7110  6110  5110  4110  4110  5110  3110  2110  2110  5110  7110  7
0919110  6110  5110  4110  3110  2110  2110  1110  1110  2110  2110  3110  4110  5110  6110  7110  8110  8110  7110  6110  7110  7110  6110  5110  5110  4110  3110  4110  4110  5110  5110  4110  2110  1  0  0  0  0  0  0  0  0110  2110  3110  3110  3110  5110  6110  6110  7110  7110  8110  8110  7110  5110  5110  4110  4110  4110  4110  3110  4110  4110  3110  4
0920110  5110  5110  5110  5110  5110  6110  5110  4110  4110  5110  7110  8110  7110  5110  4110  5110  5110  5110  4110  3110  4110  7110 13110 13110  8110  7110  7110 11110 18110 21110 19110 16110 17110 18110 18110 16110 18110 19110 14110 10110 11110 11110  7110  7110  9110 12110 11110 11110 16110 13110 10110  9110 13110 17110 13110 12110 14110 13110 14110 16
0921110 17110 14110 14110 15110 15110 14110 14110 16110 14110 11110  9110  8110  7110  8110 11110 11110  8110  7110  8110 12110 14110 15110 14110 14110 15110 13110 12110 11110 10110 13110 13110 15110 18110 16110 15110 14110 11110 10110 13110 16110 16110 15110 14110 14110 14110 16110 16110 11110  8110 10110 12110 15110 18110 15110 13110 12109 14109 17109 17109 12
0922109 12109 13109 14109 13109 10109  8109  9109  8109  6109  7109  7109  8109  8109  6109  7109  7109  5109  6109  9109  9109  8109  6109 10109 14109 12109 10109 11109  9109  6109  5109  7109  8109  7109  5109  6109  7109  8109 12109 14109 11109  8109  9109 10109 12109 12 47 20109 10109 13109 15109 14109 17109 21109 20109 19109 17109 14109 15109 14109 13109 16
0923109 16109 12109 10109 11109 12109 14109 13109 14109 13109 15109 18109 16109 11109  8109  9109 13109 14109 13109 15109 16109 15109 17109 20109 21109 17109 13109 12109 13109 16109 15109  9109  6109  8109 13109 11109 10109 14109 14109 11109 11109 14109 15109 14109 12109 12109 12109 14109 16109 17109 15109 13109 12109 13109 14109 15109 16109 16109 16109 13109 13
1000109 17109 19109 20109 17109 16109 20109 20109 16109 18109 18109 18109 21109 18109 15109 13109  9109  8109 11109 17109 17109 16109 19109 19109 18109 17109 20109 19109 16109 15109 12109 15109 17109 12109 10109 14109 14109 12109 10109  6109  6109  9109 10109 13109 19109 23109 24109 23109 17109 13109 16109 18109 15109 16109 19109 18109 20109 17109 18109 19109 15
1001109 15109 17109 18109 17109 16109 14109 15109 16109 22109 23109 21109 19109 17109 20109 18109 14109 13109 12109 13109 14109 15109 13109 13109 11109 12109 14109 11109 12109 13109 13109 18109 20109 17109 16109 14109 15109 13109 13109 13109 11109  9109 11109 19109 23109 21109 17109 16109 14109 12109 13109 13109 16109 16109 16109 14109 13109 12109 11109 10109 12
1002109 13109 11109 15109 19109 14109 16109 22109 20109 19109 16109 14109 11109 10109 11109 10109 12109 18109 20109 18109 20109 22109 20109 21109 25109 27109 30109 27109 21109 18109 17109 16109 15109 14109 12109 12109 20109 26109 19109 16109 20109 20109 17109 11109 11109 16109 20109 21109 22109 23109 25109 22109 15109 11109 12109 13109 13109 16109 18109 18109 19
1003357 20109 20109 19109 16109 18109 18109 14109 14109 18109 20109 23109 25109 21109 15109  9109  7109 10109 13109 11109 11109 16109 19109 18109 21109 24109 20109 12109 10109 14109 19109 18109 13109 13109 16109 16108 14108 14108 16108 19108 18108 19108 18108 16108 17108 16108 14108 13108 13108 14108 14108 15108 16108 16108 14108 13109 11109 11109 13109 14109 15
1004109 17109 18109 19109 18109 16109 11109  9109  9109 10109 14109 16109 16109 15109 13109 12109 11108 10108  7108  6109 11109 15109 15109 13109 13109 11109  6109  3109  7109 11109  9109  8109  8109  8109  9109 11109 13109 13109  9109  8109 12109 14109 12109 12109 14109 17109 18109 17109 16109 17109 22109 22109 20109 20109 19109 14109 15109 16109 17109 16109 15
1005109 18109 19109 19109 22109 24109 24109 26109 33109 35109 29109 27109 27109 28109 29109 33109 31109 27109 26109 21109 18109 23109 24109 21109 20109 21109 25109 26109 24109 22109 21109 25109 21109 19109 20109 17109 12109 14109 23109 31109 25109 16109 16109 17109 19109 21109 20109 14109 15109 20109 19109 20109 18109 16109 14109 11109 13109 18109 18109 15109 16
1006109 19109 22109 22109 21109 20109 19109 13109 11109 12109 13109 13109 13109 13109 11109 12109 13109 16109 15109 15109 18109 18109 17109 19109 23109 24109 18109 16109 17109 21109 26109 23109 21109 19109 19109 23109 25109 22109 19109 18109 21109 19109 19109 23109 24109 22109 23109 23109 20109 14109 12109 14109 18109 20109 19109 23109 27109 25109 22109 21109 21
1007109 17109 16109 18109 19109 22109 22109 23109 22109 19109 14109 15109 22109 25109 20109 21109 24109 23109 32109 35109 25109 26109 31109 25109 23109 25109 20109 19109 22109 17109 15109 19109 23109 21109 17109 12109 19109 25109 21109 23109 27109 21109 16109 17109 19109 22109 26109 27109 24109 22109 18109 18109 22109 25109 24109 21109 19109 19109 22109 19109 16
1008109 18109 22109 24109 20109 19109 21109 21109 21109 17109 16109 19109 20109 20109 22109 23109 18109 15109 15109 16109 20109 16109 13109 17109 15109 12109 17109 19109 17109 19109 19109 18109 18109 16109 13109 11109 18109 23109 18109 20109 24109 21109 21109 20109 21109 23109 23109 24109 26109 25109 22109 21109 23109 25109 23109 18109 20109 23109 19109 13109 16
1009109 17109 18109 22109 18109 11109  9109 10109  9109 11109 13109 10109 11109 11109 11109 13109 12109 11109 12109 13109 13109 13109 15109 15109 12109 15109 22109 23109 23109 27109 28109 20109 14109 12109  9109 14109 18109 14109 11109  8109  7109  9109 13109 15109 12109 14109 18109 15109 14109 16109 17109 17109 17109 21109 22109 23109 22109 20109 21109 22109 24
1010109 23109 15109 11109 14109 16109 23109 26109 21109 19109 14109 12109 13109 16109 14109 10109 10109 11109 15109 16109 18109 22109 23109 22109 22109 22109 21109 20109 19109 20109 20109 12109 14109 15109 14109 16109 14109 13109 13109 14109 15110 22110 25109 20109 20109 22109 18109 13110 15109 19109 18110 18110 18110 18110 15110 11110 13110 13110 12110 14110 16
1011110 14110 12109 11110 14110 15110 14110 18110 21110 19110 17110 17110 12110  8110  8110  9110 10110 13110 16110 17110 17110 17110 20110 20110 19110 23110 23110 24110 26110 22110 16110 14110 15110 12110 10110 11110 12110 12110 11110 12110 15110 17110 15110 13110 18110 21110 19110 19110 18109 14110 10110 10110 10110 12110 15110 15110 14110 14110 15110 16110 16
1012110 16110 18110 18110 16110 17110 19110 23110 19110 15110 15110 14110 16110 18110 15110 12110 10110  7110  8110 10110  9110  7110  4110  5110 10110 13110  8110  4110  2110  3110  6110  5110  4110  6110  5110  5110  5110  6110  8110  7110  7110  9110 14110 14110 11110  9110 12110 12110  9110 10110 10110  8110  8110  6110  3110  2110  4110  3110  3110  4110  8
1013110 12110 12110  9110  6110  4110  3110  4110  6110  8110 10110 10110  8110  8110  7110  7110  8110  7110  7110  7110  8110  9110 10110 11110 12110 12110 12110 11110 12110 14110 14110 14110 10110  9110 11110 15110 17110 16110 19110 20110 23110 25110 22110 21110 20110 19110 20110 19110 13110 12110 14110 18110 14110  9110  9110 10110 13110 15110 17110 14110 13
1014110 13110 13110 13110 12110 12110 12110 11110 13110 14110 17110 17110 14110 16110 15110 12110 11110 18110 20110 13110 13110 15110 15110 14110 13110 13110 12110 12110 16110 17110 18110 21110 20110 15110  9110  8110 12110 18110 26110 29110 25110 22110 23110 21110 18110 17110 21110 22110 18110 16110 15110 19110 21110 21110 20110 18110 17110 15110 16110 18110 17
1015110 15110 15110 19110 20110 17110 18110 21110 20110 18110 19110 17110 10110  8110  5110  5110  7110  6110  4110  6110  8110 10110 12110  9110  5110  4110  3110  5110  6110  6110  7110 10110 11110  8110  7110  8110 11110 10110  9110 10110 12110 12110 10110  8110  6110  3110  4110  6110  7110  6110  6110  6110  6110  5110  5110  4110  6110  7110  9110 10110  9
1016110  9110  8110  8110  9110  9110  9110  6110  6110  9110  8110  8110  8110  7110  7110  7110  5110  5110  5110  4110  4110  4110  4110  6110  8110  9110  9110  8110  8110  9110 10110  9110 10110 11110  9110  6110  8110  9110  8110  6110  7110  8110  7110  9110 11110 11110 10110 11110 12110 14110 15110 15110 14110 12110 11110 10110 11110 12110 10110  9110 10
1017110 11110 10110  8110  7110  8110 11110  9110  8110  8110  6110  7110  8110  7110  9110 10110  9110  6110  7110 10110 10110 12110 11110  9110  9110  9110  9110 10110  9110  7110  7110  4110  5110  8110  8110  8110  8110  9110 11110 13110 14110 11110  9110  6110  6110  7110  6110  5110  7110  9110  9110  7110  5110  6110  7110  7110  8110  6110  6110  5110  3
1018110  4110  6110  5110  3110  4110  5110  4110  3110  3110  3110  3110  3110  1  0  0110  2110  4110  6110  7110  7110  7110  7110  7110  5110  4110  5110  7110 10110 12110 12110 13110 14110 12110 10110  9110  8110  8110  9110  9110  8110  6110  3110  3110  2110  3110  3110  1110  2110  3110  4110  4110  3110  3110  4110  4110  6110  8110  9110 10110 10110 10
1019110  9110  9110  8110  7110  5110  5110  4110  2  0  0  0  0  0  0110  2110  4110  6110  6110  6110  5110  5110  5110  4110  4110  5110  5110  6110  7110  9110  9110 10110 10110  8110  7110  6110  5110  3110  2110  1  0  0110  2110  4110  6110  7110  9110  9110  8110  9110  9110  8110  6110  6110  7110  8110  7110  6110  7110  6110  7110  7110  6110  9110 10
1020110  7110  5110  5110  5110  5110  7110 10110 12110 13110 12110 11110 11110 10110 11110 13110 12110 12110 12110 12110 14110 16110 18110 18110 16110 15110 15110 13110 12110 12110 12110 13110 13110 10110  8110 10110  9110  8110  6110  7110  7110  7110  7110  7110  9110 10110 11110  9110  6110  5110  6110  6110  6110  4110  3110  4110  2  0  0110  2110  2110  2
1021110  1110  2110  3110  5110  5110  5110  6110  6110  5110  5110  6110  6110  6110  5110  5110  5110  5110  6110  7110  8110  9110 10110 11110 12110 13110 13110 12110 12110 11110 10110 12110 15110 15110 11110  8110 10110  9110  8110  8110  9110 10110 13110 15110 17110 17110 14110 16110 16110 13110 13110 15110 16110 16110 13110 12110 13110 15110 13110 12110 11
1022110 11110 11110 11110 10110  6110  3110  2110  4110  5110  3110  2110  3110  7110  8110  7110  7110  8109  6109  4109  5109  6109  4109  3109  2109  2109  2109  2109  1  0  0109  1109  2  0  0109  1109  3109  3109  2109  3109  3109  3109  2109  2109  2  0  0  0  0  0  0109  2109  2109  2109  6109  7109  7109  5109  4109  5109  7109  8109  7109  6109  6109  5
1023109  4109  5109  8109 13109 14109 15109 16109 13109  9109  8109  7109  6109  7109  8109 10109 10109 11109 12109 14109 15109 14109 13109 13109 10109  5109  6109 10109 11109 14109 16109 15109 13109 12109 10109  8109  8109 10109 12109 15109 15109 15109 16109 15109 12109 11109 13109 13109 13109 11109 10109 13109 14109 12109 11109 11109 11109 11109 10109 10109 12
1100109 13109 13109 12109 12109 12109 11109 12109 14109 13109 11109 13109 16109 17109 17109 15109 13109 12109 12109 14109 16109 16109 16109 16109 15109 12109 11109 12109  9109 10109 11109  8109 12109 16109 13109 10109 10109 11109  9109 10109 13109 11109  9109 10109  9109  8109  9109 11109 11109 11109 13109 10109  7109  6109  9109 12109 12109 12109 13109 11109 11
1101109 11109 11109 12109 12109 13109 12109 12109 15109 15109 14109 15109 14109 12109 14109 15109 14109 13109 13109 14109 14109 14109 15109 16109 14109 10109  7109  8109  8109  9109  9109  8109  9109 10109 11109 13109 14109 15109 15109 12109 12109 12109 10109  9109 10109 11109 12109 12109 12109 11109  9109  9109  9109 10109 12109 11109  9109  7109  6109  9109 12
1102109 12109 14109 13109 10109  9109 14109 15109 14109 15109 15109 13109  9109 11109 11109 11109 10109 12109 14109 13109 11109 10109  9109  7109 13109 19109 16109 15109 17109 15109 13109 14109 15109 16109 15109 16109 16109 13109 10109 11109 17109 19109 18109 17109 16109 18109 20109 17109 13109 17109 22109 19109 17109 16109 14109 12109 13109 15109 16109 15109 15
1103109 15109 16109 15109 13109 17109 19109 17109 19109 23109 19109 14109 15109 15109 16109 19109 16109 14109 13109 13109 15109 18109 20109 18109 18109 17109 12109 16109 21109 22109 25109 22109 17109 17109 20109 22109 20109 19109 19109 16109 14109 16109 18109 18109 13109 13109 17109 17109 19109 24109 24109 21109 20109 18109 16109 17109 21109 23109 15109  8109 14
1104109 21109 18109 14109 12109 12109 10109  9109 13109 16109 15109 18109 24109 27109 25109 19109 17109 15109 14109 17109 17109 16109 17109 18109 16109 16109 16109 13109 14109 14109 16109 18109 18109 16109 13109 10109 11109 13109 16109 16109 14109 15109 18109 16109 14109 17109 17109 14109 11109 10109 13109 16109 16109 15109 16109 18109 16109 19109 23109 21109 21
1105109 19109 15109 16109 15109 12109 11109 18109 23109 24109 28109 24109 19109 20109 16109 17109 25109 26109 27109 26109 23109 25109 25109 22109 24109 24109 18109 13109 13109 16109 19109 22109 23109 19109 15109 16109 17109 17109 17109 17109 19109 20109 23109 21109 17109 17109 17109 15109 14109 14109 13109 13109 14109 20109 23109 22109 23109 26109 21109 13109 13
1106109 15109 16109 15109 13109 15109 15109 13109 12109  6109  5109  7109  8109  9109 11109 15109 16109 16109 20109 20109 22109 27109 29109 24109 23109 25110 22110 20110 18110 17110 20110 19110 14110 13110 13110 11110 13110 18110 20110 17110 14110 13110 10110 11110 11110  8110  5110  4110  7110  9110  8110  5110  4110  8110 13110 14110 13110 12110 11110 10110 13
1107110 14110 11110  8110  9110  8110 10110 15110 17110 13110 11110 11110 10110  8110  8110 10110 11110 14110 15110 12110  9110  8110 10110 16110 21110 20110 18110 14110 12110 13110 14110 14110 12110 12110 10110  6110  7110  8110  9110 12110 17110 20110 15110 13110 11110 11110 12110 11110  9110  5110  5110  7110  6110  4110  4110  3110  4110  7110 11110 11110 13
1108110 15110 13110  9110 10110 12110 11110 12110 13110 13110 11110 13110 14110 15110 14110 15110 17110 18110 19110 18110 12110 11110 12110 12110 12110 10110 13110 14110 12110 14110 13110 14110 19110 17110 11110  7110  6110  7110  9110  9110 11110 12110  9110  9110 13110 12110 10110  9110  8110  6110  5110  7110  8110  7110  7110  8110 10110 13110 17110 20110 16
1109110 11110 12110 14110 14110 15110 17110 16110 15110 15110 16110 15110 15110 14110 12110 15110 19110 20110 19110 20110 20110 17110 16110 18110 18110 18110 21110 20110 16110 15110 17110 18110 17110 15110 18110 21110 20110 18110 16110 13110 11110 13110 15110 16110 13110 13110 15110 14110 16110 17110 14110 14110 17110 17110 11110 11110 15110 16110 12110 11110 10
1110110 12110 16110 16110 13110  9110 10110 12110 11110  7110  7110 11110 12110 12110 10110  6110  6110  7110  8110  7110  6110  8110  8110  7110  8110  9110 10110 10110 10110 10110  9110  8110  9110 11110 12110 13110 12110 10110  9110 10110 11110 15110 16110 13110 12110 11110 11110 11110 13110 15110 14110 12110 12110 11110 12110 12110 10110  8110  5110  5110 10
1111110 12110 10110 10110 12110 17110 15110 10110  9110  9110 10110 11110 10110 11110  9110  7110  9110 15110 17110 19110 21110 24110 26110 23110 18110 12110 15110 15110 10110  7110  7110 11110 11110  8110 10110 12110 10110 10110 12110 11110  8110 10110 10110  8110 10110 13110 13110 11110  9110 13110 13110  9110  9110  7110  9110 14110 13110  9110  9110 10110  7
1112110  8110  9110  7110  7110  8110  7110  9110 11110  9110  8110  8110  6110  6110  6110  5110  6110  7110  5110  3110  3110  3110  3110  2110  1110  2110  3110  4110  4110  5110  7110  8110  7110  6110  7110  9110  8110  6110  6110  6110  4110  3110  4110  3110  1110  1110  2110  3110  6110  8110  9110 10110 11110 13110 15110 15110 13110 11110 14110 15110 11
1113110  8110  4110  2110  3110  5110  5110  7110  8110  7110  8110 10110 11110 11110  9110 10110 10110  7110  6110  7110  9110  8110  8110  8110  6110  5110  5110  5110  5110  4110  3110  2110  3110  4110  4110  6110  9110 10110  9110  9110  9110  7110  8110  7110  6110  5110  6110  5110  6110  7110  5110  4110  5110  4110  4110  6110  5110  4110  6110  6110  5
1114110  6110  8110  8110 10110 11110 12110 12110 12110 11110 10110  8110  6110  6110  6110  5110  6110  5110  5110  4110  4110  4110  5110  5110  6110  8110  9110 11110 12110 13110 15110 17110 18110 17110 15110 14110 14110 15110 16110 15110 14110 15110 14110 13110 12110 10110  7110  7110  7110  7110  7110  8110  8110  7110  9110 10110 12110 15110 14110 11110 10
1115110 11110 11110 11110 11110 11110 11110 10110 10------------------------------------------------------------------------------------------------------------------------------------------------------------------------------------------------------------------------------------------------------------------------------------------------------------------------
1116------------------------------------------------------------------------------------------------------------------------------------------------------------------------------------------------------------------------------------------------------------------------------------------------------------------------------------------------------------------------
1117------------------------------------------------------------------------------------------------------------------------------------------------------------------------------------------------------------------------------------------------------------------------------------------------------------------------------------------------------------------------
1118------------------------------------------------------------------------------------------------------------------------------------------------------------------------------------------------------------------------------------------------------------------------------------------------------------------------------------------------------------------------
1119------------------------------------------------------------------------------------------------------------------------------------------------------------------------------------------------------------------------------------------------------------------------------------------------------------------------------------------------------------------------
1120------------------------------------------------------------------------------------------------------------------------------------------------------------------------------------------------------------------------------------------------------------------------------------------------------------------------------------------------------------------------
1121------------------------------------------------------------------------------------------------------------------------------------------------------------------------------------------------------------------------------------------------------------------------------------------------------------------------------------------------------------------------
1122------------------------------------------------------------------------------------------------------------------------------------------------------------------------------------------------------------------------------------------------------------------------------------------------------------------------------------------------------------------------
1123------------------------------------------------------------------------------------------------------------------------------------------------------------------------------------------------------------------------------------------------------------------------------------------------------------------------------------------------------------------------
1200------------------------------------------------------------------------------------------------------------------------------------------------------------------------------------------------------------------------------------------------------------------------------------------------------------------------------------------------------------------------
1201------------------------------------------------------------------------------------------------------------------------------------------------------------------------------------------------------------------------------------------------------------------------------------------------------------------------------------------------------------------------
1202------------------------------------------------------------------------------------------------------------------------------------------------------------------------------------------------------------------------------------------------------------------------------------------------------------------------------------------------------------------------
1203------------------------------------------------------------------------------------------------------------------------------------------------------------------------------------------------------------------------------------------------------------------------------------------------------------------------------------------------------------------------
1204------------------------------------------------------------------------------------------------------------------------------------------------------------------------------------------------------------------------------------------------------------------------------------------------------------------------------------------------------------------------
1205------------------------------------------------------------------------------------------------------------------------------------------------------------------------------------------------------------------------------------------------------------------------------------------------------------------------------------------------------------------------
1206------------------------------------------------------------------------------------------------------------------------------------------------------------------------------------------------------------------------------------------------------------------------------------------------------------------------------------------------------------------------
1207------------------------------------------------------------------------------------------------------------------------------------------------------------------------------------------------------------------------------------------------------------------------------------------------------------------------------------------------------------------------
1208------------------------------------------------------------------------------------------------------------------------------------------------------------------------------------------------------------------------------------------------------------------------------------------------------------------------------------------------------------------------
1209------------------------------------------------------------------------------------------------------------------------------------------------------------------------------------------------------------------------------------------------------------------------------------------------------------------------------------------------------------------------
1210------------------------------------------------------------------------------------------------------------------------------------------------------------------------------------------------------------------------------------------------------------------------------------------------------------------------------------------------------------------------
1211------------------------------------------------------------------------------------------------------------------------------------------------------------------------------------------------------------------------------------------------------------------------------------------------------------------------------------------------------------------------
1212------------------------------------------------------------------------------------------------------------------------------------------------------------------------------------------------------------------------------------------------------------------------------------------------------------------------------------------------------------------------
1213------------------------------------------------------------------------------------------------------------------------------------------------------------------------------------------------------------------------------------------------------------------------------------------------------------------------------------------------------------------------
1214------------------------------------------------------------------------------------------------------------------------------------------------------------------------------------------------------------------------------------------------------------------------------------------------------------------------------------------------------------------------
1215------------------------------------------------------------------------------------------------------------------------------------------------------------------------------------------------------------------------------------------------------------------------------------------------------------------------------------------------------------------------
1216------------------------------------------------------------------------------------------------------------------------------------------------------------------------------------------------------------------------------------------------------------------------------------------------------------------------------------------------------------------------
1217------------------------------------------------------------------------------------------------------------------------------------------------------------------------------------------------------------------------------------------------------------------------------------------------------------------------------------------------------------------------
1218------------------------------------------------------------------------------------------------------------------------------------------------------------------------------------------------------------------------------------------------------------------------------------------------------------------------------------------------------------------------
1219------------------------------------------------------------------------------------------------------------------------------------------------------------------------------------------------------------------------------------------------------------------------------------------------------------------------------------------------------------------------
1220------------------------------------------------------------------------------------------------------------------------------------------------------------------------------------------------------------------------------------------------------------------------------------------------------------------------------------------------------------------------
1221------------------------------------------------------------------------------------------------------------------------------------------------------------------------------------------------------------------------------------------------------------------------------------------------------------------------------------------------------------------------
1222------------------------------------------------------------------------------------------------------------------------------------------------------------------------------------------------------------------------------------------------------------------------------------------------------------------------------------------------------------------------
1223------------------------------------------------------------------------------------------------------------------------------------------------------------------------------------------------------------------------------------------------------------------------------------------------------------------------------------------------------------------------
1300------------------------------------------------------------------------------------------------------------------------------------------------------------------------------------------------------------------------------------------------------------------------------------------------------------------------------------------------------------------------
1301------------------------------------------------------------------------------------------------------------------------------------------------------------------------------------------------------------------------------------------------------------------------------------------------------------------------------------------------------------------------
1302------------------------------------------------------------------------------------------------------------------------------------------------------------------------------------------------------------------------------------------------------------------------------------------------------------------------------------------------------------------------
1303------------------------------------------------------------------------------------------------------------------------------------------------------------------------------------------------------------------------------------------------------------------------------------------------------------------------------------------------------------------------
1304------------------------------------------------------------------------------------------------------------------------------------------------------------------------------------------------------------------------------------------------------------------------------------------------------------------------------------------------------------------------
1305------------------------------------------------------------------------------------------------------------------------------------------------------------------------------------------------------------------------------------------------------------------------------------------------------------------------------------------------------------------------
1306------------------------------------------------------------------------------------------------------------------------------------------------------------------------------------------------------------------------------------------------------------------------------------------------------------------------------------------------------------------------
1307------------------------------------------------------------------------------------------------------------------------------------------------------------------------------------------------------------------------------------------------------------------------------------------------------------------------------------------------------------------------
1308------------------------------------------------------------------------------------------------------------------------------------------------------------------------------------------------------------------------------------------------------------------------------------------------------------------------------------------------------------------------
1309------------------------------------------------------------------------------------------------------------------------------------------------------------------------------------------------------------------------------------------------------------------------------------------------------------------------------------------------------------------------
1310------------------------------------------------------------------------------------------------------------------------------------------------------------------------------------------------------------------------------------------------------------------------------------------------------------------------------------------------------------------------
1311------------------------------------------------------------------------------------------------------------------------------------------------------------------------------------------------------------------------------------------------------------------------------------------------------------------------------------------------------------------------
1312------------------------------------------------------------------------------------------------------------------------------------------------------------------------------------------------------------------------------------------------------------------------------------------------------------------------------------------------------------------------
1313------------------------------------------------------------------------------------------------------------------------------------------------------------------------------------------------------------------------------------------------------------------------------------------------------------------------------------------------------------------------
1314------------------------------------------------------------------------------------------------------------------------------------------------------------------------------------------------------------------------------------------------------------------------------------------------------------------------------------------------------------------------
1315------------------------------------------------------------------------------------------------------------------------------------------------------------------------------------------------------------------------------------------------------------------------------------------------------------------------------------------------------------------------
1316------------------------------------------------------------------------------------------------------------------------------------------------------------------------------------------------------------------------------------------------------------------------------------------------------------------------------------------------------------------------
1317------------------------------------------------------------------------------------------------------------------------------------------------------------------------------------------------------------------------------------------------------------------------------------------------------------------------------------------------------------------------
1318------------------------------------------------------------------------------------------------------------------------------------------------------------------------------------------------------------------------------------------------------------------------------------------------------------------------------------------------------------------------
1319------------------------------------------------------------------------------------------------------------------------------------------------------------------------------------------------------------------------------------------------------------------------------------------------------------------------------------------------------------------------
1320------------------------------------------------------------------------------------------------------------------------------------------------------------------------------------------------------------------------------------------------------------------------------------------------------------------------------------------------------------------------
1321------------------------------------------------------------------------------------------------------------------------------------------------------------------------------------------------------------------------------------------------------------------------------------------------------------------------------------------------------------------------
1322------------------------------------------------------------------------------------------------------------------------------------------------------------------------------------------------------------------------------------------------------------------------------------------------------------------------------------------------------------------------
1323------------------------------------------------------------------------------------------------------------------------------------------------------------------------------------------------------------------------------------------------------------------------------------------------------------------------------------------------------------------------
1400------------------------------------------------------------------------------------------------------------------------------------------------------------------------------------------------------------------------------------------------------------------------------------------------------------------------------------------------------------------------
1401------------------------------------------------------------------------------------------------------------------------------------------------------------------------------------------------------------------------------------------------------------------------------------------------------------------------------------------------------------------------
1402------------------------------------------------------------------------------------------------------------------------------------------------------------------------------------------------------------------------------------------------------------------------------------------------------------------------------------------------------------------------
1403------------------------------------------------------------------------------------------------------------------------------------------------------------------------------------------------------------------------------------------------------------------------------------------------------------------------------------------------------------------------
1404------------------------------------------------------------------------------------------------------------------------------------------------------------------------------------------------------------------------------------------------------------------------------------------------------------------------------------------------------------------------
1405------------------------------------------------------------------------------------------------------------------------------------------------------------------------------------------------------------------------------------------------------------------------------------------------------------------------------------------------------------------------
1406------------------------------------------------------------------------------------------------------------------------------------------------------------------------------------------------------------------------------------------------------------------------------------------------------------------------------------------------------------------------
1407------------------------------------------------------------------------------------------------------------------------------------------------------------------------------------------------------------------------------------------------------------------------------------------------------------------------------------------------------------------------
1408------------------------------------------------------------------------------------------------------------------------------------------------------------------------------------------------------------------------------------------------------------------------------------------------------------------------------------------------------------------------
1409------------------------------------------------------------------------------------------------------------------------------------------------------------------------------------------------------------------------------------------------------------------------------------------------------------------------------------------------------------------------
1410------------------------------------------------------------------------------------------------------------------------------------------------------------------------------------------------------------------------------------------------------------------------------------------------------------------------------------------------------------------------
1411------------------------------------------------------------------------------------------------------------------------------------------------------------------------------------------------------------------------------------------------------------------------------------------------------------------------------------------------------------------------
1412------------------------------------------------------------------------------------------------------------------------------------------------------------------------------------------------------------------------------------------------------------------------------------------------------------------------------------------------------------------------
1413------------------------------------------------------------------------------------------------------------------------------------------------------------------------------------------------------------------------------------------------------------------------------------------------------------------------------------------------------------------------
1414------------------------------------------------------------------------------------------------------------------------------------------------------------------------------------------------------------------------------------------------------------------------------------------------------------------------------------------------------------------------
1415------------------------------------------------------------------------------------------------------------------------------------------------------------------------------------------------------------------------------------------------------------------------------------------------------------------------------------------------------------------------
1416------------------------------------------------------------------------------------------------------------------------------------------------------------------------------------------------------------------------------------------------------------------------------------------------------------------------------------------------------------------------
1417------------------------------------------------------------------------------------------------------------------------------------------------------------------------------------------------------------------------------------------------------------------------------------------------------------------------------------------------------------------------
1418------------------------------------------------------------------------------------------------------------------------------------------------------------------------------------------------------------------------------------------------------------------------------------------------------------------------------------------------------------------------
1419------------------------------------------------------------------------------------------------------------------------------------------------------------------------------------------------------------------------------------------------------------------------------------------------------------------------------------------------------------------------
1420------------------------------------------------------------------------------------------------------------------------------------------------------------------------------------------------------------------------------------------------------------------------------------------------------------------------------------------------------------------------
1421------------------------------------------------------------------------------------------------------------------------------------------------------------------------------------------------------------------------------------------------------------------------------------------------------------------------------------------------------------------------
1422------------------------------------------------------------------------------------------------------------------------------------------------------------------------------------------------------------------------------------------------------------------------------------------------------------------------------------------------------------------------
1423------------------------------------------------------------------------------------------------------------------------------------------------------------------------------------------------------------------------------------------------------------------------------------------------------------------------------------------------------------------------
1500------------------------------------------------------------------------------------------------------------------------------------------------------------------------------------------------------------------------------------------------------------------------------------------------------------------------------------------------------------------------
1501------------------------------------------------------------------------------------------------------------------------------------------------------------------------------------------------------------------------------------------------------------------------------------------------------------------------------------------------------------------------
1502------------------------------------------------------------------------------------------------------------------------------------------------------------------------------------------------------------------------------------------------------------------------------------------------------------------------------------------------------------------------
1503------------------------------------------------------------------------------------------------------------------------------------------------------------------------------------------------------------------------------------------------------------------------------------------------------------------------------------------------------------------------
1504------------------------------------------------------------------------------------------------------------------------------------------------------------------------------------------------------------------------------------------------------------------------------------------------------------------------------------------------------------------------
1505------------------------------------------------------------------------------------------------------------------------------------------------------------------------------------------------------------------------------------------------------------------------------------------------------------------------------------------------------------------------
1506------------------------------------------------------------------------------------------------------------------------------------------------------------------------------------------------------------------------------------------------------------------------------------------------------------------------------------------------------------------------
1507------------------------------------------------------------------------------------------------------------------------------------------------------------------------------------------------------------------------------------------------------------------------------------------------------------------------------------------------------------------------
1508------------------------------------------------------------------------------------------------------------------------------------------------------------------------------------------------------------------------------------------------------------------------------------------------------------------------------------------------------------------------
1509------------------------------------------------------------------------------------------------------------------------------------------------------------------------------------------------------------------------------------------------------------------------------------------------------------------------------------------------------------------------
1510------------------------------------------------------------------------------------------------------------------------------------------------------------------------------------------------------------------------------------------------------------------------------------------------------------------------------------------------------------------------
1511------------------------------------------------------------------------------------------------------------------------------------------------------------------------------------------------------------------------------------------------------------------------------------------------------------------------------------------------------------------------
1512------------------------------------------------------------------------------------------------------------------------------------------------------------------------------------------------------------------------------------------------------------------------------------------------------------------------------------------------------------------------
1513------------------------------------------------------------------------------------------------------------------------------------------------------------------------------------------------------------------------------------------------------------------------------------------------------------------------------------------------------------------------
1514------------------------------------------------------------------------------------------------------------------------------------------------------------------------------------------------------------------------------------------------------------------------------------------------------------------------------------------------------------------------
1515------------------------------------------------------------------------------------------------------------------------------------------------------------------------------------------------------------------------------------------------------------------------------------------------------------------------------------------------------------------------
1516------------------------------------------------------------------------------------------------------------------------------------------------------------------------------------------------------------------------------------------------------------------------------------------------------------------------------------------------------------------------
1517------------------------------------------------------------------------------------------------------------------------------------------------------------------------------------------------------------------------------------------------------------------------------------------------------------------------------------------------------------------------
1518------------------------------------------------------------------------------------------------------------------------------------------------------------------------------------------------------------------------------------------------------------------------------------------------------------------------------------------------------------------------
1519------------------------------------------------------------------------------------------------------------------------------------------------------------------------------------------------------------------------------------------------------------------------------------------------------------------------------------------------------------------------
1520------------------------------------------------------------------------------------------------------------------------------------------------------------------------------------------------------------------------------------------------------------------------------------------------------------------------------------------------------------------------
1521------------------------------------------------------------------------------------------------------------------------------------------------------------------------------------------------------------------------------------------------------------------------------------------------------------------------------------------------------------------------
1522------------------------------------------------------------------------------------------------------------------------------------------------------------------------------------------------------------------------------------------------------------------------------------------------------------------------------------------------------------------------
1523------------------------------------------------------------------------------------------------------------------------------------------------------------------------------------------------------------------------------------------------------------------------------------------------------------------------------------------------------------------------
1600------------------------------------------------------------------------------------------------------------------------------------------------------------------------------------------------------------------------------------------------------------------------------------------------------------------------------------------------------------------------
1601------------------------------------------------------------------------------------------------------------------------------------------------------------------------------------------------------------------------------------------------------------------------------------------------------------------------------------------------------------------------
1602------------------------------------------------------------------------------------------------------------------------------------------------------------------------------------------------------------------------------------------------------------------------------------------------------------------------------------------------------------------------
1603------------------------------------------------------------------------------------------------------------------------------------------------------------------------------------------------------------------------------------------------------------------------------------------------------------------------------------------------------------------------
1604------------------------------------------------------------------------------------------------------------------------------------------------------------------------------------------------------------------------------------------------------------------------------------------------------------------------------------------------------------------------
1605------------------------------------------------------------------------------------------------------------------------------------------------------------------------------------------------------------------------------------------------------------------------------------------------------------------------------------------------------------------------
1606------------------------------------------------------------------------------------------------------------------------------------------------------------------------------------------------------------------------------------------------------------------------------------------------------------------------------------------------------------------------
1607------------------------------------------------------------------------------------------------------------------------------------------------------------------------------------------------------------------------------------------------------------------------------------------------------------------------------------------------------------------------
1608------------------------------------------------------------------------------------------------------------------------------------------------------------------------------------------------------------------------------------------------------------------------------------------------------------------------------------------------------------------------
1609------------------------------------------------------------------------------------------------------------------------------------------------------------------------------------------------------------------------------------------------------------------------------------------------------------------------------------------------------------------------
1610------------------------------------------------------------------------------------------------------------------------------------------------------------------------------------------------------------------------------------------------------------------------------------------------------------------------------------------------------------------------
1611------------------------------------------------------------------------------------------------------------------------------------------------------------------------------------------------------------------------------------------------------------------------------------------------------------------------------------------------------------------------
1612------------------------------------------------------------------------------------------------------------------------------------------------------------------------------------------------------------------------------------------------------------------------------------------------------------------------------------------------------------------------
1613------------------------------------------------------------------------------------------------------------------------------------------------------------------------------------------------------------------------------------------------------------------------------------------------------------------------------------------------------------------------
1614------------------------------------------------------------------------------------------------------------------------------------------------------------------------------------------------------------------------------------------------------------------------------------------------------------------------------------------------------------------------
1615------------------------------------------------------------------------------------------------------------------------------------------------------------------------------------------------------------------------------------------------------------------------------------------------------------------------------------------------------------------------
1616------------------------------------------------------------------------------------------------------------------------------------------------------------------------------------------------------------------------------------------------------------------------------------------------------------------------------------------------------------------------
1617------------------------------------------------------------------------------------------------------------------------------------------------------------------------------------------------------------------------------------------------------------------------------------------------------------------------------------------------------------------------
1618------------------------------------------------------------------------------------------------------------------------------------------------------------------------------------------------------------------------------------------------------------------------------------------------------------------------------------------------------------------------
1619------------------------------------------------------------------------------------------------------------------------------------------------------------------------------------------------------------------------------------------------------------------------------------------------------------------------------------------------------------------------
1620------------------------------------------------------------------------------------------------------------------------------------------------------------------------------------------------------------------------------------------------------------------------------------------------------------------------------------------------------------------------
1621------------------------------------------------------------------------------------------------------------------------------------------------------------------------------------------------------------------------------------------------------------------------------------------------------------------------------------------------------------------------
1622------------------------------------------------------------------------------------------------------------------------------------------------------------------------------------------------------------------------------------------------------------------------------------------------------------------------------------------------------------------------
1623------------------------------------------------------------------------------------------------------------------------------------------------------------------------------------------------------------------------------------------------------------------------------------------------------------------------------------------------------------------------
1700------------------------------------------------------------------------------------------------------------------------------------------------------------------------------------------------------------------------------------------------------------------------------------------------------------------------------------------------------------------------
1701------------------------------------------------------------------------------------------------------------------------------------------------------------------------------------------------------------------------------------------------------------------------------------------------------------------------------------------------------------------------
1702------------------------------------------------------------------------------------------------------------------------------------------------------------------------------------------------------------------------------------------------------------------------------------------------------------------------------------------------------------------------
1703------------------------------------------------------------------------------------------------------------------------------------------------------------------------------------------------------------------------------------------------------------------------------------------------------------------------------------------------------------------------
1704------------------------------------------------------------------------------------------------------------------------------------------------------------------------------------------------------------------------------------------------------------------------------------------------------------------------------------------------------------------------
1705------------------------------------------------------------------------------------------------------------------------------------------------------------------------------------------------------------------------------------------------------------------------------------------------------------------------------------------------------------------------
1706------------------------------------------------------------------------------------------------------------------------------------------------------------------------------------------------------------------------------------------------------------------------------------------------------------------------------------------------------------------------
1707------------------------------------------------------------------------------------------------------------------------------------------------------------------------------------------------------------------------------------------------------------------------------------------------------------------------------------------------------------------------
1708------------------------------------------------------------------------------------------------------------------------------------------------------------------------------------------------------------------------------------------------------------------------------------------------------------------------------------------------------------------------
1709------------------------------------------------------------------------------------------------------------------------------------------------------------------------------------------------------------------------------------------------------------------------------------------------------------------------------------------------------------------------
1710------------------------------------------------------------------------------------------------------------------------------------------------------------------------------------------------------------------------------------------------------------------------------------------------------------------------------------------------------------------------
1711------------------------------------------------------------------------------------------------------------------------------------------------------------------------------------------------------------------------------------------------------------------------------------------------------------------------------------------------------------------------
1712------------------------------------------------------------------------------------------------------------------------------------------------------------------------------------------------------------------------------------------------------------------------------------------------------------------------------------------------------------------------
1713------------------------------------------------------------------------------------------------------------------------------------------------------------------------------------------------------------------------------------------------------------------------------------------------------------------------------------------------------------------------
1714------------------------------------------------------------------------------------------------------------------------------------------------------------------------------------------------------------------------------------------------------------------------------------------------------------------------------------------------------------------------
1715------------------------------------------------------------------------------------------------------------------------------------------------------------------------------------------------------------------------------------------------------------------------------------------------------------------------------------------------------------------------
1716------------------------------------------------------------------------------------------------------------------------------------------------------------------------------------------------------------------------------------------------------------------------------------------------------------------------------------------------------------------------
1717------------------------------------------------------------------------------------------------------------------------------------------------------------------------------------------------------------------------------------------------------------------------------------------------------------------------------------------------------------------------
1718------------------------------------------------------------------------------------------------------------------------------------------------------------------------------------------------------------------------------------------------------------------------------------------------------------------------------------------------------------------------
1719------------------------------------------------------------------------------------------------------------------------------------------------------------------------------------------------------------------------------------------------------------------------------------------------------------------------------------------------------------------------
1720------------------------------------------------------------------------------------------------------------------------------------------------------------------------------------------------------------------------------------------------------------------------------------------------------------------------------------------------------------------------
1721------------------------------------------------------------------------------------------------------------------------------------------------------------------------------------------------------------------------------------------------------------------------------------------------------------------------------------------------------------------------
1722------------------------------------------------------------------------------------------------------------------------------------------------------------------------------------------------------------------------------------------------------------------------------------------------------------------------------------------------------------------------
1723------------------------------------------------------------------------------------------------------------------------------------------------------------------------------------------------------------------------------------------------------------------------------------------------------------------------------------------------------------------------
1800------------------------------------------------------------------------------------------------------------------------------------------------------------------------------------------------------------------------------------------------------------------------------------------------------------------------------------------------------------------------
1801------------------------------------------------------------------------------------------------------------------------------------------------------------------------------------------------------------------------------------------------------------------------------------------------------------------------------------------------------------------------
1802------------------------------------------------------------------------------------------------------------------------------------------------------------------------------------------------------------------------------------------------------------------------------------------------------------------------------------------------------------------------
1803------------------------------------------------------------------------------------------------------------------------------------------------------------------------------------------------------------------------------------------------------------------------------------------------------------------------------------------------------------------------
1804------------------------------------------------------------------------------------------------------------------------------------------------------------------------------------------------------------------------------------------------------------------------------------------------------------------------------------------------------------------------
1805------------------------------------------------------------------------------------------------------------------------------------------------------------------------------------------------------------------------------------------------------------------------------------------------------------------------------------------------------------------------
1806------------------------------------------------------------------------------------------------------------------------------------------------------------------------------------------------------------------------------------------------------------------------------------------------------------------------------------------------------------------------
1807------------------------------------------------------------------------------------------------------------------------------------------------------------------------------------------------------------------------------------------------------------------------------------------------------------------------------------------------------------------------
1808------------------------------------------------------------------------------------------------------------------------------------------------------------------------------------------------------------------------------------------------------------------------------------------------------------------------------------------------------------------------
1809------------------------------------------------------------------------------------------------------------------------------------------------------------------------------------------------------------------------------------------------------------------------------------------------------------------------------------------------------------------------
1810------------------------------------------------------------------------------------------------------------------------------------------------------------------------------------------------------------------------------------------------------------------------------------------------------------------------------------------------------------------------
1811------------------------------------------------------------------------------------------------------------------------------------------------------------------------------------------------------------------------------------------------------------------------------------------------------------------------------------------------------------------------
1812------------------------------------------------------------------------------------------------------------------------------------------------------------------------------------------------------------------------------------------------------------------------------------------------------------------------------------------------------------------------
1813------------------------------------------------------------------------------------------------------------------------------------------------------------------------------------------------------------------------------------------------------------------------------------------------------------------------------------------------------------------------
1814------------------------------------------------------------------------------------------------------------------------------------------------------------------------------------------------------------------------------------------------------------------------------------------------------------------------------------------------------------------------
1815------------------------------------------------------------------------------------------------------------------------------------------------------------------------------------------------------------------------------------------------------------------------------------------------------------------------------------------------------------------------
1816------------------------------------------------------------------------------------------------------------------------------------------------------------------------------------------------------------------------------------------------------------------------------------------------------------------------------------------------------------------------
1817------------------------------------------------------------------------------------------------------------------------------------------------------------------------------------------------------------------------------------------------------------------------------------------------------------------------------------------------------------------------
1818------------------------------------------------------------------------------------------------------------------------------------------------------------------------------------------------------------------------------------------------------------------------------------------------------------------------------------------------------------------------
1819------------------------------------------------------------------------------------------------------------------------------------------------------------------------------------------------------------------------------------------------------------------------------------------------------------------------------------------------------------------------
1820------------------------------------------------------------------------------------------------------------------------------------------------------------------------------------------------------------------------------------------------------------------------------------------------------------------------------------------------------------------------
1821------------------------------------------------------------------------------------------------------------------------------------------------------------------------------------------------------------------------------------------------------------------------------------------------------------------------------------------------------------------------
1822------------------------------------------------------------------------------------------------------------------------------------------------------------------------------------------------------------------------------------------------------------------------------------------------------------------------------------------------------------------------
1823------------------------------------------------------------------------------------------------------------------------------------------------------------------------------------------------------------------------------------------------------------------------------------------------------------------------------------------------------------------------
1900------------------------------------------------------------------------------------------------------------------------------------------------------------------------------------------------------------------------------------------------------------------------------------------------------------------------------------------------------------------------
1901------------------------------------------------------------------------------------------------------------------------------------------------------------------------------------------------------------------------------------------------------------------------------------------------------------------------------------------------------------------------
1902------------------------------------------------------------------------------------------------------------------------------------------------------------------------------------------------------------------------------------------------------------------------------------------------------------------------------------------------------------------------
1903------------------------------------------------------------------------------------------------------------------------------------------------------------------------------------------------------------------------------------------------------------------------------------------------------------------------------------------------------------------------
1904------------------------------------------------------------------------------------------------------------------------------------------------------------------------------------------------------------------------------------------------------------------------------------------------------------------------------------------------------------------------
1905------------------------------------------------------------------------------------------------------------------------------------------------------------------------------------------------------------------------------------------------------------------------------------------------------------------------------------------------------------------------
1906------------------------------------------------------------------------------------------------------------------------------------------------------------------------------------------------------------------------------------------------------------------------------------------------------------------------------------------------------------------------
1907------------------------------------------------------------------------------------------------------------------------------------------------------------------------------------------------------------------------------------------------------------------------------------------------------------------------------------------------------------------------
1908------------------------------------------------------------------------------------------------------------------------------------------------------------------------------------------------------------------------------------------------------------------------------------------------------------------------------------------------------------------------
1909------------------------------------------------------------------------------------------------------------------------------------------------------------------------------------------------------------------------------------------------------------------------------------------------------------------------------------------------------------------------
1910------------------------------------------------------------------------------------------------------------------------------------------------------------------------------------------------------------------------------------------------------------------------------------------------------------------------------------------------------------------------
1911------------------------------------------------------------------------------------------------------------------------------------------------------------------------------------------------------------------------------------------------------------------------------------------------------------------------------------------------------------------------
1912------------------------------------------------------------------------------------------------------------------------------------------------------------------------------------------------------------------------------------------------------------------------------------------------------------------------------------------------------------------------
1913------------------------------------------------------------------------------------------------------------------------------------------------------------------------------------------------------------------------------------------------------------------------------------------------------------------------------------------------------------------------
1914------------------------------------------------------------------------------------------------------------------------------------------------------------------------------------------------------------------------------------------------------------------------------------------------------------------------------------------------------------------------
1915------------------------------------------------------------------------------------------------------------------------------------------------------------------------------------------------------------------------------------------------------------------------------------------------------------------------------------------------------------------------
1916------------------------------------------------------------------------------------------------------------------------------------------------------------------------------------------------------------------------------------------------------------------------------------------------------------------------------------------------------------------------
1917------------------------------------------------------------------------------------------------------------------------------------------------------------------------------------------------------------------------------------------------------------------------------------------------------------------------------------------------------------------------
1918------------------------------------------------------------------------------------------------------------------------------------------------------------------------------------------------------------------------------------------------------------------------------------------------------------------------------------------------------------------------
1919------------------------------------------------------------------------------------------------------------------------------------------------------------------------------------------------------------------------------------------------------------------------------------------------------------------------------------------------------------------------
1920------------------------------------------------------------------------------------------------------------------------------------------------------------------------------------------------------------------------------------------------------------------------------------------------------------------------------------------------------------------------
1921------------------------------------------------------------------------------------------------------------------------------------------------------------------------------------------------------------------------------------------------------------------------------------------------------------------------------------------------------------------------
1922------------------------------------------------------------------------------------------------------------------------------------------------------------------------------------------------------------------------------------------------------------------------------------------------------------------------------------------------------------------------
1923------------------------------------------------------------------------------------------------------------------------------------------------------------------------------------------------------------------------------------------------------------------------------------------------------------------------------------------------------------------------
2000------------------------------------------------------------------------------------------------------------------------------------------------------------------------------------------------------------------------------------------------------------------------------------------------------------------------------------------------------------------------
2001------------------------------------------------------------------------------------------------------------------------------------------------------------------------------------------------------------------------------------------------------------------------------------------------------------------------------------------------------------------------
2002------------------------------------------------------------------------------------------------------------------------------------------------------------------------------------------------------------------------------------------------------------------------------------------------------------------------------------------------------------------------
2003------------------------------------------------------------------------------------------------------------------------------------------------------------------------------------------------------------------------------------------------------------------------------------------------------------------------------------------------------------------------
2004------------------------------------------------------------------------------------------------------------------------------------------------------------------------------------------------------------------------------------------------------------------------------------------------------------------------------------------------------------------------
2005------------------------------------------------------------------------------------------------------------------------------------------------------------------------------------------------------------------------------------------------------------------------------------------------------------------------------------------------------------------------
2006------------------------------------------------------------------------------------------------------------------------------------------------------------------------------------------------------------------------------------------------------------------------------------------------------------------------------------------------------------------------
2007------------------------------------------------------------------------------------------------------------------------------------------------------------------------------------------------------------------------------------------------------------------------------------------------------------------------------------------------------------------------
2008------------------------------------------------------------------------------------------------------------------------------------------------------------------------------------------------------------------------------------------------------------------------------------------------------------------------------------------------------------------------
2009------------------------------------------------------------------------------------------------------------------------------------------------------------------------------------------------------------------------------------------------------------------------------------------------------------------------------------------------------------------------
2010------------------------------------------------------------------------------------------------------------------------------------------------------------------------------------------------------------------------------------------------------------------------------------------------------------------------------------------------------------------------
2011------------------------------------------------------------------------------------------------------------------------------------------------------------------------------------------------------------------------------------------------------------------------------------------------------------------------------------------------------------------------
2012------------------------------------------------------------------------------------------------------------------------------------------------------------------------------------------------------------------------------------------------------------------------------------------------------------------------------------------------------------------------
2013------------------------------------------------------------------------------------------------------------------------------------------------------------------------------------------------------------------------------------------------------------------------------------------------------------------------------------------------------------------------
2014------------------------------------------------------------------------------------------------------------------------------------------------------------------------------------------------------------------------------------------------------------------------------------------------------------------------------------------------------------------------
2015------------------------------------------------------------------------------------------------------------------------------------------------------------------------------------------------------------------------------------------------------------------------------------------------------------------------------------------------------------------------
2016------------------------------------------------------------------------------------------------------------------------------------------------------------------------------------------------------------------------------------------------------------------------------------------------------------------------------------------------------------------------
2017------------------------------------------------------------------------------------------------------------------------------------------------------------------------------------------------------------------------------------------------------------------------------------------------------------------------------------------------------------------------
2018------------------------------------------------------------------------------------------------------------------------------------------------------------------------------------------------------------------------------------------------------------------------------------------------------------------------------------------------------------------------
2019------------------------------------------------------------------------------------------------------------------------------------------------------------------------------------------------------------------------------------------------------------------------------------------------------------------------------------------------------------------------
2020------------------------------------------------------------------------------------------------------------------------------------------------------------------------------------------------------------------------------------------------------------------------------------------------------------------------------------------------------------------------
2021------------------------------------------------------------------------------------------------------------------------------------------------------------------------------------------------------------------------------------------------------------------------------------------------------------------------------------------------------------------------
2022------------------------------------------------------------------------------------------------------------------------------------------------------------------------------------------------------------------------------------------------------------------------------------------------------------------------------------------------------------------------
2023------------------------------------------------------------------------------------------------------------------------------------------------------------------------------------------------------------------------------------------------------------------------------------------------------------------------------------------------------------------------
2100------------------------------------------------------------------------------------------------------------------------------------------------------------------------------------------------------------------------------------------------------------------------------------------------------------------------------------------------------------------------
2101------------------------------------------------------------------------------------------------------------------------------------------------------------------------------------------------------------------------------------------------------------------------------------------------------------------------------------------------------------------------
2102------------------------------------------------------------------------------------------------------------------------------------------------------------------------------------------------------------------------------------------------------------------------------------------------------------------------------------------------------------------------
2103------------------------------------------------------------------------------------------------------------------------------------------------------------------------------------------------------------------------------------------------------------------------------------------------------------------------------------------------------------------------
2104------------------------------------------------------------------------------------------------------------------------------------------------------------------------------------------------------------------------------------------------------------------------------------------------------------------------------------------------------------------------
2105------------------------------------------------------------------------------------------------------------------------------------------------------------------------------------------------------------------------------------------------------------------------------------------------------------------------------------------------------------------------
2106------------------------------------------------------------------------------------------------------------------------------------------------------------------------------------------------------------------------------------------------------------------------------------------------------------------------------------------------------------------------
2107------------------------------------------------------------------------------------------------------------------------------------------------------------------------------------------------------------------------------------------------------------------------------------------------------------------------------------------------------------------------
2108------------------------------------------------------------------------------------------------------------------------------------------------------------------------------------------------------------------------------------------------------------------------------------------------------------------------------------------------------------------------
2109------------------------------------------------------------------------------------------------------------------------------------------------------------------------------------------------------------------------------------------------------------------------------------------------------------------------------------------------------------------------
2110------------------------------------------------------------------------------------------------------------------------------------------------------------------------------------------------------------------------------------------------------------------------------------------------------------------------------------------------------------------------
2111------------------------------------------------------------------------------------------------------------------------------------------------------------------------------------------------------------------------------------------------------------------------------------------------------------------------------------------------------------------------
2112------------------------------------------------------------------------------------------------------------------------------------------------------------------------------------------------------------------------------------------------------------------------------------------------------------------------------------------------------------------------
2113------------------------------------------------------------------------------------------------------------------------------------------------------------------------------------------------------------------------------------------------------------------------------------------------------------------------------------------------------------------------
2114------------------------------------------------------------------------------------------------------------------------------------------------------------------------------------------------------------------------------------------------------------------------------------------------------------------------------------------------------------------------
2115------------------------------------------------------------------------------------------------------------------------------------------------------------------------------------------------------------------------------------------------------------------------------------------------------------------------------------------------------------------------
2116------------------------------------------------------------------------------------------------------------------------------------------------------------------------------------------------------------------------------------------------------------------------------------------------------------------------------------------------------------------------
2117------------------------------------------------------------------------------------------------------------------------------------------------------------------------------------------------------------------------------------------------------------------------------------------------------------------------------------------------------------------------
2118------------------------------------------------------------------------------------------------------------------------------------------------------------------------------------------------------------------------------------------------------------------------------------------------------------------------------------------------------------------------
2119------------------------------------------------------------------------------------------------------------------------------------------------------------------------------------------------------------------------------------------------------------------------------------------------------------------------------------------------------------------------
2120------------------------------------------------------------------------------------------------------------------------------------------------------------------------------------------------------------------------------------------------------------------------------------------------------------------------------------------------------------------------
2121------------------------------------------------------------------------------------------------------------------------------------------------------------------------------------------------------------------------------------------------------------------------------------------------------------------------------------------------------------------------
2122------------------------------------------------------------------------------------------------------------------------------------------------------------------------------------------------------------------------------------------------------------------------------------------------------------------------------------------------------------------------
2123------------------------------------------------------------------------------------------------------------------------------------------------------------------------------------------------------------------------------------------------------------------------------------------------------------------------------------------------------------------------
2200------------------------------------------------------------------------------------------------------------------------------------------------------------------------------------------------------------------------------------------------------------------------------------------------------------------------------------------------------------------------
2201------------------------------------------------------------------------------------------------------------------------------------------------------------------------------------------------------------------------------------------------------------------------------------------------------------------------------------------------------------------------
2202------------------------------------------------------------------------------------------------------------------------------------------------------------------------------------------------------------------------------------------------------------------------------------------------------------------------------------------------------------------------
2203------------------------------------------------------------------------------------------------------------------------------------------------------------------------------------------------------------------------------------------------------------------------------------------------------------------------------------------------------------------------
2204------------------------------------------------------------------------------------------------------------------------------------------------------------------------------------------------------------------------------------------------------------------------------------------------------------------------------------------------------------------------
2205------------------------------------------------------------------------------------------------------------------------------------------------------------------------------------------------------------------------------------------------------------------------------------------------------------------------------------------------------------------------
2206------------------------------------------------------------------------------------------------------------------------------------------------------------------------------------------------------------------------------------------------------------------------------------------------------------------------------------------------------------------------
2207------------------------------------------------------------------------------------------------------------------------------------------------------------------------------------------------------------------------------------------------------------------------------------------------------------------------------------------------------------------------
2208------------------------------------------------------------------------------------------------------------------------------------------------------------------------------------------------------------------------------------------------------------------------------------------------------------------------------------------------------------------------
2209------------------------------------------------------------------------------------------------------------------------------------------------------------------------------------------------------------------------------------------------------------------------------------------------------------------------------------------------------------------------
2210------------------------------------------------------------------------------------------------------------------------------------------------------------------------------------------------------------------------------------------------------------------------------------------------------------------------------------------------------------------------
2211------------------------------------------------------------------------------------------------------------------------------------------------------------------------------------------------------------------------------------------------------------------------------------------------------------------------------------------------------------------------
2212------------------------------------------------------------------------------------------------------------------------------------------------------------------------------------------------------------------------------------------------------------------------------------------------------------------------------------------------------------------------
2213------------------------------------------------------------------------------------------------------------------------------------------------------------------------------------------------------------------------------------------------------------------------------------------------------------------------------------------------------------------------
2214------------------------------------------------------------------------------------------------------------------------------------------------------------------------------------------------------------------------------------------------------------------------------------------------------------------------------------------------------------------------
2215------------------------------------------------------------------------------------------------------------------------------------------------------------------------------------------------------------------------------------------------------------------------------------------------------------------------------------------------------------------------
2216------------------------------------------------------------------------------------------------------------------------------------------------------------------------------------------------------------------------------------------------------------------------------------------------------------------------------------------------------------------------
2217------------------------------------------------------------------------------------------------------------------------------------------------------------------------------------------------------------------------------------------------------------------------------------------------------------------------------------------------------------------------
2218------------------------------------------------------------------------------------------------------------------------------------------------------------------------------------------------------------------------------------------------------------------------------------------------------------------------------------------------------------------------
2219------------------------------------------------------------------------------------------------------------------------------------------------------------------------------------------------------------------------------------------------------------------------------------------------------------------------------------------------------------------------
2220------------------------------------------------------------------------------------------------------------------------------------------------------------------------------------------------------------------------------------------------------------------------------------------------------------------------------------------------------------------------
2221------------------------------------------------------------------------------------------------------------------------------------------------------------------------------------------------------------------------------------------------------------------------------------------------------------------------------------------------------------------------
2222------------------------------------------------------------------------------------------------------------------------------------------------------------------------------------------------------------------------------------------------------------------------------------------------------------------------------------------------------------------------
2223------------------------------------------------------------------------------------------------------------------------------------------------------------------------------------------------------------------------------------------------------------------------------------------------------------------------------------------------------------------------
2300------------------------------------------------------------------------------------------------------------------------------------------------------------------------------------------------------------------------------------------------------------------------------------------------------------------------------------------------------------------------
2301------------------------------------------------------------------------------------------------------------------------------------------------------------------------------------------------------------------------------------------------------------------------------------------------------------------------------------------------------------------------
2302------------------------------------------------------------------------------------------------------------------------------------------------------------------------------------------------------------------------------------------------------------------------------------------------------------------------------------------------------------------------
2303------------------------------------------------------------------------------------------------------------------------------------------------------------------------------------------------------------------------------------------------------------------------------------------------------------------------------------------------------------------------
2304------------------------------------------------------------------------------------------------------------------------------------------------------------------------------------------------------------------------------------------------------------------------------------------------------------------------------------------------------------------------
2305------------------------------------------------------------------------------------------------------------------------------------------------------------------------------------------------------------------------------------------------------------------------------------------------------------------------------------------------------------------------
2306------------------------------------------------------------------------------------------------------------------------------------------------------------------------------------------------------------------------------------------------------------------------------------------------------------------------------------------------------------------------
2307------------------------------------------------------------------------------------------------------------------------------------------------------------------------------------------------------------------------------------------------------------------------------------------------------------------------------------------------------------------------
2308------------------------------------------------------------------------------------------------------------------------------------------------------------------------------------------------------------------------------------------------------------------------------------------------------------------------------------------------------------------------
2309------------------------------------------------------------------------------------------------------------------------------------------------------------------------------------------------------------------------------------------------------------------------------------------------------------------------------------------------------------------------
2310------------------------------------------------------------------------------------------------------------------------------------------------------------------------------------------------------------------------------------------------------------------------------------------------------------------------------------------------------------------------
2311------------------------------------------------------------------------------------------------------------------------------------------------------------------------------------------------------------------------------------------------------------------------------------------------------------------------------------------------------------------------
2312------------------------------------------------------------------------------------------------------------------------------------------------------------------------------------------------------------------------------------------------------------------------------------------------------------------------------------------------------------------------
2313------------------------------------------------------------------------------------------------------------------------------------------------------------------------------------------------------------------------------------------------------------------------------------------------------------------------------------------------------------------------
2314------------------------------------------------------------------------------------------------------------------------------------------------------------------------------------------------------------------------------------------------------------------------------------------------------------------------------------------------------------------------
2315------------------------------------------------------------------------------------------------------------------------------------------------------------------------------------------------------------------------------------------------------------------------------------------------------------------------------------------------------------------------
2316------------------------------------------------------------------------------------------------------------------------------------------------------------------------------------------------------------------------------------------------------------------------------------------------------------------------------------------------------------------------
2317------------------------------------------------------------------------------------------------------------------------------------------------------------------------------------------------------------------------------------------------------------------------------------------------------------------------------------------------------------------------
2318------------------------------------------------------------------------------------------------------------------------------------------------------------------------------------------------------------------------------------------------------------------------------------------------------------------------------------------------------------------------
2319------------------------------------------------------------------------------------------------------------------------------------------------------------------------------------------------------------------------------------------------------------------------------------------------------------------------------------------------------------------------
2320------------------------------------------------------------------------------------------------------------------------------------------------------------------------------------------------------------------------------------------------------------------------------------------------------------------------------------------------------------------------
2321------------------------------------------------------------------------------------------------------------------------------------------------------------------------------------------------------------------------------------------------------------------------------------------------------------------------------------------------------------------------
2322------------------------------------------------------------------------------------------------------------------------------------------------------------------------------------------------------------------------------------------------------------------------------------------------------------------------------------------------------------------------
2323------------------------------------------------------------------------------------------------------------------------------------------------------------------------------------------------------------------------------------------------------------------------------------------------------------------------------------------------------------------------
2400------------------------------------------------------------------------------------------------------------------------------------------------------------------------------------------------------------------------------------------------------------------------------------------------------------------------------------------------------------------------
2401------------------------------------------------------------------------------------------------------------------------------------------------------------------------------------------------------------------------------------------------------------------------------------------------------------------------------------------------------------------------
2402------------------------------------------------------------------------------------------------------------------------------------------------------------------------------------------------------------------------------------------------------------------------------------------------------------------------------------------------------------------------
2403------------------------------------------------------------------------------------------------------------------------------------------------------------------------------------------------------------------------------------------------------------------------------------------------------------------------------------------------------------------------
2404------------------------------------------------------------------------------------------------------------------------------------------------------------------------------------------------------------------------------------------------------------------------------------------------------------------------------------------------------------------------
2405------------------------------------------------------------------------------------------------------------------------------------------------------------------------------------------------------------------------------------------------------------------------------------------------------------------------------------------------------------------------
2406------------------------------------------------------------------------------------------------------------------------------------------------------------------------------------------------------------------------------------------------------------------------------------------------------------------------------------------------------------------------
2407------------------------------------------------------------------------------------------------------------------------------------------------------------------------------------------------------------------------------------------------------------------------------------------------------------------------------------------------------------------------
2408------------------------------------------------------------------------------------------------------------------------------------------------------------------------------------------------------------------------------------------------------------------------------------------------------------------------------------------------------------------------
2409------------------------------------------------------------------------------------------------------------------------------------------------------------------------------------------------------------------------------------------------------------------------------------------------------------------------------------------------------------------------
2410------------------------------------------------------------------------------------------------------------------------------------------------------------------------------------------------------------------------------------------------------------------------------------------------------------------------------------------------------------------------
2411------------------------------------------------------------------------------------------------------------------------------------------------------------------------------------------------------------------------------------------------------------------------------------------------------------------------------------------------------------------------
2412------------------------------------------------------------------------------------------------------------------------------------------------------------------------------------------------------------------------------------------------------------------------------------------------------------------------------------------------------------------------
2413------------------------------------------------------------------------------------------------------------------------------------------------------------------------------------------------------------------------------------------------------------------------------------------------------------------------------------------------------------------------
2414------------------------------------------------------------------------------------------------------------------------------------------------------------------------------------------------------------------------------------------------------------------------------------------------------------------------------------------------------------------------
2415------------------------------------------------------------------------------------------------------------------------------------------------------------------------------------------------------------------------------------------------------------------------------------------------------------------------------------------------------------------------
2416------------------------------------------------------------------------------------------------------------------------------------------------------------------------------------------------------------------------------------------------------------------------------------------------------------------------------------------------------------------------
2417------------------------------------------------------------------------------------------------------------------------------------------------------------------------------------------------------------------------------------------------------------------------------------------------------------------------------------------------------------------------
2418------------------------------------------------------------------------------------------------------------------------------------------------------------------------------------------------------------------------------------------------------------------------------------------------------------------------------------------------------------------------
2419------------------------------------------------------------------------------------------------------------------------------------------------------------------------------------------------------------------------------------------------------------------------------------------------------------------------------------------------------------------------
2420------------------------------------------------------------------------------------------------------------------------------------------------------------------------------------------------------------------------------------------------------------------------------------------------------------------------------------------------------------------------
2421------------------------------------------------------------------------------------------------------------------------------------------------------------------------------------------------------------------------------------------------------------------------------------------------------------------------------------------------------------------------
2422------------------------------------------------------------------------------------------------------------------------------------------------------------------------------------------------------------------------------------------------------------------------------------------------------------------------------------------------------------------------
2423------------------------------------------------------------------------------------------------------------------------------------------------------------------------------------------------------------------------------------------------------------------------------------------------------------------------------------------------------------------------
2500------------------------------------------------------------------------------------------------------------------------------------------------------------------------------------------------------------------------------------------------------------------------------------------------------------------------------------------------------------------------
2501------------------------------------------------------------------------------------------------------------------------------------------------------------------------------------------------------------------------------------------------------------------------------------------------------------------------------------------------------------------------
2502------------------------------------------------------------------------------------------------------------------------------------------------------------------------------------------------------------------------------------------------------------------------------------------------------------------------------------------------------------------------
2503------------------------------------------------------------------------------------------------------------------------------------------------------------------------------------------------------------------------------------------------------------------------------------------------------------------------------------------------------------------------
2504------------------------------------------------------------------------------------------------------------------------------------------------------------------------------------------------------------------------------------------------------------------------------------------------------------------------------------------------------------------------
2505------------------------------------------------------------------------------------------------------------------------------------------------------------------------------------------------------------------------------------------------------------------------------------------------------------------------------------------------------------------------
2506------------------------------------------------------------------------------------------------------------------------------------------------------------------------------------------------------------------------------------------------------------------------------------------------------------------------------------------------------------------------
2507------------------------------------------------------------------------------------------------------------------------------------------------------------------------------------------------------------------------------------------------------------------------------------------------------------------------------------------------------------------------
2508------------------------------------------------------------------------------------------------------------------------------------------------------------------------------------------------------------------------------------------------------------------------------------------------------------------------------------------------------------------------
2509------------------------------------------------------------------------------------------------------------------------------------------------------------------------------------------------------------------------------------------------------------------------------------------------------------------------------------------------------------------------
2510------------------------------------------------------------------------------------------------------------------------------------------------------------------------------------------------------------------------------------------------------------------------------------------------------------------------------------------------------------------------
2511------------------------------------------------------------------------------------------------------------------------------------------------------------------------------------------------------------------------------------------------------------------------------------------------------------------------------------------------------------------------
2512------------------------------------------------------------------------------------------------------------------------------------------------------------------------------------------------------------------------------------------------------------------------------------------------------------------------------------------------------------------------
2513------------------------------------------------------------------------------------------------------------------------------------------------------------------------------------------------------------------------------------------------------------------------------------------------------------------------------------------------------------------------
2514------------------------------------------------------------------------------------------------------------------------------------------------------------------------------------------------------------------------------------------------------------------------------------------------------------------------------------------------------------------------
2515------------------------------------------------------------------------------------------------------------------------------------------------------------------------------------------------------------------------------------------------------------------------------------------------------------------------------------------------------------------------
2516------------------------------------------------------------------------------------------------------------------------------------------------------------------------------------------------------------------------------------------------------------------------------------------------------------------------------------------------------------------------
2517------------------------------------------------------------------------------------------------------------------------------------------------------------------------------------------------------------------------------------------------------------------------------------------------------------------------------------------------------------------------
2518------------------------------------------------------------------------------------------------------------------------------------------------------------------------------------------------------------------------------------------------------------------------------------------------------------------------------------------------------------------------
2519------------------------------------------------------------------------------------------------------------------------------------------------------------------------------------------------------------------------------------------------------------------------------------------------------------------------------------------------------------------------
2520------------------------------------------------------------------------------------------------------------------------------------------------------------------------------------------------------------------------------------------------------------------------------------------------------------------------------------------------------------------------
2521------------------------------------------------------------------------------------------------------------------------------------------------------------------------------------------------------------------------------------------------------------------------------------------------------------------------------------------------------------------------
2522------------------------------------------------------------------------------------------------------------------------------------------------------------------------------------------------------------------------------------------------------------------------------------------------------------------------------------------------------------------------
2523------------------------------------------------------------------------------------------------------------------------------------------------------------------------------------------------------------------------------------------------------------------------------------------------------------------------------------------------------------------------
2600------------------------------------------------------------------------------------------------------------------------------------------------------------------------------------------------------------------------------------------------------------------------------------------------------------------------------------------------------------------------
2601110 24110 31110 38110 32110 33110 35110 29110 28110 29110 29110 34110 39110 35110 34110 27110 29110 29110 21110 27110 27110 23110 19110 13110 14110 20110 22110 24110 22110 20110 25110 25110 20110 19110 23110 27110 24110 28110 25110 22110 23110 20110 20110 21110 27110 25110 17110 18110 18110 15110 23110 23110 16110 13110  9110  9110 10110 15110 17110 13110  9
2602110 11110 16110 16110 17110 19110 22110 23110 22110 17110 16110 18110 15110 13110 16110 16110 18110 21110 22110 21110 16110 19110 19110 12110 11110 11110 12110 18110 28110 28110 22110 18110 16110 16110 16110 17110 19110 23110 24110 26110 27110 28110 32110 32110 28110 27110 24110 24110 25110 29110 36110 32110 26110 27110 25110 29110 32110 26110 23110 21110 20
2603110 20110 23110 24110 19110 14110 18110 22110 21110 24110 20110 21110 24110 16110 18110 22110 16110 16110 18110 15110 17110 19110 21110 21110 23110 25110 21110 18110 18110 16110 14110 21110 25110 23110 26110 22110 19110 19110 14110 11110 13110 15110 15110 15110 12110 16110 20110 18110 18110 20110 17110 17110 18110 11110 18110 26110 20110 17110 20110 22110 19
2604------------------------------------------------------------------------------------------------------------------------------------------------------------------------------------------------------------------------------------------------------------------------------------------------------------------------------------------------------------------------
2605110  4110  4110  4110  6110  8110  9110  9110  9110  7110  3110  3110  6110  8110  7110  7110  7110  8110  9110 10110 13110 11110  8110  7110  8110  7110  7110 10110 11110 12110 14110 14110 11110  8110 11110 11110  8110  9110 11110 14110 18110 18110 14110 14110 17110 17110 14110 15110 18110 22110 20110 17110 17110 17110 17110 15110 17110 20110 17110 19110 23
2606110 19110 14110 12110 11110  9110 10110  9110 10110 10110  7110  6110  6110  6110  6110  6110  8110  9110  7110  5110  7110  8110  6110  5110  6110  7110  7110  7110  8110  9110 11110 13110 13110 14110 14110 12110 12110 12110 14110 13110 11110 11110  8110  8110 10110 10110  9110  8110  7110  9110 11110 11110 11110 11110 13110 13110 10110 10110 13110 12110 11
2607110 13110 14110 14110 14110 11110  7110  7110  8110 10110 11110 10110 13110 14110 11110 10110 11110 10110 13110 13110 11110  9110  8110  9110  7110  7110  7110  7110  9110 11110 11110  8110  6110  8110  8110  7110 10110 11110  9110  8110  7110  6110  8110  7110  6110  5110  5110  5110  4110  4110  5110  5110  5110  5110  5110  6110  7110  7110  8110  9110 11
2608110 10110  9110 10110 10110  9110  7110  6110  7110  8110  8110  8110  9110 10110 11110 12110 12110 12110 14110 11110  9110  9110  7110  8110  9110  9110 10110 13110 15110 12110 11110 10110  9110 13110 14110 12110 12110 11110 11110 13110 13110 10110  8110  7110  6110  6110  6110  7110  5110  5110  5110  5110  5110  5110  6110  7110  7110  7110  7110  6110  6
2609110  7110  6110  5110  4110  7110 10110  9110  9110 10110 10110  9110  8110  7110  5110  3110  3110  2  0  0  0  0  0  0  0  0  0  0  0  0110  1110  3110  4110  6110  7110  6110  5110  7110  9110  9110 10110 12110 11110 11110 12110 12110 14110 15110 14110 14110 14110 13110 12110 12110 13110 13110 13110 13110 15110 16110 13110 11110 13110 14110 15110 15110 14
2610110 13110 15110 16110 15110 14110 13110 13110 12110 11110 10110 10110 10110 11110 12110 11110 11110 12110 11110 11110 11110 10110 11110 12110 12110 13110 13110 12110 11110 10110 10110  9110  8110  8110 10110 10110 10110 10110 10110 10110  8110  7110  8110  8110  7110  7110  7110  7110  8110  8110  8110  8110  8110  8110  8110  8110 10110 10110 10110 10110  8
2611110  9110 11110 12110 11110 10110 10110  9110  8110  7110  6110  6110  7110  7110  7110  5110  5110  6110  8110  7110  8110  8110  7110  7110  8110  8110  9110  9110  8110  9110 10110  9110  9110  9110  9110 10110 10110  9110  9110 11110 12110 10110  9110  8110  8110  8110  9110  7110  7110  7110  7110  8110  9110 10110 10110  9110  9110  9110  9110 10110 11
2612110 12110 13110 12110 13110 13110 13110 12110 11110 12110 11110 10110 10110 10110 11110 12110 11110 10110  9110 10110 10110 10110 14110 16110 16110 14110 17110 18110 16110 15110 16110 16110 16110 14110 12110 11110  8110  7110  5110  6110  9110  9110 12110 15110 15110 18110 17110 11110 11110 15110 15110 14110 14110 13110 12110 13110 12110 11110 13110 14110 14
2613110 13110 12110 14110 12110 10110 14110 16110 17110 18110 19110 17110 13110 12110 12110 14110 12110  9110 12110 14110 15110 14110 13110 18110 21110 19110 17110 12110 11110 13110 11110 10110 11110  9110 10110 14110 14110 15110 17110 17110 18110 17110 12110 16110 17110 10110 10110 12110 13110 17110 18110 14110 14110 13110 15110 15110 15110 15110 13110 12110 11
2614110  8110  9110  9110  6110  7110 10110  8110  6110  9110  9110  6110  5110  9110 11110  8110  6110  6110  7110  8110 11110 16110 15110 14110 14110 15110 14110 12110 15110 17110 17110 16110 15110 14110 16110 16110 13110 12110 13110 12110 12110 15110 15110 11110 10110  9110  8110  8110  9110  9110  8110  7110  9110 10110  8110  7110  6110  8110  9110  9110 11
2615110 11110 12110  9110  7110  9110 12110 12110 10110 11110 12110 11110 11110 10110 10110 10110 10110 10110 10110 10110  9110  9110 11110 10110 10110 10110 11110 11110  9110 10110 11110 10110  8110  8110 10110 13110 13110 14110 13110 14110 14110 13110 12110 11110 12110 12110 11110 11110 11110 12110 11110 14110 16110 14110 11110 10110  8110  9110 12110 12110 10
2616110 10110 10110 11110 10110  8110  7110 10110 11110 10110 10110 11110 10110  9110 13110 14110 14110 13110 13110 15110 14110 13110 12110 12110 14110 13110 14110 17110 17110 19110 19110 16110 16110 15110 13110 14110 16110 16110 14110 13110 12110 13110 15110 17110 20110 17110 13110 13110 11110 12110 12110 10110  9110 13110 13110 11110 11110 12110 14110 16110 14
2617110 12110 12110 13110 16110 16110 14110 12110 13110 12110 10110  9110 10110 11110 10110 10110  9110  9110 11110 11110  9110  9110 10110 11110 12110 13110 12110 12110 12110 12110 11110  9110  8110  9110  9110  8110  7110  8110 10110 11110 10110 10110 11110 10110  9110 11110 11110 11110 14110 14110 11110  8110  7110  6110  9110 12110 11110 10110 10110 10110  9
2618110  8110  9110  9110  8110  9110 10110 12110 10110  9110  9110  8110 10110  9110  8110  9110 10110 10110 10110  9110  9110  9110  9110  8110  9110 10110 11110 13110 13110 13110 10110 10110 14110 14110 12110 12110 14110 13110 12110 12110 12110 12110 14110 15110 14110 13110 14110 13110 10110  9110 12110 15110 14110 13110 13110 14110 12110 11110 14110 16110 16
2619110 15110 14110 14110 13110 13110 15110 17110 18110 15110 13110 14110 13110 13110 12110 11110  9110  7110  9110 12110 14110 11110 11110 11110 10110 10110 11110 12110 15110 14110 14110 12110  9110 12110 14110 12110  9110  9110 12110 14110 13110 13110 14110 13110 11110 12110 15110 16110 14110 14110 12110 11110 13110 13110 12110 13110 15110 13110 12110 12110 13
2620110 12110 12110 13110 14110 17110 17110 16110 16110 14110 13110 14110 15110 15110 14110 13110 10110 13110 16110 13110 12110 11110 10110  9110  6110  6110  7110 10110 14110 14110 13110 13110 14110 15110 15110 15110 15110 14110 11110 11110 12110 11110  9110  7110 10110 14110 12110 12110 15110 14110 11110 10110 12110 14110 12110 11110 17110 21110 17110 14110 13
2621110 10110 13110 16110 16110 18110 17110 13110 13110 14110 14110 12110 12110 15110 16110 18110 20110 20110 19110 14110 14110 15110 15110 15110 17110 20110 18110 18110 18110 15110 17110 19110 17110 17110 16110 14110 16110 15110 14110 13110 13110 16110 16110 16110 15110 12110 16110 17110 13110 13110 14110 16110 24110 25110 18110 16110 16110 17110 22110 20110 13
2622110 16110 16110 14110 17110 16110 10110  7110 11110 15110 13110 15110 18110 16110 11110  8110 14110 22110 20110 16110 18110 22110 25110 26110 22110 19110 16110 14110 13110 15110 17110 22110 26110 22110 17110 18110 24110 27110 24110 20110 22110 22110 17110 15110 14110 17110 23110 21110 16110 17110 19110 24110 24110 17110 21110 26110 26110 25110 24110 20110 16
2623110 15110 15110 14110 12110 14110 17110 21110 25110 25110 24110 25110 27110 25110 25110 24110 24110 26110 24110 20110 17110 23110 26110 21110 21110 26110 25110 21110 16110 13110 13110 16110 14110 16110 18110 16110 20110 22110 16110 18109 17109 16109 21109 21109 17109 17109 18109 19109 20109 15109 10109  7109  9109 13109 16109 16109 12109  9109 12109 19109 19
2700109 18109 22109 23109 26109 23109 16109 13109 15109 16109 16109 19109 17109 16109 19109 24109 26109 24109 19109 17109 20109 18109 14109 11109 11109 12109 19109 22109 17109 14109 14109 12109 10109 11109 15109 15109 16109 19109 15109 13109 14109 15109 18109 18109 19109 19109 19109 16109 13109 13109 14109 17109 18109 16109 15109 16109 21109 23109 18109 18109 19
2701109 20109 25109 22109 18109 17109 11109  7109 11109 18109 18109 15109 18109 19109 17109 18109 15109 11109 10109 15109 22109 19109 16109 16109 14109 10109 11109 12109 11109 13109 14109 17109 15109 12109 12109  8109  6109  7109 13109 17109 14109 11109 12109 13109 13109 13109 12109 10109 12109 12109 11109 12109 12109  8109 10109 12109 11109 14109 12109  6109  6
2702109  8109 10109 12109 14109 14109 11109  9109 10109  9109  5109  4109  5108  7108  7108  4108  4108 13108 20108 17108 11108  9108 12108 12108 12108 14108 13108 14108 12108 10108 10108 10108 12108 10108  9108 11108 12108 11108  9108  7108  9108 10108  8108  9108 10108  8108  6108  5108  3108  4108  5108  3108  4108  6108  8108  8108  5108  2108  1108  2108  2
2703108  4108  6108  6108  7108  6108  6108  6108  8108 11108 12108 10108  8108 10108  9108  8108  7108  7108  7108  7108  7108  7108  5108  6108  8108  9108  9108  8108 10108 15108 14108 10108  6108  4108  4108  5108 10108 12108  7108  5108  8108  9108  9108 12108 12108  7108  8108 12108 12108 10108 11108 11108  9108  9108 11108 14108 14108 15108 20108 23108 24
2704108 23108 16108 11108 12108 15108 13108 11108 14108 13108 13108 16108 12108  8108 14108 19108 16108 13108 14108 12108  8108  7108  8108  8108  8108  9108 11108 13108 15108 19108 20108 16109 14109 13109 11109  9109  9109  9109 10109 10109  6109  7109 11109 10109 10109 12109 12109 11109 10109 11109 10109  9109 10109 10109  9109 11109 15109 13109 12109 13109 14
2705109 14109 12109 11109 12109 11109 12109 10109  9109  9109  7109  8109 11109 10109  9109  9109  9109  7109  5109  4109  4109  4109  5109  7109  9109 10109  8109  6109  5109  6109  7109  7109  5109  3  0  0  0  0109  2109  3109  3109  4109  5109  5109  5109  5109  5109  5109  6109  5109  5109  5109  5109  4109  5109  5109  5109  5109  5109  5109  4109  5109  6
2706109  8109  7109  6109  3109  1109  1109  2109  2109  2109  2109  3109  3109  3109  3109  3109  3  0  0  0  0  0  0  0  0109  1109  4109  5109  5109  6109  7109  7109 10109 11109 12109 11109 10109 10109 11109 11109 11109  9109  6109  4109  3109  3109  3109  3109  2109  3109  3109  3109  3109  3109  2109  2109  1109  1  0  0  0  0  0  0109  2109  3109  3109  2
2707109  1109  2109  3109  3109  3109  2110  1  0  0  0  0  0  0  0  0  0  0  0  0  0  0  0  0  0  0  0  0109  1109  2109  2109  2109  1  0  0  0  0  0  0109  2109  4110  5110  6109  6109  6109  5109  5109  5109  6109  5109  5109  5109  5109  6110  5110  4110  3110  3110  2110  3110  3109  2110  3110  4110  4110  4110  5110  6110  7110  8110  9110  9110  8110  6
2708110  6110  6110  5110  5110  5110  6110  7110  9110  9110  9110  8110  7110  7110  7110  7110  6110  5110  4110  4110  3110  3110  1  0  0  0  0  0  0  0  0  0  0  0  0  0  0  0  0  0  0  0  0  0  0  0  0  0  0110  1110  2110  2110  2110  3110  3110  3110  3110  2110  2  0  0  0  0110  1110  3110  5110  5110  5110  5110  5110  5110  5110  5110  6110  7110  8
2709110  8110  8110  8110  7110  7110  6110  5110  5110  3110  3110  4110  5110  5110  5110  5110  6110  6110  6110  5110  5110  5110  5110  6110  6110  6110  6110  7110  8110  9110 10110 10110  9110  9110  8110  8110  8110  8110  9110 11110 12110 12110 11110 12110 12110 12110 11110 10110  9110  9110  8110  7110  7110  7110  8110  8110  7110  7110  8110  9110  9
2710110  9110 10110 10110 10110 11110 10110  9110 10110 12110 11110 10110 10110 12110 13110 11110 10110  9110  9110  9110  9110  9110  9110 10110 12110 12110 12110 12110 12110 11110 10110  8110  9110 13110 12110  9110  8110 10110 12110 11110 10110 10110  9110  9110  8110  7110  6110  5110  9110 10110  7110  7110  7110  6110  6110  4110  4110  4110  4110  4110  5
2711110  5110  4110  3110  2110  1110  2110  3110  3110  3110  3110  5110  6110  6110  5110  5110  4110  3110  3110  2110  3110  3110  3110  2110  2110  1  0  0  0  0  0  0  0  0  0  0  0  0  0  0  0  0  0  0  0  0  0  0  0  0  0  0  0  0  0  0  0  0110  1110  3110  3110  4110  5110  6110  7110  6110  6110  4110  3110  2110  1  0  0  0  0  0  0110  1  0  0  0  0
2712  0  0110  2110  4110  4110  5110  7110  7110  7110  5110  4110  3110  1  0  0  0  0  0  0  0  0  0  0  0  0  0  0110  1110  3110  4110  4110  5110  5110  6110  7110  6110  5110  4110  3110  3110  3110  2110  2110  3110  4110  4110  5110  6110  6110  6110  6110  6110  6110  7110  7110  9110 10110 11110 11110 11110 12110 12110 12110 11110 11110 12110 12110 10
2713110  9110  9110  8110  9110  9110 11110 11110 12110 13110 13110 13110 13110 14110 15110 12110 10110  9110  9110  8110  8110  8110  7110  8110  9110  8110  8110  9110 10110  9110  9110  9110 10110 11110 12110 13110 13110 12110 12110 12110 13110 13110 13110 14110 14110 14110 14110 14110 13110 14110 15110 15110 14110 13110 13110 11110 13110 14110 14110 12110 11
2714110 11110 10110 11110 11110 10110 10110  9110 10110 10110  9110  9110  8110  9110  9110  8110  7110  8110  9110  9110  9110  7110  5110  5110  5110  3110  2110  2110  2110  2110  2110  2110  3110  3110  3110  4110  4110  4110  5110  4110  4110  4110  5110  5110  4110  4110  4110  4110  3110  1  0  0  0  0  0  0  0  0110  1110  1110  1  0  0  0  0  0  0110  1
2715110  2110  2110  2110  3110  3110  3110  3110  3110  3110  3110  3110  3110  2110  2110  1  0  0  0  0  0  0  0  0110  2110  3110  4110  4110  5110  6110  7110  8110  8110  9110  8110  8110  9110 10110 11110 11110  9110  9110  9110  8110  8110  7110  7110  6110  6110  5110  6110  5110  4110  4110  5110  5110  6110  5110  6110  7110  8110  8110  8110  8110  8
2716110  7110  7110  7110  7110  7110  7110  7110  7110  7110  7110  8110  8110  8110  8110  8110  8110  8110  7110  7110  7110  6110  5110  4110  4110  4110  5110  5110  5110  5110  5110  5110  6110  6110  7110  8110  8110  8110  8110  7110  6110  6110  4110  3110  3110  3110  3110  2110  3110  4110  4110  4110  5110  6110  7110  7110  8110  9110  8110  9110  9
2717110  9110  9110  8110  8110  7110  7110  8110  7110  7110  6110  6110  6110  8110  8110  8110 10110 10110  9110  8110  8110 10110 11210 16110 11110 13110 13110 13110 13110 14110 13110 11110 11110 12110 11110  9110 10110 12110 11110 11110 13110 14110 12110 10110  8110  7110  5110  7110 11110 12110  9110  7110  7110  6110  6110  7110  8110  9110  9110  9110 11
2718110 12110 12110 11110 10110 11110 11110 10110 10110 10110 12110 11110 10110  9110  9110  8110  7110  9110 10110 10110 10110 10110  9110  9110 10110  9110  7110  6110  5110  5110  6110  7110  6110  6110  7110  7110  7110  7110  7110  7110  7110  8110  7110  5110  4110  4110  4110  4110  3110  2110  2110  3110  3110  5110  5110  4110  6110  9110  9110  8110  6
2719110  4110  3110  3110  3110  2110  2110  3110  5110  6110  9110 12110 11110 10110  9110  9110  9110 10110 11110 13110 16110 17110 16110 14110 11110 11110 13110 14110 14110 15110 15110 15110 15110 13110 13110 14110 13110 10110  9110  8110  8110  9110  9110  9110  8110  8110  8110  8110  7110  8110  8110  9110 10110  9110  9110  7110  6110  5230 10110  3110  3
2720110  3110  2110  2110  2110  3110  4110  5110  6110  6110  6110  6110  6110  5110  4110  4110  4110  4110  5110  4110  5110  5110  4110  3110  2109  2109  2109  2109  3109  2109  3109  3109  4109  4109  4109  4109  4109  4109  4109  4109  3109  3109  3109  3109  4109  6109  7109  6109  3109  2109  2109  3109  2109  2  0  0  0  0  0  0109  2109  5109  7109  7
2721109  7109  8109  9109  8109  7109  8109 10109  9109  7109 10109 11109  9109  8109  8109 10109 10109 10109 10109 11109 10109 10109 13109 13109 14109 15109 13109 11109  9109  7109  6109  8109  9109  7109  6109  6109  6109  5109  4109  9109 10109  7109  6109  6109  5109  4109  3109  1  0  0  0  0  0  0  0  0109  2109  2109  2109  2109  3109  5109  5109  4109  4
2722109  4109  5109  5109  3109  2109  4109  5109  5109  4109  5109  5109  5109  6109  7109  6109  7109  7109  7109  6109  7109 10109  9109  5109  2109  4109  4109  5109  7109  7109 10109 10109 12109 14109 12109 10109  8109  7109  9109 10109  9109  9109  8109  9109 10109 10109 10109  9109  8109  8109  9109  9109  9109  9109  8109  7109  6109  6109  5109  3109  4
2723109  9109 12109 10109  8109  9109 10109 11109 10109  9109  9109  9109 11109 11109 10109 12109 13109 12109 14109 14109  9109  7109 13109 15109 11109  9109  9109  9109  9109 11109 13109 13109 14109 14109 14109 15109 15109 17109 16109 13109 12109 16109 17109 16109 17109 16109 13109 15109 13109 12109 11109 10109  8109 10109 13109 14109 14109 17109 17109 16109 20
2800109 18109 16109 14109 14109 14109 13109 11109  8109  7109  8109 12109 13109 10109 10109  9109  7109  9109  9109  6109  8109  9109 12109 17109 14109 16109 17109 15109 12109  9109 10109 10109 10109 10109  8109  7109  8109 10109 11109 12109 11109  9109  8109  9109  9109  9109 10109  9109  9109 10109  7109  8109 14109 14109 13109 11109 12109 15109 15109 12109  9
2801109 10109  9109  7109  9109 10109 11109 13109 12109 11109 12109 11109 12109 15109 14109 13109 15109 14109 11109  8109  9109 10109 11109  9109  7109 11109 16109 17109 17109 18109 22109 25109 22109 20109 17109 14109 13109 10109 10109 11109  9109  9109  9109 10109 11109 12109 11109 11109 14109 17109 15109 16109 16109 11109  9109  9109 11109 13109 14108 13108 14
2802108 15108 11108 10108 10108  7108  6108  6108  5108  8108 12108 11108 10108 13108 15108 13108 10108  9108  8108  5108  3108  4108  7108  7108  6108  6108  5108  9108 10108  7108  9108 12108 10108  8108  6108  7108  8108  7108  9108  8108  6108  8108  9108  9108  9108 10108 11108 12108 10108  8108  8108  7108  7108  9108  9108  9108  9108  8108  8108 11108 13
2803108 13108 11108 10108  8108  8108  9108 10108 11108 11108 10108  9108  9108  8109  6109  7109  9109 12109 12109 10109 11109 11109 11109 13109 14109 14109 14109 14109 14109 16109 17109 13109 11109 14109 14109 11109 11109 10109  8109  8109 11109 14109 14109 14109 15109 16109 16109 14109 12109 13109 11109  7109 10109 13109 14109 14109 13109 12109 12109 13109 16
2804109 18109 16109 11109  8109  6109  7109  9109 10109  8109  6109  7109  9109 12109 15109 17109 17109 15109 13109 11109  9109  8109  6109  8109 11109 12109 13109 14109 13109 11109  9109  8109  8109  8109  8109  7109  7109  7109  7109  7109  6109  5109  5109  7109  8109  8109  9109  8109  9109 10109 10109  8109  8109  7109  7109  7109  7109  8109  8109  6109  4
2805109  4109  4109  5109  6109  5109  3109  3109  3109  4109  5109  5109  6109  8109  8109  8109  9109  9109  9109  8109  6109  5109  5109  4109  3109  4109  4109  5109  6109  7109  6109  5109  5109  5109  5109  4109  3109  2109  1109  1109  1109  1109  1109  1  0  0109  2109  3109  2109  3109  3109  3109  3109  4109  4109  4109  4109  4109  4109  4109  3109  3
2806109  4109  4109  4109  5109  5109  5109  4109  4109  2109  1  0  0109  2109  3109  3109  4109  5109  5109  5109  5109  5109  6109  6109  6109  5109  5109  5109  5109  4109  3109  3109  4109  4109  4109  5109  5109  5109  4109  4109  4109  4109  4109  4109  4109  4109  4109  3109  2109  2109  1  0  0  0  0  0  0  0  0  0  0  0  0  0  0  0  0  0  0  0  0  0  0
2807  0  0  0  0  0  0109  2109  3109  3109  4109  4109  5109  4109  4109  4109  4109  4109  3109  3109  4109  3109  3109  5109  8109  9109 10109 10109 11109 12109 12109 12109 12109 12109 11109 11109 10109 10109  9109 10109 12109 11109 10109 10109  9109  9109  8109  7109  6109  6109  6109  4109  3109  2109  1  0  0  0  0  0  0  0  0  0  0  0  0  0  0109  1109  2
2808109  2109  2109  3109  3109  3109  3109  3109  3109  2109  1  0  0  0  0  0  0  0  0  0  0  0  0  0  0  0  0  0  0  0  0  0  0  0  0  0  0109  2109  2109  3109  3109  4109  5109  5109  5109  5109  5109  5109  5109  5109  5109  4109  5109  5109  5109  6109  6109  7109  7109  8109  8109  8109  9109  8109  9109  9109  9109 10109 11109 11109 11109 12109 13109 13
2809109 12109 11109 10109  9109  8109  6109  5109  6109  6109  6109  6109  4109  4109  4109  4109  4109  4109  4109  4109  4109  3109  3109  4109  4109  5109  6109  8109  8109  7109  7109  6109  5109  3109  2109  3109  4109  3109  2109  3109  3109  4109  5109  5109  6109  6109  7109  7109  6109  5109  3109  3109  3109  3109  3109  3109  3109  3109  3109  3109  3
2810109  3109  4109  4109  4109  4109  4109  4109  4109  4109  4109  4109  5109  5109  6109  6109  6109  6109  5109  5109  5109  5109  4109  3109  3109  2  0  0  0  0  0  0109  2109  3109  2109  2109  3109  2109  2109  1109  1110  2109  3109  3109  4109  4109  4109  3109  3109  2109  2  0  0109  1109  1  0  0  0  0109  1109  2109  2109  3109  4109  4109  5109  4
2811109  3109  4109  3109  3109  3109  2109  3109  4109  4109  4109  4109  3109  3109  2109  2109  2110  2110  1109  1109  2109  2109  2109  3109  4109  6109  6109  6109  6109  6109  5109  5109  5109  5109  5109  5109  6109  6109  6109  6109  6109  5109  4109  4109  4109  5110  6110  7110  8109  8109  8109  8110  8110  8109  8110  8110  7110  6110  6110  5110  6
2812109  5109  6110  5110  6110  6110  6110  6110  7110  7110  6110  6110  7110  8110  8110  8110  7110  6110  4110  2110  3110  5110  4110  4110  4110  5110  8110 10110 13110 14110 16110 20110 23110 27110 30110 31110 28110 20110 17110 20110 19110 20110 23110 19110 17110 14110  8110 13110 21110 21110 22110 23110 23110 26110 24110 22110 22110 21110 18110 18110 18
2813110 17110 16110 19110 21110 21110 21110 21110 22110 20110 19110 18110 20110 20110 20110 21110 19110 16110 13110 12110 11110 12110 13110 12110 13110 18110 19110 16110 15110 15110 13110 14110 16110 20110 17110 11110 11110 11110 10110  9110  6110  6110  8110  5110  3110  3110  4110  5110  5110  5110  4110  4110  5110  4110  6110  7110  6110  6110  7110  7110  7
2814110  7110  7110  7110  7110  7110  6110  6110  6110  4110  5110  6110  7110  8110  8110  8110  8110  6110  5110  5110  5110  5110  5110  6110  5110  5110  4110  4110  5110  5110  6110  7110  8110  9110  9110 10110 10110  8110  6110  6110  6110  7110  7110  7110  9110 11110 11110 10110  9110  8110  8110  7110  4110  3110  4110  5110  5110  5110  5110  6110  7
2815110  8110  8110  7110  4110  5110  8110  7110  6110  7110  6110  4110  2110  2110  2110  2110  4110  6110  5110  4110  2110  1110  2110  2  0  0  0  0  0  0  0  0  0  0  0  0  0  0  0  0  0  0110  1110  2110  2110  2  0  0  0  0  0  0  0  0110  3110  4110  4110  5110  5110  4110  4110  4110  3110  3110  4110  3110  3110  3110  3110  3110  3110  3110  4110  4
2816110  4110  3110  2110  1110  1  0  0  0  0  0  0  0  0  0  0  0  0110  1110  2110  2110  4110  4110  6110  6110  6110  6110  6110  5110  4110  3110  3110  4110  4110  3110  3110  3110  3110  5110  6110  6110  7110  7110  7110  5110  2  0  0  0  0  0  0110  1110  2110  2110  4110  4110  4110  4110  4110  3110  3110  3110  3110  3110  2110  2110  2110  3110  4
2817110  4110  5110  7110  7110  7110  7110  6110  7110  8110  7110  7110  8110  8110  7110  6110  5110  5110  6110  6110  4110  5110  6110  6110  5110  4110  3110  3110  3110  3110  4110  5110  6110  7110  7110  6110  5110  5110  6110  6110  7110  7110  6110  4110  4110  4110  4110  5110  6110  6110  5110  4110  4110  5110  5110  5110  4110  2110  1  0  0  0  0
2818  0  0110  1110  1110  3110  5110  7110  6110  5110  6110  6110  7110  8110  8110  7110  8110  7110  6110  4110  2110  2110  3110  4110  3110  3110  4110  5110  5110  4110  3110  2110  3110  4110  2110  3110  5110  4110  3110  3110  3110  4110  4110  3110  3110  2  0  0110  2110  2110  2110  3110  4110  3110  4110  5110  6110  5110  5110  6110  5110  4110  3
2819110  3110  1  0  0  0  0  0  0110  2110  3110  3110  2110  3110  4110  6110  7110  6110  5110  3110  3110  4110  4110  4110  4110  4110  4110  3110  2110  2110  3110  3110  4110  4110  3110  3110  6110  7110  6110  5110  5110  6110  6110  3110  2  0  0  0  0109  1109  1  0  0109  1109  2109  1109  2109  4109  4109  5109  5109  5109  3109  2109  1  0  0  0  0
2820109  2109  4109  5109  5109  3109  2  0  0  0  0109  3109  3109  2109  1  0  0  0  0  0  0109  2109  5109  9109 10109  8109  6109  8109  9109 10109  9109 10109 11109 10109  8109  7109  8109  8109  8109  7109  7109  6109  5109  4109  3109  5109  5109  5109  7109  8109  8109  8109  8109  8109  8109  8109  8109  8109  7109  7109  8109  8109  7109  9109 11109 12
2821109 11109  6109  3109  4109  7109 11109 10109  9109  9109  8109  8109  7109  5109  6109  7109  8109  9109 13109 10109  4109  5109  9109  9109  8109 10109 14109 16109 14109 13109 11109 12109 11109 10109  9109  8109  8109  6109  6109 10109 13109 13109 13109 14109 16109 17109 17109 15109 14109 11109  6109  4109  9109 12109 12109 15109 15109 14109 12109 12109 10
2822109  9109 11109 10109  9109  9109 10109 13109 15109 11109 14109 16109 12109 11109 13109 13109 14109 13109 14109 13109 11109 13109 13109 14109 14109 11109 11109 11109  9109  8109 11109 12109 14109 20109 19109 13109 11109 13109 11109 13109 15109 14109 10109 14109 16109 11109 11109 10109  5109  4109  8109 13108 15108 15108 14108 11108 13108 12108 12108 14108 13
2823108 11108 10108  6108  6108 11108 15108 16108 17108 19108 19108 19108 22108 21108 16108 12108 15108 16108 13108 15108 15108 13108 11108 13108 12108 11108 10108  8108  7108 12108 20108 22108 15108 12108 13108 13108 17108 18108 14108 14108 16108 16108 16108 15108 17108 17108 15108 15108 12108  8108  8108 12108 10108  8108 16108 21108 19108 18108 20108 22108 20
2900108 18108 15108 16108 20108 23108 24108 22108 22108 20108 19109 18109 14109 15109 16109 11109 15109 19109 19109 19109 15109 11109 14109 16109 20109 24109 19109 16109 15109 16109 20109 25109 22109 16109 19109 20109 18109 18109 20109 20109 20109 21109 16109  9109 10109 15109 17109 16109 14109 16109 16109 15109 15109 15109 19108 20108 18108 17108 15108 15108 13
2901108  9108 10108 18108 22108 21108 25108 26108 22108 21108 20108 20108 18108 16108 19108 20108 16108 16108 16108 15108 14108 13108 10108  8108  8108  7108  8108  9108 11108 12108  8108  8108 10108 10108  8108  7108  6108  6108  6108  5108  4108  5108  6108  6108  4108  4108  4108  7108 11108 12108 13108 14108 15108 15108 13108 10109  8109  8109  9109 13109 14
2902109 11109  9109  8109  5109  3109  2109  2109  4109  5109  6109  6109  4109  3108  3108  3108  3108  2108  6109 10109 13109 14109 15109 15109 15109 13109 13109 11109  5109  3109  3109  4109  5109  4109  4109  5109  5109  6109  5109  7109  8109  8109  6109  4109  5109  5109  6109  6109  6109  5109  3109  3109  5108  8108 11108 11108  9108  6108  5108  5108  5
2903108  6108  6108  5108  7108  9108  7108  6108  8108 11108 10109 11109 11109  9109  9109 10109 10109  8109  6109  5109  4109  4109  4109  4109  5109  7109  7109  7109  9109 12109 13109 14109 13109  6109  3109  5109  9109 12108 12108 12108 10108  9108 10108 11108 14108 15108 15108 15108 14108 16108 15108 12108 15108 17109 16108 12108  9108 10108 11108 13108 15
2904108 14108 13108 12108 12109 10109  6109  8109 11109 11109 10109 11109 12109 11109 13109 15109 15109 17109 18109 17109 13109 10109 10109 10109 10109 13109 20109 23109 25109 22109 18109 19109 20109 20109 23109 25109 23109 22109 23109 24109 23109 23109 25109 29109 26109 23109 21109 19109 20109 21109 21109 20109 20109 19109 20109 21109 20109 19109 17109 16109 15
2905109 17109 18109 19109 19109 17109 17109 16109 13109 12109 14109 16109 17109 16109 14109 14109 12109  9109 10109 11109 13109 11109  7109  8109  9109  8109  9109 10109 12109 14109 14109 14109 15109 13109 11109 12109 12109 10109 10109 10109 10109 12109 12109  8109  7109 11109 14109 16109 14109 12109 14109 14109 12109 12109 11109 10109 11109 10109  9109  9109 11
2906109 12109 11109 13109 14109 11109 11109 13109 12109 12109 13109 13109 11109 11109 13109 13109 11109 12109 12109 13109 14109 15109 15109 13109 12109 10109 11109 12109 13109 13109 15109 14109 11109 11109 12109 10109  9109  9109  7109  7109  9109 10109  8109  9109 12109 14109 12109 11109 12109 10109  9109 12109 14109 17109 21109 18109 18109 16109 15109 14109 14
2907109 11109  8109  8109  9109 11109 17109 18109 13109 11109 17109 17109 13109 13109 12109 11109 12109 10109 10109 11109 14109 15109 12109  9109  8109 13109 21109 21109 17109 19109 22109 19109 18109 20109 19109 20109 21109 19109 20109 20109 17109 17110 17110 16110 16110 19110 24110 23110 16110 10110 11110 15110 16110 15110 13110 13110 12110 14110 15110 13110 12
2908110 11110 12110  9110  7110 11110 13110 13110 14110 16110 18110 20110 22110 24110 23110 20110 18110 17110 21110 24110 19110 17110 15110 13110 17110 19110 15110 15110 17110 17110 15110 18110 20110 19110 14110 13110 18110 22110 18110 15110 22110 23110 21110 20110 19110 20110 18110 18110 21110 21110 17110 15110 14110 16110 16110 14110 13110 15110 17110 16110 13
2909110 14110 18110 16110 17110 18110 18110 18110 15110 15110 16110 20110 22110 21110 21 67  6110 24110 27110 24110 22110 21110 14110 14110 18110 23110 26110 23110 23110 26110 26110 19110 16110 13110 10110 13110 14110 15110 14110 15110 21110 18110 13110 13110 17110 21110 20110 18110 15110 11110 12110 15110 15110 14110 15110 18110 16110 16110 17110 15110 15110 17
2910110 19110 18110 17110 18110 15110 15110 15110 17110 18110 24110 29110 29110 30110 26110 20110 19110 20110 18110 18110 19110 18110 18110 17110 18110 14110 12110 13110 14110 17110 19110 22110 22110 22110 20110 20110 23110 20110 15110 15110 18110 18110 19110 21110 19110 19110 22110 19110 17110 18110 19110 16110 15110 17110 17110 17110 17110 16110 18110 19110 18
2911110 16110 14110 14110 17110 18110 17110 16110 16110 18110 20110 21110 20110 19110 18110 21110 22110 18110 16110 16110 19110 23110 26110 29110 29110 24110 25110 27110 28110 21110 15110 15110 13110 11110 14110 19110 14110 10110 10110  9110  9110 11110 14110 14110 12110 13110 14110 14110 14110 16110 16110 12110 10110 14110 17110 15110 17110 18110 18110 19110 25
2912110 29110 25110 23110 20110 18110 21110 26110 24110 20110 20110 17110 15110 20110 24110 21110 21110 23110 21110 21110 22110 20110 18110 17110 17110 20110 20110 16110 15110 16110 19110 20110 18110 17110 15110 16110 20110 18110 15110 14110 13110 13110 19110 24110 21110 19110 17110 14110 16110 19110 18110 18110 20110 19110 19110 18110 18110 22110 25110 25110 22
2913110 22110 25110 24110 21110 18110 16110 17110 20110 20110 19110 19110 18110 17110 16110 17110 16110 14110 14110 15110 19110 18110 20110 24110 20110 20110 17110 18110 20110 21245  5110 17110 12110 14110 16110 16110 14110 16110 20110 16110 15110 17110 16110 15110 13110 12110 13110 10110  9110 11110 12110 12110 12110 13110 11110 12110 13110 13110 14110 13110 12
2914110 11110 10110  8110  8110 11110 11110 11110 11110 13110 13110 11110 10110 12110 15110 16110 14110 15110 15110 16110 19110 19110 16110 15110 16110 16110 15110 14110 13110 13110 11110 10110  8110 10110 14110 15110 13110 11110 12110 12110 10110 14110 18110 21110 23110 19110 21110 22110 19110 19110 25110 29110 25110 23110 21110 21110 21110 16110 19110 18110 15
2915110 20110 22110 20110 21110 20110 18110 20110 18110 18110 19110 20110 24110 27110 28110 26110 23110 27110 28110 25110 24110 23110 23110 24110 20110 18110 20110 22110 20110 18110 18110 19110 18110 20110 20110 20110 19110 14110 17110 23110 24110 23110 24110 23110 22110 24110 23110 23110 22110 23110 22110 21110 22110 23110 22110 23110 22110 21110 25110 26110 24
2916110 25110 25110 24110 24110 22110 23110 25110 26110 27110 24110 22110 26110 29110 29110 25110 21110 24110 25110 23110 25110 23110 18110 19110 18110 16110 20110 23110 24110 22110 17110 13110 14110 20110 19110 15110 14110 10110 11110 15110 17110 21110 21110 14110 12110 15110 15110 14110 16110 15110 11110 13110 15110 12110 13110 15110 16110 17110 19110 20110 18
2917110 15110 15110 17110 14110 11110  9110 10110 11110 11110 10110  9110 11110 12110 13110 14110 12110 12110 14110 13110 12110 13110 14110 13110 13110 13110 15110 16110 16110 17110 19110 22110 17110 12110 19110 21110 17110 21110 20110 14110 11110 11110 12110 11110 15101 10110 11110 10110 11110 15110 18110 17110 17110 19110 16110 18110 21110 19110 21110 19110 17
2918110 16110 18110 20110 18110 26110 28110 28110 31110 26110 20110 22110 28110 21110 21110 29110 34110 48110 46110 35110 33110 33109 32109 25109 28109 29109 27109 30109 26109 23109 24109 19109 17109 19109 20109 26109 29109 27109 30109 29109 24109 22109 27109 30109 31109 26109 15109 15109 24109 23109 19109 21109 21109 21109 22109 27109 27109 24109 25109 24109 28
2919109 28109 26109 27109 30109 29109 22109 21109 26109 31109 29109 32109 38109 35109 34109 36109 35109 31109 23109 19109 20109 25109 25109 21109 22109 26109 26109 31109 41109 44109 36109 33109 30109 23109 18109 22109 33109 38109 32109 32109 38109 39109 33109 26109 34109 41109 37109 31109 32109 27109 25109 37109 35109 30109 36109 44109 42109 31109 31109 33109 33
2920109 34109 44109 49109 40109 28109 20109 21109 29109 33109 30109 24109 20109 18109 35109 42109 31109 27109 22109 28109 43109 43109 37109 33109 35109 35109 26109 19109 19109 28109 35109 30109 24109 20109 19109 18109 18109 18109 28109 32109 21109 29109 47109 56109 50109 45109 43109 34109 44109 52109 48109 44109 43109 41109 31109 35109 34109 27109 29109 29109 29
2921109 32109 33109 38109 43109 43109 32109 35109 45109 35109 27109 34109 36109 35109 35109 32109 27109 25109 28109 38109 47109 51109 46109 37109 33109 35109 40109 45109 53109 49109 39109 36109 40109 48109 46109 37109 39109 40109 34109 28109 25109 34109 45109 51109 45109 43109 42109 37109 39109 36109 32109 27109 30109 35109 31109 35109 48109 51109 46109 51134  9
2922109 39109 38109 43109 37109 27109 34109 37109 48108 55108 35108 31108 38108 36108 32108 37108 38108 31108 40108 43108 35108 37108 42108 38108 31108 42108 51108 48108 54108 59108 49108 49108 61108 56108 37108 41108 52108 48108 54108 51108 47108 55108 43108 28108 44108 51108 41108 47108 48108 37108 40108 49108 46108 36108 31108 38108 45108 40108 31108 29108 33
2923108 39108 48108 50108 46108 50108 51108 48108 37108 40108 54108 54108 53108 55108 61108 61108 47108 37108 37108 42108 45108 41108 41108 39108 33108 34108 35108 40108 42108 40108 46108 47108 37108 34108 33108 38108 38108 38108 40108 38108 39108 42108 41108 45108 46108 27108 30108 49108 50108 41108 38108 34108 35108 46108 41108 36108 44108 61108 68108 56108 42
3000108 26108 32108 46108 46108 39108 48108 52108 53108 51108 32108 28108 40108 48108 47108 52108 53108 54108 50108 46108 44108 44108 41108 35108 43108 43108 43108 46108 38108 35108 42108 48108 40108 39108 40108 37108 38108 36108 37108 40108 36108 23108 22108 36108 39108 29108 22108 21108 32108 41108 38108 36108 33108 34108 42108 41108 41108 38108 29108 26108 25
3001108 36108 41108 37108 43108 39108 40108 44108 37108 37108 37108 38108 43108 40108 41108 34108 23108 27108 34108 30108 33108 44108 40108 31108 37108 40108 36108 31108 24108 23108 34108 49108 51108 44108 41108 41108 38108 41108 39108 30108 35108 40108 33108 22108 27108 46108 49108 37108 29108 38108 44108 37108 33108 31108 37108 42108 36108 31108 28108 31108 36
3002108 31108 28108 25108 24108 31108 43108 47108 46108 48108 44108 32108 24108 22108 25108 29108 27108 32108 35108 24108 22108 35108 32108 21108 17108 18108 18108 18108 22108 25108 25108 25108 29108 27108 22108 31108 32108 27108 25108 23108 25108 25108 23108 22108 26108 27108 28108 32108 27108 18108 14108 18108 24108 22108 24108 27108 24108 23108 21108 21108 23
3003108 22108 28108 27108 22108 21108 23108 32108 30108 30108 32108 20108 16108 23108 22108 24108 32108 33108 26108 27108 30108 25108 24108 21108 19108 19108 21108 26108 25108 27108 26108 21108 23108 29108 23108 22108 26108 24108 31108 30108 25108 27108 25108 23108 18108 15108 18108 20108 19108 20108 19108 20108 24108 27108 26108 31108 35108 30108 29108 28108 20
3004108 11108 10108 12108 19108 23108 17108 15108 21108 27108 23108 15108 16108 22108 24108 23108 22108 23108 22108 19108 22108 27108 24108 17108 15108 16108 16108 16108 18108 20108 22108 27108 29108 29108 32108 28108 21108 25108 27108 21109 19109 20109 22109 22109 22109 24109 23109 25109 25109 25109 25109 25109 30109 29109 28109 28109 29109 28109 25109 22109 22
3005109 26109 29109 34109 37109 26109 23109 31109 32109 31109 30109 30109 33109 32109 30109 27109 27109 21109 21109 27109 26109 21109 19109 21109 22109 23109 26109 25109 22109 25109 29109 28109 33109 35109 32109 33109 32109 28109 31109 28109 18109 16109 24109 28109 26109 27109 26109 26109 31109 32109 29109 29109 28109 22109 15109 18109 20109 23109 24109 20109 22
3006109 23109 22109 23109 24109 20109 17109 22109 26109 24109 19109 16109 19109 25109 27109 25109 25109 23109 23109 30109 32109 22109 13109 16109 17109 14109 15109 14109 15109 20109 19109 19109 18109 16109 13109 12109 19109 20109 17109 20109 23109 24109 25109 23109 24109 26109 20109 15109 14109 20109 22109 17109 13109 16109 23109 26109 21109 17109 21109 20109 14
3007109 14109 15109 16109 19109 20109 22109 24109 19109 16109 15109 16109 15109 13109 10109  8109  8109 13109 14109 13109 15109 15109 11109 12109 16109 16109 17109 17109 19109 19109 18109 18109 15109 12109 10109  8109  6109  4109  3109  7109 10109  9109 10109 12109 11109  9109  8109  9109  7109  7109  7109  5109  6109  6109  7109  8109  9109 10109  9109  7109  5
3008109  4109  4109  3109  2109  1  0  0109  1109  2109  2109  2109  1109  1109  2109  2109  3109  3109  3109  3109  4109  4109  4109  4109  6109  8109  9109 10109 11109 12109 13109 11109 10109 10109 11109 11109  9109  9109  9109  7109  6109  5109  5109  6109  7109  7109  7109  8109  8109  9109  9109  8109  8109  8109  8109  7109  6109  6109  7109  7109  8109 10
3009109 10109  9109  8109  8109  7109  6109  7109 10109 12109 11109 13109 11109 10109 13109 11110  7109  7109  9109 10109 10109 12109 13109 10109 10109  9109  8109  9109  9109  9109  8109  8109  9110  9110  8109  7109  6109  5109  4110  4110  3110  3110  3110  3110  2110  2110  3110  4110  4110  5110  6110  8110  8109  9109 11109 11109 12109 11109 11109 11110 11
3010109 11109 11109 10109  9110 10109 11109 11109  9109  8110  7110  6109  5109  5109  5109  4110  5109  7109  7109  6110  4110  3110  3110  4110  3110  2110  3110  4110  4110  3110  4110  4110  4110  5110  5110  5110  6110  6110  7110  7110  7110  6109  5109  4110  4110  4110  4110  4110  4110  4110  3110  2110  2110  3110  2110  1110  2110  3110  2110  2110  3
3011110  3110  2110  3110  3110  4110  4110  4110  3110  3110  3110  2110  2  0  0  0  0  0  0  0  0110  1110  2110  2110  2110  1110  1110  1  0  0  0  0  0  0  0  0  0  0  0  0  0  0  0  0  0  0110  1110  2110  3110  3110  4110  4110  4110  5110  5110  5110  5110  5110  5110  5110  5110  4110  4110  4110  4110  3110  2  0  0  0  0  0  0  0  0  0  0  0  0  0  0
3012  0  0  0  0  0  0  0  0  0  0  0  0  0  0  0  0110  1110  2110  3110  4110  4110  4110  3110  3110  3110  2110  2110  3110  3110  4110  7110  9110 11110 11110 10110 11110 10110  9110  8110  7110  7110  6110  6110  6110  6110  6110  6110  7110  7110  7110  7110  7110  7110  7110  7110  7110  6110  6110  6110  6110  6110  5110  4110  4110  4110  4110  3110  3
3013110  3110  2110  2110  3110  3110  3110  3110  2110  2110  1110  1110  2110  2110  2110  2110  3110  3110  3110  4110  5110  6110  7110  7110  7110  7110  7110  8110  8110  7110  7110  6110  6110  6110  6110  6110  7110  7110  7110  7110  7110  7110  8110  8110  7110  6110  5110  4110  3110  2  0  0  0  0  0  0  0  0110  1  0  0  0  0  0  0  0  0  0  0  0  0
3014  0  0  0  0  0  0  0  0  0  0  0  0  0  0  0  0  0  0  0  0110  1110  2110  3110  3110  3110  4110  4110  5110  5110  5110  5110  6110  6110  6110  5110  5110  5110  6110  6110  7110  8110  7110  8110  8110  7110  7110  7110  7110  7110  6110  6110  6110  6110  5110  5110  5110  5110  5110  5110  6110  6110  6110  5110  5110  5110  6110  6110  6110  6110  7
3015110  6110  5110  4110  4110  5110  5110  5110  6110  7110  7110  7110  7110  7110  7110  6110  7110  7110  6110  6110  5110  5110  4110  3110  2110  2110  3110  3110  3110  3110  3110  3110  2110  2  0  0  0  0  0  0  0  0  0  0  0  0  0  0  0  0  0  0  0  0  0  0  0  0  0  0  0  0110  1110  2110  2110  1110  1  0  0  0  0110  2110  3110  5110  7110  8110  9
3016110  9110  9110  8110  7110  6110  6110  6110  5110  4110  3110  3110  2  0  0  0  0  0  0  0  0  0  0  0  0  0  0  0  0  0  0  0  0  0  0  0  0  0  0110  2110  2110  2110  1  0  0  0  0  0  0  0  0  0  0  0  0  0  0  0  0  0  0  0  0  0  0  0  0  0  0  0  0  0  0110  2110  4110  4110  4110  4110  4110  4110  3110  3110  3110  4110  3110  2110  2110  3110  3
3017110  2110  2110  3110  3110  3110  3110  3110  4110  4110  4110  5110  5110  5110  5110  5110  6110  7110  8110  8110  7110  7110  6110  5110  5110  5110  6110  7110  8110  9110 11110 13110 14110 15110 15110 13110 12110 11110 10110 10110 10110  7110  5110  5110  5110  6110  7110  8110  9110  8110  8110  8110  9110 10110  9110  9110  8110  8110  8110  8110  7
3018110  7110  7110  7110  8110  9110  9110 11110 12110 10110  8110  8110  8110  9110  8110  8110  6110  3110  2110  3110  3110  1110  1110  1  0  0  0  0  0  0  0  0  0  0  0  0  0  0  0  0110  1109  2109  2109  3109  3109  3109  3109  3109  3109  6109  8109  8109  6109  6109  6109  6109  6109  5109  4109  4109  5109  4109  3109  4109  6109  8109  9109  8109  8
3019109  7109  7108  8108  8108  7108  6108  5108  4108  6108  8108  7108  8108  9108  8108  8108  8108  8108  9108  9108  9108 10108 10108  7108  8108 11108 14108 16108 16108 16108 16108 13108 11108 15108 16108 14108 14108 13108 15108 16108 14108 16108 15108  8108  6108 12108 14108 13108 15108 17108 19108 17108 15108 13108 12108 12108 13108 10108  9108 10108  8
3020108  6108  4108  4108 11108 14108 14108 14108 14108 13108 11108  9108 11108 13108 13108 13108 12108  8108  4108  3108  7108 11108 13108 15108 14108 12108 10108  8108 10108  9108  7108  6108  5108 10108 12108  8108  8108  5108  3108  5108  5108  4108  5108  9108 10108 11108 14108 14108 13108 11108  7108  4108  3108  4108  7108  9108  7108  7108 11108 14108 15
