58265 2011   091213603204   65   24 6670   55    1--------------------------------------------------------------------------------------------------------------------------------------------------------------------------------------------------------------------------------------------------------------------------------------------------------------------------
3121182  3190  3195  3222  3248  3258  3327  4 26  6 32  7 34  8 25  8 31  5 39  4 36  3 31  1  0  0  0  0  0  0  0  0  0  0  0  0  0  0  0  0344  1342  1  0  0  0  0 30  2 21  3 22  3 22  4 18  4 19  3 23  2 17  2 12  2  5  1  3  2 10  2  9  2 11  3 18  4 19  6 13  6 12  6 24  4 23  4 17  5 22  6 24  5 23  5 26  4 27  4 22  4 23  3 26  3 22  3 16  3 13  3 14  3
3122 19  3 23  3 22  3 21  3 17  3 18  4 22  4 22  4 19  4 19  5 24  5 25  4 23  4 21  3 28  2 37  1  0  0  0  0  0  0  0  0  0  0  0  0  0  0  0  0 32  1 25  3 27  3 32  3 50  2  0  0  0  0  0  0  0  0  0  0154  1141  2125  2112  4109  5111  5109  5107  5104  4106  4111  4113  4112  4109  3114  3116  3110  3113  3114  3 98  2 96  1  0  0  0  0  0  0  0  0 84  2
3123 85  3 83  2 79  2 73  1  0  0  0  0  0  0  0  0  0  0  0  0  0  0  0  0  0  0  0  0  0  0 57  1 49  1 45  1 50  2 63  2 73  2 82  2 85  2109 16 83  3 81  3 77  3 74  2 74  2 80  1 88  1 95  1  0  0  0  0  0  0  0  0  0  0  0  0136  2142  2154  2161  2166  2175  2188  3202  3199  3193  4188  3167  2150  2142  2154  1170  1174  1187  1201  1203  2201  3201  3
0100198  4192  4193  4208  4216  2  0  0183  1  0  0  0  0  0  0  0  0  0  0  0  0  0  0  0  0  0  0  0  0  0  0  0  0  0  0  0  0  0  0  0  0  0  0  0  0161  2170  2176  1  0  0  0  0  0  0  0  0  0  0  0  0  0  0  0  0  0  0  0  0  0  0  0  0347  1333  2338  3350  3355  3350  4339  5331  6329  6334  6337  5334  4330  3332  3313  2297  3315  4330  5331  5338  3
0101340  1331  1323  1  0  0  0  0  0  0  0  0  0  0  0  0  0  0  0  0  0  0 23  2 17  3 11  3 10  4  9  5  7  5  7  5 10  4 11  4  5  4356  4344  4335  4328  5324  5324  6325  7327  7331  6333  5335  4339  4338  3333  4327  4324  4324  5326  5329  4329  5332  5335  5342  5346  4340  5331  5323  5323  4319  2306  2301  2302  1  0  0  0  0301  1308  2319  3324  3
0102333  2336  2331  3324  4320  5320  6317  6318  7317  6312  5320  4346  2  9  2 16  1  0  0  0  0  0  0  0  0  0  0  0  0  0  0  0  0  0  0  0  0  0  0  0  0  0  0  0  0  0  0  0  0  0  0  0  0224  2233  2244  2250  2259  2268  2269  2267  2259  2254  3257  3255  3259  3265  2271  2283  3287  2291  2296  2295  3298  3299  4300  3303  3303  4298  4293  3287  2
0103283  2283  2282  2283  2279  2271  1  0  0  0  0  0  0  0  0  0  0  0  0  0  0  0  0  0  0  0  0  0  0  0  0  0  0  0  0  0  0201  1  0  0  0  0184  1  0  0  0  0180  3175  5177  4180  3177  3176  4179  5176  5174  5173  5168  4110  7164  2170  1  0  0  0  0  0  0  0  0303  2309  2325  2342  3348  3345  3344  3334  4330  5342  6346  5347  4340  4327  4320  5
0104310  8308  8309  7307  5318  3356  1  0  0  0  0 46  2 45  1  0  0104  1112  5100  7 84  7 88  5110  3113  2119  1140  2151  2158  2156  1  0  0  0  0  0  0  0  0  0  0  0  0  0  0  0  0  0  0  0  0  0  0  0  0283  1300  2303  3304  4304  4305  4313  3313  3310  3312  3309  4314  3322  4321  4317  3325  2330  1322  1316  2310  4305  6302  6302  7304  6304  5
0105303  5308  4296  3283  1  0  0  0  0261  3261  4269  3282  3290  3302  3315  4315  6312  8310  8308  8310  7318  5318  4309  5299  6293  4288  4283  6284  6285  7284  8286  8285  8283  8284  7288  7296  6304  5321  5321  4310  4312  3303  3288  3274  2260  2261  2268  2258  2240  1  0  0  0  0  0  0  0  0  0  0  0  0  0  0  0  0  0  0  0  0  0  0  0  0  0  0
0106  0  0  0  0  0  0  0  0172  1169  1  0  0  0  0  0  0  0  0  0  0  0  0  0  0  0  0  0  0  0  0  0  0  0  0  0  0  0  0  0  0  0  0  0  0  0  0  0  0  0  0  0  0  0  0  0  0  0  0  0  0  0  0  0  0  0  0  0  0  0  0  0  0  0  0  0  0  0  0  0  0  0  0  0  0  0  0  0  0  0  0  0  0  0  0  0  0  0  0  0  0  0  0  0  0  0  0  0  0  0  0  0  0 94  1 89  3 82  4
0107 61  3 51  2  0  0  0  0  0  0  0  0  0  0  0  0  0  0  0  0331  1  0  0  0  0  0  0358  1 11  2 22  2 23  2 17  3  8  5360  6351  7343  7340  8344  8352  7  7  6 18  5350  3  0  0  0  0344  2341  2348  3358  5  4  6  7  6 15  6 24  5 29  4 38  3 58  2  0  0  0  0  0  0  0  0  0  0  0  0  0  0  0  0  0  0  0  0  0  0110  3  0  0  0  0  0  0  0  0162  1179  1
0108  0  0  0  0  0  0  0  0  0  0  0  0  0  0  0  0  0  0  0  0  0  0  0  0  0  0  0  0  0  0  0  0  0  0  0  0  0  0  0  0  0  0  0  0  0  0  0  0  0  0  0  0 70  2 63  2 56  2 69  3 77  2 78  1  0  0  0  0  0  0  0  0 75  1 81  3 86  4 86  5 92  5104  4110  3111  3111  3115  4128  4138  2140  3140  5142  3162  2  0  0  0  0 65  2 56  3 60  4 74  4 79  3 60  2
0109  0  0  0  0  0  0  0  0  0  0  0  0  0  0  0  0  0  0  0  0  0  0  0  0287  1  0  0  0  0  0  0  0  0  0  0  0  0  0  0  0  0  0  0  0  0 18  2 16  2 13  2 15  2  0  0  0  0  0  0301  2294  4304  3303  3306  3307  3297  3303  3319  4329  3321  3321  3344  4  1  5  8  5 13  4 17  5 51  5 97  5 98  6 90  7 90  8 83  8 81  7 66  6 48  6 56  4 53  4 31  4 17  5
0110344  4333  5354  7  2  8 16  8 21  9 12 11 34 11 68  8 77 10 71 12 40  9 22 10 23 15 21 13 16  6  5  6  9  8 27  8 27 11 30 10 57  7 48  8 20 10 15 12  9 13 13 12 15 10 10 11 13 13 17 13 19 13 11 10 23  4 45  5 64  8 87  6 74  7 75 12 96 13 97 11110  9124  9121  9100  8 87  5 80  4 51  5 22  4 32  4 55  6 29  7  4  7352  7346  9352 12352 11345  8348 11  1 12
0111349  9318  8303  6318  6351  8 13  7 17  7  1  9349  8348  5340  4  3  9 21 11  3  7320  3291  3313  6324  9323  8333  7327  6308  5311  5308  5304  5309  6298  6283  7285  7298  6325  7352  9352  8358  5 41  3 67  4 46  6 41  5 15  4322  3278  3266  3270  4264  4256  5254  6243  6276  5303  5308  6338 11359 13  4 12360 10358  8354  8344  8329  9327  8346  6
0112349  4326  4312  4297  2310  3342  6327  7312  5108  3350  6336  8343  5339  3 18  1360  3319  4328  3314  2308  1  0  0198  1220  2267  7279  8264  6241  7244 10269 10279  6245  3219  1  0  0  0  0  0  0  0  0  0  0327  1  6  5 11  7 13  5 18  4 46  5 38  7  4 12353 14341 10341 10  5 11  5 16354 19354 13 12  7 21  3 11  3 40  4 57  4359  4341  3  4  2  1  5
0113356  7340  8326  9333  9341  8343  8345  8337  7330  6323  5327  7345  9357 10360 10  4 10  6 10  9  7 21  6 30  7 28  7 26  5 16  4353  3 30  2 86  2 96  6 98 12104 13113 11119 13116 17109 18110 16110 17116 18114 18108 17114 16111 13 80  7 73  7 85 11 78 13 65 11 72  6 55  4 78  4156  6176  9178 13162 12145  9160 10172 11183 10191 12177 14174 17179 20177 16
0114175 12154 12146 13167 13181 14186 15180 13181 15191 18195 18190 18183 19190 21201 23194 22181 23182 26185 26184 23186 22191 22195 22201 21203 21196 17203 13222 15205 15179 13185 13198 15213 16216 14206 16207 20218 19229 16242 13239  9198  8175 12187 16187 17196 21212 19198 17179 22178 19173 17166 18177 18222 15256 14262 19256 22247 17240 16238 18229 19207 16
0115203 11228 10227 12220 15237 17223 17220 17240 17224 15200 17190 18191 19208 21211 19204 15194 14187 19181 22180 21197 18207 16194 15195 16206 16195 16191 22209 22213 15206  9194  7182  7227  5260  8244 10251 10249 11231 10222  8250  4292  4314  6331  6353  5317  4245  7205 13182 15167 16167 11179 14179 21186 19198 17194 14175 14170 12191  9219  7244 11244 17
0116242 17240 17246 13249 13238 19229 18213 11221  8222  9221  8230  5256  6281  8267  7255  5264  7292  9312  7321  7313 10255  7225  4242  8241 13249 13251 15244 15250 11262 13257 15236 13235  8236 11225 16216 14225 11244 10240 13229 12226 10226 13237 14238 11209 13184 17180 16184 14189 14167 14127 11103 10125 10174 11190 16187 18184 15178 12169  9171 11181 15
0117178 12171 13165 14170 11183 11190 13204 15215 15224 15228 13212 10204 11211 13216 11199 12176 13178 16194 20196 18190 15190 15187 15204 11234  8237  7235  5201  3158  5166  7170  6172  7192 10188 11179  9176 11171 10154  7120 11108 12117 10118 11122 12151 16181 18189 17188 15183 12184 12182 10204  8234  7223  8198 11187 13181 15174 16172 13154  8158  6162  5
0118158  5172  9177 14179 15174 13179 14187 14192 13192 13185 11183  9188  6189  6182  7176  7179  8180  9179 11180  9180  7180  5182  6182  9186 11189 13187 15183 13180 10177 12181 12186 11180 12181 14196 15199 12198 12206 11203 11199 11199  8201  6184  7170  8176  7177  7181  8185  9185  9182 10181  9169  8145  8127  6144  4172  7180  9187  9189 11191 12195 11
0119182  7182  5183  4183  4183  5177  5169  4170  3152  3112  3121  3154  3161  2177  4206  4208  4204  5194  4181  3179  2184  3183  3182  4180  4172  4176  6178  6179  6182  6180  6181  6186  5186  4180  3169  3171  3181  4187  4196  2202  2205  1  0  0  0  0200  2198  2186  3169  2165  2158  3163  4165  4155  4146  3141  3125  2121  1149  1176  1176  1173  2
0120183  2183  2182  2186  2185  2179  2174  2169  3160  4164  5170  6168  6165  6165  7164  6155  6159  5164  5162  5169  5169  5170  4172  4172  3175  2174  1  0  0  0  0  0  0  0  0  0  0  0  0  0  0  0  0  0  0160  1163  2170  2169  2171  2174  3177  3181  2180  3176  3172  3171  3170  4171  4169  4170  4169  3164  3168  4168  3167  2168  2166  2170  2166  2
0121162  1160  1151  1143  1  0  0  0  0  0  0  0  0  0  0  0  0  0  0  0  0  0  0  0  0  0  0  0  0  0  0  0  0  0  0  0  0  0  0  0  0  0  0  0  0  0  0  0  0  0  0 63  1 53  1 53  1 73  2 90  6 97 10 98 13 97 13 92 11 87  9 87  8 82  6 83  5 82  4 83  3 97  4 86  4 64  2 18  2339  3335  4331  5326  7328  7332  7335  7341  7341  8340  9346  9352  8359  8  7  8
0122 19  7 27  7 35  6 48  4 58  4 68  4 79  5 90  4109  3123  2126  2  0  0  0  0  0  0  0  0  0  0  0  0  0  0  0  0  0  0  0  0  0  0  0  0273  2275  2275  1279  1284  1  0  0  0  0  0  0  0  0  0  0  0  0  0  0  0  0  0  0  0  0  0  0  0  0  0  0 80  1 81  2 77  1 66  1 33  1359  2358  2 12  2 18  3 14  4 19  4 21  4 17  3 25  2 29  2 22  2  8  1  0  0  0  0
0123  0  0  0  0  0  0  0  0  0  0  0  0 39  2 53  2 86  2111  3120  4124  3123  3120  2108  2100  3100  3 96  3 93  3 83  2 75  2 69  2 52  2 34  2 29  2 30  3 36  3 50  3 59  2 72  2 92  2103  2107  3106  3108  3104  3 96  3 87  2 78  2 70  2 63  2 50  2 31  1 20  1 23  2 27  2 26  2 22  2 16  2 12  1  0  0  0  0  0  0  0  0  0  0  0  0  0  0  0  0  0  0  0  0
0200  0  0  0  0  0  0  0  0  0  0  0  0  0  0  0  0100  1103  1109  2109  3102  3120  3142  2151  2162  3168  3167  2161  2153  3146  3137  3122  3113  4120  3118  3107  3114  3132  2135  1  0  0  0  0  0  0  0  0  0  0  0  0  0  0164  1  0  0  0  0  0  0  0  0  0  0  0  0150  2149  2143  2  0  0  0  0112  1108  2 90  2 79  2 78  2 82  2 87  3 92  4100  4107  4
0201113  4115  4109  4116  4117  3103  2 96  2  0  0  0  0  0  0  0  0  0  0  0  0334  1333  3327  4330  5338  6343  7343  6346  5354  3356  3355  3  2  4 13  3 30  2  0  0  0  0  0  0  0  0  0  0  0  0  0  0314  2305  2299  4306  6314  7316  7312  6310  7311  6316  5316  4312  2  0  0  0  0  0  0  0  0  0  0  0  0  0  0  0  0  0  0  0  0  0  0  0  0  0  0  0  0
0202  0  0  0  0  0  0  0  0  0  0348  1351  2354  3355  4352  4345  4334  4323  5317  5309  5304  5307  5312  4315  3323  2334  1  0  0  0  0  0  0  0  0  0  0  0  0  0  0  0  0  0  0  0  0  0  0  0  0  0  0353  1354  3356  3352  4353  5  6  5 19  5 19  4 11  4  3  4345  5323  5311  5308  6304  6297  7290  6275  5262  5258  4257  3289  2324  2323  2312  2326  1
0203  0  0  0  0321  2303  3290  4289  4285  4283  3280  2286  2293  2287  3289  3302  3315  3322  4324  5318  7310  7309  6305  5292  5291  5306  5308  6295  6292  5291  4288  4283  4277  5281  4300  3318  2326  2326  3316  3313  4320  5322  5321  5338  5354  5  1  5 18  5 24  5 23  4 30  3 34  3 51  3  0  0  0  0 83  1 84  3 83  4 88  5 90  5 90  5 90  5 90  6
0204 91  6 90  7 87  8 85  7 83  6 80  5 75  5 73  5 76  4 78  4 61  3 57  3 78  3 83  3 79  4 92  3101  3 99  4 99  4 97  4 95  4 86  4 78  4 75  5 70  4 61  3 57  3 62  3 42  2 34  2 37  1  0  0  0  0  0  0  0  0  0  0  0  0  0  0  0  0  0  0  0  0  0  0  0  0  0  0  0  0  0  0  0  0  0  0  9  2 16  2 12  3 10  3 15  3 15  3  5  3352  2345  3347  4346  4345  4
0205348  5354  4  2  5 12  5 25  6 40  6 44  4 47  3 56  3 63  4 44  4 23  4 37  8 36  9 28  7 19  7  8 10 17  9 20  5 20  6 27  7 20  6 16  4 29  4 39  3 68  2 90  3 96  4105  4 96  4 79  3 66  1 71  2 85  2  0  0  0  0  0  0 51  2 67  3103  2126  2125  3113  4 99  4102  5102  5102  4102  4 83  3 65  2 64  2 67  3 66  1 69  1 75  3 80  4 83  5 82  6 88  6 92  6
0206 92  6 93  5 91  6 93  5 90  3  0  0  0  0  0  0  0  0  0  0  0  0336  2347  3344  4335  5339  6344  6347  5350  4  1  3 17  2 32  1 52  1  0  0  0  0  0  0  0  0  0  0  1  1339  2331  2329  2329  2336  3345  3  4  3 18  2 10  3355  3337  3334  2325  1304  1298  1  0  0  0  0  0  0  0  0  0  0  0  0  0  0  0  0  0  0  0  0  0  0  0  0  0  0  0  0  0  0  0  0
0207  0  0  6  1  4  1  0  0  0  0  0  0  0  0  0  0120  2119  2113  2104  1 87  1  0  0  0  0 33  2 21  3354  3333  4328  7322 10318 10316 11326 11323 14317 26331 29334 25340 23346 19348 20356 19  4 16356 11357 10359 11353  8350  9346 11341 12331 12324 12325 12328 14331 14327 12321 13326 13330 11330 10332  9333 10338 11335 10321 10326 10332 10322  9319  9314  9
0208323  9336 10328  9322  8318  6320  5320  5312  5314  6327  7330  7328  8325  9319  7318  6322  6327  7323  7322  8313  7315  7330  7335  7322  6311  6311  4312  4313  8318 10326  8331 10336 12334  9335  8338 10356  9359  7344  8351  7356  6357  5351  6341  9341 12336 12323 11321 10326 11332 14337 16333 15335 13337 12340 11330 13324 15338 15347 13346 10347 11
0209344 12340 11349  8  1  8360  9345  7340  7343  9336 12323 12323 10338 13341 12339 11337 10340  8344  9337 10323 10319  9318  8319  9314 12316 14325 15319 20319 21318 15311 12322 11334 10342 12340 14333 13328 12323 14323 15324 13333 10353  8354 11339 15338 16342 14333 11329 11337 16342 19339 16326 14326 15335 14347 10348  8342 11355  9  4 12  3 18  7 17  6 14
0210359 13355 12344 11346 11352 11342 12336 16336 20340 20339 18331 14334 11343  9349 10346 14337 14350 13359 15360 18360 14351 14351 15351 16344 17348 17  6 20  8 18351 14348 15356 16353 17352 19356 16  4 16358 20359 17 10 16 11 20 11 22  6 22358 24  1 17351 12343 18353 19359 20358 17  7 16  8 23  2 23  9 19  7 20  6 23  3 22  2 19  1 17 13 13 19 15  2 18 14 12
0211 30 11 17 12  2 12359 21357 28  5 29 13 27  5 24358 28356 26  8 21 18 21  4 19  1 19 15 21 26 26 35 27 26 18 15 14 24 17 18 25  4 25 11 29 22 36 26 31 19 26 36 21 45 23 36 25 29 23 17 25 21 24 12 20  9 18 19 18 14 21 15 25 26 27 33 25 25 20 16 20 15 20 16 15 15 16 11 21 23 20 26 22 18 24 32 20 25 17 24 16 41 16 33 18 28 20 45 17 64 14 61 15 61 13 72 14 63 16
0212 46 22 33 21 27 20 19 22 25 20 25 20 17 22 17 26  5 28  2 28358 24  7 20 25 18 13 16  8 18  3 21  1 21 23 19 32 21 35 20 54 15 76 15 81 16 49 11 29 10 34 15 32 18 29 22 32 22 54 22 68 27 65 22 58 16 56 15 69 18 77 26 82 29 85 28 79 25 62 18 55 14 52 14 61 19 73 21 70 21 48 23 29 27 38 23 37 17 16 22  1 26 16 26 30 28 31 29 34 26 37 21 32 20 25 26 28 28 24 23
0213 21 23 33 24 32 28 26 31 45 22 50 14 49 10 45 15 42 21 32 22 13 23 44 25 88 25 84 26 71 24 80 28 87 31 81 30 82 30 90 32 88 35 84 39 84 37 85 30 90 27 81 25 74 23 76 21 74 20 66 24 71 31 78 33 79 29 70 29 50 31 37 28 47 23 65 23 73 21 83 21 78 20 71 16 85 18 82 18 70 17 68 20 70 25 72 25 51 24 42 23 56 22 54 21 54 17 49 17 34 21 59 20 82 17 58 21 25 23 20 19
0214 27 17 24 18 22 20 44 18 75 19 87 24 89 26 71 23 62 15 53 14 41 18 43 17 29 16 17 19 32 22 60 22 78 25 78 30 53 31 32 28 31 27 40 27 42 21 58 18 94 21 97 18 69 18 44 16 39 20 42 20 62 17 65 19 40 21 38 27 33 28 26 31 23 28 16 25 14 25 12 20 13 19 31 17 63 15 73 20 37 21 16 21 31 21 34 17 38 14 56 13 67 16 67 15 70 11 67 12 45 14 32 14 33 14 35 23 44 24 59 17
0215 44 13 39 13 63 14 62 12 50 12 29 21 15 29 27 25 46 21 51 19 42 23 37 33 41 33 33 24 17 20 11 24 12 29 20 32 21 30 16 28 21 27 30 18 29 16 26 19 29 25 26 29 48 23 64 19 41 23 37 25 45 18 37 19 45 27 43 31 31 31 39 25 43 22 46 20 40 17 25 20 27 23 30 24 29 21 36 19 34 21 22 28 35 32 37 27 42 22 53 17 33 21 42 25 64 19 60 19 53 20 57 21 69 24 54 22 47 18 75 25
0216 89 30 92 27 94 26 81 23 78 21 83 22 75 20 53 19 53 22 68 20 66 18 65 24 72 24 78 24 73 30 74 25 78 22 81 22 83 25 85 29 89 32 89 33 83 33 80 32 84 25 81 18 63 16 69 13 75 10 69 17 79 25 74 22 52 18 45 21 49 20 61 14 59 15 56 19 67 22 74 26 83 29 82 26 76 20 75 15 79 13 71 15 60 17 70 18 75 22 66 21 69 19 75 25 83 29 71 23 51 17 51 15 57 14 63 16 59 19 57 16
0217 60 14 52 12 59 11 73 16 62 16 76 14 79 13 53 12 59 10 79  9 89 14 70 17 56 17 67 11 73 13 74 24 78 22 63 19 50 15 71 12 92 14 72 14 64 10 81 12 72 13 65 15 65 15 59 11 50 13 65 16 65 15 35 11 26  9 57 10 79 11 75 11 94 19 94 25 86 21 92 19 84 17 53 13 54 14 74 19 80 17 91 13 80 15 70 17 78 17 81 20 77 19 81 18 92 20 86 19 79 18 76 16 52 10 57  7 89  7 98 11
0218 92 16 82 19 88 17 95 14 86 17 86 19 88 18 70 14 63  9 68  7 77 10 87 17 85 17 84 17 79 16 60 12 50 10 40 16 34 19 34 13 25 16 36 20 44 19 35 20 29 23 47 20 49 19 39 21 43 20 43 19 39 19 21 16 24 18 30 17 20 13 14 18 20 24 43 24 42 21 25 23 17 20 11 15 25 14 30 18 27 24 28 27 26 28 24 25 21 22 21 23 27 24 22 22 23 23 26 21 18 23 16 23 38 17 57 15 59 13 43  8
0219 28 16 37 22 37 17 42 17 52 14 62 13 57 16 52 18 42 18 28 22 37 19 38 11 54 12 70 13 61 11 61 11 66 14 60 18 47 15 24 11 15 11 24 18 31 22 37 20 31 17 25 13 35 12 66 14 60 21 51 18 59 11 56 10 72 12 67 12 60 12 74 17 66 18 57 17 53 17 50 15 62 11 63 13 66 18 68 17 66 13 62 10 62 11 68 14 56 14 55 13 65 10 67 10 57 11 54 10 66  9 59  7 58  9 73 12 63 11 51 10
0220 58 10 45 10 51  7 50 12 43 20 45 20 43 14 55 11 57 14 63 16 58 11 50 10 58 13 57 14 60 14 56 10 36 12 33 15 45 12 33  7 29  8 40 16 50 14 69 13 71 18 56 16 44 15 40 16 43 17 51 20 43 20 41 17 53 19 61 17 64 17 59 21 54 19 63 16 59 15 48 15 39 12 39 14 55 16 63 15 60 12 56  7 47 10 49 13 66 18 59 18 56 15 67 18 57 20 56 22 68 20 70 13 64 11 49 10 56 19 66 26
0221 54 21 53 18 65 23 61 24 53 20 62 18 68 15 56 14 43 13 43 16 41 18 49 14 60 17 62 22 63 20 58 16 60 17 65 21 51 17 48 13 60 15 60 12 57 11 54 13 55 13 55 12 52 15 59 13 71 12 79 15 67 12 65  9 73  7 72  7 69  9 61  7 73  7 82 14 68 15 68 12 83 13 80 14 71 16 74 12 67 13 70 15 73 15 68 13 75 11 75 14 72 14 73 12 74 16 79 16 77 12 73 15 70 18 71 17 77 16 72 15
0222 58 12 56  8 63  7 57  7 52  5 50  7 33  8 30  6 48  8 23  8 19 13 56 13 47  9 37 11 39 11 30  9 25  6 26 11 37 16 40 13 29 11 20 18 36 24 51 18 35 16 28 19 31 13 29  9 37 12 26 10 17  8 27  8 31  9 36 16 37 20 29 16 22 11 21  8 16 11 11 16 19 18 33 18 26 18 34 16 42 16 41 22 57 19 74 14 75 16 70 15 58 15 64 15 72 19 76 23 73 19 68 15 64 17 61 18 65 17 68 17
0223 67 13 72 15 58 16 39 18 48 20 43 14 41 12 59 10 61  7 49  7 53  7 53 11 52 12 73  9 64 11 44 14 51 13 51 13 47 13 56 10 66 10 75  9 66  9 63 11 68 12 68 14 66 14 62 10 66  8 66 11 63 14 59 13 59 11 55 10 67 10 75 10 46  9 43 10 67 11 79 12 69 10 52  8 56  9 72  9 74 10 61 11 63 11 67 10 78  8 75  9 57  9 58  7 65  7 75  7 54  5 49  4 81  3 86  3 70  3 68  3
0300 78  4 77  5 73  6 73  6 74  6 69  5 70  6 66  5 63  3 67  3 75  4 85  5 81  6 79  6 88  6 83  6 83  6 86  5 77  5 67  4 68  5 73  5 50  4 43  4 60  2 60  6 64  8 65  6 53  8 42  6 47  4 80  5 63  4 35  6 44  7 39  6 40  6 42  7 48  7 51  9 53  8 40  6 27  5 52  3 56  4 45  6 42  5 60  3 82  3 69  3 71  5 71  7 43  7 27  6 44  8 49 10 46 11 44 12 42 11 44  9
0301 45  9 44  8 40  8 51 11 42 12 33 15 49 17 45 18109  5 47 12 32 14 36 15 52 16 60 18 52 15 54 11 40 15 32 16 45 11 44 11 56  8 88  7 94  7 58  9 31  9 24  6 33  5 30  7 25  8 32 11 36 16 32 16 35 14 42 14 42 14 38  9 45  8 46 17 30 18 30 14 51 15 64 11 67 10 65 14 64 14 63 13 55 15 52 15 46 13 51 10 62 13 64 15 66 14 70 13 68 12 70 14 80 13 82 10 74 11 60  9
0302 67 12 75 12 75 10 82 11 81 11 88 12 94 12 85 10 85 10 89  9 88  8 85  7 83  7 81  7 78  7 77  6 70  6 57  5 51  4 41  4 31  5 42  5 40  3 29  4 35  7 47 12 50 13 44  9 41  8 39  7 38  6 45  5 49  3 39  2  0  0  0  0 48  2 37  3 32  2 32  4 33  7 35  7 39  7 36  9 32 13 40 12 44 10 41  9 30  8 31 13 33 13 22 10 14  7 23  5 22 10 21 19 21 18 21 13 24 15 25 15
0303 35 12 31 11 19  8 20  6 22  5  2  5347  3346  3342  3331  5326  7319  7321  6325  8332 10335  9333  9346 10356 10360 10  3  9  2  8359  7352  7352  7357  7356  8356  9358  9  2  9  4  8  4  8  3  9  5  8 10  5 11  4  9  5 11  6 15  5  9  4  8  4  5  5359  4356  5351  6347  6338  4335  4356  5  9  5 13  6 17  5360  4354  4358  3  1  2 15  3 17  5  3  4 19  7
0304 28 11 19  8 14  6  7  7  1  7358  6352  5351  5355  6354  6353  5354  6  2  4  4  2  8  3 11  3  8  3  2  3  5  6 20 10 31 11 34  9 20  6 39  5 61  6 31  7 26  7 53  5 48  4 33  5 31  5 29  3 55  3 68  3 78  4113  3130  2140  3151  3159  3162  6170  7157  5162  3124  1  0  0  0  0  0  0  0  0  0  0  0  0  0  0  0  0  0  0  0  0 42  1 53  1 58  2 61  2 65  3
0305 71  3 58  3 33  3 34  4 44  5 39  5 34  5 36  4 42  4 47  4 46  4 36  3 24  3 25  2 24  2 11  3358  3352  3353  4353  3  6  2  3  1  0  0109  4  0  0  0  0  0  0  0  0  0  0  0  0  0  0  0  0  0  0191  1188  2197  2198  1  0  0198  1214  2  0  0266  1280  2288  3299  4286  5268  6271  6278  5285  4276  3255  3246  3236  2244  2265  4273  4298  4319  5323  5
0306318  5312  5320  5337  4334  4327  4334  4330  3330  4333  4317  3322  2312  2279  3273  4281  5290  6283  7272  7272  8278  7287  7294  8297  8306  8306  9297 10303  8307  8299  9294  9294  8298  8302  8303  8296  8286  7287  5280  4261  2  0  0229  1235  3232  2233  2232  3237  3287  1  0  0271  2261  3273  2281  3282  3271  4258  4250  4242  4232  4224  3
0307220  3229  2  0  0  0  0  0  0  0  0  0  0  1  3  3  4359  5356  7350  7346  7341  8338  8339  8342  8339  9338  9337  9327  7321  7321  8320  9320 10321  9322  7326 10330 12329 12327 11329  9330  7337  6339  5333  5331  4348  3  4  2 28  1  0  0  0  0  0  0  0  0  0  0  0  0  0  0  0  0  0  0  0  0  0  0194  2196  3194  3200  3200  3201  4205  4196  3189  2
0308204  2  0  0  0  0  0  0  0  0  0  0  0  0  0  0  0  0  0  0162  2162  2  0  0  0  0  0  0  0  0  0  0  0  0  0  0  0  0  0  0  0  0  0  0  0  0  0  0 84  2 83  3 94  3110  2120  1  0  0  0  0  0  0  0  0 15  1  9  2 13  1 32  1 49  2 58  4 60  6 50  4 54  2 51  2 45  4 56  3 59  2 78  2 86  1  0  0  0  0 23  2 19  2 37  1  0  0  0  0  0  0  0  0  0  0  0  0
0309  0  0  0  0346  1 31  2  0  0  0  0  0  0  0  0  0  0  0  0  0  0  0  0  0  0  0  0  0  0  0  0  0  0  0  0  0  0117  2120  3126  3122  4113  4108  5107  6106  5114  4123  3154  3177  4162  5166  4183  4182  3172  4153  5146  5108 10109  3 62  2  0  0  0  0 83  2 99  3108  4102  6102  5119  4118  5111  5113  4102  4 97  4 90  6 89  7103  7106  8106  8100  8
0310 71  7 75  5 99  6 85  8 60  7 20  9 12 10 38  9 29 10 25 11 32  9 13  9 10 14 20 16 26 14 39 17 37 17 16 10 18 12 29 18 25 16 22 12 28 13 28 15 31 16 48 16 51 15 55 11 46  9 30 15 22 16 28 11 24 11 13 13 27 13 34 14 36 16 52 13 75  7 63  7 31 11 45 14 53 12 33  9 37 13 76 15 82 10 43  7 15  5 27  6 69  6 63  9 72 12 82 16 70 17 61 14 61 16 51 14 37  9 38 12
0311 60 11 64 10 48 13 47 11 55 10 56 10 41  9 41  6 61  5 77 12 79 23 67 18 58 12 60 12 66 10 74 17 79 19 74 14 77 13 77 12 83 12 87 20 77 28 81 22 76 15 82 18 85 24 73 24 82 26 87 24 72 18 65 17 64 19 55 15 52 10 68 10 79  9 58  7 68  5 82  6 86  9 80 10 61  8 49  9 45 13 64 18 57 18 55 16 69 12 72 10 72 12 52 12 28 13 51 15 82 13 68 11 60 10 61  9 72  6 61  3
0312 25  3  8  5  8 13 21 20 14 21  3 14 15 11 15 14  9 13 15 13 18 15 20 17 13 17 10 12  8 10357  8  7  9 11 12  3 10  4 10 12 10 34  7 45  8 43 12 32 14 12 12354 14  1 16 11 16359 17347 20356 18 11 16 21 18 23 16 11 12  1 14  4 16 10 15  3 15  2 21  4 20  8 14  6 12  1 15  3 19  2 21358 22  3 21  4 16358 16358 23  7 23  7 17 10 17 16 19 16 17 14 14 11 16 17 18
0313 30 15 49 13 46 13 30 14 15 13  2 12357 16  1 23 10 27 14 27  8 24 20 21 30 19 28 22 33 24 31 26 28 27 47 20 61 13 61 11 61 12 67 13 64 13 45 16 40 21 36 25 27 27 12 17 15 15 31 25 27 29 19 27 25 23 33 25 35 28 36 25 56 25 77 29 76 28 59 25 51 19 55 18 63 19 78 22 79 21 82 19 84 21 88 18 83 14 43 18 20 25 31 29 25 25107 26 40 10 44 10 63 13 47 18 46 16 67 14
0314 54 14 39 21 20 28 21 32 28 33 30 27 19 27 16 26 39 22 51 19 57 21 62 23 50 22 42 24 50 22 55 18 61 19 70 22 58 17 69 11 75 16 54 20 52 20 58 23 63 22 55 21 29 16 15 13 29 14 21 21 15 27 22 22 10 20 15 18 26 21 37 17 39 13 38 14 39 18 24 17 39 15 70 24 56 23 30 18 19 16 18 14 39 13 69 12 62 10 39  8 43 11 60 15 46 12 71  8 74 10 25 20 25 24 23 21 43 20 62 19
0315 55 18 48 23 32 27 24 26 30 27 31 25 23 27 19 25 46 20 49 21 15 23  1 23 11 21 42 16 78 17 73 19 67 11 85  9 76 13 42 13 20 11 27 20 38 24 35 18 31 16 23 17 33 14 38 18 33 22 54 17 62 11 39 12 20 12 18 12 23 17 31 20 34 22 44 22 57 22 68 18 40 15 17 21 26 21 27 21 30 25 26 25 26 23 29 23 33 21 44 18 40 16 19 17 13 22 23 19 25 18 19 22 17 21 30 15 44 14 34 21
0316 14 25  9 22 19 17 32 16 35 20 22 21 18 18 20 16 22 18 28 18 29 15 12 19 16 24 31 25 31 27 37 20 30 16 23 19 31 19 31 17  9 13  8 19 27 21 71 15102 15 91 18 79 18 45 14 18 16 19 17 29 15 45 15 34 14 29 20 33 20 42 14 65 13 79 13 66 14 26 18 15 23 14 24  1 23  4 21 12 22  7 24  5 22 20 15 27 13 14 13  9 13 30 17 52 15 36 19 18 25 24 21 36 20 34 19 30 21 36 25
0317 30 23 30 18 52 23 68 22 70 16 71 19 68 19 76 15 90 17 87 23 78 23 50 18 48 16 65 15 50 11 66  8 76  8 62  8 76 14 80 20 72 14 84 11 73 18 40 20 28 18 23 19 25 19 37 16 32 22 24 24 27 16 25 13 29 13 20 11 15 11 32 14 54 10 80 10 74 12 71 11 74 11 52 11 38 13 55 15 73 13 43  8 44  5 75  4 96  4108  4 36  4353  2  9  1 49  5 68  7 42  5 72 10 77 14 57 11 51  7
0318 65  8 59  9 40 11 43 16 47 16 64 13 73 10 71  9108  5 40 11 27  9 26 11 23 15 21 15 26 14 29 15 23 15 24 15 35 15 32 15 23 17 23 18 21 18 10 16 22 10 35  7 25  8 31  8 34  6 26 12 25 17 27 19 29 20 29 18 36 15 31 12 12 11 19 16 28 20 30 18 32 18 31 14 33 10 21  8 14  6 37  8 45 12 36 16 31 16 29 14 29 17 31 15 24 18 14 29 12 27360 21349 26354 27356 29352 32
0319351 23356 21360 24  4 25  1 24358 21  4 23 10 25  6 24  3 20360 18359 18  2 23360 28  4 24 13 19 16 18 11 19 13 19 18 18 15 19 11 23 17 22 26 19 18 16  9 15 10 16 10 13 10 14  6 17  3 20  4 23  5 26 10 28  7 26  8 24  7 26  1 26  4 31  3 27  3 17  1 19359 21 10 17 10 19 16 20 12 21  9 22 14 20 18 20 31 24 20 25 15 27 17 28 13 21 21 14 13 15  2 15 13 13  9 16
0320  7 17 10 17 18 15 13 13  7 14 16 16 21 18 20 17 16 17 21 16 22 18 22 22 24 19 20 21 19 23 21 20 24 18 29 18 27 19 12 13 17 13 29 17 31 14 25 13 23 15 31 20 29 19 19 14 17 15 15 20 21 18 31 18 25 21 21 21 20 17 17 15 21 21 32 23 26 25 22 25 24 26 24 30 29 30 17 22  7 13  1 13  1 18 18 17 23 14 27 14 27 23 21 26 23 23 40 19 43 19 32 20 30 21 24 21 16 17 16 16
0321 15 17 16 20 17 17 18 13 13 16  7 14  9 15 20 19 24 18 19 14  9 12  4 14 12 15 16 19 19 23 20 22 17 19 11 14 21 12 29 12 21 11 16 16 21 17 22 15 28 15 30 14 21 17 17 16 24 12 24 10  9 12  2 13  9 17 22 22 26 23 30 23 27 22 21 22 23 24 27 22 24 18 22 14 27 14 25 12 22  7 25  8 22 11 16 14 19 14 16 12 20 12 34 19 33 19 29 12 40 11 46 15 19 14 22  9 44  9 42 11
0322 35 12 21 10 27 13 35 11 25  7 24 14 27 17 25 14 21 13 25 13 33 16 28 17 31 12 31 12 21 17 23 15 20 13 11 11  8  7 17  8 19 11 19 14 31 15 29 12 27  9 51  5 42  8 19 16 22 19 23 15 31 11 32 13 42 16 38 12 37  8 36  6 27  8 23 10 15  8 22  9 33  9 32  8 23  8 37  6 46  8 13  8  7  8 28  9 26  9 20 11 30 13 29 13 16 14 27 12 37  9 24  8 31  6 45  4 29  8  3  8
0323  9  8 37 10 45 11 39 13 39 12 27  9 18  7  4  5 36  4 79  5 57  7 47  9 42 13 29 22 37 21 62 11 55  9 48 12 44 15 39 18 50 15 50 14 56 15 63 15 54 13 44 10 18 10 16 11 51  8 67  9 64  9 50  9 53  6 78  3 65  8 47 12 40 11 26  8 49  6 62  8 64  8 66  9 49 10 53 10 70  9 60  8 64  8 68  9 61  8 57 10 61 13 66 12 57  9 44  7 44  6 38 11 32 14 42 14 48 14 61 11
0400 61  8 49  9 57 10 67  9 71  8 72  7 72  6 59  6 56  6 67  6 58  5 60  4 64  4 61  5 49  9 59  8 50  9 28 10 41  9 34 10 40 10 63 11 70 11 71  9 69  9 59  9 44  8 49  7 53  7 56  6 54 12 46 15 41 10 53 11 69 11 64 10 65 11 61 11 63  9 75 10 71 12 73 12 76 10 78 10 85 11 83  9 78 10 83  9 85  8 79  8 87  6 91  6 82  5 74  5 77  5 94  5 94  6 83  7 81  5 89  4
0401 92  7100  8102  5 84  5 80  6 84  5 88  4 91  4 94  4 93  6 88  6 78  6 77  7 82  6 75  4 74  6 81  8 73  6 73  5 72  7 73  5 53  2 27  4 31  5 36  6 33  6 30  5 41  3 31  2 15  1  3  1347  1336  3329  5326  6329  6329  5351  3 21  2  0  0  0  0  0  0  0  0  0  0  0  0  0  0294  1295  2278  4285  4299  2  0  0326  1288  3288  4318  3326  3309  4315  4310  3
0402298  3306  3327  3323  4310  5325  4  3  2  3  1  0  0  0  0  0  0  0  0  0  0  0  0  0  0  0  0  0  0  0  0  0  0  0  0  0  0336  1345  1  0  0  0  0  0  0  0  0  0  0  0  0  0  0  0  0  0  0  0  0  0  0  0  0  0  0343  2349  2  0  0  0  0  1  1343  3328  4319  6319  6316  8309  9308 10307 10308  8313  7311  7308  8304  7297  8293  8291  8292  8299  7301  5
0403303  5307  5314  5319  6320  5327  6325  6315  7311  7318  7314  7305  6312  7307  7297  5302  5310  5314  6310  6301  4294  5287  6284  7284  8285  7289  7293  7290  7289  7302  5313  5304  5295  4292  5290  5291  5291  6291  5296  5297  7301  8304  7301  8306  7314  7322  7324  4333  4342  4341  5336  6335  6341  6343  6339  7340  7345  6346  6349  6353  6
0404357  6  2  6  3  6  7  5 11  4 17  4 18  3  5  3351  4337  5317  4300  4295  4297  6296  6292  6295  7296  6292  5293  5295  4304  4307  4307  3313  3311  4310  5308  4316  5322  5319  5319  4318  4313  4309  4302  6295  6294  6294  6293  7295  7301  8303  6305  6321  7327  7315  8312  7318  6314  6317  7333  6331  5322  7322  8338  6337  4329  4344  6352  7
0405358  7  2  7  1  7  9  6 19  6 28  5 37  4 41  3 64  2 67  1  0  0  0  0172  1193  2212  2223  1  0  0217  1222  2227  2220  2224  2238  2250  1  0  0  0  0  0  0  0  0299  1296  3300  5302  8302  8300  7299  6301  6302  7309  7314  6313  5315  6310  5314  4313  4305  3295  3285  2290  3297  5300  5309  5322  5331  5330  5331  8335  9332  8337  8344  7344  7
0406334  8326  8327  8326  7324  7324  8323  8328  8329  7329  6333  7329  6328  7325  7323  6323  6316  6312  7310  6316  5330  5333  7332  7332  5336  6343  7356  5  5  5  8  5 17  6 28  5 39  4 47  4 54  1  0  0  0  0  0  0  0  0  0  0  0  0212  1202  2203  2204  2210  3221  3242  3273  4294  6298  9301 10306  8305  8301 11300 10295  7298  6298  6298  5315  5
0407324  6328  6336  7344  9344 11337 13330 14328 13331 12333 11333 11345  9350  6340  8333  9334  7336  7335  7338  7336  7335  7333  7333  7336  8335  8332  7334  7333  7331  8329  9319  8311  7314  7318  7311  7312  7322  6318  6317  5326  4299  3305  3332  4307  3312  2331  1  0  0  0  0112  2112  2115  2116  2119  1127  1  0  0  0  0  0  0  0  0  0  0  0  0
0408  0  0  0  0  0  0  0  0  0  0  0  0  0  0  0  0  0  0230  1225  1238  2247  2254  2262  2276  1  0  0  0  0326  2311  2285  2276  2244  2210  3183  3164  3172  4180  5175  5171  6165  6150  4136  2113  3102  6104  6103  6101  7 95  9 98 10 96  7 98  5114  5123  6122  6 94  4 61  2 25  3 11  3 41  3 68  5 81  6 88  6 95  7101  9 91  8 85  5 79  6 76  7 83  5
0409 57  3 37  1 25  2 22  4 27  4359  2  0  0  0  0  0  0141  2123  5101  5101  6110  8112  9118  9123  9120 11117  9114  7118  7119  6144  5149  3108  4 85  5 84  3107  2 86  3 57  3 50  2 39  1 58  4 83  5 85  4 70  6 75  8 87  7 87  7 89  7 66  7 15  4351  1317  4329 10321 12326 10343  8356  8351  9334  9316  7306  6336  7 16  9 17 11352 10344 13356 15358 15
0410  3 15  7 14 10 12359 11339 11329  9324  7324  8331 10331 11339 12347 14342 15339 13338 13334 13352 11359 10343 11346 11335 10328  9340 10348 10351  9  5  7  4  8340 10334 11338 10  4  8 53 10 69 11 68 11 70 12 62 10 58  9 65 11 70  8 83  5 71  7 41  6 69  7 95  9102 10113  8113  6126  4153  2108  1 43  7 26 14 30 14 79  9107  5 82  6 65  6 61  6 65  4105  6
0411 95  9102 10113  8113  6126  4153  2108  1 43  7 26 14 30 14 79  9107  5 82  6 65  6 61  6 65  4105  6108 18146  8164  8173  8177  7205  7227  7235  8255  7274  6280  7289  9301  9304  8310  8312  7287  4201  2131  4161  7202  9211 10225 10233  9233  8243 10249 13224 11194 10197  8192  5187  4231  5279  8300 10327 11343 10319  7275  5223  3  0  0  0  0301  5
0412332  9308  7271  4257  5279 10300 12302 11316  8355  9343  8360  4 36  6 21 10 24 10334  7265 11296 18335 20323 17323 10302  8297  9340 13338 18299 14283 16282 22280 20326 16358 18346 20340 16321 15306 15302 14304 17320 20339 19336 18327 18320 21321 18313 14304 17310 20310 21309 21309 16307 12316 17335 24345 24353 19343 16314 16303 16293 13286 14281 19293 20
0413311 20305 17305 17303 18309 19316 16312 15321 22317 21302 22310 26319 23314 20318 19314 19297 22298 25308 29309 26303 22312 22313 17323 23347 30  1 25347 25331 27326 23316 21322 22317 17289 12290 16302 17296 15302 18316 21316 28310 26307 22304 19307 20326 25347 24349 26343 24324 19306 18304 20310 20305 16312 18335 17323 18321 23328 24311 23290 19280 18292 21
0414312 16329 12329 15320 16322 20329 25327 20339 15340 12320 14313 21307 20294 16295 15317 22333 28349 19356 16343 23330 22327 17327 16308 16299 16310 14323 13337 13347 21357 23  5 15352 14339 13313  9257  9242 15291 19332 17347 17352 18  1 19 16 21 53 15 72 11 55 16 49 19 69 14 89 13 58 11359 11334 15348 20357 26355 25352 22345 18342 19343 16307  9300  9336 12
0415  1 20 16 26358 18329  7332  8338 11349 12 34 12 56 16 42 15 16 12356 12 15 10 49  7 98  7161  7102  9 46 17 25 20 26 17 19 15  7 14 10 17 24 20 24 21 15 22359 20 24 13 39 12 27 18 34 19 24 20108 19351 19321 18322 16340 19347 23341 25333 22333 15  4 18 20 19 17 17 23 18 21 21 19 24 25 24 26 21 15 19 13 21 20 19 26 19 14 20 22 17 60 21 80 20 83 14 80 14 46 16
0416 14 22 12 26356 21351 18353 20353 20360 16350 17338 16  9 16 26 16348 11346  9  9 13  7 17 17 18 29 16 35 16 36 17 22 16 16 17 19 18 35 16 62 15 46 16 25 14 49 10 70 14 97 17105 16 98 17105 20109 22101 21105 15105 15 94 18 95 15109 14122 14128 12110 14 91 21 85 23 81 24 84 24101 27116 32107 29 92 27 98 23108 21114 23112 23 92 24 75 25 74 20 73 13 73 10 80 15
0417 86 21 88 28 86 31 93 28 92 23 86 24 75 24 78 25 85 29 77 28 70 21 68 13 61  8 52  6 43 15 33 21 56 24 73 29 78 24 76 18 75 21 81 22 75 16 76 11 47 15 18 20 28 23 59 23 71 23 47 23 45 16 46 11 31 14 18 19 24 19 22 20 17 24 41 22 49 15 27 14 21 21 24 22 12 18 13 21 46 19 56 11 51 11 32 12 30 10 45 10 51 15 48 20 29 25 40 28 58 24 41 17 17 22 30 28 46 26 50 20
0418 61 20 57 24 32 26 47 21 64 18 54 26 48 25 37 20 23 25 15 27 17 26 20 26 23 22 30 21 33 20 37 21 46 20 50 19 46 17 26 23 10 35 23 31 45 19 40 16 28 26 33 37 32 29 26 18 25 17 21 19 21 27 36 26 46 18 39 15 42 14 47 23 35 29 27 22 29 18 26 15 35 14 44 22 46 20 42 17 18 20 12 21 16 25 16 21 16 18 19 18 27 22 27 23 22 17 26 25 29 32 23 31 18 29 21 28 24 26 28 31
0419 28 27 27 20 27 25 32 28 40 23 29 20 15 19 19 17 29 16 29 23 29 31 28 27 35 22 39 22 35 19 44 14 50 17 50 19 66 17 62 15 52 16 58 18 41 19 31 22 48 20 59 17 59 17 63 19 51 23 42 24 45 20 49 17 48 22 39 23 35 19 41 18 50 16 43 11 45  8 40 19 24 27 39 24 43 26 26 22 26 21 33 21 30 17110 13 43 13 28 15 57 15 60 16 46 16 62 17 63 17 64 15 59 15 32 25 28 28 44 19
0420 43 16 27 16 27 13 39  8 41 15 23 22 32 16 60 10 69 10 54 11 40 11 39 13 56 11 68 13 59 19 57 19 66 16 64 14 59 10 62  8 65 10 66 13 59 17 55 20 52 20 68 15 62 12 40 16 36 19 38 16 59 13 73  9 67 11 57 14 36 19 25 28 35 24 46 15 45 11 35  6 29 10 49 14 63 11 42 10 46 11 71 14 66 15 48 17 45 17 55 15 60 16 46 19 44 21 49 16 50 16 59 18 48 18 38 15 48 13 56 15
0421 55 22 54 23 52 18 57 17 61 18 50 16 52 14 50 15 44 14 34 16 26 22 49 19 60 16 43 17 29 18 27 21 52 18 72 14 68 17 60 20 63 18 57 13 28 14 32 16 41 17 36 20 42 19 46 20 37 19 25 14 27 16 35 17 30 12 30 14 35 11 53  7 65  9 51  9 61  9 66 14 65 13 73  9 67  9 70 12 80 15 79 16 70 20 68 23 71 25 72 26 62 22 63 22 79 25 76 25 71 20 64 19 60 21 66 22 65 23 57 23
0422 53 22 62 20 66 19 55 24 53 22 57 17 49 23 50 23 50 22 60 22 64 21 56 23 51 19 59 18 62 19 51 17 73 15 69 14 49 17 70 20 65 15 52 14 46 17 37 14 39 12 52 12 60  9 44  8 48  8 71 11 62 14 47 12 61 11 71 12 65 10 56 11 65 11 67 11 59 13 72 12 80 10 70 11 75 12 79 15 63 20 66 20 77 21 70 22 67 19 65 18 52 19 53 21 65 21 58 16 52 11 65 10 71 15 62 15 59 10 64 11
0423 49 16 48 15 66 14 49 19 37 21 35 19 23 21 27 23 39 22 54 21 46 13 44 13 39 11 35 11 54 15 61 18 64 15 55 11 50 12 56 16 57 17 45 13 47  9 60 11 55 13 42 14 50 13 63 15 61 15 54 13 55 14 62 18 58 20 50 18 50 17 52 16 37 14 47 11 53  9 48 10 44 10 33 12 42 11 34 10 23 16 24 18 37 16 48 15 43 15 45 13 60 12 65 13 55 13 44 14 40 14 44  8 37  9 40  9 46 10 46 17
0500 56 18 64 13110 28 65 11 64 13 74 16 66 19 67 19 68 17 65 17 65 16 60 14 51 13 55 15 63 14 70 11 63 11 57 11 54 11 50  9 50  8 35 10 50 10 59 11 40 13 44 10 41 10 38 14 64 17 70 15 38  9 32  9 51 14 45 14 49 11 66 11 69 16 68 18 54 13 53 10 62 10 48 11 60 10 49  9 37  8 54  8 58  9 51  9 46  9 56 11 55 12 63 12 71 13 69 12 66 14 68 14 67 12 68 10 71  9 58 11
0501 52 13 44 13 35 11 58  8 78  7 61  8 62  8 54  9 48 13 71 13 77 11 74 11 77  7 73  8 63 10 65 11 82 11 86 11 77 11 83 12 88 14 85 14 78 15 68 17 65 16 72 14 74 12 60 11 59 13 74 16 73 14 64 13 63 16 67 18 70 17 70 15 73 13 76 15 72 15 74 13 78 14 70 15 69 17 66 18 67 15 68 18 66 17 61 11 58 12 66 15 56 14 31 12 37 10 54 13 40 12 43 15 44 17 26 11 32  9 21  9
0502352 10350 13360 18  7 15352 14349 18340 15305 10292 11297 15302 13307 12295 13283 13283 10285 13287 15294 13313 11328 13334 14333 10322 10310 14306 16306 13308 13318 13318 14311 15315 12325 12329 13331 10335 11334 14338 16336 16331 14322 16325 18327 16329 15331 14330 15335 16335 15341 14346 16350 17344 14336 11340 12353 17  2 20358 22350 22347 17349 18346 22
0503345 21346 19344 18341 19341 18345 15338 14333 12343 14347 16348 16349 16347 19347 21345 19339 15333 12331 12309 13308 12333 11338 14337 16336 13339 16335 17336 12340 14337 14340 16346 21343 17345 14354 16337 14328 13338 21348 22346 18340 19345 20342 25342 29345 25349 20356 20352 23344 32343 38344 34348 30342 28343 28348 24351 23360 18  6 14  8 20  7 21358 18
0504352 20343 22335 23342 27344 28347 30355 30355 26347 23341 20345 18348 17356 22  3 26  2 26  8 22357 17110  3  5 33  5 40 13 38 18 29 13 22  2 19  5 21  5 28358 31355 26352 26353 22360 20  3 18353 12344 13352 21352 30344 29349 23344 17335 16340 17343 21344 24351 22  2 21  3 20  1 17 11 17  6 16354 13  5 13 10 14  5 13358 12  8 10 10  9  5  6359  4335  4344  6
0505342  8320  9333 10332 11316 13330 18345 18331 16313 18327 17335 15325 13329 10338  9343 11345 13338 11337  9342  7336  7337  8342 10341 11344  8353  8  4 10360 13354 16350 15354 12355 14346 18350 15356 14355 15  2 12  4  9352  9351 11354 13352 14348 13355 13  2 12359 13352 14346 12356 13  2 10  3  9 12 10 11 13  1 15354 14350 10348 11344 11346  9335 10331 10
0506  1 10 12 11  8 11  8  9360 11  3 13  5 13  2 13  2 11 15  9 27  7  3  5358  4359  6347  9359  7  4  7351  9343 13346 16350 14353 12348  9335  9340 13350 11352  9 11  7 28  5 16  6  9  7358  7347  9357 11  1 11357 10348 10349  8354  8349 10351 12345 12334 11330 11332  9334  9337 10331 12313 10323  9328  9310  8319 10333 13326 13328 10337 11341 11345  9341 11
0507339 14349 13359 14  5 12357 10360 13357 12344  9349  9343  9342 10346 11340  9335  9340 11338  9331  7330  8334  7337  8335  7330  6332  8334  7328  9348 12349 11357  7 13  7360  8353  7347  7340  8340  8339  9332 10337 14346 17345 16348 14356 14355 14355 13352 15352 14351 13349 14349 14349 15345 16350 13349 12344 14352 14355 13350 14349 12343  9342 10350 10
0508357 14352 17352 20355 25  3 26  4 22  2 23359 24  2 21358 18332 15340 17  3 19  2 20357 19356 15343 11345  9350  7347 10  7 16 16 20  4 22348 18351 18  3 21  5 20359 15356 12358 15  6 20  9 20358 16  5 14  6 10  4  7 28  7 44  7 29  5 15  5 25  7 32 12 17 17 25 17 48 15 29 15 14 17 21 18 29 18 36 20 25 17 24 13 31 13 34 14 50 13 54 10 37 11 24 13 10 15 12 19
0509  4 22348 18351 18  3 21  5 20359 15356 12358 15  6 20  9 20358 16  5 14  6 10  4  7 28  7 44  7 29  5 15  5 25  7 32 12 17 17 25 17 48 15 29 15 14 17 21 18 29 18 36 20 25 17 24 13 31 13 34 14 50 13 54 10 37 11 24 13 10 15 12 19  6 16358 13  4 19 16 19 25 17 27 18 35 18 38 15 53 14 58 15 48 14 46 15 39 18 51 16 76 12 69 10 63 10 65 12 62 12 65 14 46 17 34 14
0510 64 12 79 19 63 21 42 20 21 20  8 17  8 19 15 24 26 22 27 22 22 25 26 25 28 21 22 17 23 18 27 17 20 20 19 24 28 25 40 21 53 17 46 20 43 24 42 25 25 29 22 32 31 32 40 29 54 23 35 16 10 11 19 15 29 20 28 22 26 25 46 23 62 20 62 23 54 27 42 26 58 23 71 19 54 17 31 17 33 13 60 11 60 14 42 15 27  9 17 18  4 26 15 24 32 33 43 37 47 27 57 18 64 15 42 12 23 17  9 24
0511 10 30 18 32 17 24 13 21 11 22 15 21 20 24 19 23 17 20 34 22 44 18 31 12 39 18 40 29 22 32 13 28 26 21 54 19 39 19 21 21 27 27 30 30 15 25  6 24 18 31 22 26 30 26 36 31 39 26 39 21 32 24 32 20 42 15 47 14 46 16 48 16 56 21 49 20 49 25 51 40 35 48 29 40 31 36 36 40 55 32 71 29 78 33 75 35 44 33 25 35 27 39 31 37 41 28 43 22 38 22 42 15 30 17 11 29 13 42 19 43
0512 22 36 28 35 21 31 21 39 26 45 25 38 47 34 54 26 31 18 20 21 23 27 30 36 37 38 47 32 59 26 64 24 67 29 51 29 33 24 32 22 32 24 54 27 72 28 63 31 61 32 69 35 65 35 62 36 61 40 47 30 39 20 57 22 74 28 76 31 83 30 83 36 52 34 50 23 63 18 37 30 38 38 48 31 33 33 26 38 21 30 16 23 17 33 21 40 16 28 18 20 41 20 47 23 34 24 21 26 14 33 14 28 16 21 13 27 44 28 66 15
0513 46 10 37 27 34 39 28 30 26 29 47 30 34 22 27 18 44 18 44 21 46 26 34 32 42 30 53 26 39 22 22 20 21 19 24 23 23 35 19 29 16 17 24 22 29 29 23 24 13 18 15 16 20 16 19 19 26 24 50 27 66 25 64 23 50 22 55 20 67 20 70 26 79 32 84 26 62 18 15 17352 18 15 23 36 28 36 30 42 28 42 19 43 11 64 17 80 24 57 24 20 19 25 18 55 20 71 19 76 18 59 15 41 13 31 10 21 12 19 22
0514 18 29 22 26 21 28 32 28 48 21 48 18 57 18 52 23 41 24 34 21 15 19 14 23 43 27 69 19 57 14 30 23 23 30 25 30 14 31 12 34 15 35 19 32 17 35 26 35 31 25 20 18 30 17 40 19 31 23 21 24 12 23  8 17 21 16 17 23 24 25 35 24 21 23 12 17  8 16360 17 11 18 18 16 14 13 23 19 26 24 43 21 74 20 92 19 94 19 78 15 75 11 69 11 41 12 48 15 53 18 26 18360 20344 25327 22325 16
0515355 18 37 21 58 16 33 17 13 23 22 24 45 18 63 14 45 14 32 13 77 11107 14 94 19 79 23 70 23 64 17 48 15 34 15 23 18 17 20 24 16 21 21 20 26 16 22 16 18 26 21 31 21 48 17 45 14 82 10 72 11 19 14 32 12 44  9 57 12 75 21 88 25 69 26 22 20347 12342 14354 15354 18353 22  9 26 18 27 24 18 20  8 16 10 43 14 76 13 84 12 62 12 41 12 34 15 35 20 38 19 50 20 77 22 60 17
0516 31 14 43 11 56  8 61  7 55  8 19 11359 10342  8354  9 11 16 17 19 33 15  7 14358 18  8 21 37 17 45 12 16  9  3  5351  6347  5311  3310  8343 15 14 17 25 18  8 19  7 17 22 17 31 19 35 17 31 11 51  9 72 17 76 24 63 20 23 14 14 15 19 16  8 19 10 17  9 13  1 11  5 12 11 19 15 20 13 15  4 17  2 20  7 19 13 17  9 13 17  8 21 12 11 21 16 26 22 27 16 23  8 19  9 20
0517 28 22 46 21 48 14 51 11 57 15 55 18 40 17 37 13 24 11 13  9 33  7 31  8 33 15 33 20  9 20356 20356 23352 30356 32359 32352 31  2 29 22 26 23 23 19 19356 14346 12352 11349 10347 13347 22353 22358 15351 15342 18346 16358 17358 22349 24351 24  5 19 42 12 63 11 61 11 36 10 14 14 21 19 27 23 25 24 22 22 29 19 33 20 23 18  8 14360 14  9 14 26 11 27 11 24 14 19 14
0518 11 15 13 18 11 15 11 11 38  9 55  9 53 11 58 14 59 14 66 14 54 13 36 11 33 13 47 15 50 12 43 11 43 14 37 16 38 13 41 15 51 21 68 21 64 14 54 12 60 10 59  9 43 15 31 18 23 14 39 12 47 17 37 20 35 15 34 15 30 16 15 13  1 11  5 11  4  9  2 14 15 23 27 25 26 19 23 15 29 14 20 15 16 19 15 22 11 20 13 16 12 18 23 20 18 16 14 15 29 19 52 20 59 19 47 14 60  9 58 14
0519 35 20 21 20  8 15 22  9 39 15 39 19 36 13 35 10 30  8 27  5 26  7 32 15 56 17 64 12 52 12 48 14 46 11 23 11 14 15 26 21 24 22 21 20 28 20 18 19 14 20 24 15 41  9 60 10 62 12 66 15 55 15 34 15 43 14 57  9 51  9 60  7 67  7 44 13 27 23 52 20 69 11 50 15 57 16 65 14 59 10 55 11 46 14 47 11 58 10 56 12 49 13 44 13 35 24 36 28 29 20 19 20 23 23 28 25 29 31 29 31
0520 27 26 24 24 20 20 25 17 31 24 27 25 25 22 18 23 13 27 10 30 13 28 16 31 12 35 11 36  9 39  5 41  6 33  7 27 15 27 15 24 10 27 22 32 25 27 21 23 28 25 29 28 28 28 35 33 39 39 31 31 27 30 35 29 35 26 33 23 37 12 32 26 26 35 39 26 43 28 28 29 25 29 31 26 30 26 24 31 26 32 43 25 45 21 33 25 25 28 19 30 25 25 32 19 28 20 37 22 46 18 56 19 54 22 41 25 48 25 47 15
0521 31 12 42 13 53 16 33 17 43 15 34 15 14 16 24 13 24 12 27 20 27 22 26 15 44 11 58 14 61 20 48 23 38 20 38 17 39 17 37 17 30 24 29 26 33 21 53 23 58 24 60 26 65 24 52 20 60 22 69 22 50 22 41 27 42 24 46 21 44 27 44 30 46 30 39 25 23 18 12 17 39 15 67 10 39 14 21 19 28 20 23 24 18 26 10 20  5 14  3 14  9 20  6 23  2 24  9 23 15 19 18 20 13 19 10 18  8 19 10 19
0522 13 19  6 19  3 20  9 17 15 21 12 23  8 21358 17341 12348 15356 16358 16  3 15355 12349 12348 11345  8354 13347 15340 11358  8  4  5 16  5 45  6 75 10 73 11 82  8105 11 89 15 78 13 92 11 82 14 74 15 63 11 43  7 27  8 26  9 28 11 18 14 24 13 24 14  3 10356  9351 10341  7320  7299  7300  8313  7347  5 22  3 23  1  0  0  0  0239  2161  7126 10106 11 99 13 83 16
0523 68 16 43 16 23 18 20 21 20 20 21 18 19 18 16 18 16 20 13 20  7 20  4 18  5 15 12 14 14 15  7 14 10 18  4 17357 14  7 16 15 18 15 20 10 22  4 23  5 23 13 22 24 22 27 20 26 16 19 16 13 16 17 14 24 15 16 13 22 11 20 10  8 10  9 11 15 13 26 14 31 19 38 21 41 15 56 10 61  8 48 17 38 15 54  9 51 12 32 13 46 10 35  6 41  8 41 11  6 13 15 10 29 10 31 13 35 13 21 11
0600 20 12 31 13 42 10 43  9 43 11 35 13 27 17 37 17 35 17 38 17 53 17 46 19 50 25 45 22 30 19 45 15 60 15 60 19 59 19 55 22 52 27 50 29 45 29 50 28 53 27 58 29 59 27 59 26 49 20 42 17 43 17 54 15 58 14 42 17 39 22 37 29 33 28 46 20 53 21 42 27 36 27 36 28 34 37 34 39 28 28 30 23 32 25 29 22 31 19 25 20 22 18 19 24 16 28 25 28 24 28 23 30 30 30 27 22 19 24  4 27
0601  8 24  7 29  1 37  7 37 17 28 16 24  6 21  5 26  6 35  2 34  2 33360 38358 43  3 42  2 34357 27351 23353 23358 21345 20349 17335 11289 12264 15241 18230 21228 22227 23227 23218 21231 16262  7164  6105 12 55 14 59 13 72 17 78 18 75 16 48 13 32  9 11  8342  8312  9291  7274  7265  6271  5262  8263 12268 12271  9278  7306  5347  4 28  6 45 10 41 12 38 13 34 14
0602 32 14 33 14 28 17 24 17 37 15 49 13 32 14 21 10 19  7 14 14 22 16 17 16 14 21 10 22  5 30 10 34 14 33 14 37 12 33 18 33 23 33 23 32 22 38 17 39 16 35 18 33 21 39 23 44 25 36 26 36 26 39 30 39 26 34 22 27 18 35 19 39 26 33 28 35 14 29 17 23 23 25 24 20 40 22 42 21 41 24 43 31 56 29 76 26 92 24 79 27 54 25 49 18 62 19 63 19 64 13 57 13 23 17344 14329 11331 12
0603330 14337 18340 16334 12330 13333 13327 10335 11355 12  7 14 11 16  8 17  9 15 11  9 22  6 23  6360 11327 15320 17326 17337 13349 11340 11335 10330 13319 14311 11302  9338  6351  9321  9320  8343  9360 12355 15352 14350 16353 19  2 19  8 22 11 22 12 17 11 14 10 15  5 14  4 13359 14347 16343 20343 21345 21343 23340 22344 21353 20355 16354 15353 19357 20  1 20
0604360 19354 16360 13 16 13 17 13 23 11 21 11 21 11 44 11 46 13 25 15 17 19 16 20357 15357 13  6 15  8 17 14 19 28 17 42 14 39 12 41 16 45 16 56 12 65 13 62 14 43 10 42  8 49  8 31  9 29 13 46 12 50 10 30 11 20 12 29 16 31 18 41 16 47 12 35 17 30 25 32 20 48 13 53 11 38 13 54 15 56 14 57 11 78  9 73 16 70 20 59 15 54  9 71  7 71  8 55 13 45 16 46 16 44 11 37 11
0605 34 15 57 10 68  9 51 11 48 13 41 15 38 13 42 14 50 15 56 12 61 10 67 11 48 11 43  8 46  7 39 10 36 13 31 14 23 15 21 16 27 16 25 13 20 12 18 11  9 11  5  9 14 11 13 13  9 12 11 14  6 17  5 17 17 17 24 16 31 14 28 12 17  8 15  8 23  8 27 10 21 13 17 14 22 14 24 14 24 14 28 13 22 12 22 14 29 24 37 28 34 19 23 17 16 19 20 20 20 22 11 22  9 23  3 21 10 23 15 21
0606356  9360 10 19 13 14 15 16 21 23 28 27 25 35 21 33 24 49 18 59 19 61 24 80 19 72 16 58 25 68 29 74 19 55 14 48 14 41 12 39 12 46 23 53 21 52 15 37 17 26 18 30 23 37 31 30 26 19 19 17 22 43 23 46 23 22 21 17 21 27 31 13 28 12 22 28 23 24 31 24 38 24 37 12 26 23 22 34 23 30 20 41 15 42 11 33 15 31 23 38 26 43 25 54 29 57 31 39 32 37 29 40 26 34 26 51 23 58 22
0607 43 20 46 19 63 17 59 17 60 14 59 17 65 18 67 14 56 13 63 19 72 27 66 25 59 21 69 27 80 36 80 33 72 27 70 24 67 17 57 14 57 12 60 11 58 16 51 17 55 16 52 16 48 12 63 16 64 17 49 17 39 17 35 13 33 13 59 12 68 13 59 16 71 13 75 14 65 23 62 30 71 26 78 22 76 18 72 18 66 18 67 20 69 19 69 17 67 15 65 17 77 18 80 14 81 14 78 16 74 17 67 15 72 17 76 18 93 12 90  9
0608 67 11 75 14 76 15 73 14 75 13 70 12 69 16 77 19 78 18 73 15 76 13 64 16 51 19 53 20 57 22 59 25 60 21 55 16 64 14 66 12 41 14 31 21 42 25 49 24 52 19 43 19 41 22 54 29 58 32 41 24 35 23 45 23 39 19 38 19 33 23 35 23 55 21 73 28 72 30 64 24 64 21 65 23 65 29 65 29 66 28 70 30 75 33 74 32 71 31 76 29 71 26 67 26 60 20 53 15 40 18 33 20 66 15 73 17 47 20 30 21
0609 40 21 48 26 49 25 68 18 68 24 60 24 62 23 70 32 70 34 70 30 59 29 56 26 61 17 43  8 44 12 48 25 36 28 27 26 31 26 47 21 46 17 44 22 58 25 63 23 49 20 37 20 45 21 42 26 32 34 35 26 40 23 40 27 33 29 41 33 58 30 61 23 62 25 67 29 62 22 47 18 51 21 53 20 27 17 22 23 31 32 53 26 66 24 49 26 42 27 42 40 38 39 56 24 59 24 49 28 49 31 45 28 38 27 43 30 50 24 39 24
0610 47 27 57 24 59 21 53 21 58 20 51 24 42 24 45 25 34 36 36 28 49 22 60 24 50 24 38 28 46 26 66 20 58 20 45 24 45 25 40 26 60 20 66 18 44 23 49 22 71 23 69 30 56 34 65 30 72 26 56 25 43 23 47 22 53 24 61 25 64 21 47 19 40 23 54 23 56 22 50 19 47 22 39 20 50 18 52 23 51 19 60 25 65 30 72 28 68 34 60 33 51 31 51 30 58 30 59 32 62 32 72 36 70 29 70 21 74 22 70 20
0611 67 21 48 26 53 25 63 23 63 21 54 20 58 19 64 18 66 26 66 27 66 25 58 24 54 18 58 20 61 23 58 25 52 25 61 26 72 38 79 46 82 49 71 41 62 27 60 20 64 17 70 22 76 23 72 22 75 31 79 40 72 36 70 33 60 29 57 27 62 28 66 27 65 30 55 32 56 38 57 37 53 34 64 42 74 45 74 43 77 37 73 28 56 23 60 26 70 35 70 50 78 55 80 41 69 25 56 19 60 22 63 26 63 35 63 37 65 32 67 35
0612 68 32 70 32 63 34 52 33 63 31 76 28 74 31 71 30 58 28 63 27 73 33 75 32 77 32 69 35 61 30 67 33 72 41 81 34 82 31 75 36 82 31 80 31 74 31 85 32 89 43 83 43 79 40 72 34 71 32 65 31 67 29 79 42 79 47 79 46 79 54 80 57 83 52 78 44 81 37 85 33 86 31 85 36 84 38 87 38 81 33 77 21 80 30 84 49 84 42 70 21 73 17 89 19 90 33 83 39 81 32 86 31 86 37 83 39 78 34 79 30
0613 86 25 87 31 82 35 70 32 71 30 84 27 81 23 70 18 75 17 85 21 81 20 72 18 73 22 79 28 71 32 74 30 83 33 70 27 63 18 79 19 90 22 85 31 72 35 68 30 62 28 55 41 65 54 63 44 53 33 62 31 69 35 48 30 43 21 67 38 79 47 69 36 52 32 58 36 64 36 67 29 82 33 73 33 57 25 59 33 58 30 58 18 68 24 74 30 79 33 73 39 66 36 62 30 60 35 59 34 67 30 79 34 79 35 61 25 40 14 35 21
0614 42 34 48 39 48 36 54 34 54 29 56 30 59 32 55 29 52 28 56 25 67 24 54 27 46 27 56 22 52 20 50 27 54 30 59 30 67 39 64 41 59 36 66 33 68 28 70 32 76 32 65 29 66 31 75 28 74 33 69 45 64 45 63 35 54 28 63 28 76 31 64 29 58 28 63 33 61 30 71 22 81 20 60 20 62 22 76 28 67 27 61 25 58 23 41 16 39 14 49 19 55 24 74 23 74 19 51 14 38  7 35  7 44  7 35  8 28 11 38 10
0615 28 18 39 19 56 18 45 24 36 21 51 21 55 22 40 20 48 21 45 21 28 18 22 20 36 24 59 21 38 19 34 20 33 21 39 24 41 23 32 21 27 21 15 21 20 23 34 31 27 30 15 29 23 35 37 29 39 22 31 19 27 15 31 22 42 21 40 10 19 17 19 27 33 28 29 28 18 31 19 34 26 31 21 30 29 28 44 26 42 28 29 28 14 28 10 29  9 28 13 32  8 30 12 30 35 31 42 28 24 28 32 18 57 12 44 26 27 28 33 21
0616 51 25 47 27 27 30 40 29 68 29 62 30 51 28 41 25 32 26 47 29 50 26 39 28 49 24 58 24 53 28 62 25 69 28 74 34 74 34 66 32 60 27 63 17 73 21 70 24 55 15 40 21 55 24 62 15 57 19 70 26 76 38 72 41 64 33 68 36 75 37 65 30 63 32 65 32 58 25 57 21 50 18 38 19 27 28 31 40 35 40 34 29 39 27 44 31 57 34 61 35 44 39 41 34 38 22 44 21 62 28 66 30 58 24 48 19 37 25 28 29
0617 38 22 39 17 35 16 39 15 33 21 35 25 45 22 41 21 55 21 55 17 27 13 16 21 27 28 44 24 54 18 53 14 26 14 14 21 30 29 31 28 26 22 17 18 13 23 16 27 16 25  5 18  1 17 13 28 33 31 43 23 51 14 46 15 31 20 27 20108 13 34  9 30 13 25 21 35 28 34 26 39 18 36 18 29 24 20 23 23 21 34 21 25 17 19 20 19 22 20 18 32 17 42 13 41 12 33 16 29 24 26 30 32 25 52 19 54 21 50 20
0618 45 15 45 15 49 15 49 15 55 15 64 15 65 16 58 16 30 11 25  8 40 10 28 15 17 15 22 21 30 28 46 20 61 11 41 10 34  9 49 10 42 12 26 10 23  9 28 10 30 17 34 23 43 21 33 18 18 21 33 23 55 22 59 24 48 23 52 17 64 19 62 21 55 21 60 20 56 20 34 30 41 34 47 26 52 25 55 27 46 27 51 30 50 28 39 28 40 34 55 33 51 30 43 33 50 30 47 31 49 35 55 33 54 32 56 23 63 14 61 20
0619 54 22 49 25 51 30 50 26 46 27 56 30 54 33 54 37 62 35 55 29 49 26 52 25 45 30 44 26 44 17 34 22 40 30 47 30 42 32 46 33 39 28 31 21 48 22 57 22 42 19 26 23  9 24 16 22 35 31 36 29 36 20 39 20 35 18 42 17 66 15 41 11 17 17 28 25 41 20 60 18 53 16 41 17 56 28 57 32 25 27 18 22 56 19 60 18 45 17 52 23 65 28 67 28 48 24 42 14 62 10 57 13 30 14 22 11 33 14 45 22
0620 50 21 37 17 30 17 42 20 38 26 46 32 66 34 52 30 36 27 49 27 48 26 42 29 40 27 41 26 35 45 35 48 55 27 62 26 70 28 60 23 40 19 39 21 49 25 34 24 16 26 18 24 15 27 27 31 39 30 25 33 20 24 22 18 37 25 52 22 50 17 53 21 50 23 53 23 40 26 22 27 22 28 31 37 57 36 57 29 54 28 46 26 31 24 36 18 39 19 34 24 37 22 43 15 31 11 41 22 46 27 36 24 31 21 35 21 47 20 38 19
0621 26 26 44 24 55 18 41 17 32 25 33 29 35 19 58 15 68 23 47 22 46 21 47 21 51 14 49 15 48 17 53 17 58 22 58 20 53 19 51 18 39 16 26 21 27 19 22 15 36 13 39 12 22 18 33 19 44 14 33 16 41 17 63 22 65 25 51 25 32 20 36 27 51 27 55 13 39 11 35 16 34 27 33 28 43 21 37 21 43 23 66 21 60 18 43 18 45 17109  8 49 16 50 16 25 14 11 14 38 14 40 16 48 24 63 24 56 16 64 21
0622 55 27 39 25 44 19 36 14 25 16 27 19 29 16 36 10 49  7 56 10 50 12 52 11 42 14 31 15 27 15 24 17 15 17 10 18 21 18 41 14 55 12 55 12 34  9 44  8 56  8 43 11 31 16 32 20 57 19 42 21 21 25 16 25 18 24 34 20 38 19 30 24 10 17357 12 11 21 17 27 16 25  8 19357 20  5 21 15 15 20 14 26 14 21 11 24 14 33 25 35 27 30 23 41 19 39 19 19 18 16 12 18 17 11 25 26 22 47 18
0623 33 13 15  8 24 11 50  9 41  6 23  7 40  8 34  8 11  8 19  9 30  8 41  5 44 11 47 15 47 11 38 10 43  9 42  5 36  5 16  9  2 14  6 15 17 13 19 11 13  9 16 10 11 15  8 15 14 12 11 11357 12355 16360 17358 13  5  9  5 10  6 14 17 16 20 13 19 11 25 10 39  7 16  6350  7  7  5  1  4335  3328  6328  8352  9  2  8345  9329  8324  6334  7319  8290 12280 16278 21284 22
0700286 18289 17323 15348 10329  9325  9327  9320 11320 10321  9326  9342  6347  6342 10336 12330 10324 11314 10308  7309  5328  8334 10328 10336  9341  7336  9323 10308  9304  5 10  2 18  4358  6325  3306  2283  5274  9279 11279 16289 16344 11 44  9 10  7291  8251 10252  8261  8282  6305  6292  9279 12283 15286 14290 14294 12298 10297  7293  5297  4317  3306  6
0701283 13283 14289 11289 10286 10289  9282  9279 10287 11285 11291 10302 10291 14283 20283 19281 20278 23275 24284 23294 22288 19298 19317 16320 11316 13311 15299 15288 13295 12294 14291 16293 16285 14280 16272 15279 14275 16264 18282 23291 19300 13309 13308 19309 19308 11303  8302 12298 18304 22308 24303 23309 22312 18319 14318 14311 17320 16308 10302 12313 12
0702289  8275 11289 13291 16109  3288 23288 27288 23297 19298 18296 15302 17314 18331 13331 15316 17305 17305 16309 16304 18310 18326 12327  8322  6351  5343 12310 16327  8338  7332 11332 11341 12339 13332 12330 10334  7337 10328 11319  9324 10338  8327  6319  8344  9343 10335 12334 11331  9325  8325  7333  7335  8339 10345 11346 10331  8324  7318  7316  6330  7
0703336  7339  6337  7336  8337  7347  4337  3310  3312  5312  6304  5317  5330  6331  8334  9324  8295  7291  6287  6270  7270  6294  2334  3343  4335  5334  6329  7318  7306  6286  4265  6267  7276  6288  4305  2321  2341  3352  4347  5339  5335  5340  5348  5348  5354  4  4  2  0  0 63  1 32  5 18  8 15  9 21  9 15  8359  8352  7  4  5  8  3344  1329  1332  4
0704317  6303  6295  7289  7292  7295  7295  8292  9291 11289 10300  8315  7327  6343  6355  8360  9  5 11  5 13  5 16  8 16  7 15  6 12 11  9 11 10  6  9  1  6350  7338  8346  6354  8344 11349 10359  9353  9352 12355 13355 12350 12354 10  2 10357 10359  8  3  7  7  5 17  6 14 10 12 11 15 15  2 15351 11  9 11 12  9357  9  5 11  8 13  1 15356 12358  8350  5  3  5
0705 14 10360 13  4 10 13  8 16  6 12  7  8  7358  5  5  5  9  7346  6326  4317  3316  4306  5282  5263  5255  5238  5206  6195  5202  2204  2183  3192  2174  2140  3149  4173  4183  4194  4212  4222  4231  4252  5273  6281  5285  3  0  0  0  0288  3276  5273  6277  5291  2  0  0  0  0  4  3 26  7  9  8  6  6 13  3 20  1 29  2 15  3 17  3 45  2 41  2 20  2360  2
0706331  2305  2  0  0  0  0  0  0  0  0146  2149  5156  6158  6129  7100 10107 14111 19112 20114 23117 25121 24125 21109  2157  8207  7202  7214  6274  7313  8346  4 34  5 54  7 54  6 63  4 90  7117 12132 12146  8135  4110  3103  5114  5141  5149  5137  4111  4102  5142  4193  3241  3248  2  0  0  0  0  0  0110  4 54  6 58  7 77  9101 12115 16119 15116 11103  8
0707102  8107 11110 12112 13110 13114 11126 10138  6156 10172 15177 12176 12161 13123  9106  9131 12131 12124 13121 23111 33118 29125 25127 31134 31126 28106 29104 26106 26107 30103 38 99 39102 36107 34103 30 94 30 93 32 92 29 92 30 95 29102 24101 24 97 20 98 23107 22106 22101 23105 16106 17105 16 94 22 91 29 96 27 94 32 95 32 93 29 93 30 92 32 88 31 96 24 92 20
0708 84 25 81 31 78 30 87 24 94 17 98 17 98 18 89 14 90 11 95 10 98 12 91 13 86 13 92 12109 10119  9106  9 99 10103 11103 10109  9118  9105 10 98 10 99 10 99 10 92 10 84  8 87 10 82 14 72 13 75  9122  6154  5139  4132  3110  7 55 10108  8241  4235  3140  6 76 10 24  8  9 13 61 17 84 16 88 17 85 15 67 13 58  9 67  9 76 10 89 10 93 10 83  9 52  6 24  3 57  1 59  1
0709 60  2331  4317  5341  6347  5338  4341  5  2  7 22  7 34  8 61  7 98  6 94  6 82  7 76  7 52  7 51  5 58  4 45  4 27  3342  3325  5339  5352  6 11  5  2  5346  4338  4323  6324  6345  5348  4342  4332  3331  3  3  8 33 10 49  9 51  9 37  9  6  7334  6319  7326  7327  8323  7326  6334  6343  8340  9338 11341 14347 13340  9348  9  5  7  1  5  2  1  0  0322  3
0710340  4315  4328  5347  6340  7337  8338  6344  7359  9350 10328  9320  8327  9344  8358  5346  4322  4322  3324  4327  4346  2 23  4 35  7 21  8 22  8 16  8 26  6 14  7346  9345 12356 12  2  9343  9322  8321  7325  7315  6306  6315  9316 10312  8329  7348  7347  6337  7333  8330 10326 12336 12336  9334  9342  7327  7321  9329 11326 13319 12315 11312 10309  9
0711327  9342 11339  9330  8323 10326 13324 14322 10317  9320  9322  8330  6337  5326  8328 10327 11326 12337 10335  9328 10328 12328 10330 14329 13308 11309  7326  6316  7313  4312  5311  5284  3276  4309  6326  6323  7310 10314 10327  8308 11288 13291 14290 16286 17284 16288 18291 21288 21286 21304 17309 11289 12290 11300 10324 11340  9329  8323  9325 10324 12
0712324 14327 15317 15322 11332  7336  9336 10329  7332  9321 12295 11300  8319  6302 11285 18289 18281 15282 14293 13281 12280 11303  7290  8286 14289 19281 21293 20288 15279 15289 19297 19280 18266 19274 17292 12292 10305  8332  7322  9309 11293 13290 19301 21292 16289 11293 14293 20292 20291 20287 18290 22295 27291 26288 23287 21281 20274 22275 23276 19271 20
0713256 17251 18266 23263 24251 23252 21254 20256 19259 22267 24267 21260 18264 21252 23238 17253 13270 17276 24266 23260 22267 19265 18264 23263 23259 21270 17276 18271 17275 15263 16256 16264 19267 22271 24253 24238 22252 17247 19238 23245 26258 23269 15257 11260 14267 18252 21244 22264 19272 22258 22262 18277 20264 21250 20251 17262 17272 16266 17270 22268 26
0714252 28245 30249 24258 17268 19275 26271 24266 25268 29271 27287 22284 19257 26228 23235 17262 14255 20247 24253 26249 30241 25240 16236 16237 25235 31230 32232 36230 35227 26239 26245 29234 37235 42241 35245 24238 22245 24251 25237 25237 20229 22213 31209 33215 27216 24213 27226 29246 25249 24234 25231 28241 30242 25235 31227 29226 20239 22228 28207 32206 36
0715205 40202 35221 28237 27225 23223 16232 13242 14235 13219 10211 12221 14237 19230 23219 20226 21237 23239 22242 20236 19215 20200 25202 24211 23213 25209 29209 31211 26223 20238 18237 19227 20234 19243 20217 20209 22231 20240 21240 23237 21240 19256 22256 23243 21243 20246 22250 27255 23243 18218 19211 17223 13219 14208 19225 22237 24230 28217 31213 28231 25
0716236 24226 23220 24224 19229 17230 21233 21227 20237 17240 20229 25235 26245 25259 21252 21241 20224 19217 25231 31235 33219 27211 25221 23226 16216 15203 22202 25211 22222 19223 17222 19234 18241 21236 20225 19207 24224 23236 23216 22229 21249 21235 17219 12228 15241 20240 16240 16244 17228 16218 14240 12236 13224 13222 16215 18218 17230 13226 13221 18217 19
0717216 16221 14208 14203 17208 19210 19209 19201 18199 18216 15222 12219 16219 19218 18232 17255 13239 13229 19247 21240 19226 20221 26218 28217 23217 21227 22239 19227 14211 12234 14252 16240 15237 12237 14232 14246 15253 18242 16245 13240 12227 13232  9281  3288  3230 12223 16241 12234  9232 12239 17242 14222 11201 14203 16200 13192 13201 16210 14201 14201 18
0718222 16213 14203 15207 16207 12204 13202 18217 17218 11214 11228 18240 20223 16230 16262 17269 14234 11217 11248 11250 11252 13268 12255  8233 14228 24233 23243 16243 16236 23234 22249 15260 11241 13236 16246 16245 13239 15233 17239 15231 13228 14242 13238 10228  7209  7197  7201  7199 10196 15196 19198 22208 21211 18210 15213 19214 23221 20240 13244 10233 13
0719225 14229  9218  5203  5207  7194  8192  7205  5195  6194  6255  5248  7211  9216 10208 11215 12214 17212 19226 15240 13243 12226 15217 16216 15211 13211 10214  9220  9200  9198  9207 11203 10217 10220 11208 12200 13202 14204 16203 15212 11207 10209 10215 10215  9236  9237 10228 11241 17246 19242 15233 11215  9198  9199 12200 17196 18194 13193  8195  9191 11
0720188 12184 13185 13194 13198 12206 12208  9205  6233  6230  8214  8221  8217 10195  8199  4243  3268  2  0  0  0  0  0  0  0  0172  2138  2165  4194  7210  6219  8212 10218 10219 11213 10229  9245  9232  8215 11210 13209 14224 13219 12202 14217 13221 13208 14222 13213 11169  8129  6115  6121  6137  4139  3159  2  0  0191  1222  4223  7238 10257 10271  6275  4
0721264  2246  6236  9236  8234  8232  9228  8213  6173  5134  6121  8128  6130  4117  3113  3142  1  0  0  0  0  0  0239  1240  3242  4253  5258  6268  6276  7275 10276  9276  8273  9265  8253  6250  5250  8249 12248 10239  8233  9229  9211  9207  8220  9222 10223  9225  9233 11238 12235 10239  8236  6232  3242  3268  3278  3250  3245  2  0  0  0  0 83  1 85  3
0722 72  2  0  0  0  0  0  0  0  0  0  0273  2280  3282  3285  4279  5275  5283  5290  4287  3275  4257  5242  6231  5225  6223  7217  6198  6186  7189  7184  6176  6185  7199  6205  4222  3219  3200  4197  5207  7214  8216  7220  7210 13207 15209 10216  7223  7211  6202  8209 13214 15215 17215 16219 12217 11217 15219 16224 14221 12226 12237 10238  8238  7240  7
0723241  8256  7274  2278  2284  5281  6277  5280  6286  7293  6299  5291  4283  4278  5285  5291  5276  4273  4276  6272  8273  7275  6271  6276  7281  7277  6275  7277  8280  7284  6289  6284  6280  6288  5297  5304  5310  5317  5323  4325  3318  4312  6311  6306  6307  5305  5297  5294  4294  3292  1  0  0301  2319  1  0  0  0  0  0  0  0  0  0  0  0  0192  1
0800196  2180  2172  2146  1  0  0  0  0  0  0  0  0  0  0  0  0  0  0  0  0  0  0  0  0  0  0  0  0  0  0  0  0  0  0  0  0  0  0  0  0  0  0  0  0  0  0  0  0  0  0350  1  0  0291  1271  2251  3249  5250  6242  7237  9238  9239 10228 13227 15232 17231 18232 17229 17228 18219 20210 20214 21209 21205 22213 26214 24213 23213 21212 21211 18214 14228 13231 13227 11
0801228 12215 13213 15223 14230 14236 16238 15230 16223 18230 15247 11261  9250  7228 10227 11246  8279  6282  7269  6262  8261  8263  6251  5248  3251  3254  6264  6267  3250  3221  3206  4206  5208  8213  9204  8200  8214  8218 10210 10214  7215  6216  6229  7234 11233 10238  7235  6234  6238  6236  6233  6216  4198  4203  5203  5201  5199  5188  6191  7195  7
0802200  7205  7215  8213  8214  8242  8260  8253  6236  5222  6222  6225  6205  6189  5194  6194 10195 11202 10196 11186 12186 10185  9180  9183  9185 11184 12187 11181 11170 11168 10170 11167 12170 14178 14182 14182 15179 17176 19179 19181 18181 18185 18188 20190 18188 16186 16188 14190 13193 15199 13195  9195  8200  8201  9205  9204  7202  7208  8216  8210  7
0803194  7190  8191  8192  8188  8183  7180  7180  7182  7180  8179 10179 11180 11180 11184 11192 10193  9189 10188 10189 10185  9183 10186 12186 12187 12187 13190 15195 13198 11198 10199 11200 11196 11196 12200 12203 11208 10211  9212 12214 17213 20214 19217 16216 17218 17214 17208 19209 20217 20218 16216 16212 20212 17223 13228 12220 14216 15224 11216 12212 14
0804216 12222 10219 11217 11217 10221  8239 11242 15236 13236  9230 11244 14248 16251 17259 15248 12241 13251 14259 13252 15247 14259 12274 11260 12250 12252 10256  8262  8256  8254  7257  8256  8260  7257  6272  6285 10273 13270  9272  9267 10262 10269 11276 12278 12263 13253 13266  9284  6287  7277 10269 14262 15257 15256 15249 14244 15246 14255 11259 14253 18
0805254 16248 15238 14237 13240 10241  7235 11230 14232 15231 16227 14228 12231 12232 11230 14223 17222 16227 17235 17236 14223 12224 13240 13256 10255  8250  9249 10244 10243 11243 14239 15243 16246 16230 15225 11237 10244 13235 17227 19225 15222  9213  5218  8234 12240 14257 14256 11236 14239 18246 16254 14260  9255  7260  9267  9257  9263 10278 11272 13271  9
0806275  9264 12261 11269 12257 10258  6270  8269  7263  5261  5265  7268 10265 12253 11250 13253 16252 13254 10251  9242  9233  8228  8245 10266  9273  8268  7264  7267 10269 11290  7303  6296  6301  6302  6287  6282  7294  6306  4322  4358  4 19  5 11  6357  7338  7321  7308  8292  7282  7290  7293  7309  5354  3 24  3  4  2322  3308  5298  5279  5274  6282  7
0807284  6277  6304  5 26  5 84  9 81 13 75 15 71 14 56 11 35  8 11  6359  7  3  8 10  6355  3 79  1181  1181  2181  2179  5181  6186  7184  7183  8185  7184  6176  5168  5149  4149  3149  1  0  0  0  0204  2206  1  0  0  0  0  0  0134  2122  1  0  0  0  0  0  0  0  0  0  0  0  0  0  0  0  0  0  0122  1158  2205  2213  2211  3208  4205  5208  5211  6214  6207  7
0808195  8189  9183 10186 10193  9191  8186 10183 11179 11174 12171 12171 13175 16180 16181 14184 13186 13189 13190 11191  8192  7200  6218  4232  5244  8245 13236 14225 12224 13230 13231 11222  9221  9219 10219 12240 13248 13242 10242 11239 13236 11236 10235 12220  9201  7212  8216  6206  8206 12223 11230  9226  9223  9213 10205 14211 17225 12227 10220 11210 13
0809205 15199 12198  9224  7245  6238  5243  8251 12252 13254 12258 11259 13248 13259 10258  9234 11237 17241 19239 17239 14228 13221 11205  7194  7212  9217 10222 13235 15242 15234 15229 12229 11228 13241 13244 12240 14237 22233 24238 20242 19240 17244 15262 14264 14248 14231 11232  8243  8234 10226 12238 12251  9243 10243  9246  5255  5256  4254  5291  4308  2
0810287  3272  3264  5264  8264 11244 10224  9227 15231 21231 18230 14227 17231 19237 15237 13232 10235  6228  7218  8231 10221 15209 15214 14227 14230 16234 16238 13234 10242 18236 22224 16213 17205 23225 23240 25248 23245 16218 16208 22208 26208 25210 23220 24230 27218 26214 25218 23207 21194 20199 20211 15205 13197 21196 24214 21238 20244 19243 17227 15228 15
0811243 10231  4211  5202  8219  6238  9238 11254 12277 11290  9294  9285  7278  7282  9267  9217 11201 11195 11186 13201 15220 12202 10185 14190 13192 10196 11184 12180 11171  7156  5152  6162  5181  4194  6202  8204  7206  7193  8180  9185 11188 12189 11187 12184 14180 14179 12184 12188 15189 16194 16196 15190 13187 13183 15192 19217 19232 15220 12197 12190 12
0812189 11186 12182 14182 15190 16186 19184 22184 21178 17182 14184 14174 16181 15190 10178 11169 10169  6163  5163  9154 10127  9151  9175  8173 12180 14181 13179 11169 11141  8102  6 91  8134  9138  8117  8155 14181 16175 12157  8169  5202  3154  3133  6190 12202 15185 15192 15234 11274  9273 11250 10238 10224 12211 14218 15218 11209 12219 13222 11201 14195 16
0813193 18186 18187 17188 14186 14186 14185 13182 15183 12188  8185  9164 11168 12195 11195 10203 11202 12192 10196  7186  8185  8187  6169  7139  8104  5 84  6 92  9106  8108  9104 10 99  9 88  5133  5186  6147  6111  6124  7169  9203  9203  6212  3203  4179  8172 13168 15147 17155 16191 12186 15184 19193 17194 15188 14175 12160  9160 14170 18176 15175 10166 10
0814174 16180 16193 10219  8221 15202 19196 16195 16180 19170 18174 17168 13172 10181 12178 14177 14180 13194 13196 14180 15168 12176 15189 22187 22183 19181 19177 20170 24175 23186 20188 22192 22197 20183 20178 26188 29201 22199 16184 18173 17137 14131 13162 14164 14130 12149 11193 11194 14192 19183 22180 24180 24184 20192 19180 22170 22178 28186 36193 32194 27
0815197 24227 17236 15229 16223 22194 28180 29182 28194 25195 24194 22203 20208 20219 21203 20176 20172 21182 23190 19213 12227  8199 11179 23187 28182 27171 26174 24183 25173 21139 16118 15145 18157 18119 13126 18165 25181 30177 29164 20136 15150 20178 20144 17133 16168 21183 22179 16186 22193 25197 18191 20185 25183 24172 22171 20174 19176 19181 22184 19177 12
0816173 12180 15180 22176 25174 22168 20168 20154 15156 12178 16189 13188 13176 18174 23177 23190 20199 17194 12207 15222 16242 11263  8227  8196 15201 23203 22208 16205 11186 13173 15175 19176 23179 26181 22178 18178 18180 18182 19180 20176 19177 17185 16187 15186 17190 23182 21180 19183 21178 26173 28177 26188 23194 22196 22202 20198 21186 24179 29178 27183 22
0817191 25200 26210 25210 28200 30198 31204 32209 28216 24208 25189 28196 28195 28190 31202 30207 28207 28207 30214 30222 22223 18195 16184 20194 24184 28179 29177 27182 28186 33188 39194 34197 29192 30187 34190 32188 26191 26198 32194 29188 23185 24193 26190 24182 26187 30182 31179 30180 29182 26185 25188 27187 31189 32190 30188 29183 31196 27214 22205 20191 19
0818184 21185 23188 23186 21189 19195 19192 20184 17182 17187 22187 23187 24189 25185 27186 32196 27206 18213 16203 20186 22194 25212 24220 19206 20193 24199 28208 27204 23194 27195 25195 20206 21220 21209 18195 22189 29185 31186 32187 35193 36196 32191 33186 34188 31193 25196 27202 27204 23196 29191 31189 28188 30190 33194 30194 25188 23181 24181 25182 22180 21
0819185 28195 25206 20224 21236 16227 14206 12189 12191 12194 14182 17180 21182 23184 21181 19187 23190 24183 26189 29192 27194 28196 25191 23190 23189 23189 25189 28187 25191 19194 18192 19192 19186 22180 29186 32191 30109 13191 32191 31187 32186 38184 35185 29189 32190 35187 33190 31187 30185 30189 32191 33188 28188 23194 23195 26190 31190 33193 32197 27212 20
0820218 16214 17203 19194 25200 22197 20188 31191 37194 39197 41190 34188 28189 25184 27186 31196 26195 23185 21186 21190 26190 27190 22194 22194 23192 22194 19190 18189 20191 19194 19196 21198 17201 13191 14187 18190 21190 23182 28179 31181 29183 29190 25185 18182 16177 13175 14179 20185 21185 20179 19179 13156  6148  8173 12183 13184 15184 16185 17186 21183 27
0821186 28193 23192 18194 16195 15192 12187 14181 19182 20184 16180 18181 26186 28186 26189 22189 20185 23191 24192 22188 20190 19187 18183 18183 20186 19186 17180 13177 12184 19196 20195 17186 17185 18185 22187 23188 20185 19186 20196 22199 22201 19205 18205 18200 18188 17178 16182 16184 17182 21186 22190 22187 18176 15167 14156 11133 10125  6124  6135  7161  9
0822166  7135  5130  6175  8186  8178 12181 17180 15180 12180 12175 12178 12180 14177 18177 18178 16182 15183 11184  9186 11179 11173 11169 11177  9177  8176 10181 11175 11177 11183 11186 11186 12184 15186 19188 20186 18184 14185 11185  9182  9180  8183  7182  7174  7177  6179  6143  5126  4137  4143  3160  4164  5166  4175  7174 10183  9183  9170 10163 10159 10
0823168 10178 10180 12177 12176 12177 11177 11177 10177  8180  9173  9173  8175  8174  7180  7175  7175 10182 12182 14180 16179 15179 15177 13178 10185  8184  7179  7186  6190  4184  5193  6194  6193  7198  8195  9192 10187  8196  6189  5173  5184  5188  5193  5199  5198  5210  3211  2207  5212  5206  4190  4110  4191  5194  6196  7188  6192  5201  6183  5189  3
0900197  3194  4193  4185  5186  6186  5183  4187  4206  4210  2  0  0232  1210  3207  2215  3216  4214  6210  8204  8207  8206  8209  6216  6208  6205  6206 10205 12200 12194 12195 15198 16199 13201 12201 10202 11198 12194 14200 13200 13196 15195 17193 18189 19187 18188 16186 15185 16186 16186 14187 13185 13186 12190 11192  9190  8187  9186  9185  9186 10191 11
0901191 11183 11178 10184  9185  8182  7176  5180  4194  4208  3280  2  0  0 21  1 38  1 34  1 31  3 29  5 25  5 29  4 35  2  0  0360  1359  2  9  3 14  3 20  4 28  4 29  4 25  4 33  2 46  2 52  2 54  2 50  4 48  6 48  7 42  6 39  5 33  4 38  2  0  0  0  0  0  0  0  0  0  0  0  0  0  0  0  0  0  0  0  0  0  0 62  2 53  3 63  2 66  2 61  2 67  1  0  0  0  0  0  0
0902  0  0  0  0  0  0133  2158  2168  3165  4166  5174  5181  5189  6198  7202  7202  7199  6199  6191  6180  7175  7173  8175  7169  8168  9175  9177  8181  7186  8190 10188 13186 16187 17186 18184 17183 15186 13188 12189 14189 15191 15193 11193  9190 10185  9186  9191 10187  9183 10185 10187  9186  9183  9184 10183 10181 10180 10184 11191 12195 13197 13198 14
0903188 14180 13182 13188 13194 13194 11194 16192 17187 16191 17195 16194 15194 17193 21193 25194 24191 20192 24196 24195 22197 28198 26195 16193 15191 17192 18191 19191 20196 19189 18188 19189 18186 18187 17191 21195 21187 18188 16191 14185 14184 17186 18184 17178 13178 11185 14184 16182 18180 19173 16177 15186 19185 20185 18185 19185 21182 20180 21182 21184 19
0904183 17186 16188 16186 17185 18181 16111 27188 15189 14187 14183 15186 15199 18192 15178  9176 10186 15193 18195 16192 10187  8214  8242  6240  5229  6225 10218 14219 18220 22205 20213 14225 14217 16215 12206  7187  7182 11208 13220 14208 16207 14204 16210 17217 15222 15238 13237 13224 10214  6197  4191  7193 10185  9185 12196 16198 17198 12196  8192  6192  6
0905185  5175  6178  9188 11190  9185  9186 12181 13173 12177 11179 12175 12177 13186 14191 14204 14219  8219  5213  3193  2161  5168 10194 12192 10187  6183  4186  4193  3179  3181  3175  5167  9192 10199  8184  8173  8179  8189  9194 11186 12177 13174 14178 16181 15178 15182 16185 20190 22189 18178 13177 16180 20183 20182 21182 25194 22204 13191 11182 13186 16
0906182 19183 20185 21183 22187 27191 27190 18184 16183 14181 10179 13184 16174 16168 19177 20179 18178 18181 18187 17184 15183 15184 19186 23189 22183 18186 18206 16214 11210  9208 10202 10197  8190  6185  6203  7208  7217 11241 15240 20231 19223 14217 12231  9259  6253  6236  6248  9257  9243  6238  5252  5242  3253  2286  3279  6263  9251 10239  8217  5211  7
0907245  7258  7257  9258 10249 12244 13236 11239  9245  9245  9252 10252 10255 12260 12249 11237 12226 10214  6213  5209  7212 10235 11223  8196  6204  8215 11209 11212 10239  9245  8243  9282  5303  3267  4255  4270  6249  8238  6267  4273  3234  3199  4200  6210  6207  9212  9202  6188  8192 10190 10190 13197 13201 13189 13174 11177 11183 11190 10193 12189 11
0908187  9180 11171 11178 10184 10187  9191  9193 10189 11187 10185 10180  9176  9179 12184 15188 18185 16185 14185 12186 10192  9111 15171  5170  3184  3184  5173  5165  5166  6172  6185  5158  4116  3137  4171  7191  9185  8171  8169  9165 10169 10171 10175 10180 11179 14180 15182 17182 17183 15182 15177 16176 17185 15183 12180 11189 11186 12181 16180 18181 15
0909177 12174 10175 10163 11147  9113  5132  4186  5198  4206  5254  8247  8222  7242  5221  5203  7230 13226 16212 14232 14219 12182 10182  8183  5127  2  0  0  0  0  0  0187  1110  3100  6114  7 93  5136  6177  6131  2  0  0 43  2293  5202  6174  5209  2  0  0 96  1 93  2 95  4143  6198  7221  7222  7236  8246 10239 12225 12230 11246 12247 16254 17277 12269 11
0910246 14249 13259  9256  6265  3265  5242 13235 14236 14227 15189 11176  6215  9254 13261 15256 17255 16263 13260 12238 11208 11198 12205 13202 17231 21247 19238 15238 14224  9192 10202 10253  9279 12284 15283 19294 21291 23274 21278 19273 17249 19238 21225 15226 14245 16210 14194 14213 14225 12254 14248 19237 25244 24246 20235 14222 11221 13219 10222  6208  7
0911197 12203 13194  8199  5200  8197 14219 18252 16247 11242  8258 13250 16243 15238 16226 14205 13198 12218 13245 15286 13274 15236 19241 19237 21210 23190 17211 12220 11198 17190 19187 18188 18187 19186 17186 22188 22195 15194 15186 14179 14183 16199 16222 16215 14170 13155 17207 19263 12220  7169 14182 22191 19209 22230 24238 14230 21215 30210 22215 21214 23
0912206 22179 16128 11141 14186 21186 29182 30182 24177 26176 31178 33178 32178 28176 26177 28162 22126 14117 12151 18188 20200 19202 20189 17149 15118 17136 18175 22186 23181 18178 19182 24195 27200 26185 27174 24160 23110  3154 21170 20180 27183 33193 27203 24210 28205 33194 33192 34185 31180 23186 16184 17192 17210 15210 13199 12185 10183 16191 22188 19169 17
0913159 23165 26177 25191 21195 19225 17241 17206 15172 12144 14126 18127 21123 15168  9176 14123 19117 20156 22193 19184 17202 17242 18246 22247 20226 24199 27208 23207 26201 26188 24161 18126 12111 13176 17234 22232 21231 20260 19284 19267 14239 10229 16227 22234 25246 25263 23254 24208 26191 30179 29163 24176 21200 19214 23214 22200 25183 34197 32214 29209 29
0914192 28175 23200 16211 21196 23192 26183 33181 37183 33180 30186 28224 15223  9182 12203 16242 16245 14213 20196 32206 37193 29183 22213 18244 16216 21176 25132 24151 24211 30207 29198 21197 29203 41209 39199 38191 40186 34179 25168 20159 15176 19204 25208 27208 30216 30221 25234 15261  7224 12180 17205 12206 11197 26204 40193 36183 34185 33178 28179 28187 25
0915204 16196 17168 19197 11266  5295  9287 14262 15219 19214 23220 19186 13163 16175 18153 16122 17145 21174 24183 21169 16188 12235  9244 14240 23254 24278 24286 25291 25283 24278 26271 27264 25264 17228 26189 40191 38189 32167 23168 17186 14185 17158 24122 24120 23121 17105 12110 14119 18118 15125 13155 20192 36200 36180 24179 14169  8166 20171 29160 24138 22
0916114 22122 17158 21194 29212 29216 26194 20176 17175 18167 16180 16210 23208 21187 22165 20149 14131 24153 27179 19190 13202 16206 15177 14131 15128 15124 20106 20108 22126 23163 19197 18201 16198 14203 14199 13208  6191  6130 13113 23124 22162 23182 28187 24163 16110 10105  9147 13177 22179 20174 17174 16192 26207 39196 32191 26192 30194 26198 24201 29207 26
0917214 23214 24196 27182 34175 35168 30166 24176 22200 25215 25213 19199 19190 22209 19230 17218 15224 19225 21198 24192 27199 22203 19209 20211 17203 21199 35198 38194 30187 24204 22232 17217 11179 15129 18109 14157 19196 26190 33183 37186 31186 26185 26185 27187 25188 18184 14184 15184 21196 26206 28195 26186 23187 17196 16204 17199 18190 19189 20196 21208 19
0918204 17196 20198 22200 20199 19196 22194 20191 16188 18194 19190 16187 15197 18206 19209 17210 16212 19203 19183 15170 17171 21176 22186 21189 20193 17203 17199 21191 20195 18199 21191 21184 20192 20201 19193 17185 20182 22178 20174 19172 21172 20179 17182 15179 14184 16199 17208 15211 13205 13188 12179 10180 11188 13196 15189 15196 16206 15196 16188 18186 20
0919189 22191 22196 18203 17204 16207 16194 16187 17195 18191 17187 18187 18182 19187 18188 16173 15173 15173 13178 18191 24184 22182 22184 25183 21182 21179 22184 18190 20194 24187 21183 22189 25187 23180 20185 15190 12192 10192 12169 12129  8132  5149  5146  5132  6131  6149  7170  7178  7145  5104  3 95  4120  2187  2207  6178 12167 13177  9192  8176  4 89  4
0920 33  4 27  4  7  4 14  8  6 15  6 16 19 17  8 15345 17341 18358 13350 15345 21350 21343 18348 18351 20348 18350 17351 17351 17343 16330 18336 18346 15345 14346 19347 21346 17330 16345 21 15 19 22 15  6 13356 12  2 14 10 11  2  9352  8359  5  6  8353 12329 13327 12342  8345 10332 15324 15328 12342  9352  7359  4  7  7  2 16355 18348 18344 22342 24345 25353 29
0921  5 23 19 13 17  9356  7344  4 15  3 95  6103  9 98  8107  6110  6116  5117  5105  5 98  5129  4162  6163  7168  7169  6140  4 90  3132  4143  7106  9104 11118 11135  7153  4159  1  0  0 53  3319  8326 10322  8310  9288 11286 11301 11304 11312 11316  9333  9342  9336  6339  5350  6353  8351  7346  6354  4 20  3 41  2  0  0  0  0 92  2 89  3 81  2165  3162  4
0922185  8186 12185 16187 20192 19201 17204 14198 17201 19196 17187 15186 15184 17186 17192 14195 13198 14195 15193 16191 16192 15190 14185 14196 13196 11192 11199 15194 16187 15189 12197 12230 15260 16275 14286 14294 15306 15313 17324 15319 14317 17327 16323 13328 13325 12311  7315  8328 14323 12312 13321 13312 10310 11321 10331  7323 10339 15339 15339 14341 12
0923339 13348 12347 10340  9331  6328  8347 11360  9349 11347 13356 13357 12349 12346 13347 12346 11346 12345 13343 15340 14339 11342 10345  9346  9342 11340 13344 14338 11338 11339 13338 11348 12344 12338 11339 12343 13343 14343 11348 12347 15350 14356 13355 12350  9347  9345 10342 11338 13340 13345 11352  9345 10346 13  5 11 15  9 15 10  7  8  3  5  4  6354  8
1000345  7347  6354  4354  4353  6356  6350  6344  7338  7344  5354  6358  8357  8354  9353  9350  9348 11350 10355  8346  7337  6336  6337  5340  6331  7329  7341  7352  7355  5359  5  6  7 13  7 20  7 18 11  8 13355 12360 10 11 11  3 10353  7  5  7 23  6 41  5 62  6 66  6 66  8 71 11 74 12 74 10 71  9 68 12 69 15 81 15 88 15 85 15 76 13 78 12 82 14 75 15 79 17
1001 75 16 73 11 71 11 65 13 67 11 59  9 64  8 81  8 75  8 32  6358  4 22  3 29  3 29  7 24  9  3  7 14  9 22 10 17 10 20 12 28 12 43  8 36  6 47  4 29  2 23  2 52  3 18  3359  5360  6  1  8 18  8 27  7 33  8 53  6 29  4  1  5  4  5 10  5 15  7 19  5 31  5 22  6 12  8 41  7 55  3 49  3 47  5 47  4 68  4 66  4 44  4 41  3 29  3 13  6 13 12 12 14  9 13 10 14 11 14
1002 13 14 17 14  7 14360 13  1 13  3 12 10 15 14 15 15 14 10 17355 14347 12347 12348 11353 10354  9349  8345  8345  8353  5  5  3  1  7357 11  6  7  5  6355  8346  7334  7332  7330  5335  5340  5332  5346  5346  5336  7339  8343  8346  8340 11342 13331 13327 12326 10321 11317 12322 12327 12318 11327 10336 10327 11324 11325 12323 11324 10325 10321 13323 12328  9
1003330 10334  9324  9322  9333 10318 11313 11321 11318 12327 12329 11318 11316 10325 10325 10322 10325 10321 12326 14323  9318  7326  9319  9317 10324 13327 10334  9333 11321 11317  9319  9324 10328 13319 13325 11331 11328 12338  9329  6337  6347  7336  7342  7339  8321  8311  8320  7328  7326  7332  9334 13337 12334  9318  9317 11322 11329 11339 13336 12326  8
1004323  7321 11316 12315 12325 13326 10321  9320 12321 14319 12325 10328 12325 12332 11332 12334 11337 13325 15327 11332 11331 11335  9320  9322  7337  9331 10325  8328  7334 10326 12323 11326 13334 13330 12334  9336  8330 10329  8330  8331  9332  8330  7319  8320  5323  6316  8314  9329  9336  9333  8333  9318 10321  9345  9343  9332  9323  6312  4323  4328  3
1005309  3318  5325  6306  5299  5301  4317  5329  4315  2292  3289  5313  4339  5342  6340  7343  7341  6336  4340  5355  5 33  3 43  3 14  3  6  2 12  2 33  3 64  2 76  2 51  3 44  5 68  7 78  5 60  4 62  4 66  6 57  7 65  6 57  7 53  8 60  7 60  8 61  8 51  7 51  8 59  9 44 10 31 11 29 11 29 11 25 14 25 14 23 13 18 13 14 16 18 16 32 12 35 10 32 10 28 10 21  9
1006 18 11 18 10 21  7 25  8 10  9351  9358 11  5  9 18  7 33  7 32 10 31 11 10  9  1  9 17 11 19  9 12 10  9 13 12 12 29  9 55  9 57  9 70 10 81 10 62  7 45  5 43  5 62  8 79  9 91  7 96  6 85  4 57  3 34  5 27  8 27  8 29  8 29 11 33 11 45  9 78  5 77  3 42  4 61  2  0  0  0  0 34  3 26  5 27  9 20  9 18  8 26 10 33  9 28  8 60  5 79  3 69  3 86  5102  6 95  7
1007 90  8 90  8 79  8 68  7 60  6 30  4 31  2 52  6 45  9 46  9 45  8 44  6 48  9 54  9 58  7 68  4 85  4 80  4 63  5 62  8 70 11 79 13 80 12 78 12 70 10 70 12 71 11 51  9 41 12 32 11 41  7 58  7 42  9 57  9 72  8 71  8 69 10 63 12 68 13 65 11 61  9 67 11 64 13 62 12 71 11 75 10 73  9 77 11 77 10 77 10 69 11 51 10 51  9 51  8 50  8 59  6 57  5 56  6 59  6 67  9
1008 62 12 66 14 72 11 66  8 70  8 66  8 53  8 51  8 71 12 77 14 72 12 70 14 73 14 68 11 57 10 61  8 64  6 52  6 53  8 56  9 35  9 47  7 73  7 84  8 85  8 80 10 68 11 73 12 75 14 67 13 69 15 67 13 67  7 66  5 71  7 72  7 73  9 67 10 58 10 60  9 71  7 65  7 72  7 57  5 53  4 59  4 76  6 78  7 59  8 60  8 56  8 50  7 56  8 54  9 50  7 53  7 66 12 67 13 79 11 72 11
1009 67  9 76  6 78  6 57  9 54  9 66  8 81  7 91  6 84  7 75  9 71  8 62  8 55  8 48  8 66  8 85  9 72  9 57  8 50  7 71  9 89 12 76 11 82  7105  5111  7108  8 98  9 92  8 93  7113  6112  7102  7 96  8 87  8 89  7102  8102 10106 11118 10117 11111 11101  9 80  9 82  9101  8111  6122  8119 13117 13117 11125 11125 12118 13114 13103 10 95  8 95 10 97 11 90  9 87  9
1010 91 11 92 12 96 12 96 13 92 12102  8109  6108  5110  7105 12101 13 96 11 97  6101  4118  6127  8138  8133 10120  9120  7119  6122  5137  5142  8127 10121 11123 11125 10128  6129  3125  3137  2179  1182  4153  5129  6120  8112  8110  7100  4 57  2 52  2 95  5132  7129  7107  6111  6108  5 98  3108  2121  3150  4169  5175  5178  5189  3187  4189  4201  3198  1
1011150  1109  3 64  5 45  6 32  5337  2278  2251  2251  2168  2 65  1260  3206  6198  7192  7191  6146  6 93  8 85 10 71  8110  4  0  0176  3188  6201  5189  2151  1112  3 80  7 68  7 55  7 54  6 89  5100  6106  5116  4124  3140  3147  3111  2 92  1134  1  0  0138  2113  8122  9101  6107  6115  7119  6135  6151  7135  8109  7111  6128  4159  3133  5101  5106  9
1012108 12104 10109  9 99  7 67  4 71  3106  7120  9104  7 89  5 94  4 74  4 52  3 63  2  0  0142  2204  7192 12189 14195 14194 12195 10201  8204  6203  5185  7143  8113  7114  7128  6131  6120  6 97  3141  4194  6209 10190 12176 12188 11212  9213 10204 11204 10187  9172  9170  9172  9172  7132  9125 12142  9146  9184 12204 14201 14196 14187 14184 13210  7244  2
1013232  6207 13200 14191 14193 16206 16218 13227 10231  8228  9240 10260  8233  7204 10202 15180 14144 11162  6193  3216  4207  7186 11177 11165  9166  6170  6164  9174 11199 13209 13203 10192  9190 10195 10192 11181 13167 14160 12170  9182  8173 10166 11145  8122 10142 10169 11177 13171 12168 12171 12169 10151  8145  6164 10146  9103  4130  5177  6158  4125  4
1014110  6109  9118 12120 14120 14119 13136 13159 14172 13184 14206 15212 13196 14180 15172 11147 10114 12124 14167 16205 16234 10241 10204 11187 11206 12214 11209 11205 10189  8158  8127 10142  8205  4217  7215  9234 10227 15222 15208 18190 23195 21202 17194 13180 12179 12190 14192 12182 10167  9158  8149  8149 10168 14181 17175 14171 13180 16189 17200 13205 11
1015205 14193 16178 14180 17182 20181 22185 22182 19187 16195 16198 19195 18189 18192 20196 23201 24203 23204 25195 23191 19191 18193 17192 17193 18205 21208 24199 21185 19182 22190 26190 25184 26180 27184 24173 18171 18181 19195 18196 17189 19193 22196 21189 22188 21196 19207 16206 13197 14194 17201 17210 17223 15241 11245  8242 10230  9227  5235  6204  9185 13
1016188 18184 20180 18176 19175 20177 17187 12198 10187 14181 19201 24215 25223 20213 15193 15163 15162 14184 18189 21178 20173 18178 20183 16186 13162 12122 10100  9111  9146  8131  7 93  8 93 10 82 11 79 11 94 11101 13101 13100 13 92 13 86 14 82 13 76 12 70 10 65  8 71  7 70  7 63  7 69  5 67  3 65  3 57  3 48  4 50  5 48  5 51  5 49  6 46  6 46  5 40  7 34  8
1017 36  7 37  7 34  8 33  7 25  7 24  9 25  9 19  9 19 10 17 10 23  8 23  8 21  8 18  8 15  9  9 10  7  8  3  7  8  6  8  8356  7358  6  6  8 15  8  6  7357  7  8  7 10  8  1  8356  7352  7348  8345  9346 11347 12346 13346 13347 12347 12348 12349 10351  9349  8346  9350  8350  5344  5348  6344  7346  7353  7360  6 25  3 22  3  1  3348  3332  2330  2334  4326  5
1018330  5327  5317  5310  5292  5262  3281  1  0  0 60  1113  2122  2106  3 94  5 94  5 92  6 84  6 69  5 62  4 66  4 75  6 80  7 81  5 71  4 50  3 65  3 79  3 86  5 86  6 85  6 87  6 79  6 75  7 84  6 86  5 91  7100  8108  8108  8108  7108  7108  6104  7100  8 99  8100  7101  6 98  6 97  5104  5105  6108  5116  5115  5105  4100  4104  5106  6109  7112  6113  5
1019109  6111  5109  6100  7107  8105  6103  6109  6116  6114  5112  4117  4111  4112  4 99  3 62  2 71  3 80  4 83  4 83  4 72  4 69  3 81  2 75  2 70  2 69  3 44  2 25  2 31  3 30  4 25  5 32  4 24  3 14  3 21  4 35  5 32  5 28  5 39  5 38  6 36  6 43  5 50  5 54  3 45  4 32  7 34  6 54  3 88  1103  2 54  3 36  3 76  3 85  3 72  3 57  5 35  7 18  7 51  7 73  5
1020 53  3 76  3 77  5 78  7 88  9 83  9 78  8 83  8 87 10 92 12 95 16 94 17 89 14 95 16100 18 93 19 95 17 95 14 91 14 83 14 84 15 87 18 83 13 80 10 81 12 81 14 81 15 76 17 72 16 75 14 73 11 74 12 78 13 83 13 86 13 90 16 87 16 89 15 84 15 81 12 83 11 80 11 82 11 81 10 81  8 83  9 81  8 79 10 80 11 85 11 93 10 94 10 90 10 89 10 93  8 92  8 89  9 87  9 78  8 74  8
1021 75 10 75  8 84  7 83  9 76  9 76 10 71  7 70  5 61  4 52  3 65  3 73  4 59  3 78  2101  4 95  6 93  8 96  9 90  9 90  8 96  9100 10 94  9 87  9 80  9 76  7 73  6 71  5 75  3 56  3 51  1  0  0 19  2359  2  0  0  0  0  0  0 51  1  0  0  0  0  0  0  0  0  0  0  0  0  0  0  0  0  0  0  0  0 66  1 91  5 90  7 81  7 83  8 86 10 85 10 87 10 78  8 66  7 74  6 78  6
1022 84  5 92  2 92  3 95  5 92  6 91  8 89  8 83  7 78  7 77  7 72  6 77  6 76  5 73  4 77  4 80  4 91  5106  4107  3 94  3 94  4 98  4 95  4 87  4 94  4109  3112  3112  3111  3121  3119  3107  3113  5107  6101  6101  6104  8109  8104  6102  5103  5103  5110  5115  5119  5117  6111  6111  6108  6100  7 96  7 93  7 92  7 95  7 98  7102  6 97  4 81  4 69  4 84  3
1023115  1  0  0  0  0  0  0  0  0  0  0  0  0  0  0  0  0 91  2 91  3 98  3104  4100  3 86  3 65  3 70  2 81  1 81  1 82  2 78  2 63  2 30  2  0  0  0  0  0  0  0  0  0  0  0  0 20  1 16  2  6  3359  4  2  5  3  5  2  4  2  3  6  3 14  2 22  2 27  2 15  1  0  0  0  0  0  0  0  0  0  0 14  2 16  2 19  3 18  3 14  3 11  3  8  2  9  2 18  2 28  3 34  3 39  3 48  3
1100 50  1  0  0  0  0  0  0  0  0 42  1  0  0  0  0  0  0 10  1355  3346  4346  4352  3356  3357  4  3  5  6  6  7  6  7  5  4  4357  3345  4331  5323  5319  4310  4313  6323  6321  5313  4313  5332  5333  4322  5322  5324  4339  4356  4357  3354  3354  2348  2344  1340  1339  2341  3331  3321  2  0  0324  1327  2340  2356  2356  2352  4354  4350  4337  3335  1
1101339  1328  1  0  0  0  0  0  0  0  0  0  0  0  0  0  0  0  0  0  0  0  0  0  0  0  0  0  0  0  0  0  0  0  0  0  0153  1122  3107  5102  6 94  6 89  6 84  5 76  5 72  4 78  3 76  3 66  2 61  2 66  1 81  2 82  3 51  1  0  0 65  1 78  2 96  2103  2100  3 94  3 95  2104  3109  4113  5112  6105  7106  6111  5117  5118  5110  1 99  5 95  5113  4135  3120  5 95  5
1102 93  5107  6114  7110  8113  9114  8115  8116  8110  9115  9118  9116  9113  9110  8115  9115  8116  7118  7122  7120  7123  5139  2125  4117  5116  6118  6118  6109  6110  7105  6109  4116  4106  4 95  4 87  4 81  4 79  3 74  1  0  0  0  0  0  0  0  0 69  1 83  2104  5104  4 99  3100  4 95  4 94  5105  6 99  5 91  4101  4107  4 99  4 99  5101  6102  4106  4
1103109  3117  3116  3115  4117  4120  5121  5123  6121  5116  5112  5105  5105  5107  6107  5109  5112  5117  5112  4 98  3 99  4101  5 97  7 90  7 83  6 82  7 87  7 91  5 89  5 94  6 93  5 95  6 98  4 99  5107  6111  7115  7119  7119  7122  8124  8129  7133  5117  5134  5 95  2 75  1  0  0  0  0  0  0  0  0  0  0  0  0  0  0 85  2 93  4105  6106  7106  7106  7
1104104  7105  7110  6117  6115  6109  5102  4102  4115  4120  4122  5130  4129  3127  2  0  0  0  0  0  0102  1  0  0  0  0102  2110  3124  3134  2126  3133  3157  5174  5175  4171  5170  4162  3176  3167  2167  2175  2144  2105  4 99  5107  4103  4102  5118  6110  7106  6100  6117  6141  8182 11200  9201  9191  8190  9198 11205 11206 12205 11202 11199 11193 10
1105186 10191 10194 10194 11193 11197 10211  8223  5215  5218  5238  4245  3220  4200  7208  9201 10196 11215 11231  8217  6206  6196 10197 15218 16228 14219 14218 17223 14224 12215 10196 11194 12194  9202  6202  4212  3228  8236 12237 14230 15232 11235  7236  6260  4266  6259  9253 12240 12239  9242  8252  8262  7253  7256  7276  6283  6278  6269  5261  6268  7
1106271  8270 10258 10243  7246  5256  4248  6224  9  0  0212 11215 10208 10227  8251  7270  7276  6256  6232  7245  9259 10258  9250  8247  9238 10231 12231 12241  9238  6227  8228  7225  8237  9247  7228  5215  5207  7204  7204  8205 11209 14216 12226  9234 13244 14248 15244 17235 15228 12235 12249 12251 12246  9244  9252  7257  6253  6256  6258  5251  7245 10
1107244 10254  9255 10236 12218 12230  9249  7255  9253 12237 14218 12205 13205 17225 18243 16241 16239 15224 15209 18206 18217 16235 14228 15214 17210 17207 18219 17237 11235 10213 10199 12199 18209 17215 15218 22217 24211 20209 22214 26222 18215 12205 13205 14205 13210 13214 16218 16218 16224 16230 12229 14240 18245 15221 13204 13225  9250  8250 11245 12247 14
1108237 19234 19235 17234 21237 22230 20227 19236 16232 20219 18232 18229 21218 17224 15220 14232 12238 13240 14250 13238 16235 16271 10258 11226 15232 15229 13226 12232 11251 11251 14239 16243 18244 17238 15249 16265 13248 14242 14246 14241 19248 22253 19257 17261 21262 20247 18229 19238 13260  7268  5252  7242 10251 10246  9242  9249 11247 11241 10239 12255 12
1109272  8262  6251  9247 12251 11265 10273  9275  7261  6242  8246 12245 13238 12242 11256  9249  6241  5248  6244  9244 12248 12243 10239 11241 13255 10276  8266  7232  7234  9257  8269  8269 11264 11273 10271  8268  7277  7279  7284  6270  5263  4271  4272  5267  4276  4280  7274  8275  7262  7254  6265  5265  5265  3276  2274  3275  4263  3241  1  0  0264  1
1110298  3293  3276  3249  2245  2270  4277  4283  4301  4330  5346  6355  7358  5354  4353  4354  4360  6356  7357  5  2  4357  4350  4345  4110  6349  6335  5341  7352  7353  7351  7346  8347  7342  6349  6360  7351  6344  6346  7354  8358  8358 10359 10  8  8 15  6  1  6353  7353  6340  7339  8343  8339  6332  5321  4320  5325  6321  6317  7323  7329  6335  5
1111332  5321  5326  6331  7334  6333  7328  8329  8330  8331  7331  7333  8332  7327  7328  6334  7343  8349 10345 10339  9332  9322  8336  6350  6352  6335  6327  5325  3320  3347  3359  2  3  1  7  1  3  2 15  2 27  3 25  3 25  3 32  5 32  7 17  6 11  6  1  5343  3359  3 18  6 11  7360  5  7  4  2  5341  4335  5338  6347  7345  7330  6334  5346  5344  6334  6
1112336  5345  4351  2352  2341  4342  4332  2331  2  3  3  7  4  7  3  8  4360  5  7  6  7  7359  7353  6352  5359  4  8  5 14  5  4  5  4  8 16 10 18  9 14  6 16  6 13  8  3 10359 14359 15360 14356 13355 10 24  9 64 10 82 12 83 13 66 10 54  7 57  6 74  4103  2104  3 81  5 85  6 92  9 82  8 64  4 56  2 54  6 30 10 27  8 47  7 73  8 78  7 60  5 28  6  1  4  9  1
1113 28  3 11  5350  6  5  5 42  4 36  3 17  3 14  6 10  8 20  5356  3321  3343  5  4  7 13  7 13 11  8 13  7 13357 11353  9  4 11 11 11 23  9 33 10 23 10 20 11 14  9355  7354 11  7 12 11 13  9 12 28 10 31 11 20  9 38  8 56  7 39  7 33 10 35 14 32 14 34 12 40 10 44  7 58  9 81 10 63  9 16  6 14  3360  3  2  4 61  9 46 11 18 13360 15347 15  1 14 52 14 86 14 73 14
1114 52 14 24 18 25 17 29 11 18  8 21  5 58  7 63  9 38 12 26 14 19 18 34 21 39 18 44 16 49 17 36 18 30 16 32 17 18 18 16 17 43 15 57 12 47 14 30 19 15 19 17 23 19 21 22 17 19 21 26 20 28 20 16 22 13 16 10 17 13 18 12 18 21 19 13 15108 18 19 26 23 28 26 23 18 18 11 19  4 18  2 16 14 17 47 14 64 11 36 14 20 14 30 12 31 10 34  7 22 10  2 15 21 14 26 12 27  9 52  8
1115 68 12 43 14 40 17 39 21 31 21 18 17 31 16 32 16 34 15 67 16 67 16 46 13 25 11 15 13 10 18 38 16 42 16 26 18 43 13 56 12 50 17 39 20 53 17 72 17 76 22 73 19 74 18 76 19 69 16 70 12 75 13 75 15 78 14 86 12 83 11 53  9 54 10 67 10 55 11 34 16 24 18 40 15 56 15 53 16 57 12 67  8 37 12 24 16 23 13 18 18 31 28 26 25 26 15 30 17 24 20 27 20 40 16 35 20 25 24 48 23
1116 60 23 64 21 72 19 65 18 50 15 42 13 32 15 25 18 38 14 42 13 29 16 37 14 53 11 56 14 55 20 55 24 50 24 54 18 63 18 64 19 52 20 43 19 59 19 63 17 58 13 51 15 60 13 65 12 54 13 59 13 66 16 59 18 39 23 28 26 23 23 20 18 27 13 40 12 42 15 30 20 35 17 59 11 40  9 33 11 48 12 45 13 42 17 33 20 21 20 20 18 28 17 29 25 39 31 41 29 29 26 22 27 26 31 41 28 51 18 34 17
1117 29 25 53 26 62 18 59 14 59 17 61 16 61 14 57 14 54 19 45 21 45 18 54 15 44 16 49 18 59 16 49 16 50 16 63 17 58 16 55 15 60 15 54 16 40 16 37 14 52 13 52 16 40 17 50 21 54 25 56 23 30 15 18 16 45 19 48 19 48 13 59  6 42  9 11 11 14 16 36 17 36 16 27 13 35  8 28  9 18 11 24 17 35 23 53 17 58 14 43 14 38  9 42  9 34 15 30 21 30 22 28 25 32 27 27 20 23 12 27 14
1118 24 22 21 18 20 17 22 19 29 23 28 25 26 23 34 19 33 16 29 18 28 21 20 21 17 21 19 17 13 14 10 19 20 25 15 21 16 15 20 17 17 18 15 25  5 27 11 20 17 24 20 35 19 32 20 32 18 33 14 28 19 27  6 19 17 21 32 26 12 23 14 23 19 22 12 24 22 25 27 18 11 11  8 11 26 14 23 14 16 19 28 22 30 21 27 24 29 23 36 19 39 16 19 16 17 19 35 31 35 32 28 20 31 15 47 14 40 14 35 15
1119 52 20 55 14 56 10 47 19 28 23 24 22 23 21 26 17 30 18 24 19 22 13 30 14 31 17 22 21 21 22 20 23 22 32 24 26 31 25 39 29 39 26 32 29 29 27 37 23 28 19 11 14 12 19 38 22 52 17 43 14 44 15 60 15 55 14 38 16 48 14 35 14 15 18 18 18 18 28 25 40 40 38 45 26 35 25 27 30 28 30 29 24 28 20 22 21 31 22 46 24 30 17 23 16 26 17 14 17 16 21 18 20 14 15 21 18 30 26 32 22
1120 26 19 22 21 26 19 32 19 25 20 18 23 25 24 22 23 14 19 17 21 32 23 29 25 20 26 28 19 31 15 30 20 29 22 44 17 46 14 33 16 48 14 41 11 21 21 27 23 32 17 31 28 31 35 27 28 27 29 32 27 49 19 52 17 39 18 33 16 18 16 16 23 43 24 54 25 41 24 30 21 53 15 78  9 61 12 40 13 29  7 55  5 59 15 36 23 38 20 34 22 41 16 45 10 36 13 43 14 39 17 35 25 52 26 43 25 27 25 51 19
1121 59 16 48 16 38 19 20 24 21 23 35 16 53 12 61 13 61 20 54 23 49 17 47 16 36 17 32 15 59 11 84 16 64 17 56 15 64 17 45 18 48 17 64 15 59 16 53 15 27 16  8 25 56 24 81 19 59 19 49 19 54 21 47 21 50 18 72 19 80 20 87 15 81 12 72 15 60 20 56 27 54 29 55 20 62 20 71 23 81 23 74 23 76 27 79 31 67 22 67 20 78 23 82 27 81 36 81 33 76 27 74 26 72 24 73 21 75 18 73 16
1122 79 19 75 19 77 14 65 12 61 12 75 12 72 17 68 20 83 15 89 18 78 23 76 20 82 14 88 13 84 15 80 14 86 11 87 13 86 15 86 13 92 16 97 17 98 14 95 14 78 16 69 17 69 16 68 18 71 20 74 18 53 14 42 12 43 12 40 12 60 10 63  9 44  9 36 22 41 35 42 34 53 25 62 15 55 13 57 13 54 11 53 11 40 18 29 22 36 28 40 27 38 23 37 27 41 30 36 24 45 17 52 23 41 24 38 22 34 25 44 24
1123 55 25 49 22 52 20 56 20 46 23 53 32 68 26 64 20 61 20 58 21 54 22 61 22 64 21 56 13 59 11 49 11 43 12 49 13 60 14 68 14 54 11 49  9 64 10 72 10 48  7  2  4 30  4 61  5 52  8 55  9 39  9 50 10 69 10 53 13 33 16 49 13 50 14 21 18 17 15 19 12  8 13 15 15 18 16 17 18 19 24 13 22 18 19 21 20  5 20  6 20 17 19 19 14 20 15 25 21 28 24 30 24 28 21 22 17 27 19 33 19
1200 27 20 20 20 21 20 30 21 29 15 19 12 18 11 22  8 24  9 18 15 23 17 32 11 28  9 39 12 51 12 33 10 28 11 27 14 36 15 31 20 38 18 56 10 46 11 35 14 39  9 39  7 39 13 41 17 39 15 61  8 65  7 53 12 41 15 38 14 23 10  1  5 20 10 40 14 23 10 19  9 26 14 23 16 19 12 25  9 33  8 31 12 22 13 25 16 25 19 19 15 17 16 13 18 18 19 18 21 17 19 10 14357 12  4 12 12 11 12 15
1201 13 15359  8349  7359  8  4 12346 12338 11352 13 12 11 18  8358  7354  5355  6354  9  9 10 11 12  2 14348 13342 12336 11339  9347  8345 10352 11  8 12 10 14354 13344 13355 13354 10341  8335  9338 12345 12344 10345 14353 16359 12350  9341 12342 14335 14323 13331 12346 14348 19345 21346 16358 13  5 12358 10354  9353  9352 13357 14353 10351  8349  8351 11  2 14
1202352 12338 12337 16337 17335 19353 19 16 16  2 13346 11347 13347 16354 15  6 13359 15349 15348 12346 14344 17337 14349 13  4 15  4 15 19 13 24 13  6 14359 17 14 16 26 12 22 12 22 17 25 20 14 16  4 15  2 18359 18357 17359 19359 18 14 16 20 16  7 17  5 14 10 16 14 20 18 19 17 19 15 19 12 16 12 20 12 19 14 15 15 15 15 18 17 22 21 21 21 22 21 18 13 14 10 15  7 17
1203  7 20 23 22 29 20 29 19 24 17 17 18 19 18 23 17 24 20 28 21 27 22 27 21 30 19 29 20 26 18 25 13 24 14 24 16 24 14 28 16 27 17 25 16 30 17 28 14 24 15 21 19 13 18  9 13 14  9  8  9  9 14 17 17 17 11 27 10 28 12 27 11 29 10 42  9 55  8 44  9 40 11 45  8 48  6 59 11 64 13 57 12 70 14 78 13 70 13 75 15 80 14 84 13 78 10 72  7 47  6 32  7 30  5 11  5 14  6  8  5
1204359  5  2  3 14  4 32  8 31  9 48  7 57  7 60  7 63  7 50  8 55  7 37  4 11  2 27  2 20  3 10  5341  3329  2351  4344  5356  7357  7360  7  5  8350  8338  8338  8340  8337  8333  8314  6321  6334  5309  2315  2321  3304  3304  2315  3318  4331  5326  5324  4322  3301  2305  3342  4353  4329  5317  5312  5311  5319  5331  4331  4337  5335  4319  4320  5325  4
1205321  4310  5312  4324  3313  4297  4320  3354  3354  4354  3  7  2  1  2343  1342  1354  1  0  0  0  0  0  0  0  0  0  0  0  0  0  0334  1336  2339  1  0  0  0  0  0  0  0  0  0  0  0  0  0  0  0  0  0  0  0  0112  2127  3147  3120  3 92  3 87  3 84  3 79  3 88  3 83  2 74  3 77  3 81  4 80  7 84 10 88 10 66  7 52  4 53  5 32  5 22  3 28  2 50  2 84  5 86  5
1206 78  4 69  4 54  3 43  3 48  3 48  3 33  4 32  3 33  2 33  2 32  4 36  4 47  2 46  2 38  2 48  2 70  2104  2122  2114  2  0  0  0  0  0  0  0  0  0  0  0  0  0  0284  1290  2320  2337  2350  3  3  4359  3  9  2355  2  0  0341  2320  3319  3307  3298  2292  1  0  0285  1  0  0  0  0  0  0  0  0  0  0  0  0  0  0  0  0  0  0306  1  0  0 21  1 41  4 33  6  9  7
1207345  7331  8319  7312  5315  4342  2  0  0 29  1  0  0  0  0 61  2 89  1  0  0  0  0  0  0  0  0  0  0  0  0  0  0  0  0  0  0  0  0 81  2 83  5 74  7 75  4 79  2 88  3 98  5 93  6112  4152  2257  3279  4305  3335  2349  1  0  0  2  1355  3345  3348  3353  2352  3347  4333  4324  4324  3326  3318  2  0  0301  3304  5304  6303  6308  6322  5328  3337  3338  3
1208327  3327  3329  3328  4309  4300  4295  6289  6293  6293  6292  7290  6304  5306  3311  2313  3299  3308  4315  6326  6327  6326  7335  6343  5347  7349  7341  7330  8335  7326  7306  6308  7311  7311  7335  6343  6339  6346  6348  6353  7347  8332  8331  8  1  7 24  7 22  6 21  6 21  5 19  5  3  7 15  8 42 10 42 13 43 14 35 14 28 11 30  8 31 14 33 18 25 12
1209 24  8 34  7 55  5 85  6 83  7 40  5 25  3 39  3356  4352  3 28  4 51  7 73  6 66  7 40  7 44  7 43  8 38  7 39  5 15  4357  5 14  7 22  6 10  7  9  8 12  8359  8  6  5 27  3 28  4 22  7 18  8 18  9  6  6360  6354  6360  7 14  8  9  9 15 10 15  8  9  6 12  8 15  9 16 10 13 11 12 13 12 19  9 19 12 14  7 11358 10359 12 10 14 20 14 16 12 15  9 20 11 13 12360  9
1210351 10329  9321  9320  8319  8320  9315  7328  5355  6 25  9 39  8 36 12 28 16 23 14  5 12353 11357 11350 10353 10356 10353 10339 11322 11312 11315 11333  9328 10318 10325  8331  8329  7332  8339 13338 15340 13334 10328 12322 12321 10306  9301 10321  9331  6316  7310 10326 11319 12298 15293 14293 11281  9278  7271  7285  5321  3334  2310  3290  5282  5278  7
1211289  7299  6300  5295  5299  6301  7312  6324  5318  4301  3275  1  0  0  0  0  0  0  0  0  0  0  0  0  0  0  0  0  0  0312  2307  5289  4283  3284  2293  2293  3293  3291  3287  1303  2316  7324  9317  9308  8309  8308 12310 13308 11308  8319  6320  6321  9333 11329  7327  7344 11325 11308  9322  8312  4327  4339  6326  8322  6307  4309  6325  9331 11337 12
1212335 11340  8342  9331 10340 10347 12346 11343  8337  6337  7333  8337  7332  5320  7330  9332  7331  8332 10331 10322 10325  7344  9348 11350  8324  6300  5312  5323  9336 12343 11328 12328 11322  9311  9322 10335 10359  6  7  4344  3323  5337  6360  5360  5350  6336  5321  9318 12328 12335 12343 12358 10346 10333 10337 12340 14339 12338 11345 11344 10344  8
1213338  8329  7333  6335  7320  9317  8328  7337  6314  5307  7331  6334  5330  7323  6300  6285  8287 11298 11313 10298 11285 10301  7296  7283  6309  6331  7320  7319  7317  6292  5257  4258  3286  4287  7275  8270  8267  7279  6296  5287  4269  6267  8260  8261  9274  9278  7261  6246  4248  6263 10276 13276 14278 18282 16278 13265  9272  7270  9266 12284 13
1214269 10246  8239  8252  4291  3300  3268  3255  7265 11261 15251 14240 10229  8240  5277  7294 10293 10288 16281 22273 18281 15280 12253 13257 15267 12267  9269  8274  7286  7264  4217  2212  4267  5301  4315  8333 13323 14314 11311 11320 14335 13343 14339 19327 16325 14327 13314 11310 12324 11339 11337  9329  7355  6  2  4322  4300  8298  8290  8292  9321  6
1215 12  6 24  5 35  3 47  6 38  9 21  8  2  9347 11353 10  2  9341  8314  9309  8322  3311  1301  4315  7313  7319  6316  4280  3244  3235  4247  4291  2357  4 23  6 13  5  9  3333  1267  2313  2 39  2  0  0  0  0  0  0255  1  0  0  0  0182  2167  4154  4128  3125  2193  1312  4318  6301  3  0  0339  3331  5360  5 16  6342  4312  5108 11108 16108 15108  9108  7
1216301  4315  7313  7319  6316  4280  3244  3235  4247  4291  2357  4 23  6 13  5  9  3333  1267  2313  2 39  2  0  0  0  0  0  0255  1  0  0  0  0182  2167  4154  4128  3125  2193  1312  4318  6301  3  0  0339  3331  5360  5 16  6342  4312  5312  8310  7318  5288  3286  3317  3310  3326  4339  6343  7350  8351  9346 11352 10 14  5 15  4350  5338  5319  6306  7
1217314  7314  4311  5324  8335  9347  6360  6  3  6 11  7 11  9 16  7 29  6  9  6353  6345  8333 10329  9341  5357  3333  4296  4295  3311  3270  4260  4290  4301  5294  3258  1  0  0  0  0  0  0  0  0268  1344  3 27  3 11  3 28  5 45  5 19  3 45  3 48  2 27  2 39  3 71  3118  4123  2115  2146  4158  5154  6159  6171  6173  6168  6170  6174  5180  3184  4186  5
1218187  4185  4169  3144  3 94  5 56  7 50  6 30  3 28  1  0  0  0  0 49  1 60  1272  3209  7192  9183  9191  7203  4221  3226  2212  2  0  0171  2198  3211  3192  3159  2136  3111  5 92  7 77  5 86  5 87  7 78  7 94  6115  5124  6121  6122  7124  6122  5114  4121  4128  5114  6107  5151  4167  4158  4179  5176  6159  5160  6175 10166 10164  8171  7141  5109  3
1219 98  4 92  3130  2130  3101  4106  5104  5102  5109  5136  4147  2136  3152  3176  6175 11175 14179 12177 10178 10185 11187 11190 10190 10188 10191  9194  8190  8187  9189  9189  9190  8188  9185  9187  9191  9192 10186 10184 10186 11182 11183 11185 11185 11180 10170 10168 11171 13174 15178 15183 15184 14180 12178 10169  8125  7123  6144  6149  6148  5123  7
1220133  6165  4163  5165  5179  4177  4160  3130  3137  4165  5176  6177  3184  2  0  0171  1179  4177  4185  5173  5152  5164  3175  2172  2171  2181  3202  2198  4197  7198  7201  7199  5194  4191  4182  3171  3154  3124  3109  3112  4118  4124  3132  2137  4125  4127  2121  2110  2126  3125  2 96  2 85  2126  1  0  0  0  0  0  0  0  0  0  0209  1214  2225  2
1221233  3233  5218  5209  5208  6202  6196  6191  7187  7181  7178  7177  7169  5168  5176  7179  9180  9175 10174  9179  9180 10182  9181  8180  8186  7197  6208  5211  6211  7207  7200  7208  5190  3160  2157  3144  3128  2118  3124  3175  1224  2240  2254  2249  3229  3219  3219  2  0  0  0  0  0  0  0  0  0  0  0  0  0  0  0  0  0  0  0  0273  1256  3255  4
1222282  2289  1311  1  0  0  0  0  0  0  0  0  0  0  0  0  0  0  0  0  0  0360  2  3  4360  4357  4349  4335  4324  4316  4310  3309  3309  4305  4306  4306  3298  3287  3282  4281  4280  5272  4268  5270  6265  5264  5266  6272  6279  7281  9288  9291  8300  6307  5302  5298  5291  4285  5291  5309  4278  2255  3273  5278  5282  5277  3  0  0  0  0  0  0267  1
1223  0  0  0  0242  1217  2203  3195  3208  3226  1  0  0  0  0  0  0  0  0318  1314  2297  2281  2270  2287  2  0  0  0  0236  1214  2193  2175  2158  3156  2154  1  0  0  0  0181  2179  2171  2152  1149  2169  2177  4178  7176  8162  9153  7160  5154  5146  5151  5154  5135  6114  7 98  4 99  3104  5113  5123  4110  4121  3155  3173  5168  6167  6148  5128  4
1300145  3169  2157  2144  3162  6173  7167  6130  5105  3159  4175  5174  7187  8188  7197  6206  6205  7203  7202  6198  7198  8198  7194  6193  6189  7187  8179  8170  7173  7157  4156  1166  2153  3134  4116  5131  5130  3140  2158  4167  6169  6177  4194  4179  7180  7185  7185  9184 10182  8180  8179  8180  8183  8185  8185  8186  9183 10179 10180 12180 13
1301179 15180 13180 13181 16180 16178 15176 14172 13171 13176 14176 13177 11185 10186 11182 11177 13176 16177 16169 12168  8179 10174 10174  9173  8167  7176  7181  7187  5202  6215  6222  7225  7234  6249  6262  6264  5253  4234  5229  7233  7232  8233  6238  6238  8246 10254  9259  7264  6270  5281  5277  6265  6255  5259  4264  4273  8279  8275  8274  7272  6
1302268  7262  7267  4276  3282  4290  5291  6281  6270  7267  9261 10257  9255  7245  9239  9243  7241  6238  5236  5234  4232  5230  7241  7248  7245  6249  6254  5251  5247  5251  8251 10249 10264 10261  7245  6254  6266  6280  5278  4266  4268  4273  5255  5246  3264  4268  4267  2  0  0298  2286  4279  6281  6289  5281  4268  3276  3288  3294  5299  5317  3
1303327  1  0  0  0  0 14  2 33  2 46  2 45  3 32  3 11  3356  2350  1344  1  0  0  0  0  0  0  0  0  0  0 93  1 76  1 71  1  0  0  0  0  0  0  0  0  0  0  0  0  0  0  0  0  0  0  0  0  0  0  0  0  0  0  0  0  0  0  0  0  0  0  0  0  0  0  0  0 32  2 53  1103  1152  2172  2186  1  0  0  0  0  0  0  0  0  0  0329  1349  3356  4  1  4110  5357  6355  6353  5345  4
1304333  3326  3328  1338  1348  2  0  0  0  0  0  0  0  0  9  2 32  2 54  2 78  3101  4104  4 97  3 81  2 55  1  0  0297  2293  3301  3318  2338  2345  2344  2350  1332  1308  2  0  0  0  0  0  0  0  0  0  0 17  2 17  4 16  5 16  6 19  6 21  6 25  6 28  6 28  6 29  7 36  6 38  6 46  4 41  4 18  4  4  3355  3350  3350  3358  3 11  3 15  3 18  3 16  3  5  3348  2
1305  0  0  0  0351  1  0  0  0  0 36  3 29  5 30  5 29  5 23  5 14  4  5  3  3  3 28  2 49  4 64  4 70  3 72  3 67  4 61  4 72  4 75  5 74  5 45  3 24  1 34  2 38  3 37  4 25  5  1  4343  3343  2  5  3 26  5 33  7 45  7 63  6 52  5357  2  0  0  0  0347  2352  3  2  4  2  3  9  3 18  3 30  2 30  2  8  2348  2350  2336  3309  3289  4273  6274  8277  7276  5276  4
1306269  2  0  0  0  0 70  1 78  2 70  2 65  2 62  3 66  2 82  3 92  4 96  5100  6110  7114  6116  5141  3  0  0  0  0  0  0  0  0  0  0 61  2 85  5 84  8 80  9 76  9 70  7 64  6 57  6 45  5 34  4 32  4 54  3 54  2 37  3 80  1  0  0  0  0 12  1118  3 98  4 86  5 87  5 87  4 57  3 20  3 31  2 49  2 54  4 50  4 60  3 71  6 67  7 64  7 49  4 40  3 35  4 34  4 22  4
1307  9  5 14  6 17  5 24  4 28  6 30 10 42 10 71  8 72  7 58  6 66  7 65  9 39 10 28 10 46  7 40  6 11  7357  8  7 11  1 10341  6354  4  5  3358  3  5  3 14  4359  6346  6348  4348  4335  3321  4320  4307  4296  4289  3282  3289  3292  3296  3306  3307  2  0  0  0  0  0  0  0  0  0  0  0  0  0  0194  1109  3103  3109  4101  5 97  6 90  6 88  6 86  6 77  5 72  4
1308 76  3 65  2  0  0  0  0  0  0  0  0 94  3 88  4 87  5 92  5  0  0108  5104  5 93  6 91  7 92  7 89  8 88  8 86  9 84  9 87  8 84  8 85  6 83  5 73  6 75  7 87  6 91  6 89  7 91  8 89  9 91 11 91 11 91 10 90 11 83 11 86 10 93  9 94 10 95  9 91  7 92  5 96  3 88  4 97  4135  3176  3192  4200  6217  5230  5260  5291  6308  6326  5338  4337  4332  4330  3321  2
1309313  2309  3301  5295  4294  3302  3313  5317  6319  6315  6313  7316  6313  5329  7333  8328  8328  8317  8316  7331  8329  7321  7326 10335 10326  9311  9320 10326  8333  6324  8312  9327  8335  8328 10329  9345  6348  7341  7345  7354  7351  7339  8339  9335  9333  8331  7321  6322  7333  9343  7351  7355 10349 10348 10350 10346  9339  8337  8342  6346  6
1310339  4331  5330  7329  9319  8317  7330  5334  3338  6340 11348 10349  8335  7349  3349  4339  6346  6344  3335  2332  5325  8316  9338  7348  7345  6351  6349  8351  9348  8346  9348 11348 11355  8354  6356  8357 12348 12340 11339 11346 11351 10348 10351  9353  9360 10359 10355 10359 14  1 15  6 12  9 12  2 13350 12352  9 19  8 17 10357  9358  9354 15354 19
1311  8 19 13 13 13 12 32 18 33 17 38 10 38  6 19 12 17 16 25 11 36 12 57 10 76  9 60 10 29  8 29 11 43 15 55 13 64 10 66 13 69 15 76 13 55  9 50  7 68 10 72 16 65 13 49  8 51  9 51  8 50  6 67  7 65  7 71  4 77  1 68  3 85  6 79  8 70  8 77  9 68 10 67  8 81  6 66  6 32  5 31  3 30  3 34  4 58  6 77  7 77  8 57  6 58  4 89  2  0  0  0  0  0  0  0  0  0  0  0  0
1312223  2167  1  0  0 93  2 76  3 71  4 63  5 42  6  1  6  6  9 37 12 33 10 28  8 41  5 34  3 11  3 20  4 21  6 26  8 46 10 60 10 59  9 35  8 19  7 25  7109  7 39  5 19  2 13  2 10  3341  4336  5 10  6359  4332  4358  6 61  5127  2145  3 94  5 61  8 26  9 10 10 16 11 35 10 37 10 19 11 20  8 27  7 38  6 71  5 85  8 81 12 76 13 80 13 87 10 82  9 80 11 68 10 51  8
1313 32  7 22  7 18  7 17  4 81  4138  4117  4 91  7 74  8 66  7 74  7 82  7 81  8 58  6 74  2 92  2 54  2 83  3112  5 83  6101  6106  6 94  7112  6117  6115  7110  6111  5118  5104  4123  2132  3134  4157  3146  3130  4132  4154  6157  8155  7182  6192  8194  6160  7120  8118  7125  5138  3  0  0  0  0  0  0 38  1118  1194  2199  2238  5272  7269  6255  5245  5
1314246  6247  8249  9243  9239  8264  7277  4287  4289  5252  6244  7244  8230  6225  9224 14226 15235 13235  9223  9231 10260  9267  7253  8247 10243 10239 11267  9270  5265  4260  2228  2259  3276  6259  9285  8319  7339  7310  6292  5318  6324  8337 11353  8350  6352  9340  8329  8320  9313  8317  8309  8283  7237 10206 11193  8178  5180  7171 10181  9216  7
1315243  6265  7311  8304  8296  8286  8283  8250  5233  3289  3267  2255  2280  4257  5248  8246 12253  9228 11209 14209 12201 12186 10171  8170  9181 12179 13190 12232 11268 10282 11263 12228 10252  7279  5251  7230 12233 16240 19259 18297 13318 10319  5296  3305  4326  5314  7308 11297 10294  9304 10309 11308 11309 12303  8284  6283  6273  6266  9295 15318 14
1316326  9305  7299  8307  8302 13311 13336  9359  7 13  6  1  4344  4293  8235 13237 13236 13225 12227 10259  8263  4279  3333  4346  7343 10353 10360 10  2 11  5 10  2  9352  8336  6332  7354  7335  6314  5344  4357  8351 12350 11350  7 13  4110 13 29  5 10  7343  7292  9266 11300 11335 11331 10330  6316  6306  8301 10299 11315 10342  7358  6343  9336 14318 12
1317306  8324 12326 15323 12335 12338 17335 16317 10302  9315 10334 10326 10322 11340 11336  9338 10355 11350 10339 10324  8291  8287  9295  9288 13286 13280 10274  8282  9297  9310  9312 11312  9315 10324 12324 11332 10341 14338 14316 12294 10321 11321 14294 16274 17275 19296 17308 10296  7283 10285 11286  7302  8308 11310 13296 11280 12309 14330 14328 13332 12
1318316  7292  5313  5354  2 17  1 25  4328  9264 13242 10283 10322 12306 12309 15318 15327 16315 15327 12337 11303 11283 14269 13284  9315  7322 11329 13336 13341 14350 11343  9327 10329 12337 13344 13339 11332 10334 10335  9349 11343 11335 10341 11337 12334 11331 11337 11338  9337  8346  8354  9352 10344 11340 11338 10332  8333  8330  8320  8309  6301  4324  6
1319334  9313  9327  8340  7322  8327  8325  7309  9322 11317 12307 12313 12334 10333  9311 11304  9291  8302 12304 13307 11313 13306 14307 13317  9311 11300 12302 10307  9315 10300 11292 11312 10311  9303 11304 10314  8315 12292 11295 10311 10332  7348  6324  8299 10310  9317  6330  6338 11339 13349 10352  8350  7341  7336  7331  7339  7332  6305  5317  5333  6
1320327  6333  6341  5332  6332  5330  4325  5335  4334  5328  8335  8319  6316  6335  9343 11337  9325  9320  8321  6335  7326  9314  8322  7319  7306  6301  6312  6309  7313  4339  2305  2265  1305  2330  3304  5303  8314  8305  6294  7293  9297 11294 11289 12278 15281 14289 10283 15291 18296 17286 17284 14291 13302 14294 11277  7110  8278  7269  9271 11285 14
1321296 17284 16273 11278 12290 18283 19279 17285 14281 10285 11292 12291 12287 16293 17289 14292 13296 11290 12294 10284  5281  6280  8281  7288  5275  3260  5275  9293 12325 10322  5282  8277  9274  8273  9270  7275  9281 11282  9286  9277 11273 13277 13276 11278 11283 13280 14274 13282 12281 10279  8282 10273 13270 11271  8260  8250 11244 10241  8239  9258  8
1322256  6232  7230  9226 12231 12236 10232 11243  9261  6268  8255  7252  6257  9244 11241  9253  7260  5268  7261  9252  8250 12247 11257  9259 11253 13248 13263 13261 12260 10276  8269  8268  9264 12260 14255 14255 12263 12255 11261  7271  6269  9273 10270  5269  7274 10277 10277  9273 10273 10273  8273  7266  8258  6260  7268  7281  6282  9266 12264 11263 10
1323256 11253 13263 10271 11265 17269 16272 10270 11282 13278  9264 11266 15262 14269 12271 11258 10263 11262 12256  9254 11251 12258  9248  8245  7245 10243 14252 11262  8257  9245 10255  9258  7243  8248 13269 17270 16261 12254 11257 12266  9265  7251  9242 10243 10238 11232 12226 12233 14240 16237 16238 16235 14273  8308  5273  6253 10262 12257 10243  9231 10
1400240 10233 10234 12238 14234 12248 12260 10256 10244  9247  7243  6239  7244  8247  9235  9223  9221  8216  7219  8216 10222 10231 10227  7224  6220 10210 12220 15226 15214 13221 11219  9208  9209  9217  9213 11221 12242 10243  8244  9242 12240 14241 15236 11236  9221  9232  6232  4214  5239  5246  4238  5243  7232  6206  7201  7219 10230 12222  8217  8212 10
1401211  9213  6203  8196 10205  8203  9209 12229 13225 12208 10203 12214 19225 18229 11230 10224  8226  7245 10244 13227 11221  8218  7212  8223  8232 11225 15229 15232 11225  9230 11224  9227  5243  3262  3240  2211  3221  5217  7207  7209  7221  6209  4178  4159  4159  5162  5165  6188  7207  8203  8205  8212  7216  7221 10214 12195 12189 11193 12184 10177 10
1402175 11177 11183 12188 12191  9192  7191  7187  7193  7194  8189  8185  9185  8188  7183  6181  6183  7183  7178  5182  4195  4198  5211  4228  4218  4198  5189  6193  9211 10211  7203  5209  6207  9203 12209 11201  7186  8184 10189 11210 10205  8188  7195  8200  6195  7195  8192  8190  8203  8201  9191 11197 10198  7190  6186  7189  8191  8205 12223 12205  8
1403180  9176 10170 10170  9145  6135  7166 10172 10170  7175  6163  8163 10160  9124  6105  4105  5125  6131  4138  3161  3166  3175  4190  7199  7198  6202  5206  5194  6188  9187 10179  9173  9174  9173  7169  5175  3186  3169  3161  2150  2  0  0  0  0164  1149  1138  2131  1  0  0216  1248  1240  2219  3213  6203  7196  8193  9185  8184 10184 14192 16190 16
1404185 16185 16184 17188 18192 17192 18189 18189 16190 14192 14192 15194 16192 15189 16192 16196 15192 13189 14191 17188 14187 11187 11186 11185 11182 12180 14181 16179 16175 15177 15180 12179 13185 16188 13186 12189 13186 15178 16174 13171 12147 10149  8161  6174  4188  2138  1  0  0157  1150  3149  2125  3121  3170  2200  2182  4177  5186  6190  6196  6194  7
1405188 10192 13192 12184 13183 12183 11178 11175 11177 11174 11167 10165  8172 10173 11168 10176 11182 12182 11181 10183 10192 11196 10197 10201 12197 11187  9179  9185  9184  9173 10176 10180  9183 11183 12184 12185 13185 15185 15184 13184 14180 16181 16189 13188 12186 11184 12180 13177 14181 15183 13185 14185 17182 17181 16182 17188 15187 14184 18182 19180 17
1406182 15183 17181 17178 15173 13172 14179 15183 18185 20192 18191 16187 16190 14188 13187 12192 11197 12191 15178 13176 15187 15185 12178 13180 11182 11191 11195 12201 10214  8222  6228  5229  5206  4178  3166  4169  4142  2  0  0106  2106  3114  3108  3112  3137  4157  6134  6107  4119  4120  6115  8120  8123  8120  8119  8107  6 96  6 98  7 88  7 90  5103  3
1407 93  2 71  2  0  0  0  0  0  0  0  0  2  2  4  2  0  0  0  0  0  0  0  0  0  0  0  0  0  0  0  0339  1327  3331  4335  4333  3326  2328  1337  2340  2347  2  4  2 24  1 65  1108  2137  3169  2  0  0  0  0  0  0 95  2106  4116  6126  7126  6117  4 97  3 49  2360  3346  3343  4335  5332  5335  4339  4338  4329  3325  2316  1  0  0  0  0  0  0159  2159  4150  5
1408138  7128  7121  8111  9107  9105  8140  8179 12184 12185 11191 11196 12190 14185 18180 20181 19179 17182 17191 18190 18188 18194 17196 13191  9195  8208  8231  7255  5266  4283  4289  6285  7313  6320  6288  7295  7322  8315  8304  6310  5350  2338  2287  5294  5306  6308  7322  8343  9352 10353 10344  9355  8355  7348  6360  4330  2285  3251  4245  4260  4
1409264  3272  5271  6277  6268  5255  5258  5281  2276  2222  3241  2  0  0  0  0  0  0  0  0298  1311  3302  5287  5289  6296  5279  3274  4274  6270  5305  4359  5 25  7 24  8 21  9  9  8  7  6 18  6 24  8 15  8 12  6 15  4 32  5 27  6355  7344  8352  9358  7354  5  4  5 17  6354  7312  7340  7 28  7 36  9 35  9 18  8  4  7348 10327 11311  7303  6302  7272  6
1410246  9245  9273  7326 12334 15326 11320  7306  8299 10316  7358  5 29  5 25  5 22  5 49  4360  3238  5214  6218  4271  2253  3276  5 12  4 33  3  0  0  0  0 34  1326  5262  9268  9309  8  4  8 29  8 17  7328  8287 11310 11332  9323  6299  5295  3303  5257  8209  7195  7226  5230  4294  6  2  7 92  7195 10245 11276 11306 11303  7291  9282 11269  8221  8183 11
1411210  9229  5202  8185 11186  9202  6210  5224  4232  2195  8207 12210 10191 16176 22175 20184 18190 16181 12143  9140  7178 13191 17191 13200 12221 11228 11194  9204  6262  7273 16254 19248 16252 15245 15229 15212 14216 11214 12190 17183 15176 13145 14109 13134  9201 11235 16244 14239  9252  6283  7288  4 21  6107 13127 15112 12 94 11 97 15 97 20 97 22107 16
1412111 11 94 10 76  9121  9199 15225 20226 18245 15261 10212  9183 15189 16183 15181 16164 14163 14161 14173 15178 15176 17185 17184 13184 13187 13200 12208 11217  9234  7237  8220 10202 12195 16203 16205 15207 11175  6124  6105  7173  7197  7219  8267  7247 10228 16224 13226  6210  4227  5259  9264 11283  9294  5296  4324  8353  9  6  6  3  8340 10303  9238 11
1413198 11242  9287 10270 13245 14231 14206 14147 12 69 13 17 10283 10197 14209 13184 10166 13171 13181  7188 12193 16212 14210 15182 17169 17150 15112 15106 16118 14114 10119  9123 12160 18203 26201 29197 25196 19199 15190 17177 19174 15172 11183 11193 12220 14242 16235 16243 13245 11243 11229 13178 16130 14125 11143  7145  5124  6162  4131  2 24  5 70  8100 10
1414 95 11 94 11 92 13105 12125  9130  8112  6118  4154  6170 15180 18179 18170 16178 10191 12195 17207 14219 11222 15216 17224 19237 21246 20253 25243 26249 15328  9312 10305  7331  2 28  2296 11181 21172 20170 17191 16195 17187 16160  8114  5 80  6 84  8 52  7274  6210  7208  7260 14299 18321 16327 11291  8248 10227  9238  7274 12288 19269 17276 16269 15243 13
1415231 12231 10255  8267  9237 11196 12185 13191 11174  9167 11193 12211 11251  9310  7341  6341  5358  3 49  3 82  3 91  4 93  4 86  5119  8193 12151 16118 22125 19120 12113 12110 13135 12172 14153 13123 11128  9141  4118  4 73  4 56  5 42  4 53  5 75  9 82 13 87 14 70 11 61 14 74 17107 18120 17149 15198 12189  8166  5129  5 93 11 98 16107 15103 14118 16157 15
1416205 15249 13266 10264 11279  9301  9316 11336 10336  6302  2246  3196  9180 10228  8254  7274  4327  5 72  9 71  9 79  6 97  6118 11123 18125 18131 16122 18105 17102 11119  7127  7109 11 89 17 86 26 97 28120 21120 16113 17120 20121 18120 19117 20115 18131 14111 11 91 14120 13138  9125  8122 10158 14174 11168  8164  7171  7177 11145 12117 10115 11117 14120 14
1417122 10140  7161  8183 11190 11195 11209 11199 16157 17125 11118 11121 11133  9126  7138  7169  8182  8173  4 75  3 78  5101  6174  5181  5141  5147  5158  4146  2197  1243  3267  3299  2295  3291  3311  3334  2336  1  0  0330  1329  2316  2307  3305  3298  1  0  0  0  0286  2277  2305  1348  2345  3325  3320  3325  3320  4318  4322  4321  5315  5320  4327  3
1418324  4327  4330  4332  4334  4336  4339  4341  3336  2322  2311  2311  2302  1  0  0  0  0  0  0125  2138  9127 13132 12159 11154 12139  9145 12148 16129 15113 12132 10143  9141  6137 10141 16127 14114 12133 11137 11140 11136 10133 10129  9115  9121  9120  9131  6132  6140  8155  8159 11171 12173 12177 13154 11132  8147  6170  8179  9171  9171 10179 11181 14
1419180 17175 17177 15179 14177 10171  9172 10180 10178 11180 12186 13185 13180 15183 17185 18182 16169 11170 10184 14184 19185 19182 14177 14151 12146 10177 13182 13179 14185 13194 14192 20182 20182 15184 13185 16184 21181 22181 17175 13175 14183 14184 13182 14184 16187 19184 18185 12186 13187 14190 15190 14188 11191  9196 10194 12192 14194 14193 15197 15203 11
1420202 10201 12200 14198 14195 15188 17189 17196 21196 20193 15193 15192 16191 16192 14190 13187 14188 12192 11192 13188 15188 15189 14186 12185 13185 16179 17181 15182 15178 17182 17185 14182 12176 12180  9170  7163 12179 16179 16178 16189 14192 13182 13183 12185 12182 13182 12188 10190  9193  9204  8207  7200  5197  5202  6199  7194  7197  5196  5192  5187  4
1421161  2155  2172  3179  4188  6182  6181  7185 10185 12181 12177 12177  9166  8169  6177  7168  9162  7160  5160  3140  3134  4153  4163  3167  6152  8149  5144  4124  4148  2  0  0208  1  0  0  0  0  0  0  0  0208  2207  3209  4217  4218  3222  4229  5225  4232  2238  1236  3219  4210  4211  7214  5226  4224  4219  4214  5213  6214  7208  6199  6201  6205  6
1422205  6210  6210  6218  5238  5255  4254  5248  6246  6244  6247  5247  4251  4254  4250  2  0  0  0  0212  2237  2259  1  0  0  0  0193  1181  2178  3180  4177  4169  3165  4167  3164  2152  2148  3155  3144  3145  3162  4168  3171  3167  3160  4156  4144  5121  6112  6112  7101  7 99  7 97  7132  5128  3 33  1  0  0106  2108  3104  2102  2109  2111  2106  2
1423108  2 99  2102  1  0  0  0  0  0  0  0  0  0  0  0  0  0  0  0  0  0  0  0  0  0  0  0  0  0  0204  1  0  0  0  0  0  0  0  0  0  0223  2275  2  0  0  0  0  0  0  0  0  0  0  0  0  0  0  0  0  0  0  0  0  0  0  0  0  0  0  0  0  0  0  0  0  0  0  0  0  0  0  0  0  0  0  0  0  0  0  0  0  0  0  0  0  0  0  0  0  0  0  0  0  0  0  0  0  0  0  0  0  0  0  0  0
1500  0  0  0  0  0  0  0  0260  1272  2282  2290  1286  2277  3275  3270  3258  3239  3238  4244  3215  1201  3209  4202  3197  4195  5189  6186  6184  6182  5187  4196  5202  5216  4235  4243  5241  6234  6233  7240  8246  6252  6252  7251  6250  5243  6229  8218 10203  9200  7205 10211 11214  8202  6197  6195  6190  5191  5187  4193  3199  3200  3209  3216  3
1501212  3208  3226  3238  1210  3200  7214  8198  6191  4187  3170  4175  4166  3125  2142  4208  3  0  0  0  0126  1 95  1  0  0  0  0  0  0  0  0  0  0  0  0176  1  0  0  0  0  0  0  0  0  0  0  0  0  0  0  0  0  0  0  0  0  0  0  0  0147  1174  3176  3180  4183  5185  5190  6194  6196  6201  7204  8204  7205  6203  5199  3194  4187  3  0  0  0  0  0  0187  2
1502171  2167  1  0  0  0  0  0  0126  1102  2108  3108  3 93  2103  3106  2 84  2 62  2  0  0 80  1103  3101  3 98  3101  3102  3101  3104  4102  4103  3114  4131  4129  4125  5133  4134  4126  4123  2128  2138  2124  1106  2111  3114  4118  5113  5104  5102  6100  6 97  7 97  6100  6101  6100  6 99  7 98  7 99  7 97  7 96  7 93  7 87  6 85  5 87  4 87  4 88  4
1503 91  4 91  4 93  4 93  4 91  4 94  4105  3112  3113  3114  3121  3140  2148  3141  3130  2116  3107  3107  4115  4118  4114  5119  5120  6117  6119  7113  7106  6108  6119  7113  7107  7122  5143  5164  5173  8173 11172 13175 15177 17187 16188 15187 15185 15186 15189 14187 14188 14190 14190 14192 13193 14195 15205 14210 13210 11211 10206  9201  8198  9199 14
1504200 16195 16195 16194 15194 16195 14191 11192 11189 11188 10190 10189  9182  8176  9175 11176 12179 10178 10175 11178 10181  9178  9180  9185  9188 10187  9184  9183  8186  7191  7195  8212 11210 10185  8187  7203  7212  8209  7194  7199  8207  8197  6195  5190  5184  5182  6184  5190  4185  4175  6185  7194  7186  7187  6200  5204  4201  3212  3227  2217  2
1505205  3220  3225  6211  9214  9216  8207  8208  7213  6201  6197  7208  8209  8204  6235  4267  2  0  0  0  0274  2253  5234  7233  6222  4213  3208  3206  3183  3149  3136  4125  5117  5117  6116  6109  6105  6107  6107  6 97  6 91  6 96  6103  6114  6123  6123  8118 10117 11117 11118 10121  9123  9121  9131  7129  4113  4115  4115  5107  6106  5107  4106  4
1506103  4101  4 96  4 90  4 92  4 95  3 96  3 97  2 95  2 95  1 90  2 93  3 99  4 97  4 95  4 91  4 88  3 84  2 86  2 97  1104  2106  2 99  2 90  2 85  2 76  3 84  3 93  3 91  2  0  0  0  0  0  0 94  1103  2115  2117  2116  2118  2119  4116  4117  4116  3111  3 99  3 82  3 81  3 82  3 72  3 71  3 77  2 66  1 38  1 27  2 32  2 30  2 30  2 33  2 26  1 28  1 37  2
1507 37  2 34  2 29  3 27  3 29  4 32  5 32  5 26  5 20  6 19  6 26  6 35  7 36  6 33  6 29  6 20  6 16  6 18  6 21  5 26  3 28  3 25  3 19  3 18  2 20  1 16  1 13  2 12  3 12  4  6  3  5  2  3  2357  2355  1  0  0  0  0  0  0  0  0  0  0  0  0  0  0  0  0  0  0  0  0  0  0  0  0  0  0217  1220  1  0  0  0  0  0  0  0  0  0  0  0  0  0  0  0  0  0  0  0  0  0  0
1508  0  0  0  0  0  0  0  0  0  0  0  0  0  0  0  0  0  0  0  0  0  0  0  0  0  0  0  0127  3134  5130  6127  7128  8128  8127  8124  8122  8121  8119  9115  9111 10112 10117 10119  9121  8120  8121  8125  6132  4137  3131  3144  2158  3162  4151  5123  3102  2 95  2124  2  0  0  0  0  0  0  0  0125  1134  2139  3161  3142  3117  3126  4132  4138  2147  1158  2
1509186  2  0  0  0  0  0  0  0  0  0  0202  2209  3209  4197  4192  4197  6189  7176  7174  6176  6175  7172  8173  7172  6166  6165  7168  7171  6172  5170  5171  6170  5171  5178  4174  3147  3117  3134  2129  1115  1  0  0  0  0114  2 70  4 76  4 84  3  0  0  0  0  0  0 51  1 61  3 65  2 59  2 63  2 82  3119  2  0  0  0  0  0  0  0  0 52  1 85  3111  4124  4
1510133  4134  4122  2  0  0  0  0  0  0  0  0130  1137  1  0  0  0  0  0  0109  5118  1109  3 98  4104  4111  4111  5120  4126  4116  4113  4115  5106  5106  5107  5107  5112  4114  4104  4104  4101  4106  5118  5115  4118  3130  2121  2108  4106  4 94  4 96  5100  5100  5111  4142  4132  4 98  6104  6 93  4 75  2 73  1 59  1  0  0 89  1 90  4116  5122  6121  8
1511117  9119  7136  6143  7133  8121  8108  9100  9 96  7 77  5 72  3 93  4102  5120  4188  2184  1 99  5 74  7 81  7 80  7 72  6 72  6 92  6 99  5 92  4 96  5104  7116  9123  8127  7130  6113  5111  9111 10 89  8105  8109 11 96 17104 18114 14123 11118 10113  9121  9131 10146 11158  9159  7141  6117  7132  7163  8184 12189 12166  9126 10108 11106 12116 14114 13
1512 98 10 92 11108 14114 15109 13110 12105 12107 11118 11123 10115  6119  3146  4181  9171 14150 15173 11214 11225 14197 10209  3266  6254  8237  8199 11152 12120 11112 14106 17109 19141 21173 20178 15175 11181  9194  8191  7187 13171 13149  7174  7207 11210 11204 11194 13180 12178 12202 13248 10236  7170  8170  9185 10169  9161  8161 15162 16134 13128 13141 11
1513150 14109 10109 11109 10109  7109  6109  5109  8109 10161 14158 11175 11191  9171  9142 10123 14104 18 87 14 93  7130  5158 11180 15202 12182 13133 14115 15120 16136 13141  9128 10126 10111  8 82  7 70  6 44  7  6  8358  9358 10  5  7 74  6164 11199 14203 13184 14178 12198  8148  6109  5111  6 96  9100 12105 16115 18113 17 98 16 96 16102 15 97 18102 21115 20
1514116 18116 17108 17112 18120 18118 18128 18133 17116 14 94 13 94 13 96 16 86 20 83 17 95 13144 13194 18206 18204 14198 12191  9185 13194 14224  7222  2212  3196  7161 11146 13152 12176  9174  8170 17187 23191 25187 25179 22180 17178 13181 12201 13215 14210 13212 14201 19184 22186 20185 19190 20183 21173 20171 19142 17123 13107 11 97 16118 19128 15136 13132 13
1515128 13171 16212 17214 17194 20177 19179 18190 18207 17218 15202 17168 17162 16163 18151 16145 11159 10179 13161 10141  9141  9142  8148  7155  7128  8116  8116  9117 12118  9122  9121 11106 12113 11114 11111 10107 10100 10 88  9 93  8 93  7105  7134 11131 10118 10106 11111 10109  8106  8111  9109 10105 10108 12108 13112 14119 15120 13118 11119 10122 11116 12
1516110 10107  7111  7111  9113 10124  8124  8119 10115 10105  8101  7101  7 97  6 83  6 56  5 31  5 21  6  8  7355  8  3 11 20  9 17  5357  6  8 10 22 13  6 13  5 12 10 12 10 13 14 13 19 14 14 12 11 10 11 10  8  9  6 11  6 14  4 12  7 11 12 13  9 16  8 16 13 13  9 13358 12 11 11 26 12 26 13 31 17 35 19 41 18 31 14 22 13 27 13 42 10 43 10 35 15 36 14 30 10 24 15
1517 25 20 36 21 33 19 35 20 52 21 51 20 47 19 60 10 58 10 62 12 85 12 94 14 77 15 69 12 72  9 69 10 70 13 74 14 81 13 76 14 67 16 51 18 39 14 53 10 55 10 47 10 43 10 41 11 54 11 54 11 43 10 40  8 34  5 36  4 42  4 36 10 49 16 71 17 64 18 68 21 90 22100 18 94 17 80 19 74 20 67 16 71 12 83 11 51  9 52 12 72 15 60 15 54 15 45 16 57 15 63 13 51 12 52 11 58 11 42 12
1518 47 12 66 10 67 11 65 11 56 11 50 10 52 13 59 17 58 16 61 17 61 17 57 16 55 14 64 12 79 11 77 13 74 15 77 15 76 16 72 18 73 17 75 18 69 19 51 14 49 12 56 13 54 15 54 15 64 11 62 10 49 10 46 11 55 12 56 10 44  9 47 10 57 17 53 21 45 17 61 16 69 15 62 13 66 18 64 20 56 14 52 17 42 18 46 12 46  8 42  9 50 12 60 20 62 21 62 17 72 22 70 24 67 23 64 21 56 20 57 19
1519 65 19 59 18 54 14 51 14 50 16 66 21 71 24 65 21 59 17 69 14 54 14 37 14 53 15 49 16 60 11 74  9 65 16 61 20 69 18 71 15 72 21 76 22 76 18 73 16 70 13 53 11 55 14 72 18 66 19 53 15 53 12 54 15 48 17 45 14 41 11 40  9 56 11 66 15 60 14 68 14 76 14 69 11 66 10 67  9 65  9 69 10 75  9 68  8 66  9 53  9 55  7 74 11 71 13 70  9 70  9 83  9 97  9 90 12 79 15 71 17
1520 80 17 81 14 75 12 78 11 90  7 84  9 69 13 75 14 84 15 82 14 76 15 78 13 87 11 87 10 80  8 85  9 74 10 70  8 86 10 92 11 89 11 88 11 89 10 77  9 78  9 79  7 70 10 77 12 81 10 79 10 74 13 78 10 74  8 67 10 77 11 87  9 86  8 84  9 83  9 76 10 60  9 62  9 75  9 59  7 56  8 74 12 77 10 79  7 80  7 66  6 68  5 75  7 73  8 67  9 64  8 66  8 70  8 70  8 70  8 67  9
1521 56  9 60  8 62  8 43  7 31  4 48  8 67  8 57  7 56  8 73  6 48  3 30  4 58  9 56 13 42 13 54 10 64  7 55  8 51  7 53  5 43  8 36  8 32  8 25 14 30 14 41  8 25  7 10  8 16 11 12 14  9 16 16 17 19 15 21 20 23 21 26 15 30 19 53 18 74 13 60 17 49 16 46 14 43 17 41 16 49 14 57 15 64 12 65  8 57 10 54 10 48  7 45  5 49  4 45 10 43 11 40 15 34 18 33 11 66  7 74  6
1522 28  6 18  7 38  5 48  1 16  2350  3  6  6 12 12 10 12 17 14 19 16 19 12 21 10 25 10 18 12 22 15 26 14 19 13 27 10 29 10 21 11 21 11 48 10 72 11 50 11 49  8 57  8 43 10 44 10 33 10 33 11 39 13 32 12 34  8 31 10 21 15 20 16 26 15 32 13 34 12 35 13 38 10 31  8 46  7 69  5 60  4 52  8 43 12 59 10 69  9 49 10 54  7 71  6 54  8 43 10 61  9 63  7 48  6 43  6 40  9
1523 33 11 24  8 16 10 20 11 23 11 17 15 19 16 24 16 25 15 32 13 29 11 25 17 27 22 20 18 21 11 27 12 23 20 21 21 20 20 21 16 17 12 19 17 21 18 17 14 23 13 26 15 24 17 24 17 25 14 23 15 20 18 27 18 31 19 26 16 23 12 19 12 21 18 23 20 24 16 31 13 32 14 27 15 42  9 50  6 59  5 62  6 46 10 37 14 37 12 60 11 74 16 75 16 79 16 72 16 58 14 58 13 58 12 52 11 64 11 77 10
1600 75 10 55 10 57  8 53  7 40 10 42 14 33 20 29 23 26 15 32 14 39 14 23  9 16  4 28  4 20  5 24  7  9  9347  6  5  7 26 11 28 11 23  9 32 14 49 14 26  7  9  7 11  7  7  7  7  6 15  7 16 11  6 14  4 10 11  8 18 12 13 14  8 13 13 11 16 10 17 11  9 13  4 16 13 19 20 21 24 21 26 19 25 22 25 22 27 22 28 24 32 25 32 22 32 17 29 13 21  7 13  9 11 11  9  8356  7351  5
1601352  3  9  1 53  1 59  3 50  5 20  7353 10 18  9 40  6 31  6 17  7 12  5  6  8 19 11 32 18 34 21 31 18 22 16 18 16 17 20 22 19 23 16 16 15 15 13 13  9 11  9  6 11357 10352 11348 10337 10334 10340  9349 10350 11346 12349 14349 15342 15345 15357 15  1 14355 12346 10340  8336  9332 11337 15343 18345 11348  6353  9350 10347 10346  9347  8354  8356  6351  5347 11
1602357 13352 10338  7341  7341 10338 11326  9312  6307  4289  2307  5311  7311  6325  7315 11318  9322  9327 10324  8333  8338  9335  7326  6316  7315  5318  4312  6306  7309  7288  7276  5289  4309  6  0  0296  6304  7308  7307  6315  5320  4323  6331  7314  5303  4312  4327  4340  4327  5323  6340  7343  8336 11339 12341 10340  8330  6324  4328  5323  6327  5
1603329  5323  5318  4312  5324  8344 10346  8341  7353  7351 10359  8 11  6355  9353 14357 18358 14356 10358  9359  8352  7354  8  5  8 22  7 18  6 13  6360  6340  6334  7330  8333  7326  6314  4306  3313  4321  6329  7340  8346  9340  8334  7335  7332  8340  9343  8340  8344  7339  6329  6315  6304  3  0  0  0  0  0  0  0  0  0  0  0  0  0  0  0  0  0  0  0  0
1604  0  0  0  0  0  0  0  0294  2301  4309  7321  9327  8329  7328  7330  7333  6322  5309  5329  3325  2319  3340  5342  6342  7347  8350  8346  8334  7324  6317  6296  5282  5281  5286  6296  7312  7319  7319  8321  9321  9329  8339  7333  7324  8324  7331  8335  8335  6339  8342  8340  7337  8339  9334 11335 11344  9340  7331  8331 11337 11341 10347 11345 12
1605341 11346 11349 10343  9342  8344  7333  7331  8331  8322  6325  5318  6299  4277  3282  3324  2332  2322  4296  3279  4281  5274  5276  5294  4283  3280  3315  3308  3279  2278  3291  3288  5283  6293  5301  3289  1282  2283  3284  3299  2311  2315  3319  3312  2311  2323  2320  4314  5316  4316  4319  4336  4345  4338  5338  5341  4337  2  0  0  0  0  0  0
1606  0  0  0  0  0  0  0  0  0  0  0  0  0  0171  1163  3160  5161  5161  5170  4163  2137  1132  2145  3147  2166  2  0  0  0  0  0  0  0  0  0  0  0  0  0  0162  1171  1180  2190  2214  1  0  0  0  0  0  0  0  0238  2240  4241  5230  6222  7225  6224  6232  5239  6241  6246  6247  7251  6110  4250  7242  7243  7246  8239  9235  8232  9232  8229  7237  5272  3
1607312  2324  3315  4311  6310  8308  8296  6277  6269  7261  7251  7240  9236 11239 11242 10258  8265  9269 10274 11272 12274 11271 11267 13267 12265 10264  7259  4263  5273  5277  5271  6273  8281 10287 10293  7288  4281  4272  3275  3271  2  0  0270  2279  5285  8286 10279 11274 10268  9257  8242  9233  9222  8199  9187 10187  9185  8180 10182 11192 10197 10
1608205  9221  8236  7243  6238  7247  7257  7247  9250  9251  7243  7252  7264  6255  6248  7261  6271  4277  4285  3296  3307  5300  5284  6275  7264  6258  8256  8267  6291  4291  5289  6295  9291 11292 10281  9274  8285  9291 10292  8311  4326  4317  7308  8309 10315 12313 13302 11309  8326  8326  9321  8330  5338  5326  7316  9314  8307  7298  8280  8284  7
1609290  5290  9297 15293 13292 12293 13293  9309  5336  4348  5348  7338  7318  5314  5319  5315  4323  6336  7340  7337  7340  6346  8337  9314  8301  8307  9315 10309  9312  7318  5317  6324  6320  7291  6295  4311  8310  9327  7334  8333  9333  9351  7 28  4 11  4311  9293 12297 12312 10319  6302  6284  9274 12283 10321  9340 10335 11334 11330 12324 12336 10
1610350  8318  8307  8334  5358  3  8  7355  9352  8  2  8345  7338  8349  8360 10  6 13359 12  1 10  1 10  6 10  2 10355  8360  6358  6 17  5 20  4350  4343  4345  4341  4336  3 14  2 15  1325  1  1  4 29  7 11 11359 11351  7354  6317  7283  8277  9274 11268  8252  5260  6306 11332 13316 13307 14315 11349  7  8  9355 12340 15330 14319 10303  9293  7278  6255  7
1611257  6297  7310  8108  8331 11347 10  2 12 19 10 25  6350  5320  7318  9310  9313 10317  9315  7320  4320  2287  3274  4290  4347  7 25 12 29 13 30 10 30  6 11  7356 10341 16340 14338 10328  7347  9352 13348 15353 18343 17332 15317 14310 10326 12345 12354  9 12 12  2 15344 13348 10336 10328 10320  8307  5302  4304  6311  8357  9  8 10359  9342  9312  9317  8
1612344  9  5 10 17  9 23  7 30  9 25 11 16  9 50  5 94  6 87  7 55  8 42  8 49  7 64  5 70  3  8  4325  3328  2329  2324  3320  4329  5326  5313  4285  4257  5255  5250  4216  4199  5183  3147  2132  3142  2159  3161  4144  5134  5136  5132  6130  7131  6128  6143  5152  5163  6177  7162  6159  5171  4188  6171  7163  6179  6196  4198  4188  5162  4152  4153  6
1613137  6110  5 93  3 78  2  0  0 97  3118  6117  6112  5128  6140  7133  6138  7140  8126  7118  5113  4 90  2 86  2 94  1  0  0  0  0240  2145  4 13  6 16  7 21  5358  3332  4327  6339  6  5  5341  5312  6327  5 10  4 39  6 47  8 51  9 53 10 68  9 76  7 81  4115  2109  3100  5130  7139  8134  9127  7118  6129 10162 10164  8137  9106 10104  9 97  5 75  2 85  1
1614140  3205  7206  9153 10136 11146  8132  7119  6121  4101  3 85  4114  8133 11150 11164 11168  9212  5177  4 87  7 84 11 95 13104 13127 12133 11119 10110 10110  8122  5125  4107  6 70  8 33  9 29  9 32 10 36 10 45  8 44  6 20  5  2  6 17  9 13 11357 12  5 10358 10349 12357  8350 10329 14323 14341 19345 21334 20329 17323 15314 13307 11307  8331  8348 10350  8
1615 19  6 35  8 17  8  4  6357  6352  9352 10342 10328 11333 12346 14351 17347 19338 21342 22352 20348 17346 14107 23347 16355 20358 17354 17356 16360 15  4 14360 13  7 14 17 15 14 17 19 21 20 23  1 20355 15354 15348 19345 20357 15  6 12  4 13  9 14  7 17360 20357 17  3 19 10 20  9 17360 15359 11 17 14 31 22 17 18 12 11 31  9 30 12 20 14 12 13 11 11 18 10 22 14
1616 19 19 18 20 18 16 20 19 21 21 14 17  7 17 13 17 15 14 14 14 22 13 22 12 27 14 34 14 24 16 16 18 22 16 20 14  7 15  3 13 11 18 19 19 30 13 24 11  2 10354 16  1 21 17 21 19 19 14 17 19 17 16 15356 12354 12 10  9 14 12  4 12  6 10  9 13 17 15 19 15  3 16 15 17 20 18  8 18 10 12 13 11 12 16 10 16 13 15 10 15  9 13 16 13 14 11  2  9353  8354  8356  8353 10358  9
1617 12 10  6 11356  6  6  6 11 14  6 19 12 14 16 13 10 13 17  9 20 12  9 13  9 13 21 20 15 20360 11 13 10 20 12 10 13  8 14  9 16  6 16 11 13 18 14 16 18 16 14 30 14 43 18 36 12 44  7 55  7 33  8 10 11355 10355  8 21  6 25  7 29  8 24  8  4 12 16 13 17 10 26 10 62 10 52  9 38 10 47 11 42 10 40 10 28 12 21 13 28 11 17  7 20  6 45  5 48  4 63  7 68  8 56  4 68  6
1618 81  9 87 13 89 14 65 10 64  8 70  7 69 10 85 12 77 13 69 14 86 12 94 12 91 14 95 14 89 13 84 15 83 18 75 16 53 12 36  8 38  6 39 11 50 14 58 10 54  8 60 10 71 10 74  9 89  8105  7 99 10 94 14 92 18 89 19 85 18 93 13102  7 88  6 84 11 92 17 89 18 92 16 93 12 88  9 86  6 73  3 70  3 92  4 90  6 81  6 63  7 56  9 67 10 59 12 56 12 77 12 88 13 85 13 84 14 78 14
1619 87 14 91 16 88 15 93 11 91 10 89 12 93 12 93 11 86 12 84 13 82 10 74 10 88 10 90  8 80 10 77 11 79 10 77 10 82 11 81  9 76  9 79  8 82  8 66  8 54  4 67  3 81  5 78  7 79  6 79  6 80  7 88 10 88 10  0  0 89  6 72  6 57  5 52  4 46  4 47  5 35  5 29  4 52  4 60  7 64  8 58  7 59  6 73  6 64  5 56  6 40  7 38  5 34  5 28  7 35  8 34  7 23  6 15  6 17  7 13  6
1620  3  7359  9  6 10 20 11 17 11 15 10 19 10  8  8  9  8 15  8 24  9 23 12 21 11 34  9 37  8 42  9 46  7 35  9 34  9 43  5 54  4 49  5 29  5 29  4 36  5 31  4 24  5 28  7 26  8 23  7 21  6 22  5 12  5  1  6 14  7 23  7 22  7 18  5 18  4 22  5 22  6 17  8 19  9 18  8 18  8 20 11 27 10 28 10 25 11 31 12 46 12 58  9 57  7 62  7 71  7 69  9 62  8 44  7 43  8 35  8
1621 31  7 31  7 24  9 22 11 24 16 27 16 25 14 24 13 32 12 33 11 30 16 42 16 55 15 64 20 69 25 64 21 51 19 46 19 40 21 31 30 30 24 25 18 26 27 27 28 31 32 26 33 25 25 28 21 13 17 19 15 39 20 51 21 35 16 28 19 31 21 33 22 32 23353 16348 13 18 22 19 17 24 11 17 10 22 15 33 22 22 20 21 22 18 20 12 14  8 11 10 12 13 13  4 15358 18357 22  4 18  8 14349 15353 20354 25
1622357 26  4 24  1 20357 19360 18 10 15  5 15  1 18  4 19358 18  9 19 12 22 10 23  8 20  8 16  9 17  9 19 11 15 15 13 19 18 26 19 40 18 43 16 65 12 68 11 59 12 66 14 78 15 72 16 57 15 53 19 51 23 54 18 58 17 58 18 44 16 42 17 48 16 46 15 29 12 36 13 59 14 61 16 47 20 47 15 68 12 61 13 55 13 58 12 69 15 78 17 61 16 54 14 54 14 40 14 54 14 66 13 53 13 40 13 51 11
1623 65 12 54 13 48 12 47  9 51  9 48  8 40  9 44 10 54  9 42  9 35 10 33 15 36 17 39 14 39 12 24 16 29 15 48 14 43 18 29 19 40 14 33 12 24 16 24 18 23 17 24 20 25 20 28 14 21  8359  7355 10  1  9355  9  1  8  8 10  8 13 12  8 29  7 38  7 35  7 27  7 35  7 42 11 30 13 30 16 58 13 63 12 43 11 34 11 27 16 31 15 49  8 71  7 54  4 62  3 71  7 59  6 97  4 84  9 65  9
1700 61  6 29  6345  3342  3 11  6 11  7  9  8  8  9 22  8 20  6358  6 10  8 31  9 34  6353  3314  3313  7318  8335  6  2  6 10  7 18  6 31  7 40  7 43  4 33  5 66  6 87  6 69  5 70  3 26  3331  1  0  0  0  0340  3 94  5 80  7 83 13 81 15 77 14 73 13 67  9 61  5 39  4 35  6 45  7 43  7 68  5108  4139  3140  3122  4108  4 99  3123  1  0  0  0  0  0  0  0  0 42  2
1701 44  2 55  2  0  0  0  0  0  0  0  0  0  0100  2 76  2 66  3 63  5 61  5 49  4 40  1  0  0  0  0 31  2 27  4 45  5 51  5 62  5 99  4117  4100  5 86  6 83  6 89  6 96  6 95  6101  6102  5 99  4 96  3 92  2 82  1 75  1  0  0  0  0180  1189  3185  5177  6176  7173  9163  9136  7129  7143 11137 12132 11132 13129 13128 13124 14121 13115 11112  9110  7 99  6 92  7
1702 91  9 78 11 65 12 69 10 76 11 71 12 70 10 67 11 77 12 79 13 75 15 70 13 67 10 52  8 45  8 54 10 58 12 62 11 53 10 42  8 40  7 30  7 25  9 27 15 33 22 31 23 43 18 59 19 68 24 75 30 83 25 80 23 79 26 81 31 79 31 77 31 78 29 82 32 83 39 81 39 82 39 85 33 90 31 92 37 92 40 94 34 95 27 90 32 85 36 87 30 91 24 94 23 98 24 99 27 97 25 94 23 89 24 86 21 85 19 87 24
1703 89 30 89 26 89 23 89 28 89 29 90 29 89 28 87 23 84 18 85 16 83 14 72 16 72 16 76 15 72 14 62 13 56 11 69 11 67 13 35 13 45 11 64 11 48 12 58 18 74 22 66 21 59 19 60 17 60 14 53 12 43  9 58  6 65  6 72  7 89 10 92 11 90 13 82 17 74 17 76 17 80 18 65 18 64 19 66 17 63 13 69 14 75 18 82 16 80 13 72 11 66 11 62 13 64 14 52 13 43 11 42  7 48  8 64 10 68 14 77 14
1704 83 11 90  9 94 11104 12114  9115 10119 13123 15118 14115 13115 14109 15 98 15 95 14 91 14 88 16 89 21 87 20 85 17 83 14 88 11103  9 98 10 94  9104 10 95 12 87 12 87 12 91 15 93 17 93 18 91 17 87 16 84 16 80 15 78 14 78 13 81 13 73 13 68 14 73 11 75 10 70 12 62 11 64 11 62  9 57  9 44 10 46  8 46  8 27  8 28  9 13  8358  5 25  7 39  8 24  8 24  9 52  7 71  7
1705 67 11 72 15 73 13 61  9 49  9 41  7 27  6 23  5 26  4 11  2  0  0357  1346  2360  2 26  4 45  6 66  6 88  6 91  8 92  9 87  8 86  6 71  6 55  5 65  4 67  4 53  5 48  6 47  5 50  5 38  6 25  6 27  7 16  8 12  8 16  8 12  6 14  4 17  4  8  5343  5328  7322  8333  8346  7335  7328  8332  9334  9342  9354  9358 10359 10  1  8352  7346  6352  5344  7348  9  1 11
1706359 14  7 11 23 11 31 14 25 12 20 11  9 10 17 11 41 14 46 10 39  8 31  9 40  8 62  7 65  8 53  7 45  7 34  9 28 12 21 12 22 11 26 13 24 15 22 13 11 12  9 12 13 17 17 21 22 19 19 16 12 14 13 14 21 14 25 14 45 10 47 12 26 20 25 21 27 20 32 20 32 23 27 24 25 20 16 19 20 16 32 14 53 12 45 15 26 23 28 23 19 20 20 24 34 25 41 20 43 15 44 17 39 23 40 20 43 23 61 26
1707 72 15 53 14 36 15 42 12 45 14 39 18 36 23 29 24 46 24 57 27 37 22 31 16 42 15 54 20 51 30 53 33 59 25 60 27 64 33 67 37 72 39 73 36 67 30 65 32 65 35 59 30 53 26 54 19 66 25 69 38 61 39 66 37 70 43 69 39 76 28 72 27 61 34 70 37 77 29 72 25 74 27 75 29 73 31 73 35 75 34 72 33 73 31 75 25 71 23 72 31 74 38 67 28 63 22 68 22 61 21 61 20 54 17 37 12 39 10 54 13
1708  2  8 15 10 51 12 44 17 29 27 32 32 43 30 28 26 26 17 37 10 36 12 36 20 38 20 32 18 28 24 25 33 22 35 43 24 48 16 33 19 32 21 46 19 55 24 48 23 57 15 54 15 45 23 38 27 34 25 47 20 45 15 39 21 39 33 37 31 40 27 42 26 47 18 52 21 33 23 29 23 45 25 48 32 53 31 59 23 50 20 51 19 55 25 54 25 55 26 54 23 58 19 56 30 57 31 60 21 44 21 45 18 44 20 43 22 45 13 43 14
1709 51 19 52 22 57 22 60 20 64 32 60 39 52 26 37 27 30 36 53 34 62 35 60 40 64 42 58 41 56 36 59 32 57 30 61 25 68 35 71 41 65 38 59 43 59 43 59 37 58 37 67 36 74 32 63 27 67 23 67 31 55 30 45 23 57 24 68 24 43 25 51 24 74 30 58 31 50 28 57 30 59 28 58 22 52 17 49 16 49 14 50 27 58 38 47 26 38 16 55 13 68 14 70 18 59 23 55 27 70 28 56 25 45 18 67 13 72 22 53 23
1710 46 19 53 19 57 20 63 23 62 29 69 39 69 37 54 27 64 27 80 32 74 34 64 40 60 38 68 32 73 29 71 29 66 33 69 45 73 51 63 40 62 38 67 37 72 34 77 42 74 47 71 46 60 41 60 35 70 33 70 37 74 44 74 41 72 36 72 42 70 50 71 46 72 37 55 31 47 27 63 27 71 24 58 20 53 26 71 25 79 22 72 28 68 30 75 26 69 26 60 30 63 27 60 22 62 22 65 25 60 25 65 21 75 25 74 22 80 21 68 26
1711 59 26 75 24 74 19 72 20 77 24 60 23 57 21 63 18 57 18 60 22 75 25 76 22 57 21 56 21 69 17 75 14 72 15 75 18 77 17 78 19 74 24 61 21 65 15 59 13 61 15 46  9 28  5 27  9  8  9358  8353 10 16 10 27 10 15 10 12 12  9 13 25 11 34 13 23 19 25 19 17 14  1  8  5  9  9 12  6 11 34 10 61  9 48 12 34 19 40 19 54 12 48  9 25 11 20 13 15 11 15  8 27 11 22 13 19 16 32 18
1712 41 17 39 19 48 16 52 15 30 15 32 15 22 17  3 21 29 24 38 20 25 14 39  9 51 10 47 16 39 18 51 16 46 14 47 13 54 14 55 14 61 15 34 16 35 16 57 15 65 15 47 14 30 10 28  7 39 16 55 22 64 20 49 18 39 13 43 13 55 14 59 14 37 14 28 11 30  9  5  8332  7  3 11 37 14 36 13 55 10 84 12 81 13 66 10 56 10 70 10 59  8 37 10 49 10 62  8 58  7 53  8 68 11 74 13 70 11 67 13
1713 66 14 65 14 67 17 74 15 72 16 70 18 74 16 72 14 68 13 65 17 66 18 66 17 68 15 78 14 72 14 62 14 73 13 78 14 81 16 77 14 71 13 78 15 79 17 74 19 79 16 77 13 67 14 67 14 74 14 85 16 89 16 80 17 78 15 81 14 81 16 82 18 87 16 88 19 82 25 79 27 85 28 88 28 81 33 82 40 83 40 81 32 87 36 87 50 83 44 87 44 84 42 70 32 67 34 73 35 77 38 78 39 75 32 70 29 73 36 83 37
1714 80 38 74 42 78 40 82 34 73 28 72 25 79 30 77 29 72 21 73 23 65 26 68 31 61 31 52 22 67 19 52 21 52 27 53 34 52 28 51 19 38 22 49 22 61 32 55 36 45 25 62 26 63 23 56 19 57 20 53 18 62 23 66 23 64 19 66 22 57 28 60 26 69 20 71 23 71 28 75 27 83 24 83 24 80 32 77 47 63 45 49 32 51 29 61 40 69 49 65 43 66 29 75 21 78 24 76 33 75 37 72 30 75 23 67 23 70 28 85 32
1715 70 28 59 24 67 32 65 29 57 18 50 21 52 21 68 23 78 33 74 29 62 25 69 24 78 27 79 22 70 14 61 26 65 30 72 26 73 22 64 24 67 35 76 36 77 25 75 20 76 20 80 21 81 22 74 19 68 18 67 23 68 25 59 21 48 17 45 18 60 21 78 27 76 31 68 30 58 22 64 30 64 38 63 34 58 30 59 30 71 33 70 26 70 19 68 26 73 37 70 34 68 25 83 22 71 27 64 31 62 26 63 24 82 27 82 33 70 39 74 44
1716 80 43 66 30 48 30 52 32 68 25 71 30 80 31 77 29 70 34 61 31 66 31 80 38 79 35 83 28 67 26 55 20 64 26 67 32 70 29 74 35 80 40 79 39 77 38 69 29 52 28 59 32 72 29 70 31 74 34 83 43 84 45 76 38 78 41 79 42 77 39 65 36 53 28 60 29 67 35 72 28 82 27 81 37 64 36 68 33 68 35 64 33 56 27 59 18 75 21 68 26 62 26 66 22 69 24 51 23 52 14 53 16 57 23 62 17 53 13 57 15
1717 54 15 59 16 60 20 50 22 59 20 74 23 67 23 60 20 57 18 42 22 51 25 58 18 59 14 63 17 72 22 81 25 60 25 60 23 68 29 54 25 52 19 46 24 56 25 77 27 80 33 76 28 70 21 69 18 71 24 63 26 53 25 65 27 74 27 72 28 67 27 69 19 69 20 71 32 78 34 66 32 61 33 72 38 72 38 70 28 69 20 55 18 55 16 60 18 51 25 58 23 61 19 63 24 62 30 54 34 59 29 63 26 65 32 68 31 80 34 83 35
1718 70 38 72 41 65 33 52 25 65 29 76 38 75 35 68 30 66 27 69 26 67 21 72 19 86 27 89 35 74 29 73 26 76 26 70 21 66 25 66 31 68 28 74 22 72 16 64 11 80 16 90 22 78 31 75 33 77 23 76 25 79 29 81 24 67 21 51 18 57 12 58 14 68 17 81 19 77 19 72 23 74 27 86 28 75 24 72 18 86 14 78 15 63 19 67 21 63 20 50 17 58 16 57 19 53 25 62 24 59 24 58 27 73 34 73 40 72 44 76 50
1719 73 43 72 31 70 23 76 20 75 23 60 28 58 34 72 33 76 34 72 38 77 35 72 25 70 20 71 17 70 20 74 25 81 23 73 23 67 26 76 24 76 21 76 25 73 35 70 38 63 31 60 29 67 32 73 36 73 31 73 24 76 25 75 24 77 24 66 20 75 16 87 23 79 23 79 19 66 21 72 20 75 18 63 22 65 24 67 14 60 10 66 16 75 24 57 25 62 20 64 15 59 18 65 26 58 26 59 19 66 18 59 17 53 16 53 19 53 22 65 25
1720 66 24 52 17 55 13 62 21 70 21 74 14 44 18 34 17 45 10 26 13 43 22 69 22 57 19 47 14 43 10 66 11 73  7 53  6 25  5 20  3 43  7 55 14 49 11 59  9 60  9 10  8  4  7 41  4 58  3 30  2 21  7 42 12 70 12 62 10 46  9 25  9 34 15 71 20 74 15 54 10 55 13 53 15 48 13 48 15 39 16 45 13 55 11 34  9  6 11 23 12 41  9 36  8 27 11  9 11  5  7 23 11 22 13  9 11 11 11 30 13
1721 34 14 20 14 20 20 21 17  6  9  6 11  2 14359 13 14 15 14 16 10 17 16 18 22 16 27 16 23 16 12 13 11 15  2 18  1 17  6 17360 16350 13346 10340 10336 10345 14  4 15 14 14  6 12354  8349  7 11  5 29  6 25  8 23 13 18 13 13  8 20  8 20  9 18  7 12  9  4 11  5 10 28 13 44 13 26  9 30  9 36  9 17 10 14 10 16 10 10 11 19 11 25  9 26  6 14  8  4  9  4  8 18  7 33 11
1722 40 18 32 13 26 12 46 12 69  8 50  6 19  6  9  4 16  3 14  4 21  6 16  9 13  9 38  6 37  5 31  3 32  5 40  8 32  8 15  6350  6356  7 28  7 21  9  7 10  3 10351  8339  9331 14336 14355 12357  8346  9340 12331 12330 12326 11321  8351  7 12  9357  9347  8354  7358  8350 11352 12353 11348 13330 18331 18343 11317 10303 12296  7275  2263  2299  2326  6314 11324 11
1723323 11309 11312  7327  6356  5  8  6  2  8353 11332 12320 12322 13335 12331 11323  8317  6319  6327  6306  5314  4337  6324  6325  4340  4328  6304  8297  7299  7310  7313  8304  7324  3329  3312  5306  7307  8325  6333  4317  6324  7334  7316  6297  5315  4325  4323  3315  4307  4321  4325  7335  8334 10326  9331  9337  8349  5  4  6  5  6  7  4359  6349  8
1800354  7  7  4 27  4 32  6 11  6  2  6 12  6 15  6  6  6  5  9 16 12 21 10 16  8  4  7352  7350  7 10  5 11  7360 10355  8  9  8 29  9 20  9 18  7 17  8 11  9 14  9 22 11 21 12 22 11 23 11 23 14 27 12 18 10  9  9  5  8  9  9 17 11  7 13  2 14  3 14  3 12  8  8 11  6 13  6 13  7  9  8  6  8  9  7 15 10 15  9 11  8  7  8  5  8359  7  2  5 26  3 38  3 29  5 17  7
1801 13  6 10  8 18 10 28 11 16 11  4  8  4  6  7  6  6  7 20  6 38  6 39  8 41 11 50 13 59 11 63  8 36  9 18 11 51 10 67  6 33  6 23  5 31  5 31  5 45  4 59  4 48  5 42  4 39  5 32  6 18  5357  4357  3359  3357  3360  3360  2  0  0  0  0 83  2 72  2  0  0  0  0  0  0  0  0115  2109  3100  2 70  1  0  0  0  0340  2342  3342  4348  6  1  6349  5333  7351  9 12  7
1802 21  8 20  8  8  7  3  7 21  6 24  6 17  8 13 11  8 13 13 12 49  9 81  7 49  6357  5 17  4 40  2 22  5 28  7 30  9 34 11 34 10 38  7 54  4 58  3 53  4 69  5 76  7 67  6 51  3 40  2 42  2 63  3 84  4 88  3 86  5 81 10 77 10 72  7 74  5 50  2  0  0 11  2 28  3 50  3 20  1  0  0 84  2117  3 78  2 79  1 94  3 78  5 84  5 90  6 81  7 79  7 78  5 85  7 94 10 90 10
1803 77  9 74  9 71  8 67  6 63  5 56  3 63  3 70  5 78  7 85 10 76 12 79 12 78 10 69  8 66  8 47  8 25  9 27  9 36  9 23  7 13  7 23 13 32 17 33 14 22 10 15 10 18 11 13 11 12  8 19  8 22 11 19 15 22 17 24 14 18 10 19 13 19 15 24 15 31 15 35 12 38  8 36  9 30 11 27  9 37  7 35  9 36 11 68  8 67  5 48  7 44  9 38 11 39 12 48 10 61  7 72  6 96  5 95  5 88  7 89  7
1804 85  7 82  7 77  7 77  5 61  5 67  5 77  5 66  4 28  1  0  0  0  0 74  2 62  3 43  2 35  3 37  5 45  5 54  2  0  0  0  0  3  2 31  3 46  4 34  5 27  7 24  9 15 10  2 10  7 15 43 20 69 14 63 12 65 10 64  8 58 12 62 10 66  7 49  5 47  5 56  4 40  8 37 11 31  9 30  6 23  7  6  8  6  9  9  8  5  6359  6348  7340  7332  6327  6331  6336  6339  5346  5354  6355  7
1805355  6357  6357  6351  6349  4357  5355  4357  3359  2357  2  2  3 10  4 13  4 12  5 13  7 12  7  4  6349  6339  5344  5348  5334  6317  6311  4307  1291  2281  4277  5288  4313  4325  4329  4330  4347  4  5  3 10  3 20  3 34  3 40  5 37  5 52  4 84  3 95  1  0  0  0  0  0  0 46  2 56  2 43  2 32  3 34  3 47  3 72  4 79  5 80  7 82  8 83  8 83  7 83  7 76  5
1806 84  4 99  5137  4174  3162  4134  4104  4 88  5 82  6 78  9 81 10 81 10 82 11 84 10 85  9 85 10 90 10 94 10 88 10 82 10 82  9 79 10 79 11 77 11 74 11 81 10 87  9 86 10 76  9 68  7 55  6 55  4 92  2 98  1 95  2 88  2 76  3 85  3 79  4 75  5 83  7 93  9 96 13 92 13 89 10 89 11 86 11 90 10 95  8 85  7 77  6 80  5 80  6 77  7 87  6 92  3 80  2 45  2 40  4 41  5
1807 54  3 99  2108  3 98  4 84  6 81  9 88  9 99  6116  4114  5 95  7 90  8 96  8114  9122  9112  8104  9 98 10104  8109  6113  5138  5129  6 99  3 80  1  0  0172  1195  2201  3204  3213  4212  4211  4173  3131  3118  4123  4166  4202  4202  5199  5200  5189  4182  5183  6194  4216  2  0  0  0  0  0  0  0  0  0  0179  1193  2203  3201  5195  7204  7203  7187  6
1808180  5184  6182  7178  8177  8173  9176  9182 10182 10183 10185 10187  9182  9180  8191  8200  8203  7204  6202  5202  5197  4200  2  0  0  0  0  0  0  0  0  0  0  0  0173  2135  4114  5147  2  0  0  0  0144  3 72  5 42  4 58  3 76  4 76  5 83  6 86  7 77  9 78  9 74  8 70  9 76  7 77  5111 11 69  3 86  3 81  4 72  5 78  5 73  6 62  3 57  3 51  6 51  7 74  7
1809 87 10 80 12 74 10 68 11 68 13 73 12 75 14 59 11 61  8 78 10 81 10 85 10 84  9 74 10 79  9 81  6 81  5 73  6 71  7 73  8 76  6 85  6 81  8 91  6 96  6 88  6 87  6 85  6 87  5 87  6 82  6 89  7 89  6 52  3355  1  0  0  0  0  4  2 48  4 71  4 80  4 83  4 90  3 96  3101  4105  3 92  3 84  2 65  3 28  4 18  2  0  0335  1306  2290  2298  3325  3349  2 11  2  4  2
1810  0  0  0  0  0  0  0  0  0  0  0  0275  1297  1  0  0305  3295  5295  5286  3264  2253  2257  1255  2254  2259  3281  3312  3342  2  0  0  0  0  0  0  0  0163  1138  2126  2137  2135  3 86  3 47  3 44  3 64  3 84  5 92  6103  5128  2  0  0151  4133  7124  7143  5106  4354  3342  5348  6346  6331  5325  5331  3339  3  5  3 33  3 20  3 12  4 15  4  9  3358  2
1811  0  0  0  0227  2235  4231  3243  2  0  0  0  0  0  0  0  0 17  2339  1  0  0  0  0  0  0  0  0  0  0  0  0246  2242  3247  3247  4256  4251  4224  4205  3215  3242  4253  5282  6312  5308  3302  3317  5322  6305  6318  5353  3332  2226  3248  4240  2217  4198  8188  9186  9193  9196  7183  5155  3179  2222  4213  5204  6191  6176  5180  5184  7175 10165  9
1812173  4172  2183  1  0  0  0  0  0  0  0  0  0  0  0  0  0  0  0  0287  2297  4283  5262  6252  6241  6235  7238  7234  6223  7226  9242 11238 10231  8231  7230  6245  5242  4235  5252  6274  4310  4336  8334  9332  8333  7336  6340  6343  8351  8  2  5 12  3 58  4114  5137  5169  4196  4187  4179  4204  4244  4266  3279  3193  5120  5124  5 80  8 50  9 52  9
1813 67 12 80 10 98  4108 27 29 12 51 15 74 15 71 13 38 10  8 13 15 23 23 25 27 20 37 17 41 18 37 19 31 14 33 12 58 12 53 11 45 12 55 11 51 11 32 11 19 12 22 16 26 20 40 20 53 19 57 16 69 17 75 19 48 18 50 19 72 19 52 13 37 11 55 18 63 20 70 15 71 19 71 26 69 20 65 13 73 17 75 20 77 19 78 21 81 22 87 18 90 13 74 15 51 17 60 15 76 17 79 15 77 17 82 21 91 23 88 25
1814 88 27 90 27 77 26 73 24 74 23 59 21 53 17 64 15 74 17 77 19 69 18 64 14 65 10 74 14 71 18 72 15 83 22 82 25 84 22 86 27 97 31 99 34 95 33 96 26 96 25 90 29 81 35 84 34 92 33 88 32 85 29 86 32 84 31 82 26 86 23 94 24 92 28 85 35 92 31 95 26 93 28 94 30 94 30 88 27 74 24 64 17 59 13 61 20 64 26 67 20 68 15 68 23 72 30 75 29 72 26 67 21 67 20 74 17 78 16 75 18
1815 78 16 75 18 65 24 62 23 71 16 77 18 70 18 66 23 67 25 72 24 84 24 87 24 78 23 73 22 72 24 63 21 56 18 45 20 50 20 66 22 69 25 72 25 69 26 61 21 59 17 48 14 42 14 67 17 81 22 75 26 75 24 79 24 83 22 81 17 81 15 73 16 67 14 66 13 47 13 44 12 64 14 81 17 82 19 77 23 76 28 70 25 59 17 58 14 53 16 48 17 55 18 65 19 67 14 54 11 51 16 64 15 69 13 59 18 50 18 55 14
1816 58 13 49 10 41 11 38 11 55  9 68 17 58 19 41 22 29 24 30 26 42 25 51 19 44 14 36 14 30 15 37 17 45 20 41 17 53 13 57 13 59 18 83 27 92 29 87 24 78 16 77 12 73 12 75 15 74 19 74 19 86 20 83 20 77 21 70 21 61 18 75 12 92 13 87 19 75 16 76 19 85 24 75 22 53 19 57 20 78 22 84 19 86 15 91 14 80 16 73 18 62 19 45 12 57 12 59 19 45 18 44 12 58 10 63 19 62 24 54 18
1817 57 20 62 21 52 18 43 21 44 19 61 26 59 33 50 26 51 21 59 25 63 24 50 24 54 25 60 23 44 19 50 17 51 16 32 20 28 22 48 19107 15 72 20 60 18 52 18 61 21 79 21 76 22 69 19 54 12 48  9 49 19 47 24 59 15 60 15 57 18 62 18 51 19 49 23 59 21 48 18 59 16 64 13 61 15 70 16 69 18 74 30 66 33 60 24 64 24 59 24 69 21 76 26 68 30 74 32 81 30 83 28 84 24 74 19 69 18 82 22
1818 84 24 82 20 85 16 85 19 90 22 91 24 93 23 86 20 84 17 88 14 82 15 83 14 90 13 97 14 93 13 87 10 76  9 65 10 72 13 72 16 55 13 50 10 40 12 20 16 19 14 36 15 62 16 64 14 45 22 43 22 42 14 49 13 66 17 76 24 60 23 51 18 59 17 60 16 60 15 47 18 52 16 54  9 45  6 52  9 59 11 68 12 65 16 54 13 56  8 57 12 44 10 46 10 70 11 62  8 42  6 24  7 18  7 24  5 31  3 36  6
1819 29  9 24  7 15  7 20 10 32 13 28 13 26 10 12 12 11 11 24 15 27 19 36 15 54 12 59 11 43 11 30 13 29 18 28 21 32 17 37 15 35 13 30 14 30 14 39 13 47 12 44 11 58 13 70 14 72 14 65 11 39  7 30  3 37  4 39  8 51  7 50  6 54  6 32  7  5 12 28 19 29 18 28 12 39 13 70 13 66  9 52  5 60  9 57 14 55 17 46 16 53 13 64 13 69 12 72 12 69 16 62 20 62 24 73 22 67 14 42 11
1820 38 12 52 14 62 24 74 30 82 28 78 24 66 13 62  9 67  9 71  7 63 10 50 13 45  9 26 11 16 16 41 14 62 13 59 15 62 14 67 12 66 10 70  9 74 11 76 12 62 12 62 13 67 16 70 14 70 15 56 16 66 11 84 10 74  8 68  9 61 10 21  6 24  7 55 10 52  8 51 12 56 14 59 16 62 17 66 16 75 14 71 10 69  7 72  7 81  7 70  7 62  5 75  7 57  7 42  3 53  3 78  3 91  3 76  2 59  1  0  0
1821 26  1 43  1  0  0 41  2 46  3 55  4 52  3 45  4 45  5 48  4 63  3 55  3 32  2 19  3  8  2359  3359  6353  5348  4344  3338  3328  3330  2354  3  2  5  1  4  1  4355  5  2  6 15  6 25  6 23  4 24  4 41  9 49 11109  3 31 10 34 13 33  9 32  9 26  8 23  8 33  8 28  6 31  4 49  4 60  3 58  1  0  0 68  1 59  3 53  4 53  5 31  8 12  6 35  5 57  5 35  4 17  2  5  3
1822  1  4 11  5 10  3 17  4 23  6 23  6 33  6 13  6 14  6 36  6 37  7 48  5 60  5 41  6 18  5 37  3 70  1  0  0 18  4 29  6 46  4 45  4 43  5 42  4 57  4 76  3 65  3 31  3 27  2 65  2 58  2  0  0  0  0  0  0 83  1 83  3 80  6 57  4 67  3 91  4 71  6 71  5103  4108  5 79  4 76  5 77  5 55  4 37  2 42  2 59  2 71  2 90  1 95  2103  4125  4132  2109  1 95  2114  3
1823123  4109  6 93  7108  6116  8 71  8 35  5 52  3 85  4 90  5 76  3 60  3 39  4 44  5 46  7 60  6 77  6 64  7 68  8 57  9 38  7 26  5 23  3 56  2  0  0  0  0  0  0  0  0  0  0  0  0  0  0  0  0  0  0  0  0  0  0 52  1  0  0  0  0  0  0352  2  5  4 32  5 42  8 67  8 74  6 54  5 43  5 52  6 44  6 33  6 46  5 40  5 26  6 25  6 44  7 46 10 28 11 34 10 65 11 76 11
1900 66 11 61 11 55  9 46  8 60 10 61 13 53 12 68 12 61 13 65 15 66 18 60 16 58 12 49 10 66 11 76 13 72 11 65 10 69 11 82 13 80 12 77 10 79 10 79 15 74 13 73  6 61  5 65  7 55  7 29  7 35  5 42  3 54  9 64 16 54 16 63 13 71 10 62 10 67 12 58 11 75 10 84 12 71 13 81 13 78 14 94 12 90  6 74  6 78 14 78 17 77 11 73  9 74 10 80 12 82 11 84  7 73  5 40  8 42  9 62  7
1901 37  4 28  4 82  4 75  7 31  8 10  5358  3 22  2 40  1 32  2 24  5 18  6  8  5 19 10 50 11 64  7 67  7 70  7 64  5 49  3 32  4 44  7 58 10 48  8 49  8 24  7  8  5 38  9 73 12 80  9 65  7 59  8 42  6 43  4 49  4 57  5 70 10 67 12 57  8 47  7 54  7 45  6 25  8 29 14 48 16 55 15 47 16 59 16 72 17 71 16 56 13 51 12 54 22 60 26 67 20 62 17 62 19 59 25 58 22 70 19
1902 78 22 78 22 79 18 86 16 90 19 93 20 92 17 90 16 92 17 92 16 94 20 94 22 93 18 90 13 90 12 89 13 90 13 95 14105 12 98 12 84 11 88 10 95 12 98 13101 12102 11102 10100  9100 11 96 10 84  9 79 10 82 11 65  9 49  9 51 11 51 12 42 10 51 10 70  9 56 10 46 14 49 17 55 16 65 17 77 17 80 19 79 18 85 15 85 16 81 18 77 16 82 13 82 12 80 11 82 13 82 13 77 12 78 10 76 10
1903 68  9 68  7 87  6 96  7 84  7 81  7 80  6 83  7 92 10100 11 88 17 75 26 82 23 90 19 98 24 89 27 90 27 89 27 79 17 61 11 52 16 55 14 61  9 41  8 24 11 19 11  8 12 18 12 14 10 17 11 59 15 81 17 55 15 59 16 80 17 82 15 80 15 84 17 87 18 84 15 92 13 97 19 90 21 92 18 98 21100 21 98 20 95 22 98 18 94 17 81 16 83 11 89 10 85  8 51  6 42  6 55  8 45  7 49  6 73  8
1904 88  9 74  7 66 11 75 18 87 17 92 18 94 19102 15104 11116  9128  8130 10125 12121 13127 13116 13100 12105 11121 11125 11115 10111 10120 10132  7117  6112  6 45  4 33  4 78  5 82  4 64  3 63  3 82  5 88  8100 12100 14101 18107 22111 26109 25110 21112 23107 25103 23106 21107 20105 16105 15104 17105 22104 22104 20106 20106 18107 17110 20113 20115 21111 21106 18
1905107 17108 14102 13100 15100 14 99 14101 17 99 18104 16108 13105 14108 15110 13110 14119 15120 11118  9124 10123  9117  8120  8128 12133 13131 11125 13123 15126 16123 19118 16113 13112 13108 11108 10113 11111 12109 11111 10112 10108 11110 10116  9111  9108  9109  8114  8116  8115  9114  8108  8101  8100  9105 10103 11102 11108 11113  9120  7124  7124  9128  6
1906123  5116  6122  6124  6123  9122 11121 11116 13112 13113 11117 12119 10116  7115  5129  4158  3177  4186  6194  8191  9194  9205  9208  9216  9224 10225 11213 11201 12188 12175 11171 11159  9125  8110  7105  7 99  7122  6126  4107  4 76  2113  1174  4144  5110  5115  7114  8110 11114 14116 15114 14114 14115 16118 18119 18121 17121 15119 11121 10119  9116  9
1907111  9107  7111  6115  7119  9116 10114 10113 10 99  6100  4108  5100  5 94  5 92  6 88  8 87 11 91 13 93 13 92 12 88 12 87 12 86 11 90  9 95  7102  5112  4118  5124  4111  2  0  0219  2222  2226  2216  2190  2183  2  0  0  0  0  0  0  0  0  0  0  0  0  0  0  0  0329  2326  4319  5319  5318  5313  5308  5305  5302  5305  4298  3279  2278  2288  3292  4294  4
1908295  4292  4291  4296  5299  6296  6290  4281  4270  5262  4256  4254  6253  7252  6254  5249  4252  3268  4283  4287  5282  6279  7281  8285  9287  9287  9285  6276  4266  4266  6271  6274  6279  8279  9278 10273  9262  8266  7271  6268  6276  5276  5274  6275  6271  7267  8270  7270  7268  8259  8250  6249  9251 12257 11259  8258  7252  6245  3250  3246  5
1909255  6289  4304  9293 13284 12281 12273  8292  6329  5320  4276  3275  4301  6311 10321 12316 10309  6307  6279  8276  9301 10294  7290  8294 13288 11287 13287 16290 15312 11335  9327 13323 17328 15317 11319 13335 13327 11326 11330 12314 12307 13306 11311 11312 12317 11334 12332 13311 12306 11321 14324 14324 12313 11311 10315 12310 13302 12309  9312  7277  8
1910268  8273  7280  7287  6264  5261  7284 10307 12330 11328  9331 13340 13332 11334 11333 13351 11359  8349  9318  7299  4320  6319  9322 12323 13320 11333 10337 13329 15327 13321 12314 15307 13306 10302  7301  4316  4319  6327  9350  9349 10331 14337 12337  7335  9331 10336  8329 11303 14302 11312 10320 12332 10350  7343  8330  9330  9334  8329  9317 12306  9
1911299  6305  9320 12326 13315 10322  5334  2314  3290  6282 12284 14296  9302  6314  7330  9344 11335 11303  8283 12285 14277 10267  7283  6281 11279 15288 13284 10284  8288  6298  6332  8344 11320 12330  8305  9280 10314  8312  6303  8310 11309 10311  9300 12280 16276 14273 12273 10286  7283  6272 11282 14299 14289 11276 11281 12276 10270  9267  9278  8282 12
1912268 16265 15269 13274 11267 15259 16278 13283 13263 12259 12259 12264 12268 14275 15286 14284 13299 12320 14309 14288 13280 13311 11350 10357 11334 15313 16313 16319 16323 14311 16296 15307 14331 13332 11318 12315 13325 14325 16309 16302 15326 12340 13331 13329 12322 14324 15323 14313 15315 17324 16338 13355  8333  7323 12333 18340 14305  8263  5281  6302 13
1913307 16314 16314 15323 12330 13348 15351 14332 14341 14357 11338 11314 15303 16309 14327 14328 13303 13278 18296 21316 17318 17321 18315 13309 12312 19328 23332 21303 24293 24306 16320 12320 13312 16319 14309 12306 13302 15326 14351 17341 22334 24324 24328 18330 14338 17336 15324 13332 16333 18328 15336  9349 10353 16344 14328  9335 12331 16334 18341 18322 15
1914325 14328 16333 22347 21333 20322 19330 18324 17318 15315 12319 11308 12312 14355 15356 10319 13315 16324 11338  9332 14310 17321 17328 17336 14350 12340 12325 11331 11324 16317 20327 17325 15322 14330 13344 14341 13315 14300 16302 17313 16310 14296 18314 19326 13318 13311 14322 15327 17312 20306 19303 17303 15309 12308 13316 14325 13322 14331 15327 10276  5
1915246  5285  7302 12320 15342 19339 24343 21341 17338 16338 18333 15339 11356 10336 12306 16308 16311 14321 13325 16316 17325 14326 10326 10351 14  8 16  3 13335  9310 13311 15318  7320  3284  5267 10288 12292 13299 14281 19291 30 39 30101 22 94 19 76 24 75 22 83 16 92 15 91 17 79 16 52 12 33 13 37 13 52 12 56 14 44 15 33 16 32 16 29 17 29 18 33 15 37 11 40  9
1916 50 14 64 22 64 23 60 18 50 20 47 23 56 20 59 15 43 16 43 16 45 17 44 20 65 23 69 22 63 14 57 12 50 12 57 12 70 13 79 14 80 12 73 13 52 14 46  9 67 10 68 12 49  9 38  8 34 13 27 13 42  9 56  5 44  8 38 11 28  7 54  6 84 12 72 15 85 12 91 12 64 10 26 11 27 13 39 16 42 16 48 16 47 18 44 14 36 15 39 21 43 21 45 18 46 15 62 15 57 17 40 19 36 16 35 16 58 16 79 17
1917 72 21 65 18 67 15 78 13 65 10 48 11 67 14 69 18 63 17 66 18 70 21 67 21 47 18 42 13 51 10 63 12 71 18 61 16 66 16 79 22 79 23 81 20 81 21 75 23 76 18 81 14 86 14 87 13 87 14 89 14 85 13 87 15 91 20 94 19 95 18 93 22 98 21 98 20 95 20 93 19 91 19 86 17 84 14 88 14 92 16 90 15 88 16 84 17 87 16 96 14 98 12 91 10 75  8 93  9114 12107 11106 15107 18105 18 96 16
1918 88 13 95 15 93 19 83 16 79 13 81 11 89 12 85 11 86  9 91  9 90 11 94 12 88 11 76 10 83  9 86  9 84  8 79  6 76  6 69  6 63  5 63  7 61  5 62  2 52  3 51  5 56  4 66  5 60  8 64  8 64  8 44  8 52  9 62  9 53  5 49  7 55  9 40  8 30  7 39  8 39 11 43 10 42 12 33 17 25 17 22 16 21 15 17 11 19 14 25 18 13 12 21  5 30  4 37  5 55  7 28  9 14 13 28 13 29 15 24 19
1919 31 16 62 10 63 12 59 14 73 13 65 12 38 10 30 14 53 14 58 11 58 10 46  9 61  7 69  7 45 11 55 13 58 12 56 11 54  8 38  9 25 10 50  7 67  7 62  9 53 11  7 11352  8 26 11 60 18 70 21 52 20 32 16 32 15 45 14 52  9 42  7 37  9 30 10 38 11 52 12 49  9 55 10 58 12 60 12 56 14 61 12 61 10 46  9 51  8 59  7 44  7 67  8 75 10 39 11 41 10 54  9 62 10 68 11 23  7 16  8
1920 48 11 55 10 58  9 43  9 44 11 76  8 83  5 56  7 49  9 48  8 41 10 44 12 49 14 60 12 66  9 58  9 51  9 39  9 37 12 44 12 42 10 42 10 47  9 52  7 44 11 32 18 31 21 36 19 37 16 53 13 60  9 53  7 49  9 46 10 30  8 11  8 18  9 20 10 25  9 34 11 49 10 51  7 30  6 11  7  8  8 16 12  6 13  7 14  3 15353 15  6 16  2 15  3 16 14 18 11 16356 12352 10352 11357 15360 16
1921350 16354 21358 22356 17356 21351 29350 26351 21355 21360 20359 18  2 20  4 22  4 25 10 26  7 23  3 24  9 26 11 22  8 22 10 23 10 19  7 17  8 21 14 21 10 21 11 22  8 20  5 20 18 23 17 20  8 21 16 21 26 19 28 16 19 12 14 13 27 15 35 17 56 12 51 11 28 14 28 20 30 23 42 19 40 23 33 27 34 22 23 12 33  6 30  9 12 13 21 10 21  9 16 10 20 15 11 17  6 12 25  8 25  7
1922 18  7 13  9 17 19 21 21 11 14 17 14 18 15 12 12 19 11 30  7 33  8 25 11 15 10 14  7 21  6 25 11 28 15 25 15 10 13352  8  1  3 31  3 27  6  4  8 12  8 27  9 25  6 15  2 50  2 98  4 69  4 33  5 33 10 38 12 46  9 36  7 22  6 18  7 25 11 29 13 30 13 56  9 89  7 93  6 86  5 37  4342  2  6  3 27  6 11  8358  8  1  8  7  9351  9347 12355 11352  8  5  9 10  9354  9
1923344  9338 10330 10331  9346 10352 19345 22338 18336 17339 22339 23338 19336 20334 20342 17348 13349 13340 14335 13339 16329 20321 22326 19326 14326 13327 16332 18337 14333 13331 16331 17328 17326 13333  9319  9318  9329  9316  9314  9318 12323 14318 15328 14338 11334 10327  9314  9318  7315  7296  8305  9324  9327 10322 12314 11304 10314  8331  6301  5288  4
2000303  5293  6316  6317  7295 13296 13289 11287 11286 12292 11299 10300  9319 11327 15323 16333 15329 11324  9329  9329 11331 14330 13332 11327  9329 11328  9321  7316  8310  9322 14325 15327 11332 12330 13329 14328 12328 11331 12336 12334 11328 11328 11330 10335  9334  9333 12335 12337 11342 14337 20333 19336 16340 15336 16335 13346 11346 14345 17345 17336 14
2001330 14329 13340 11343 12330 12330 14347 16349 14330 11324 10324 10322 10330 10343 11345 17343 22345 22336 21333 19334 19335 18351 12348 10335 11328  9328  8337  9337 13339 16343 16349 13342  9333 11340 14350 17348 15346 12350 13345 14340 15340 14340 12342 14345 17347 15347 16342 16341 13344 14342 16339 19340 21349 22351 24350 21353 20350 25345 22345 16343 17
2002338 16341 14343 13333  9342 11350 14351 14355 15353 15352 12338 10335 12349 11348  9346 12342 12334  9339 10346 13335 11332  9334 10328 10332 10339  9340  6323  5319  9332 14329 14336 12347 11346 12342 11344  9346  6341  4342  6343  6338  5317  4324  4348  6338  7339  8344  9346 11346 11346  8351  7340  7330  6331  5334  7340  7354  7359  9342  9347  7357  7
2003345  7340  8338  8337  6348  8346  9347  9354  8345  6333  5333  5344  7345  9357  7357  6352  6353  5345  7345  7344  5339  5346  5356  4341  3321  3320  2325  1  0  0  0  0  0  0  0  0282  1  0  0279  1266  2257  3257  2257  1  0  0  0  0  0  0  0  0  0  0  0  0300  2347  4351  4351  5339  6331  7339  6344  6344  7347  8348  8340  7330  7338  8345  9337  8
2004348  5357  4349  6338  7332  6328  6323  8320  8328  6333  3356  1 17  1358  2340  3327  4333  5338  6334  7336  7339  7349  6355  6345  5341  6343  7342  9350  9353  6340  5344  5356  8343  9346  7348  7337  6335  5333  5342  5356  8  2  9352 11356 11  7 10  7 10  6 10  5 10  7  9355  9356  9 14  8  8  7359  6358  6350  7346  5350  4343  5331  6344  4354  2
2005344  4340  5339  4353  3  3  3356  4354  4359  5360  5354  4346  4351  5  9  5  9  5357  6  1  8  4  7359  6357  6352  6351  6356  5351  5349  5357  5354  6347  5355  5359  4 16  3 19  3 12  3 44  7 43  8 11  6  8  5 22  4  9  4 16  4 32  6 29  7 38  9 43  8 31  9 47 10 61 12 58 13 57 11 44 11 56 10 67 10 73 11 80  9130  5165  3 90  5 38  5 65  4 61  4 43  7
2006 47  9 52  8 50  7 46  6 38  5 32  4 37  5 30  5 26  6 37 11 40 13 41  8 39  8 37 10 34 10 28 10 21 14 29 16 30 14 37 12 48  6 35  5 26  8 21  9 14  9 24  8 21  6  8  9 17 11 25 11 19 13 23 16 33 14 27 12 25 15 21 15  9 11 19 13 25 15 23 14 17 12 11  9 14  6 18  8 22 10 19 10  6  8  3  7  3  5355  6 23  7 48  8 28  9 22  7 23  6 21  6 26  5 11  4 14  4 45  3
2007 59  2 77  4 92  4 71  3 39  3 43  5 66  5 70  6 48  7 31  5 46  3 57  4 54  5 60  6 53  5 32  5 27  5 31  5 38  8 34  8 25  8 13  8340  6348  7 51 11 63 13 37 14 41 14 55 13 59 11 59 12 62 14 60 12 52  9 69 11 80 14 74 16 75 16 77 12 77 10 69 11 70 10 66 10 58  7 78  9 75 11 43 13 46 10 50  7 45  7 53  6 49  4 56  3 62  3 51  2  0  0 73  2 62  3 49  3 59  4
2008 51  7 39  8 40  7 53  4 52  4 58  5 70  7 43  8 56  7 78  7 70  8 77 10 87 11 81 12 71 13 74 12 72 10 55  6 52  4 62  7 55 10 40  8 25  7 18  6 24  5 44  4 45  3 16  2 41  7 53 10 50 10 58 11 62 12 64 13 58 13 62 14 65 11 65  6 43  6 41  9 57 10 30  7 22  8 43 11 53  9 55  9 53 12 63 14 64 13 48 12 40 11 51 10 58 12 63  9 62  7 51  9 57 12 58 11 53 11 65 14
2009 54 17 39 17 33 16 28 15 28 15 27 19 26 15 28 10 28 10 27 11 34  9 31 11 16 13 17  9 20 13 27 17 30 15 21 19 21 18 25 16 37 14 36 12 36 11 55  8 56 10 32 11 52  8 67  6 20  6355  7 14  9 21  7 15  5 16  7 14  7 23  7 41  5 54  5 48  6 40  4 45  5 57  6 70  6 69  5 99  3107  3101  4112  5 98  7 88  7 84  6 53  3 22  2 31  3 45  2 53  4 67  7 67  7 44 11 30 16
2010360 15349 14 36 12 80  9 94  6 92  5 83  7 81  8 82  9 75  7 61  5 62  7 61  9 54  9 41 10 27 12 32 14 30 12 45  8 53  8 54  8 71  8 75  7 66  5 50  7 36 10 19 14355 13346 13352 14  2 12 12  9 15 18 15 22 40 12 41  9 16 17 12 22 16 19 34 17 37 13 32 12 25 13 19 11 46 11 58 11 42 14 30 19 26 23 23 22 19 21 27 25109 13 58 20 73 17 67 17 65 17 61 14 57 11 61 12
2011 46 12 40  8 38 12 46 18 73 18 78 18 71 19 57 17 36 11 30 14 33 18 27 19 39 20 52 18 40 14 41 13 69 15 68 13 63  9 70 10 69 16 58 17 45 14 67 15 74 12 62  9 58 10 81 21105 30104 26 99 23 91 27 93 26 88 28 90 32 98 28 95 23 94 19 94 23 89 26 80 25 79 24 87 17 96 18 98 20 96 24 97 30 94 29 93 28101 21110 17109 21109 26101 26 97 20108 23115 30120 31105 24 91 17
2012 89 23 90 23 94 14101 15110 18109 21103 25 96 24 97 19 96 20 89 29 97 36 97 35 80 25 62 18 70 16 82 16 79 17 76 13 76 10 69  9 74 11 83 21 76 28 86 24 93 17 91 19 87 24 83 27 81 31 71 27 78 27 90 34 92 31 86 29 80 25 81 22 87 28 90 32 86 27 84 23 82 22 82 20 81 20 84 19 65 15 43 18 56 23 63 23 76 24 85 23 96 23 97 25 91 24 94 25106 26102 29 84 31 81 26 80 19
2013 90 17 89 17 78 16 79 14 77 20 77 24 66 14 59  6 65  7 60 12 48 16 36 16 22 13  6 10 56 12 95 18 68 21 66 17 95 16120 17116 14101 14 97 15 88 16 70 21 63 22 76 17 69 15 50 17 35 17  9 11360  6350  6359 12 42 14 69 15 78 17 99 18118 21116 24115 22114 18113 20116 25123 24131 17127 14115 15123 14128 11 73  7 48 13 83 21122 17136 18123 19106 20 91 20 85 16100 13
2014145 11156  8115 15 92 24 94 17 92 13 90 22 91 29 86 22 69 14 49 10 74 11103 17 97 24 97 23101 16104 10101  8127  7152  9150 10126  5 99  2 53  4 28  5 10  3 34  4 88 11 75 15 68 14 78 13 93 12 91 10 63  8 18  9360  9  8 11356 13346 13342 10338 11 19 18 87 20114 17118 14126 13147 10130  8112  8148  9139 11119 13102 19111 21129 16131 11126 10119 18116 21 90 17
2015 63 15 70 10106  6 48  4307  4307  4 30  3107 26 90  7 80  7 78  7 79  7 91  7128  6133  7121  9115 11145 15186 15169 14141 12135 12144 13137 16112 17 97 18 83 17104 13162 13191 16187 17192 14204 13218 12213 14192 19175 20160 15132 14120 15139 12149 13153 14130 15106 18102 19105 19115 17118 15 93 14 69 12 44  7  6  5360  6  2  4 63  6 96  9140  7158  5179  5
2016 50  6 29  6 75  5 67  6 32  9 58 13104 19111 19150 14194 16186 19145 18118 18134 15132 13118 14118 22121 28124 22119 16100 12 93  9111  8149 10184 14181 18147 20111 19114 20128 21115 19 99 18 91 19 92 21105 19104 13 78  8 29  5352  5 57 12109 19 93 11122  3137  2138  5145 11132 15121 18124 20118 16116 15153 12174 12175 14183 13185 13191 14201 13197 14157 12
2017135  5157  2180  5198  9188 14205 16219 15224 15217 14211 12209  9201 10199 12187 12133 14 97 18107 19102 16 96 15100 16105 17100 15 87 13 76 10 76  7103  8118 10116  8139  6164  6139  7109 10109 16106 18121 12134  8156  4123  2 97  3136  4112  5 95  5134  3171  2189  4189  5193  6188  7154  9133 11127  9111  7139  6187  7181  5131  4100  5106 11106 16112 13
2018120 10134  7141  7137  8131  8113  8115  6120  5117  7121  9118  9118 10117 14108 23110 28117 24114 22108 20110 20114 19114 15126 13130 14121 17114 19114 17116 13105 11 96 11101 10106  8112  9116  7112  4106  4102  3149  3189  3199  3206  2159  3118  6118  9123  7125  5127  3136  3173  2199  2209  2  0  0  0  0  0  0  0  0  0  0  0  0  0  0  0  0 83  3 98  5
2019105  6105  6107  6115  5117  7114  9107  9112 10119 10120  9118  9115  9116 11111 10112  9120  9121  9123  9124  8119  8114  7114  7108  3112  8128  7141  6117  7107 10135  9176  7201  7209  9210 10209 11217 12223 12213 11209 12210 12203 14209 15233 12227 11212 11208 10196 11192 11193 12190 14192 14192 17185 22185 24187 25186 24186 22192 22189 18183 13188 14
2020191 17193 17194 15189 17189 21196 26197 29193 28193 25198 22195 21192 20193 20193 23195 24194 21189 21187 20190 20189 21187 20190 18196 25195 27192 23194 21190 18185 20186 24189 22189 20188 18186 19179 19180 17187 11188  9184 10186 14196 17203 18204 16196 13186 12181 17178 20183 19190 19194 18191 15182 13176 15179 16184 17188 24189 26188 27193 27194 21194 16
2021194 15199 18202 22196 21189 18191 15202 13207 14205 19205 20196 20184 23193 19196 17196 18203 19203 18195 18192 19200 16201 13202 15202 20199 23201 24204 22204 21197 22203 22206 20196 19199 20197 20190 22189 25186 23183 20194 19204 19200 18194 18201 23207 23198 17194 15201 19193 15192 11191 14174 14176 14178 15169 12162  6167  9179 12175 12171 12175 14174 19
2022177 21178 19175 16175 16176 18182 20190 19188 18184 16181 13179 16180 21185 22186 23182 25186 22185 21181 19189 17191 20186 23190 21188 20185 19183 16183 16184 18183 19183 21184 24183 23181 19185 15187 15183 15192 15200 15196 15191 14186 12183 14184 17184 19183 19182 21183 22185 20184 13183 14186 18185 18184 18186 19185 18185 16185 19177 21175 19184 17184 14
2023180 16181 16178 15179 19182 22179 25179 26190 23190 20181 18181 17183 16186 17197 23201 27196 24199 22193 18186 19191 27192 32196 28198 18192 14187 14185 18183 23182 24193 23194 20186 18186 19184 23181 27180 26184 25189 22109  5184 18179 17176 17181 17185 15188 14191 14179 12170 13178 15174 13145  5123  4143  8147  7142  7166 11174 10154  8129  6147  5165  8
2100174  9187  8176  9172 11183 14177 13168  7161  2161  4158  7134  8147 12166 13129  8108  8141  9162  9168  9178 12182 16181 14179 15174 16173 13175 12176 14174 14178 13183 11176  9175  9181 11185 14187 13187 11189  9188  8181 12174 14177 13182 12178 12171 13177 12173  8167  8181  8182  9175 10180  9185 10182 13177 18191 19199 17192 15185 15178 15172 16176 15
2101189 12194 11193 12188 11179 13178 13181 13184 14178 11175  9186 11192 12189 11188  8188 11185 15182 15179 15173 14169 12179 12188  9187  6172  5169  3188  3185  5171  6157  7163  5183  7187 11185 11185 11184 13182 17186 17188 14184 12181 11178 12176 13178 13183 13182 14179 14181 12183 13181 13178 14177 14181 13184 11185 11185 10186  8183 10176 12174 11173  9
2102170  8169 10148  7142  4173  6179  7174  9177 10176  7170  8173  7181  7184 10183 10179  8178  8178  8181  9185  9181  9179  9176 10175 10163  9160  7172  6176  7181  9186 10192 11188 12182 13182 14181 12182 13183 15184 14180 13179 15181 15180 14181 15179 15174 14177 14182 13177  9171  9169  9170  9172 10168 10167  9167  8152  7133  5150  6175  8174 11175 13
2103175 12175  9179 11185 10194 10190 11183 11179  9171  9163  9165  9164  8162  7167  6169  5173  5174  3135  1113  1143  3170  6182  7183  7183  8186 10191 11187  8182  7173  8176  8179  9178 11187 14187 14184 15182 15186 14194 17194 17189 15189 16190 13190 12189 13182 10175  8148  5108  5 95  6 97  7108  7109  8109 26101  7107  6107  5 95  4123  2  0  0236  1
2104197  3187  5192  5215  5238  5241  6222  8212 10216 10227  8241  8238  9241 10236 10216  9221  9246  7253  8247 12252 12259 11250 10253  9257 10245  9216 12208 15218 11209 10217 10219  7213  5212  4201  4204  5215  6207  5182  4180  4197  3210  2  0  0  0  0  0  0222  2210  4204  4193  4199  5238  4247  4229  4233  3235  4204  6194  7209  7218  9220  8207 12
2105204 14219  9215 10209 13228 12245 11239  9225  7227  6227  7244  5251  2231  3196  5177  4192  4176  4161  3176  3182  5168  4127  4101  6113  7127  7118  8108 10117  9118 10110 12111 12119 10115  8124  8122  7118  5138  5132  6118  8140  7134  4115  4120  5 96  4 75  4 92  3103  3 96  5103  5 97  4 92  4114  5111  4106  4146  5173  6181  5184  5177  7173  7
2106163  6157  5148  3146  1129  3109  5124  4119  3122  2150  2159  4157  4167  5182  5176  4112  2 84  3108  4101  6103  7115  5110  5115  5120  4123  4113  4104  2114  2125  3155  5173  8176  8169  7166  5174  7174 10171 11170 10170  9171  7173  8169  6167  6181  7184  8178  9185  7187  6187  7186 10186 12189 12195 13209 13212 12200 12194 11199 11205 10206  8
2107199  8196  8200  9201 12205 14217 12207  9217  8231  7211  7195  6187  7178  8182  9214  8231  7237  8237  7238  6236  7238  8255  8250  9240 10237  8236  7240  8239  9229  9224 11238 10248 10255  9279  6261  5229  6223  4247  2  0  0291  1269  2261  3252  4253  5253  5243  6240  6242  5244  4250  4241  6223  5220  4220  2  0  0  0  0  0  0  0  0  0  0  0  0
2108  0  0256  2243  3212  2174  2164  2167  3157  3161  4144  3112  2114  3115  3111  3114  4111  4101  4 96  5 92  4 79  3 44  1  0  0  0  0  0  0  0  0  0  0  0  0  0  0  0  0  0  0  0  0  0  0  0  0  0  0  0  0  0  0 99  1 98  3 98  5 97  6 97  7 98  7108  6117  5126  5129  5126  5123  5126  5119  3 88  3 81  2 92  3 89  5 94  4 97  2 83  2 89  2 99  1  0  0
2109  0  0  0  0  0  0 70  1 78  2 88  2 91  2105  2103  2 79  2 67  1  0  0 55  1 54  1 61  1 72  2 85  2 93  2  0  0  0  0  0  0  0  0  0  0  0  0  0  0  0  0  0  0  0  0172  1177  2  0  0  0  0  0  0  0  0310  1333  2360  2 24  3 28  3 25  3 15  3 12  2 20  1 38  1 51  1  0  0  0  0  0  0  0  0  0  0  0  0  0  0  0  0  0  0  0  0  0  0  0  0  0  0  0  0  0  0
2110211  2279  4287  5279  6280  7265  8243 10240 11236 10223  8224  5237  5239  7244 11244 11241 11250 12253 10246  9254  8256  8248 10251 10252 10245 10238  7241 10231 10211  7212  7212  8209  8201  9198 11203 13207 12212 12208 14217 15241 14249 12242 10234 11237 15249 14238  8225  7230  9230 10218  9209 12201 13199 12220 11241 10244 10242 11248 10262 12258 13
2111242 13243 10241  8238  9233  8237  8259 10257 12240 14235 14237 14236 14233 12231 13231 15231 15231 14232 14233 12235 12231 12225 10218  9215  8223  6207  5183  4181  7193  7192  6184  7187  8194  8197  7186  6185  9207 11225  9243  7258  6233  6196  9202 12214 10204  9206  7212  9209 11199 11214 10216  9208  7249  5260  4254  4273  5276  5272  4270  4274  5
2112263  3225  4195  4195  4216  6227  7228  6231  6238  6251  5262  4268  4263  3246  1  0  0  0  0196  2197  5193  8188  8186  8185  8193  7217 10233 11236  8233  6229  5231  6239  7248  8248  8240  7236  8237  9237  8241  8240  8237  7237  8239  8238  8235 10236  9231  8230  8232  7218  9195 10228  9270  8274  8260  9236 10227  9222  9230  8239  6219  9196 10
2113198  7213  8215  8212  4215  4231  8254 12264 11262  8264  9266 13252 12238 12244 13258 10251 10254 10273  7262  6248 11260 13271 11285  9282 11263 12266 11301  8279  5244  5263  4265  4264  6277  9298  9295  8226  9171 12183 12187 12177 14181 13212 14236 14224 14201 11179 11158 10145  8143  8162  6177  4186  5201 10194 14191 14200 11187 10174 12159 11138  9
2114158 10202 11234 11240 10220  9230  5227  3192  6169 11151 11135  9131 10138 10120  7 92  4 94  2127  2143  2112  3 86  4 84  6 85  6 49  3 66  2163  4188  6176  8160 10163  8173  6176  4169  4160  3163  2151  3152  3139  3144  2195  2194  2125  3 88  3115  4117  7110  8100 10123 10165  9175  8163  6143  5130  6158  7184  8179 10175  8177  6184  5185  4190  4
2115192  4181  4177  2  0  0  0  0  0  0336  2351  3  3  4360  4354  5357  5356  5342  5336  5335  6325  7313  6318  6330  8328 13322 15324 11331  9332 10321  9318  9315 10304  9291  9292  8300  9307 12314 16317 18323 16310 11300 10327  8324  8318  7334  7331  8327  8305  5297  7298 10299 13316 14312  9316  8326 10318  9307  8300  7294  7283  7277 10277 13275 15
2116281 13289 13289 15284 15281 14283 14281 17282 17294 15292 13288 12290 12274 13265 13266 12266 12269 12282 11299 11294 12292 13290 14292 12306  8308  9309 10313 12311 14313 12318  9321  9304  9292  7293  4292  5319  6349  7349  8334  7323  9319 11322 10331  6347  5349  8338  8346  5351  5341  7338  7330  7342  7  1  5358  5355  7343  7337  4339  6343  7349  7
2117341  9334 10332 11336 10344  9348  7350  5344  7344  9339  9337  9342  9340  9341  6349  4340  3316  2320  2338  3340  4329  3331  2335  3336  4335  3347  3 53  2  0  0  0  0  0  0183  2184  3179  2158  1  0  0  0  0  0  0  0  0  0  0263  1277  2282  2278  2  0  0  0  0  0  0  0  0  0  0  0  0  0  0  0  0  0  0  0  0356  2 13  1  0  0  0  0  0  0148  3174  6
2118178  7179  7153  6138  3120  3103  5119  5159  5190  6188  7189  6185  5191  5207  5215  5215  5228  5243  4242  5232  6223  5212  4188  3167  3160  4135  5109  7117  7116  5 99  5 88  5 85  7 86 10 85 14 89 13107  9 74  6  5  7342 10331 10307  7282  5259  5239  6226  6224  6236  6236  5227  5234  5245  5252  5257  5260  5260  4259  4260  4261  3267  3267  3
2119259  3263  3268  3264  3262  3269  4282  4287  4291  4294  4284  4264  3216  2  0  0  0  0207  2202  5186  6162  6146  5146  2126  2129  1176  2214  2215  2193  3182  4173  3152  3165  2  0  0  0  0  0  0  0  0190  2202  6250  6346  5351  3  0  0  0  0  0  0199  2205  2  0  0  0  0  0  0  0  0  0  0  0  0  0  0  0  0279  2282  3289  4293  5287  5285  4288  4
2120286  3278  3282  2  0  0  0  0228  3185  7177 11188 12200 10205  9204  9230  8255  8259  8258  9250  7245  6242  8242  9248  8253  7258  6256  4250  4244  6233  7198  7173  9179 11184 12184 11183 10189 11193 12192 10195  9203  8207  7203  6197  6196  7193  8189  9190 11186 10192  8200  7201  6202  6202  5207  4205  2216  1  0  0218  2225  2221  2235  1  0  0
2121  0  0  0  0298  3285  4287  3282  5284  7285  9283 10281 10279 10281  9282  7284  7281  8283  9282  8257  7244  8241 10238  9236 11240 10240  9235  9235 10237 10241  9245  9248  9249  9252  8253  6256  5260  6262  7266  6266  5262  5263  4269  4276  4288  4290  3273  3276  5279  6259  5252  5247  5237  7238  8241  7248  7248  7242  5257  4280  4287  5290  5
2122297  4303  4295  6279  8277  9281  8274  7262  7247  7235  8233  9232 12229 13233 13238 12245  9250  7266  5276  3285  4302  5320  5340  6339  5331  4318  3299  3281  4272  6268  7254  7246  8241  9230 10217  9224  6212  2266  1  5  5 23  8 19 10 19  9 15  7 15  5 11  4356  2  0  0  0  0  0  0235  1237  3245  3257  2  0  0  0  0338  2340  3347  4339  4332  2
2123  0  0204  1151  4149  6156  5166  4176  3178  4180  4188  4200  3201  2189  2174  2  0  0  0  0  0  0  0  0  0  0  0  0  0  0  0  0  0  0225  2233  3240  3244  3242  3240  3256  3285  3306  5317  6333  6360  6 15  7 23  5 22  3  0  0  0  0181  2195  2201  2203  4201  4199  5201  7211  7217  6220  4226  2  0  0  0  0  0  0  0  0  7  2360  2347  2330  2319  3
2200312  4306  4299  4294  4289  4285  5286  5287  5286  4278  4269  5258  5262  4267  5265  6263  5264  4271  5265  5248  6243  7245  5243  5240  6239  7235  8233  7235  7233  7238  7245  7252  7262  6274  4278  3272  3257  3244  5251  5257  4272  2284  1  0  0  0  0276  3292  4307  5297  4280  3278  5276  6283  7288 10294  9294  7292  7293  6294  6299  6306  6
2201310  4282  4283  2312  2337  3339  4329  5337  4345  5346  6337  6328  7317  6318  4322  5320  6313  7285  6265  6265  7265  8264 10268  9268  7266  6266  6267  6274  6289  4293  4293  5310  5322  5331  4353  4356  3347  4346  4340  4335  5337  3327  3307  3272  3260  3278  4281  4282  4286  5283  5278  5285  6287  7286  7292  6291  6282  7277  8280  8280  8
2202279  8282  8282  8282  7279  7277  6278  8277  8274  8280 10295 10295  9288 11294 12296  9289  9283 10283  9281  9279  8273  6273  6278  7284  6306  7311  6309  6316  7312  9308 10303 10289  8304  5322  7315  8331  8333  8324  7331  8322 10327 13329 16325 12337 10340 13339 10342 11341 14335 14333 15329 16332 13340 11348 14352 18352 18353 17355 18358 18359 18
2203360 15  2 16354 21353 18351 17352 14350 11343 12341 13332 10324  8329  9320  8308  7304  9298  8307  7321  7319  8308  6310  4321  5317  6306  8312  7320  7323  8338  6338  7326  8320  9318 10324  7333  7337  6331  7331 10342 10340  8334  6340  6337  7326  6333  7327  7311  5322  5324  6322  8335  7336  4330  5315  7305  7290  5281  6306  6308  4289  6285  9
2204286  9291  8298  7263  5252  4278  5267  5270  5280  6271  5273  4287  3287  3279  4276  3268  3264  3270  4275  3281  2279  3267  5262  5262  5267  5278  3277  3269  4269  5270  5272  7277  8273  7272  6277  6279  7285  7287  7285  7285  6287  7284  8289  8294  8290  9293  7290  7284  7284  7288  7297  6296  5292  5288  6287  7292  5289  3288  3294  4304  4
2205299  4300  4322  3321  3323  3336  4327  4322  5317  6315  5329  6329  6323  4320  4323  4318  4352  3344  1307  2323  1  0  0339  2343  5341  6341  6326  4327  3343  4345  5344  4353  3344  3331  4322  5317  5326  5330  6329  6328  6328  5318  5312  5318  5316  3300  2308  2328  2314  3301  4311  3330  2341  1  0  0323  2297  3298  3298  1297  1293  2268  1
2206281  2295  3289  3291  2285  2273  1282  1  0  0284  1263  2256  2267  4266  4263  4262  4265  5272  6283  5291  4286  3286  3277  5272  5281  5284  4286  4296  4302  4308  4320  5321  3321  2326  3326  2320  2311  3303  5297  5291  4284  4292  4297  4291  4290  3280  3284  3284  3277  4280  5283  5281  6279  5282  6283  6281  7290  7293  5287  4290  4295  4
2207291  4285  7285  8290  6299  4308  3307  2301  2293  2283  3284  2286  2283  2280  1275  1270  1267  1268  3274  5275  4276  4279  5280  5280  5282  7282  6283  5283  5282  5285  6284  6282  6293  6308  4315  1  0  0293  4282  4318  1344  1327  3333  3340  2334  3329  4336  5346  6349  6348  6342  6344  5346  6345  7347  7348  7348  5346  4343  4329  5315  3
2208322  2314  1301  1318  2330  3286  3242  1  0  0275  2323  4321  4313  3320  3316  4315  4306  5296  4298  3309  2321  3288  3260  1  0  0  0  0263  1298  1  0  0  0  0285  2280  4280  4278  4284  3282  4276  7294  8315  6311  8313  9311  7285  5279  7285  9292  8295  6299  5314  4319  5342  4353  4338  6321 10317  9318  6323  8333  8330  8322  5316  4327  7
2209327  9327  7332  6324  6309  6307  5306  4307  6329  7324  6313  7334  8341 10337 10340  8344  7341  9335  8345  5347  7347  7340  4311  4300  4284  2  0  0 20  2321  5323  8332  8336  6329  6319  7334  6355  6356  7347  7329  4320  2318  2331  2  0  0336  2355  4339  4330  6327  8323  6316  5300  5307  5331  5348  6337  4331  3338  4316  4306  4323  7326  7
2210321  6332  7336  7330  8314  7309  7328  9342  7348  6339  5323  3317  3314  5312  8315  8293  6283  4289  4267  4242  3238  3239  4235  4242  5254  5282  6306  6330  6334  6314  7324  7331  7336  6327  4313  5317  6324  7341  7346  7338  8325  8305  7298  6304  5308  7306  8310  8308  9303  8302  7316  7327  6321  5326  5328  5330  6339  7341  8333 10321 11
2211318  8316  5312  5327  5342  7344  9345  8340  8332  7333  7339  9328  9331  7345  7349  8 10 10 17 13  7 12  6  9352  8359  7 13  7  3 11  4 14358 14346 12343 11  3  8 14  7  8 10 15 10  8 10  4 12  5 15  1 18360 19356 14  2 12 17 15 29 18 20 19  7 16  9 13 11 13  4 11 17  9 32  9 22  9 16 12  5 14359 13359 13 10 11 43 10 72  7 47  7  5  9355  8360  7 10  7
2212  5  6 13  5 27  5 16  7 14  8 35  8 48  9 29 12 10 13 11 12 13 11 13  8 13  7 26  8 45  7 79  5107  3 76  3 33  6 27  9 32  9 45  8 60  6 52  6 64  6 77  6 61  7 65  7 88  5 81  2102  1 90  3 22  5 32  6 83  7 97  9 92 10 68  8 32  5 42  4 51  5 29  6 42  8 71 10 76  8 72 10 75 13 61  8 76  4125  3108  7 81 12 75 11 71  8 82  9 85 13 80 15 81 13 84 11 81  9
2213 79  8 65  8 50  7 85  5108  5111  6123  7118  7103  6137  6 95  6358  7 11 11 16 16 10 14  3 12356 10 20  7 77 10107 10116  9122 10124  9130  7125  7126  7109  6 63  8 45  9 47  7 69  6 79  8 66  9 60  8 82  4 96  7 92 17 66 17 29 11 28  9 23  7 47  8 84 10 86  8 78  8 78 10 84 10 89  7 81  6 62  5 33  7  9  9  6  8  2  9352 10358 10356 10  1 12 15 10 43  9
2214 71  6 55  3 32  6 27 12 29 13 62 10 88  8 81  9 53 13 28 14 28 15 23 13 22 13 20 17 17 21 27 19 53 13 63 11 56 10 69  6 55  5 57  6 79  5 58  7 63 12 77 13 76 15 77 17 79 16 79 15 66 18 68 19 72 18 73 15 70 13 58 13 56 12 69 15 69 17 70 11 72 10 70 16 73 18 71 18 67 19 72 16 81 15 85 15 90 15 83 16 76 16 77 13 87 13 82 13 80 16 79 19 84 19 89 21 81 18 77 15
2215 80 15 79 17 81 18 76 16 67 17 83 13 92 13 84 18 78 19 75 20 80 19 82 20 75 19 73 14 78 13 82 14 82 18 78 19 80 22 83 22 78 18 71 17 72 14 84 15 87 20 82 23 68 19 53 13 69 16 82 18 67 13 59  9 76  9 82 11 85 15 78 16 67 14 73 13 75 16 78 23 79 21 76 17 74 17 73 17 81 14 91 13 94 13 86 14 71 15 73 14 65 15 60 16 63 16 63 17 63 15 62 17 63 18 72 13 88 12 89 14
2216 89 14 81 13 60 11 53 11 52  8 63  8 89  9 91  9 47  7 58  9 94 14 94 17104 18101 17 93 19 90 21 98 19107 18104 21 97 22 93 21 92 20 94 18 92 16 86 15 87 17 94 20 96 18 92 15 84 13 85 15 96 18 97 18 96 21 91 20 88 15 82 14 81 15 84 15 85 17 88 14 89  9 81  8 83  7 85  7 81  9 97 10103 12 86 13 80 10 88 12 77 15 70 16 72 14 69 12 69  9 78  6 81  5 60  9 62 15
2217 68 16 67 15 77 15 77 15 70 15 71 12 65 13 57 12 50  7110 13 82 16 91 16 91 15 84 15 79 13 71 13 78 19 90 23 84 20 81 18 85 17 83 15 83 17 79 17 60 13 63 12 79 14 85 13 80 14 65 12 68 11 78 15 66 16 60 11 85  8 95 10 85 17 85 20 85 19 83 19 82 19 79 15 71  8 67 15 79 24 84 21 63 17 52 13 55 10 60  9 68 12 62 13 57 11 58 10 46  9 51  9 78  9 77  8 45 11 25 13
2218 31 13 29 14 46 16 67 15 61 15 65 17 79 20 87 21 80 19 71 16 81 14 94 16 89 21 70 19 52 13 41 10 48  9 41 13 24 15 34 14 49 12 44 12 30 19 35 22 48 17 45 13 32 12 36 15 48 15 41 13 37 14 47  9 61  5 44  9 25 19 49 18 52 16 37 15 30 13 25 15 21 17 19 14 24 12 48 13 48 15 42 13 57 11 64  8 61  6 59  8 41  8 39  7 71  5 69  4 62  7 51  7 39  8 32 11 22 11 24 10
2219 27  9 29  7 31  9 36 12 43 12 52 10 63  8 47  7 57  6 78  8 82 11 74 12 75 10 69  7 57  6 70  7 79  7 73  9 67  9 65  9 73 12 55 10 46  8 50  9 44  7 51  5 49  5 47  6 36  8 34 15 47 15 71  9 81  8 66  9 55 11 57 10 70 13 68 16 67 14 73 14 73 17 75 20 74 17 70 13 69 12 68 13 60 14 46 13 44 10 42  6 37  4 48  6 61 12 65 11 56  8 64  8 72  9 67 12 71 13 76 10
2220 63  9 59  9 74 11 77 11 77 11 87 11 92  9 87 11 90 13 84 13 79 15 85 19 89 25 91 26 85 22 81 21 86 18 86 15 83 15 82 14 87 15 80 16 68 13 73  9 52  7 46  8 68 12 63 10 55  7 63  6 71  5 74 11 77 14 80 11 76 10 86  8 87  6 80  8 95  9 95 12 83 12 83  9 83  9 84 11 82 11 84 11 90 13 81 16 74 13 73 10 80 11 83 11 81  9 79  9 73 11 72 12 73 12 67 10 56  9 63 11
2221 72 13 67 12 62  9 64  8 76  8 93  6 94  4 84  7 89  9 93  8 92  8 92 11 98 12 99 10 97  8 96  7 86  6 84  6 87  5 87  6 90  6 93  7 97  8 96  9111 11 82 10 77 11 74  9 81  8 83  9 80 11 81  9 85  8 87 11 83 12 77 10 79 10 80 11 83 12 88 14 83 13 78  8 63  6 66  5 83  5 82  5 82  5 88  5 99  4100  5 89  5 82  4 89  5 94  6 94  6 93  6 89  7 82  9 77  9 85  6
2222 73  4 79  4 87  7 75  9 87 10 97 10100  8 98  7 96  7 96  7 91  6 92  7 97  8100  8104  9101  9100  8109  7110  5101  5 93  7 88 10 85 12 89 12 90 14 90 14 77 11 68 10 88  9 89  7 76  7 77  8 81  8 81  7 87  6 83  4 71  4 66  5 67  5 85  4 89  6 83  7 86  6100  5100  5 79  5 80  6 87  7 84  8 81 10 84 10 83  8 76  6 78  6 82  7 80  7 85  6 93  6 79  5 69  5
2223 80  5 90  4 92  3 82  2 89  2 98  2 83  2  0  0  0  0 48  3 50  4 41  3 29  1 48  2 55  3 38  4 46  3 41  2 37  2 34  2 44  2 72  2 54  4 33  7 31  7 17  7 13  6 30  7 35  6 24  4 31  6 40  7 41  7 31  6 20  6 23  5 27  5 32  8 36  9 35  6 29  5 25  5 32  6 37  7 44  7 50  6 68  4 93  2  0  0 40  2 32  4 45  3 55  2 46  3 52  2 27  1  0  0 43  1 38  3 36  4
2300 37  4 53  5 60  4 50  3 53  3 58  5 49  6 38  6 34  7 38  7 42  5 36  6 23  7 32  5 52  6 53  7 41  9 35 11 35  8 30  5 30  4 31  5 39  6 44  6 31  5 15  5  1  5  1  4  6  3  2  3353  4347  5346  4347  2352  2357  4  5  5  9  5  7  4358  4356  4  2  4  4  4  7  4  3  4 11  4 22  5 18  6 13  6 14  6 14  6 16  6  8  5  6  5 12  4  7  5 11  6 24  5 28  4 36  4
2301 36  5 45  4 34  4 32  4 54  2 46  2 55  4 53  6 48  6 49  5 40  5 48  4 74  2  0  0  0  0  0  0  0  0  0  0228  1237  2247  3253  3258  4262  4265  4262  4263  3276  3285  2298  1317  1  0  0326  1321  2315  3314  3318  2324  2332  2111  8341  3343  3350  3  3  3 16  3 28  4 35  4 41  4 45  4 48  3 47  3 49  2 56  2 59  2 61  1  0  0  0  0  0  0 77  2 34  2
2302  0  0  0  0  0  0  0  0  0  0  0  0  0  0  0  0  0  0  0  0  0  0  0  0  0  0  0  0 86  2 91  3 92  3 96  3100  3 97  3 94  3 90  3 87  2 80  2 68  2 76  2 91  3 92  3 95  2 97  1 97  1103  2110  3111  3115  3128  2  0  0  0  0  0  0  0  0  0  0  0  0  0  0  0  0  0  0  0  0  0  0  0  0  0  0  0  0  0  0 93  1  0  0  0  0  0  0  0  0  0  0  0  0  0  0  0  0
2303  0  0183  1179  2181  3187  3187  3181  3185  4197  3206  3212  3225  2243  1240  2232  2236  2244  1236  1229  2237  2243  2250  2253  3251  3255  3265  4276  4287  4294  4290  4280  3275  3284  1  0  0  0  0  0  0  0  0  0  0  0  0  0  0  0  0  0  0 17  1  6  2  1  3358  3359  3  1  2  0  0  0  0  0  0  0  0  0  0  0  0  0  0  0  0  0  0  0  0  0  0  0  0
2304  0  0  0  0  0  0  0  0  0  0  0  0  0  0  0  0  0  0  0  0  0  0  0  0  0  0  0  0  0  0  0  0  0  0  0  0  0  0  0  0  0  0  0  0  0  0  0  0  0  0  0  0  0  0  0  0  0  0315  2313  3311  5309  5308  5302  4294  3292  3286  2275  1  0  0  0  0  0  0  0  0  0  0  0  0  0  0  0  0  0  0  0  0  0  0  0  0  0  0  0  0 18  1  0  0  0  0  0  0  0  0  0  0  0  0
2305  0  0  0  0  0  0  0  0  0  0  0  0  0  0  0  0  0  0  0  0  0  0  0  0  0  0  0  0 28  1 13  2  3  3  5  3  6  3  5  3  3  3354  3348  3355  3357  3349  3335  3321  3314  3313  4310  3315  3317  3317  3319  4317  4311  4310  4313  3309  3314  3315  2316  2345  2356  1343  2336  3333  4340  4339  4339  4340  6339  6335  5111 22330  5333  5328  4318  4318  4
2306322  3324  3320  4321  4322  3311  3306  2314  3319  3316  2329  1332  2318  4324  3327  2316  2317  3312  3339  2  0  0  0  0  0  0  0  0345  2339  2341  3336  5337  5338  6333  7330  7331  7337  6339  5342  5350  5355  5  6  5 16  5 17  5 20  5 23  5 28  4 23  4 18  4 27  3 36  3 39  4 35  4350  2  0  0  0  0  0  0  0  0  0  0  0  0  0  0  0  0  0  0  0  0
2307  0  0  0  0238  1247  2247  2249  1242  1232  1  0  0  0  0  0  0  0  0  0  0  0  0  0  0  0  0  0  0  0  0  0  0  0  0  0  0  0  0  0  0  0  0  0  0  0  0208  1217  1227  1233  1236  1  0  0  0  0  0  0  0  0  0  0  0  0  0  0  0  0  0  0  0  0  0  0  0  0293  1300  2304  4307  4306  5298  4300  3300  4291  4295  3310  3317  3323  3324  4315  4312  3314  4
2308311  4301  4300  4305  4311  3316  3318  3319  3323  3324  3316  4317  4317  4314  5318  4320  4319  4315  4309  4304  5302  4300  4301  4298  4293  4294  5302  4311  4317  4323  4328  4335  4329  5325  7324  7318  7320  6321  5318  5305  3  0  0310  2311  4320  5316  6315  6314  5313  4299  2296  2318  3323  3314  4321  4321  5319  6320  5317  5315  5320  3
2309325  5318  7299  6302  6327  7323  7316  8325  7324  6324  6333  6327  8319  9318  9316  8307  6298  6300  8298  8306  9319  9318  8315  8320  9330  9333  7338  6331  6321  7334  7340  6341  5336  5330  5337  3346  2308  1266  1263  1289  1  0  0359  1 36  4 10  7344  7336  7343  6353  6  9  5 12  4332  5304  8331  9339  7320  4339  3  8  5358  6339  7323  7
2310288  4270  4263  6272  9313 11330 10347 10 11  9 28  6 47  3 36  1 22  3 31  5 20  5  1  7  5 11  5 14351 15346 13355  9337  6313  6320  8325 11327 14334 12353 10353  7350  7337  6292  7284  9328 10329 10322  8344 10333 11327  7331  8341  9  8  8 31  6354  6294  8272  8272  7287  7287  8286 10315 10341  9332  7324  7335  9341  9333  8326  9334 12346 13343 11
2311332  9331  6332  6340  5329  2306  3315  5330  5324  5323  5339  4339  3338  2 11  5 44  9 47  8355  5315  6304  7300  9313  9305  6320  4322  3300  4299  6296  9287  9272  6264  6260  6280  6329  6358  6356  8341 10348  9305  7254  6298  3316  3280  7284 10277 10285 12297 14305 14320 13309 11316  8 13  7 16  8348 10337 11338  9328  7313 10306 14276 14262 13
2312258 13280 13315 14311 12274 10263 10285  8282  6304  5350  4349  5353  6348  5 22  3 61  1 62  1 44  2 41  3 93  5142  7145  5 92  4 89  3172  3219  4212  4187  2167  3167  3155  4151  6181 10189 10197  7230  8241  9229 10219 10215 11217 10227  7261  8272  8228  9209  9205  9196 12200 13202  9188  4191  5220 11208 13182  9190  8195 12187 12184 11184 10190  8
2313191  7178 12170 15172 15173 15160 13147  9134  7123 10125 12118 14119 14127 10148  9182 11205 12213 12208 11211  8221  6204  8177 12148 14141 12137  9100  6103  5139  5187  7212  9195 13177 15170 14173 13159 12149  9157  5181  4156  5 96  5 97  6133 10157 13172 12203  8238  8253  7229  8205  9214  8208  7182  5292  3216  5153  8150  8153  7125  9 94 14 89 12
2314108  5104  2100  8106 17105 18114 12120 14 90 15 79 11112 12134 12128 10129 10152 14185 14230 10274  8297  5352  3 79  7130 14128 17137 16160 14173 11152 13127 22122 23127 20124 19114 16114 14120 15131 19129 22126 20124 22104 24 94 24103 22117 16118 15117 14116 13100 17 83 21 88 24104 25102 21 93 19103 17122 18133 20121 22106 25111 19113 11119  5138  3136  6
2315120 10128 11144 13165 12183  9176 12142 15115 20115 17118 15114 20111 19110 21108 20 94 14 98 15117 20119 24113 27114 26117 25117 25121 21118 18102 16 78 14 51 11 33  9 48  6101  6135  8135  9144 10169 12201 10199  8176 11176 10195  9191  8158  7135  6111 10114 14126 19117 25116 25114 24 97 19 92 12124  9155  9136 13 95 14 91 12102 10113  9108 10 87 11 66 15
2316 54 17 51 17 54 17 48 12  3  6332  2  0  0 40  2152  4105  6 91 13 94 17 96 16 96 12104 10117 10105  6 61  9 46 13 65 15 91 16105 14107 11 90 14 83 17100 14120 13153 11152 14125 18117 15 74  9 56  7 61 11 62 12 75 12 76 15 83 14 98  9 95  6 66  7 35  7 20  7345  7333  6 14  8 34  9 27 12 25 13 34 12 60 16 67 17 60 15 70 18 72 22 78 21 85 21 80 17 86 14 89 17
2317 85 16 89 12 91  8 95  6 98  8 92 13 87 22 91 22 93 16 90 14 98 12102 12 89 15 78 18 77 18 85 16 86 17 92 15 95 14100 14 92 15 76 19 83 21 85 20 84 20 87 17 92 12 92 14 93 15 68 13 26 12 32 11 59  9 73 10 71 15 60 15 55 11 48 10 34 12 24 13 10 12355 11 16  7 65 10 95 16 95 17 94 13104 13100 17 78 20 75 21 84 19 85 21 85 21 87 17 95 15 97 16 95 18 96 16 92 17
2318 88 17 86 13 77 11 73 12 80 11 90 11 93 14 86 13 81 10 63  8 38  5 55  2 88  6102 10105 12 98 14 85 12 80 12 84 14 87 12 79 10 71 11 81 10 98 11 99 15 94 15 98 14 94 15 89 16 89 13 90 10 84  9 77  9 74  5104  2124  4101  6 96  7 98  8100  9102 11102 12112 11120 11117 13111 14107 13107 13100 14103 14115 14119 15119 16118 15122 14125 13128 11126  9127  6122  4
2319130  4166  5145  4117  7128  9127  8113  5111  3145  4182  5164  5126  6112  7110  7108  5104  2  0  0118  3105  8108 12114 12128 10128  8121  7121  6123  6125  6114  6110  7115  7109  6106  7110  7110  6108  5104  5105  6107  6106  6105  6102  6102  7112  7114  9113  9112  8107  7111  7115  8110  9106  8107  7104  6104  7107  8114  9116  9111  9109  9106  9
2320103  9102  8103  6 99  6 96  7 99  6 98  6 91  6 89  7 93  7 95  7 96  7 94  7 93  7 94  7 97  7 98  7 96  6 96  6 96  6 96  6 94  6 95  7 94  9 94 10 96 10100 10100 10 98  9 99  8 99  7 97  7 94  7 95  7 98  6 99  7101  7100  7103  6109  6111  6116  6121  6125  7123  7120  8121  9127  9132  8131  6126  4126  5127  5132  3120  4112  5129  5129  6120  6116  6
2321107  6101  7111  8113  8108  8117  7115  6109  6110  8117  8125  6115  7107  7111  8108 10111 12131 14144 15135 14123 15128 15132 12114 16115 19129 13152  9153  6122  6127  6134  9125 12116 10108 10114 11118 10114  9113 12117 14120 12113 13120 11121  9136 12131 10125  7122  8102 10112 11115 13116 15119 13115 10114 10115 10108 11121 10127 10120 12123  8115  5
2322125  4152  7169 10153  9143  9175  8138  3101  4130  6139  8151  9172  8179  8179  8178  6177  6179  7186  7190  6184  4179  2  0  0  0  0  0  0  0  0  0  0184  2183  3173  3165  1  0  0  0  0  0  0151  3168  4178  4183  8177 10176  9179  9181 10179 10175  7178  6184  7187  6186  7183  7181  6179  6180  7175  7168  8165  9165  8160  6155  8165 13166 12169 11
2323175 13174 12182 11184 10180 11177 15184 17190 18190 19190 16187 13187 13190 15185 16181 17182 17177 18175 17174 17175 17174 16170 14161  9156  6167  7166  9169  9178 10174 11174 13179 13184 11187 11188  9183  8181  9184  9182  8188  8192  9186  9188  9188  9189  9190  9192  7193  6192  6194  6195  7198  6195  5183  6186  5190  3175  2187  3202  3185  3181  4
2400191  5199  4198  3190  4191  4189  5195  5201  4201  2  0  0  0  0  0  0  0  0  0  0  0  0210  1194  1  0  0204  2231  2  0  0194  2181  3171  2172  3176  4167  4172  5186  5187  4182  3183  4180  5183  4188  5188  6187  5183  5184  5178  7172  8170  9172  9177  9179  9186  8190  7192  7194  8195  9196 10195  9192  9188  8188  7187  7185  6182  5183  4181  5
2401181  5223  4229  3195  3183  5160  5160  2171  3161  4145  2152  2169  5161  6148  5152  5165  6168  6172  6176  9179 10183 11186 11188 11187  9187  6183  5170  4153  4155  4160  6167  6177  7175 11178 13177 14178 15180 13174 10175  8175  7172  7166  6175  4177  2166  2179  2189  3191  4191  5186  5182  4174  3164  3158  3161  3165  3148  3144  3145  3136  2
2402129  3125  2132  3126  4117  5133  5149  4143  4144  6152  6138  5143  6171  5171  2170  3176  6176  5178  5178  4171  5166  6159  5160  4154  4147  3204  2  0  0  0  0  0  0  0  0222  1220  2216  2241  3248  4235  4232  3221  2211  2203  3186  5192  6203  7195  9197  9200  8198  8196  9206  9206  9196 11203 11205 14197 16198 14196 13189 17190 18193 15191 15
2403189 16190 15189 12180 10182 11191 10187  9187  9193 10194  9196  8199  7203  7204  6199  7193  8192  7194  6195  5195  3193  3192  4190  4191  4195  5198  5196  4198  4199  5187  4182  3194  3198  3193  2195  2189  2186  3188  5184  5186  5184  4183  3185  3188  3185  3175  3167  4169  5177  5165  4145  5124  4125  2  0  0  0  0  0  0  0  0136  2132  3123  3
2404147  2155  3145  3122  3100  4100  6103  6103  8104  9101 10 95 11 92 12 90 12 88 12 87 11 85 11 84 10 85 10 81  8 79  6 86  5 85  5 84  5 90  5 91  4 93  4 90  5 91  6 91  7 81  7 83  7 91  8 91  9 91  9 84  8 80  7 84  8 81  8 80  9 73  8 70  7 73  9 72  9 80  9 75  6 73  5 78  5 63  4 47  3 46  3 42  4 47  4 48  3 65  2  0  0  0  0  0  0  0  0  0  0174  1
2405161  1137  2113  3114  3101  2110  1  0  0  0  0  0  0  0  0  0  0  0  0  0  0  0  0  0  0  0  0  0  0  0  0  0  0  0  0  0  0  0  0  0  0  0  0  0  0  0  0  0  0  0  0  0  0  0  0  0  0  0  0332  2345  2349  2341  2329  2314  2303  2304  3316  3315  2  0  0  0  0  0  0  0  0  0  0  0  0  0  0  0  0  0  0  0  0304  2304  4295  4285  4281  4279  5283  5293  3
2406314  3328  3327  3326  3327  2323  2317  4319  5321  5330  5337  5335  7332  7332  6329  6327  7325  6322  5320  4322  2318  2319  2  0  0  0  0  0  0  0  0355  2354  3350  4354  3  6  3 12  3 17  4 26  3 31  3 21  3  6  3360  4 11  3 31  3 42  3 56  2  0  0  0  0  0  0  0  0  0  0  0  0  0  0 57  1 54  2 60  3 57  4 52  4 59  4 89  3123  2121  2112  2120  1
2407116  2101  3 95  4100  5105  4102  3  0  0  0  0  0  0  0  0  0  0  0  0  0  0 68  2 57  2 50  2  0  0  0  0  0  0  0  0 94  1 84  2 70  1  0  0  0  0  0  0  0  0  0  0  0  0  0  0  0  0  0  0  0  0  0  0  0  0  0  0  0  0  0  0  0  0  0  0  0  0  0  0  0  0  0  0  0  0  0  0  0  0  0  0297  3311  4316  6313  6314  7315  6320  6326  5322  5315  5327  5343  5
2408347  5345  4342  5340  5333  5327  5329  4333  4326  3305  1  0  0303  1315  1327  2326  2314  1  0  0303  1312  2314  3319  2337  1349  2359  4358  5357  4354  3353  3360  3 21  2 40  1 77  1122  1131  1  0  0  0  0  0  0  0  0113  1110  3110  3111  4116  4122  3137  2  0  0  0  0  0  0  0  0  0  0  0  0  0  0  0  0124  2121  2121  3127  3125  4124  6134  6
2409138  5130  6128  6129  6132  3157  2149  1121  3117  6115  7117  7117  7115  7114  8115  8110  7110  7112  6109  6103  4100  2113  2  0  0 57  2 51  2 51  3 59  4 60  4 51  4 38  4 26  5 28  5 34  4 28  2 18  2 20  3 37  2 24  2352  2352  2  2  2  6  2  1  3360  4  7  4 22  3 49  2 56  3 72  3 88  2 59  4 23  5354  4 20  4 92  4141  4153  4143  5141  6142  4
2410116  4123  4177  5204  4203  4207 10211 15205 16201 15206 14214 11220 11218 13217 13214 11203 12191 14186 16195 16201 12206  7207  4204  3191  5195  9210  8208  6226  6233  6216  5185  6166  6162  6159  5179  6196  6195  7191  8194  7200  5202  3193  4182  7174  9171 11176 11179  9184  8177  6160  7155  9161 11171 10176 10178 11189  8197  5144  3131  6177 13
2411181 16175 14177 10188  7189 12188 17189 15198 14201 15195 18196 17206 14210 14202 14189 10200  4196  5187  9193 13197 14210 14219 14238 11240  9229  9227 10228  9217 11210 15222 15209 19186 16174 12183 13203 12222 10246  8231  9199 13180 12172  7201 10221 14206 13204 13180 12151 10169 14186 13189 12198 11209 10219 12227 11237  7142  7 63  8 88  9 87 13 81 14
2412 74 12 78 13 84 13 71 11 71  7108  3 96  4 32  6343  5313  3355  4  2  6306  6263  4200  5122 12113 15110 11104  7145  8185 11187 13198 11200 12185 10143  6145  3214  2215  3174  4171  5146  7123 11115 10124  6120  2  0  0177  2178  5201  5230  2203  1141  8117 14114 13101  9103  7110  7105  8 90 12 79 16 77 14 66 10 61 10 76 12 70  9 84  4144  5164  7145 12
2413128 16120 13121 13114 13109 13107 11147  8181 11191 15197 18188 17177 12185 14196 15189 15187 14185  8220  8234 12204 12186 12173 16140 15104 13122 10131 10 98 12 89 12100 16109 23119 23119 20113 21115 22117 18114 19118 23125 25123 23122 22122 21119 20132 15162  9183  9184 13195 12219  8219 14229 17250 14263 13272  8237  5207  9192 18184 18206 13211 14204 14
2414211  7283  3297  5153  7132 12101 16 87 19 90 21 86 17 88 17 93 19 92 16116 17138 18121 25111 31123 26156 20179 15187 11186  9182  7125  5 79  8116 11121 16110 21111 21 98 19 86 17105 12 57  7319  7224  7 46  7 35  9110 13125 16119 15116 15119 14118 17100 17 85 18 78 26 78 25 91 21 94 19 96 21100 20102 15101 18 92 20106 25118 33122 29124 21130 16116 23 95 32
2415 96 26 92 22108 25124 21132 12166  7176  9139 15120 13116  9 88  8 79  9103  7122  5126 10105 15102 18127 13131 10100 10 80  8100 15113 27118 30125 25112 23 92 23 97 18108 20106 20140 18190 17201 18196 20202 17201 15179 17127 23 92 25108 21102 13120 12145 11128 10112 12134 10171 13176 16178 19184 23182 18167 12174 13186 16175 14157 10126 18107 30110 28129 19
2416145 15153 13140 15118 19113 18117 13154 16171 19167 18185 19186 19180 18161 20130 24123 20136 14164 13149 15122 16118 17110 19114 22114 25107 22106 17112 16117 15130 11151  8141 12117 13140 10125 18111 22153 14153 10119 19116 27117 27116 26116 26110 28109 28113 24114 21119 20117 21115 18114 18100 19 93 15104 11104 11 85 12 70 10 74  7100  5134  5133  7107 11
2417 90 13 92 10109  8142 10175 17181 23172 17176 10195 12196 14170 10136 11121 18124 22129 18120  9115  7117 10115 18117 28119 32124 31121 31120 27122 24121 25112 22116 18132 16122 19107 20130 14135 13141 18173 23178 27173 30166 25137 18129 16137 16140 14154 13135 14141 14152 16136 15132 12131 10110 17114 23122 19125 16142 15167 20178 28174 31170 28177 27170 27
2418126 19 99 13124 13146 16128 21116 19116 21112 29106 25104 20120 18129 17126 20121 23119 25112 24112 22111 21115 18123 19120 21120 25119 28119 30120 28120 27120 31124 32122 28122 24124 20115 17111 16114 19115 25118 22111 16115 17124 20121 23125 20122 18116 20119 17115 15110 15110 13113 14115 14117 11112 10109 12117 17123 19124 15126 14123 13118 16117 17116 15
2419110 15115 15120 15118 17122 16124 16127 13124 10115 14110 18118 19111  7119 22119 21116 20114 17112 13116 12133 10125 11113 12112 15112 18116 18118 17131 15128 14112 16115 15122 12124 12109 13106 14120 21124 21122 12117 11121 15121 17117 17120 13128 12120 10116  9122 12111 13102 13122 12123 13104 15107 14114 15118 14118 10113 11110 11107 10112 14120 18118 15
2420113 11116 13110 13110 14120 14120 13120 12118 11107 10105 13117 12111  7101  6107  5112  3142  3153  8130  8147  6169  6176 10178 15164 12156  8132  4156  3217  4189  3150  3157  3190  3205  3181  4166  3165  3169  5179  7160  5165  2175  2146  2144  3142  2  0  0138  1161  3157  4148  5141  6123  7134  6128  5113  6122  6135  4132  4130  5158  8174  9180  8
2421182  8172  8171 11182 12188  9185  8188 10187 15186 17186 12186 11191 10195 11194 14185 12177  7168  5180  5193  6181  8178  7166  5156  4156  4167  5183  6186  6181  5176  4157  3149  2167  3180  2181  2187  4193  7193 11192 11194 10193  8188  8184 10181 10184  9188 11188 11185  9189  7193  6187  5184  3  0  0197  1218  2215  3183  2  0  0  0  0  0  0  0  0
2422  0  0151  2166  4175  4160  4157  4166  3145  3139  2176  2199  1  0  0200  1202  2  0  0  0  0213  1218  1  0  0  0  0  0  0  0  0  0  0  0  0 31  2 27  3 37  2 42  1 37  1 36  2 33  2 17  1359  1348  2335  3330  3327  4323  4331  3337  4338  5337  6337  6344  6352  6360  6  5  6  5  6  2  5360  4356  4344  3330  3326  3334  4332  5331  5326  4324  4317  3
2423308  2307  3306  3309  3315  3325  3329  2326  2331  2337  2337  3332  4330  4324  3319  3319  3315  4307  4306  4312  4320  4323  4319  3316  2310  1  0  0111 14309  1  0  0  0  0  0  0  0  0285  1295  3297  5304  7310  6311  6318  5326  4330  4332  3325  3327  3346  2344  2331  1327  1325  2325  2327  3330  4333  4335  5331  5332  5331  6331  6327  6322  5
2500320  5318  5313  5312  5315  5318  5322  5323  5323  4328  3334  4333  5327  5325  5323  6322  5323  6318  6314  6314  6314  5313  4318  4328  3334  3332  3321  3309  2303  2307  1  0  0  0  0  0  0  0  0  0  0  0  0  0  0  0  0  5  1  9  2  4  3355  4347  3330  3313  3306  3309  4317  5318  6319  6322  6322  6325  6327  5330  6330  6323  6324  6324  4315  3
2501317  2309  2295  2296  3299  3301  3301  4301  5296  5293  5295  5293  5288  6280  6277  8284 10286  8283  6284  6281  6278  6279  6279  6282  6291  7285  6284  6289  6291  5288  6281  6279  5281  4275  3273  4287  4291  5293  4293  4289  2293  2303  1303  1290  1284  1  0  0274  1263  1246  2250  2255  1263  2254  2  0  0  0  0  0  0  0  0  0  0309  2313  3
2502313  4308  5308  5308  5316  4323  4332  3339  3337  2339  2332  3339  3356  3353  3344  2352  2340  1320  1  0  0  0  0  0  0305  1296  2282  2274  2271  2257  2258  2275  3281  4283  4278  4279  4291  4279  3265  3263  1264  1269  2263  2257  2  0  0  0  0  0  0  0  0  0  0  0  0  0  0  0  0  0  0  0  0  0  0  0  0291  2304  2286  1300  1317  3315  5304  7
2503287  6291  5294  5285  4286  3276  3266  3268  4266  5256  5253  5256  5265  7262  8251  8263  8258  7253  5274  4286  4289  5286  5277  3266  2257  1  0  0  0  0256  1  0  0  0  0  0  0  0  0  0  0  0  0  0  0  0  0  0  0  0  0  0  0  0  0  0  0111  9  0  0  0  0  0  0  0  0  0  0213  1198  3194  3191  3188  3187  3186  4193  4195  4188  4196  5205  7206  7
2504208  9207 11205 10204  9206  9200  8198  7201  7191  6183  5177  5171  4178  4184  5179  4172  3172  3181  4189  4189  5189  4187  4189  2198  2201  2198  2191  3186  3186  3184  1  0  0  0  0173  2172  3175  4172  4168  4161  3156  3156  2166  1  0  0  0  0  0  0201  1  0  0  0  0  0  0287  1297  2282  2273  3274  3265  3235  3206  4212  6218  7216  7220  7
2505224  7224  8216  8215  6225  5227  5221  5219  5215  4222  3220  2216  3217  4198  4191  4205  5221  6215  6205  4198  3205  3228  2237  2250  2253  3258  3265  2254  2245  2  0  0  0  0  0  0240  3238  6246  7258  6265  5274  7278  9278 11278 11277 11275 12265 12260  9260  8264  7263  7254  7257  7256  7250  8248  8243  7239  7241  6233  6236  4240  2234  3
2506234  4232  4226  4220  5226  6235  5239  4237  5243  6252  6247  6242  5250  5254  5267  3269  2266  2288  1294  2270  4260  5259  5252  6247  7246  7245  7241  6239  5237  3228  3231  2219  2190  3188  5198  5208  4218  4236  4249  6259  6260  5246  5255  5259  2246  3244  6242  7245  6262  4268  3257  3262  2  0  0  0  0232  2220  4225  4241  5254  6261  7
2507254  5250  4263  5270  7274  7280  8274  8268  8265  7262  7263  5259  5261  3260  7260  8268  6266  6256  6247  6241  8241  8251  6262  5267  5276  4279  3265  2266  3273  3265  3261  3271  3288  3283  3277  2297  2309  4332  4348  3330  3306  2  0  0  0  0  0  0  0  0  0  0353  2331  2317  2319  3325  2317  2310  2313  2321  2329  3111  3313  3314  4315  5
2508317  4326  3330  4313  3297  2  0  0  0  0  0  0  0  0  0  0  0  0  0  0  0  0  0  0  0  0 61  1 61  2 58  1  0  0  0  0  0  0357  1  1  2  2  2  1  2353  2344  2331  1310  1298  1307  2315  3325  4324  2332  3338  3341  3346  3345  2347  3344  3336  3332  3328  3316  2282  1282  1  0  0  0  0  0  0  0  0  0  0  0  0  4  1360  2359  5353  7344  7341  6337  7
2509334  7328  5330  5329  7327  5335  5326  5332  3349  3333  2323  2323  2328  3331  4333  5322  5309  3301  2298  1299  2324  4317  3313  1  0  0  0  0327  3325  6326  7330  7336  6331  5343  5348  6342  7334  7338  5336  5330  7333  7329  8329  8328  9339 10345  7336  8327  9336  9351  9351  8342  7332  7321  6318  5339  4 23  1 24  2336  6303 10323  8337  8
2510331  8330  8333  9327 11332 12328 12332 10337  8333  8321  7317  6325  9314  9303  7306 11306 12310  9315  6332  5345  6340  9341  8339  9342 11340 12330 13325 14331 12336 10337  9338  7330  7321 11331 13336 14338 15342 16347 15341 14348 15356 14350 11345 13340 15337 16346 16348 13341 13345 10341 10339 13336 16353 14360 10350 10348 13346 17339 19336 16346 13
2511347 15350 15354 15352 15353 13354 11349  9349  7  2  6358  5337  6320 10322  9339 10335 12328 14332 17337 19335 14337 10336 11334 12337 14345 16355 16355 15351 15 10 12 12  7349  9356  9357 10355 13355 10337  9328  9329  6311  4307  5336  8344  8344  9346 10335 10330  8350  5347  6325  8319  9312  9319  7349  6360  6341  6318  8325  7350  5336  5288  6327  6
2512 15  4  7  3346  5  2  8  6  9358  6357  4355  3344  3  6  5 38 10111 14 40 11 34 14 24 12 13 11  2 11353 12349 10334  8331  9335  9350  8 26  6 75  5 63  5 73  4101  2110  2130  3103  5 42  9 51 10 72  9 65 10 65 11 73  9 84  5 73  8 28 12  4 11  4  6346  2 29  4 67  6 47  7 29  6 29  7 37 11 38  7 32  6 29  9 23 10 15 10357  9344  9  1 12 27 13 16 13  2 14
2513355 13342 12333  8329  5344  4328  3295  3325  7  3 12  2 10  6  9 21 11 32 12 34 12 44 10 64  7 32  6 23  7 36  8 10  8359  8 11  5 17  6359  6358 11 16 14 37 11 41  9 39  8 42  8 66  7 85  4 65  6 33 10 16 12 15 14  4 13359 13  6 13  7 10357 10350 12  5 12 25 12 32 10 17  9341  7327  6331  8335 10337 10354  6 61  5 48  4 47  5133  8128  9122 11131 17126 20
2514121 16121 11114  9113  8124  8121 11117 13110 12 99 13106 16111 19111 19119 14123 11145 10179  9181  7148  6125 12130 12132 11126 14123 15104 16 86 16100 14118 11156  8183 10174  9165  6153  5156  6174  6196  3155  2 73  6 83 10 78 10 54  8 44  7 35  5  8  4355  4345  5340  5339  7346  8342  5342  4340  3343  4 19  6 68 12109 17118 14120 13123 13125 11119  9
2515120 10126 11108 11 96 10109  6120  7127 10129  9121  9110 10134  8170  6176  5147  8115 12107 11102 10124  7145  5150  5176  6205  8208  7203  6191  5152  7110  8 92  8 81  7 85  6101  9 72 10 29  6 39  4118  4160  4144  5134  8128 11126 12118 14120 14119 11122  9112  7 76  4119  5153  9134  8122  6108  8112 10128  9143  8137  5128  4120  5112  6106  5 95  5
2516 81  5 67  5 75  4 93  3130  2142  2113  6106 11109 13108 16109 16113 13121 12125 12118 11111 10121  8107  7 92  8 86  6 79  4103  2  0  0145  1 62  3 80  5 94  5105  6 98  7 88  7 91  7 79  6 82  4 70  2 46  2 50  2  0  0  0  0  0  0  0  0 17  1 42  1 25  3355  4 19  3 33  3 29  4 30  5 35  4 41  3 42  4 39  4 29  2  0  0  0  0  0  0112  1142  3169  4190  3
2517209  2225  2228  2  0  0  0  0  0  0  0  0  0  0  0  0353  2  1  3  7  3  7  3 12  3 14  3 24  3 61  3 84  4 99  3127  2146  1147  1150  2156  2  0  0  0  0  0  0123  2 97  2 92  1  0  0  0  0130  2128  1  0  0126  1161  2181  4181  5182  4177  4166  4161  4163  4141  3142  2169  2175  4183  5187  5196  5203  5202  4200  4208  4222  4228  4219  5214  5220  4
2518226  5227  5234  3231  3220  4214  5210  5215  5212  5206  5204  6201  5202  5197  5190  5193  4205  3215  2218  3216  2212  2195  2179  2173  3172  3170  3158  4151  3153  3157  2153  2149  1160  1  0  0  0  0197  2193  4193  5194  5192  5193  4196  4189  4184  2179  1  0  0  0  0  0  0169  1189  2193  3193  3190  3191  3194  5189  5186  5185  6184  6186  7
2519187  7182  7179  6181  5177  4178  4180  5176  7179  6178  6178  5183  4185  4187  5189  5192  5197  6195  6194  6197  6197  6200  6201  6201  8206  8213  8227  9234 10232 11232 14248 14262  9264  8270  9270 10262  8257  6257  6265  6264  7264  8272  9274  6262  5254  5264  5276  5276  4286  3305  3310  3322  4325  5314  4322  3348  3359  4  6  5 17  5 19  5
2520 12  6 17 10 25 13 20 13 13 11 13  9358 11357  9 34  6 46  6 30  6 46  7 57  5  5  3  5  5 41 11 30  9 26  7 28  8 23  7 15  7 16  7 26  8 26 10 19 11 11 11  6 14 23 14 32 12 22 12 21 13 21 14 20 12 23 14 27 15 14 11 11 11 23 15 26 14 20 13 33 11 48  7 57  4 82  3 77  6 72  9 70  7 68  6 42  5 51  3 58  6 38  7 52  4 36  3340  1  0  0  0  0  0  0  0  0  0  0
2521217  1209  2208  2205  2204  2205  2207  2210  2212  2209  2215  2225  3226  3226  3230  3239  4247  4254  4259  4260  5258  6258  6262  5270  5272  5275  5276  6270  7266  6266  5268  4268  4276  4280  5275  5278  5276  6272  6271  6270  5272  5276  5278  5279  5277  5279  4285  3287  3283  4277  6275  7278  7278  8277  7277  7275  8274  8269  8264  7262  6
2522265  5266  5256  5254  5257  4255  4251  5249  5246  4245  3249  3249  4250  3244  3235  4227  5225  6226  6227  6229  5217  4201  2199  2218  1  0  0  0  0  0  0  0  0  0  0  0  0  0  0  0  0343  1319  3311  3334  3346  4350  5349  6352  5349  4341  4335  3340  2346  1  0  0  0  0  0  0  0  0  0  0 25  1 26  2 26  1 23  2 18  4 11  6  4  6358  7354  8353  7
2523355  7  2  6  8  5 18  5 32  4 48  3  0  0  0  0  0  0  0  0  0  0  0  0  0  0  0  0  0  0  0  0  0  0  0  0  2  2  5  2357  2336  2321  2  0  0  0  0  0  0287  1298  2309  2315  2315  3319  4330  4336  5336  6330  6324  6320  6319  7317  6312  6306  5299  4295  3288  4275  3274  3281  4278  4275  4276  5271  5271  5278  4275  3267  2274  1288  2274  3275  2
2600291  1302  1302  1296  2291  3281  3278  3278  4279  5278  5279  5285  5291  4291  3291  4293  4296  5300  6298  6292  6293  6293  6293  6300  7297  6290  8290  8292  7291  7295  8295  8295  8298  6301  6299  7290  5282  4274  6269  8268  7274  7282  8275  9273  8284  9283 11285 10285  8277 10274  9267  6265  6265  8255 10250 13254 15256 16252 17246 15258 14
2601258 15250 15252 14254 14259 15266 11270 10260 11258  8259  6269  9278 13260 12249 13261 13261 11254 15262 15251 13247 15251 17254 16247 11235 11246 15240 13227  9225 11223 13228 12233 11223  9211  9215 11216 11226 12234 13236 15244 13235 10222 15232 18241 16231 13207  8216  9228  8229  7229  6218  7226  8248  9249  7258  4256  3250  7235 16231 16228 14231 15
2602237 16239 15249 14258 11255  7272  7279 10278 11282  9270  8268 10276 10275 10278  8261  7250  7259  7252  7254  6267  3261  1267  2277  5271  5271  4265  4255  4245  4238  6235  6240  4240  4226  5211  5206  5208  6212  7217  7214  8215  8221  7219  7224  6235  5248  6260  7263  7259  7240  7256  5284  4283  5272  5271  4282  4294  7285  9266  8251  6254  6
2603263  6267  6272  5277  4275  4271  5268  6277  6287  8289 10290  9297  7287  5280  5289  5284  5281  5274  7277  9272  8266  8260  6252  5245  5255  4257  4248  4255  6262  7264  5247  2237  2243  3239  4231  6228  8231  8223  8209  8206  8213  8222  7214  5227  7241  7248  6248  5239  6234  5251  3258  3244  6240 10253  9254  7254  8264 10263  7244  9241 12
2604253 12255 13257 14258 11254  8264  8273 10260 10260 10256  8249  7241  7243  6264  4262  6256  9260  9263  8254  8222  4211  3220  6241  8249  9243 10243 10238  9228  9208  8198  9203 10230  7237  7207  9207 12219 12230 12239 13251 12252  8238  6236  5230  4236  6252  8247  7226  6208  5201  4225  4248  3226  3223  6222 10211  9201  6210  6238  8239 13228 14
2605232 14228 15226 11241 11237 13221 12222 13228 12238  9220  8204 10207 10195  9194  9207 10207 12203 11214  9223  6220  5225  5219  5208  7215  7212  6205  8212 10213  9202  6210  4188  2  0  0184  1226  2267  2283  1295  2300  2312  2325  3327  3341  2338  3317  3289  3269  2257  2239  2236  3244  3244  2242  3246  4250  5243  5236  6235  6228  4209  5192  7
2606189 10190 11199 12202 11204 11205 10204  7199  6188  8188  9187 10180 10182  8192  6195  5196  6189  7175  6176  5180  3173  3162  3161  1186  2189  3192  3197  3190  5188  6186  7187  7187  7182  7178  6175  5181  3192  2232  2258  1274  1294  2264  2242  3242  3234  3220  3247  2  0  0289  2310  3328  3332  3336  3329  3329  4331  4332  4323  3310  2  0  0
2607  0  0  0  0221  1208  3197  4190  7196  8200  8225  6247  5256  5269  5284  5291  6301  7292  7272  8256  7244  5242  5244  5244  4245  5257  6267  7272  9284  7286  6280  6281  5284  4283  4279  5270  6252  5235  2244  3257  4245  4234  3226  3225  3221  3214  2218  4238  6233  6217  5204  5192  6196  8203  9206  8202  6202  5211  3221  3269  2  0  0  0  0
2608  0  0  0  0  0  0  0  0  0  0  0  0  0  0  0  0  0  0123  2135  2137  1  0  0  0  0  0  0  0  0  0  0  0  0228  2227  3230  3221  3217  3230  2228  1215  2214  2  0  0  0  0  0  0  0  0  0  0  0  0  0  0355  1341  2317  4304  5296  5292  5293  5300  5309  4311  3306  3309  3316  3319  4316  4302  3291  2288  3284  4282  5278  4264  4251  4247  4259  4257  4
2609255  4251  3233  2228  4235  6249  5282  4287  5270  6280  5288  5275  5267  4276  5276  5270  4289  2  0  0  0  0332  2323  2306  1  0  0  0  0  0  0  0  0  0  0  0  0  0  0  0  0249  2257  2265  1  0  0  0  0  0  0  0  0  0  0  0  0  0  0  0  0131  1159  1171  1172  2168  3165  3168  2  0  0  0  0  0  0  0  0  0  0  0  0  0  0  0  0  0  0 29  2 19  2 13  3
2610  8  2 10  2  0  0  0  0308  1307  2310  2318  3306  4277  4259  3254  2247  1238  1241  2237  3219  2206  1  0  0  0  0  0  0  0  0  0  0  0  0  0  0  0  0  0  0174  2170  3170  4168  4166  3167  3172  3164  3168  3221  2  0  0  0  0164  2166  2  0  0  0  0  0  0  0  0  0  0  0  0  0  0  0  0  0  0180  2176  4172  4175  4180  4180  4178  3180  3185  3189  4
2611188  3192  3193  2185  4186  5187  5185  5183  5176  4178  4180  4178  4185  5190  7189  7185  6188  5190  4185  5177  4172  4172  6176  6180  5188  4204  4211  3205  2205  2234  1  0  0  0  0203  1209  1198  1181  3175  4187  4194  4193  2209  3228  5243  5254  4260  4257  2  0  0  0  0  0  0183  2165  5168  5174  4183  4186  6186  6178  5164  4158  3161  3
2612142  4118  5111  6109  5112  5108  4105  3 93  3 92  2101  1  0  0  0  0137  1141  3139  3138  3155  3165  2161  2165  3167  4174  3193  4208  4211  3208  4201  4192  4182  5179  6174  5168  3165  1169  3175  6181  7182  8167  6164  3157  1167  3189  5182  4174  4178  3191  3202  3176  4173  4202  4211  4219  4217  5220  5232  4230  3232  2225  2207  4197  5
2613190  5184  3183  1183  1200  2199  2173  2165  2169  2177  1  0  0174  1173  3163  2169  2181  3179  3171  3165  3158  3139  2143  2171  3181  4179  5180  4183  4190  4192  5187  4192  4207  3199  3182  2  0  0173  1177  3189  3207  2215  2212  3209  2211  2  0  0  0  0  0  0  0  0  0  0182  4179  4181  4184  4189  4195  5206  6219  5226  4234  5249  5229  7
2614201  9204  8200  7187  7183  5178  5171  5166  3167  4171  3170  1149  1200  3225  3211  1  0  0  0  0214  1211  3193  4189  3189  4187  4197  3  0  0  0  0  0  0  0  0  0  0193  2173  5178  6191  6198  5203  4218  3234  2226  3205  4196  3191  2184  2181  5201  6214  4213  4212  5201  5196  6204  6211  6209  6208  7210  9202  9199  7205  7192  6172  3134  2
2615109  4103  5 91  4 96  4102  5103  5107  4132  2173  1187  2181  4167  6163  5173  3183  3188  3185  5187  7185  7186  6196  5205  5207  5207  6202  6205  6213  6211  7207  9199 10198 10198  8187  8193  7183  8167  8173  9174 10179  9184  7183  7178  9173 10168 10161 10172  8191 10189 12189 11194  9199  9200  8195  8187  9189  8188  9183  9174  7144  6143  4
2616168  4171  6155  5146  2141  3152  6173  8180  9188  9194  9195  9190 10186 10192 10200 11193 10176  9177  8186  8187  8182  7176  6180  9175  9162  8140  6131  4126  2110  4110  5 99  5110  5125  4111  4138  5133  5128  5158  5161  5172  5149  4116  3135  2  0  0159  1184  1180  2172  4177  7177  9175 10172  9172  8170  9157  6142  4140  5131  6118  4131  5
2617156  6165  6166  6173  4159  3138  4124  5108  7121  8118  9108 11124 11130  8119  8123  7129  5121  4128  4130  5126  6122  7109 10109 10110  8110  8139  8133  6117  6123  5113  8121 12116 13110 11112 11114 13110 11 98 11105 12110 15105 16106 15108 14113 13115 14114 15112 15108 16110 16118 13123 11116 10115  9117  8120  7119  9115 12109 10104 10110 11108 10
2618111 11120 12120 11120  9129  7135  6127  7119  8118  8118  7115  7115  8134  8137  9127  8126  7139  6132  6111  7117  8124  8126  8121  9117 10125  9115  7108  5116  7125  8124  7118  6118  6117  7119  7113  8108  8108  5113  8116 10103  9103  7113  6116  5122  7122  7114  7119  8123  9130  8129  8123 10122 10126  8130  9123  9134  9130  9120 11123 10132  8
2619130 10123 12126 10122 10119 12120 13118 12117 12118 13119 13120 11121  9120  9126 10127 10118 10118 11124 10120  9117  9105  7103  7120  8114  6102  5 99  6 93  6 84  6 82  6 89  7 92  8 90  7 79  5 83  4 97  4 95  4 84  3 92  4 94  6 89  8 98  8 97  8 93  8 92  8 98  6 99  5 88  5 76  4 85  3 87  2 89  2 84  2 83  2 78  3 72  5 84  6 83  7 76  7 67  8 71  8
2620 75  6 80  5 91  6 96  6 89  6 85  6 89  7 86  9 84  8 85  9 87  9 88  7 85  5 85  6 87  7 91  7 93  7 93  6 92  5 96  5101  6102  7101  7101  7105  6102  6 97  6 99  6 98  5 96  6 95  6 95  6102  6105  5101  4 97  4 82  4 76  2  0  0  0  0  0  0  0  0  0  0  0  0  0  0  0  0  0  0  0  0  0  0  0  0  0  0  0  0  0  0  0  0  0  0  0  0  0  0  0  0  0  0  0  0
2621  0  0  0  0  0  0  0  0336  2335  3340  3343  4332  4317  3309  3303  2296  2296  1305  1311  2315  2324  2330  3329  5325  5318  5314  5317  6319  7317  8315  7318  5321  4324  4325  5324  8323  8321  5319  4322  4323  5313  4306  3307  3308  3311  5323  5320  3318  4324  4310  3318  4343  7346  8341  8332  8311  6304  4301  3284  3286  4293  3286  2294  2
2622315  2325  4317  5313  3326  3336  2336  2336  3336  5331  5324  5318  5315  5319  5319  5322  5322  4315  6308  6299  6297  4303  3309  5307  5308  4306  4322  4346  2 14  2358  3331  4339  3340  3330  3334  2  0  0  0  0307  1303  2292  2281  2267  1258  2256  2263  2271  2278  3278  3285  4295  5302  5313  4320  4317  4308  4303  4299  4286  2273  2271  3
2623269  4267  3264  4268  5271  6268  6266  5270  5276  5284  5294  5297  5300  5304  5308  4319  3324  3327  3313  2295  2290  3290  3291  4286  3288  2292  3295  3295  2300  3310  3307  2293  3285  4286  4285  4286  4286  4287  4292  3297  2  0  0336  2323  2  0  0  0  0  0  0  0  0  0  0  0  0341  1  0  0  0  0  0  0  0  0  0  0  0  0  0  0  0  0  0  0248  2
2700254  2258  1266  1271  2274  2  0  0  0  0  0  0  0  0  0  0  0  0  0  0  0  0  0  0  0  0  0  0  0  0  0  0  0  0  0  0  0  0  0  0  0  0356  1341  2333  3324  3314  3309  4308  5307  5302  4296  3292  2289  1  0  0  0  0  0  0  0  0  0  0  0  0  0  0  0  0  0  0  0  0  0  0  0  0  0  0  0  0  0  0  0  0  0  0  0  0  0  0  0  0  0  0  0  0  0  0  0  0  0  0
2701  0  0  0  0  0  0297  1336  3335  3332  4329  5328  6328  5326  5326  5325  5323  4320  4320  5321  5319  4315  4311  3302  3286  1  0  0  0  0  0  0  0  0  0  0  0  0111  9  0  0  0  0  0  0  0  0  0  0  0  0  0  0  0  0  0  0  0  0  0  0  0  0  0  0  0  0  0  0  0  0  0  0  0  0  0  0  0  0  0  0  0  0  0  0  0  0  0  0  0  0  0  0  0  0  0  0  0  0  0  0
2702  0  0  0  0  0  0  0  0  0  0  0  0  0  0  0  0  0  0309  2314  3311  3305  5299  6296  6297  6296  6290  5286  4282  4276  5274  6273  5270  5269  5270  5267  5262  4266  4262  4258  4260  4261  4267  3269  3267  5265  5260  5264  8266  8263  7265  7263  7262  6273  5285  4294  4301  3316  2331  2335  4333  5335  7342  8346  7350  7356  7359  8357 10355 10
2703356  8  2  7  4  7  5  7  2  6356  5355  5344  5332  5323  4313  4311  5311  5310  6306  6299  6296  5292  5292  5297  4308  3315  3344  2  0  0  0  0  0  0  0  0  0  0  0  0  0  0  0  0  0  0  0  0  0  0318  1318  3315  4308  5300  5288  4284  3293  4290  5268  5268  4266  4255  3264  2282  2289  3293  5305  5305  4304  3306  4321  3 24  2 88  3 98  3 96  2
2704106  2117  2104  1  0  0  0  0  0  0  0  0  0  0  0  0  0  0  0  0  0  0  0  0  0  0  0  0  0  0113  1118  1  0  0  0  0  0  0  0  0  0  0  0  0  0  0  0  0  0  0  0  0  0  0  0  0  0  0  0  0  0  0  0  0 97  2109  2132  1  0  0117  2123  3123  3 94  4 85  4 89  4113  3167  3196  4193  7190  9188  9187 10188 10184  9182  9184  9186  9182  8185  8189 10189 11
2705183 10182 11190 10198 10208  9211  9210  9218  6211  7199  8197  9197  8195  7187  5189  5186  5181  5186  5187  5192  4205  5218  7228  6227  5233  6243  9240 12234 13232 11233  9231 10233  9240  8246  7238  6234  7245  7254  7266  6263  5249  7247  9249  8111 10242  5251  5241  7224  6223  6218  8221  7225  5228  4229  5236  7232  5217  5215  5220  5216  6
2706218  9230  9235  7227  7222  7230  6245  6243  5237  4231  4217  4214  4212  5222  6219  7215  7220  6216  5220  5231  3247  2256  3267  5266  6245  7242  9253 10255 10254 12248 14244 13247 10242  9239 11241 12242 10232 10219 11208 11198 13202 14200 11193 10194 10197 10195  9191 10194 12198 12206 10220  9221  7227  3257  1267  2266  3302  2328  3301  4291  3
2707303  3300  5299  7312  6322  5328  4341  3320  3310  2326  1  0  0  0  0  0  0  0  0297  1306  2  0  0  0  0  0  0  0  0  0  0  0  0  0  0  0  0  0  0  0  0  0  0  0  0  0  0  0  0  0  0  0  0  0  0  0  0339  1349  2350  2348  3354  3352  4349  4346  5337  6337  5338  5339  6344  6337  6335  5334  5321  5322  5324  5324  7331  7331  6321  6323  4338  3330  4
2708325  3324  1322  1323  2  0  0  0  0  0  0  1  2  9  4 12  4 19  4 28  4 21  5  7  6359  6359  7352  6342  4351  5346  4333  4347  6349  8344  7353  5357  4357  5  3  5  6  6360  6353  5357  6353  6349  7351  7348  7352  7353  6352  5349  7341  8341  7332  7326  6328  6327  6328  8333  8336  7339  7343  7340  6346  5350  4354  3339  3334  4344  6321  6317  5
2709321  3328  3326  4323  2331  2329  3322  5320  5336  6331  6315  4324  4328  5324  5329  6319  6325  5329  4329  3343  4343  6355  4353  2331  2  0  0349  2338  4343  3  4  2  9  1 12  1354  2346  3343  2319  1  0  0  0  0  0  0  0  0  0  0  1  1  9  1  0  0350  1354  2360  3  4  3354  3342  3354  5355  5360  4  3  5350  7350  6351  6349  6349  6110 11351  6
2710344  6338  5339  5338  5342  5348  6350  7352  6350  6344  5334  5328  4346  4  3  3360  3338  3329  3345  4354  5341  5329  4339  2344  4341  6339  7333  6327  5323  4332  5334  5335  4343  5341  7344  6349  5349  5354  4360  4357  4  7  3 23  3 18  3  7  1 18  2 25  4 14  4 17  3 19  4 11  4359  3344  3331  2  0  0  0  0  0  0  0  0 18  2 35  3  0  0  0  0
2711 27  2 44  4 33  6 23  5  5  4  2  3 19  3 21  4 14  3 19  3 23  3 26  2 17  1  0  0  0  0  0  0346  1341  2341  2352  2356  1  0  0  0  0  0  0  0  0  0  0  0  0349  2349  3338  3330  2327  1329  1332  2326  3324  3327  4315  4312  5321  5322  3342  1346  1320  3312  4312  4312  4320  6327  5321  6316  6321  4326  4311  5313  4319  2330  3338  4333  4342  4
2712343  5344  5344  4350  3  1  3357  3355  3349  3343  3347  2  0  0  0  0  0  0 24  1 15  2 20  2 18  1 13  1  0  0  0  0  0  0  0  0  0  0  0  0  0  0  0  0  0  0 31  2 37  2 62  2 67  1 67  2 71  4 74  3 83  3 76  4 73  4 56  4 60  3 59  2 40  5 35  8 47  7 56  4 33  5 24  6 50  6 69  7 79  8 87 11 81 13 76 12 58 12 55 12 78 10 82 14 69 17 69 12 82 10 85 11
2713 84 12 86 13 77 12 77 11 90 10 97  8 88  6 85  6 86  6 76  8 68  9 73  8 77  9 68 10 65 12 68 12 69 11 72 12 68 11 56  9 57  9 70 12 71 14 72 14 79 11 79  9 76  8 78  7 73  7 69  5 69  7 82  7 89  7 73  8 75  9 85 13 84 13 79 11 72 10 79 12 80 16 74 18 81 16 82 14 81 14 81 13 76 14 77 14 81 13 80 14 77 11 77  9 79  9 84  9 77  8 64  6 51  4 56  4 63  4 74  7
2714 86  7 83  6 68  7 64  9 78 10 81 10 87 11 88 12 82 11 80 10 81  9 80  6 85  4111  9 68  6 72  7 72  8 63  8 62  8 70  8 68  9 61 10 67  9 82 10 81 11 72 11 71 12 76 10 62  7 35  4 25  8 24 10 29  7 57  6 67  5 47  7 31 11 29 13 32 11 32 10 25 10 21 10 22 12 14 12 20 11 27 10 24  9 12  7342  5348  2 10  4 21 10 34 12 37 10 25  7349  4342  3 15  4 26  5 15  7
2715 17  7 30  6 33  7 25  8 36  9 34  7 21  6 21  7 25  8 26  7 32  7 27  5 17  5 21  6 28  5 51  5 69  6 63  4 61  4 61  4 94  4 96  4 65  4 72  4 75  5 74  5 86  4 99  4 95  6 86  7 70  6 33  6 30  7 55  6 63  6 74 10 79 12 78 11 81 11 83  9 78  5 53  7 36 10 47  9 43  7 33  7 20  9 23 13 33 13 20 12 22 11 28 11 20  9 23  8 33  9 35 10 37 12 35 12 40 10 37 10
2716 35 10 48 10 47  9 39  6 45  4 46  3 60  3 84  3 63  6 22  8 14  9 25 10 32  8 14  9  7 12 23  9 32  9 36 13 26 11 21  9 40  8 54  7 53  9 70 11 61 10 41  7 53  6 49  8 51  9 58  9 44  9 53 10 55 14 39 15 31 13 31 13 22 13 19 11 29 11 22  9 42  8 63  7 57  7 59 10 48 11 36  9 37  8 41 11 42 14 47 12 47  9 45 11 46 11 54  9 50 12 34 14 34 10 38  7 38  6 30  7
2717 17  6  9  4 27  3 14  4357  4 10  7 12  8 16  7 29 11 39 10 41  9 38  9 32  6 18  3 24  5 43  6 32  6 22  7 45  6 59  6 51  8 53  9 54  8 29  6 17  6 31  9 39 10 31 11 44 10 58  7 38  6 24  8 27 11 32 12 34 12 36 12 34 10 32  9 38 10 37 11 32 10 27  8 26  6 33  5 26  3  5  1 17  1 39  4 54  4 85  5 83  5 71  6 59  8 62  9 69  9 69  6 53  5 34  6 64  6 85  5
2718 82  6 85  9 58  8 44  8 61  8 68  8 62  8 62  7 65  6 50  9 33 12 39  8 53  6 35  6 30  7 34  8 43  7 66  6 61  5 34  6 30  7 48  5 51  3 39  8 28 12 19  9 15  8 23  8 21  8 27 11 46 10 58  6 28  3  0  0 40  3 56  5 69  6 54  6 67  4 85  3 75  2 48  4 38  9 37 10 19  9 30  7 44  5 40  2 34  2 28  6 29  8 17  6 11  5 18  5 18  5 17  5 14  5 11  5360  5355  6
2719 10  5 22  5 20  9 23 10 32 12 31 11 30  9 28 10 22 10 21  8 21  9 28  9 32  7 23 10 17 13 20 10 18  8 23  8 28  8 23  9 16  9 15  9 20 11 16 11 12 10 12 13 26 16 31 15 28 13 31 12 35 12 35 10 35 13 65 11 61  7 51  7 48  6 38  9 43  9 23  9 15  8 11  6 13 11 24 12 30  8 31  8 30  8 34  8 29 10 26 10 22  8 17  7 15  9 19 12 23 11 21 10 19  9 20  9 30 10 33  9
2720 26  9 10  8  6  9 16 11 15 13 17 15 19 14 16 10 15  9 27 11 32 13 19 12 19 13 24 17 30 18 31 18 28 19 36 16 39 11 23  7 18  8 29  7 42  5 43  4 35  7 28  9 25  7 24  6  9  7 15  7 31  9 36 13 46 11 42  8 37  7 34  7 31 10 38 14 42 15 44 11 61 11 51 14 28 18 32 18 38 14 51 10 59 12 65 16 61 15 54 12 50  9 39  8 32 11 30 11 37  8 29  9 21 10 23  9 24 11 47 14
2721 58 17 51 14 49  9 43 11 41 14 52 13 54 14 52 19 57 18 45 13 43 11 45 15 30 21 40 15 53  8 56 11 56 13 58 12 46 11 39 10 57 11 50  8 34  8 25 11 31  9 38  7 34  8 39  9 61 10 68 11 49 13 43 15 56 16 65 16 75 16 83 18 70 19 59 16 62 12 70 12 62 11 60  9 56 11 60 10 74  8 71  9 59 12 53 11 52  9 59 10 76 11 82 11 81 12 74 15 75 15 74 12 67 12 65 12 62  8 51  7
2722 41  9 26  8 15  6 12  6 13  6 16  5 24  3 51  2 84  3104  3114  5 92  9 84 11 89  9 87  9 76 11 77 12 89 10 79  7 76  6 87  8 83  8 78  7 87  7 91  6 89  6 92  6 92  8 91  8 91  8 89  7 90  6 97  5 99  7101  9102 10 98 10 89 10 87 11 91 11 91  9 90 10 84 13 75 12 63  8 68  8 75  8 79  7 80  9 74 10 72 10 78 10 73  8 55  5 60  5 53  5 48  7 69  7 36  5360  2
2723  9  2 43  3 56  6 45  9 38  5 24  3 29  3 29  3 31  3 44  4 79  5105  2 95  4 83  6 62  7 34  5 30  5 41  6 44  5 35  5 37  5 35  7 24  6  6  4346  3344  4344  6339  7348  7352  8  6  7 25  4 23  5 21  9 17  9 22  8 34  7 29  7 22  9 38  9 42  5 25  5 16  9357  6355  4355  5343  6345  7359  7  7  9  4 11  7  9  3  9357 10360 10  1 11360 11  4 10  2 10356 10
2800355 11355 11  3 10  5  7 23  7 29  6 19  5 22  6 15  6  3  6 16  8 35  6 17  2356  4  1  5 11  8 13 11  6  7  6  4 26  6 26 10 16 12 12 10  7  7  3  6360  5  9  6 20  7 28 10 26 10 23  6 29  5 28  6 25  8 32 10 31  8 37  6 24  6 10  5 19  5 20  8 21  7 25  5 32  7 29  6 20  5 22  9 17 11  6  8 16  8 20  7352  4344  3357  5360  7359  8360  8  4  6 10  5 13  5
2801  4  6355  7352  5  1  6359  6340  4329  5321  5307  4309  4332  4338  4340  4349  5343  5335  5330  5336  5336  5347  5  8  6 20  5 14  2  0  0  0  0338  1324  1333  3337  4329  5329  5329  4326  4326  4320  3321  3314  3300  2320  2339  4328  4323  4316  5316  7331  6337  6327  5323  4328  6329  7330  7333  6336  6329  6325  6330  5322  5321  5334  6343  7
2802340  9340 10337  9335  7334  6321  6318  5339  6339  8329  8337  7337  8324  8316  8321  8322  9321  7315  6316  7328  9332 11335 10333 10329 10336 10346  9342 10340 10343  9340  9342 10348  9342 11342 13345 12345 11346 11347 12347 13350 12352 11335 12330 11341 14350 15347 13345 10345  9344  9344 10347 12353 12357 12355 13347 11355 13360 13348 10351  8358  8
2803356  9353  8356 10359  9354  6348  5354  8  3 11  4 11  8  9352  7343  7350  6345  8340 12337 14334 14342 14345 14340 13336 11336 12338 14337 15336 13334 14327 16331 14340 14337 13334 11341 11346 13343 15343 13339 11342 12343 16343 17343 13340 16346 19350 18346 17343 13341 12348 11355 10353  8  1 10360 11350 10348 11349 13350 12348  9356  9355  7349  7359  9
2804352  7344  8354 13353 14347 11347 14346 15342 13345 12347 12345 11340 11342 13344 12342  9345 10343 10336  9338  9344 10344 11347 12349 11348 12350 14352 12356 12358 14358 14353 13352 12349 12357 12  2 10349 12353 12  1 11  4 10359  9355  7348  7339 10352 10  1  8360  9354 10351 10355  9359  8355  9350 12352 11353  9356 12360 12  1  9354  8347  5351  4355  6
2805350 10345 11341 12346 11348 10352  9356 10356 11353  9340  7339  7344  6  3  4 14  4360  7345  8359  8  9 10351  9349  6351  6348  7352  7  2  6360  7348  6351  6358  8347  7347  5358  6347  7343  6353  5354  4359  4  3  5360  7357  8352  7347  7356  8351  7337  7334  6334  5338  7337  9331  9329  8327  7330  7339  8339  8326  7324  5338  6342  8340 10344  9
2806338  7334  7335  7338  8335  9336  8346  7346  7346  7345  6351  7354  7350  6349  6358  5359  6350  8348  9343  9344  9344  8332  7324  7331  7336  6342  5343  5336  6336  6345  5340  6325  6328  6346  7346  8336  7335  5334  6339  7347 10352 13345 12347  8  2  5358  4344  4339  4335  4329  4335  4334  4327  6335  7337  7336  6338  6326  7327  6338  7337 10
2807338 12341 12344 10344  9333  8331  7338  7332 10323 11322  7335  6339  8335  9322  8318  5334  4338  4342  5349  5349  4338  5327  4326  3323  4313  6316  5314  5305  6312  6318  5312  4299  3312  3343  4353  3355  2345  4321  5309  4314  4322  4311  1  0  0300  3293  4262  3261  4275  6278  7286  6282  5279  6283  9278 10281 10289  8294  5296  2301  4304  8
2808306  9316  7328  6  7  5  7  4331  3323  3316  5333  6349  5343  5314  4270  2274  2287  3302  2324  2303  3264  2258  3271  3285  4285  5283  5312  4329  2301  5272  6256  4289  3  0  0  0  0  0  0297  1299  2  0  0  0  0  0  0  0  0  0  0  0  0241  2239  3237  1  0  0  0  0220  1240  3245  4225  3199  3156  5129  6189  4252  3254  5240  4221  4202  4192  4
2809201  4219  4241  4238  4239  4259  5257  9257 10267  8276  8264  7249  6241  6219  5216  6245  6268  6271  6284  4298  3300  3294  3279  3262  3262  3277  4284  3272  3254  4257  4251  4236  5235  6240  6231  7236  7247  8241  8253  7261  4252  1251  2247  4238  6226  7232  6243  5248  7249  7243  9233 10239  9258 10266 10271 10266  9257  9254 10261 10262 11
2810255 13255 13253 10252  9256 10262 10233  7219  6248  5255  2206  2161  4159  5166  4195  4211  4224  5242  6240  6233  7233  8232  9231  9241  8258  6272  5272  7271 11270 13263 12258 12252 13241 12239 11239 12236 11240 11230 10229  7228  6226  5244  5233  4210  3223  3251  4266  9248 12233 13252 12254 10254  8271  7276  9277  9269  7273  6280 10257 10246 10
2811256 11268 10252  9238  7218  6196  8193  8185  7193  9209 12213 13212 13215 12234  9229  5217  6234  6244  6266  6278  7270 10260  9249  7259  7270  8268 10273  9279 11284 11284 10255 11230 12232 13233 12234 12235 12229 17230 20236 15235 11223 10222 13234 14233 12223 13225 12228 12224 12217 10221  8259  8275  8245  6231  6235  6231  7241  7256  6242  5219  6
2812228 10260 10279  9291 11296  9288 11278 10279  9286 11289 12297 12314 10305  7273  6247  4232 12231 18235 18240 16251 13258 11237 10243  7257  6237 10231 13238 15237 15239 15234 15229 14224 14233 15249 16246 14248 13248 12257  8279  9282 11270 12225 13203 14230 13243 13245 15239 19238 18248 15254 14238 13231 11237  9244 11245 13248 13265 14279 17267 18244 14
2813255 14275 18268 19261 16252 16244 21262 19247 17242 16255 13231 14221 20226 22228 23224 24229 20256 16256 16235 16242 16240 18236 18249 16265 12272 12264 16266 20281 19287 16285 17285 15288 16278 19266 13251 10243 14244 14243 13243 11257 11291 12300 15298 17300 16294 14269 15233 16229 14256 13280 16291 16285 13296  9297  5256  6259 13275 17290 16304 20309 20
2814295 17252 17244 16272 16277 19276 22286 18300 14284 18272 19283 18287 18286 14276 14262 17243 18244 19270 16297 13305 13309 16326 15334 13302 12275 12290 14293 18257 18226 18232 18231 12233  7277  7290 12239 10270  6 48  8 32  7311  6245 11242 18235 16223 15207 18198 20191 21202 21217 16223 11223 11213 10220 10227 12206 10194  8197 10192 10213 13254 16283 15
2815302 13310  9311  6279  8234 13227 13251  8239  6201  5230  6264  9235 19210 25217 20222 16219 17222 17248 12258 12236 14230 14245 16235 17211 16209 16217 17225 17232 14248 17256 19248 17256 17255 16241 14214 15190 20193 24195 24185 21179 16179 16185 19195 19213 17235 12231 10220 11217 14218 15211 16198 20194 19189 17191 16193 15221 13276 12274 10200  8156 12
2816163 19184 19218 17249 15249 13251 15261 14258 10249  5215  2177  3196  7215 11213 10215 15212 17221 11212 12200 13209  8201  5164  5156  9185 16205 20215 19230 14263 12272 10275 10274 15271 20274 23247 18207 13213 13239 13220 19211 25211 27206 26218 22242 18251 15247 16246 18246 15257 12252 12253 11245 10215 11219 11225  8229 10238 12240 14242 16235 13239 12
2817243 11237 10227  9219 10240 14267 15267 14256 12243 11232  8224  9206 16184 20173 15182 10217 10252 12247 12228 13234 11256  8260  8241 10212 13184 15178 15194 17213 18221 15224 18239 19252 15253 14268 15283 16289 15287 14274 12260 11249 13243 15240 12242  9238 10233 12231 11234 10247 11257 14252 16245 14244 13239 13230  9231  6236  9237 10240  8238  6247  4
2818250  3244  4250  4276  4300  3 18  3330  6321  9312  9280  8272 11274 12267  9259  8265  9267  8269  8279 11260  9237  6243  7272  7285  5248  3243  2239  3234  4245  8224  9222  8224 10230 11238  9225  8217  7221  6221  8227  9232 11233 13238 12235 10233 11238 11240 12247 13258 11254  8252  8249  8231  9233  9241  9241  7247  7250  8246  9244  9243  9244 10
2819249  9242  9238  8234  9238  9240  7233  8237  9243 10250 11247 10240  9240  9236 11234 12239 11239 11234 12233 13233 12220 10212  9225  9233 10227  9217  7213  6217  6222  7212  6210  6229  6228  7223  7228  7227  7228  8224  7223  5235  6243  6243  7241  7231  6225  6228  6226  5227  6231  7233 10234 11225 10226  8229  8229  9238  9233  7226  5226  5228  6
2820230  8230 11234 13235 15233 13233 10238  8234  7232  8234  8237  9237 10235 12231 11228 12236 11240  9243  9244  8244  8251  8249  8248  8247  7237  6228  6223  8218  8214  7203  8194  8191  8190  7185  7179  7190  7195  6189  6201  7209  7206  8205 10208  9210  7225  6241  7236  8232  7238  7234  8229  9228  9234 15230 18217 14215 13212 15213 16218 14209 16
2821210 16219 16208 16208 14219 13211 13202 10212 10216 16217 18226 12225 10220 12224 11237 10241 11241 12236 14237 14243  9242  9250 10256  9255  8259 11265 11255  9243  9252  7266  4262  3255  6251  6245  8249  9244  9234  9226  9219  9221  8214  9213 11213 13216 15221 13216 11219 12224 11228  8229  7236  9235 11225  9231  6234  9229 11229 10232  8236  9246 10
2822244  9232  9236  8239  6234  7232 11235 12237  8229  5229  4234  6248  8250  7236  6251  6263  7257  9258  9257  9258  7261  5265  7259  9249  9249  8247 10243  9235  7228  9234 11240 12235 11229  8235 10241 12238 11247  9255  8260  9258  9241  9245  6248  5258  5256  5239  7236  7234  5237  4248  2  0  0  0  0206  2201  3195  5198  6193  6182  7183  7184  8
2823186  8187  9191 11199 11200 11201 11205 12205 12210 13212 13216 13222 12224 10232 11242 10233 10233 12237 10236  9239  8233  5225  3219  5221  6211  7195 10201  9209  6204  5203  6209  6215  6216  6220  6232  7234  8232  6226  5216  6209  6209  8208  8211  8208 10208 11213 11215 11224  9226  8229  7246  7258  4  0  0  0  0  0  0  0  0  0  0255  2244  6237  7
2900229  5228  5242  5259  5255  5257  4268  5271  7283  6288  6284  8281  9277 10269 10259  9249  9242  9238 10238 11241  8249  6257  5251  4230  3217  2216  3205  3197  2195  2214  2235  1  0  0  0  0208  2186  2189  2204  3202  3200  4197  6199  8196 10189  9191  9197  8192  7184  8185  9192 10191 10194 11194 11192 10192  8190  8194 10198 10196  8185  7176  5
2901183  4193  3208  3223  6221  6224  6240  7227  7203  6194  5183  5178  5177  6169  7160  6163  5154  4145  3161  1  0  0  0  0  0  0174  1184  3182  3180  3175  2168  1151  1138  2144  1  0  0  0  0  0  0  0  0  0  0328  2305  1254  1199  1  0  0  0  0  0  0  0  0152  2153  3151  3124  1125  2136  3133  3125  3 96  3 96  3 94  2  0  0  0  0  0  0  0  0159  1
2902178  1182  2174  2  0  0  0  0  0  0  0  0127  1124  2131  3123  3121  4123  4116  3131  2144  2162  1185  1  0  0  0  0163  1153  3141  3129  2  0  0  0  0  0  0163  1180  3188  5191  7193  8193  9193 12191 13190 12193 11193 10189  9184  9181 10182 11182 11180 12175 12173 10165  7169  6173  7171  7168  6148  4111  2 86  3 65  2  0  0  0  0  0  0  0  0303  1
2903311  3318  4314  5293  4281  2293  2304  2  0  0  0  0  0  0  0  0188  2190  3190  4188  5185  4181  3188  2190  2171  1  0  0  0  0  0  0  0  0  0  0  0  0  0  0  0  0  0  0  0  0110  4160  2153  4138  4118  3118  5137  5153  5158  5141  2117  3 91  3 88  2106  3132  3168  5182  6191  8197 10196 12198 12200 12199 13201 13202 12200 12200 12198 14193 15192 13
2904193 10184  8180  8183  9184 10184 10184 10186  9187  8195  7208  7221  6239  5249  5248  7251  8243  9240  9240  6225  4211  6184  6162  5141  5117  6119  6157  8197 10220  7229  6231  8239 10245 12253 13257 12253 12249 13264 11286  9287 12286 14287 13268 10247  8255  7306  5357  3344  1  0  0  0  0  0  0 51  1 52  2  0  0  0  0235  1249  2247  3246  3269  1
2905  0  0  0  0  0  0  0  0193  2200  4205  4206  3194  3199  4199  4189  4191  6188  7197  8203  6211  5221  4220  5227  6236  5259  3264  3249  3258  2268  1271  2263  3238  2211  2219  3226  3213  4202  6195  7204  7199  5185  4209  5220  4205  5209  6221  6230  5246  3250  2228  3212  4222  3241  2  0  0  0  0236  1212  2194  2180  2177  2178  2178  1  0  0
2906  0  0  0  0  0  0  0  0  0  0  0  0  0  0  0  0231  3225  4219  4210  4197  3190  3203  1212  1213  2228  1239  2240  3232  4245  4253  3246  3250  4253  6253  5247  3247  3247  4242  5245  7250  8251  6249  6241  7244  5246  3241  3247  4242  2231  2226  1224  2237  4244  3240  2218  1209  2216  4213  4206  2202  2207  1221  2224  3224  4235  6238  6239  5
2907223  3203  1  0  0  0  0  0  0  0  0  0  0  0  0 97  2101  2123  2155  3152  3144  4142  4125  4121  5119  6122  6123  6116  8117 10114 10111  9109  8105  8104  7109  8116  9116 11112 12111 14113 14112 14113 14113 13113 13118 15119 15119 16118 15115 14110 12104 10108  9  0  0131  6145  5162  3  0  0  0  0180  3185  5191  7193 10188 11181 11179 11176 11167  9
2908140  6107  4134  3130  3110  3129  2 86  2 54  2 59  2  0  0  0  0173  2196  3193  4196  6192  8187  9186 10183 10177  9173  8169  7168  7171  7177  7180  7175  7163  6161  5161  5144  3149  3179  5192  8193 11195 11194 12193 12191 12194 10198  9197  9189  8188  5193  6198  7197  7195  6191  3183  2177  3173  4176  5173  6173  7176  8175  9173  8162  6136  4
2909106  3 98  4 89  3143  3201  4181  4169  5172  6175  6178  6188  9190 10191  9191  8185  8186  9187  8185  8186  8187  8189  8191  8193  8199  8202  6194  4174  5142  6114  7107  6 80  3  0  0141  3200  6180  8173  8153  7135  3149  2187  3206  4206  4226  4225  4208  5200  7190  6191  5198  5202  4204  2193  2179  4177  5185  3196  3199  4188  3168  3161  4
2910168  5172  6173  7169  7160  6136  3103  3101  5144  6176  7184  8185  7179  5175  3162  2135  2122  3124  3121  2121  2115  4101  7 89  8 82  6 84  5 94  3  0  0  0  0  0  0  0  0  0  0  0  0  0  0  0  0  0  0 50  2 80  2 61  2 51  2 77  3113  3122  4116  5120  7122  8118  7113  6111  4115  5120  8127  8130  8125  6105  6 83  8 67  8 65  6 71  6 65  5 46  6
2911 27  6 53  8 87  8 84  7 83  8103  8121  8123  8127  8123  8 95  8 94 10117 10128  8116  6106  7114  9125 10138  9147  8162  5172  4178  5175  5177  5189  6188  6182  7153  6135  3222  1  0  0206  3128  6129  6118  7115  9151  7151  9109 12 90 12 81  9 75  8 72 11 75 11 85  9 89 10101 10116 12107 15103 14110 17103 15 95 12108 16124 16147 12169 11171 12178 13
2912108 15142  9122 12122 19123 22117 27111 30115 33117 35114 33118 27120 22117 30115 29124 24129 28122 28112 21109 19115 29108 34104 31 99 28 91 27 96 23102 20 98 22104 26105 28102 24121 22123 28119 31118 30121 30129 26122 24115 24109 26104 27105 26102 26104 26115 25122 30115 39105 37102 32108 31116 30108 30 95 28 89 22 91 16105 19110 21110 23114 23128 23131 29
2913118 31110 27106 23100 15 96 13100 16 84 16 88 19 98 27115 27118 24 99 24 81 17 81 21 81 28 88 24 86 18 93 18107 21105 30 98 31 95 20 90 18 83 17 86 14108 16116 16 79 14 58 14 46 10 47  6 93 13113 23104 27103 29 88 22 44 11 44 11103 14103 12 89 19108 27110 22104 21 96 17 97 10118  9121 12114 12104 10112  8153 11174 15159 16120 19 99 20107 16109 19 92 23 66 18
2914 49 12 42  8 45  8 27  9 24 10 45 15 61 18 71 17 84 18 90 22 91 18 82 17 78 20 69 18 71 16 88 12 96 12 77 14 20 14335 10319  7340  8  7 13 10 12 53 15107 22146 19176 16197 16204 17197 17185 18141 16117 10 97  6 88  7104 11105 13109 13134 10110  6 56  6 37 14 15 20  6 18 14 14 22 10323  7351  5 46  9348 13308 12297 12304 11333 11339 10303  7253  7292  4  4  7
2915 66 19 80 27 58 24 53 20 66 20 75 19 89 19107 17116 13107 13 93 14 91 12110 13114 15109 20113 27110 30110 25 95 19 72 19 56 17 39 15 58 13103 19136 22137 16107 13 83  9 86  8 74  7122  8188 11203 11228 13233 15204 12182  9159  9146 13166 19175 18164 10169 10195 15201 16190 14183 17186 22187 20182 18175 17168 15163 15167 15185 16191 19189 19181 19171 20166 18
2916164 13153 10128 12110 12 99 13111 15130 13143 11146  9139 12126 12124  8125  9123 15112 17108 17102 18 68 12 93  7154  5142  2179  2275  4  2  6 85  7 94  8 90 10 86  7 73  5 41  7360  8343  6 18  5 55  8 42 12 49 10 99  5 91  5 59  8 52 12 66 12 87 11110 12124 14136 12147  9161  8171  9178  9163  9160 12187 12182 11152 12149  7170  7178 12183 12187 11204  8
2917222  4276  4333  7348  5359  8 32 12 29 11 27 11 25 13 29 12 58  6103  3153  5189  7190  6172  6168  6177  6205  4199  5168  8161  8133  8111 10108 10101 11 75 10 81  5 90  5 57  9 55  9 37  5  2  9  4 13359 14348 16352 15345 10  3  9 15  8340  6316  6302  4  4  3 27  2228  2251  3234  4182  5168  7186 14194 22190 22178 20184 20183 21179 19187 16185 14188 16
2918198 18204 15195 11191 10202 13202 15205 15212 15202 13183 14178 13178  9176 10174  9178  6194  4194  8188 12182 13178 12201 10221 10223 10213  9197 10196 10200  7195  6191  7181  6179  8181 10179  9183  9177 11162 10144  7133  8115 12117 14119 15112 13108 12109 14109 14105 12104 11116 11124  9136  7136  6119  7117  8123  6137  4149  3150  3170  3186  5186  7
2919184 10175 10166  8152  5133  4136  2  0  0117  2110  4123  5118  6112  7110  9111 11115 10114 10112 11111 11113  9112 10108 11113 11115 10114  9119 11121 13118 11119 11115 10102 11111  9131  5124  4103  6116  8124  7115  6116  6113  7107  7101  5119  4137  4144  4134  5114  6110  8102  9111  9121  8118  7120  9122 10121  9120  8113  8113  8126  7138  5137  5
2920125  8126 10125  8124  7126  7124  7129  6120  6112  7116  6121  8121  8119  8108  9110  8131  8127  9137  9137  8117  7136  6156  9142  9143  5159 10143 13117  7118  6141  9154 12109 17158  9163 11157  7156  5175  6178  8184  8180  8176  8177  8184  8186  7181  6178  6183  6187  7185  7184  7186  8186  8183  7184  7186  7185  6183  5182  5181  6188  6199  6
2921198  5195  4202  5203  4200  5197  4192  4178  5172  4174  4172  3174  3174  3173  3168  4174  4182  5176  4176  5170  5173  3187  3185  3178  4175  4176  3178  3184  4186  4191  4203  4214  5218  6213  6209  7208  7211  7210  6202  6201  5204  5205  7202  6192  5189  4193  3190  3185  3175  2156  2143  3143  3145  4141  4132  3106  3 93  3100  3100  3 99  3
2922108  3112  3 97  3 82  2  0  0  0  0  0  0  0  0  0  0  0  0  0  0  0  0  0  0  0  0  0  0  0  0  0  0  0  0  0  0 95  1  0  0  0  0  0  0  0  0  0  0  0  0  0  0  0  0  0  0 74  2 74  1 87  2100  3 95  2 89  2 96  2100  2100  3 93  4 90  3 89  2 89  2 97  2 99  2 98  2 88  3 80  1  0  0  0  0  0  0  0  0  0  0  0  0  0  0  0  0  0  0  0  0  0  0  0  0  0  0
2923  0  0  0  0 15  1 16  1  1  1  2  1  7  1 10  1  8  1 10  1 19  1  0  0  0  0  0  0 29  1 10  2  4  2  1  3360  4354  4350  4350  4351  4351  3355  3356  2357  1  3  2  4  2  7  2 17  2 22  3 20  3 17  3 10  4  3  5358  5357  4356  4355  4354  5354  5347  4342  3348  3353  3352  4348  4345  4340  3338  3334  3339  2338  1  0  0  0  0  0  0  0  0  0  0  0  0
3000  0  0  0  0  0  0  0  0  0  0  0  0294  1  0  0  0  0293  1291  2288  2288  2292  2294  2292  1282  1  0  0291  1291  2298  3301  4312  4324  5319  7317  7321  7331  6348  4357  4352  4344  4334  5325  6321  6317  6310  7307  8308  8308  8308  7303  6298  5305  4311  5310  5314  6314  6299  5271  3344  2 84  2 99  6106 12112 17110 18107 18100 17100 14 98 11
3001100  8127  3  0  0145  4133 10135 10139  7143  6135  3149  2167  1167  1181  1187  1187  1195  2204  2209  3213  3220  3223  2226  2237  2253  2264  2268  2274  3270  3261  2257  2263  1278  1292  1  0  0  0  0  0  0  0  0  0  0  0  0  0  0  0  0  0  0  0  0  0  0  0  0  0  0  0  0  0  0341  3356  4 17  2 40  2  0  0  0  0 35  1  0  0 98  5112 15109 19102 16
3002101 13107 10110 10111 11108 10 99  9 97  7106  7105  6100  5109  7118  7110  5 98  3 93  3 89  4 89  5 94  7100  8108  9110  8110  8109  8104  7100  7 92  8 91  8103  8102  7 95  6106  6112  6108  6112  6112  7108  7106  8105  8104 10109 11116 13117 13115 11112  9110  7113  6116  6115  6111  6102  6 93  6 89  7 89  8 90 10 93 10 95 11 95 11 94 11 94 10 93 10
3003 92  9 91  8 90  8 89  7 94  6101  8 99  9 99 10 99 10 94  9 96 10101 10103 10106 11108 11110 12112 14114 15115 13112 12 91 10 86  7104  6112  5105  7109  6119  5103  4 85  4 76  4 71  3 68  1 68  1 78  1 86  1 86  3 95  4101  3102  3111  3123  3134  2145  1  0  0143  1  0  0  0  0  0  0  0  0  0  0  0  0  0  0  0  0  0  0  0  0  0  0  0  0  0  0  0  0  0  0
3004  0  0  0  0  0  0  0  0  0  0  0  0155  2155  2150  2153  1167  1186  2184  1153  1107  1  0  0112  2126  3119  2124  3116  5107  5102  4 92  5 96  7 87  6 87  6 97  5 94  4 96  3 80  3 67  3 82  4 91  4 91  3 94  3 94  5 91  5 87  5 81  4 73  3 53  2  0  0  0  0  0  0  0  0  0  0  7  1 31  2  0  0  0  0  0  0 44  1 17  3 12  3 12  3 21  5 24  5 33  4 44  3
3005 54  2 79  1  0  0  0  0  0  0  0  0  0  0  0  0  0  0  0  0327  1322  2  0  0  0  0  0  0295  2296  3295  3295  3292  3289  5289  6299  8309  7323  5332  4327  6325  6324  6324  6329  6330  6328  6325  7324  7328  7329  8328  8327  6326  4325  4336  3344  2355  2 11  3 21  4 21  5  7  6359  8357  9357  8355  6348  5335  4321  4319  5322  5320  5321  5326  5
3006326  5324  5317  5316  6321  5323  4331  2338  1342  2348  3358  4360  5360  4  1  4357  4352  4347  4344  4337  4331  6334  6337  6333  7332  7332  7331  7332  6324  7319  7317  6307  6304  6302  7296  8294  7289  6284  5284  6285  5285  5294  5306  5310  6307  5301  5294  5298  6307  6310  7308  7306  6304  4296  4291  5295  6300  6303  6309  6322  5326  4
3007315  5306  4301  4298  6292  5285  5277  6277  7276  7275  7278  7278  7278  8279 10280 11281  9282  9284  9284  9284  9282  8282  8280  7277  7278  7278  8279  8280  8281  8282  8285  8286  7285  6284  6282  6282  6284  6288  6292  5290  5291  5296  4309  4323  3313  2309  2  0  0  0  0  0  0  0  0  0  0  0  0 13  2 12  3 10  5  3  6358  5356  5356  5357  5
3008359  6359  7  3  6 10  6 26  5 47  3 54  2 54  2 54  3 53  3 68  2  0  0  0  0  0  0 17  3 23  3 31  3 35  3 37  3 38  3 27  3 16  3  8  2355  3342  2330  2320  2313  2314  2322  2335  2337  3323  4310  3310  3313  2314  2314  2314  3323  3333  3342  3343  3338  3337  3336  3332  3343  1  0  0  0  0  0  0  0  0  0  0277  2289  2294  3300  4301  4307  3316  3
3009315  3312  3311  4311  4312  5313  5316  5316  5314  5316  5316  6314  6321  5330  4333  4326  5322  5325  6325  6323  5318  5329  6330  4312  4312  4317  4332  3333  4310  5305  5318  5316  5317  5324  5325  4336  4359  5  1  3350  4348  6336  5333  3337  2339  4341  8343  7351  6  1  6  7  8  8  9 18  8 27  7 12  7360  7350  6342  5 24  4 44  3  4  3  1  3
3010 30  4 41  4 53  4 91  4115  4119  3105  3 91  6 93  9 88 11 94 11 94 10 88 10 80  9 58  8 50  4 72  4 90  7 97  9 96 12 98 13106 12108 11 99 11 83 13 95 14115 14119 17108 15 92 12 89 13 92  9 88  6 93  9109 11118  8118 11106 14102 12104 13123 11121  9 97 10100 13 88 15 71 14 64 13 71 12 77 12 62 10 68  8 75  9 42  7 41  4 90  7123 10132  8124 11114 14115 12
3011124 12111 13 94 12 88 10 81  7 78  6 79  8104 12119 14125 13142 10143  6128  3 58  3341  5308  5290  5299  5297  6315  4333  2312  5300  8295  8271  6292  4357  6 21  8 28 10 39 10 41  8 16  8  6  6  6 10353 15357 17353 14347 10347  8343  7 31  5 77  3 63  3 58  4 32  6 45  6134  9181 13182 12193 10209 10211  8207  6202  6214  5223  3199  3242  3328  5307  6
3012303  6302  6296  5281  6349  6 62  7 50  9 46  8 64  7 83  7 80 10 81 11 79 10 56 10 36 12 36 13 47 13 56 11 42  8 16  9  3  9355  8351  8 11 10 34  8 53  6 58  7 78  6 86  5 68  5 63  5 68  3 94  3104  4104  4117  4123  4105  3 99  3111  5 94  4 80  5 64  6 52  6 85  7117  7125  6137  7146  6135  5108  9 92 13 88 11 87  8 84  7 75  5 84  5100  6101  7103 11
3013106 13 73 13 39 12 55  8116  6178  8190 12180 14188 13203 15209 15203 10195  6182  4151  4190  2243  5223  8223  9189 11181 12192  9185  8192  7218  5239  5237  7200 14185 16197 14199 12196 10206  8193  5173  6173 10165  9168  5143  5126  8161  8202  6237  7267  7299  6276  4193  2127  2127  1 20  3 21  4 65  7131 10127 11102 10121  8129 10117 16105 18 94 18
3014108 15124 11130 11124 15119 19138 16146  9153 10181 13195 12189 12190 13193 10198  6226  5265  5284  4287  4286  3304  2 17  4 32  9 26  9  2  5299  2333  3 90  7106 15103 17108 13107 17104 23 97 23 89 20 97 15 93 13107 19122 20 99 13140 13208 18213 18211 17208 15188 15181 19186 17193 11210  9226 11223  8177  4122  8103 13 98 15 96 17101 18108 17118 15129 13
3015 40  5 81 11 87 17 78 21 78 17 71 13 50 10 39  8 56  6 77  8 92  9126  7145  7136  7114  5107  6 89  8 45  6 14  3298  3283  3342  3 90  3153  2218  2245  7251 11252 11266  9288  9298  8311  6299  7292  7296  6274  4277  3275  6248 10256 11254 12220 17194 17171 14175 15176 20169 19148 17123 18128 16153 12174  9189  8235  8280  8293  7293  6276  6243  5196  4
3016172  5187  9206 11206 13177 17133 17116 14114 15102 17 89 14 76 11 69  8 77  7100 13108 17 93 21 92 19 96 14 91 13 79 12 74 10 51  8 23  9 24  8  5  6347  5346  5336  5330  5283  3206  4167  8152 10140  6125  2  0  0265  1261  1163  4173  8157 10165  9162  7122  9103 18106 24128 17167 11156 12119  8107  5120  6150  7123 10100 16111 19120 20125 21119 18116 15
3017125 14120 10133  9131  9103 13107 18109 17106 15114 16124 17124 17123 15124 14119 14110 10110  7114 10115 11115  9105  8106  6111  5122  5140  5163  4191  7192  8191  8206  8209  7213  4256  1284  1  0  0279  2292  3316  3345  3356  3  3  4 41  4 75  2  0  0  0  0  0  0284  1246  2245  1  0  0  0  0  0  0  0  0217  1204  1178  1  0  0  0  0  0  0147  1155  2
3018167  3174  4174  5181  4182  4185  4178  6157  6170  4192  3202  3212  3206  3191  3174  3168  4177  4184  4182  4179  3178  2177  1  0  0  0  0  0  0  0  0  0  0  0  0  0  0  0  0  0  0  0  0  0  0  0  0  0  0  0  0  0  0  0  0  0  0  0  0  0  0104  4 92  6 90  8 92 10108 11140 10185 12197 15186 17181 18174 15163 12128  8114  8123 13118 15117 13117 13111 14
3019106 14112 11123 12148 12153 12156 16172 19165 16170 10150  6133  8138 10156  8176  9173  9178 10189  9191 11187 16189 17187 16181 14173 10171 10174 11165 10163 11150 10128  6107  6104  7121  8123  8115  9113  9113  8107 10108 10110  8114  6106  5 89  4 96  4 92  3 92  3 91  3 90  3 68  1  0  0  0  0  0  0  0  0  0  0  0  0  0  0  0  0  0  0  0  0225  1  0  0
3020  0  0  0  0  0  0  0  0  0  0154  2134  2128  2 95  2  0  0  0  0  0  0 63  2 56  2  0  0  0  0  0  0  0  0  0  0  0  0  0  0  0  0  0  0  0  0 17  1 19  1 20  2 17  2 14  2 13  2  9  3  6  4  1  4352  4353  4354  4346  3345  3353  3356  3352  2356  2  0  0  0  0  0  0  0  0  0  0  0  0  0  0  0  0  0  0  0  0  0  0  0  0  0  0  0  0  0  0  0  0  0  0  0  0
