58265 2003   011213603204   65   24 6670   55    1--------------------------------------------------------------------------------------------------------------------------------------------------------------------------------------------------------------------------------------------------------------------------------------------------------------------------
3121------------------------------------------------------------------------------------------------------------------------------------------------------------------------------------------------------------------------------------------------------------------------------------------------------------------------------------------------------------------------
3122------------------------------------------------------------------------------------------------------------------------------------------------------------------------------------------------------------------------------------------------------------------------------------------------------------------------------------------------------------------------
3123------------------------------------------------------------------------------------------------------------------------------------------------------------------------------------------------------------------------------------------------------------------------------------------------------------------------------------------------------------------------
0100------------------------------------------------------------------------------------------------------------------------------------------------------------------------------------------------------------------------------------------------------------------------------------------------------------------------------------------------------------------------
0101 26  8 26  8109 13109 15109 17109 16109 12109  9109 10109 12109 14108 15108 17108 15108 10108 12108 12108 13108 26108 37108 32108 29108 29108 25108 21108 19108 19108 18108 16108 18108 19108 21108 28108 28108 26108 22108 21108 24108 20108 16108 21108 33108 30108 20108 22108 21108 19108 20108 19108 15108 10108  6108  5108  6108 10108 22108 31108 30108 23108 15
0102108 10108  8108 11108 16108 23108 31108 35108 28108 19108 10108  4108 12108 24108 26108 24108 19108 17108 19108 18108 16108 18108 24108 30108 27108 19108 19108 18108 13108 10108  8108  9108 17108 16108 12108 11108 10108 12108 14108 11108  8108 11108 14108 16108 18108 17108 19108 23108 20108 17108 16108 17108 17108 17108 18108 13108 10108 10108 11108 12108 10
0103108 11108 21108 28108 28108 25108 24108 23108 23108 24108 23108 20108 20108 23108 23108 20108 20108 19108 15108 14108 15108 11108  6108  6108  9108 11108 10108  7108 10108 12108  7108  6108 13108 17108 15108 12108  9108 10108 12108 14108 17108 19108 19108 13108  8108  8108  9108 14108 15108 10108  9108 14108 17108 13108 12108 14108 14108 11108  7108  3108  4
0104108  7108  9108 18108 23108 21108 19108 15108 11108  6108  8108 13108 20108 24108 16108 10108  7108  4108  7108 15108 21108 20108 13108 13108 19108 27108 31108 29108 22108 14108 10108 12108 14108 14108 15108 12108  9108  6108  3108  3108  2108  3108 10108 18108 19108 18108 19108 17108 19108 22108 21108 17108 12108 12108 16108 18108 15108 16108 20108 22108 22
0105108 21108 19108 17108 18108 18108 17108 16108 15108 14109 16109 16109 13109 11109 13109 14109 16109 18109 17109 15109 14109 14109 15109 14109 13109 14109 13109 15109 16109 15109 14109 13109 14109 17109 16109 12109 10109 10109 12109 11109  8109 10109 10109  7109  7109  9109  9109  7109  8109  8109 11109 15109 17109 15109 12109 11109 11109 13109 13109 10109 10
0106109 12109 10109  9109  8109  8109  8109 10109 11109 12109 12109 12109 14109 16109 17109 16109 14109 14109 15109 14109 13109 13109 14109 14109 13109 13109 13109 12109 12109 12109 12109 11109 11109  9109 11109 13109 13109 14109 13109 10109 10109 13109 15109 17109 19109 14109 12109 21109 26109 23109 21109 23109 27109 27109 23109 24109 26109 31109 36109 32109 31
0107109 33109 28109 26109 24109 28109 33109 33109 32109 26109 26109 25109 23109 27109 25109 27109 27109 26109 26109 26109 30109 26109 17110 12110 13110 17110 21110 18110 18110 22110 21110 18110 18110 17110 19110 20110 20110 19110 22110 24110 22110 18110 22110 25110 18110 18110 21110 20110 19110 19110 14110  8110 10110 11110 11110 11110 10110  9110 11110  9110  9
0108110 12110 16110 21110 20110 13110 11110 13110 18110 26110 23110 20110 20110 19110 26110 29110 23110 20110 21110 21110 20110 20110 20110 20110 22110 23110 18110 16110 16110 16110 20110 22110 17110 20110 23110 23110 22110 20110 23110 24110 20110 22110 27110 29110 23110 19110 19110 16110 19110 21110 23110 27110 24110 20110 20110 23110 22110 19110 14110 15110 19
0109110 20110 21110 22110 18110 12110 12110 14110 15110 17110 16110 12110 13110 13110 11110 10110  8110  6110  5110  5110  4110  4110  5110  6110  8110  8110  8110 11110 14110 13110 13110 12110 11110 10110  9110  8110  7110  5110  6110  8110 11110 12110 12110 11110  8110  6110  6110 10110 12110 11110 10110  8110 11110 13110 12110 12110 11110 11110 13110 12110 12
0110110 10110 10110 10110 12110 11110  9110  9110  8110  7110  8110  7110  7110  9110  9110  8110  8110  8110  9110  8110 10110 12110 11110  9110 10110 11110 11110 12110 12110 14110 16110 12110 11110 10110 12110 15110 15110 10110 10110 12110 12110  9110  7110 10110 12110 10110  9110  9110 10110 13110 13110 11110 10110 11110 12110 11110 10110 11110 10110  9110  9
0111110  8110  8110  8110  8110  8110  9110 12110 11110  8110  8110  8110  8110  7110  6110  5110  5110  6110  7110  6110  4110  3110  2110  3110  4110  7110  8110  6110  6110  6110  6110  8110  8110  8110  9110 10110 10110 10110 11110 10110  9110 10110  9110  9110  9110  8110  9110  9110  9110 10110 10110 11110 10110  9110  9110 11110 11110 11110 12110 10110 10
0112110  9110 12110 15110 14110 12110  9110  9110 10110  9110 11110 10110  9110  9110  9110  8110  9110  9110 11110 14110 12110 10110 10110 10110 10110  9110  9110 11110 11110 10110 11110 12110  9110  8110  7110  7110  8110  7110 10110 11110 10110 11110 11110  9110 10110 13110 10110  9110  8110  8110 12110 13110 15110 15110 13110 13110 17110 19110 19110 18110 14
0113110 12110 13110 14110 16110 16110 15110 15110 16110 17110 14110 10110 11110 13110 13110 11110 11110 12110 11110 11110  9110  7110  7110 11110 12110  9110  9110  8110  8110 10110 10110  6110  5110  7110  8110 10110  9110  7110  8110  7110  7110  6110  9110 10110  8110  7110  6110  5110  7110  8110  6110  4110  4110  7110  9110  9110 11110 25110 12110 14110 15
0114110 12110 11110  9110  6110  6110  9110 10110  9110  9110 11110 10110  9110  9110  7110  7110  7110  6110  7110  7110  8110  9110 10110 10110  9110  9110 10110  9110  9110  8110  8110  8110  8110  7110  8110  9110 10110 10110  8110 10110 10110  9110  9110  9110  9110 11110 11110 11110  8110  8110 10110 10110  9110 10110 11110 10110  9110  8110  7110 10110 10
0115110  8110  8110  8110  8110  8110  8110  6110  7110  9110  8110  8110  8110  9110 10110 10110 15110 14110  8110  8110 11110 10110  9110 12110 14110 14110 16110 15110 13110 13110 12110 10110  8110  9110  8110  7110 11110 13110  9110  8110  9110  8110  6110  7110  8110  7110  8110  7110  7110  7110  8110  8110  7110  7110  8110  8110 10110 10110  8110  8110  9
0116110  9110 10110 13110 14110 14110 11110 11110 14110 12110 10110 12110 12110 11110  8110  8110 10110 10110 10110  8110  7110  7110  9110 10110  9110  8110  8110  8110  9110 10110  8110  7110  9110  9110  8110 10110  9110  7110  8110  8110  6110  7110  8110  8110  8110  8110  6110  5110  9110 13110 11110  9110  9110  9110  9110  8110  7110  6110  5110  5110  5
0117110  5110  7110  8110  7110  8110  9110  7110  8110  8110  9110  9110  9110  9110  9110 10110  9110  9110 10110  8110  8110  8110  7110  5110  3110  3110  3110  3110  4110  3110  2110  4110  5110  5110  3110  4110  5110  6110  6110  6110  5110  4110  4110  6110  8110  9110  7110  6110  6110  6110  7110  6110  5110  5110  6110  5110  5110  5110  5109  7109  8
0118109  7109  7109  7109  8109  7109  8110  9109  8109  8109  9109  9111 20109  8109  8109  9109  9109  9109 10109 10109  9109 10109 11109  9109  7109  7109  7109  5109  4109  7109  9109  9109  8109  7109  6109  7109  5109  6109  9109  7109  5109  5109  5109  6109  6109  5109  5109  6109  8109  7109  6109  7109  7109  6109  7109  7109  7109  7109  8109  7109  6
0119////////////////////////////////////////////////////////////////////////////////////////////////////////////////////////////////////////////////////////////////////////////////////////////////////////////////////////////////////////////////////////////////////////////////////////////////////////////////////////////////////////////////////////////////////////
0120////////////////////////////////////////////////////////////////////////////////////////////////////////////////////////////////////////////////////////////////////////////////////////////////////////////////////////////////////////////////////////////////////////////////////////////////////////////////////////////////////////////////////////////////////////
0121////////////////////////////////////////////////////////////////////////////////////////////////////////////////////////////////////////////////////////////////////////////////////////////////////////////////////////////////////////////////////////////////////////////////////////////////////////////////////////////////////////////////////////////////////////
0122111 24111 24111 24111 24111 29111 27111 21111 22111 23111 26111 27111 22111 19111 23111 23 22  8111 22111 24111 20111 17111 15111 14111 12111 11111 15111 20111 23111 20111 20111 20111 23111 29111 26111 20112 17112 19112 20112 16112 10111 11111 14111 12111 13111 16111 19111 17111 15111 19111 19111 21111 23111 21111 16111 14111 13111 13111 17111 20111 20111 18
0123111 17111 17111 19111 21111 19111 18111 15111 15111 19111 20111 19111 20111 18111 15111 17111 17111 17111 20111 22111 20111 16111 15111 15111 16111 16111 16111 17111 17111 17111 16111 17111 17111 19111 18111 14111 12111 10111 14111 16111 12111 13111 13111  9111 12111 16111 16111 18111 19111 18111 20111 19111 19111 13111  8111  7111 11111 19111 20111 19111 21
0200111 20111 18111 15111 12111 10111 11111 14111 17111 17111 16111 17111 19111 14111 12111 16111 15111 20111 25111 25111 20111 15111 14111 14111 16111 21111 21111 18111 18111 14111  9111 13111 19111 18111 15111 19111 22111 21111 20111 19111 16111 16111 17111 15111 12111 12111 14111 10111  6111  7111 10111 13111 13111 15111 16111 13111 11111 11111 12111 16111 21
0201111 24111 25111 21111 19111 20111 19111 19111 20111 19111 20111 20111 21111 19111 20111 23111 20111 17111 13111 15111 18111 18111 18111 16111 18111 17111 13111 13111 11111  9111  8111  8111 11111 12111  8111  9111 11111 14111 13111 10111 12111 12111  9111  8111 11111 12111 12111 11111 11111 16111 18111 15111 16111 18111 16111 12111 11111 14111 17111 15111 14
0202111 19111 19111 19111 16111 15111 19111 16111 17111 21111 17111 10111 14111 16111 13111 18111 23111 22111 18111 14111 13111 13111 16111 24111 27111 23111 18111 17111 21111 18111 13111 13111 15111 16111 16111 10111  9111 15111 19111 18111 16111 14111 13111 14110 13111 16111 19111 19111 18111 16111 16111 14111 11111 10111 10111 11111 12111 15111 15111 14111 13
0203111 11111 12111  9111 10111 12111 13111 12111 12111 14111 14111 19111 20111 13111 13111 17111 18111 19111 19111 18111 19111 15111 12111 13111 17111 18111 18111 18111 18111 17111 13111 12111 15111 18111 19111 21111 25111 25111 26111 25111 21111 19111 23110 24111 23111 25111 25111 22111 21111 19111 19111 20111 17111 18111 19111 19111 19111 20111 20111 18111 15
0204111 17111 20111 22111 21111 17111 20111 20111 16111 15111 17111 18111 17111 15111 15111 16111 19111 19111 18111 16111 13111 14111 12111 10111 12111 15111 18111 20111 22111 21111 16111 18111 20111 15111 12111 12111 12111 10111  8111 11111 14111 13111 15111 20111 19111 15111 13111 10111 10111 10111  7111  8111  9111 11111 10111 10111 14111 15111 14111 10111  9
0205111 13111 14111 12111 11111 12111 11111 13111 15111 13111 11111 13111 15111 15111 12111 10111 10111 10111 10111 13111 14111 12111  8111  8111  9111 11111 13111 11111  9111  9111  9111  8111  9111  9111 10111  9111 11111 14111 14111 13111 13111 12111 10111  9111  6111  5111  7111  9111  7111  7111  9111  9111 10111 11111  9111  8111  8111  9111  8111  8111 12
0206111 11111  7111  9111 15111 16111 13111  9111  7111  7111  7111  8111  7111  8111  7111  8111 12111 11111  9111 11111 14111 11111 11111 13111 15111 15111 12111 12111 14111  9111  7111  7111  6111  8111 13111 12111  9111 11111 15111 15111 13111 14111 14111  9111  8111  9111 12111 13111 11111  8111  8111  9111  9111  9111  9111  8111  8111 10111 11111 13111 14
0207111 12111 10111 12111 12111 13111 14111 11111 11111 14111 14111 12111 11111 11111 10111 10111 12111 13111 14111 12111 10111 11111 11111 11111 10111 10111 10111 11111 13111 12111 10111  8111  8111  8111  9111 10111 10111  9111 10111 10111  8111  8111  8111  8111  9111  8111  9111  8111  7111  6111  5111  4111  4111  5111  6111  7111  9111  9111  8111 10111 10
0208111  9111 10111 10111  9111  9111 11111 14111 13111 14111 13111 11111 13111 13111 12111 14111 12111 10111 13111 12111  9111 10111 12111 10111  6111  4111  4111  5111  6111  7111  6111  6111  6111  5111  3111  6111  9111  9111  9111  9111  9111  8111  5111  4111  5111  7111  9111  8111  6111  7111  7111  7111  6111  5111  3111  3111  4111  4111  3111  3111  3
0209111  2111  2111  2111  1  0  0  0  0111  2111  3111  3111  3111  2  0  0  0  0  0  0  0  0  0  0  0  0  0  0  0  0  0  0  0  0  0  0  0  0  0  0  0  0  0  0  0  0  0  0111  1111  2111  2111  2111  2111  3111  4111  5111  6111  6111  6111  6111  5111  5111  5111  5111  6111  6111  7111  8111  9111 10111 11111 11111 10111 10111 10111  9111  9111  9111  9111  9
0210111  8111  6111  6111  6111  6111  6111  6111  7111  8111  9111 10111 10111 10111 10111 10111 10111  9111  9111  8111  8111  8111  9111  9111 10111 10111  9111  9111  9111  8111  8111  8111  8111  9111  8111  7111  7111  7111  7111  7111  8111  8111  8111  9111  9111  8111  8111  8111  9111  8111  7111  8111  7111  7111  9111  8111  8111  9111 10111 10111 10
0211111 10111 11111 11111 11111 12111 11111  9111  7111  6111  6111  7111  8111  8111  7111  7111  8111  9111 10111  9111  9111  9111  9111  9111  9111  9111  9111  9111  9111  8111  7111  8111  9111  7111  7111  7111  6111  6111  6111  6111  6111  6111  6111  5111  5111  5111  5111  5111  6111  6111  6111  6111  6111  6111  6111  6111  5111  4111  4111  4111  4
0212111  5111  5111  4111  4111  5111  5111  5111  5111  5111  4111  2  0  0  0  0  0  0  0  0  0  0  0  0  0  0  0  0  0  0  0  0  0  0  0  0  0  0111  2111  3111  4111  4111  4111  4111  4111  5111  5111  6111  7111  7111  7111  7111  7111  7111  8111  7111  6111  6111  6111  6111  7111  7111  7111  6111  6111  7111  6111  6111  6111  6111  5111  5111  6111  6
0213111  6111  6111  6111  6111  7111  8111  9111  9111  9111  8111  8111  8111  8111  9111 10111  9111  8111  8111  8111  9111  9111  9111  9111  9111  8111  8111  8111  9111 10111 10111 10111  9111  9111  8111  8111  8111  8111  8111  8111  8111  7111  7111  8111  7111  7111  7111  7111  7111  6111  5111  5111  5111  5111  5111  5111  5111  5111  5111  5111  5
0214111  5111  5111  4111  4111  5111  4111  4111  5111  5111  6111  6111  6111  6111  7111  7111  7111  7111  8111  8111  9111  9111  8111  9111  9111  9111 10111 10111 10111 10111 10111  9111  9111  9111  9111 10111  9111  9111 10111 10111  9111  9111  9111  8111  8111  8111  9111  9111  8111  8111  8111  7112  6111  7111  8111  7111  7111  7111  8111  8111  8
0215111  6111  8111  9111  9111  8111  8111  8111  8111  8111  8111  9111 10111  9111  9111  8111  8111  8111  8111  8111  8111  8111  9111  8111  8111  8111  9111 11111 11111 12111 12111 12111 12111 12111 12111 12111 12111 14111 15111 15111 14111 13111 11111 11111 11111 11111 11111 11111 10112  9111  8111  7112  7112  7111  7111  8111  8112  6112  5112  6112  5
0216112  4112  4112  5112  5112  6112  6112  6112  6112  5112  4112  4112  3112  2112  2111  1111  1  0  0  0  0  0  0  0  0  0  0  0  0  0  0  0  0  0  0  0  0  0  0  0  0  0  0111  1111  2111  2112  3112  4112  4112  4112  5112  4112  3112  3112  2112  2111  2112  2112  2112  3112  3112  4112  4111  4111  4112  2  0  0111  2111  4111  5111  5111  6112  7112  6
0217111  6111  6111  7111  7111  8111  9111  9111  8111  8111  8111  7112  6111  6111  6111  5111  4111  4111  4111  5111  5112  5112  6111  7111  6111  6111  6111  6112  6111  5111  5111  4111  3112  2112  1  0  0  0  0  0  0  0  0111  1111  1111  1111  1111  1111  2111  1111  1111  1  0  0  0  0  0  0  0  0  0  0  0  0  0  0  0  0  0  0  0  0  0  0  0  0  0  0
0218  0  0112  1112  2112  2112  2112  2112  2112  2112  3112  5112  6112  6112  6112  5112  6112  5112  5112  6112  6112  7112  9112  9112  8112  8112  7112  8112  9112  9112  9112  9112  9112  9112 10112 10112 11112 11112 11112 13112 15112 17112 17112 16112 16112 14112 13112 14112 15112 17112 19112 18112 17112 16112 15112 13112 10112 10112 12112 11112  9112  8
0219112  9112 10112  8112  6112  5112  3  0  0  0  0112  1112  3112  3112  4112  3112  3112  2112  2112  3112  4112  5112  5112  7112  8112  8112  8112  6112  5112  4112  4112  5112  6112  5112  6112  6112  5112  4112  4112  3112  2111  2111  2111  2111  2111  1  0  0  0  0  0  0  0  0  0  0  0  0  0  0  0  0  0  0  0  0  0  0  0  0111  1111  2111  2112  2112  2
0220112  2112  3112  3112  2112  2112  1112  1112  2112  2112  1112  1112  2112  2111  4111  6111  8111  9112 10112 12112 15112 15112 11112  9112 11112 11112 10112 11112 16112 18112 14112 10112 10112 11112 14112 12112 10112 11112 12112 14111 11111  8112 11112 10112  6112  9111 13111 12112 12112 17112 15111 13111 13111 13111 12111 11111 12111 14111 14111 12111 11
0221111 12111 11111 11111 12111 12111 10111  9111 11111 12111 11111 12111 12111 10111  9111 11111 13111 11111 13111 14111 11111 14111 14111 12111 11111 12111 14111 17111 22111 22111 18111 20111 19111 16111 13111 13111 15111 15111 14111 17111 16111 15111 13111 10111 12111 15111 14111 11111 13111 16111 14111 15111 16111 11111  7111  7111 11111 15111 16111 17111 14
0222111  9111  7111  9111 12111 13111 11111 10111 12111 12111 11111 11111  9111  9111  8111  9111 11111 11111 15111 16111 13111 14111 15111 15111 12111 12111 12111  9111  8111 10111  9111  8111 11111 13111 15111 15111 13111 15111 14111 10111  8111  8111  8111 10111 13111 11111  7111 10111  9111  7111 10111 13111 13111 11111 10111 13111 13111 12111 13111 10111 10
0223111 11111 10111 12111 12111 10111  8111 12111 12111  8111  7111 10111 12111 10111 11111 13111 13111 13111 11111  8111 10111 12111 15111 17111 13111 12111 10111  7111  4111  6111 12110 16110 18110 22110 23110 19110 13110 14110 21110 25110 23110 18110  9110  6110  7110 10110 11110 10110  9110 10110 12110 16110 19110 22110 24110 19110 15110 11110  7110  9110 11
0300110 11110 11110 14110 18110 18110 16110 18110 19110 17110 20110 24110 21110 14110 16110 23110 25110 21110 20110 19110 18110 20110 17110 12110 16110 20110 20110 22110 18110 16110 19110 25110 32110 30110 23110 21110 22110 19110 15110 15110 21110 26110 24110 20110 26110 30110 23110 18110 21110 25110 19110 18110 28110 33110 26110 21110 26110 24110 16110 15110 20
0301110 24110 22110 20110 16110 12110 18110 27110 27110 21110 11110 10110 19110 28110 28110 21110 17110 14110 16110 22110 25110 26110 23110 22110 21110 26110 27110 22110 22110 22110 29110 33110 30110 22110 10110  7110  6110  8110 22110 30110 26110 27110 30110 27110 18110  8110  6110 13110 21110 25110 28110 29110 27110 25110 22110 17110 12110 10110 17110 21110 13
0302110  6110  8110 16110 21110 19110 17110 17110 18110 15110 13110 13110 15110 17110 26110 22110 12110 13110 11110  7110 14110 25110 27110 21110 19110 21110 17110 17110 23110 21110 13110 17110 26110 25110 22110 17110 14110 10110  8110 11110 13110 20110 20110 16110 19110 22110 21110 23110 23110 21110 17110 17110 15110 11110 11110 18110 17110 16110 23110 25110 24
0303110 22110 18110 16110 16110 16110 17110 18110 20110 18110 17110 15110 15110 16110 15110 16110 16110 14110 13110 10110 12110 13110 12110 16110 18110 20110 20110 17110 12110 11110 14110 15110 14110 12110  9110 11110 13110 15110 17110 17110 14110 13110 12110 11110 15110 17110 18110 19110 16110 14111 15110 15110 11110  9111 10111  9111  9111  8111  7111  8111  9
0304111  9111  6111  4111  3111  2111  1  0  0  0  0111  2111  4111  4111  4111  7111 10111 10111  9111  8111  7111  5111  5111  6111  6111  6111  5111  5111  4111  2111  3111  6111  5111  6111  8111 11111 14111 15111 12111 13111 16111 16111 14111 12111 13111 15111 15111 12111 14111 20111 22111 23111 26111 24111 25111 27111 29111 25111 22111 22111 21111 22111 24
0305111 27111 26111 22111 22111 21111 23111 25111 19111 25111 28111 24111 23111 26111 32111 29111 21111 25111 30111 23111 19111 23111 24111 25111 29111 26111 21111 20111 24111 27111 23111 20111 21111 20111 17111 16111 15111 18111 18111 17111 18111 21111 24111 18111 15111 16111 17111 21111 26111 27111 20111 16111 17111 22111 27111 24111 21111 25111 30111 31111 33
0306111 32111 29111 29111 28111 25111 18111 17111 19111 24111 27111 27111 22111 19111 22111 28111 27111 28111 29111 27111 23111 21111 27111 24111 17111 19111 29111 31111 27111 27111 28111 28111 25111 24111 20111 15111 18111 21111 19111 21111 26111 30111 29111 23111 20111 21111 24111 24111 18111 18111 26111 25111 25111 24111 13111 16111 25111 31111 27111 16111 12
0307111 11111 16111 18111 12111  9111 12111 16111 18111 18111 21111 18111 12111 13111 15111 17111 19111 20111 17111 14111 21111 23111 18111 16111 17111 17111 15111 19111 19111 17111 17111 16111 15111 17111 17111 21111 22111 16111 17111 21111 19111 23111 27111 26111 26111 26111 23111 25111 28111 27111 27111 22111 17111 14111 11111 16111 21111 22111 20111 19111 22
0308111 24111 22111 20111 28111 30111 24111 19111 18111 17111 19111 19111 18111 16111 14111 15111 15111 16111 17111 15111 13111 15111 17111 16111 16111 18111 18111 14111 14111 14111 11111 12111 13111 12111 15111 16111 13111 13111 15111 14111 14111 15111 14111 13111 11111 11111 12111 13111 14111 13111 11111 10111 12111 13112 11112 11112 10111 11112 12112 14112 14
0309112 11112  9112  9112 10112 11112 12112 14112 19112 21112 18112 21112 22112 18112 19112 22112 23112 20112 23112 30112 30111 29112 30112 28112 27112 19112 12112 22112 30112 32112 29112 25111 21112 16112 15112 12112 11112 16112 17112 14112 17112 20112 22112 21112 15112 16112 17112 15112 17112 20112 18112 16112 14112 11112 11112 15112 17112 18112 19112 15112 12
0310112 15112 19112 23112 19112 14112 15112 21112 24112 22112 18112 19112 22112 19112 18112 21112 23112 22112 18112 18112 16112 14112 16112 17112 21112 24112 19112 16112 20112 19112 13112 13112 14112 15112 15112 17112 22112 23112 22112 19112 14112 15112 16112 17112 21112 20112 15112 14112 17112 18112 18112 18112 18112 17112 14112 17112 22112 24112 22112 23112 26
0311112 24112 21112 22112 25112 24112 21112 28112 29112 22112 26112 28112 25112 25112 25112 19112 22112 22112 17110 14112 20112 20112 21112 17112 18112 17112 12112  9112  9112 14112 12112  9112 13112 13112 10112 12112 14112 12112 14112 19112 20112 17112 14112 15112 14112 13112 12112 10112  8112  8112 10112 14112 15112 11112  8112 11112 15112 13112 10112 11112 14
0312112 14112 11112  9112  7112  5112  5112  5112  6112  7112  8112  8112  8112 10112  9112  9112  9112  6112  3112  3112  5112  5112  5112  6112  8112  8112  7112  7112  7112  8112  7112  7112  8112  8112  6112  5112  8112 12112 11112  9112 12112 15112 13112 14112 14112 13112 11112 12112 12112 10112 10112 11112 12112 14112 15112 12112 12112 11112  9112 10112 10
0313112 10112 11112 11112 12112 15112 15112 13112 14112 13112 13112 15112 17112 15112 12112 11112 11112 10112 10112  8112 10112 11112 11112 14112 15112 11112  8112  8112  9112 10112 10112  9112  8112  9112 11112 10112  9112 10112 11112 10112 10112 10112 10112 11112 12112 12112 12112 12112 12112 10112  9112  9112  8112  7112  7112  7112  6112  6112  7112  7112  7
0314112  7112  7112  7112  8112  7112  7112  6112  5112  5112  5112  4112  3112  4112  6112  6112  6112  5112  5112  6112  6112  6112  6112  5112  5112  5112  6112  5112  4112  2112  2112  1112  1112  1112  1  0  0  0  0112  2112  3112  4112  4112  3112  2112  3112  3112  3112  2  0  0  0  0  0  0  0  0  0  0112  2111  3111  2111  2111  3111  2111  2111  2111  2
0315  0  0  0  0  0  0  0  0  0  0  0  0  0  0  0  0  0  0  0  0  0  0  0  0  0  0  0  0  0  0  0  0  0  0111  1111  2111  3112  3112  3112  3112  3112  3112  2112  2112  2  0  0  0  0  0  0  0  0  0  0111  1  0  0  0  0  0  0112  2112  3112  4112  5112  6112  8112 11112 11112  8112  7112 10112 12112  9112  7112  7112  6112  6112  6112  6112  6112  7112  6112  6
0316112  5112  5112  6112  7112  8112 10112  9112  8112  8112  9112  9112  8112  8112  8112  8112  8112  7112  5112  5112  6112  7112  7112  5112  5112  4112  3112  2112  3112  4112  3112  4112  5112  5112  5112  5112  6112  8112  8112  9112  9112  8112  6112  5112  5112  7112  7112  6112  5112  8112  9112  8112  7112  8112  9112  8112  7112  8112  9112 10112  9
0317112 11112 13112 13112 12112 11112 10112 10112 10112  8112  6112  7112 11112 10112 10112  9112  7112  5112  5112  5112  6112  5112  4112  6112  7112  4112  2  0  0112  2112  2112  2112  3112  4112  5112  6112  7112  8112  8112  8112  8112  8112  8112  9112  9112 10112 13112 14112 16112 18112 18112 15112 12112 15112 17112 17112 16112 13112 14112 16112 17112 17
0318112 17112 16112 17112 17112 15112 13112 13112 13112 12112 12112 13112 11112  9112  9112 11112 10112  8112  7112  8112  9112  9112  9112  9112 10112 10112 11112 10112  8112  8112 10112 10112 10112  9112  9112 10112 10112 10112  9112  9112  8112  8112 10112 11112 10112 10112  9112  9112 10112 10112 10112 11112 11112 11112 11112 11112 10112  9112  9112  9112 13
0319112 14112 13112 12112 10112  9112 10112 11112 10112  9112  8112  7112  6112  7112  8112  8112  7112  7112  7112  6112  4112  3112  2112  2  0  0  0  0  0  0112  1112  2112  2112  3112  2112  2112  2112  2112  3112  2112  2112  2112  2112  2112  2112  2112  2112  3112  3112  4112  5112  5111  5112  5112  5112  5112  5112  5112  4112  4112  4112  4112  4112  4
0320112  5112  6112  6112  5112  6112  6112  5112  4112  6112  7112  6112  6112  5112  5112  6112  7112  5112  4112  5112  6112  6112  5112  5112  4112  3112  2112  2112  2112  3112  3112  2112  2112  3112  3112  3112  3112  3112  3112  3112  4112  5112  4112  5112  6112  6112  6112  5112  4112  5112  5112  5112  3112  3112  3112  4112  4112  3112  4112  4112  3
0321112  3112  4112  5112  6112  7112  7112  6112  6112  6112  5112  5112  6112  6112  5112  5112  4112  3112  3112  3112  4112  4112  3112  3112  3112  3112  3112  2112  2112  2112  1112  2112  2112  4112  4112  4112  4112  3112  5112  5112  4112  3112  3112  3112  4112  5112  5112  6112  5112  5112  4112  2112  3112  4112  4112  3112  3112  5112  5112  4112  4
0322112  3112  5112  8112 12112 11112 12112 17112 14112  9112  8112 10112 12112 11112  9112  7112  7112  7112  8112  8112  7112  8112  7112  5112  5112  6112  6112  7112  6112  6112  6112  7112  6112  7112  8112  8112  8112  9112 10112 11112 11112 11112 11112 10112 10112 10112 11112 13112 14112 13112 11112 10112 11112 13112 14112 14112 13112 13112 14112 14112 15
0323112 12112 10112 11112 10112  9112  9112  9112  9112 10112 10112 11112 10112 10112 12112 11112 10112  9112  8112  8112  7112  6112  8112  9112  7112  8112  9112  9112  9112  9112 10112 10112 10112 10112 10112  9112  8112  8112  9112  9112 10112 11112 11112 11112 11112 11112 13112 13112 10112  9112 12112 13112 11112 11112 15112 16112 13112 10112  9112  8112  6
0400112  3112  2112  3 57  7112  2  0  0  0  0  0  0  0  0112  1112  2112  3112  2112  2112  2112  2112  2112  3112  4112  4112  5112  5112  6112  7112  7112  9112  9112  8112  7112  8112 12112 15112 15112 14112 12112 10112  9112  7112  8112  9112  7112  6112  6112  5112  5112  4112  4112  6112  6112  5112  6112  6112  5112  6112  8112  7112  5112  6112  6112  6
0401112  5112  4112  5112  4112  3112  3112  3112  3112  3112  4112  6112  6112  4112  3112  2112  2112  3112  4112  3112  5112  5112  5112  5112  4112  3112  5112  8112  9112 11112 11112  9112  7112  7112  7111  8111  9112  9112  8112  6111  5111  4111  2111  3111  7111 10111  8111 11111 13111 10111  8111  7111  8111 10111 13111 15111 16111 14111 11111 11111 13
0402111 11111 10111 11111 12111 11111  8111  6111  8111 12111 12111 10111  9111  9111 10111 12111 13111 15111 12111  7111  8111 14111 18111 17111 18111 16111 15111 15111 17111 19111 18111 18111 17111 16111 16111 15111 16111 15111 15111 19111 19111 18111 16111 15111 17111 15111 16111 21111 21111 16111 14111 13111 12111 14111 14111 12111 12111 12111 10111  8111  9
0403111 14111 15111 13111 13111 13111 11111  9111  9111 11111 13111 11111 12111 15111 17111 19111 18111 15111 13111 12111 13111 16111 16111 18111 19111 16111 16111 12111 12111 14111 10111 10111 10111  8111  8111 12111 16111 16111 14111  8111  8111 10111  7111  8111 12111 12111 13111 12111 11111 12111 10111  9111 10111 14111 14111 12111 10111 10111 11111 13111 16
0404111 14111 13111 14111 16111 16111 14111 14111 14111 12111 12111 12111 11111 13111 14111 13111 11111 12111 16 83  5111 14111  9111  5111  4111  4111  4111  6111 10111 13111 13111 15111 16111 12111 10111 16111 20111 20111 18111 18111 19111 17111 16111 17111 16111 12111 11111 11111 13111 14111 15111 14111 10111  8111 10111 13111 13111 11111  9111 10111 10111  8
0405111 10111 12111 12111 10111  8111  7111  7111  7111  7111  8111  8111  7111  9111 11111 11111 12111 10111  9111  8111  8111  8111  8111 11111 12111 11111 10111  9111 12111 13111 10111  9111  8111  8111  8111  9111 11111 12111 13111 10111  8111  9111  9111  7111  6111  7111  9111 10111  9111  7111  5111  4111  5111  6111  4111  3111  3111  3111  3111  5111  6
0406111  6111  7111  7111  7111  6111  8111  9111  9111 10111  9111  9111  9111  7111  7111  8111  9111 11111 10111  9111  8111  6111  6111  7111  6111  8111  8111  6111  7111  7111  7111  6111  4111  5111  5111  4111  4111  3111  3111  4111  3111  2111  2111  2111  2111  2111  1  0  0  0  0  0  0111  2111  1  0  0111  1111  2111  2111  2111  2111  2111  2111  1
0407111  2111  3111  2111  1111  2111  3111  4111  5111  6111  5111  4111  3111  4111  3111  3111  3111  2111  2111  2111  2111  2111  3111  2111  2111  1111  2111  3111  4111  4111  4111  4111  5111  5111  6111  7111  8111  9111  9111 10111 10111 10111  9111  7111  6111  7111  7111  7111  7111  8111  8111  8111  8111  7111  6111  5111  3111  2111  2111  3111  4
0408111  3111  2111  2111  1  0  0  0  0  0  0  0  0  0  0111  1111  3111  6111  7111  7111  6111  6111  6111  6111  5111  6111  5111  5111  3111  3111  2111  2111  1  0  0  0  0  0  0  0  0111  2111  3111  4111  5111  5111  5111  5111  4111  3111  2111  1  0  0  0  0111  3111  5111  6111  6111  7111  8111  8111  8111  8111  9111  9111  9111  8111  8111  9111 10
0409111 10111 12111 13111 14112 17111 21112 25112 22112 19112 22112 20112 18112 19112 20112 21112 17112 12112 11112  9112  9112 11112  7112  3112  2  0  0  0  0112  2112  5112  6112  6112  6112  5112  4112  4112  4112  5112  7112  6112  6112  6112  6112  7112  7112  6112  6112  5112  3112  1  0  0  0  0112  2112  2112  2  0  0  0  0  0  0  0  0112  1112  3112  5
0410112  8112 10112 11112 14112 14112 15112 15112 14112 12112 12112 11112 10112 11112  8112  5112  5112  8112 11112 11112  9112 11112 13112 13112 13112  9112  8112  8112  6112  5112  4112  3112  5112  7112  7112  5112  4112  5112  5112  5112  5112  5112  7112  8112  7112  5112  4112  4112  4112  6112  7112  7112  7112  8112  8112  8112  8112  9112  9112  7112  5
0411112  3112  3112  4112  6112  9112 10112  9112  8112  7112  7112  6112  7112  8112 10112 13112 15112 14112 12112 11112 11112 11112 11112 10112  9112  8112  9112  9112 10112 11112 10112  8112  8112  8112  8112  9112  9112  7112  7112  9112  8112  8112  7112  6112  5112  4112  5112  5112  4112  4112  4112  6112  7112  8112  8112  7112  8112  9112  9112  8112  6
0412112  8112 11112 12112 11112 11112 11112 12112 14112 14112 12112 13112 15112 15112 12112 11112 11112 11112 12112 12112 13112 14112 14112 13112 11112 12112 12112 10112  9112  8112  8112 10112 10112  9112  9112  9112  9112  8112  8112  9112 10112  8112  8112  8112  9112  9112  9112  9112 10112 11112  9112  8112 10112  8112  6112  6112  5112  4112  5112  6112  6
0413112  7112  7112  7112  6112  5112  4112  4112  4112  6112  6112  5112  5112  6112  6112  6112  5112  4112  3112  5112  6112  5112  5112  5112  4112  5112  4112  4112  3112  2112  2112  2112  3112  5112  5112  4112  5112  4112  2112  2112  2112  3112  4112  3112  3112  3112  3112  3112  4112  4112  4112  4112  4112  4112  5112  5112  4112  4112  4112  4112  3
0414112  2112  2112  3112  4112  5112  3  0  0  0  0112  3112  6112  6112  7112  7112  7112  7112  7112  7112  7112  7112  7112  7112  7112  7112  8112  7112  7112  8112  9112  9112 10112 10112  9112  9112 10112 10112  9112 11112 12112 13112 14112 12112 11112 12112 11112 11112 13112 14112 11112  9112  9112  9112  7112  7112  9112 12112  9112  5112  4112  6112  9
0415112  9112  9112  8112  8112  7112  7112  9112 11112 11112  9112  8112  7112  6112  5112  6112  6112  5112  5112  7112  7112  8112  7112  7112 10112 11112  9112  8112  8112  6112  5112  5112  5112  6112  6112  8112  9112 10112 10112  9112  9112 10112 10112  8112  7112  8112  9112  9112  9112  9112 10112 12112 11112 10112 11112 13112 13112  8112  4112  3112  6
0416112  8112  8112  7112  6112  8112  9112  7112  7112  6112  5112  4112  6112  6112  5112  5112  5112  5112  7112  7112  5112  4112  5112  6112  7112  6112  6112  6112  6112  6112  5112  4112  4112  3112  3112  5112  6112  5112  4112  4112  4112  3112  3112  3112  3112  3112  3112  3112  3112  5112  7112  8112  8112  8112  7112  7112  6112  4112  3112  2112  2
0417112  2112  2112  4112  4112  5112  5112  6112  8112  9112  9112  8112  7112  8112  7112  6112  5112  5112  5112  5112  6112  8112  9112 10112  9112  8112  6112  6112  8112  9112  9112  9112  8112  7112  5112  4112  4112  5112  5112  4112  4112  3112  3112  5112  6112  7112  7112  6112  7112  6112  5112  5112  6112  6112  6112  5112  6112  6112  6112  6112  6
0418112  5112  4112  4112  4112  3112  4112  4112  3112  3112  2112  2112  2112  1  0  0112  1112  3112  2  0  0  0  0112  1112  2112  2112  3112  3112  3112  3112  3112  3112  3112  3112  3112  3112  3112  4112  4112  4112  3112  4112  4112  4112  5112  5112  4112  4112  4112  5112  5112  6112  6112  6112  6112  6112  8112  8112  8112  8112  7112  7112  6112  6
0419112  6112  7112  7112  7112  6112  5112  5112  5112  5112  5112  6112  7112  7112  7112  6112  6112  5112  5112  6112  5112  4112  6112  8112  7112  8112  8112  8112  7112  8112  9112  9112  8112  7112  7112  8112  8112  7112  8112  8112  7112  5112  4112  5112  6112  6112  6112  8112  9112  8112  7112  6112  5112  4112  3112  2  0  0  0  0  0  0111  1112  2
0420112  2112  3112  2111  2111  3111  4111  4111  2  0  0111  2111  3111  2111  1  0  0111  2111  2111  2111  1  0  0  0  0111  2111  4111  5111  6111  5111  5111  4111  4111  4111  4111  5111  4111  3111  1111  2111  3111  3111  4111  5111  5111  5111  5111  6111  6111  7111  7111  7111  6111  8111  9111 10111 10111  9111  7111  7111  9111  9111  9111  9111  9
0421111  9111  9111 11111 12111 11111 11111 12111 12111 11111 10111  8111  8111  9111  8111 10111 13111 11111  9111 10111 11111 11111  9111  9111  9111  8111  5111  5111  7111  8111  7111  7111  8111  7111  8111  9111 10111 11111 14111 16111 16111 14111 14111 17111 15111 14111 14111 13111 11111 12111 14111 12111 13111 15111 12111 10111 10111 12111 14111 15111 13
0422111 12111 13111 14111 15111 15111 10111  7111  7111  9111 10111 10111 11111 12111 13111 13111 11111  9111  9111 12111 13111 11111 11111 12111 12111 11111 10111 10111 11111 11111 12111 12111 10111 11111 10111  6111  5111  6111 10111  9111  9111  9111  7111  8111 10111 10111 10111 11111  9111  6111  7111  8111  8111 12111 15111 14111 14111 10111  7111 10111 11
0423111 10111 10111  9111 11111 11111  9111 10111 11111 11111 13111 15111 12111  8111 10111 13111 14111 12111 10111 10111 12111 14111 15111 17111 16111 12111 12111 13111 15111 17111 16111 15111 14111 15111 16111 16111 14111 11111  8111  6110  7110 12110 14110 10110  9110  9110  8110  7110  7110  8110  8110  7110  6110  8110 12110 15110 18110 21110 20110 16110 15
0500110 13110 12110 11110  8110 11110 15110 19110 19110 15110 16110 15110 13110 14110 15110 14110 17110 19110 17110 18110 23110 23110 24110 25110 21110 19110 13110 11110 16110 18110 20110 23110 20110 21110 21110 18110 18110 18110 20110 20110 18110 18110 20110 21110 19110 23110 27110 26110 24110 21110 21110 19110 17110 16110 15110 20110 19110 16110 16110 14110 20
0501110 28110 32110 31110 30110 29110 25110 24110 29110 32110 25110 18110 15110 21110 27110 23110 19110 21110 20110 19110 17110 16110 19110 19110 17110 13110 15110 20110 25110 23110 24110 25110 22110 23110 22110 21110 18110 19110 21110 20110 17110 14110 18110 17110 13110 24110 32110 27110 26110 27110 19110 16109 26109 36109 30110 21110 22110 25110 31110 36110 35
0502110 36110 37110 36110 28110 19110 18110 32110 37110 31110 25110 20110 22110 26110 24110 26110 27110 23110 27110 32110 36110 35110 32110 29110 32110 35110 29110 27110 26110 27110 24110 17110 16110 22110 24110 24110 28110 31110 30110 23109 25109 32109 34109 32109 32109 31110 28110 24110 18110 17110 20110 27110 27110 22110 22110 23110 24110 24110 22110 21110 22
0503110 28110 30110 28110 30110 29110 27110 22110 15110 18110 29110 28110 31110 39110 32110 28110 31110 25110 18110 24110 35110 35110 28110 23110 22110 23110 21110 22110 24110 27110 29110 27110 28110 24110 23110 24110 23110 23110 21110 29110 27110 23110 24110 24110 26110 24110 23110 28110 34110 31110 27110 27110 34110 39110 38110 36110 33110 35110 34110 27110 20
0504110 20110 30110 36110 28110 27110 34110 33110 28110 25110 19110 19110 24110 25110 30110 35110 35110 31110 25110 23110 27110 26110 25110 33110 29110 29110 37110 36110 26110 21110 23110 31110 33110 34110 33110 30110 31110 30110 34110 40110 36110 31110 35110 40110 36110 36110 35110 31110 34110 38110 36110 36110 40110 33110 25110 32110 32110 24110 25110 25110 25
0505110 19110 15110 14110 19110 30110 38110 39110 36110 29110 23110 30110 30110 26110 25110 27110 34110 33110 28110 30110 37110 40110 39110 32110 28110 35110 35110 35110 36110 38110 40110 35110 30110 26110 25110 30110 28110 21110 27110 37110 41110 40110 32110 29110 36110 36110 31110 24110 26110 34111 31111 28111 28111 27111 33111 37111 29111 26111 26111 19111 26
0506111 37111 33111 33111 34111 30111 29111 36111 40111 34111 26111 28111 32111 33111 30111 25111 28111 32111 28111 24111 25111 22111 28111 33111 33111 37111 42111 38111 31111 33111 29111 24111 25111 25111 22111 20111 20111 16111 19111 23111 19111 15111 24111 27111 20111 25111 34111 34111 28111 31111 33111 32111 22111 19111 29111 34111 34111 35111 24111 24111 25
0507111 20111 22111 23111 24111 27111 33111 33111 22111 26111 31111 25111 19111 17111 24111 24111 24111 31111 32111 32111 31111 36111 36111 26111 29111 32111 33111 35111 38111 37111 33111 30111 26111 23111 30111 35111 30111 35111 37111 34111 27111 22111 27111 25111 21111 23111 27111 26111 27111 31111 31111 29111 26111 24111 20111 19111 19111 20111 22111 18111 22
0508111 27111 32111 35111 25111 15111 19111 28111 30111 28111 31111 30111 28111 27111 22111 18111 15111 14111 19111 18111 23111 30111 26111 29111 29111 27111 29111 25111 22111 25111 32111 36111 32111 28111 26111 24111 21111 23111 25111 26111 22111 19111 30111 35111 27111 29111 29111 22111 17111 18111 24111 22111 19111 25111 34111 39111 35111 28111 27111 27111 22
0509111 23111 32111 35111 31111 29111 30111 31111 31111 30111 24111 18111 17111 22111 29111 31111 25111 20111 23111 26111 24111 24111 23111 28111 31111 24111 20111 20111 18111 22111 30111 29111 31111 38111 36111 29111 23111 18111 17111 15111 12111 14111 15111 21111 26111 26111 29111 29111 24111 21111 18111 15111 13111 11111 11111 15111 15111 12111  9111  9111 11
0510111 16111 14111 13111 14111 11111 16111 20111 19111 20111 24111 27111 25111 23111 17111 11111 11111 13111 15111 15111 14111 14111 11111 10111  9111  6111  6111  8111  8111  8111  8111  5111  4111  5111  7111  8111  5111  4111  4111  3111  2  0  0  0  0111  2111  2111  2111  2  0  0  0  0111  2111  4111  4111  4111  4111  3111  2  0  0  0  0  0  0  0  0  0  0
0511  0  0  0  0  0  0  0  0  0  0111  2111  2111  2111  3111  4111  5111  6111  7111  8111  9111 10111 10111  9111  8111  7111  6111  6111  9111 11111 10111 10111  9111 10111 11111 11111 10111 11111 11111 10111 10111 10111 10111 10111  9111  9111  9111 10111 11111 11111 10111  9111  9111  9111 11111 12111 11111 10111 10111 10111  8111  8111 11111 11111  9111  8
0512111  8111  8111  9111  9111  8111  8111 10111 12111 11111 13111 13111 10111 10111 10111  8111  5111  5111  6111  7111  8111  8111  6111  3111  3111  3111  4111  5111  5111  3111  4111  6111  6111  4111  3111  4111  6111  7111  7111  7111  6111  6111  5111  5111  5111  5111  5111  5111  5111  4111  4111  5111  7111  8111  9111  9111  8111  6111  6111  6111  7
0513111  8111 10111 10111 11111 11111 12111 13111 13111 14111 16111 16111 12111 10111  9111  9111 10111 11111 10111  8111  8111 11111 13111 11111  9111  9111  9111 11111 12111 13111 13111 12111 12111 13111 13111 14111 13111 11111 10111  9111  7111  7111  7111 10111 14111 19111 20111 14111  8111  8111  8111  7111  6111  9111 11111 12111 15111 14111 11111  8111  4
0514111  5111  8111 11111 13111 16111 15111 12111 14111 16111 13111 13111 11111  7111  9111 12111 12111 10111  9111 10111 11111 11111 10111 11111  9111  6111  6111  7111  7111  8111  9111  9111  8111  9111  9111  7111  8111  9111 11111 13111 11111  8111  6111  6111  5111  4111  6111  9111 10111  9111  7111  8111  7111  6111  7111 10111 12111  8111  5111  4111  2
0515111  4111  6111  6111  5111  6111  8111 10111 10111  7111  5111  4111  5111  6111  7111  7111  7111  6111  7111  6111  5111  6111  6111  6111  4111  3111  3111  2111  2112  5112  8111  9111  9111 12111 17111 18111 16111 13111 12111 10111  8111 11111 14111 15111 15111 12111 10111 11111 13111 11111 10111 11111 12111 13111 11111 10111 10111 11111 10111  9111  9
0516111  8111  7111  6111  7111  6111  4111  3111  5111  7111  7111  6111  6111  6111  8111  9111 10111 10111 11111 11111 10111  9111  8111 10111  9111  9111 11111 11111 10111 10111 10111 12111 11111  9111  9111  7111  8111 10111 10111 11111 11111 11111 11111 10111  9111  9111 10111 10111  6111  5111  6111  9111 12111 10111  9111  9111  8111  6111  6111  6111  5
0517111  6111  6111  7111 10111 14111 13111 11111  9111  8111  9111 10111 10111 10111  9112  7112  7112  8112  9112  9111 10111 12111 13111 13111 13111 13111 14111 14111 14112 12111  9111 12112 14112 14112 16112 15230  6112 16112 13112 12112 11112  9112 10112 10112 10112 14112 13112 10112  8112  5112  4112  3112  4112  5112  7112  8112  8112  9112 11112 11112 12
0518112 12112 15112 16112 14112 14112 13112 12112 11112 11112 10112  9112  8112  8112  8111  6112  4112  4112  5112  6112  9112 10112 11112 13112 16112 14112 12112 13112 12112 11112 12112 10112  9111 11112 12112 11112 10112 11112 11112 10111 10111 10111  9112  8111  9111  9111 10111 10111 10111 10111 12111 12111 12111 11111  8111  7111  7111  6111  5111  6111  4
0519111  3111  3111  4111  6111  8111  8111  7111  7111  8111 10111 12111 12111 11111 11111 11111 13111 14111 12111 11111 12111 13111 13111 13111 12111 10111  9111 10111 10111  8111  7111  4111  3111  4111  6111  6111  4111  3111  3111  2111  2111  4111  6111  8111  8111  7111  7111  8111 10111 11111  8111  5111  6111  8111  8111 10111 14111 14111 14111 13111 13
0520111 16111 14111 11111  9111  9111  9111 10111 13111 14111 14111 12111  8111  6111  7110  9110  9110 11110 15110 16110 16110 16110 15110 13110 13111 12111 12111 10111 11111 12111 11111 10111  8110  9111 10111  8110  8110  7110  6110  6110  8110  8110  8110  9110  9110 10110 13110 11110 13110 16110 15110 14110 13110 14110 15110 17110 16110 11110  8110  7110 10
0521110 12110 10110  8110  6110  8110 12110 14110 16110 21110 22110 18110 13110 10110 10110 10110 11110 12110 12110 10110  9110 12110 15110 14110 11110  8110  8110 10110 10110 13110 15110 14110 14110 11110  9110  8110  9110 10110 11110 17110 17110 12110 14110 18110 20110 18110 14110 18110 23110 24110 23234  4110 13110 18110 20110 16110 17110 19110 25110 30110 26
0522110 21110 21110 21110 22110 25110 22110 19110 19110 25110 27110 20110 24110 30110 29110 24110 22110 25110 23110 23110 31110 31110 34110 35110 26110 21110 24110 30110 29110 30110 30110 24110 28110 31110 22110 23110 34110 38110 37110 32110 28110 31110 26110 21110 25110 19110 14110 16110 22110 22110 23110 23110 25110 27110 26110 32110 33110 28110 27110 29110 26
0523110 21110 21110 24110 19110 15110 13110 18110 26110 26110 28110 27110 22110 21110 19110 14110 13110 14110 16110 22110 24110 19110 21110 23110 28110 33110 31110 33110 31110 25110 24110 27110 25110 25110 33110 30110 23110 25110 26110 25110 25110 24110 29110 25110 26110 34110 32110 35110 35110 35110 33110 29110 29110 29110 26110 31110 36110 38110 33110 24110 23
0600110 28110 36110 35110 35109 39109 31109 30109 28109 18109 23109 31109 30109 30109 23109 18109 28109 40109 38109 33109 34109 35109 36109 32109 30109 36109 39109 40109 37109 39109 47109 46110 42110 41110 39110 38110 37110 33110 27110 24110 20110 15110 24110 34110 34110 26109 20109 20109 33109 42109 37109 30109 31109 41109 42109 40109 42109 40109 42109 44109 31
0601109 32109 32109 25109 32109 38109 37109 40109 40109 40109 46109 38109 29109 32109 30109 30109 27109 23109 30109 28109 28109 33109 32109 33109 44109 52109 43109 35109 36109 30109 32109 46110 50109 46109 43109 44109 50109 55109 46109 49109 60109 43109 34109 39109 39109 32109 26109 30109 39109 50109 45110 42110 49110 46110 41110 38110 37110 39110 51110 61110 53
0602110 38109 28109 36109 47109 51128  3109 53109 51109 50109 45109 38109 44109 49109 41109 39109 34109 33109 35109 35109 31109 33109 33109 31109 37109 47109 45109 32109 32109 37109 39109 38109 36109 33109 33109 30109 20109 23109 41109 45109 34109 29109 31109 35109 31109 21109 20109 30109 36109 33109 32109 40109 41109 42109 51109 46109 38109 39110 41110 40110 41
0603110 48110 46110 40110 46110 50110 45110 35110 29110 36110 45110 41110 43110 41110 32110 29110 30110 35110 33110 29110 27110 30110 33110 35110 36110 49110 54110 41110 41110 45110 42110 42110 44110 44110 44110 43110 43110 45110 44110 39110 40110 51110 53110 50110 47110 53110 53110 43110 38110 44110 51110 46110 43110 44110 45110 50110 55110 51110 47110 43110 44
0604110 45110 43110 45110 46110 36110 28110 36110 38110 35110 30110 35110 50110 50110 44110 45110 45110 48110 44110 43110 45110 39110 38110 39110 41110 46110 47110 39110 32110 33110 34110 40110 44110 41110 43110 41110 32110 34110 39110 39110 43110 38110 41110 42110 36110 35110 34110 30110 27110 31110 34110 29110 29110 29110 24110 26110 35110 37110 37110 40110 42
0605110 42110 39110 41110 37110 36110 32110 24110 30110 33110 30110 32110 37110 41110 38110 33110 29110 30110 29110 30110 32110 38110 39110 31110 32110 32110 25110 22110 31110 36110 33110 38110 42110 43110 38110 28110 35110 36110 27110 27110 27110 26110 28110 29110 31110 36110 33110 32110 41110 37110 22110 16110 17110 17110 23110 33110 33110 36110 36110 31110 31
0606110 35110 36110 35110 34110 34110 31110 28110 30110 27110 19110 19110 32110 31110 23110 24110 28111 34111 44111 43110 31 67  4111 26111 26110 30110 33110 27111 22111 26111 26111 21111 25111 26111 22111 21111 22111 25111 20111 17111 20111 19111 20111 24111 26111 28111 32111 33111 31111 25111 21111 18111 20111 21111 15111 18111 21111 22111 23111 18111 12111 10
0607111 14111 19111 22111 25111 25111 22111 26111 30111 29111 27111 27111 24111 18111 14111 12111 13111 15111 23111 31111 31111 23111 20111 21111 17111 14111 13111 15111 13111 10111 12111 16111 19111 20111 19111 16111 13111 11111 13111 15111 14111 14111 18111 15111 11111 10111 10111  9111 10111 10111  8111  9111  9111 10111 11111 11111 11111 11111 10111  9111 10
0608111 11111 10111 10111 11111  9111 10111 10111  8111  7111  6111  6111  7111  7111  6111  5111  5111  6111  5111  6111  7111  7111  8111  9111 12111 12111 10111 11111 13111 15111 16111 14111 12111 12111 11111  8111  9111  8111  5111  6111  8111  6111  7111  9111  8111  8111  7111  8111  8111  9111 10111 10111 10111  9111  9111 10111  9111  9111 10111  9111  6
0609111  7111  7111  7111  7111 11111 12111 10111  9111  9111 11111 10111  7111  7111  6111  6111  7111  7111  6111  7111  8111  9111 10111 15111 19111 20111 22111 22111 22111 22111 20111 20111 21111 18111 17111 20111 17111 17111 19111 18111 18111 16111 15111 21111 26111 27111 32111 31111 26111 28111 27111 26111 28111 26111 25111 24111 22111 23111 21111 22111 25
0610111 23111 19111 17111 19111 18111 16111 16111 18111 23111 24111 21111 18111 19111 24111 22111 19111 18111 14111 13111 15111 19111 21111 19111 17111 15111 15111 17111 16111 16111 14111 14111 13111 12111 11111  8111  9111 10111  8111  6111  6111  4111  3111  6111  7111  6111  7111  8111  7111  7111  6111  5111  5111  5111  5111  5111  4111  3111  3111  2111  1
0611111  2111  4111  6111  7111  8111  8111  7111  6111  7111 10111 10111 11111 12111 12111 11111  8111  9111  9111  9111 10111 11111  9111  7111  5111  7111 10111 13111 12111 11111  9111 10111 11111 10111 11111 13111 13111 13111 12111 13111 13111 14111 14111 12111 10111  9111  8111  9111  9111  8111  9111  9111  9111  7111  6111  7111  7111  7111  5111  6111  8
0612111  9111  8111  7111  7111  6111  6111  5111  6111  7111  9111  9111  7111  7111  5111  3111  2111  3111  4111  3111  2  0  0  0  0  0  0  0  0  0  0  0  0111  1111  2111  4111  6111  7111  7111  7111  7111  8111  7111  7111  5111  4111  4111  4111  3111  4111  5111  7111  7111  8111  9111  9111  8111  8111  8111  8111  8111  7111  4111  3111  3111  3111  3
0613111  2111  2111  2111  2111  2111  3111  3111  3111  3111  3111  4111  4111  4111  3111  4111  4111  4111  3111  3111  3111  3111  3111  5111  6112  7111  6111  5111  5111  4111  4111  4111  3111  2  0  0112  2111  3112  4111  4111  5111  5111  4111  4111  4111  3112  2112  2111  2112  2112  1  0  0  0  0112  1112  2112  1111  2111  3111  6111  8112 10111 13
0614112 12112  9112 10112 11111 13111 15111 12111 11111 12111 12111 12111 13111 14111 12111 10111 12111 12111  9111  9111 10111 10111 10111 11111 12111  9111  7111  7111  5111  3111  2111  2112  2111  2111  1111  1111  2111  2111  3111  4112  4112  3112  3112  4112  4112  5112  6112  7112  8112  9112 10112 11112 11112 11112 12112 12112 13112 12112 11112  9112  8
0615112  9112 10112 10112 11112 12112 13112 12112 11112  9112 10112 11112 13112 13112 11112 12112 16112 18112 14112  9112  8112 10112 11112 12112 11112  8112  8112  9112  9112  9112 11112 11112 10112 11112 14112 17112 19112 19112 17112 15112 14112 12112 10112 10112  8112  7112  7112  6112  5112  3112  2112  2112  2112  3112  5112  4112  2112  1  0  0112  1112  2
0616112  2  0  0  0  0112  2112  3112  4112  4112  4112  3112  1112  2112  4112  5112  4112  4112  4112  5112  6112  4112  2112  1  0  0  0  0  0  0  0  0112  2112  3112  3112  2112  1112  1  0  0112  1112  2112  1  0  0  0  0  0  0  0  0  0  0112  1112  2112  2112  2112  3112  2112  2112  2112  2112  2112  2112  2112  3112  3112  2112  2112  2112  1112  1112  1
0617112  2112  2112  2112  2112  2112  2112  2112  2112  2112  2112  2112  2112  3112  4112  4112  4112  4112  4112  5112  4112  4112  3112  4112  5112  5112  5112  5112  4112  3112  3112  3112  4112  4112  4112  4112  5112  5112  5112  5112  5112  5112  5112  4112  4112  4112  3112  2112  2112  2112  2112  1  0  0  0  0  0  0  0  0112  2112  2112  2112  2112  2
0618112  2112  3112  3112  4112  4112  4112  4112  4112  5112  5112  4112  5112  6112  5112  5112  4112  4112  4112  4112  5112  5112  6112  6112  6112  6112  6112  6112  6112  5112  5112  4112  4112  5112  5112  4112  4112  5112  5112  4112  4112  3112  3112  3112  3112  3112  3112  3112  3112  3112  3112  3112  3112  4112  4112  4112  4112  4112  3112  2  0  0
0619  0  0  0  0  0  0  0  0  0  0  0  0  0  0  0  0  0  0  0  0  0  0  0  0  0  0  0  0  0  0  0  0  0  0  0  0  0  0  0  0  0  0  0  0  0  0111  2111  3111  3111  4111  4111  5111  5111  4111  5111  5111  6111  5111  5111  5111  5111  5111  5111  4111  3111  3111  2111  2111  2111  2111  2111  3111  3111  2111  3111  2111  3111  4111  4111  5111  7111  7110  6
0620110  6110  6110  5110  5110  7110  7110  5110  5110  5110  3110  2110  2110  3110  4110  5110  5110  4110  6110  8110  8110  8110  7110  7110  7110  7110  9110  9110  8110 10110 11110  9110  8110  7110  5110  6110  7110  8110  8110  8110  7110  7110  9110  9110  7110  4110  2110  3110  3110  2110  2110  2110  4110  6110  9110 11110 10110 10110  9110 10110 11
0621110  7110  8110 13110 15110 15110 16110 16110 16110 15110 13110 13110 13110 11110 11110 11110 10110  8110 10110 11110 10110  9110  7110  7110 10110 12110 12110 10110  7110  4110  3110  2110  2110  2110  4110  6110  7110  8109  9109 11109 15109 15109 15109 18109 20109 21109 18109 18109 18109 16109 13109  8110 10110 16110 20109 25110 26110 24110 23110 18110  9
0622110  8110 17110 21110 17110 16110 20110 21110 20110 19110 16110 18110 19110 15110 12110 10110 10110 14110 17110 15110 14110 17110 21110 20110 21110 19110 12110 16110 22110 24110 23110 22110 26110 26110 22110 17110 17110 18110 15110 11110 12110 15110 17110 17110 14110 12110 19110 27110 26109 23109 17109 13109 17109 18109 20109 21109 18109 16109 10109 15109 24
0623109 23109 21109 23109 29109 31109 28109 20109 10109 15109 20109 17109 24109 25109 23109 23109 16109 11109  9109 10109 14109 25109 35109 37109 27109 16109 12109  8110 22110 37109 33110 27110 23110 17110 16110 17110 19109 22109 21109 23109 25109 24109 27109 30109 32109 24109 12109 12109 14109 24109 34109 35109 30109 24109 24109 25109 24109 24109 27109 30109 21
0700109 12109 17109 19109 13109  9109 21109 37109 40109 33109 28109 32109 32109 28109 32109 38109 36109 31109 26109 19109 14109  9109 10109  9109 12109 31109 35109 25109 31109 33109 23109 11109 13109 21109 20109 15109 12109 18109 29109 29109 23109 21109 20109 21109 24109 25109 25109 26109 26109 25109 27109 30109 33109 32109 22109 16109 13109 14109 14109 13109 15
0701109 20109 22109 20109 18109 16109 10109 10109 13109 10109  8109  5109 10109 20109 19109 17109 16109 19109 20109 24109 27109 23109 28109 32109 26109 20109 17109 16109 16109 24109 31109 26109 20109 18109 13109 17109 25109 23109 24109 26109 22109 17109 15109 11109  6109  8109 15109 17109 15109 17109 16109 19109 23109 28109 26109 20109 13109 12109 23109 29109 35
0702109 37109 34109 31109 27109 24109 23109 20109 19109 16109 11109 17109 28109 35109 28109 17109 15109 17109 23109 32109 33109 31109 35109 34109 22109 19109 19109 25109 30109 26109 22109 22109 15109  9109  7109  7109  8109 17109 26109 24109 18109 18109 21109 19109 14109 13109 10109  9109  7109  5109 11109 18109 23109 29109 28109 23109 18109 15109 16109 13109 10
0703109  7109  6109  9109 11109 17109 19109 12109 10109 10109 10109 10109 13109 14109 15109 20109 19109 16109 19109 18109 14109 17109 18109 10109  5109  8109 14108 13108 10108 10108 13108 19108 19108 14108 13108 11108  7108  9108 14108 18108 18108 12108 10108 10108  7108 13108 18108 22109 26109 27109 27109 21109 20109 22109 22109 20109 15109 13109 13109 12109 11
0704109 11109 10109  9109 16109 23109 22109 19109 13109 14109 20109 19109 18109 16109 12109 10109 18109 22109 18109 16109 11109  9109  5109  5109  7109  7109  7109  7109 11109 16109 15109 12109 10109 13109 17109 16109 17109 21109 24109 19109 14109 15109 16109 15109 15109 16109 18109 19109 16109 15109 13109 13109 12109 15109 21109 21109 21109 20109 21109 19109 16
0705109 16109 16109 12109 11109 14109 19109 21109 24109 23109 15109 14109 12109 11109 14109 13109 12109 12109 12109 11109 12109 15109 19109 16109 11109 14109 14109 11109 14109 13109 12109 17109 20109 19109 18109 19109 17109 16109 16109 13109 14109 16109 14109 10109  9109 17109 17109 11109 11109 10109 13110 13110  9110  7110  5110 11110 17109 14109 13110 14110 10
0706110  7110 12110 15110 13110 10110  9110  8110 10110 12110 11110 13110 14110 13110 13110 11110 12110 13110 11110 11110 11110  8110  8110 10110 10110 10110  7110  4110  2110  3110  5110  4110  3110  2  0  0110  2110  4110  6110  6110  5110  3110  3110  3110  4110  4110  4110  4110  3110  3110  2110  2110  4110  5110  4110  3110  3110  4110  4110  4110  5110  6
0707110  6110  5110  5110  5110  5110  5110  5110  6110  6110  6110  5110  5110  4110  3110  3110  3110  3110  5110  6110  6110  8110  8110  7110  8110  8110  7110  7110  7110  7110  7110  7110  6110  6110  6110  6110  6110  7110  7110  7110  7110  7110  7110  7110  7110  7110  7110  7110  7110  6110  6110  6110  6110  6110  5110  5110  5110  6110  5110  5110  5
0708110  5110  4110  5110  5110  5110  5110  5110  5110  6110  6110  7110  7110  7110  7110  7110  6110  6110  5110  4110  5110  7110  7110  6110  5110  5110  5110  5110  6110  7110  6110  5110  6110  6110  5110  5110  5110  5110  5110  4110  4110  4110  4110  6110  7110  7110  6110  6110  6110  7110  7110  8110  7110  7110  7110  6110  6110  5110  5110  5110  5
0709110  5110  6110  7110  7110  6110  6110  6110  5110  5110  5110  5110  3111  2111  2111  4111  6111  8111  9111  8111  7111  7111  6111  6111  6111  7111  7111  8111  8111  7111  7111  6111  5111  5111  5111  4111  4111  4111  3111  3111  3111  3111  3111  2111  2111  2111  3111  4111  5111  5111  5111  4111  5111  6111  7111  8111  9111  8111  7111  6111  5
0710111  4111  4111  4111  3111  2111  1111  1111  1111  2111  2111  3111  3111  3111  3111  3111  3111  3111  3111  3111  4111  5111  6111  5111  6111  7111  7111  6111  4111  2111  2111  2111  4111  6111  7111  6111  5111  4111  5111  7111  8111  7111  6111  4111  4111  4111  3111  3111  4111  4111  4111  4111  5111  6111  6111  6111  6111  6111  6111  5111  5
0711111  5111  6111  6111  6111  5111  5111  5111  5111  5111  4111  4111  3111  3111  3111  3111  3111  4111  4111  4111  5111  5111  4111  3111  4111  4111  3111  3111  4111  4111  3111  1111  2111  3111  3111  4111  5111  5111  5111  6111  7111  7111  7111  7111  8111  8111  6111  5111  6111  6111  6111  6111  7111  8111  9111 10111 10111  8111  5111  3111  3
0712111  4111  3111  3111  3111  1  0  0111  2111  4111  5111  4111  4111  4111  4111  4111  3111  2111  3111  3111  3111  3111  4111  4111  3111  2111  1111  1111  1  0  0  0  0  0  0  0  0  0  0111  1111  2111  1111  1  0  0111  1111  1111  2111  3111  3111  2111  2111  2111  2111  2111  2111  3111  3111  3111  2  0  0  0  0  0  0  0  0  0  0  0  0  0  0  0  0
0713  0  0  0  0111  1111  1111  2111  2111  2111  2111  2111  1  0  0  0  0  0  0  0  0  0  0  0  0  0  0  0  0  0  0  0  0  0  0  0  0  0  0  0  0  0  0  0  0  0  0  0  0111  2111  2111  2111  3111  4111  5111  5111  4111  4111  5111  4111  3111  3111  3111  4111  3111  3111  5111  6111  6111  5111  4111  3111  3111  3111  3111  3111  3111  2111  2  0  0  0  0
0714111  2111  2111  2111  2111  1  0  0  0  0  0  0  0  0  0  0  0  0  0  0  0  0  0  0  0  0  0  0  0  0  0  0  0  0111  1111  1111  2111  1111  1111  2111  2111  3111  3111  4111  4111  4111  5111  6111  5111  5111  5111  4111  3111  4111  3111  3111  3111  2111  2111  2  0  0  0  0  0  0111  1  0  0  0  0  0  0  0  0  0  0  0  0  0  0  0  0  0  0111  1111  2
0715111  2111  2111  2111  3111  3111  4111  4111  4111  4111  4111  3111  3111  3111  4111  3111  3111  3111  3111  2111  2111  3111  2111  2111  1111  1111  1111  2111  2111  2111  2111  2111  3111  4111  6111  7111  8111  7111  7111  6111  4111  3111  2111  1  0  0111  1  0  0  0  0  0  0  0  0  0  0  0  0  0  0111  2111  3111  3111  4111  4111  4111  4112  4
0716111  4111  5111  5111  5111  4111  4112  4112  3112  3112  3112  3112  3112  3112  3112  2112  2112  2112  3112  3112  2112  2112  2112  1112  1112  1112  1112  1112  1112  1112  1112  1112  1  0  0  0  0  0  0  0  0  0  0  0  0112  2112  3112  4112  4112  4112  4112  4112  5112  5112  5112  4112  5112  5112  6112  7112  8112  8112  8112  9112  8112  8112  9
0717112  8112  7112  6112  6112  7112  7112  7112  7112  7112  8112  8112  8112  7112  7112  8112  9112  9112  9111  9112  9112  7112  8112  8112  8111  8111  7111  6112  6112  6112  6112  4112  3112  3112  2112  2112  1  0  0  0  0  0  0  0  0  0  0112  2112  3112  4112  4112  4112  3112  2  0  0  0  0  0  0  0  0  0  0  0  0112  1112  1  0  0  0  0  0  0  0  0
0718  0  0  0  0  0  0  0  0112  1112  3112  3112  4112  4112  5112  5112  6112  7112 11112 14112 16112 16112 16112 15112 13112 11112  9112  8112  7112  5112  4112  4112  5112  4112  5112  5112  4112  3112  1112  1112  1112  1112  2112  3112  4112  4112  3112  3112  4112  4112  4112  4112  3112  2112  3112  3112  2112  2112  3111  4111  4112  3112  3111  2111  2
0719111  3111  3111  3111  4111  2  0  0  0  0111  2111  3111  4111  4111  4111  5111  5111  6111  7111  7111  6111  6111  6111  6111  5111  6111  6111  4111  2111  2111  4111  5111  6111  7111  9111  9111  9111  8111  6111  5271  9111  5111  5111  4111  3111  3111  3111  4111  5111  5111  6111  6111  6111  5111  4111  4111  5111  4111  3111  3111  2111  1110  1
0720110  2110  2110  1  0  0110  1110  3110  3110  3110  3110  4110  3110  1110  1110  1110  2110  3110  2110  2110  2110  1  0  0  0  0  0  0110  2110  2110  3110  2110  1110  1110  3110  5110  4110  4110  2  0  0  0  0109  2109  4109  6109  6109  6109  6109  6109  5109  3109  2109  3109  3109  2109  3109 10109 13109  9109  9109 11109 16109 15109  7109  7109 10
0721109  8109  6109  8109 10109 16109 19109 14109 10109 12109 14109 13109 16109 18109 15109 13109  9109 10109 13109 14109 14109 11109  9109  9109  9109  8109  8109 13109 17109 14109 11109 11109 12109 13109 13109 11109 12109 13109 12109 10109 11109 11109 13109 16109 14109 13109 14109 15109 13109 10109  8109 13109 18109 20109 19109 14109  8109  8109 13109 16109 16
0722109 14109  9109 10109  9109  7109 12109 14109 13109 13109  8109  5109  6109  6109 10109 13109 14109 16109 15109 13109 11109 15109 21109 23109 19109 13109 19109 22109 18109 20109 28109 28109 29109 35109 31109 20109 14109 14109 19109 16109 11109 18109 30109 34109 32109 28109 30109 29109 26109 26109 21109 18109 21109 21109 15109 10109 12109 20109 21109 16109 17
0723109 19109 15109 14109 22109 24109 21109 22109 21109 15109  9109 13109 23109 29109 28109 26109 25109 25109 23109 15109 11109 12109 11109  9109  6109  7109 11109  8109 16109 31109 36109 30109 20109 17109 19109 25109 26109 25109 24109 19109 14109  8109  7109 15109 18109 22109 29109 23109 16109 17109 21109 27109 32228  1109 24109 25109 25109 21109 21109 18109 11
0800109  7109  9109 12109 12109 10109 16109 25109 33109 35109 26109 16109 16109 19109 21109 21109 16109 16109 18109 14109 11109 14109 21109 28109 28109 27109 28109 22109 19109 22109 23109 19109 13109 17109 24109 25109 27109 27109 23109 21109 19109 14109 10109  7109  5109  8109 14109 22109 25109 19109 17109 17109 16109 16109 18109 27109 26109 20109 17109 19109 21
0801109 16109 21109 28109 21109 15109 16109 19109 16109 18109 26109 29109 29109 27109 24109 16109 12109  6109  4109  8108  8108  7108  8108 14108 22108 26108 24108 20108 17108 17108 18108 16108 16108 19108 23108 24108 23108 19108 15108  9108  6108  8108 11108 12108 10108 15108 21108 20108 20108 19108 21108 21108 21108 19108 18108 19108 21108 20108 17108 17108 13
0802108 10108 14108 17108 14108 10108 12108 18108 20108 24108 25108 19108 16108 10108  6108 15108 18108 11108  9108 13108 17108 16108 14108 12108 11108 11108  8108  7108 10108 14108 13108 15108 20108 25108 27108 24108 22108 19108 18108 16108 12108  9108 17108 23108 16108 13108 18108 20108 21108 25108 26108 21108 21108 24108 22108 20108 16108 12108 13108 14108 11
0803108  7108  6108  6108  6108  7108 10108 13108 14108 10108 10108 11108 13108 16108 15108  8108  5108  7108 10108 11108  7108  9108 16108 19108 18108 15108 15108 15108 18108 28108 32108 30108 28108 29108 35108 35108 31108 32108 31108 25108 20108 21108 22108 21108 25108 30108 27108 25108 19108 14108 13108  9108  6108  8108 10108 11108 10108  7108  5108  5108  4
0804108  4108 16108 22108 16108 18108 19108 16256  8108  9108  6108 13108 19108 17108 14108 10108  8108  7108  9108 10108 11108 15108 21108 26108 24108 21108 19108 16108 11108  8108  9108 12108 16108 16108 14108 17108 17108  8108  5108  7108 12108 18108 20108 20108 11108  6108  9108 16108 20108 23108 24108 23108 18108 13108 15108 19108 18108 15108 13108 12108 14
0805108 15108 14108 12108 10108 11108 11108 10108 10108 13108 14108 11108 14108 20108 21108 17108 16108 13108 13108 17108 17108 14108 11108 10108  7108  4108  6108  9108  9108 13108 15108 16108 20108 18108 15108 13108  9108  5108  2108  1108  2108  3108  4108  3108  6108  6108  7108  8108  8108  8108  7108  7108  7108  7108  7108  8108  9108 13108 14108 12108 11
0806108 10108 15108 18108 19108 18108 17108 17108 15108 12108 12108 15109 14109 12109 13109 14109 14109 13109 13109 13109 11109 12109 13109 10109  6109  7109 13109 16109 17109 16109 14109 11109 11109 13109 12109 15109 16109 13109 12109 12109 11109 10109 11109 12109 11109 11109 12109 11109 11109 12109 13109 13109 13109 13109 12109 12109 11109 11109 10109 10109 10
0807109 10109 10109 10109  9109  8109  9109  9109  8109  7109  7109  8109  7109  7109  7109  7109  7109  6109  7109  6109  5110  6110  7110  6110  6110  6110  5110  4110  3110  2110  1  0  0110  1110  1110  6110 12110 14110 14110 12110  9110  7110  8110  7110  6110  7110  8110  9110 11110 13110 14110 12110 10110 11110 13110 14110 14110 13110 14110 15110 13110 12
0808110 11110 11110 10110  9110  9110  9110  9110  8110  7110  8110  8110  7110  7110  9110 10110 10110 10110  9110  8110  8110  7110  7271  2110  6110  7110  7110  8110  9110  9110  9110  9110 10110 12110 12110 12110 10110  9110  8110  7110  6110  6110  5110  4110  3110  3110  3110  4110  7110 11110 15110 17110 17110 17110 14110 12110  9110  7110  7110  8110  8
0809110  8110  9110 11110 12110 13110 15110 17110 16110 16110 19110 20110 19110 18110 19110 21110 19110 22110 22110 19110 17110 16110 17110 16110 14110 13110 13110 11110 11110 10110  8110  7110  6110  6110  6110  7110  7110  6110  5110  4110  4110  4110  3110  2110  2110  2110  2110  2110  2110  1  0  0  0  0  0  0  0  0  0  0  0  0  0  0  0  0  0  0  0  0  0  0
0810  0  0  0  0  0  0  0  0  0  0  0  0  0  0  0  0  0  0110  1110  2110  3110  3110  3110  2110  2110  2110  2110  2110  3110  2110  2110  2110  2110  2110  2110  2110  2110  2110  2  0  0  0  0  0  0  0  0  0  0  0  0  0  0  0  0  0  0  0  0  0  0110  1110  2110  2110  3110  3110  2110  3110  3110  3110  2110  3110  4110  5110  6110  6110  7110  8110 10110 10
0811110  9110  9110  9110  9110  9110  8110  7110  6110  5110  4110  4110  5110  4110  4110  3110  1  0  0  0  0110  2110  4110  5110  4110  3110  2110  3110  6110  7110  6110  6111  6111  7111  7111  6110  4110  3110  2110  2110  1  0  0110  1111  2111  2111  2111  2111  2111  2111  2111  3111  3111  2111  2111  2111  3111  4111  4111  4111  4111  3111  3111  3
0812111  2111  2111  2111  2111  2111  2111  3111  3111  3111  4111  4111  4111  5111  6111  6111  6111  6111  5111  5111  5111  5111  5111  5111  4111  4111  5111  6111  8111  8111  8111  8111  8111  9111  8111  6111  5111  5145  4111  5111  5111  5111  5111  5111  5111  6111  5111  5111  5111  6111  6111  7111  7111  8111  9111  8111  9111  9111  8111  6111  5
0813111  4111  5111  5111  5111  6111  5111  3111  3111  3111  2111  1111  1111  1111  2111  3111  3111  3111  2111  3111  3111  3111  4111  4111  4111  4111  4111  4111  5111  4111  3111  3111  2111  2111  2111  1111  1111  1111  1111  1111  1111  2111  2111  3111  4111  5111  5111  5111  5111  5111  5111  5111  5111  5111  5111  4111  4111  4111  3111  4111  4
0814111  3111  4111  6111  5111  4111  3111  5111  6111  6111  8111  9111  8111  8111  8111  8111  7111  6111  5111  4111  5111  5111  5111  4111  4111  4111  3111  3111  4111  5111  6111  5111  4111  4111  5111  4111  3111  3111  5111  5111  4111  4111  3111  3111  3111  2111  3111  2111  2111  3111  3111  3111  3111  3111  3111  4111  6111  8111  7111  7111  6
0815111  6111  7111  7111  7111  7111  5111  5111  4111  4111  4111  5111  5111  6111  6111  7111  6111  6111  5111  5111  6111  7111  7111  7111  7111  8111  9111  9111 10111 10111 10111 10111  9111  9111  9111  8111  9111 10111  9111  8111  7111  7111  7111  7111  7111  7111  6111  6111  6111  6111  5111  5111  5111  6111  5111  5111  6111  6111  5111  5111  6
0816111  8111  8111  8111  7111  7111  6111  5111  5111  5111  5111  5111  7111  8111  9111  9111  9111 10111 11111 11111 12111 11111 11111 12111 12111 12111 11111 11111 12111 10111  8111  9111  9111  8111  9111 10111 11111 10111 12111 13111 13111 11111 10111  9111  8111  8111  8111  8111  7111  4111  7111 10111 10111 11111 10111  7111  8111  6111  4111  3111  4
0817111  5111  4111  5111  6111  9111 12111 12111  9111 11111 10111  6111  6111  8111  7111  6111  6111  6111  6111  5111  6111  5111  4111  3111  5111  7111  5111  5111  5111  5111  6111  6111  5111  5111  5111  8111  9111  8111  9111 10111 10111 10111  9111  9111 10111 10111 10111 12111 14111 13111 12111 12111 10111  8111  9111  9111  7111  7111  6111  5111  5
0818111  5111  4111  4111  4111  5111  6111  5111  5111  5111  5111  5111  5111  6111  6111  5111  4111  5111  5111  6111  6111  7111  8111  9111  8111  7111  7111  8111  8111  7111  8111  8111  8111  8111  6111  6111  7111  6111  5111  6111  7111  8111  7111  7111  7111  6111  7111  9111  8111  9111 12111 11111 10111  8111  6111  8111 11111 12111 11111  9111 11
0819111 11111  9111 10111 12111 11111 11111 12111 11111 12111 13111 12111 13111 14111 12111 12111 11111 13111 15111 12111 11111 13111 12111 11111 12111 13111 12111 13111 12111 11111 11111 13111 15111 16111 13111 11111 12111 13111 12111 12111 15111 12111 11111 13111 13111 12111 10111 11111 15111 17111 14111 12111 14111 14111 12111 13111 13111 15111 16111 16111 17
0820111 13111 11111 10111 10111  9111  7111  5111  7111 10111 10111 12111 14111 14111 15111 13111 10111 12111 12111 10111 10111 12111 14111 15111 13111 14111 15111 13111 14111 12111 11110 13110 15110 13110 13110 12110 13110 13110  9110  8110 11110 14110 15110 13110 13110 10110  9110 10110 11110 11110 11110 10110 13110 14110 12110 14110 13110  8110  5110  6110 10
0821110 10110  9110 13110 15110 14110 11110 11110 12110 11110  9110  6110  7110 11110 12110 15110 17110 14110 12110 16110 16110 10110 10110 15110 12110 10110 13110 14110 12110 11110 15110 17110 14110 14110 12110 14110 16110 15110 16110 17110 19110 23110 23110 23110 19110 16110 17110 16110 18110 17110 19110 24110 21110 15110 15110 13110 12110 14110 17110 17110 15
0822110 14110 12110 10110 12110 11110 12110 13110 11110 10110  8110  8110 10110 18110 18110 13110 16110 21110 17110 11110 11110 12110 10110  8110  8110  6110  5110  8110  9110  9110 10110 10110 10110 11110 13110 13110 10110 10110 12110 15110 17110 16110 14110 14110 17110 17110 17110 22110 22110 18110 17110 17110 20110 20110 23110 25110 23110 21110 22110 23110 17
0823110 13110 13110 14110 16110 15110 16110 22110 28110 25110 19110 20110 23110 26110 26110 18110 18110 18110 12110 13110 15110 11110 14110 14110 11110 13110 15110 16110 13110 10110  9110  9110 13110 18110 19110 15110 12110 16110 18110 16110 18110 22110 22110 17110 15110 13110 14110 21110 28110 25110 18110 21110 21110 15110 17110 17110 12110 13110 15110 12110  8
0900110  9109 11109 15109 18109 14109 11109 13109 11109 10109 13109 16109 13109 10109 12109 13109 12109 14109 15109 15109 17109 19109 17109 12109 10109 10109 12109 15109 18109 17109 13109 10109 10109  8109  7109  9109 10109 15109 18109 15109 16109 17109 19109 21109 18109 15109 14109 12109 11109 12109 11109  8109  5109  5109  5109  4109  8109 11109 10109  9109  9
0901109  8109  7109  5109  4109  2109  2109  4109  3109  1109  2109  2109  1109  1109  2109  2109  2109  2109  3109  3109  3109  3109  4109  7109 10109 11109 10109  9109  8109  7109  7109  7109  7109  7109  5109  5109  5109  5109  4109  2  0  0  0  0109  2109  4109  6109  6109  6109  5109  4109  3109  3109  2  0  0109  2109  4109  6109  8109  8109  7109  5109  5
0902109  5109  6109  7109  6109  5109  6109  8109 11109 12109 11109 14109 16109 15109 16109 15109 18109 20109 16110 14110 20110 28110 29110 27110 25110 22110 26110 26110 28110 33110 30110 27110 31110 34110 31110 28110 23110 20110 16110 16110 16110 12110  7110 13110 19110 17110 15110 16109 19109 16109 18109 20109 15109 13109 16109 14109 11109 15109 15109 13109 16
0903109 20109 15109 11109 15109 13109 12109 13109 10109 11109 14109 14109 11109  8109  7109  8109  7109  9109 16109 20109 19109 21109 19109 19109 16109 13109 14109 13109 13109 13109 14109 15109 12109 16109 18109 14109 13109 12109 13109 18109 21109 16109 11109 10109 11109 13109 13109 11109  9109  9109  9109  8109  8109 10109 12109 13109 13109 15109 15109 15109 17
0904109 17109 15109 13109 15109 19109 16109 13109 10109  9109 14109 15109 13109 13109 13109 15109 20109 23109 22109 20109 15109  8109  9109 11109 10109 12109 14109 15109 13109 15109 19109 19109 12109  5109  5109  4109  6109 12109 13109  9109  9109 12109 12109 10109 12108 13108 14108 13108 10108 10108 15108 16108 13108 13108 15108 13108  9108  8108 10108 12108 13
0905108 11108 11108 15108 18108 19108 16108 14108 10108 11108 15109 15109 13109 14109 14109 12109  9109  9109  9109  9109 11109 11109 10109  7109  5109  6109  6109  7109  7109  5109  3109  4109  6109  6109  7109 10109 12109 13109 12109 11109 12109 10109  9109  9109  8109  8109  8109  7109  6109  6109  6109  5109  4109  3109  3109  3109  2109  1109  2109  3109  4
0906109  6109  8109  8109  7109  6109  8109  9109 10109 11109 10109  9109  9109  7109  6109  6109  5109  4109  5109  6109  8109 11109 12109 13109 14109 14109 14109 15109 16109 16109 16109 14110 12110 10110  9110  9110  9110  7109  6109  6110  7110  9110 11110 11110 10110  8110  8110 10110 11110 11110 11110  9110  8110  8110  8110  8110  9110  9110  8110  7110  5
0907110  4110  3110  3110  3110  2110  3110  6110  9110 13110 17110 18110 16110 13110 11110 12110 14110 16110 23110 28110 30110 29110 28110 27110 24110 19110 16110 17110 18110 15110 14110 12110  8110 11110 16110 17110 17110 17110 15110 17110 16110 16110 16110 15110 18110 16110 11110 11110 13110 14110 13110 11110 13110 13110 13110 15110 14110 13110 14110 16110 16
0908110 14110 11110 12110 13110 13110 11110 11110 11110  9110  9110 11110  9110  7110  7110  7110  6110  5110  5110  5110  7110  8110  9110  8110  8110  8110  8110  9110 11110 12110 16110 16110 14110 12110 10110  8110  8110  7110  7110  8110  8110  8110  8110  7110  4110  2  0  0110  1110  4110  6110  8110  9110 10110 12110 13110 14110 13110 11110 10110  8110  7
0909110  8110 10110 12110 11110  8110  6110  4110  3110  2110  2110  5110  8110 10110 10110  8110  6110  4110  3110  2110  2110  3110  4110  4110  4110  3110  2110  2110  2110  3110  3110  3110  4110  4110  4110  3110  3110  3110  4110  4110  3110  2110  2110  2110  3110  5110  8110 10110 12110 16110 19110 19110 19110 20110 18110 16110 14110 14110 15110 19110 20
0910110 19110 17110 18110 19110 19110 21110 18110 16110 16110 15110 14110 12110 10110  8110  8110  7110  6110  4110  6110  7110  6110  5110  4110  3110  2110  2  0  0  0  0  0  0110  2110  3111  4111  5111  6111  7111  8111  9111 10111 11111 10111 10111 10111  9111  9111  9111 10111 10111  9111  9111 10111 11111 11111  9111  7111  6111  5111  5111  4111  3111  4
0911111  3111  2111  2111  2111  2111  2111  3111  3111  4111  6111  7111  6111  5111  5111  6111  7111  7111  6111  6111  5111  5111  4111  4111  3111  2111  2111  2111  3111  3111  3111  3111  3111  2111  2111  1111  1  0  0  0  0  0  0  0  0  0  0111  2111  4111  6111  7111  8111  8111  8111  8111  8111  9111  9111  8111  9111 11111 15111 17111 16111 15111 15
0912111 15111 13111 11111  9111  8111  8111  7111  7111  7111  7111  7111  7111  6111  5111  5111  5111  5111  5111  6111  6111  6111  6111  6111  6111  6111  6111  7111  7111  8111  8111  7111  6111  6111  6111  5111  4111  3111  2111  2111  2111  2111  3111  4111  5111  5111  5111  5111  5111  5111  5111  5111  5111  5111  5111  4111  3111  3111  3111  4111  4
0913111  4111  4111  5111  5111  4111  4111  4111  4111  4111  5111  6111  6111  6111  7111  7111  8111  9111  9111  8111  8111  8111  8111  8111  8111  7111  7111  7111  7111  7111  8111  8111  8111  9111  9111  9111 10111  9111  8111  6111  3111  2111  2111  1  0  0  0  0  0  0  0  0  0  0  0  0  0  0  0  0  0  0  0  0  0  0111  1111  1111  2111  2111  3111  4
0914111  4111  4111  4111  4111  4111  3111  1  0  0111  1111  3111  5111  7111  8111  8111  8111  7111  6111  6111  5111  4111  5111  7111 10111 12111 13111 13111 13111 11111 10111  9111  8111  8111  7111  7111  6111  5111  6111  8111  8111 10111 11111 10111  9111  9111  7111  5111  4111  2111  1111  1111  1  0  0  0  0111  1111  2111  3111  3111  3111  2111  1
0915111  1111  2111  2111  2111  2111  1111  1  0  0  0  0  0  0  0  0  0  0  0  0  0  0  0  0  0  0  0  0111  1111  4111  5111  6111  7111  7111  7111  7111  7111  5111  3111  3111  4111  4111  3111  2111  2111  2111  3111  3111  4111  4111  4111  4111  4111  4111  4111  4111  3111  3111  3111  3111  2111  2111  2111  2111  2111  2111  2111  2111  1111  2111  2
0916111  3111  4111  5111  6111  6111  6111  7111  7111  8111  9111  8111  8111  7111  7111  6111  6111  6111  5111  5111  6111  8111  9111 10111 10111 10111 10111 11111 12111 13111 13111 12111 11111 10111  9111  8111  7111  8111 10111 11111 12111 12111 10111  8111  7111  7111  7111  7111  7111  7111  6111  6111  5111  5111  5111  5111  5111  6111  6111  6111  4
0917111  2111  2111  3111  4111  5111  6111  7111  8111 10111 10111 10111 11111 10111  8111  8111 11111 11111 11111 10111 10111 11111 11111 12111 11111 10111  9111 10111 10111 11111 10111 10111  8111  8111  8111 10111 10111 10111 11111 11111 11111 11111 10111 10111 10111  8111  9111  8111  9111 10111 10111 10111 11111 11111  9111  8111  7111  8111  8111  7111  7
0918111  6111  8111 12111 14111 15111 14111 10111  8111  8111  8111  9111  9111 11111 11111 11111 11111  8111  8111  9111 10111 10111 12111 12111 12111 12111 10111  8111  7111  7111  9111 10111 10111  9111  9111  8111  7111  8111  8111  8111  9111  9111 10111 10111  8111  7111  7111  7111  7111  9111  7111  6111  5111  5111  6111  6111  7111  7111  7111  5111  5
0919111  6111  8111  9111  9111  7111  7111  7111  8111  8111 10111 11111 11111 12111 10111  7111  6111  5111  3111  2111  3111  5111  5111  6111  6111  6111  4111  2111  3111  3111  2111  3111  4111  4111  4111  4111  5111  6111  5111  5111  4111  3111  3111  3111  2  0  0  0  0  0  0  0  0111  2111  5111  7110  6110  5110  4110  3110  4110  5110  5110  6110  8
0920110  8110  8110  6110  3110  2110  4110  5110  5110  4110  5110  5110  5110  8110  8110  7110  8110  6110  3110  3110  3110  4110  6110  5110  4110  4110  3110  3110  4110  8110  9110  7110  5110  6110  9110 12110 14110 15110 14110 16110 15110 12110 15110 16110 13110 12110 13110 13110 14110 15110 14110 14110 13110 13110 14110 13110 12110 13110 12110 10110 10
0921110 12110  9110  7110  8110  9110  9110  9110  8110  7110  7110  6110  4110  3110  3109  2109  2109  3109  4109  5109  5109  5109  5109  6109  5109  4109  2109  1109  5109  8109  8109  6109  6109  7109  5109  6109  6109  4109  7109 10109  8109  8109  7109  5109  4109  5109  6109  6109  5109  7109  6109  7109 11109 12109 13109 12109 12109 12109 11109 10109 10
0922109 12109 12109 13109 13109 11109 14109 18109 15109 15109 16109 12109 12109 12109 11109  9109 12109 16109 14109 11109 11109 10109  7109  3109  4109  6109  9109  9109 10109 14109 15109 13109  9109  7109 12109 16109 16109 16109 16109 16109 16109 13109 10109  9109 12109 16109 16109 11109  7109  3109  1109  4109  9109  9109 11109 17109 17109 13109 13109 16109 15
0923109  9109  5109  8109  8109  5109  4109  5109  7109 12109 14109 16109 17109 15109 14109 10109  8109 13109 17109 17109 16109 17109 14109  9109  8109  9109  9108  8108 17108 23108 16108  9108  9109 15109 18109 15109 16109 21109 20109 14109 13109 16109 18109 18109 17109 17109 16109 17109 15109 14109 17109 16109 17109 16109 16109 20109 28109 36109 28109 21109 27
1000109 29109 29109 25109 17109 16109 24109 24109 17109 17109 22109 25109 24109 24109 24109 21109 14109  9109  7109  9109 14108 13108  6108  8108 19108 24108 18108 18108 20108 17108 15108 17108 22108 28108 29108 26108 21108 18108 18108 17108 20108 25108 20108 11108  8108 11108 21108 26108 21108 18108 17108 21108 29108 32108 30108 23108 21108 28108 25108 19108 17
1001108 13108 11108 15108 23108 31108 35108 34108 29108 28108 28108 30108 34108 28108 24108 29108 27108 25108 24108 21108 18108 25108 29108 21108 20108 20108 21108 25108 28108 28108 32108 35108 32108 30108 34108 33108 27108 25108 28108 30108 31108 29108 25108 24108 28108 29108 23108 19108 25108 39108 39108 35108 31108 25108 23322  1108 17108 19108 20108 13108  9
1002108 10108 12108 17108 14108  7108  5108  6108 11108 14108 16108 24108 30108 31108 31108 32108 32108 26108 23108 26108 25108 17108 10108 13108 18108 14108 10108 16108 21108 21108 22108 22108 21108 23108 25108 21108 14108 12108 16108 17108 14108 15108 13108 19108 29108 37108 39108 39108 39108 29108 23108 19108 17108 20108 17108 11108  9108 14108 20108 21108 20
1003108 23108 28108 29108 31108 34108 37108 36108 35108 36108 33108 32108 29108 25108 27108 29108 24108 19108 23108 29108 31108 22108 15108 15108 16108 16108 22108 23108 24108 28108 26108 26108 25108 19108 16108 19108 29108 35108 29108 23108 21108 23108 27108 25108 19108 12108  5108  4108  4108  6108 12108 14108 17108 22108 24108 19108 13108 21108 31108 32108 29
1004108 28108 30108 27108 19108 14108 15108 14108 14108 22108 25108 20108 15108  8108  7108 18108 26108 22108 26108 27108 28108 35108 35108 25108 18108 26108 33108 32108 32108 28108 22108 24108 29108 32108 31108 24108 24108 26108 28108 27108 21108 19108 16108 11108 10108 12108 11108 14108 21108 24108 21108 17108 20108 26108 27108 23108 21108 24108 24108 23108 24
1005108 23108 22108 21108 17108 13108 13108 14108 15108 21108 30108 31108 29108 29108 28108 26108 23108 18108 18108 22108 23108 26108 27108 26108 26108 27108 25108 25108 26108 22108 20108 21108 19108 13108 13108 12108 12108 17108 18108 17108 17108 20108 29108 36108 34108 34108 33108 33108 32108 26109 25109 24109 25109 28109 26109 25109 27109 26109 25109 26109 22
1006109 17109 21109 26109 24109 22109 19109 19109 24109 26139  2109 29109 29109 23109 16109 18109 22109 22109 21109 21109 19109 18109 16109 16109 16109 17109 18109 19109 23109 24109 20109 17109 15109 16109 17109 16109 15109 14109 14109 16109 18109 16109 17109 18109 16109 14109 13109 13109 14109 15109 17109 18109 17109 14109 15109 17109 16109 12109 13109 13109 12
1007109 13109 13109 15109 15109 13109 14109 13109 13109 13109 12109 13109 14109 13109 12109 12109 15109 15109 15109 15109 14109 13109 13109 13109 11109 10109 11109 10109 10109  9109  9109  9109 10109 11109 10109  9109  9109  9109  9109  9109  9109 10109  9109  9109  9109  8109  7109  6109  6109  5109  5109  4109  4109  5109  5109  4109  5109  6109  7109  8109  9
1008109  8109  8109 10109 11109 11109 11109 11109 13109 13109 15109 15109 15109 15109 17109 17109 12109 13109 18109 21109 20109 17109 14109 13109 15109 19109 22109 19109 17109 17109 14109 16109 19109 17109 14109 13109 15109 15109 14109 14109 12109 12109 13109 12109 14109 14109 18109 22109 20109 19109 19109 17109 18109 22109 22109 22109 20109 21109 21109 20109 20
1009109 19109 20109 17109 19109 21109 17109 13109 18109 23109 22109 21109 24109 25109 19109 18109 20109 18109 16109 15109 18109 18109 17109 18109 17109 20109 22109 19109 19109 22109 22109 16109 15109 19109 21109 20109 23109 26109 23109 20109 20109 21109 20109 19109 22109 22109 21109 19109 21109 23109 20109 18109 19109 20109 20109 23109 24109 22109 24109 27109 26
1010109 25109 24109 27109 24109 22109 21109 21109 22109 21109 18109 16109 16109 19109 20109 20109 20109 17109 19109 21109 20109 21109 26109 26109 21298  6109 24109 17109 18109 22109 24109 25109 25109 26109 28109 29109 27110 24110 22110 25109 27109 26109 25109 31109 35109 31110 27110 25110 30110 29110 24110 31110 31110 26109 23109 19109 19110 23110 22110 18110 20
1011110 26110 28110 22110 21110 23110 17110 16110 20110 20110 21110 21110 17110 18110 20110 19110 16110 15110 13110 13110 14110 17110 16110 17110 19110 17110 16110 14110 12110 11110 14110 14110 12110 13110 12110 12110 13110 12110 13110 13110 14110 15110 18110 17110 15110 15110 15110 13110 12110 12110 13110 14110 12110 10110 10110 11110 12110  9110  9110 12110 17
1012110 17110 14110 17110 22110 19110 14110 15110 13110  8110  8110  9110 13110 17110 15110 13110 15110 16110 15110 14110 14110 13110 13110 15110 15110 14110 16110 19110 18110 16110 17110 17110 12110  9110 10110 11110 12110 10110 10110 10110 10110  9110  9110  8110  8110  7110  6110  4110  4110  5110  6110  5110  5110  4110  2  0  0110  3110  6110  6110  7110  8
1013110  8110  7110  7110  7110  7110  7110  8110  9110  9110 11110 12110 12110 10110  9110  9110  9110  8110  7110  6110  7110  8110  9110  9110 10110 12110 14110 16110 18110 19110 19110 20110 21110 23110 25110 28110 27110 25110 28110 30110 33110 36110 33110 32110 33110 32110 31110 33110 35110 38110 41110 37110 33110 32110 34110 32110 30110 29111 30111 30111 28
1014111 26111 25111 19111 19111 21111 17111 18111 20111 18111 16111 22111 23111 20111 19111 17111 16111 17111 18111 19111 19111 17111 16111 15111 14111 16111 17111 16111 17111 15111 14111 15111 16111 16111 15111 15111 16111 17111 15111 14115 11111 13111 12111 12111 10111  9111 12111 12111 10111 13111 14111 15111 17111 20111 21111 19111 18111 19111 19111 15111 11
1015111 10111  9111  9111 10111 10111  8111  9111 11111 12111 16111 19111 16111 11111 12111 15111 15111 14111 11111 11111 12111 15111 17111 15111 15111 14111 13111 14111 16111 17111 18111 23111 28111 24111 20111 21111 20111 16111 17111 21111 24111 25111 25111 25111 24111 21111 16111 19111 22111 17111 18111 21110 21110 20111 25110 26110 24110 21111 20111 21110 24
1016110 25111 23110 22110 18110 16110 16110 17110 17110 16110 15110 17110 19110 16110 15110 11110  8110  9110 10110  9111  9110 10110  9110 10110 12110 11110 10110 11110 11110 11111 10111  8111  9111  9111 10111  9111 11111 12111 10111 10110 11110 11111 10111  8111  8111  8111  8111  8111  9111  7111  6111  6111  5111  4111  5111  4111  3111  2111  2111  3111  4
1017111  6111  7110  7110  8111  8111  8111  9111  8111  9111  9111  9111  8111  8111 10111  9110  8111  8111  7111  5111  4111  5111  5111  5111  4111  4111  4110  5111  5111  3111  4111  5111  4111  4111  4111  3111  3111  4111  4110  4111  3111  3111  2111  3111  2111  2111  1  0  0  0  0  0  0  0  0  0  0  0  0  0  0  0  0  0  0  0  0110  1111  2111  2111  2
1018111  3110  3111  4111  5111  6111  7111  7111  6111  6111  5111  5111  4111  4111  3111  3111  4111  5111  5111  6111  7110  7110  7110  6110  4111  3110  1  0  0  0  0111  2111  3111  4111  6111  7111  7111  8111  8111  7111  7110  6110  6110  6110  7110  7110  8110  8110  8110  8110  8110  8110  8110  8110  8110  7110  6110  5110  4110  4110  4110  4110  4
1019110  4110  3110  2  0  0110  2110  2110  3110  2  0  0  0  0  0  0  0  0  0  0  0  0  0  0  0  0  0  0  0  0  0  0  0  0110  2110  3110  4110  4110  4110  4110  4110  4110  5110  6110  5110  5110  5110  4110  3110  3110  5110  6110  6110  6110  5110  5110  5110  5110  5110  7110  7110  6110  7110  8110 10110 15110 11110  8110  8110  7110  5110  6110 10110 11
1020110  9110  8110  9110  9110  9110  9110  7110  6110  5110  8110  8110  9110  9110  9110 11110 16110 16110 10110  7110  8110 10110 12110 15110 20110 20110 18110 17110 16110 15110 14110 15110 16110 15110 14110 14110 19110 20110 18110 19110 18110 15110 13110 19110 26110 22110 16110 13110 15110 14110 12110 16110 21110 23110 25110 28110 31110 26110 23110 20110 24
1021110 30110 27110 25110 23110 20110 18110 14110 13110 16110 20110 22110 20110 17110 15110 14110 13110 12110 10110 11110 17110 21110 20110 15110 16110 16110 12110 10110 14110 17110 17110 14110 12110 17109 20109 19109 20109 20109 15109 14109 18109 21109 18109 16109 15109 12109 10109 10109 11109 13109 13109 10109 11109 14109 17109 16109 17109 20109 14109 13109 15
1022109 17109 21109 17109 10109  9109 17109 21109 19109 17109 16109 16109 12109  8109 10109 10109  6109  7109 14109 17109 19109 22109 20109 16109 14109 13109 11109 11109  9109  8109 14109 18109 16109 24109 29109 23109 16109 15109 15109 14109 12109  7109  5109  5109  8109 12109 18109 20108 20109 25109 24109 19109 15109 13109 14109 18109 20109 14109 11109 12109  8
1023109 13109 18109 14109 16109 19109 21108 23108 20108 15108 12108 16108 21108 24108 28108 28108 26108 21108 19109 23109 28109 29109 23109 16109 16109 17109 20109 20109 20109 19109 22109 22109 29109 34109 28109 26109 24109 23109 25109 23109 20109 18109 26109 39109 41109 33109 29109 31109 33109 34109 31109 27109 38109 48109 43109 32109 27109 29109 29109 29109 35
1100109 45109 52109 48109 40109 31109 27109 33109 32109 33109 34109 28109 33109 39109 40109 50109 47109 43109 55109 50109 44109 44109 39109 37109 37109 35109 39109 49109 45109 42109 49109 53109 52109 40109 37109 42109 36110 36110 45110 46110 47110 48110 46110 48110 48109 54109 51109 43109 47109 50109 46109 37109 36109 43109 38109 31109 35109 42109 39109 39109 44
1101109 41109 41109 43109 40109 41109 48109 55109 59109 43109 28109 29109 37109 43109 37109 32109 37110 34110 29110 41110 51109 43109 40110 48110 46110 45110 53110 55110 48110 46110 48110 45110 37110 36110 39110 41110 47110 47110 45110 46110 38110 31110 31110 35110 33110 34110 43110 54110 54110 43110 42110 47110 41110 35110 34110 33110 42110 46110 33110 25110 28
1102110 29110 37110 46110 45110 44110 41110 43110 41110 35110 38110 37110 34110 35110 42110 50110 48110 41110 41110 48110 47110 36110 31110 32110 39110 43110 42110 42110 38110 35110 32110 32110 39110 34110 31110 34110 34110 35110 41110 42110 41110 41110 33110 23110 25109 40109 48110 46110 38110 35110 37110 35110 41110 41110 38110 38110 34110 29110 36110 40110 36
1103110 35110 32110 36110 40110 40110 33110 37110 49110 48110 44110 35110 28110 30110 28110 30110 35110 36110 37110 33110 31110 34110 38110 46110 50110 41110 39110 49110 52110 50110 38110 36110 41110 36110 35110 37110 43110 49110 45110 38110 40110 33110 23110 19110 15110 25110 36110 32110 32110 38110 36110 30110 31110 33110 36110 38110 41110 37110 25110 21110 19
1104110 27110 31110 26110 26110 29110 39110 42110 36110 35110 35110 35110 37110 39110 33110 25110 31110 37110 34110 32110 29110 27110 27110 28110 34110 27110 26110 29110 26110 30110 29110 19110 22110 32110 35110 32110 23110 27110 36110 31110 26110 32110 30110 29110 33110 30110 27110 24110 27110 35110 38110 30110 29110 34110 40110 42110 35110 25110 17110 32110 42
1105110 32110 36110 42110 35110 35110 32110 34110 43110 42110 39110 38110 40110 39110 37110 34110 29110 29110 37110 44110 39110 35110 39110 44110 44110 42110 42110 43110 46110 44110 42110 48110 41110 34110 34110 39110 41110 42110 42110 40110 43110 44110 42110 34110 32110 32110 34110 35110 23110 23110 36110 38110 33110 30110 33110 41110 38110 39110 45110 42110 41
1106110 42110 45110 44110 43110 38110 35110 37110 44110 43110 38110 41110 38110 38110 46110 43110 33110 33110 39110 38110 37110 40110 40110 43110 42110 45110 40110 28110 32110 42110 44110 46110 50110 41110 31110 30110 41110 42110 38110 42110 40110 31110 27110 34110 35110 29110 31110 38110 42110 45110 53110 55110 48110 41110 44110 45110 52110 58110 45110 40110 47
1107110 51110 41110 29110 33110 36110 35110 37110 27110 19110 25110 33110 31110 29110 35110 36110 40110 40110 41110 47110 51110 47110 39110 40110 37110 30110 29110 37110 38110 34110 31110 23110 32110 43110 40110 37110 32110 33111 33111 26111 27110 33110 33111 30111 27111 32111 37111 38111 40111 36111 36111 39111 44111 55111 56111 51111 52111 53111 55111 51111 49
1108111 47111 38111 36111 37111 36111 31111 25111 31111 38111 31111 33111 37111 37111 42111 40111 32111 35111 42111 38111 40111 45111 43111 42111 37111 33111 38111 41111 41111 41111 37111 34111 34111 34111 23111 27111 40111 40111 36111 33111 35111 32111 30111 37111 42111 39111 33111 22111 21111 25111 25111 22111 30111 43111 33111 33111 33111 37111 46111 40111 40
1109111 40111 39111 42111 44111 43111 49111 48111 38111 35111 45111 45111 37111 33111 33111 38111 43111 39111 23111 22111 27111 28111 27111 30111 27111 31111 39111 39111 42111 44111 42111 36111 36111 36111 36111 33111 26111 30111 38111 37111 36111 32111 25111 18111 19111 29111 36111 34111 31111 27111 28111 36111 39111 28111 29111 35111 37111 29111 27111 26111 21
1110111 29111 30111 22111 16111 23111 34111 38111 33111 27111 27111 26111 30111 37111 39111 34111 28111 20111 17111 16111 18111 19111 22111 27111 29111 26111 19111 20111 22111 16111 17111 20111 19111 17111 15111 18111 25111 25111 20111 18111 17111 17111 19111 21111 19111 18111 20111 28111 34111 31111 26111 22111 22111 21111 22111 25111 30111 25111 19111 18111 19
1111111 24111 23111 19111 18111 15111 18111 19111 18111 23111 25111 23111 24111 31111 31111 27111 29111 38111 38111 30111 28111 23111 20111 18111 18111 22111 24111 26111 28111 26111 29111 29111 31111 33111 25111 22111 24111 21111 23111 23111 21111 27111 28111 24111 19111 16111 17111 23111 26111 29111 29111 23111 28111 31111 26111 27111 28111 26111 26111 24111 22
1112111 26111 31111 30111 28111 22111 19111 22111 22111 22111 21111 18111 17111 18111 25111 25111 17111 14111 12111 18111 25111 20111 20111 24111 26111 23111 22111 30111 25111 20111 21111 19111 15111 16111 18111 20111 25111 28111 27111 28111 29111 27111 26111 26111 31111 42111 42111 33111 35111 39111 41111 41111 37111 31111 31111 29111 25111 23111 21111 26111 36
1113111 42111 36112 26111 22111 17111 14112 17112 20112 19111 17111 18111 21111 23111 23111 27111 32111 31111 31111 35111 34111 28111 27111 24111 19111 20111 29111 29111 29111 29111 24111 22111 21111 24111 20111 21111 24111 23111 18111 26111 45111 49111 37111 25111 22111 21111 15111 23111 33111 27111 14111 12111 23112 28112 27111 27111 27111 31111 32111 28111 28
1114111 38111 42111 37111 34111 31111 30111 29112 26112 31112 37112 40111 36112 33112 31112 30112 33112 35112 34112 27112 29112 35112 30112 27112 29112 30112 30112 28112 28112 35112 37112 34112 33112 33112 33112 28112 20112 20112 23112 23112 27112 31112 23112 26112 34112 31112 28112 30112 30112 28112 33112 30112 30112 29112 23112 26112 32112 31112 26112 27112 26
1115112 18112 19112 21112 17112 23112 29112 27112 20112 17112 22112 27112 29112 30112 29112 24112 22112 25112 23112 18112 24112 28112 25112 22112 20112 23112 24112 18112 20112 24112 26112 25112 19112 20112 24112 23112 19112 16112 16112 15112 15112 18112 24112 26112 22112 20112 20112 18112 15112 16112 18112 17112 17112 18112 17112 24112 25112 20112 16112 13112 16
1116112 19112 19112 18112 17112 22112 22112 19112 17112 18112 23112 22112 25112 24112 24112 23112 17112 16112 14112 14112 18112 21112 20112 19112 14112 15112 15112 12112 15112 18112 15112 11112  9112  9112  9112  7112  8112  9112 10112 13112 16112 18112 18112 16112 12112 15112 23112 21112 18112 21112 20112 23112 26112 23112 24112 25112 27112 28112 28112 26112 26
1117112 24112 26112 23112 17112 19112 23112 20112 17112 16112 17112 21112 20112 14112 15112 16112 14112 10112 10112 13112 14112 14112 14112 13112 16112 18112 17112 15112 13112 15112 16112 15112 14112 10112  9112 18112 21112 15112 12112 12112 13112 12112 14112 18112 20112 19112 20112 16112 17112 18112 17112 21112 27112 26112 21112 21112 21112 20112 17112 15112 15
1118112 15112 15112 14112 15112 15112 13112 14112 14112 16112 14112 12112 14112 13112 15112 15112 17112 18112 15112 16112 17112 14112 12112 12112 13112 15112 19112 23112 22112 19112 18112 15112 16112 19112 18112 16112 17112 18112 16112 13112 11112 13112 16112 15112 12112 13112 21112 25112 23112 17112 15112 17112 16112 19112 22112 21112 16112 15112 17112 20112 22
1119112 22112 19112 15112 12112  9112  7112  9112 11112 13112 14112 16112 20112 18112 19112 20112 16112 12112 13112 15112 13112 10112 17112 22112 21112 14112 12112 14112 14112 12112 13112 19112 23112 22112 20112 20112 18112 22112 22112 19112 16112 15112 15112 12112 11112 13112 12112 12112 15112 14112 19112 20112 17112 15112 15112 16111 17111 14112 10112  8111  9
1120111 16111 23112 28112 24111 14111 10111  9111 14111 17111 13111 18111 21111 19111 21111 24111 23111 20111 15111 15111 18111 20111 24111 26111 28111 26111 21111 17111 23111 23111 17111 14111 14111 19111 18111 12111 12111 12111 12111 14111 16111 19111 21111 20111 18111 19111 21111 19111 21111 21111 17111 12111 12111 13111 12111 15111 20111 21111 19111 17111 16
1121111 17111 25111 28111 21111 22111 25111 19111 15111 25111 27111 22111 17111 17111 20111 24111 22111 14111 13111 16111 20111 17111 14111 13111 14111 17111 27111 31111 23111 22111 24111 18111 18111 20111 15111 10111  9111 12111 15111 21111 21111 16111 18111 20111 17111 13111 12111 13111 15111 15111 13111 13111 14111 12111 21111 24111 19111 17111 18111 18111 16
1122111 11111 10111 14111 14111 13111 15111 14111 14111 13111 12111 16111 21111 25111 24111 20111 17111 17111 19111 21111 20111 21111 22111 24111 24111 24111 24111 22111 19111 21111 21111 20111 21111 24111 32111 32111 24111 19111 14111 10111 13111 14111 12111 15111 15111 13111 12111 11111 12111 19111 19111 19111 24111 30111 33111 28111 22111 22111 26111 28111 27
1123111 26111 23111 19111 16111 16111 19111 20111 19111 21111 22111 22111 22111 21111 19111 20111 21111 20111 16111 16111 19111 21111 23111 21111 21111 27111 22111 13111 14111 13111 11111 13111 13111 13111 17111 18111 16111 17111 15111 14111 17111 15111 14111 13111  9111  9111  9111 10111  9111  8111  8111 10111 10111 11111 11111  9111 13111 17111 19111 16111 16
1200111 19111 20111 21111 21111 19111 19111 17111 15111 12111 13111 16111 11111  9111 13111 17111 18111 16111 13111 15111 15111 13111 17111 16111 12111 10111  8111  6111  6111  6111  4111  7111 13111 17111 19111 19111 18111 13111 12111 14111 17111 19111 17111 12111 11111 12111 12111 14111 16111 13111 14111 20111 24111 19111 13111 14111 15111 17111 20111 23111 23
1201111 20111 18111 18111 20111 20111 21111 21111 18111 15111 15111 19111 22111 22111 20111 17111 14111 16111 24111 20111 20111 20111 17111 21111 24111 24111 21111 16111 15111 16111 18111 17111 14111 11111 10111 15111 20111 21111 19111 16111 18111 17111 11111 13111 15111 13111 14111 19111 17111 16111 20111 22111 21111 21111 19111 15111 14111 16111 16111 19111 17
1202111 11111 13111 18111 16111 15111 18111 14111 16111 18111 15111 14111 15111 13111 10111 11111 16111 20111 23111 24111 20111 18111 19111 15111 14111 12111  9111  9111  6111  3111  2111  6111  8111  4111  3111  5111  5111  6111  8111 10111 10111 12111 14111 13111 13111 14111 15111 13111 13111 11111 10111 10111 11111 12111 15111 14111 12111 11111 14111 15111 16
1203111 16111 12111 10111 11111 17111 16111 14111 12111 12111 10111  9111 12111 16111 21111 19111 17111 19111 17111 15111 13111 14111 17111 18111 17111 15111 16111 19111 17111 14111 14111 10111  9111 13111 18111 20111 17111 12111 11111 14111 14111 15111 14111 15111 18111 20111 19111 17111 13111 12111 15111 15111 14111 17111 20111 19111 18273 11111 21111 20111 20
1204111 24111 25111 18111 16111 17111 16111 17111 19111 21111 19111 15111 13111 10111 10111 11111 14111 15111 14111 15111 17111 18111 18111 19111 17111 17111 17111 17111 19111 20111 18111 14111 12111 11111 10111 11111 12111 14111 17111 17111 13111 14111 16111 17111 17111 17111 16111 15111 16111 16111 12111 12111  8111  8111 12111 11111 12111 10111  7111  6111  4
1205111  4111  6111  8111  6111  6111  9111 10111 10111 11111 12111 11111 10111 10111  7111  5111  5111  3111  3111  4111  5111  6111  7111  8111  6111  7111 10111 11111 12111 13111 12111 15111 17111 14111 14111 16111 15111 13111  9111  7111  7111  9111  9111  9111  9111  9111 10111 10111 10111 11111 12111 14111 15111 15111 17111 18111 16111 15111 14111 17111 15
1206111 12111 14111 16111 17111 15111 16111 16111 15111 13111 13111 15111 15111 16111 18111 19111 15111 12111  9111 10111 12111 11111  9111 12111 18111 16111 15111 14111 16111 21111 21111 17111 16111 15111 16111 21111 19111 13111 14111 14111 13111 10111  7111  8111  9111 10111 12111 12111  9111  8111  8111  7111  6111  9111  9111  8111  8111  8111  9111 11111 11
1207111  9111  8111  8111  7111  8111  8111  7111  7111  7111  6111  6111  6111  6111  5111  4111  5111  5111  4111  4111  5111  6111  6111  6111  5111  5111  4111  4111  5111  5111  4111  4111  3111  1  0  0111  1111  2111  2111  2111  2111  2111  3111  3111  3111  3111  4111  5111  5111  4111  4111  6111  5111  4111  5111  5111  4111  5111  6111  5111  7111  8
1208111  8111  8111  9111 12111 13111 11111  8111 10111 10111  7111  4 38 13111  5111  6111  7111  6111  5111  6111  6111  6111  6111  7111  9111  9111  8111  7111  7111  8111  9111  9111  9111  6111  4111  3111  3111  4111  5111  8111 12111 12111 12111 13111 13111 10111  9111 10111 13111 14111 16111 18111 17111 17111 20111 20111 18111 16111 16111 15111 14111 15
1209111 16111 15111 15111 16111 15111 15111 18111 17111 15111 16111 19111 20111 18111 16111 16111 19111 21111 19111 17111 17111 17111 17111 15111 13111 16111 16111 15111 16111 15111 13111 10111 10111 14111 15111 10111  8111  8111  9111 10111 11111 12111 12111 10111 10111 12111 13111 14111 14111 17111 18111 15111 15111 17111 18111 17111 18111 17111 13111 10111 12
1210111 13111 12111 11111 12111 11111 11111 12111 13111 13111 12111 10111  7111  6111  6111  6111  9111 11111 11111 10111 11111 14111 14111 13111 14111 13111 10111  8111  9111  8111  7112  7112  6112  8111 11111 11111 11111 11111 12112 10112  5111  3111  4111  6111  7111  8111  7111  6111  7111  7112  7112  6112  5111  7111 11111 13111 14111 15111 13111 12111 11
1211111 12112 12112 10112  9112 10112 11111 11111 12111 11111  9111  7111  9112 12111 10111 11111 12111 11112 11111 11111 10111 13111 16111 17111 16111 17111 15111 12111 16111 16111 12111 11111 11111  9111  8111  8111 11112 10112  5112  7112  8112  8112  8112 11112 13112 11112 12111 13112 12112 12112 10112  9112  7112  6112  7112  8112  8112 10111 11111 11111 12
1212111 16112 14112 12112 12112 10112  8112  8112  8112 10111 14111 14111 12112 15112 15112 15111 21111 21112 16112 19112 23111 23111 27111 31111 25112 17112 20 42 16112 25112 30111 27111 25112 20112 17111 19112 20112 19112 19112 19112 20112 18112 12112 12112 16112 19112 19111 17111 15112 14112 11112 12112 12112 11112 15112 21111 22111 20112 19111 17111 17112 16
1213112 16112 17112 15112 12112 14112 15112 12112 15112 17112 17112 22112 21112 18112 15112 13112 14112 13112 13112 13112 16112 15112 16112 16112 14112 12112  8112  9112  9112  7112 10112 14112 12112 10112 15112 16112 14112 18112 18112 17112 20112 20112 19112 20112 20112 19112 23112 23112 18112 14112 17112 22112 21112 21112 19112 14112 13112 13112 12112 10112 12
1214112 16112 19112 21112 19112 20112 22112 20112 19112 22112 26112 21112 15112 15112 20112 20112 16112 15112 15112 18112 18112 20112 22112 18112 22112 25112 26112 25112 23112 22112 25112 27112 21112 20112 25112 23112 24112 26112 25112 22112 23112 23112 19112 19112 16112 11112 13112 15112 13112 13112 14112 15112 11112 13112 15112 14112 19112 22112 15112 13112 14
1215112 10112 10112 14112 16112 16112 13112  7112  9111 15112 13112 12112 13112  9112 16112 23112 21112 19112 20112 20112 14112 16112 19112 16112 14112 13112 13112 14112 14112 13112 11112 13112 14112 13112 17112 19112 21112 17112 17112 23112 21112 16112 15112 20112 21112 25112 26112 17112 17112 18112 20112 24112 20112 17112 18112 17112 14112 10112  7112 10112 11
1216112  8112 12112 14112 10112  7112 10112 13111 14111 13112 15112 17112 13112  9112  9112 14112 17112 14112 10112  9112  8112  8112  8112  8112  7112  6112  9112 13112 13112 11112 11112 12112 11112  7112  8112  7112  5112  6112  7112  8112 11112 10 17  8112  5112  4112  6112 10112 13112 14112 13112 10112  6112  5112  7112  7112  5112  7112 10112  9112  9112 14
1217112 13112  9112 10112 10112  8112  7112  7112  7112  9112 10112  9112  7112  6112  6112  7112  6112  5112  7112 10112 11112  9112  9112  9112 10112 10112  6112  6112  9112 10112  9112  9112 13112 13112 11112 11112  9112  7112  8112 10112 14112 15112 16112 15112 13112 15112 19112 21112 21112 19112 19112 19112 17112 16112 14112 13112 12112 13112 15112 15112 14
1218112 16112 15112 11112 11112  8112  5112  5112  5112  6112  9112  9112  7112 10112 14112 13112 11112 11112 14112 14112 13112 13112 15112 16112 17112 15112 14112 13112 10112  6112  3112  4112  4112  2112  3112  6112  6112  5112  3112  2112  2112  2112  4112  6112  6112  7112  8112  7112  4112  3112  3112  6112  9112 11112 12112 11112  9112  7112  6112  7112  7
1219112  6112  8111  8111  8111  8111  7111  8111  8111  9111  7111  6111  5111  4111  3111  4111  5111  7111 10111 10111  8111  8111  7111  6111  5111  4111  6111  7111  6111  5111  4111  5111  6111  6111  5111  6111  6111  6111  7111  7111  6111  5111  4111  2111  4111  5111  5111  5111  3111  2111  3111  2111  2110  3110  1  0  0  0  0110  2110  2  0  0110  1
1220110  2110  2110  2  0  0110  2110  3110  3110  2110  2110  1110  1110  5110 10110  8110  4110  2110  2110  5110  5110  4110  3110  4110  6110  7110  5110  7110 13110 16110 16110 12110 10110  9110 10110 10110  8110  7110  9110  9110  9110 12110 12110  9110 10110  9110  9110  8110  4110  7110  9110 10110 11110 12110 15110 17110 13110 11135  6110 13110 13110 16
1221110 16110 11110  8110  6110  8110 12110 13110 14110 13110 10110  9110 12110 13110 14110 13110 13110 16110 15110 12110 12110 15110 20110 19110 19110 14110  8110 10110 12110 14110 12110  8110 12109 15109 15109 19109 19109 16109 15109 13109 15109 15109  9109  9109 16109 17109 11109 16109 22109 18109 15109 16109 18109 17109 13109 12109 11109 11109 12109 12109 15
1222109 17109 12109  9109 12109 23109 29109 31109 37109 37109 35109 32109 28109 23109 22109 23109 23109 30109 34109 28109 21109 21109 20109 17109 21109 27109 27109 25109 24109 22109 19109 24109 30109 31109 29109 30109 33109 33109 34109 31109 26109 26109 27109 28109 31109 30109 26109 30109 30109 26109 31109 28109 27109 26109 20109 23109 24109 20109 22109 25109 22
1223109 22109 30109 33109 27109 26109 29109 31109 28109 26109 23109 19109 18109 18109 17109 18109 25109 30109 29109 26109 29109 33109 30109 25109 24109 24109 21109 23109 23109 17109 20109 32109 43109 45109 43109 34109 33109 34109 26109 28109 28109 26109 25109 18109 25109 32109 26109 16109 19109 24109 20109 21109 25109 26109 25109 26109 22109 19109 23109 24109 24
1300109 23109 21109 18109 13109 22109 32109 32109 27109 21109 18109 27109 33109 32109 33109 37109 40109 34109 34109 39109 36109 21109 11109 15109 21109 25109 22109 25109 33109 31109 26109 20109 13109 21109 24109 18109 25109 34109 29109 21109 18109 15109 17109 29109 36109 29109 20109 13109 12109 18109 21109 16109 26109 37109 35109 34109 33109 40109 46109 47109 43
1301109 36109 33109 28109 30109 33109 31109 26109 28109 36109 33109 26109 28109 36109 33109 25109 21109 19109 26109 32109 32109 29109 28109 26109 18109 21109 30109 35109 36109 28109 27109 28109 29109 36109 39109 34109 29109 25109 23109 23109 28109 33109 30109 27109 32109 34109 27109 26109 33109 31109 25109 23109 20109 26109 34109 29109 25109 30109 28109 28109 27
1302109 23109 25109 28109 28109 27109 31109 30109 24109 21109 21109 22109 27109 30109 28109 29109 34109 36109 33109 31109 30109 33109 36109 35109 28109 22109 19109 18109 12109  9109 15109 20109 20109 11109 10109 14109 12109 14109 22108 28108 24108 20108 16108 18108 16108  7108  8108 15108 21108 20108 23108 28108 32108 32108 28108 25108 19108 16108 20108 20108 17
1303108 23108 31108 33108 35108 35109 32109 27109 28109 25109 17109 21109 22109 20109 23109 17109  7109  8109 15109 15109 13109 16109 20109 15109 11109 14109 22109 30109 32109 28109 23109 30109 37109 28109 27109 32109 33109 30109 28109 30109 27109 19109 18109 22109 19109 17109 20109 22109 24109 23109 19109 16109 17109 16109 14109 10109  9109 13109 14109 15109 15
1304109 13109 15108 18108 16108 15108 17108 19108 23108 27108 27108 23108 19108 17108 13108 10108  7108  3108  5108  6108  8108 10108 10108 10108 10108 10108  8108 10108 14108 12108 11108 20108 24108 19108 15108 16108 19108 20109 22109 27109 32109 31109 25109 22109 21109 18109 16109 16109 18109 21109 22109 19109 13109  8109 10109 13109 13109 13109 18109 23109 24
1305109 23109 19109 16109 19109 20109 22109 24109 23109 24109 26109 22109 24109 27109 24109 20109 21109 22109 18109 15109 15109 11109  9109 11109 13109 16109 20109 19109 21109 27109 28109 27109 24109 23109 20109 14109 12109  9109  7109  6109  8109 14109 17109 20109 23109 23109 20109 17109 17109 19109 28109 37109 35109 32109 31109 30109 30109 28109 24109 20109 17
1306109 24109 31109 30109 25109 22109 20109 16109 16109 13109 15109 19109 18109 16109 19109 20109 18109 16109 16109 16109 15109 15109 15109 14109 13109 14109 14109 15109 15109 13109 13109 15109 15109 14109 14109 14109 12109 12109 12109 12109 11109 11109 12109 13110 13110 13109 12109 10110 10110 10110 10110  9110  8110  8110  6110  6110  7110  8110  7110  7110  7
1307110  7110  8110  8110  8110  7110  7110  7110  7110  6110  7110  7110  6110  6110  8110  9110  8110  8110  9110 12110 11110 10110 12110 11110 11110 11110 10110  8110  7110  8110  8110  9110 12110 15110 15110 13110 13110 12110 10110 10110 12110 15110 14110 13110 13110 13110 10110 10110 13110 13110 12110 12110 11110 11110 13110 13110 12110 12110 10110  7110  8
1308110  9110  8110  8110  8110  8110  7110  6110  6110  6110  5110  5110  4110  4110  4110  3110  3110  4110  4110  4110  5110  5110  4110  5110  5110  7110  7110  6110  8110  8110  8110  8110  8110  8110  8110  8110  7110  8110 10110 10110 11110 11110 11110 10110 10110 11110 11110 10110 10110 10110  9110  8110  8110  6110  6110  6110  7110  8110  7110  5110  5
1309110  6110  6110  5110  6110  7110  6110  6110  6110  6110  5110  5110  4110  4110  4110  4110  5110  5110  4110  4110  4110  5110  5110  5110  5110  5110  6110  6110  5110  5110  5110  5110  4110  4110  4110  3110  3110  4110  4110  5110  6110  7110  7110  6110  7110  7110  7110  7110  8110  8110  8110  7110  7110  7110  7110  7110  8110  8110  8110  8110  7
1310110  7110  6110  6110  6110  7110  7110  7110  7110  6110  5110  5110  5110  6110  5110  5110  4110  4110  4110  5110  4110  3110  4110  4110  4110  5110  5110  3110  5110  5110  5110  4110  5110  5110  5110  7110  8110  9110  9110  9110 10110  9110 12110 13110 11110  9110 10110 10110  9110  8110  9110 10110 11110  9110  7110 10110 14110 13110 12110 12110 14
1311110 11110  6110  6110  4110  2110  1  0  0110  1110  3110  4110  4110  5110  7110  7110  6110  7110  8110  8110  7110  6110  8110  9110  9110  9110  9110 11110 10110  8110  7110  6110  4110  2110  3110  4110  5110  6110  7110  9110  8110  7110  7110 11110 11110  9110 10110  9110 10110 10110  8110  9110 10110 11110 11110 11110 11110 10110 10110 10110  9110  9
1312110 10110 11110 11110  9110  8110 10110 11110  9110  9110 11110 12110 11110 10110 12110 14110 11110 11110 10110  7110  9110 10110 11110 16110 17110 13110 11110  9110  7110  8110  9110  9110  8110  6110  9110  8110  5110  4110  1110  3110  5110  4110  4110  4110  4110  5110  6110  7110  8110  8110  8110  8110  8110  7110  7110  7110  7110  7110  7110  7110  8
1313110 10110 14110 16110 17110 15110 13110 11110  9110  8110  7110  5110  3110  1110  2110  4110  7110  9110 11110 14110 15110 15110 15110 14110 14110 14110 15110 16110 15110 13110 12110 12110 13110 11110 10110  9110  9110  8110  6110  4110  2110  1110  2110  3110  3110  4110  5110  7110  8110 10110 13110 13110 14110 15110 16110 16110 16110 18110 15110 11110 11
1314110 12110 13110 13110 14110 18110 20110 22110 24110 25110 24110 22110 20110 17110 15110 17110 20110 14110 10110 13110 13110 15110 19110 24110 27110 27110 22110 14110 11110 10110 10110 12110 11110  8110  4110  5110  4110  4110  4110  4110  4110  5110  5110  7110 10110 11110 14110 15110 14110 11110 11110 12110 11110  7110  3110  2110  3110  4110  4110  5110  6
1315110  5110  4111  4111  6111  5111  5111  4111  4111  4111  4111  3111  2111  2111  2111  2111  3111  7111 11111 16111 19111 20111 21111 23111 22111 20111 20111 20111 19111 17111 16111 16111 21111 27111 28111 25111 27111 26111 24111 23111 23111 25111 22111 21111 26111 25111 22111 25111 27111 29111 31111 29111 27111 24111 22111 20111 15111 14111 15111 14111 12
1316111 12111 13111 15111 14111 11111 10111  9111  7111  6111  5111  6111  8111 11111 15111 17111 17111 18111 19111 18111 21111 21111 18111 20111 21111 20111 22111 24111 24111 24111 28111 28111 21111 15111 15111 20111 22111 15111 10111 10111 12111 19111 23111 20111 22111 25111 22111 15111 12111 13111 14111 15111 15110 16110 18110 18110 17110 17110 17110 19110 18
1317110 19110 20110 22110 23110 18110 20110 19110 18110 18110 16110 16110 16110 13110 12110 14110 14110 14110 14110 12110 10111  8111  9111 13111 16111 15111 13111 12111 13111 14111 14111 14111 15111 15111 14111 13111 13111 13111 13111 16111 17111 13111 13111 12111 14111 16111 13111 13111 15111 14111 13111 14111 14111 14111 14111 15111 19111 23111 24111 23111 21
1318111 19111 19111 19111 19111 18111 17111 15111 14111 16111 18111 18111 19111 22111 24111 23111 21111 18111 16111 16111 16111 13111 13111 13111 13111 15111 17111 16111 16111 16111 14111 12111  8111  7111 10111 12111 15111 15111 13111 12111 12111 10111 11111 12111 12111 14111 13111 11111  9111  8111  8111  7111  6111  6111  6111  6111  7111  9111 10111 10111 10
1319111  8111  7111  6111  4111  3111  3111  3111  3111  5111  6111  7111  7111  9111  8111  8111 10111 13111 15111 16111 15111 11111 12110 13110 12110 10110 12110 16110 19110 19110 23110 24110 18110 11110 12110 15110 13110  9110  8110 10110 10110 10110  9110  9110  8110  8110 10110 11110 10110 10110 10110  9110  9110  9110  8110  8110  8110  6110  3110  2110  1
1320110  1110  4110  6110  6110  5110  5110  6110  7110  5110  3109  5109  7109  7109 10109 12109 13109 14109 13109 12109  9109  6109  7109  9109 11109 10109  9109  9109  8109  8109  8109 10109 12109 13109 14109 13109 12109 10109 11109 11109 12109 13109 10109  8109  9109  9109  8109  7109  6109  5109  5109  7109  9109  7109  6109  8109  7109  9109 10109 10109 10
1321109  8109  8109  9109  8109 10109 13109 13109 10109  7109 11109 14109 12109  8109  5109  6109  8109  8109  7109  7109  8109  7109  4109  3109  2109  3109  3109  3108  3108  5108  7108  9108  8108  5108  5108  6108  6108  4108  4108  8108 11108 12108 13108 15108 14108 12108  8108  9108 12108 13108 14108 10108  6108  7108  6108  5108  5108  3108  3108  5108  6
1322108 11108 17108 13108 14108 16108 19108 18108 10108  8108  8108  5108  2108  9108 13108 16108 15108  8108  5108  3108  6108 16108 16108  7108  6108  8108  8108 10108 15108 15108 13108 13108 13108 14108 14108 14108 15108 13108 11108 15108 15108 12108 10108  9108  7108  7108  6108  4108  4108  5108  6108 12108 14108  8108  3108  6108  8108  6108  3108  1108  2
1323108  2108  2108  4108  3108  5108 10108  8108  2108  3108  4108  5108  7108  7108  6108  8108  6108  4108  7108  9108 10108  9108  7108  4108  3108  4108  6108  9108  9108  8108  8108  8108  9108  8108  7108  6108  6108  5108  4108  5108  9108 16108 15108  7108  6108 14108 17108 14108  8108  8108  9108  9108  9108 12108 14108 14108 14108 13108 10108  7108  6
1400108 11108 15108 12108  9108  9108 10108  7108  3108  8108 17108 17108 13108  8108  5108  7108 10108 12108 10108 13108 17108 13108 14108 18108 18108 18108 23108 16108 16108 22108 26108 32108 31108 30108 29108 29108 27108 20108 22108 25108 22108 18108 16108 20108 25108 23108 23108 26108 19108 19108 23108 24108 28108 28108 27108 23108 16108 18108 18108 15108 21
1401108 22108 21108 18108 16108 20108 17108 14108 16108 18108 21108 21108 18108 14108 12108 12108 14108 17108 16108 18108 22108 25108 29108 29108 26108 26108 24108 18108 10108 11108 18108 19108 18108 19108 20108 17108 11108  7108 17108 24108 24108 34108 42108 39108 40108 41108 35108 27108 23108 28108 29108 29108 25108 16108 19108 24108 19108 13108 14108 18108 20
1402108 17108 16108 26108 28108 22108 24108 23108 20108 24108 22108 15108 12108 11108  9108  6108  6108 14108 19108 14108 14108 17108 15108 17108 20108 19108 15108 12108 11108 11108 10108 10108 14108 18108 20108 17108 14108 12108 11108 11108 10108  9108 14108 19108 21108 29108 31108 24108 16108 12108 13108 13108  9108 14108 22108 24108 22108 16108 12108 16108 19
1403108 15108 17108 18108 15108 12108  7108  7108 11108 16108 21108 19108 18108 20108 17108 10108  6108  6108  7108  6108  5108  8108 12108 15108 17108 19108 21108 20108 16108 10108  5108  5108  6108  7108 10108 12108 17108 22108 23108 24108 24108 24108 21108 15108 15108 18108 20108 22108 22108 23108 29108 34108 35108 34108 29108 25108 18108  7108  7108 11108 13
1404108 14108 16108 29108 34108 25108 16108 11108 14108 25108 37108 43108 37108 25108 20108 21108 27108 30108 25108 30108 39108 32108 27108 28108 25108 22108 21109 29109 32109 28109 38109 48109 50109 49109 42109 38109 37109 35109 41109 45109 40109 40109 38109 40109 48109 42109 30109 27109 27109 25109 26109 30109 32109 30109 35109 44109 40109 29109 30109 36109 32
1405109 35109 39109 32109 28109 27109 28109 26109 24109 31109 38109 34109 30109 31109 38109 38109 31109 30109 37109 38109 32109 39109 44109 39109 43109 47109 46109 47109 39109 35109 37109 38109 36109 36109 43109 47109 45109 43109 44109 44109 37109 29109 30109 34109 37109 37109 35109 31109 28109 28109 32109 30109 23109 31109 41109 45109 45109 38109 34109 33109 32
1406109 34109 34109 33109 35109 35109 34109 36109 38109 40109 38109 33109 32109 39109 43109 33109 31109 38109 45109 41109 36109 39109 40109 39109 38109 36109 30109 33109 38109 33109 26109 23109 21109 22109 27109 34109 41109 37109 30109 27109 35109 43109 41109 42109 37109 27109 30109 35109 29109 33109 36109 30109 32109 36109 35109 29109 25109 28109 33109 36109 33
1407109 26109 22109 21110 31109 39109 39109 34110 35110 44110 36110 23110 29110 36110 32110 29110 31110 33110 31110 30110 30110 26110 22110 21110 22110 30110 31110 25110 21110 21110 26110 33110 34110 28110 27110 32110 33110 26110 25110 30110 27110 26110 25110 25110 27110 23110 20110 20110 18110 18110 21110 21110 21110 19110 19110 22110 26110 26110 25110 21110 19
1408110 23110 29110 27110 25110 21110 19110 20110 22110 21110 17110 16110 18110 19110 19110 23110 22110 16110 11110 17110 23110 23110 20110 17110 16110 19110 21110 19110 20110 21110 20110 22110 20110 15110 15110 20110 22110 18110 15110 16110 16110 17110 18110 20110 20110 19110 18110 16110 19110 23110 22110 21110 24110 25110 25110 28110 28110 24110 27110 27110 24
1409110 23110 24110 27110 26110 18110 17110 24110 24110 17110 20110 22110 20110 23110 31110 38110 32110 28110 36110 41110 34110 27110 32110 32110 30110 26110 24110 24110 24110 24110 29110 34110 31110 24110 26110 31110 29110 25110 28110 25110 22110 27110 25110 24110 23110 18110 18110 22110 23110 21110 24110 28110 27110 25110 24110 26110 30110 35110 33110 28110 30
1410110 28110 30110 39110 34110 27110 29110 39110 43110 36110 36110 44110 44110 36  8  3110 30110 27110 34110 37110 35110 45110 46110 44110 52110 46110 43110 45110 42110 42110 41110 39110 33110 40110 46110 44110 40110 29110 30110 30110 27110 27110 34110 43110 47110 46110 47110 48110 33110 28110 41110 42110 43110 45110 39110 34110 28110 24110 29110 40110 49110 50
1411110 40110 36110 42110 42110 38110 39110 38110 33110 28110 28110 33110 35110 30110 24110 28110 29110 26110 29110 29110 26110 36110 42110 39110 34110 36110 39110 31110 29110 27110 19110 18110 28110 27110 19110 21110 30110 38110 32110 22110 22110 23110 21110 28110 38110 43110 46110 42110 31110 29110 36110 41110 34110 23110 18110 20110 33110 41110 33110 26110 25
1412110 31110 38110 39110 37110 35110 34110 41110 42110 38110 38110 33110 40110 42110 30110 31110 33110 24110 22110 22110 31110 39110 36110 38110 44110 43110 45110 44110 45110 51110 41110 33110 40110 34110 23110 22110 20110 20110 22110 26110 29110 23110 23110 24110 24110 26110 26110 32110 39110 34110 33110 32110 20110 18110 23110 20110 22110 22110 17111 15111 17
1413110 22110 22111 22111 20111 19111 23111 23111 29111 33111 31111 33111 33111 36111 32111 32111 38111 44111 42111 35111 31111 33111 39111 35111 32111 30111 27111 25111 27111 29111 30111 28111 19111 18111 20111 16111 18111 23111 23111 17111 12111  9111  7111  8111 10111 14111 13111  9111 11111 16111 16111 15111 14111 16111 17111 14111 16111 20111 18111 15111 11
1414111 11111 12111 10111 10111  9111 10111  9111  8111  9111 10111 13111 20111 20111 17111 18111 24111 30111 32111 31111 29111 24111 17111 13111 15111 16111 23111 34111 30227  5111 15111 12111 12111 11111 13111 11111 11111  8111  8111 10111 11111 10111  7111  7111  9111 12111 11111 10111 10111  8111 10111 12111 13111 12111 10111 10111 11111 13111 14111 15111 14
1415111 12111 12111 10111 11111 11111  8111  5111  4111  4111  5111  4111  4111  4111  4111  4111  5111  5111  6111  8111  8111  8111  7111  8111 10111 10111  9111  6111  5111  5111  5111  5111  5111  4111  3111  4111  5111  4111  4111  4111  4111  5111  4111  3111  3111  3111  3111  2111  2111  4111  6111  7111  7111  6111  5111  4111  4111  4111  5111  5111  5
1416111  5111  5111  5111  4111  4111  4111  5111  4111  5111  4111  3111  2111  1  0  0  0  0111  2111  3111  4111  5111  5111  5111  6111  7111  9111 11111 13111 13111 14111 12111 10111  8111  6111  6111  8111 10111 13111 19111 25111 25111 21111 18111 18111 20111 21111 18111 13111 11111 10111 11111 15111 17111 14111 12111 12111 12111 10111 12111 13111 14111 14
1417111 14111 12111 11111 14111 15111 21111 25111 25111 20111 19111 21111 17111 14111 14111 15111 14111 13111 13111 10111 11111 11111 13111 13111 16111 21111 17111 12111 13111 16111 18111 19111 18111 20111 18111 18111 18111 13111 17111 21111 19111 18111 16111 14111 12111  8111 12111 16111 17111 19111 16111 14111 12111 11111 11111 13111 14111 14111 17111 18111 19
1418111 20111 16111 13111 13111 15111 17111 18111 18111 14111 12111 12111 14111 16111 17111 18111 17111 18111 18111 19111 18111 15111 13111 10111  8111  7111  6111  5111  3111  3111  3111  5111  8111  8111  8111  7111  4111  2111  2111  3111  2  0  0  0  0  0  0258 24111  3111  6111  5111  6111  7111  6111  4111  2111  2111  2111  2111  3111  3111  3111  2111  2
1419111  2111  3111  3111  3111  3111  3111  3111  4111  4111  5111  6111  7111  7111  7111  7111  6111  5111  4111  4111  4111  4111  5111  5111  5111  5111  3111  2111  2111  2111  3111  4111  5111  5111  5111  6111  6111  6111  5111  5111  4111  5111  6111  6111  6111  9111 12111 13111 14111 14111 14111 14111 11111 12111 14111 14111 13111 14111 16111 15111 16
1420111 17111 13111 10111 13111 18111 14111 14111 15111 12111 13111 14111 13111  9111  9111 10111 10111 10111  9111  7111  7111  5111  5111  6111  5111  5111  5111  4111  4111  7111  8111  8111  8111  7111  6111  6111  8111  9111  9111  7111  6111  5111  4111  6111  8111  6111  6111  8111  9111  8111  7111  4111  2111  2111  3111  4111  3111  3111  2111  3111  5
1421111  6111  6111  5111  5111  5111  5111  4111  4111  5111  7111 10111 13111 15111 17111 17111 15111 15111 17111 16111 15111 16111 18111 18111 17111 21111 22111 18111 14111 13111 15111 14111 12111 13111 21111 27111 24111 22111 21111 17111 15111 15111 12111 12111 13111 15111 20111 22111 21111 18111 14111 17111 22110 21110 20110 24110 26110 23110 21110 19110 15
1422110 15110 18110 19110 18110 17110 15110 15110 15110 12110  9110 13110 17110 18110 16110 14110 12110 10110  8110  8110 10110 10110 11110 13110 14110 13110 11110  9110  7110  6110  6110  5110  5110  8110  8110  6110  9110 11110 11110 14110 15110 15110 14110  8110  5110  4110  4110  3110  3110  5110  9110 11110 10110 11110 12110 12110  9110  6109  6269  7109  9
1423109  9109  5109  3109  4109  3109  2109  4109  4109  2109  1109  3109  3109  3109  5109  7109  6109 10109 13109  8109  5109  5109  6109  4109  3109  5109  5109  5109  7109  4109  6109 12109 15109 14109 16109 17109 14109 13109 11109 14109 13109  8109  8109 10109 14109 17109 15109  8109  5109  4109  5109  5109  6109  7109  7109  7109  6109 10109 20109 20109 14
1500109 15109 23109 26109 25109 24109 20109 18109 16109 13109 15109 16109 11109  9109 11109 12109  9109  6109 15109 30109 31109 21109 19109 20109 14109 11109 13109 15109 19109 30109 36109 34109 33109 26109 24109 26109 25109 22109 16109 13109 13109 19109 19109 15109 10109  5109  5109  8109 14109 16109 14109 11109 10109  9109  8109 11109 15109 17109 22109 23109 13
1501109  5109  6109 12109 13109 15109 15109 18109 26109 24109 18109 14109 12109 14109 14109 10109 10109 12109 13109 15109 20109 19109 21109 25109 20109 18109 21109 22109 20109 17109 14109 11109  7109  4109  6109  7109  6109  7109 18109 23109 24109 28109 28109 28109 26109 26109 26109 27109 23109 16109 12109 11109 13109 12109  8109  7109 10109  9109 11109 16109 18
1502109 17109 17109 20109 18109 12109 10109  8109  5109  7109 12109 14109 14109 15109 17109 17109 17109 17109 16109 14109  9109  4109  3109  4109  3  0  0  0  0109 11109 19109 19109 20109 15109 12109 18109 20109 15109 17109 18109 15109 19109 22109 19109 17109 18109 22109 23109 18109 18109 23109 22109 20109 20109 20109 21109 23109 24109 23109 21109 26109 26109 19
1503109 16109 20109 20109 21109 28109 32109 27109 24109 20109 15109 16109 20109 22109 25109 28109 33109 35109 30109 22109 19109 18109 19109 17109 13109 16109 20109 23109 22109 17109 17109 23109 24109 19109 15109 10109 10109 19109 26109 22109 21109 22109 22109 20109 17109 17109 16109 15109 18109 19109 18109 16109 14109 16109 22109 30109 27109 21109 17109 11109 11
1504109 20109 23109 25109 31109 31109 31109 27109 19109 20109 29109 34109 33109 29109 24109 25109 25109 24109 25110 27110 24110 23110 26110 29110 27110 24110 28110 30110 23110 22110 25110 24110 22110 19110 16110 18110 19110 19110 19110 21110 24110 27110 26110 24110 24110 23110 23110 22110 22110 25110 29110 26110 20110 18110 20110 21110 20110 19110 19110 23110 24
1505110 20110 14110 16110 23110 25110 25110 19110 17110 22110 23110 20110 19110 24110 23110 17110 17110 18110 17110 15110 16110 21110 22110 20110 18110 19110 20110 20110 19110 17110 14110 14110 15110 18110 19110 13110 13110 18110 27110 31110 31110 32110 35110 36110 29110 25110 30110 29110 27110 29110 26110 22110 20110 20110 23110 23110 28110 27110 23110 29110 32
1506110 25110 21110 20110 20110 21110 15110 15110 18110 21110 24110 22110 17110 16110 16110 14110 14110 13110 13110 14110 14110 17110 16110 14110 15110 15110 15110 16110 15110 13110 14110 14110 13110 13110 17110 18110 17110 15110 13110 12110 13110 17110 18110 18110 18110 17110 16110 15110 15110 15110 14110 11110 12110 12110 10110  9110 10110 10110  8110  5110  5
1507110  4110  4110  5110  6110  5110  4110  5110  6110  7110  8110  9110  9110 11110 15110 18110 19110 17110 20110 27110 25110 28110 33110 30110 25110 23110 28110 31110 28110 25110 25110 23110 22110 22110 22110 21110 19110 21110 22110 22110 21110 20110 21110 20110 19110 22110 21110 17110 17110 19110 16110 11110 13110 20110 17110 13110 15110 15110 17110 18110 13
1508110 11110 12110 11110  8110 10110 14110 13110 10110 10110 15110 19110 20110 18110 24110 24110 20110 17110 12110 13110 19110 23110 25110 26110 21110 18110 15110 14110 18110 18110 16110 16110 19110 21110 21110 22110 27110 34110 31110 19110 19110 20110 22110 24110 22110 23110 26110 26110 20110 16110 14110 15110 17110 15110 16110 15110 15110 17110 15110 13110 13
1509110 13110 14110 16110 14110 11110 15110 17110 15110 14110 15110 16110 16110 15110 13110 11110 11110 11110 16110 20110 16110 13110 15110 15110 13110 11110  9110 10110 12110 12110 12110 14110 15110 15110 16110 15110 12110 11110  9110  7110  8110  9110 11110 11110 12110 11110  9110  9110  9110  9110  8110  8110  9110 10110 10110 10110  9110  8110  7110  7110  9
1510110 13110 16110 17110 18110 17110 14110 13110 12110 12110 10110 10110 11110  9110  6110  5111  5111  6111  5111  4111  4110  7110 10110 10110  9110  8111  8111  9111 10111  9111  7111  5111  4111  5111  6111  8111 12111 11111 10111 13111 15111 12111 12111 16111 18111 17111 18111 17111 15111 13111 12111 13111 14111 13111 11111 11111 10111  9111  9111  9111  9
1511111  9111 10111 10111 10111 10111  9111  9111  8111  8111  8111  8111  8111  7111  7111  8111  7111  6111  6111  6111  7111  8111 10111 12111 13111 13111 14111 13111 11111  9111  7111  6111  6111  5111  5111  5111  5111  6111  7111  8111  9111 10111  9111  7111  6111  7111  6111  6111  5111  4111  4111  2111  3111  3111  2111  1  0  0  0  0  0  0  0  0  0  0
1512  0  0  0  0  0  0  0  0111  2111  3111  5111  6111  6111  6111  6111  7111  7111  7111  7111  7111  8111  7111  7111  8111  8111  9111 10111 10111 10111 10111  9111  8111  8111  8111  9111  9111  8111  8111  7111  7111  9111 10111 10111 11111 11111 10111 11111 12111 13111 13111 14111 15111 15111 15111 15111 15111 16111 15111 17111 19111 19111 18111 18111 19
1513111 17111 15111 16111 16111 15111 15111 17111 22111 23111 20111 19111 16111 15111 14111 15111 13111 11111 14111 13111 10111 11111  9111  7111  5111  4111  8111  9111 10111 12111 10111  9111 12111 14111 13111 15111 14111 11111 10111 11111  9111  9111  9111  9111  8111  8111  6111  4111  4111  4111  4111  3111  4111  5111  4111  3111  3111  4111  5111  5111  4
1514111  4111  4111  3111  3111  3111  4111  5111  5111  5111  5111  6111  6111  6111  6111  5111  5111  5111  5111  4111  3111  2  0  0  0  0  0  0111  1111  3111  4111  5111  5111  4111  5111  5111  6111  6111  6111  5111  4111  3111  2  0  0  0  0  0  0  0  0  0  0  0  0  0  0  0  0  0  0111  1111  4111  7111  9111 10111 11111 11111 11111  7111  7111  6111  8
1515111 10111  9111 10111  9111  8111  8111 10111 12111 14111 14111 15111 14111 10111 10111 10111  9111  7111  6111 10111 10111  6111  5111  4111  4111  5111  6111  6111  9111 13111 15111 18111 15111 14111 15111 11111 10111 12111 12111 10111  7111  5111  7111  8111  7111  9111  9111  9111  8111 10111 12111 10111 10111  9111  9111  9111  7111  6111  5111  6111  9
1516111 10111 11111 11111 11111 10111  9111 11111 12111 12111 13111 12111  8111  6111  5111  7111  8111  5111  3111  2111  3111  3111  4111  5111  5111  4111  4111  5111  6111  8111 12111 12111 10111 10111 10111  8111  8111 10111 12111 12111 11111  9111  8111  5111  3111  5111  8111  6111  5111  4111  4111  3111  2111  2111  3111  4111  4111  1  0  0  0  0  0  0
1517  0  0111  1111  2111  3111  3111  4111  4111  4111  3111  3111  3111  2111  2111  3111  4111  4111  4111  4111  4111  4111  3111  2111  1111  1111  2111  3111  4111  5111  5111  6111  8111  9111  8111  9111 10111 10111  8111  8111  8111  7111  6111  5111  5111  5111  6111  8111 11111 13111 13111 12111 14111 14111 14111 16111 17111 15111 17111 17111 15111 15
1518111 15111 16111 14111 11111 11111 11111 11111 11111 13111 15111 12111  8111  8111 10111 10111  9111  8111  8111  8111  7111  8111  8111  8111 12111 18111 19111 15111 14111 13111 15111 22111 22111 22111 23111 20111 17111 15111 15111 16111 16111 13111 15111 19111 24111 21111 16111 19111 21111 19111 14111 14111 15111 10111  8111 10111 11111 10111  8111 10111 16
1519111 14111 12111 11111 10111 12111 12111 12111 16111 19111 16111 14111 14111 15111 13111 10111 11111 12111 10111  8111 12111 16111 15111 15111 16111 11111  8111  5111  7111  7111  4111  6111  8111  7111  6111  6111  5111  6111  4111  4111  6111  9111 10111  9111 11111 13111 15111 16111 15111 14111 11111 10111 11111 11111 13111 13111 12111 12111 14111 15111 15
1520111 14111 13111 10111  7111  8111 10111 12111 14111 13111 11111 10111 14111 19111 19111 20111 20111 23111 22111 19111 17111 12111 12111 13111 10111 10111 14111 14111 16111 18111 19111 18111 15111 16111 15111 16111 14111 11111 12111 14111 17111 16111 15111 13111  9111  6111  4111  4111  4111  4111  5111  7111  9111  9111  7111  7111  6111  5111  5111  6111  6
1521111  4111  4111  4111  5111  5111  5111  6111  8111  9111  8111  7111  6111  5111  4111  3111  4111  4111  5111  6111  6111  7111  6111  5111  6111  9111 10111 11111 11111  8111  8111  8111  7111  5111  4111  4111  4111  7111  8111  8111  9111  8111  9111 11111 13111 11111  9111  9111 11111 12110 11110 10110  9110 10110 13110 11110 10110 10110  8110  5110  7
1522110 11110  8110  3110  2110  4110  7110  8110  6110  5110  7110  8110 10110 10110  8110 10110 14110 13110 10110 10110 13110 14110 14110 10110  7110  9110 11110 11110 11110 10110  9110  8110 11110 14110 12110 12110 13110 13110 17110 16110  9110  7110  9110 12110 10110 11110 14110 10110 11110 15110 17110 14110 11110 16110 19110 17110 15110 15110 14110 12110 13
1523110 14110 12109 15109 16109 17109 21109 14109  7109 12110 14110 12110 18110 16110 14110 15110 13110 13110 12110 14110 15110 12110 10110 14110 15110 11110  9110 16110 19110 12110 11110 17110 15110  5110  6110 12110 10109 14109 22109 22109 23110 22110 18110 11110  9110 15109 18109 15109 15109 19109 22109 21109 23109 27109 22109 20109 25109 22109 17109 15109 13
1600109 12109 18109 26109 23109 16109 17109 18109 17109 19109 17109 20109 20109 14109 11109 13109 15109 16109 21109 26109 28109 27109 21109 20109 21109 17109 13109 10109 15109 21109 25109 27109 24109 23109 24109 21109 16109 11109 14109 19109 15109 12109 17109 18109 15109 13109 10109 11109 19109 26109 27109 28109 23109 15109 12109 13109 16109 22109 25109 23109 19
1601109 12109  9109  9109  8109 10109 23109 30109 26109 18109 15109 17109 18109 17109 17109 18109 17109 16109 15109 13109 10109 11109 14109 16109 15109 15109 21109 23109 19109 18109 18109 16109 13109 10109  8109  6109  9109 12109 13109 17109 17109 19109 17110 13110 13110 11110 12110 14110 11110 11110 13110 14110 20110 21110 14110 11110 10110 13110 17110 16110 12
1602110  6110  5110  6110  8110 10110  8110  8110 10110 15110 13110  8110  6110  8110 11110 13110 18110 21110 21110 21110 19110 16110 13110 12110 10110  9110 11110 11110 11110 13110 14110 14110 13110 15110 15110 12110 10110 14110 19110 17110 14110 11110 13110 17110 16110 15110 16110 17110 17110 17110 17110 16110 12110  9110  9110 13110 17110 21110 22110 14110 10
1603110 14110 14110 20110 26110 22110 17110 13110 11110 12110 13110 17110 19110 19110 16110 11110 10110  9110 11110 18110 21110 17110 17110 18110 15110 11110 14110 23110 27110 24110 22110 21110 19110 15110 13110 17110 19110 17110 17110 16110 13110 11110  9110 12110 16110 16110 16110 17110 19110 19110 20110 20110 19110 14110 12110 14110 17110 19110 18110 18110 16
1604110 16110 20110 19110 17110 23110 21110 12110 14110 18110 16110 15110 13110 13110 17110 18110 18110 19110 16110 13110 17110 17110 19110 21110 16110 15110 17110 17110 17110 18110 15110 18110 21110 17110 16110 15110 17110 23110 24110 20110 18110 18110 15110 12110 13110 13110 14110 15110 19110 18110 15110 20110 22110 16110 17110 23110 21110 19110 18110 14110 13
1605110 15110 25110 35110 30110 27110 27110 27110 27110 31110 33110 29110 29110 31110 30110 31110 33110 34110 41110 38110 29110 30110 34110 29110 19110 21110 26110 25110 26110 28110 31110 37110 38110 35110 26110 23110 19110 19110 21110 23110 26110 22110 21110 27110 27110 32110 35110 34110 40110 43110 34110 29110 32110 33110 35110 40110 43110 37110 24110 25110 29
1606110 27110 27110 22110 21110 23110 21110 20110 14110 12110 20110 24110 23110 25110 29110 29110 25110 19110 19110 19110 17110 15110 16110 27110 32110 35110 39110 34110 38110 38110 28110 24110 21110 20110 26110 31110 32110 28110 21110 27110 33110 29110 23110 19110 15110 13110 15110 17110 21110 28110 28110 21110 25110 28110 19110 15110 22110 33110 31110 27110 31
1607110 31110 26110 22110 26110 26110 26110 26110 23110 22110 23110 26110 24110 26110 26110 25110 24110 18110 15110 16110 18110 19110 19110 23110 23110 19110 15110 14110 15110 19110 19110 19110 26110 26110 22110 24110 28110 27110 21110 22110 25110 21110 25110 28110 24110 25110 22110 19110 19110 20110 27110 33110 29110 28110 25110 18110 14110 17110 19110 19110 19
1608110 20110 23110 21110 22110 22110 20110 16110 14110 17110 18110 12110 14110 31110 37110 30110 28110 19110 17110 20110 18110 23110 29110 28110 25110 25110 30110 28110 23110 20110 21110 27110 31110 25110 20110 19110 18110 22110 22110 15110 13110 19110 20110 21110 21110 23110 26110 22110 19110 20110 18110 13110 11110 10110 11110 13110 15110 15110 14110 18110 21
1609110 20110 19110 15110 13110 11110  8110  8110 10110 10110 11110 13110 12110 11110 12110 11110 10110 10110 10110  9110  9110  8110  9110  9110  7110  7110 10110 14110 13110 12110 15110 18110 18110 18110 17110 13110 16110 20110 19110 20110 20110 24110 28110 26110 21110 20110 20110 22110 21110 15110 10110 10110 13110 16110 20110 22110 21110 20110 16110 12110 16
1610110 18110 15110 11110 14110 17110 15110 13110 14110 16110 14110 10110 12110 12110 11110 14110 15110 17110 18110 13110 10110 10110 11110 11110  9110  9110 11110 14110 15110 13110  9110 11110 13110  8110  6110  8110  9110  8110  9110 10110  9110  8110  8110  9110  9110  9110  8110  8110 10110  9110  8110  9110 11110 13110 15110 16110 16110 16110 18110 19110 21
1611110 20110 20110 21110 19110 18111 18111 18111 20111 19111 21111 21111 20111 20111 19111 19111 21111 20111 17111 20111 23111 28111 35111 33111 29111 28111 24111 24111 26111 24111 21111 17111 14111 16111 16111 17111 20111 21111 22111 25111 24111 23111 24111 20111 19111 20111 21111 23111 24111 26111 25111 22111 22111 22111 20111 18111 20111 21111 21111 17111 14
1612111 15111 13111 10111 11111 15111 15111 17111 21111 21111 17111 16111 16111 14111 13111 15  0  0111 14111 13111 15111 19111 19111 18111 17111 15111 16111 18111 15111 14111 16111 17111 22111 27111 27111 27111 29111 28111 22111 17111 23111 27111 21111 22111 27111 24111 20111 22111 20111 18111 18111 19111 18111 17111 15111 14111 12111 11111 14111 16111 16111 16
1613111 16111 16111 15111 15111 15111 12111 10111 12111 15111 14111 14111 15111 14111 13111 12111 14111 16111 15111 13111 13111 11111  6111  6111  9111  9111 11111 13111 14111 15111 16111 15111 16111 15111 15111 15111 16111 16111 13111 14111 14111 10111  9111 12111 13111 15111 14111 12111 14111 15111 15111 17111 16111 14111 12111 12111 11111 13111 12111 10111 10
1614111 14111 17111 15111 13111 15111 13111  9111 11111 13111 12111 11111  9111  9111 10111 15111 18111 15111 18111 19111 17111 21111 22111 21111 23111 23111 21111 21111 19111 13111 13111 18111 20111 19111 15111 16111 14111  7111  4111  6111  6111  6111  6111  6111  7111  8111  8111  9111 11111 11111 11111 10111  7111  9111 11111  9111  7111  7111 11111 14111 15
1615111 13111 14111 17111 16111 15111 15111 16111 14111 12111 15111 13111  9111  7111  8111 11111 10111  9111  9111  9111 12111 11111  8111  8111  9111 11111 15111 14111  8111  9111 13111 13111 11111 10111 10111 10111 10111 10111 12111 13111 13111 11111  7111  6111  8111  9111 10111 11111 10111  8111  7111  9111 13111 15111 13111 11111 12111 12111  9111  8111  7
1616111  8111  9111  8111  7111  8111  9111  8111 10111 11111 10111 11111 12111 14111 14111 12111 13111 13111 11111  8111  7111  9111 14111 13111 11111  9111  9111 11111 13111 13111 13137 13111  9111  9111 10111 13111 14111 14111 15111 13111 15111 21111 22111 14111 12111 15111 14111 14111 19111 21111 20111 21111 19111 17111 17111 16111 18111 19111 16111 13111 12
1617111 12111 13111 11111  9111  9111 10111  9111  8111 10111 12111 15111 21111 20111 15111 12111 14111 15111 14111 12111  9111  9111  9111  9111 10111 10111  9111  7111  7111  7111  8111 10111 11111 16111 21111 18111 16111 16111 15111 12111  7111  6111 10111 15111 20111 19111 14111 13111 12111 11111 10111 10111 11111 12111 12111 12111 12111 12111 10111  7111  6
1618111  5111  4111  6111  7111  5111  5111  7111  7111  7111  7111  7111  7111  6111  5111  5111  6111  6111  7111  6111  6111  7111  6111  6111  9111 10111 11111 12111 14111 16111 17111 17111 17111 18111 18111 18111 15111 12111 10111 11111 13111 13111 13111 13111 10111  9111  7111  8111  9111  5111  4111  5111  5111  5111  4111  4111  4111  4111  5111  6111  6
1619111  7111  9111 13111 14111 13111 14111 15111 15111 12111 10111 13111 13111 11111 11111 13111 12111 10111 11111 13111 12111 11111 11111 11111 13111 18111 23111 20111 17111 20111 23111 18111 17111 21111 19111 23111 27111 24111 20111 18111 17111 17111 16111 15111 21111 28111 24111 18111 16111 16111 16111 19111 22111 23111 29111 30111 30111 33111 27111 23111 25
1620111 30111 25111 14111  9111 13111 22111 27111 28111 31111 33111 33111 30111 27111 26111 26111 30111 29111 30111 31111 27111 24111 19111 20111 27111 31111 27111 27111 28111 26111 23111 17111 13111 13111 15111 16111 23111 23111 17111 19111 22111 24111 24111 24111 27111 28 50  7111 23111 20111 16111 17111 22111 18111 14111 15111 14111 16111 17111 19111 19111 17
1621111 23111 21111 15111 13111 11111  8111  8110 12110 14110 14110 15110 14110 16110 15110  8110  8110 10110 10110 11110 10110 11110 14110 17110 20110 20110 20110 20110 19110 24110 28110 26110 22110 16110 18110 21110 25110 29110 24110 19110 19110 15110 15110 19110 18110 16110 19110 21110 16110 19110 20110 13110  8110 12110 16110 23110 25110 23110 26110 24110 19
1622110 14110 10110  9110 11110 10110  9110 11110 12110 15110 17110 18110 22110 22110 18110 15110 13110 15110 18110 18110 16110 13110 10110  7110  7110 10110 18110 18110 10110  9110 11110 12110 12110 16110 21109 20109 24109 26109 22109 17109 13109 17109 20109 19109 17109 16109 20109 24109 21109 18109 19109 15109 11109 15109 22109 24109 21109 17109 20109 24109 20
1623109 16109 20109 25109 28109 24109 20109 23109 23109 29109 36109 28109 19109 16109 18109 23109 25109 23109 26109 25109 12109 18109 31109 35109 40109 37109 24109 13109 15109 23109 28109 31109 30109 27109 21109 14109 13109 14109 13109 15109 17109 18109 21109 21109 17109 14109 14109 16109 17109 25109 30109 24109 19109 17109 14109 12109 15109 15109  9109 14109 17
1700109 12109 14109 17109 14109  9109 13109 18109 20109 21109 19109 18109 15109 12109  8109  8109 11109  9109 13109 19109 20109 18109 16109 17109 18109 19109 17109 13109  9109  8109 10109 13109 15109 21109 28109 27109 22109 16109 26109 35109 27109 21109 22109 24109 23109 18109 11109 11109 11109 15109 17109 17109 22109 23109 19109 16109 14109 13109 10109  8109  6
1701273  4109  6109  5108  6108  7108  8108  6108  7108 11108 10108 10108 13108 13108 11108 12108 18108 20108 17108 12108 14108 16108 17108 25108 25108 20108 20108 20108 16108  8108  9108  8108  9108 13109 16109 16109 15109 16109 15109 16109 20109 21109 19109 13109 11109 14109 20108 20108 18108 20108 24108 23108 24108 29108 29108 28108 21109 14109 20109 22109 18
1702109 15109 15109 15109 11109  8109  6109  7109 10109 12109 10109  7109 12109 16109 13109 14109 16109 12109  9109 11109 14109 18109 22109 26109 29109 25109 23109 23109 20109 17109 18109 22109 26109 31109 27109 25109 25109 23109 28109 31109 28109 24109 21109 19109 20109 23109 20109 17109 18109 20109 19109 21109 22109 16109 14109 23109 25109 23109 23109 21109 17
1703109 16109 15109 14109 15109 16109 19109 25109 30109 34109 32109 28109 24109 19109 16109 27109 38109 30109 22108 18108 24108 30108 20108 16108 27108 30108 30108 31108 26108 17108 15108 21109 25109 22109 17109 28109 40109 36109 28109 29109 35109 33109 28109 26109 33109 38109 32109 22109 16109 17109 19109 18109 19109 17109 14109 16109 17109 14109 16109 24109 27
1704109 24109 23109 22109 24109 27109 26109 24109 21109 22109 24109 23109 22109 21109 15109 12109 13109 14109 12109 13109 19109 18109 17109 23109 25109 28109 29109 23109 21109 21109 17109 16109 19109 18109 16109 15109 12109 19109 28109 26109 23109 27109 32109 28109 26109 20109 18109 24109 25109 23109 25109 27109 26109 26109 21109 16109 16109 17109 21109 28109 27
1705109 23109 23109 22109 16109 11109 12109 14109 14109 16109 18109 22110 27110 24110 17110 15154  2109 17109 15110 16110 23110 22110 17110 20110 24110 21110 14110 10110 16110 23110 28110 30110 28110 25110 25110 20110 16110 20110 23110 23110 20110 19110 17110 18110 22110 21110 15110 16110 18110 22110 25110 23110 22110 21110 23110 23110 23110 24110 20110 17110 22
1706110 25110 23110 20110 21110 23110 25110 22110 17110 13110 11110 13110 21110 20110 17110 18110 14110 11110 16110 20110 19110 21110 18110 13110 15110 21110 22110 20110 19110 17110 18110 20110 22110 28110 28110 27110 27110 27110 28110 33110 38110 37110 37110 40110 40110 40110 36110 32110 33110 30110 31110 38110 37110 34110 35110 35110 33110 33110 32110 29110 30
1707110 31110 34110 34110 29110 26110 31110 32110 26110 29110 30110 24110 25110 28110 29110 29110 31110 27110 24110 24110 24110 23110 18110 16110 20110 19110 15110 15110 15110 16110 16110 15110 17110 18110 15110 14110 15110 20110 23110 19110 17110 16110 16110 18110 15110 16110 17110 13110 12110 15110 15110 16110 18110 17110 18110 15110 16110 18110 15110 15110 16
1708110 18110 19110 20110 21110 19110 19110 19110 15110 14110 17110 16110 12110 11110 11110 12110 10110  7110  7110  7110 10110 11110  9110  9110 10110 11110 11110 10110  9110  9110 10110 11110 10110 10110  9110  9110  8110  6110  5110  6110  7110  8110  8110 10110 10110 10110  8110  9110 11110 10110  9110  8110  8110  8110  8110  8110  9110  9110  9110  8110  9
1709110  9110  9110  8110  7110  6110  5110  5110  5110  6110  7110  7110  7110  6110  7110  8110  9110  9110  8110  9110 10110 11110 10110 10110  9110  9110  8110  7110  7110  8110  8110  8110  9110 10110 11110 13110 15110 17110 15110 16110 16110 15110 14110 14110 17110 16110 15110 19110 20110 18110 16110 16110 16110 18110 17110 18110 24110 22110 18110 19110 21
1710110 22110 22110 20110 21110 22110 19110 18110 20110 22110 22110 20110 20110 19110 17110 14110 12110 11110 11110 12110 11110 10110 10110 11110 11110 12110 11110  6111  6111  8110  7110  6111  6111  7110 10110 11111 11110 13110 15111 13111 14111 13111 11111 10111 13111 16111 13111 11111 12111 14111 13111 14111 19111 16111 11111 11111 13111 17111 16111 10111  8
1711111  9111 14111 19111 16111 12111  9111  8111 11111 16111 16111 10111  9111  9111 11111 11111  8111  5111  8111 12111 14111 15111 13111 12111 11111  9111  7111  7111  8111  8111  9111 11111 13111 16111 15111 14111 14111 16111 16111 15111 15111 12111 11111 12111 11111 15111 17111 17111 17111 15111 17111 16111 14111 13111 17111 19111 16111 17111 19111 19111 16
1712111 12111 19111 25111 23111 19111 17111 17111 17111 14111 13111 18111 23111 27111 25111 18111 20111 22111 20111 16111 15111 16111 22111 28111 22111 13111 15111 19111 19111 19111 18111 15111 15111 18111 17111 15111 13111 15111 15111 10111  7111  5111  5111  7111 11111 11111  8111 10111 10111  9111  8111 10111 11111 12111 12111 12111 12111 12111 11111  9111  7
1713111  6111  7111 11111 13111 12111 12111 10111  9111 11111 10111 11111 12111 11111 11111 13111 13111 15111 17111 18111 18111 19111 15111 12111 13111 14111 14111 16111 19111 19111 16111 15111 16111 13111 10111  8111 12111 15111 14111 14111 12111  9111 10111 11111 10111 10111 11111  9111  8111 11111 12111 12111 10111  6111  7111 10111 12111 12111 10111  9111 11
1714111 14111 14111 12111 15111 18111 17111 14111 14111 14111 12111 12111 12111  9111 12111 19111 19111 18111 17111 15111 10111  8111  9111 12111 12111 10111 12111 11111 10111 10111 11111 13111 12111  9111 12111 14111 12111 11111  9111  9111  9111  8111  7111  8111  7111  7111  9111 14111 13111 12111 20111 26111 22111 22111 28111 28111 31111 29111 22111 17111 13
1715111 19111 23111 21111 26111 27111 23111 18111 14111 22111 34111 30111 19111 18111 18111 21111 31111 32111 29111 25111 23111 21111 23111 29111 27111 32111 34111 29111 24111 27111 35111 34111 29111 23111 20111 18111 21111 27111 30111 27111 28111 28111 29111 31111 30111 31111 32111 27111 24111 26111 21111 23111 29111 36111 42111 37111 36111 36111 31111 35111 38
1716111 27111 20111 27111 35111 36111 31111 28111 24111 26111 27111 29111 35111 33111 34111 31111 33111 34111 36111 37111 32111 26111 19111 20111 22111 30111 39111 37111 26111 21111 22111 26111 23111 18111 16111 14111 17111 21111 23111 25111 28111 28111 32111 32111 21111 22111 31111 31111 28111 20111 15111 19111 23111 24111 22111 25111 33111 35111 31111 34111 33
1717111 21111 16111 22111 21111 17111 13111 13111 19111 19111 16111 13111 13111 16111 16111 15111 21111 34111 34111 23111 17111 12111 12111 13111 22111 27111 23111 22111 25111 24111 18111 21111 23111 17111 16111 18111 17111 17111 15111 13111 18111 26111 28111 26111 21111 17111 22111 24111 27111 32111 31111 30111 26111 28111 37111 41111 39111 32111 31111 35111 29
1718111 18111 19111 21111 17111 21111 25111 22111 17111 14111 11111 11111 13111 13111 15111 21111 24111 20111 17111 23111 29111 27111 21111 20111 20111 17111 18111 17111 14111  9111  9111 15111 18111 15111 13111 12111  9111  8111 10111 10111 13111 15111 19111 18111 14111 15111 14111 12111 11111 10111  9111 10111 14111 13111 12111 11111 10111 10111 14111 19111 18
1719111 15111 12111 11111 10111  9111  7111  5111  7111  9111 11111 11111 10111 11111  9111  8111  8111  9111  9111  8111  7111  7111  6111  5111  8111 12111 11111 10111 10111  9111  9111 11111 13111 13111 12111 11111 10111  8111  6111  6111  6111  6111  5111  3111  1  0  0  0  0  0  0  0  0  0  0  0  0111  2111  3111  3111  3111  3111  3111  3111  4111  4111  3
1720111  5111  7111  8111  9111 10111  9111  9111 10111  9111  8111  8111  9111  8111  8111  9111 11111 13111 12111 11111 10111  9111  9111 11111 13111 11111 10111  9111  7111  8111  8111  8111  8111  5111  6111  7111  6111  6111  8111  7111  6111  7111  7111  6111  6111  8111  6111  6111  7111  9111 11111 14111 13111 12111 13111 12111 10111 10111 13111 14111 13
1721111 12111 11111  9111  7111  6111  7111  7111  4111  4111  9111 10111 11111 14111 14111 12111 15111 16111 16111 15111 14111 16111 19111 19111 15111 12111 14111 15111 16111 14111 11111 13111 15111 13111 12111 13111 13110 14110 15110 13110 14110 16110 18110 18110 15110 14110 11110 11110 14110 15110 12110  7110  8110 15110 17110 16110 15110 12110 13110 15110 17
1722110 17110 17110 16110 18110 18110 15110 14110 14110 13110 11110 11110 12110 13110 11110 12110  9110  9110 10110 11110 11110 15110 17110 15110 15110 11110 11110 19110 20110 16110 13110 14110 16110 17110 15110 11110 13110 14110 11110 11110 10110 12110 16110 16110 22110 27110 20110 13110 18110 20110 17110 17110 15110 12110 13110 16110 13110 10110 13110 14110 13
1723110 15110 16110 15110 19110 25110 25110 17110 17110 20110 16110 14110 14110 15110 17110 19110 21110 20110 20110 23110 24110 22110 17110 16110 16110 14110 13110 19110 20110 20110 21110 19110 20110 19110 14110 11110 17110 20110 16110 14110 12110 13110 19110 24110 26110 28110 26110 22110 17110 15110 18110 22110 19110 17110 15110 16110 19110 16110 13110 14110 15
1800110 20110 24110 17110 19110 24110 22110 24110 25110 17110 13110 14110 17110 21110 25110 24110 20110 23110 24110 17110 18110 18110 19110 21110 20110 16110 11110 17110 22110 21110 24110 23110 22110 20110 23110 27110 24110 26110 25110 22110 15110 17110 24110 23110 23110 26110 24110 23110 23110 23110 22110 16110  8110 11110 12110  9110 10110 11110  9110  8110 17
1801110 28110 27110 23110 19110 14110 13110 11110 11110 14110 12110  8110  9110 11110 10110 11110 12109 11109  8109  7109 12109 16109 18109 22109 25109 28109 28109 24109 20109 15109 11109  9109 13109 16109 11109  8109 10109  9109  8109  7109  9109 12109 16109 19109 14109 12109 14109 18109 18109 14109 14109 20109 24109 25109 22109 19109 17109 12109 13109 13109 13
1802109 15109 13109 16109 22109 21109 16109 15109 14109  8109  6109  9109 11109 12109 16109 18109 15109 12109 14109 12109  7109  8109  8109  6109  7109  9109 13109 14109 11109  7109  5109  9109 10109 10109 12109 14109 16109 15109 17109 20109 21109 18109 15109 19109 21109 17109 16109 18109 19109 18109 20109 20109 15109 11109 10109  9109  7109  4109  6109 14109 18
1803109 17109 18109 17109 12109  6109  5109  7109  7109  7109  8109  7109  4109  2109  5109  9109 10109 13109 16109 14109 15109 18109 17109 16109 15109 14109 12109 11109 12109 10109  6109  4109  5109  9109 13109 18109 17109 12109  7109  6109  9109 13109 14109 14109 10109  7109 13109 18109 19109 22109 22109 18109 19109 18109 13109 15109 14109 11109 12109 13109 12
1804109 12109 15109 13109 13109 14109 10109  5109  4109 11109 17109 20109 20109 16109 13109 12109 16109 19109 18109 15109 16109 18109 16109 12109  6109  6109 12109 16109 13109 11109  8109  6109  6109  5109  7109 16109 19109 15109 12109 12109 16109 15109 13109 14109 14109 14109 13109  8109  6109  8109  9109 10109 12109 13109 13109 13109 12109 10109 12109 11110 11
1805110 13110 16110 20110 19110 13110 10110  9110  9110 10110 10110  9110 10110 15110 17110 14110 10110  9110 10110  9110  8110  8110  8110  7110  7110  9110 11110 13110 11110 10110 10110 12110 14110 13110 14110 13110 12110 12110 13110 14110 13110 11110 11110 12110 13110 13110 11110 12110 14110 11110 10110  8110  6110  6110  9110 12110 11110 11110  9110  7110  9
1806110  8110  7110  8110  9110  8110  7110  6110  7110 10110 10110 10110 10110  8110  8110  9110 10110  9110  8110  8110  7110  8110  8110  8110  9110  8110  8110 11110 12110 11110 10110 10110 10110 11110 12110 11110 10110  9110 12110 20110 26110 23110 19110 20110 25110 28110 25110 21110 22110 29110 29110 27110 32110 34110 29110 28110 30110 28110 26110 24110 25
1807110 28110 25110 22110 24110 28110 28110 29110 29110 24110 21110 25110 28110 28110 27110 22110 23110 22110 20110 18110 20110 24110 23110 20110 21110 24110 23110 24110 24110 20110 17110 16110 16110 16110 17110 17110 17110 15110 14110 17110 18110 19110 21110 20110 21110 18110 20110 20110 18110 19110 19110 17110 15110 12110 12110 15110 15110 12110 10110 10110 10
1808110 10110 11110  9110  8110 11110 13110 12110 11110 10110  8110  8110  9110 11110 11110 11111 10111 11111 13111 14111 11111 10111 12111 10111  8111  7111  6111  4111  5111  7111  9111 10111 11111 13111 11111  9111  8111  9111 10111 12111 12111 12111 13111 12111 12111 11111  9111  9111  8111  8111  8111  7111  7111  7111  9111  9111  8111  6111  5110  5110  4
1809111  3111  4111  5111  6111  8111 10111 11111 11111 10111 10111 12111 14111 14111 13111 11111  9111  9111 11111 12111 11111 11111 11111 10111  7111  6111  7111  8111  9111 10111 13111 13111 12111 11111  9111  8111 10111 10111 11111 11111 10111  9111  9111  8111  9111  9111  9111  8111  7111  7111  7111  7111  7111  7111  8111  8111  7111  6111  6111  7111  8
1810111  8111  8111  8111  8111  8111  9111  8111  7111  6111  6111  6111  6111  5111  5111  6111  7111  6111  5111  5111  4111  4111  4111  3111  3111  4111  4111  4111  4111  5111  6111  6111  8111  8111  8111  7111  7111  7111  7111  6111  6111  6111  5111  4111  3111  2111  2111  1111  2111  2111  3111  4111  5111  5111  5111  5111  5111  4111  4111  3111  2
1811111  1  0  0  0  0111  2111  4111  4111  4111  4111  4111  4111  4111  4111  5111  6111  5111  4111  4111  5111  5111  5111  5111  5111  5111  5111  5111  6111  7111  7111  6111  6111  5111  4111  4111  4111  4111  4111  4111  4111  5111  6111  7111  7111  7111  7111  7111  8111  9111 12111 13111 13111 13111 12111 12111 12111 13111 14111 14111 15111 14111 15
1812111 16111 14111 12111 12111 13111 14111 14111 14111 13111 11111 10111 11111 11111 11111 10111  8111  7111  8111  9111  8111  7111  7111  7111  9111  8111  7111  9111 11111 10111 10111 10111  9111  8111  9111 10111 10111 10111  9111  7111  8111  9111  9111  9111  8111  9111  9111  8111  7111  8111  8111  9111  8111  8111  9111  9111  9111  8111  7111  6111  7
1813111  8111  6111  5111  5111  6111  6111  6111  7111  8111 10111 10111 11111 12111 11111 11111 11111 12111 10111  9111  9111  8111  9111  9111  9111 10111  9111  9111 11111 11111 11111 10111  9111  8111  9111  9111  8111  9111  8111  8111  8111  7111  6111  4111  3111  5111  7111  9111 10111 11111 12111 12111 13111 15111 16111 16111 15111 15111 16111 15111 14
1814111 12111 11111 10111  8111  6111  4111  2111  3111  5111  6111  6111  4111  2111  2111  3111  4111  6111  6111  5111  5111  6111  6111  7111  6111  6111  5111  3111  3111  4111  5111  5111  7111  8111  8111  9111  9111  9111  9111  9111  9111 11111 14111 14111 15111 15111 14111 12111 12111 11111 12111 12111 11111 12111 10111  9111  8111  6111  6111  8111  9
1815111  9111  9111  9111  9111  7111  6111  4111  1  0  0  0  0111  1111  3111  4111  5111  6111  7111  8111  8111  7111  5111  4111  4111  4111  4111  4111  4111  3111  1  0  0  0  0  0  0  0  0  0  0  0  0  0  0  0  0  0  0111  2111  4111  5111  5111  5111  5111  6111  7111  8111  9111  9111  7111  6111  5111  4111  4111  4111  4111  3111  2  0  0  0  0  0  0
1816111  1111  3111  5111  7111  8111  9111  8111  8111  8111  7111  7111  7111  9111 11111 13111 13111 12111 13111 16111 16111 14111 14111 14111 12111 11111 12111 12111 10111  9111 13111 17111 16111 13111 11111 11111 11111 12111 10111  9111  9111 10111  9111  7111  7111  8111  7111  6111  6111  6111  4111  3111  3111  2111  3111  3111  2111  2111  3111  4111  3
1817111  3111  3111  3111  2111  2111  2111  2111  2111  1  0  0  0  0  0  0111  1111  2111  2111  2111  3111  3111  3111  2111  2111  1111  1  0  0  0  0  0  0  0  0  0  0  0  0  0  0  0  0  0  0  0  0111  2111  2111  2111  1  0  0  0  0111  2111  3111  4111  4111  4111  3111  4111  7111  7111  6111  5111  4111  4111  4111  4111  3111  4111  5111  6111  7111  7
1818111  6111  6111  5111  4111  3111  3111  3111  4111  4111  5111  6111  5111  4111  4111  3111  2111  2111  2111  3111  3111  3111  4111  4111  4111  3111  2111  1111  1  0  0  0  0  0  0  0  0  0  0111  2111  3111  3111  4111  5111  4111  3111  2111  2111  3111  4111  5111  6111  6111  7111  7111  8111  7111  6111  6111  5111  5111  7111  7111  7111  8111  7
1819111  7111  8111  8111  8111  8111  8111  7111  7111  7111  6111  6111  7111  7111  8111  9111  9111  8111  7111  8111  9111  9111 10111 12111 12111 11111 11111 11111  9111  8111  8111 10111 12111 12111 12111 13111 12111 11111 11111 11111 12111 12111 13111 12111 10111  9111 10111  8111  7111  7111  7111  6111  5111  4111  4111  4111  5111  5111  3111  3111  5
1820111  4111  4111  5111  4111  4111  4111  4111  6111  8111  9111  7111  5111  3111  2111  2111  3111  3111  4111  4111  5111  5111  3111  2111  3111  4111  3111  1  0  0  0  0111  2111  4111  5111  6111  7111  8111  9111  9111  9111  7111  9111 12111 14111 13111 12111 14111 13111 13111 14111 14111 15111 15111 13111 11111 10111 10111 11111 10111 11111 13111 13
1821111 13111 13111 12111 13111 14111 16111 16111 14111 13111 12111 13111 11111 11111 12111 10111  6111  5111  5111  7111 11111 11111  9111  8111  8111  7111  7111  9111 12111  9111  8111 11111 14111 12111 11111 12111 11111 13111 11111 10111 11111 11111 10111 11111  9111  6111  4111  8111 13110 16110 15110 13110 14110 16111 15111 14110 14110 18110 18110 13110  9
1822110  9110 14110 18110 17110 15110 11110 11110 12110 11110 16110 20110 25110 28110 25110 26110 26110 25110 27110 24110 18110 15110 16110 17110 14110 16110 19110 23110 28110 23110 22110 23110 21110 18110 19110 21110 19110 22110 26110 26110 24110 17110 14110 14110 17110 18110 16110 20  1  4110 17110 15110 15110 17110 18110 18110 20110 20110 22110 23110 13110 13
1823110 13110 17110 23110 22110 19110 18110 16110 13110 16110 22110 22110 22110 23110 23110 24110 24110 20110 21110 22110 18110 19110 22110 20110 16110 14110 13110 13110 15110 15110 18110 23110 21110 17110 17110 19110 21110 24110 20110 15110 15110 20110 22110 19110 14110 11110  7110  8110 13110 12110 15110 19110 21110 22110 20110 15110 13110 11110 13110 18110 19
1900110 19110 20110 19110 13110 15110 21110 17110 12110 14110 17110 20110 21110 18110 15110 11110 12110 19110 22110 20110 14110 14110 15110 12110 15110 21110 17110 15110 18110 19110 18110 19110 18110 16110 18110 20110 19110 19110 21110 21110 16110 15110 17110 18110 19110 17110 14110 18110 20110 16110 12110 10110 10110 11110  8110  8110 12109 12109 11109  9109 10
1901109 10109 10109 10109  9109  9109  9109  9109  8109  6109  8109 10109  8109  5109  5109  5109  5109  5109  6109  9109 16109 19109 12109  8109  7109  5109  5109  4109  4109  9109 11109 10109 15109 16109 10109 11109 19109 21109 16109 11109  8109  8109  8109  7109 10109 12109  8109  3109  1  0  0  0  0  0  0109  2109  6109  6109  7109  9109  9109  7109  7109  6
1902109  6109  6109  7109  9109 17109 26109 29109 29109 26109 19109 17109 19109 15109  8109  9109 14109 17109 15109 13109 17109 12109  9109 23109 29109 23109 20109 15109 17109 16109  7109  2109  4109 10109 13109 13109 16109 16109 15109 14109 11109  7109  8109 11109 12109 13109 15109 16109 15109 11109  9109 12109 18109 22109 21109 16109 12109 13109 14109 15109 16
1903109 14109  8204  3109  6109  8109 13109 14109 14109 17109 18109 11109  9109 14109 17109 11109 12109 17109 18109 18109 17109 14109  9109 10109 16109 18109 17109 21109 21109 18109 19109 20109 23109 22109 20109 22109 21109 19109 16109 11109 10109 13109 11109 10109 10109 15109 16109 13109 12109 14109 10109  4109  3109  4109  6109  5109  3  0  0109  1109  6109 10
1904109 10109 10109 12109 12109 11109 13109 15109 16109 16109 14109 11109  7109  8109 11109 11109 13109 19109 17109 13109 12109 13109 13109 12109 11109 10109  9109  6109  5109  4109  6109 10109 11109 11109 13109 19109 24109 21109 21109 21109 17109 13109 15109 20109 18109 14109 11109  9109 16109 23109 19109 19109 18109 17109 18109 14109 12109 14109 13109 12109 17
1905109 26109 25109 15109 11109 12109 13109 13109 13109 16109 17109 15109 11109  9109 10109  8109  5110  6109  9109  9109  8109  7109  9109 10109 13110 23109 25110 20110 18110 16110 18110 18110 23110 36110 39110 43110 50110 45110 29110 15110 10110 11110 17110 23110 22110 20110 19110 21110 21110 21110 23110 23110 21110 23110 24110 19110 22110 25110 22110 19110 19
1906110 19110 18110 20110 26110 27110 23110 26110 30110 31110 29110 26110 27110 28110 27110 27110 24110 23110 24110 23110 22110 26110 32110 31110 29110 29110 28110 24110 23110 28110 26110 22110 20110 20110 24110 28110 27110 20110 18110 19110 18110 15110 15110 15110 16110 22110 27110 26110 21110 18110 17110 20110 21110 18110 18110 19110 18110 18110 20110 20110 21
1907110 22110 21110 19110 17110 19110 20110 19110 19110 19110 19110 19110 18110 16110 19110 19110 16110 17301  2110 16110 14110 15110 17110 15110 13110 12110 13110 12110 11110 11110 11110 10110  8110  7110  7110  6110  7110  8110  8110  9110 10110  8110  6110  4110  3110  1110  1110  2110  3110  3111  5110  7111  8111  8110  8110  7110  6110  7110  8110  8110  7
1908110  7110  7110  8110  9111 11110 14110 13110 10110  8111  8111 11111 13111 14111 11111 10111 10111 10111  9111  8111  7111  7111  6111  5111  2  0  0  0  0111  6111 10111 10111 12111 11111 12111 12111  9111  9111 11111 10111  8111  7111 10111 11111 10111 11111 12111 12111 11111 12111 14111 13111 15111 17111 15111 14111 16111 17111 14111 12111  9111  8111  7
1909111  7111  9111 13111 15111 15111 14111 14111 15111 14111 13111 12111 12111 12111 10111  8111  6111  3111  2111  2111  1111  1111  1  0  0  0  0  0  0  0  0  0  0  0  0  0  0  0  0  0  0111  1111  1111  1111  1111  2111  5111  6111  6111  5111  5111  6111  6111  5111  4111  3111  3111  4111  6111  8111  8111  8111  7111  6111  5111  4111  4111  3111  3111  3
1910111  2111  2111  2111  2111  1  0  0  0  0  0  0  0  0  0  0  0  0  0  0111  2111  2111  2111  2  0  0  0  0  0  0  0  0  0  0  0  0111  3111  5111  5111  6111  7111  8111  8111  8111  8111  8111  7111  7111  7111  8111 10111 12111 12111 12111 12111 14111 14111 12111 12111 13111 13111 11111 10111 10111  8111  5111  4111  3111  3111  4111  4111  4111  5111  6
1911111  8111  9111 10111 11111 11111 12111 12111 12111 13111 12111 10111 10111  8111  7111  5111  4111  5111  6111  8111  9111 11111 10111 10111 10111  9111  8111 11111 12111  9111  9111  9111  9111  8111  8111  9111  8111  7111  6111  6111  6111  5111  5111  6111  7111  7111  7111  6111  5111  5111  4111  5111  4111  4111  3111  3111  3111  3111  3111  3111  2
1912111  2111  2111  2111  2111  2111  1111  1  0  0111  1111  1111  2111  2111  3111  4111  4111  5111  5111  5111  5111  4111  4111  4111  4111  4111  4111  5111  4111  3111  3111  3111  3111  3111  4111  4111  5111  6111  7111  7111  6111  6111  7111  8111  8111  7111  6111  5111  4111  4111  7111  8111  8111  9111  8111  7111  7111  7111  7111  7111  7111  6
1913111  6111  6111  6111  6111  6111  6111  6111  6111  7111  8111  7111  8111  9111  9111  7111  6111  7111  7111  7111  6111  6111  6111  6111  5111  5111  5111  6111  5111  3111  4111  4111  5111  5111  5111  4111  4111  4111  5111  5111  5111  5111  5111  5111  6111  9111  9111  8111  7111  7111  7111  7111  7111  5111  4111  4111  4111  6111  7111  7111  7
1914111  7111 10111 13111 18111 21111 24111 25111 24111 21111 15111 11111 11111 13111 15111 16111 13111 11111 12111 12111 12111 10111  9111 10111 10111  8111  6111  5111  5111  6111  8111  8111  7111  6111  6111  5111  3111  3111  4111  3111  3111  2111  2111  3111  2111  2111  3111  3111  4111  5111  5111  6111  6111  6111  6111  6111  6111  6111  5111  5111  4
1915111  3111  3111  2111  1111  2111  2111  1  0  0  0  0  0  0  0  0111  1111  2111  3111  2111  2111  2111  3111  3111  4111  5111  5111  6111  6111  6111  6111  6111  5111  6111  7111  8111  9111 10111 11111 11111 12111 12111 14111 15111 15111 14111 14111 14111 12111 11111 10111 11111 12111 13111 13111 11111  9111  8111  7111  7111  7111  6111  5111  6111  7
1916111  8111  9111  7111  8111  8111  7111  5111  4111  3111  2111  2111  2111  2111  2111  1111  1111  2111  3111  3111  3111  3111  3111  3111  3111  3111  3111  2111  3111  3111  2111  2111  2111  2111  3111  3111  3111  3111  4111  4111  4111  4111  5111  6111  5111  5111  5111  5111  5111  5111  5111  5111  5111  5111  5111  5111  5111  4111  4111  4111  4
1917111  4111  3111  3111  3111  3111  3111  4111  4111  4111  4111  5111  5111  6111  7111  7111  8111  8111  8111  7111  7111  6111  6111  6111  6111  7111  7111  7111  6111  6111  5111  5111  6111  6111  6111  6111  6111  6111  6111  6111  6111  6111  6111  5111  4111  4111  3111  2111  1111  1111  1111  2111  2111  3111  3111  4111  4111  5111  6111  6111  5
1918111  5111  5111  5111  5111  6111  6111  6111  5111  4111  5111  5111  5111  5111  5111  5111  5111  5111  6111  6111  6111  6111  6111  6111  6111  7111  7111  8111  8111  8111  7111  6111  6111  5111  4111  4111  4111  4111  4111  4111  4111  4111  4111  4111  3111  2111  2111  1111  1111  1111  1111  2111  2111  2111  3111  3111  2111  2111  3111  4111  5
1919111  5111  4111  3111  2111  2111  2111  2111  2111  2111  2111  2111  2111  2111  2111  1  0  0  0  0  0  0  0  0  0  0  0  0  0  0111  2111  2111  3111  4111  4111  4111  4111  5111  4111  4111  3111  3111  3111  1111  1111  3111  3111  3111  3111  2111  2111  2111  2111  2111  2111  2111  3111  2111  2111  2111  2111  2111  2111  1111  1  0  0111  1111  2
1920111  2111  2111  2111  1  0  0  0  0  0  0  0  0  0  0  0  0  0  0  0  0  0  0  0  0  0  0  0  0  0  0  0  0  0  0  0  0  0  0  0  0  0  0  0  0  0  0  0  0  0  0  0  0  0  0  0  0  0  0  0  0  0  0  0  0111  1111  2111  2111  3111  3111  3111  3111  2111  2111  1111  1111  1  0  0  0  0  0  0  0  0  0  0  0  0  0  0  0  0  0  0  0  0  0  0  0  0  0  0  0  0
1921  0  0  0  0  0  0  0  0  0  0  0  0  0  0  0  0  0  0  0  0  0  0  0  0  0  0111  2111  3111  4111  4111  4111  3111  2111  1  0  0  0  0  0  0  0  0  0  0111  1111  2111  2111  2111  2111  2111  2111  1111  2111  3111  3111  4111  3111  3111  3110  3110  2110  2110  2110  1110  1110  3110  3110  3110  3110  3110  1  0  0  0  0  0  0  0  0110  2110  3110  3
1922110  4110  7110  9110 10110 10110 10110 12110 12110 12110 11110 10110 13110 15110 14110 13110 13110 12111 12111 13110 13110 14111 16111 13111 13111 13111 13111 13111 14111 14111 11111  9111  9111  9111  7110  5111  7111 10110 10110  8110  8110  7110  7110  6110  7110  9110  9110  7110  4110  6110  9110 10110 10110  8110  8110  7110  8110  9110  9110  8110  8
1923110  8110  8110  8110 10110 10110  8110 10110 12110 10110  8110  6110  8110 13110 12110 11110 14110 14110 12110 11110 12110 10110 10110 12110  9110  9110 11110  8110  6110  9110 13110 14110 13110 12110  8110  4110  2110  2110  6110 10110 12110 13110 11110  7110  6110  8110 10110 10110 12110 14110 14110 16110 18110 16110 14110 15110 17110 14110  9110  8110  8
2000110  4110  3110  7110 12110 12110 12110 11110 12110 14110 13110 10110  9110  9110  9110  8110  8110  7110  7110  8110  9110 10110 11110 10110  7110 10110 15110 11110  3110  4110  8110 13110 19110 18110 16110 18110 15110 12110 10110  6110  4110  3110  3110  2110  5110  6110  5110  7110  8110  8110  7110  6110  7110  7110  4110  6110 11110 14110 15109 15110 14
2001110 10110  7110 11110 18110 16110 15110 14110 13110 15110 16110 15110 13110 12110 13110 14110 16110 16110 15110 14110 11110  9110 10110 12110 13110 13109 12109 14109 18109 16109  9109  6109  4109  2109  6109 12109 14109 16109 19109 18109 17109 14109  9109 18109 25109 19109 11109  7109 10109 13109 14109 12109  9109  6109  6109  6109  9109 14109 17109 19109 21
2002109 21109 16109 14109 11109  9109 16109 19109 15109 13109 14109 12109 14109 19109 20109 23109 23109 19109 16109 14110  9110  8110 10110  7110  4110  7110 12109 13109 15109 15109 13109 16109 16109 13109 13109 13109  8109 11109 12109 10109  9109  6109  9109 16109 15109 15109 18109 21109 24109 22109 20110 18110 16110 16110 16110 15110 13110 17110 26110 30110 27
2003110 24110 20110 16110 17110 15110 12110 11110 10110  6110  6110  8110 11110 15110 14110 14110 12110  8110  6110  8110 11110 16110 18110 18110 16110 16110 13110 13110 15110 15110 16110 16110 15110 12110  9110  6110  6110  8110 12110 19110 20110 16110 15110 22110 25110 22110 21110 18110 15110 13110 16110 17110 17110 16110 13110 12110 14110 16110 13110 12110 13
2004110 11110  7110  5110  7110  7110  6110  7110  9110 10110  9110 10110 13110 15110 19110 21110 21110 23110 23110 18110 14110 12110 10110 11110 14110 14110 11110 11110 11110 10110  9110  6110  6110  9110 15110 17110 12110  9110  8110 10110 10110 11110 12110 14110 17110 15110 11110 10110 13110 15110 14110 14110 13110 12110 12110 12110  9110  7110  7110 10110 13
2005110 15110 13110  9110  9110 11110 12110 11110 11110 13110 14110 10110  9110 11110 12110 10110  8110 10110 12110 10110 10110  9110  7110  8110  9110 10110 12110 12110 14110 15110 12110 13110 17110 18110 17110 18110 16110 14110 13110 12110 13110 16110 18110 16110 13110 14110 15110 15110 16110 20110 21110 20110 17110 13110 12110 13110 16110 17110 19110 22110 20
2006110 15110 15110 17110 18110 17110 16110 17110 18110 15110 13110 12110 12110 12110 12110 14110 16110 19110 17110 19110 20110 19110 17110 15110 14110 10110  9110 12110 17110 16110 14110 16110 16110 14111 12110 13110 15110 16110 18110 18110 17110 15111 14111 14111 13110 15111 16111 14111 16111 19111 19111 17111 14111 17111 17111 15111 15111 13111 12111 11111  9
2007111 11111 14111 17111 16111 16111 16111 16111 15111 15111 16111 20111 20111 18111 19111 21111 19111 21111 25111 21111 19111 21111 19111 18111 17111 14111 15111 16111 16111 19111 20111 20111 19111 14111 11111 11111 11111 11111 13111 15111 11111  5111  4111  9111 10111  9111  9111 14111 17111 16111 13111 13111 10111  6111  5111  9111 12111 10111  9111 10111 12
2008111 14111 13111 13111 13111 15111 13111  9111  6111  6111 10111 12111 13111 18111 15111 15111 19111 20111 18111 16111 17111 18111 16111 18111 20111 19111 17111 13111 11111 12111 13111 19111 23111 20111 17111 17111 15111 12111 11112 12112 14112 16112 16112 13112  8112 11112 17112 27112 32112 34112 34112 27112 21112 20112 20112 18112 18112 19112 18112 18112 19
2009112 16112 13112 11112 12112 13112 14112 15112 15112 15112 14112 16112 16112 16112 16112 17112 17112 17112 18112 16112 13112 10112 10112 13112 16112 17112 18112 20112 22112 22112 21112 22112 22112 21112 19112 21112 25112 24112 23112 23112 19112 16112 16112 15112 13112 10112 12112 12112 12112 11112 12112 14112 19112 19112 15112 12112 12112 16112 18112 20112 22
2010112 20112 16112 14112 16112 16112 15112 14112 14112 15112 16112 18112 20112 22112 24112 27112 31112 32112 33112 35112 31112 24112 24112 27112 29112 29112 26112 28112 29112 24112 20112 15112 13112 15112 18112 22112 25112 24112 21112 24112 25112 21112 17112 17112 22112 24112 26112 27112 27112 27112 23112 17112 15112 14112 14112 16112 17112 16112 14112 11112  7
2011112  3112  2112  5112  7112  8112 17112 20112 21112 24112 21112 21112 26112 21112 12112  8112  5112  4112  5112  7112  8112 11112 13112 14112 18112 19112 20112 19112 15112 12112  8112  7112 10112 11112 15112 19112 20112 20112 23112 25112 21112 18112 17112 16112 18112 17112 13112 10112 10112  8112  5112  3112  3112  7112 10112 10112  9112  6112  4112  3112  3
2012112  3112  7112 14112 18112 20112 22112 21112 20112 18112 17112 19112 16112 13112 17112 21112 22112 22112 19112 19112 20112 25111 26112 26112 28112 31112 31112 22112 20112 21112 19112 19112 20111 23112 28112 26112 16112 11112 14112 18112 20112 19112 19112 20111 23111 25111 22112 19112 21112 25112 24111 25111 28111 27111 26111 21111 14111 11111 14111 15111 14
2013111 16112 17112 17112 19111 19111 17111 15111 10111  9111  9111 10111  9111  7112  8112 10112 13112 11112  9111  8111  8111  7112  7112  7209  3112 10112 11112 11112 13112 15112 13112 12112 10112  7112  5112  4112  3112  2112  2  0  0  0  0  0  0112  2112  2112  3112  4112  4112  5112  5112  7112  8112 10112 11112 10112  7112  6112  3  0  0112  1112  3112  5
2014112  7112  9112 10112 10112 10112 12112 13112 13112 12112 14112 16112 16112 17112 18112 18112 22112 22112 23112 30112 30112 28112 26112 21112 22112 23112 22112 22112 21112 18112 20112 23112 23112 19112 21112 24112 23112 24112 27112 27112 24112 22112 22112 20112 22112 24112 20112 16112 15112 19112 23112 20112 15112 17112 16112 14112 17112 20112 20112 20112 22
2015112 22112 21112 20112 19112 19112 19112 21112 20112 17112 17112 16112 15112 15112 14112 16112 14112 16112 17112 15112 14112 15112 17112 20112 21112 19112 15112 11112 14112 18112 15112 11112 15112 20112 16112 16112 18112 13112 11112 11112 10112 12112 14112 11112 11112 12112  8112  6112  8112  9112  7112  6112 13112 17112 13112 11112 10112  9112 10112 12112 11
2016112 10112 13112 14112 12112 13112 14112 14112 13112 13112 12112  9112  8112  7112  9112 11112 10112  9112  9112 11112 13112 16112 15112 13112 10112  8112  9112  9112  8112  8112  7112  9112 12112 11112  7112  8112  9112  5112  2112  2112  4112  6112  6112  6112  7112  7112  7112  7112  7112  6112  7112  6112  6112  5112  6112  7112  7112  7112  7112  8112  7
2017112  8112 11112 10112  8112  8112 10112 10112 11112 12112 11112  9112  7112  9112 10112  7112  7112  8112 10112 11112 12112 13112 13112 11112 13112 14112 13112 13112 12112 11112 11112 12112 11112 10112 11112 11112 15112 19112 20291  4112 17112 13112 14112 17112 17112 13112 10112 11112 12112  8112  6112  6112  7112  7112  6112  7112 10112 11112  9112  7112  8
2018112 12112 12112 11112 10112 12112 16112 14112 14112 15112 12112 12112 15112 16112 16112 14112 15112 22112 24112 23112 20112 17112 14112 13112 15112 16112 18112 16112 15112 15112 14112 16112 21112 21112 18112 14112 14112 17112 16112 15112 13112 12112 12112 12112 12112 12112 14112 15112 14112 13112 13112 12112 11112  9112  7112  8112  9112  7112  5112  5112  5
2019112  5112  5112  5112  3112  2112  3112  4112  3112  4112  5112  6112  6112  6112  5112  3112  1  0  0112  1112  1112  2112  2112  2112  4112  6112  8112  8112  8112  8112  8112  9112  8112  8112  8112  7112  7112  6112  6112  6112  5112  4112  3112  2112  2112  1  0  0  0  0  0  0  0  0112  1112  2112  2112  1  0  0  0  0112  1112  3112  3112  3112  3112  2
2020112  1  0  0  0  0  0  0  0  0  0  0  0  0  0  0  0  0  0  0  0  0112  1112  2112  3112  7112 11112 13112 18112 17112  9112  7112  8112  9112  7112  6112  4112  4112  4112  4112  4112  6112  7112  4112  6112  9112 10112 10112 10112 11112 11112 11112 13112 15112 15112 11112 14112 12112 10112 11112  8112  5112  6112  8112  5112  9112 13112 12112  9112  8112 10
2021112 13112 14111 16111 16111 14111 15111 18111 17111 14111 10111 11111 14111 15111 16111 18111 17111 19111 25111 27111 27111 21111 15111 16111 20111 21111 19111 21111 18111 12111 20111 25111 23111 21111 23111 23111 20111 19111 20111 16111 13111 17111 19111 16111 16111 14111 10111 10111 17111 21111 20111 19111 16111 18260 13111 19111 22111 19111 19111 21111 20
2022111 17111 19111 23111 20111 17111 14111 15111 21111 21111 21111 19111 19111 18111 18111 17111 19111 19111 20111 18111 16111 15111 15111 15111 10111  9111 16111 19111 17111 19111 20111 21111 18111 18111 20111 21111 19111 18111 18111 13111  9111 11111 14111 10111 10111 18111 19111 17111 17111 16111 17111 16111 17111 18111 18111 17111 18111 20111 14111 11111 14
2023111 19111 19111 14111 13111 15111 18111 19111 21111 17111 10111  6111 12111 16111 13111 11111  9111 13111 19111 22111 21111 17111 18111 19111 18111 16111 14111 12111 14111 16111 13111 11111 13111 15111 13111 14111 13111 11111 13111 14111 15111 14111 13111 11111  9111  9111 12111 13111 13111 12111 13111 18111 22111 19111 19111 19111 18111 17111 15111 15111 18
2100111 15111 13111 16111 19111 19111 16111 17111 19111 15111 15111 17111 16111 16111 16111 16111 16111 14111 16111 19111 21111 24111 22111 19111 18111 19111 22111 20111 19111 20111 16111 14111 16111 18111 17111 13111 14111 17111 21111 23111 20111 20111 23111 22111 22111 21111 18111 14111 11111 10111 11111 14111 18111 18111 19111 19111 19111 20111 21111 23111 23
2101111 21111 19111 20111 18111 18111 18111 14111 11111 14111 18111 19111 16111 16111 18111 18111 20111 19111 17111 16111 17111 14111 14111 18111 23111 24111 22111 24111 22111 19111 19111 16111 15111 19111 17111 17111 17111 18111 21111 22111 21111 19111 15111 15111 16111 16111 18111 20111 21111 22111 19111 18111 20111 23111 20111 18111 23111 28111 25111 24111 31
2102111 34111 30111 22111 18111 16111 15111 24111 32167  9111 19111 26111 34111 29111 22111 29111 29111 22111 22111 23111 22111 22111 20111 13111 22111 30111 29111 26111 26111 31111 34111 37111 38111 35111 31111 32111 37111 40111 37111 31111 33111 34111 27111 27111 27111 23111 20111 23111 28111 27111 29111 29111 29111 30111 32111 32111 27111 26111 30111 34111 29
2103111 20111 18111 21111 25111 25111 26111 28111 27111 25111 21111 22111 23111 23111 25111 29111 24111 23111 24111 21111 16111 17111 18111 16111 18111 19111 21111 19111 17111 18111 18111 16111 22111 27111 23111 19111 19111 16111 15111 23111 23111 20111 19111 20111 20111 12111  9111 14111 16111 15111 14111 17111 18111 17111 17111 16111 18111 21111 18111 13111 12
2104111 11111 11111 17111 18111 17111 18111 23111 26111 22111 19111 18111 20111 21111 22111 26111 27111 24111 22111 22111 22111 25111 24111 22111 21111 18111 15111 15111 16111 18111 18111 19111 24111 23111 25111 25111 24111 25111 26111 29111 26111 29111 35111 36111 34111 30111 28111 29111 28111 34111 38111 28111 30111 34111 31111 28111 31111 31111 25111 25111 30
2105111 29111 28111 24111 20111 19111 17111 14111 12111 12111 18111 23111 22111 19111 16111 18111 21111 19111 19111 16111 12111 12111 13111 15111 16111 12111  9111 12111 13111 10111 10111 10111 13111 13111 10111  8111 11111 15111 12111 10111 11111 15111 18111 17111 16111 14111 13111 13111 12111 12111 14111 18111 22111 20111 18111 17111 15111 11111  9111  8111 10
2106111 12111 12111 11111 14111 18111 16111 13111 12111 12111 10111  9111  8111  9111 10111 10111 12111 12111 11111 12111 12111 13111 13111 13185  5111 11111  9111  9111 10111 11111 11111  9111  9111 12111 10111 10111 11111 12111 13111 13111 12111 11111  9111  9111  8111  8111  9111  8111  7111  7111  7111  6111  5111  8111  9111  7111  7111  8111 10111  9111  8
2107111  8111  7111  5111  5111  5111  6111  5111  4111  4111  4111  2111  3111  5111  6111  7111  6111  5111  3111  4111  4111  5111  5111  5111  5111  5111  5111  6111  6111  5111  4111  4111  4111  5111  5111  6111  7111  9111  9111  8111  8111  9112  9112  9112  8112  7112  4112  2112  2112  2112  2112  3112  3112  2112  2112  2112  3112  3112  2112  1  0  0
2108  0  0  0  0112  2112  2112  2112  1  0  0  0  0  0  0112  2112  3112  3112  4112  4112  3112  4112  4112  4112  4112  4112  4112  4112  3112  3112  2112  2112  2112  2112  2112  2112  2112  2  0  0  0  0  0  0  0  0  0  0  0  0  0  0  0  0  0  0112  2112  4112  4112  5112  6112  5112  4112  3112  3112  3112  3112  4112  4112  4112  4112  4112  4112  3112  2
2109112  3112  3112  3112  4112  3112  2112  3112  3112  4112  6112  6112  6112  6112  6112  6112  7112  7112  5112  3112  2  0  0  0  0  0  0  0  0  0  0  0  0  0  0112  2112  2112  3112  4112  5112  5112  6112  6112  6112  6112  5112  4112  4112  4112  4112  4112  3112  3112  2112  2112  1112  1112  1112  2112  2112  2112  2112  1  0  0  0  0112  1112  2112  2
2110112  2112  1  0  0  0  0112  2112  1  0  0  0  0  0  0  0  0  0  0  0  0  0  0  0  0  0  0  0  0  0  0  0  0  0  0  0  0  0  0  0  0  0  0  0  0  0  0  0  0  0  0  0  0  0  0  0  0  0  0112  2112  4112  4112  4112  5112  5112  4112  4112  4112  3112  3112  3112  3112  3112  2112  1112  1  0  0  0  0  0  0  0  0  0  0  0  0112  2112  3112  3112  3112  2112  1
2111112  2112  3112  2  0  0112  1112  1112  2112  2112  2112  2112  3112  3112  2112  1  0  0  0  0  0  0  0  0  0  0  0  0  0  0  0  0  0  0  0  0  0  0  0  0  0  0  0  0112  2112  5112  8112  9112  8112 10112 10112  8112  6112  5112  5112  5112  4112  3112  2  0  0112  1112  4112  6112  7112  7112  8112  6112  6112  5112  3112  4112  4112  4112  4112  5112  4
2112112  3112  3112  3112  3112  3112  2112  2112  3112  3112  4112  7112  8112  8112  8112  6112  6112  5112  4112  7112  8112  7112  7112  7112  7112  6112  7112  8112  8112  7112  8112  8112  7112  8112  9112 10112 10112 10112  9112  8112 10112 11112 12112 12112  9112  8112  7112  6112  7112  7112  7112  8112  8112  8112  7112  6112  6112  6112  9112  9112  6
2113112  4112  6112  8112  6112  4112  7112  8112  5112  5112  6112  6112  7112  7112  8112  8112  8112 10112 12112 13112 11112  8112  7112  9112 10112 11112  9112  7112  5112  3112  3112  2112  2112  2112  1112  1112  2112  1  0  0  0  0  0  0  0  0  0  0112  3112  6112  8112  8112  8112  8112  9112  9112 10112 10112  8112  9112 11112 10112  8112  9112  7112  4
2114112  7112  9112 10112 12112 13112 12112 10112 10112  9112  6112  7112  7112  7112  7112  8112  8112  8112 12112 14112 14112 12112 11112 11112 12112 13112 14112 15112 15112 13112 12112 10112 11112 10112  9112 12112 15112 14112 12112 10112  9112 11112 12112 11112 14112 15112 13112 11112 13112 14112 10112  7112  9112  9112  9112 10112  9112 10112 11112 11112 13
2115112 14112 13112 15112 16112 15112 12112 11112 13112 13112 13112 13112 11112 10112 14112 21112 21112 16112 17112 20112 20112 16112 12112  8112  8112  8112  9112 10112  9112 10112 10112  9112  9112  7112  8112  9112  9112  9112  9112  8112  8112  7112  5112  4112  2112  3112  5112  4112  2112  2112  4112  5112  5112  4112  4112  5112  6112  8112 10112 11112 11
2116112 12112 14112 14112 13112 10112  9112 10112 10112  9112  9112  8112  7112  6112 10112 13112  9112  4112  2112  2112  2112  2112  3112  4112  6112  6112  7112  7112  4112  3112  3112  2112  1112  2112  4112  4112  4112  3112  5112  6112  6112  8112  8112  8112  7112  7112  6112  6112  5112  4112  3112  3112  2112  2112  1112  1112  2112  2112  3112  5112  6
2117112  7112  8112  9112  9112  8112  8112  8112  8112  8112  8112  8112  7112  7112  7112  6112  5112  4112  3112  3112  3112  2112  2112  1  0  0  0  0  0  0  0  0  0  0  0  0112  2112  2112  2  0  0  0  0  0  0  0  0  0  0  0  0  0  0112  2112  3112  4112  4112  5112  5112  6112  7112  8112  8112  8112  8112  7112  6112  4112  3112  1112  1112  2112  2112  3
2118112  5112  5112  4112  4112  4112  3112  2112  2112  2112  1  0  0  0  0  0  0  0  0  0  0  0  0112  1112  2112  2112  2112  2112  2112  2112  3112  4112  6112  7112  7112  7112  8112  8112  7112  5112  2  0  0112  1112  2112  4112  4112  5112  5112  5112  6112  6112  5112  5112  4112  3112  3112  3112  3112  3112  4112  5112  5112  4112  4112  4112  4112  4
2119112  4112  4112  5112  4112  3112  3112  3112  3112  3112  4112  4112  2112  2112  2112  2112  2112  1112  1112  1112  2112  1112  1112  1  0  0  0  0  0  0  0  0  0  0  0  0  0  0111  2111  4111  4111  4111  4111  3111  1111  2111  3111  4111  5111  5111  2111  2111  3111  3111  4111  6111  5111  3111  3111  4111  3111  3111  2111  2111  3111  3111  3111  3
2120111  2111  2111  2111  2111  2111  2111  3111  6111  8111  9111 10111  8111  6111  4111  3111  2111  3111  5111  5111  5111  7111  7111  7111  7111  6111  6111  6111  6111  7111  8111  9111  9111  9111  8111  6111  4111  5111  7111  8111  7111  4111  3111  4111  4111  5111  5111  6111  5111  3111  3111  2111  3111  5111  5111  5111  4111  3111  3111  3111  1
2121  0  0  0  0  0  0  0  0111  2111  3111  1  0  0  0  0111  1111  4111  5111  4111  3111  2111  1111  1111  2111  2111  3111  3111  2111  4111  6111  7111  5111  3111  2111  2111  3111  3111  2111  3111  5111  6111  6111  6111  7111  8111  8111  8111  7111  6111  4111  4111  4111  5111  5111  5111  8111  8111  7111  7111  8111  7111  6111  8111 10111 10111 11
2122111 14111 15111 15111 17111 18111 19111 21111 19111 15111 18111 18111 19111 21111 20111 19111 19111 18111 15111 15111 15111 16111 15111 18111 19111 18111 20111 20111 21111 20111 20111 20111 22111 21111 15111 12111 12111 16111 23111 22111 16111 15111 13111 12111 16111 20111 18111 16111 19111 23111 23111 21111 22111 22111 23111 24111 24111 22111 18111 18111 19
2123111 18111 19111 17111 15111 17111 19111 23111 24111 25111 23111 20111 20111 21111 17111 17111 21111 18111 13111 14111 17111 17111 16111 15111 17111 20111 18111 18111 15111 13111 16111 18111 15111 13111 16111 15111 11111 12111 15111 15111 11111 10111 13111 11111 10111 14111 16111 15111 14111 10111  7111 13111 18111 15111 12111 11111 11111  9111 10111 15111 16
2200111 15111 14111 13111 14111 14111 13111 13111 15111 12111 11111 12111 14111 15111 13111 12111 12111 10111 12111 15111 16111 16111 16111 14111 10111 10111 13111 12111 11111  8111 11111 14111 10111  6111  6111  8111  8111  8111  8111  6111  5111  4111  5111  5111  7111 10111 11110 10110  8110  5110  8110 13110 12110  9110  9110  8110  9110 11110 11110 10110  8
2201110  6110  5110  4110  4110  5110  6110 10110 12110 12110 11110 12110 11110 11110 13110 13110 11110 13110 19110 21110 15110  9110  8110 12110 17110 19110 18110 17110 17110 14110 12110 11110 11110 10110  8110  7110  5110  4110  4110  5110  4110  3110  7110 11110 11110  7110  6110  7110  9110  6110  5110  8110  9110 10110 11110 19110 21110 15110 14110 16110 16
2202110 12110 10110 12110 16110 16110 15110 13110  8110  8110 14110 15110 12110 11110 12110 13110 12110 12110 16110 25110 26110 22110 26110 25110 23110 22110 25110 25110 20110 18110 17110 16110 17110 17110 11110 12110 16110 18110 20110 20110 17110 13110 13110 18110 16110  9110 11110 18110 19110 20110 20110 23110 24110 17110 14110 11110 10110 13110 16110 15110 16
2203110 17110 15110 17110 19110 16110 14110 14110 15110 17110 20110 22110 17110 12110 17110 15110 11110 11110 11110  8110  8110 11110 10110  9110  8110  8110 12110 13110 13110 17110 17110 13110  9110  9110 12110 18110 21110 19110 17110 16110 20110 21110 19110 19110 16110 12110 10110 10110  8110  8110 10110 12110 14110 14110 15110 15110 13110 17110 21110 20110 16
2204110 16110 16110 14110 12110 15110 20110 20110 23110 26110 23110 22110 24110 24110 22110 20110 22110 24110 25110 20110 14110 14110 18110 20110 18111 17111 19111 18111 18111 23111 26111 25111 24111 25111 26111 25111 22111 21111 19111 15111 15111 17111 16111 15111 18111 16111 15111 17111 19111 18111 18111 20111 21111 18111 17111 18111 18111 17111 14111 15111 17
2205111 16111 15111 18111 17111 14111 16111 18111 15111 15111 16111 14111 15111 19111 19111 17111 17111 16111 17111 19111 19111 16111 13111 13111 16111 20111 19111 18111 18111 19111 20111 18111 16111 17111 18111 20111 20111 20111 18111 14111 13111 15111 18111 18111 15111 13111 11111 11111 15111 17111 15111 17111 17111 16111 16111 16111 14111 17111 16111 10111 11
2206111 14111 12111 11111 10111  8111  9111 12111 11111  9111  9111  7111  5111  4111  4111  5111  6111  8111  9111  9111  9111  9111 11111 11111  8111  6111  5111  6111  7111  5111  5111  8111 12111 12111 12111 11111 12111 14111 12111 10111  7111  7111  8111 10111 13111 12111 11111 12111 10111  8111  7111  6111  6111  6111  7111  9111  8111  8111  9111  8111  8
2207111  7111  7111  7111  7111  6111  7111  7111  6111  5111  7111  9111  7111  6111  6111  8111  9111 10111 11111 12111 11111 11111 11111 11111 11111 10111  8111  7111  9111  9111  6111  5111  5111  5111  5111  4111  6111  7111  7111  5111  3111  3111  4111  6111  5111  6111  6111  7111  7111  7111  7111  6111  6111  7111  7111  8111  8111  8111  7111  6111  6
2208111  6111  5111  4111  3111  3111  3111  4111  4111  5111  5111  5111  4111  4111  4111  5111  5111  7111  7111  6111  5111  7111  7111  7111  7111  6111  6111  6111  6111  5111  4111  4111  3111  3111  3111  2111  2111  2111  2  0  0  0  0  0  0  0  0111  2111  2111  2111  2111  1  0  0  0  0  0  0  0  0  0  0  0  0  0  0  0  0  0  0  0  0  0  0  0  0111  1
2209  0  0  0  0  0  0  0  0111  1111  2111  2111  2111  2111  3111  3111  4111  4111  4111  4111  4111  5111  5111  5111  5111  4111  3111  3111  3111  3111  4111  4111  5111  4111  4111  5111  6111  7111  8111  8111  8111  7111  7111  7111  8111  8111  8111  8111  7111  6111  6111  5111  3111  3111  2111  2  0  0  0  0  0  0  0  0  0  0  0  0  0  0  0  0  0  0
2210  0  0  0  0  0  0  0  0111  1111  2111  2111  2111  2111  2111  2111  3111  3111  3111  3111  2111  2111  2  0  0  0  0  0  0  0  0  0  0  0  0  0  0  0  0  0  0  0  0  0  0  0  0  0  0  0  0  0  0  0  0  0  0  0  0  0  0  0  0  0  0  0  0  0  0  0  0  0  0  0  0111  1111  1111  1  0  0  0  0  0  0  0  0  0  0  0  0111  1111  2111  2111  2111  3111  2111  2
2211111  2111  2111  3111  3111  2111  2111  2  0  0  0  0  0  0111  1111  2111  3111  3111  3111  3111  3111  3111  2111  2111  2111  2111  1  0  0  0  0  0  0  0  0  0  0  0  0  0  0  0  0  0  0  0  0  0  0  0  0  0  0  0  0  0  0  0  0  0  0  0  0  0  0  0  0  0  0  0  0  0  0  0  0  0  0  0  0  0  0  0  0  0  0111  2111  4111  4111  4111  5111  6111  6111  7
2212111  7111  8111  8111  8111  7111  7112  7112  7112  7111  7111  7111  6111  6111  6111  5111  5111  4111  3111  4111  5111  5111  5111  5111  4111  5111  6111  6111  5111  5111  6111  5111  6111  7111  6111  5111  5111  4111  4111  4111  4111  3111  3111  2112  1112  1112  2  0  0  0  0  0  0  0  0112  2112  2112  2112  2112  2112  2112  1112  1112  1  0  0
2213  0  0112  1112  3112  4112  5112  6112  6112  6112  6112  6112  6112  6112  6112  6112  6112  6112  5112  5112  4112  3112  3112  3112  3112  3112  3112  4112  4112  4112  5112  6112  6112  7112  6112  5112  5112  3112  3112  2  0  0  0  0  0  0  0  0  0  0  0  0112  1112  4112  5112  6112  6112  6112  5112  5112  4112  4112  4112  4112  5112  5112  5112  6
2214112  5112  5112  4112  4112  3112  2112  2112  1  0  0  0  0  0  0  0  0  0  0  0  0  0  0  0  0  0  0  0  0  0  0  0  0  0  0  0  0  0  0112  2112  2112  2112  4112  4112  4112  3112  3112  4112  3112  3112  3112  2112  1  0  0  0  0  0  0  0  0  0  0  0  0  0  0  0  0  0  0  0  0  0  0  0  0  0  0  0  0  0  0  0  0  0  0112  2112  2112  3112  3112  2112  2
2215112  2112  2112  1112  1112  2112  2112  3112  2112  2112  1  0  0  0  0  0  0  0  0112  1112  2112  1112  1  0  0  0  0112  2112  2112  2112  3112  3112  3112  3112  4112  4112  6112  8112 10112 11112 10112 11112 11112 10112 10112 10112  9112  9112 10112 10112 11112 12112 13112 14112 15112 15112 13112 12112 13112 13112 13112 11112 10112 10112  8112  8112  8
2216112  7112  6112  6112  6112  5112  5112  4112  3112  4112  4112  5112  5112  5112  4112  4112  3112  2  0  0  0  0112  1112  2112  1112  1112  2112  4112  4112  5112  6112  7112  7112  8112  8112  8112  7112  7112  6112  6112  6112  6112  6112  5112  6112  8112  9112  8112  7112  5112  4112  4112  3112  1  0  0  0  0  0  0  0  0  0  0  0  0112  2112  3112  4
2217112  5112  5112  5112  6112  7112  7112  6112  6112  5112  4112  3112  1  0  0  0  0  0  0  0  0  0  0  0  0112  1112  2112  2112  3112  3112  3112  3112  3112  1  0  0112  2112  3112  3112  2112  3112  3112  3112  3112  2112  2112  1  0  0112  1112  1112  1112  1112  1112  1  0  0  0  0  0  0  0  0  0  0  0  0  0  0  0  0  0  0  0  0  0  0  0  0  0  0  0  0
2218  0  0  0  0  0  0  0  0  0  0  0  0  0  0  0  0112  1112  2112  2112  2112  2111  1111  2112  3112  3112  3112  2112  2112  2112  3112  3112  4112  5112  5111  4112  3112  3112  3112  3112  3112  2112  2112  2112  2112  2112  2112  2112  2112  3112  3112  3112  4112  4112  4112  3111  3111  4111  5111  5111  5111  5111  5111  4111  4111  6111  5111  6111  7
2219111  7111  5111  4111  4111  5111  6111  6111  7111  8111  9111  8111  8111 10111 10111 10111  9111  8111  8111  8111  7111  6111  6111  6111  6111  7111  7111  7111  7111  9111 11111 10111  8111  8111  8111  7111  6111  5111  6111  8111  7  3 10111  8111  8111  8111  9111  8111  8111 10111  9111  8111  9111  9111  9111  9111  8111  8111  8111  7111  7111  7
2220111  5111  4111  4111  5111  6111  6111  5111  5111  5111  5111  4111  3111  2111  2111  1111  1111  1111  1111  2111  2111  2111  2111  2111  1  0  0  0  0  0  0  0  0  0  0111  1111  2111  3111  2111  2111  2111  2111  3111  3111  4111  4111  5111  5111  5111  5111  5111  5111  6111  5111  5111  5111  5111  5111  4111  4111  4111  3111  3111  3111  2111  1
2221  0  0111  1111  2111  2111  2111  1111  1  0  0  0  0  0  0111  1111  2111  2  0  0111  2111  2111  2  0  0  0  0111  1111  3111  3111  4111  3111  3111  4111  4111  4111  3111  2111  2111  2111  3111  3111  2111  1111  2111  3111  3111  2111  2  0  0  0  0111  1111  2111  2111  2111  4111  5111  5111  4111  2111  1  0  0  0  0111  4111  9111 11111 10111  9
2222111  7111  6111  6111  7111  6111  3111  1  0  0  0  0  0  0111  3111  5111  6111 10111 13111 10111  7111  6111  6111  4111  4111  6111  5111  4111  4111  4111  5111  6111  6111  6111 10111 13111 12111 11111  9111  8111  8111  5111  4111  3111  6111  9111  6111  3111  2111  4111  6111  7111  6111  9111 10111 10111 12111 12111 11111 12111 13111 11111 11111 10
2223111 10111 12111 15111 15111 13111 12111  9111 11111 15111 15111 12111 13111 13111  9111  8111  9111  9111  7111  8111 11110 10110 12110 17110 18110 13110  6110  6110  8110 11110 16110 19110 19110 18110 17110 16110 16110 14110 11110 13110 18110 18110 16110 15110 15110 11110 10110 12110 13110 15110 17110 14110 10110  9110  8110 11290  9110 14110 11110  8110  9
2300110 10110  8110  8110  9110 11110 14110 14110 11110 13110 14110 15110 16110 15110 13110 11110 11110 10110  8110  5110  3110  3110  6110  9110  9110  8110  7110  9110 12110 10110  7110  5110  4110  4110  9110 13110  9110  8110  8110  9110 10110 10110 12110 13110 11110  9110 10110 10110  9110  9110 10110 14110 16110 12110 11110 13110 10110 11110 15110 14110 13
2301110 12110 11110 14110 16110 13110 12110 11110 12110 17110 19110 17110 14110 13110 14110 14110 12110 10110 10110  9110  8110  7110 12110 19110 15110 11110  9110  8110  6110  5110  5110  8110 12110 11110 12110 17110 19110 19110 16110 11110  9110  8110  9110  8110  8110  9110  9110  9110 11110  9110 12110 12110 12110 19110 20110 17110 16110 16110 15110 11110  7
2302110  9110 10110  6110  5110  9110 10110  8110  7110  8110  8110  8110 12110 15110 17110 15110 14110 14110 12110 11110  8110  7110  8110  7110  5110  5110  8110  8110 10110 13110 13110 12110 10110  9110  8110  7110  6110  5110  6110  7110  5110  6110 11110 13110 11110  8110  7110  7110  6110  8110 13110 14110 12110 13110 15110 18110 18110 17110 14110  7110  4
2303110  3110  5110  8110  8110  6110  6110  6110  6110  8110 11110 11110  8110  5110  5110  8110 12110 13110 11110  8110  6110  6110  6110  6110  5110  4110  2110  3110  6110  9110 10110 11110 13110 14110 13110 11110  9110  7110  5110  3110  3110  4110  7110 11110 11110  8110  7110  8110  9110 10110  8110  8110  7110  6110  4110  3110  3110  4110  5110  4110  3
2304110  3110  3110  2110  4110 11110 19110 20110 14110 12110 15 50 25110 19110 16110 13110 13110 11110 10110 12110 14110 17110 17110 16110 18110 20110 17110 14110 16110 19110 19110 18110 17111 16111 17111 17111 16111 18111 19111 17111 15111 14111 12111 12111 16111 17111 17111 15111 13111 12111 13111 14111 13111 12111 13111 15111 15111 12111 11111 12111 12111 12
2305111 12111 11111 11111 12111 13111 12111 11111 10111  9111  7111  7111  7111  6111  4111  3111  5111  7111  7110  7111  8111  7111  6111  6111  7111  8111  7111  6111  8111  9111  8111  8111  7111  9111 10111  8111  6111  6111  6111  6111  7111  6111  6111  7111  9111 10111 10111  9111  8111  7111  6111  5111  5111  6111  6111  5111  5111  5111  5111  4111  4
2306111  4111  4111  5111  5111  5111  5111  5111  5111  5111  5111  4111  4111  4111  4111  3111  3111  2111  3111  6111 10111 11111  9111  8111  8111  8111  7111  8111  7111  8111 10111 10111 10111  8111  8111  9111  9111 11111 13111 12111 11111 12111 12111 11111 10111  9111 10111  8111  7111  7111  7111  5111  5111  4111  5111  6111  8111  9111  9111  9111  9
2307111 11111 14111 14111 11111  8111  8111 10111 12111 11111  9111 10111 11111 10111  9111  9111  9111  9111  7111  7111  9111  9111  9111 10111  9111  8111  8111  8111  9111 10111 10111 10111 10111 10111  9111  9111  9111  9111 11111 12111  9111 11111 11111 10111 13111 16111 13111 10111 10111 12111 14111 11111 11111 11111 11111 14111 14111 11111  8111  7111  8
2308111 10111 11111  9111  8111  8111  9111  8111  6111  8111  8111  8111  8111  8111  9111  9111  7111  7111  7111  7111  6111  6111 10111 10111  8111  7 38 17111  7111  7111  7111  8111  8111  8111  8111  8111  8111  6111  6111  6111  6111  7111  7111  7111  8111  9111 10111  9111  8111  9111 10111  9111 10111 10111 10111 10111 10111  9111  9111  8111  8111  8
2309111  6111  6111  9111  9111  8111  6111  5111  5111  4111  3111  3111  4111  3111  5111  5111  3111  2111  3111  4111  4111  4111  3111  3111  2111  2111  1  0  0111  2111  3111  5111  6111  6111  7111  7111  7111  7111  7111  8111  8111  8111  8111  9111  8111  9111  8111  7111  6111  6111  5111  5111  6111  7111  7111  7111  7111  6111  7111  7111  6111  7
2310111  8111  9111  9111 10111 11111 11111 10111  9111  7111  5111  4111  4111  4111  4111  5111  6111  5111  5111  4111  2  0  0  0  0  0  0  0  0  0  0  0  0  0  0  0  0  0  0111  1111  2111  3111  3111  3111  3111  3111  3111  2111  2111  3111  4111  5111  6111  6111  6111  7111  8111  8111  8111  7111  5111  4111  4111  5111  5111  6111  6111  6111  7111  7
2311111  7111  5111  4111  3111  2111  1111  2111  3111  4111  4111  4111  5111  5111  5111  4111  4111  4111  4111  4111  4111  4111  4111  4111  4111  4111  4111  5111  5111  5111  6111  6111  6111  6111  5111  5111  5111  5111  6111  6111  6111  6111  6111  7111  7111  6111  7111  7111  6111  6111  6111  6111  6111  5111  5111  4111  4111  4111  4111  4111  5
2312111  4111  5111  5111  6111  6111  5111  5111  6111  6111  6111  7111  6111  6111  5111  4111  5111  6111  7111  7111  8111  8111  8111  8111  7111  5111  5111  7111  7111  6111  6111  7111  7111  6111  6111  5111  4111  4111  3111  3111  2111  3111  2  0  0  0  0  0  0111  2111  3111  3111  2111  2111  2111  1111  1111  2111  3111  2111  2111  3111  3111  4
2313111  4111  4111  5111  6111  6111  5111  6111  6111  7111  6111  5111  5111  4111  5111  4111  5111  5111  5111  7111  7111  6111  6111  6111  6111  8111  9111  9111 10111  8111  7111  8111  9111  9111  8111  7111  6111  6111  7111  7111  6111  6111  6111  6111  5111  5111  4111  4111  4111  3111  2111  1111  1  0  0  0  0  0  0  0  0  0  0  0  0  0  0  0  0
2314  0  0  0  0  0  0111  2111  4111  6111  7111  6111  7111  9111  8111  8111  8111  8111  9111  9111 11111 10111 10111 10111 10111 10111 10111 10111  9111  9111  8111  8111  7111  6111  6111  6111  6111  5111  6111  7111  7111  6111  5111  5111  6111  6111  6111  6111  6111  7111  8111  9111 10111 10111 11111 12111 12111 12111 11111 10111 10111 10111 11111 11
2315111 11111 12111 13111 13111 12111 10111  9111 10111 11111  9111  8111  9111  9111  9111  9111 10111 10111 10111  9111  7111  6111  7111  6111  3111  2111  2111  3111  5111  6111  5111  4111  2111  2111  2111  3111  3111  3111  1  0  0111  2111  3111  5111  5111  4111  3111  3111  6111  7111  6111  6111 10111 11111  9111  7111  6111 10111 12111 10111  8111  5
2316111  5111  4111  3111  2111  4111  4111  7111  8111  5111  4111  5111  6111  6111  7111  7111  5111  3111  3111  3111  4111  5111  6111  6111  5111  3111  4111  5111  5111  4111  5111  5111  3111  2111  3111  4111  5111  6111  7111  7111  6111  7111  7111  6111  6111  5111  5111  6111  4111  4111  4111  4111  5111  4111  2  0  0  0  0  0  0  0  0  0  0  0  0
2317  0  0  0  0111  2111  3111  5111  6111  7111  7111  7111  7111  7111  7111  7111  6111  6111  7111  7111  7111  7111  8111  8111  8111  8111  7111  8111  8111  8111  9111  9111  8111  7111  7111  5111  3111  3111  4111  4111  4111  5111  5111  5111  5111  4111  3111  2111  2111  2111  1  0  0  0  0  0  0  0  0111  2111  3111  3111  5111  7111  8111 10111 11
2318111 12111 12111 12111 13111 15111 15111 15111 14111 12111 12111 13111 15111 15111 14111 15111 16111 15111 16111 16111 17111 16111 13111 12111 13111 14111 15111 15111 13111 15111 14111 12111 12111 12111 11111  9111  9111  9111 10111  9111  9111  9111  9111  7111  6111  6111  7111  8111  9111 10111 10111 10111  9111  8111  9111  9111  8111  7111  8111 11111 11
2319111 10111 11111 11111 10111 10111 11111 13111 13111 14111 15111 15111 15111 15111 16111 16111 15111 14111 13111 13111 14111 15111 14111 14111 12111 11111 12111 11111 10111 10111 10111 11111 14111 14111 11111 12111 17111 18111 15111 15111 15111 16111 19111 20111 16111 12111 12111 15111 15111 14111 17111 18111 19111 16111 14111 15111 14111 13111 12111 11111 11
2320111 14111 14111 11111  9111  8111  7111 10111 11111 13111 13111 10111  9111  8111  6111  7111 10111 12111 12111 11111 10111 12111 12111 10111 11111 10111 10111 10111  8111  7111  8111 11111 11111  9111  7111  7111  6111  5111  4111  3111  3111  3111  3111  4111  3111  2111  2111  2111  2111  5111  7111  8111  7111  6111  7111  9111 10111 10111  8111  9111 11
2321111 11111  8111  8111  8111  8111  8111  6111  5111  9111 10111  9111  7111  6111  5111  7111  7111  9111 11111  8111  7111 10111 11111 13111 11111  8111  9111 10111 10111  9111 12111 14111 13111 14111 14111 12111 11111 12111 14111 14111 11111  9111  9111  7111  6111  7111  7111  6111  6111  6111  7111  6111  5111  6111  9111  8111  8111  8111  6111  7111  9
2322111  8111  8111  7111  9111  9111  7111  6111  4111  3111  6111  8111  6111  5111  6111  6111  5111  5111  6111  5111  5111  4111  3111  3111  3111  2111  3111  5111  5111  4111  5111  7111  7111  7111  6111  6111  6111  5111  6111  9111 11111  9111  9111 13111 13111 12111 11111  7111  7111 10111  8111  7111  9111  8111  5111  5111  6111  4111  6111  9111  9
2323111  9111  9111  9111  8111  9111 10111 10111 12111 11111 11111 10111  9111  7111  9111 11111 11111 12111 13111 13111 12111 13111 14111 15111 13111  9111  8111 12111 15111 14111 11111  9111  8111  9111  9111  8111  8111  7111  7111  6111  5111  5111  7111  7111  7111  6111  5111  4111  6111  7111  8111  9111 11111 12111 11111  9111  9111  9111  9111  6111  3
2400111  3111  2111  2111  4111  6111  9111 10111 10111  8111  7111  9111  9111  7111  6111  5111  6111  6111  6111  7111  7111  7111  8111 11111 11111  9111  7111  8111  9111  7111  6111  6111  7111  8111  8111  8111  6111  4111  4111  7111  8111  8111  7111  5111  4111  4111  6111  7111 10111 10111  9111  8111  7111  8111  7111  8111  9111  7111  6111 10111 11
2401111  9111  7111  6111  8111  8111  6111  4111  4111  4111  5111  7111  7111  7111  8111  7110  7110  6111  5111  7111 11111 12111 10111  9111  7110  6110  7110  9110 10110  9110 12110 16110 16110 11110  8110 10110 12110  9110  5110  8110 16110 20110 19110 16110 11110 10110 11110 14110 15110 14110 11110  8110 12110 14110 10110  9110 15110 15110 10110  8110 10
2402110 12110 11110 13110 15110 19110 23110 19110 14110 14110 12110 13110 16110 17110 13110 14110 19110 21110 21110 19110 14110 14110 16110 15110 12110  9110  5110  6110 10110 15110 15110 12110 13110 14110 12110 11110 13110 13110 13110 12110  7110  7110 12110 16110 21110 20110 11110 15110 18110 15110 15110 17110 21110 24110 20110 14110 14110 13110 10110 11110 12
2403110 10110 11110 10110  7110  5110  5110  7110  9110 13110 14110 12110 14110 13110 13110 17110 16110 12110 11110 13110 12110  8110 12110 16110 16110 17110 16110 16110 15110 11110 10110 14110 17110 18110 17110 14110 14110 18110 21110 18110 18111 21111 19111 14111 17111 16111 15111 21111 20111 18111 13110 14111 16111 11111  9111  8111 13111 15111 15111 17111 19
2404111 18111 14111 15111 18111 19111 21111 23111 18111 13111 15111 15111 14111 15111 16111 15111 15111 17111 17111 16111 10111 10111 17111 20111 16111 17111 23110 23111 20111 20111 15111 13111 14111 12111 17111 19111 14111  9111  6111  4111  5111 10111 11111 13111 16111 15111 15111 15111 16111 13111 10111 11111 12111 12111 13111 10111  9111  9111  9111 12111 15
2405111 10111  7111  9111 13111 14111 14111 14111 16111 17111 15111 15111 16111 13111 10111 10111  9111  7111 10111 15111 17111 16111 15111 12111 11111 12111 12111 15111 15111 11111 10111 10111  9111  8111 11111 10111  8111  6111  4111  6111  9111 12111 14111 15111 16111 15111 17111 20111 25111 26111 22111 20111 17111 21111 23111 18111 20111 23111 20111 19111 21
2406111 24111 26111 22111 17111 20111 24111 25111 20111 20111 22111 21111 17111 14111 15111 16111 16111 12111 10111 12111 12111 14111 14111 13111 13111 10111 10111 12111 17111 21111 19111 14111 12111 14111 14111 14111 14111 14111 17111 18111 13111 11111 12111 12111 14111 13111 12111 11111 10111 10111 15111 17111 13111 14111 13111 13111 11111  9111 10111 11111  9
2407111  6111  8111  7111  5111  5111  6111  6111  4111  4111  5111  7111  7111  7111  7111  8111  9111  8111  7111  7111  7111  5111  4111  6111  7111  8111  7111  6111  4111  4111  5111  5111  4111  3111  3111  2111  2111  2111  2111  2111  2111  2111  3111  3111  3111  2111  1  0  0  0  0  0  0  0  0  0  0  0  0  0  0  0  0  0  0  0  0  0  0111  2111  5111  6
2408111  7111  8111  8111  7111  8111  9111  9111 11111 11111 13111 14111 14111 16111 17111 17111 17111 17111 16111 14111 14111 13111 12111 11111 12111 12111 12111 13111 13111 12111 13111 13111 15111 14111 14111 15111 15111 14111 14111 15111 16111 15111 14111 14111 13111 11111 10111  9111  9111 11111  9111  7111  8111  8111  7111  6111  6111  6111  6111  7111  6
2409111  6111  6111  6111  7111  8111  8111  6111  6111  6111  5111  6111  7111  7111  7111  8111 12111 14111 13111 13111 12111 13111 14111 13111 11111  9111  9111 10111  8111  8111 11111 11111 10111  9111  9111 10111  9111  8111  9111 10111 11111 11111 10111  8111  7111  6111  6111  6111  6111  8111  9111  9111 11111 11111 11111 11111  9111  8111  7111  6111  7
2410111  7111  8111  8111  8111  9111  9111  9111 10111  9111  9111  9111  9111  9111  9111  9111  8111  6111  5111  6111  7111  7111  7111  8111  7111  7111  7111  7111  7111  9111  8111  6111  4111  3111  3111  4111  5111  5111  8111 11111 13111 13111 14111 14111 13111 11111  8111  7111  8111 12111 16111 15111 12111  9111  9111  9111 12111 14111 14111 15111 13
2411111 12111 14111 16111 16111 14111 12111 14111 13111 14111 13111 13111 15111 12111 14111 15111 13111 16111 22111 30111 32111 28111 25111 23111 27111 27111 23111 24111 27111 22111 20111 20111 18111 16111 18111 20111 20111 24111 24111 19111 14111 15111 21111 21111 20111 19111 22111 28111 25111 20111 23111 23111 17111 15111 16111 21111 23111 21111 23111 25111 23
2412111 27111 33111 31111 27111 23111 24111 29111 27111 25111 26111 26111 25111 21111 16111 18111 22111 23111 18111 16111 16111 17111 24111 26111 21111 19111 21111 25111 28111 26111 25111 22111 22111 23111 20111 22111 29111 28111 28111 31111 28111 26111 27111 29111 30111 31111 27111 25111 28111 25111 25111 27111 29111 33111 29111 29111 28111 31111 32112 29112 29
2413112 26112 23112 23112 23112 21112 20112 24111 26111 23112 19112 20112 20112 22112 23112 22112 24112 25112 22112 22112 23112 24112 30112 29112 25112 25112 27112 26112 22112 26112 23112 18112 23112 22112 19112 20112 23112 27112 24112 21112 23112 22112 23111 19112 21112 27112 26112 22112 17112 15112 14112 13112 17112 21112 18112 17112 17112 16112 16112 15112 14
2414112 15112 16112 16112 17112 16112 14112 13112 14112 16112 14112 12112 13112 14112 14112 17112 17112 16112 16112 17112 16112 16112 18112 19112 17112 15112 16112 15112 15112 15112 15112 14112 13112 10112  8112  7112  8112 10112 12112 11112 10112  8112  7112  9112  9112 10112 13112 12112 10112 10112 11112 10112 14112 15112 11112 12112 12112 13112 16112 15112 11
2415112 10112 11112 14112 15112 13112 12112 12112 11112 11112 10112  8112  7112  5112  5112  6112  7112  7112  7112  6112  4112  3112  4112  4112  4112  4112  4112  4112  4112  3112  3112  3112  2112  2112  1112  2112  3112  3112  3112  3112  2  0  0  0  0  0  0112  1112  2112  2112  1  0  0  0  0  0  0112  2112  4112  4112  4112  4112  4112  5112  4112  4112  3
2416112  3112  3112  4112  6112  6112  6112  5112  5112  5112  6112  6112  6112  7112  9112  8112  8112  8112  8112 10112 11112 11112 11112 12112 14112 14112 14112 14112 15112 17112 16112 14112 14112 16112 16112 14112 11112  9112  6112  5112  5112  4112  4112  6112  6112  6112  4112  4112  3112  2112  2112  2112  2112  3112  4112  4112  3112  2112  2112  3112  4
2417112  5112  4112  4112  4112  4112  5112  5112  4112  4112  4112  5112  6112  5112  6112  8112  9112 10112 12112 14112 11112  7112  4112  5112  6112  5112  5112  7112  6112  3112  3112  8112 11112 10112 10112  8112  5112  7112  9112  8112  7112  6112  7112  9112 12112 17112 16112 15112 16112 14112  9112  8112 10112 11112 10112  7112 10112 13112 11112  8112  7
2418112 11112 14112 11112 10112 10112  8112  6112  5112  8112 11112 13112 11112  8112  7112  8112  9112  9112  7112  5112  3  0  0  0  0  0  0  0  0  0  0112  1112  2112  2112  4112  4112  3112  3112  2112  2112  3112  4112  5112  4112  4112  4112  6112  9112  7112  5112  3112  4112  9112 14112 13112 10112  9112  9112 10112  8112  7112  8112  8112  9112 10112 12
2419112 11112  9112 11112 12112 11112 11112 13112 14112 13112 11112 12112 16112 17112 19112 21112 19112 19112 23112 25112 22112 20112 18112 16112 14112 11112 12111 15111 13111  9111  8111  9111 11111 11111 10111  8111  8111  9111 10111 11111 11111 11111 12111 14111 13111 12111 11111 11111 12111 11111 10111 10111 11111 10111 12111 14111 14111 14111 14111 14111 14
2420111 13111 13111 14111 16111 17111 15111 14111 14111 15111 14111 12111 12111 13111 15111 13111 10111 13111 18111 15111 13111 16111 17111 10111  6111 11111 13111 10111  8111 11111 10111 10111 15111 14111 12111 11111  9111 10111 12111 12111 10111  9111  7111  9111 10111  9111  8111  8111  8111 10111 11111 11111 14111 16111 13111 12111 13111 12111  8111  4111  3
2421111  7111 11111 10111  9111 11111 12111 13111 12111 12111 12111 10111  7111  6111  9111 13111 17111 21111 20111 17111 17111 16111 16111 19111 18111 15111 18111 21111 21111 23111 23111 21111 20111 19111 18111 16111 18111 23111 20111 13111 12111 13111 14249  5111 19111 29111 33111 28111 22111 19111 19111 18111 20111 23111 20111 16111 14111 16111 18111 13111 11
2422111 14111 15111 15111 16111 18111 20111 19111 20111 20111 17111 24111 26111 23110 23110 20110 17110 22110 26110 26110 29110 30110 28110 26110 26110 24110 22110 22110 24110 30110 31110 32110 31110 29110 35110 34110 31110 33110 29110 28110 23110 23110 29110 22110 16110 18110 20110 22110 25110 26110 24110 19110 17110 17110 17110 14110 17110 18110 14110 15110 20
2423110 20110 15110 19110 25110 26110 32110 31110 25110 19110 13110 13110 23110 23110 19110 26110 30110 29110 24110 24110 29110 31110 28110 24110 20110 16110 22110 32110 30110 22110 20110 22110 24110 20110 18110 21110 20110 22110 26110 21110 19110 25110 25110 18110 14110 19110 27110 32110 33110 29110 22110 22110 25110 28110 33110 32110 22110 20110 24110 21110 24
2500110 28110 21110 14110 13110 18110 15110  8110 15110 21110 20110 17110 11110  9110 15110 20110 22110 20110 15110 17110 21110 22110 22110 21110 20110 22110 23110 23110 26110 20110 15110 14110 14110 16110 17110 14110 12110 14110 18110 20110 21110 22110 28110 31110 26110 27110 26110 21110 13110  7110 13110 20110 22110 30110 28110 25110 30110 26110 23110 24110 24
2501110 26110 29110 28110 23110 26110 29110 21110 25110 29110 25110 27110 33110 29110 24110 25110 20110 19110 33110 35110 26110 31110 41110 42110 32110 32110 34110 26110 20110 20110 29110 37110 34110 25110 17110 14110 15110 16110 21110 33110 38109 28110 23110 22109 24109 28110 30110 31110 29110 27110 25110 21110 22110 25110 29110 26110 23110 28169 15110 32110 26
2502110 23110 30110 31110 35110 35110 27110 20110 20110 18109 17109 21109 32109 38109 28109 16109 14109 25109 34109 32109 26109 21109 13109 10109 15109 19109 21109 29110 32110 27110 24110 27110 28110 25110 23109 26109 27109 29109 32109 27109 21109 19109 15109 22109 25109 17109 19109 22109 27109 31109 24109 23109 28109 27109 23109 20109 20109 23109 25109 29109 29
2503109 23109 26109 25109 23109 29109 27109 24109 30109 37109 35109 30109 24109 26110 30110 23110 19110 19110 21110 25110 30110 33110 29110 26110 28110 34110 34110 27110 23110 23110 29110 31110 27110 30110 31110 24110 21110 22110 23110 26110 31110 35110 28110 23110 24110 22110 21110 26109 24109 19110 17109 19109 17109 11109  9109 14109 24109 27109 21109 12109 11
2504109 12109 15109 25109 26109 18109 18109 19109 20109 20109 14109 16109 19109 18109 17109 17109 19109 20110 16110 12110 12110 13110 16110 23110 25110 22110 17110 13110 13110 16110 15110 15110 18110 19110 22110 22110 19110 15110 16110 17110 15110 13110 18110 27110 30110 26110 17110 15110 18110 15110 10110 14110 15110 17110 18110 18110 21110 21110 17110 16110 18
2505110 23110 31110 31110 25110 20110 17110 20110 22110 20110 17110 16110 17110 16110 17110 23110 25110 26110 21110 21110 26110 25110 27110 25110 28110 31110 30110 32110 28110 29110 24110 24110 30110 24110 22110 21110 23110 24110 25110 26110 18110 22110 26110 23110 22110 22110 23110 25110 27110 24110 24110 21110 15110 15110 12110 12110 23110 31110 31110 29110 28
2506110 30110 26110 19110 21110 21110 14110 10110 11110 11110 15110 18110 15145  9110 17110 18110 20110 18110 14110 15110 20110 20110 16110 18110 19110 20110 18110 15110 17110 16110 16110 20110 20110 17110 15110 22110 26110 20110 15110 16110 17110 16110 17110 19110 22110 20110 16110 16110 18110 17111 14111 14111 12111  8111  9111 14111 20111 24111 28111 28111 22
2507111 18111 24111 32111 30111 24111 21111 18111 16111 15111 20111 24111 20111 18111 16111 16111 16111 19111 24111 22111 19111 17111 20111 20111 17111 19111 19111 22111 24111 26111 27111 27111 27111 23111 21111 17111 14111 20111 22111 19111 18111 23111 21111 21111 22111 20111 18111 18111 16111 14111 16111 18111 20111 20111 14111 15111 21111 21111 16111 16111 23
2508111 22111 21111 22111 23111 24111 21111 19111 14111 14111 15111 14111 20111 26111 24111 21111 18111 14111 14111 17111 21111 22111 19111 15111 15111 12111 11111 17111 18111 14111 16111 19111 16111 16111 16111 13111 13111 15111 21111 27111 23111 20111 21111 19111 13111 13111 15111 16111 19111 15111 11111 14111 16111 15111 15111 18111 19111 14111 12111 12111 12
2509111 11111 11111 10111 10111 14111 15111 13111 11111 10111 12111 12111 10111 10111 11111 11111  9111 10111 11111 11111 11111  9111  8111  7111  8111  7111  6111  7111 11111 11111  9111  8111  8111  7111  6111  8111  8111  9111  9111  8111  7111  6111  4111  4111  5111  6111 12111 16111 17111 16111 14111 13111 13111 14111 15111 13111 13111 11111  9111 10111  8
2510111  5111  4111  2111  2111  5111  8111 10111 12111 14111 16111 16111 15111 16111 18111 17111 17111 16111 14111 13111 11111  8111  6111  7111  9111 10111  9111  7230  2111  6111  6111  7111  6111  4111  4111  3111  2111  3111  5111  8111 10111  9111  6111  5111  6111  6111  9111 10111  7111  6111  5111  4111  4111  3111  2111  3111  4111  5111  5111  5111  4
2511111  2  0  0111  2111  4111  5111  6111  8111  8111  9111 12111 14111 14111 12111 12111 13111 14111 13111 10111 11111 10111  7111  8111 10111 10111 11111 20111 24111 21111 22111 18111 17111 20111 27111 30111 26111 29111 29111 27111 28111 24111 23111 21111 18111 21111 23111 20111 18111 23111 20111 13111 16111 20111 21111 21111 22111 25111 23111 20111 21111 26
2512111 31111 24111 22111 27111 29111 33111 28111 23111 29111 38111 41111 37111 33111 27111 24111 22111 19111 25111 33111 30111 26111 28111 28111 36111 36111 29111 26111 30111 34111 33111 35111 27111 27111 28111 29111 31111 28111 29111 30111 23111 17111 21111 22111 24111 25111 21111 18111 14111 15111 21111 20111 17111 22111 31111 38111 41111 39111 33111 29111 32
2513111 32111 32111 35111 30111 29111 34111 26111 18111 18111 16111 13111 18111 26111 18111 13111 15111 13111 13111 14111 16111 19111 19111 23111 29111 32111 23111 17111 21111 26111 26111 25111 21111 16111 21111 24111 24111 28111 34111 32111 24111 24111 24111 25111 26111 25111 21111 19111 24111 30111 27111 21111 17111 14111 16111 22111 18111 13111 14111 18111 23
2514111 21111 18111 22111 24111 25111 26111 24111 24111 26111 23111 20111 17111 16111 18111 23111 28111 29111 25111 20111 18111 13111 14111 18111 14111 11111 13111 12111  6111  7111 11111 15111 13111 16111 24111 22111 19111 18111 18111 23111 22111 19111 16151  7111  8111  8111  7111 13111 17111 12111 13111 13111 10111 14111 24111 22111 17111 19111 19111 14111  9
2515111 11111 14111 17111 20111 21111 19111 24111 26111 25111 27111 28111 28111 25111 27111 32111 32111 31111 29111 30111 33111 31111 27111 25111 22111 22111 21111 16111 21111 27111 25111 23111 24111 21111 19111 21111 21111 22111 23111 28111 35111 33111 24111 19111 21111 21111 17111 14111 17111 21111 20111 21111 24111 23111 19111 26111 29111 26111 26111 23111 23
2516111 19111 19111 25111 19111 15111 15111 12111 10111  8111  6111  9111 10111 15111 19111 20111 18111 16111 15111 17111 15111 14111 14111 14112 18112 16111 15111 17111 20111 22112 23111 23112 26112 28112 26111 21111 21111 25111 23111 17111 19111 23111 18111 22111 29111 26111 19111 19111 24111 27111 28111 32111 32111 31112 29112 29112 31111 28111 22111 18111 19
2517111 18111 18111 20111 24111 28111 31111 25111 19111 19111 18111 18111 23111 22111 14111 14111 18111 21111 23111 28111 24111 17111 19111 21111 18111 20111 18111 16111 18111 15111 13111 11112  9112 11112 14112 16112 14112 11112 14112 17112 15112 13112 12112 10112  8112  9112  9112  8112  9112 13112 15112 16112 18112 18112 19112 17112 16112 19112 19112 19112 19
2518112 16112 14112 14112 10112 11112 14112 17112 16112 17112 20112 23112 23112 21112 21112 17112 14112 13112 16112 18112 17112 18112 17112 16112 17112 17112 14112 11112 13112 15112 16112 15112 16112 20112 21112 20112 22112 24112 25112 23112 21112 20112 22112 22112 25112 27112 25112 23112 21112 24112 24112 24112 27112 25112 23112 24112 26112 23112 18112 18112 21
2519112 23112 24112 22112 23112 26112 22112 21112 27112 26111 22111 20111 17111 18111 18111 17111 17111 15111 18111 20111 14111 13111 18111 21111 20111 19111 16111 12111 12111 11111 13111 13111 11111 13111 13111  8111  7111  9111 12111 12111 11111 11111 10111 10111 12111 13111 14111 14111 12111 12111 17111 20111 16111 14111 12111 13111 14111 10111  8111 10111 16
2520111 17111 12111 11111 11111 14111 15111 11111 12111 15111 16111 16111 14111 11111 10111 10111 13111 16111 14111 14111 11111 10111 10111  9111  9110 11110 17110 17110 18110 21110 19110 20110 20110 19110 16110 18110 19110 17110 19110 21110 18110 14110 15110 21110 26110 27110 22110 19110 21110 23110 20110 17110 18110 16110 14110 16110 23110 25110 19110 22110 23
2521110 27110 30110 26110 24110 22110 18110 17110 17110 19110 18110 17110 17110 20110 23110 22110 21110 15110 12110 13110 17110 16110 13110 16110 18110 17110 14110 10110  7110  7110 12110 12110 12110 17110 17110 16110 15110 13110 12110 12110 12110 18110 23110 21110 12110  9110 15110 19110 20109 19110 14110 17110 13110 10110 16109 15109 10109 11109 13109 15109 17
2522109 15109 12109 12109 12109 11109 17109 25109 23109 17109 15109 12109 17109 26109 28109 27109 25109 21109 12109 15109 21109 18109 16109 15109 21109 27109 25109 20109 23109 29109 26109 22109 22109 31110 32110 26110 31110 29110 23110 29110 36110 39110 34110 26110 26110 25110 17110 16110 15110 17110 20110 18110 22109 28109 26109 33109 38109 31109 36109 38109 34
2523109 29109 20109 19109 24110 25110 20109 22109 27109 28109 25109 28109 38109 36109 26109 23109 29109 32109 27109 21109 22109 27109 28109 27109 34109 37109 30109 24109 31109 35109 32109 32109 34109 29109 24109 27109 27109 26109 30109 36109 39109 38109 30109 27109 26109 28109 36109 33109 26109 23109 22109 32109 40109 40109 45109 48109 40109 34109 33109 32109 35
2600109 35109 28109 25109 25109 32109 35109 28109 32109 36109 44109 53109 45109 38109 40109 35109 36109 41109 35109 33109 32109 31109 34109 29109 30109 40109 36109 36109 43109 39109 34109 31109 31109 30109 32109 32109 35109 42109 38109 33109 36109 33109 27109 34109 43109 49109 42109 33109 29109 25109 31109 34109 26109 20109 24109 22109 26109 42109 41109 36109 38
2601109 39109 38109 42109 48109 41109 38109 36109 36109 39109 46109 34109 17109 29109 38109 36109 39109 35109 27109 37109 45109 41109 39109 37109 35109 41109 46109 39109 41109 53109 52109 44109 42109 40109 38109 38109 35109 38109 46109 45109 49109 54109 49109 47109 43109 37109 34109 40109 41109 29109 20109 22109 35109 46109 49109 41109 31109 33109 34109 28109 30
2602109 41109 46109 41109 39109 39109 44109 49109 44109 37109 34109 35109 34109 36109 42109 45109 39109 31109 34109 32109 23109 29109 41109 36109 31109 27109 28109 32109 29109 39109 51109 47109 43109 34109 34109 40109 32109 34109 36109 38109 44109 41109 38109 38109 36109 39109 36109 28109 29109 32109 35109 31109 37109 49109 46109 40109 41109 44109 37109 29109 26
2603109 39109 48109 45109 41109 38109 42109 41109 37109 35109 36109 35109 40109 39109 33109 35109 38109 38109 35109 35109 36109 29109 29109 30109 27109 27109 28109 27109 30109 28109 23109 27109 27109 26109 28109 27109 40109 55109 51109 45109 36109 23109 18109 20109 30109 38109 39109 43109 43109 34109 27109 26109 29109 25109 20109 27109 34109 34109 27109 19109 19
2604109 24109 31109 32109 35109 41109 42109 42109 39109 33109 24109 20109 35109 42109 31109 26109 23109 23109 24109 24109 26109 25109 28109 38109 40109 40109 37109 27109 23109 25109 24109 26109 22109 20109 19109 16109 14109 16109 18109 18109 14109 10108 13108 21108 28108 36108 29108 21108 28108 32108 33109 40109 40109 33109 27109 25109 27109 22109 14109 15109 25
2605109 28109 29109 24109 17109 16109 16109 15109 14109 18109 26109 26109 17109 15109 22109 21109 22109 33109 30109 24109 27109 28109 26109 22109 21109 21109 23109 26109 27109 24109 26109 31109 30109 29109 25109 22109 20109 18109 21109 22109 21109 24109 26109 29109 35109 38109 37109 32109 31109 33109 32109 36109 37109 32109 30109 29109 28109 28109 27109 26109 27
2606109 24109 23109 27109 33109 37109 39109 42110 38110 33110 33110 38110 38110 36110 32110 27110 32110 31110 29110 30110 25110 25110 25110 18110 14110 16110 18110 20110 19110 19110 21110 17110 14110 16110 18110 20110 20110 23110 24110 19110 16110 13110 13110 13110 12110 13110 13110 14110 16110 13110 10110 14110 15110 12110  9110 11110 13110 15110 15110 14110 14
2607110 11110  9110 13110 15110 16110 22110 23110 19110 18110 18110 17110 15110 14110 13110 14110 14110 12110 14110 15110 14110 15110 14110 15110 16110 16110 17110 19110 20110 20110 19110 19110 20110 19110 17110 16110 14110  9110  7110  7110 11110 12110  9110  8110  9110 10110 11110 10110  8110  8110  9110 12110 17110 19110 19110 20110 18110 16110 16110 16110 13
2608110 10110 12110 15110 16110 14110 13110 12110 12110 11110 10110 11110 11110 13110 16110 15110 20110 19110 12110 12110 10110 10110 13110 13110 10110 10110 15110 19110 23110 25110 19110 18110 21110 25110 28110 25110 25110 22110 16110 16110 20110 20110 18110 17110 17110 18110 19110 21110 20110 16110 19110 20110 17110 20110 20110 20110 18110 15110 14110 14110 15
2609110 18110 18110 16110 17110 20110 21110 18110 15110 17110 18110 16110 13110  8110  7110 11110 14110 14110 14110 13110 12110 10110  8110  8110 10110 12110 10110  7110  8110 10110 15110 16110 15110 11110  7110  6110  8110 10110 10110 11110 14110 12110  9110  8110 10110 11110  9110  9110 12110 14110 14110 15110 15110 12110 11110  8110  8110  9110 11110 10110  9
2610110  8110  6110  7110  8110 10110 10110  7110  6110  7110  8110  6110  4110  4110  7110  9110  7110  5110  5110 11110 16110 17110 18110 14110 10110 10110 11110 11110 12110 14110 13110 14110 18110 19110 16110 15110 15110 16110 19110 19110 15110 15110 17110 15110 12110 12110 12110 11110 10110 11110 13110 12110 12110 14110 12110 11110 14110 15110 13110 11110 12
2611110 13110 12110 12110 12110 11110 10111 10111 11111 12111 11111 14111 16111 16111 17111 13111 11111 13111 12111  9111  9111 12111 14111 15111 15111 16111 17111 18111 19111 16111 14111 16111 16111 14111 14111 14111 14111 12111 12111 13111 13111 13111 14111 14111 13111 15111 17111 15111 14111 14111 15111 15111 14111 13111 14111 15111 15111 15111 14111 14111 14
2612111 14111 13111 13111 14111 14111 14111 14111 14111 15111 15111 15111 15111 14111 13111 12111 12111 11111 10111  9111  8111 10111 11111 11111 11111 11111 12111 14111 14111 13111 12111 11111 13111 14111 16111 16111 14111 16111 18111 16111 14111 14111 11111 14111 15111 11111 12111 13111 14111 14111 12111 11111 10111 12111 13111 11111 10111  9111 10111 13111 14
2613111 12111 10111 11111 11111  9111  7111  8111  8111  9111 11111  8111  7111  8111  8111  9111  8111  6111  5111  5111  6111  8111 11111 10111  8111  7111  7111 12111 13111 10111 11111  9111 11111 11111 12111 14111 12111 10111  9111  9111  8111  7111  6111  6111  6111  5111  5111  4111  4111  4111  5111  5111  4111  4111  5111  3111  5111  8111 12111 13111  9
2614111  8111  7111  6111  7111  7111  7111  7111  6111  5111  7111  8111  8111  7111  5111  4111  6111  9111 10111  8111  8111  8111  7111  7111  7111  5111  6111  7111  6111  5111  8111 10111 10111  8111  7111  8111 10111 10111  8111  5111  3111  5111  7111  7111  6111  8111  8111  8111  8111  7111  7111  7111  7111  7111  7111  7111  7111  6111  4111  3111  1
2615  0  0111  3111  4111  4111  3111  1  0  0  0  0  0  0  0  0111  2111  4111  5111  6111  6111  6111  6111  5111  4111  3111  3111  3111  3111  3111  3111  4111  4111  4111  5111  5111  5111  5111  4111  3111  2111  3111  2111  1111  1  0  0  0  0111  2111  3111  3111  2111  1  0  0  0  0  0  0  0  0  0  0  0  0  0  0  0  0111  1111  3111  4111  4111  3111  3
2616111  4111  4111  4111  3111  3111  3111  3111  3111  4111  4111  5111  4111  4111  4111  4111  4111  3111  2111  1  0  0  0  0  0  0111  1  0  0  0  0  0  0  0  0  0  0  0  0  0  0  0  0111  1  0  0  0  0  0  0  0  0  0  0  0  0  0  0111  1111  2  0  0  0  0  0  0111  1  0  0111  1111  1  0  0  0  0  0  0  0  0  0  0111  1111  3111  4111  4111  2111  1111  1
2617  0  0  0  0111  1111  2111  3111  4111  4111  4111  4111  5111  6111  5111  4111  5111  4111  3111  3111  2111  2111  2111  2111  2111  2111  2111  2111  2111  2111  2111  2111  2111  2112  2111  2111  2112  3112  4112  4112  2112  1112  1  0  0  0  0  0  0  0  0  0  0  0  0  0  0  0  0  0  0  0  0  0  0  0  0  0  0  0  0112  1112  3112  4112  4112  5112  4
2618112  4112  5112  5112  5112  4112  3112  3112  3112  3112  3112  3112  3112  2112  1  0  0  0  0  0  0  0  0  0  0  0  0112  1112  1112  1112  2112  2112  3112  4112  3112  3112  3112  4112  4112  4111  4111  4111  4111  3111  3111  3111  3111  4111  4111  4111  5111  5111  4111  4111  4111  4111  4111  3111  3111  2111  2111  3111  4111  5111  5111  5111  5
2619111  5111  6111  6111  6111  6111  5111  5111  5111  4111  4111  4111  3111  3111  2111  2111  2111  2111  3111  3111  3111  3111  3110  3110  3110  3110  2110  2110  2110  1  0  0  0  0  0  0110  2110  3110  4110  3110  3110  2110  2110  3110  4110  5110  5110  4110  3110  4110  6110  8110  8110  8110 10110 12110 10110  9110 10110  9110  9110  8110  7110  9
2620110  8110  7110  8110  9110  8110  7110  7110  8110  8110  7110  6110  5110  6110  8110  7110  6110  6109  7109  8109 11109 11109 11109 11109  8109  5109  6109  7109  6109  6109  7109  7109  7109  4109  1109  3109  9109  8109  5109  7109  8109  9109  8109  9109 14109 16109 12109 10109 11109 11109 10109 10109 16109 23109 20109 18109 16109 14109 12109 12109 10
2621109  7109  8109  7109  7109  7109  5109  3109  4109  9109 13109 16109 15109 13109 14109 16109 19109 20109 17109 13109  9109  9109 12109 12109  7109  3109  7109 12109 17109 19109 16109 17109 18109 13109  8109  7109  9109 13109 14109 12109 12109 12109 15109 17109 18109 18109 21109 24109 20109 19109 15109 16109 21109 20109 16109 16109 17109 15109 17109 21109 16
2622109 14109 18109 20109 23109 20109 15109 16109 21109 22109 18109 21109 24109 18109 17109 17109 17109 21109 28109 27109 20109 20109 22109 17109 22109 27109 23109 21109 20109 19109 22109 21109 24109 32109 28109 19109 18109 22109 25109 26109 27109 27109 25109 18109 19109 29109 29109 32109 33109 27109 21109 16109 21109 30109 36109 35109 29109 26109 20109 18109 17
2623109 19109 23109 21109 22109 26109 23109 19109 21109 24109 24109 25109 26109 31109 30109 19109 13109 11109 11109 11109 13109 21109 29109 34109 35109 32109 31109 38109 37109 30109 27109 30109 36109 35109 27109 22109 17109 11109 17109 30109 39109 36109 29109 34109 34109 31109 29109 24109 20109 17109 21109 25109 29109 32109 35109 35109 31109 30109 36109 34109 24
2700109 18109 26109 37109 38109 40109 34109 25109 21109 21109 18109 18109 22109 20109 22109 27109 31109 37109 37109 35109 36109 30109 27109 29109 28109 24109 22109 16109 12109 18109 22109 25109 28109 32109 31109 27109 25109 17109 13109 22109 32109 32109 27109 25109 26109 30109 34109 37109 34109 30109 29109 27109 26109 26109 31109 29109 29109 34109 30109 32109 38
2701109 38109 29109 18109 19109 22109 25109 27109 32109 31109 29109 34109 27109 19109 21109 20109 24109 30109 31109 35109 33109 29109 40109 46109 33109 21109 31109 37109 30109 33109 36109 35109 31109 25109 25109 28109 27109 22109 18109 15109 12109 12109 14109 15109 20109 23109 20109 18109 27109 38109 32109 22109 14109 11109 18109 21109 20109 23109 27109 35109 36
2702109 31109 36109 39109 34109 35109 37109 33109 23109 17109 17109 14109  9109 13109 26109 26109 14108 10108 20108 28108 31108 31108 28108 27108 26108 22108 23108 27108 33108 35108 27108 20108 17108 17108 16108 20108 27108 39108 43108 36108 26108 17108 13108 12108 12108 16108 24108 27108 25108 22108 14108  7108  8108  9108 10108 12108 20108 29108 28108 26108 23
2703108 29108 36108 34108 31108 38108 39108 24108 18108 24108 29108 22108 10108  7108 13108 17108 17108 18108 20108 23108 24108 18108 16108 10108  5108 11108 19108 15108 13108 14108  8108  4108  5108  9108 10108 11108 15108 25108 30108 25108 21108 17108 17108 20108 17108 16108 19108 19108 16108 20108 30108 32108 30108 26108 24108 24108 26108 31108 33108 25 53  3
2704108 17108 18108 12108  9108  9108  6108  4108 15108 26108 21108 12108  9108  6108  9108 20108 23108 19108 22108 28108 25108 23108 26108 28108 24108 19108 20108 21108 15108 14108 18108 17108 14108 16108 19108 17108 18108 17108 14108 16108 16108 12108 10108  9108  8108  8108 11108 16108 27108 32108 32108 29108 20108 15108 11108 10108 19108 26108 25108 21108 15
2705108 12108 15108 17108 18108 19108 16108 14108 15108 16108 17108 17108 15108 20108 21108 19108 18108 15108 11108 11108 13108 15108 15108 20108 24108 20108 20108 23108 25108 23108 21108 20108 17108 15108 18108 20108 15108 13108 14108 12108 10108 11108 14108 16108 22108 25108 23108 19108 17108 14108 11108 10109 11109 13109 14109 14109 14109 12109 11109 14109 16
2706109 18109 22109 18109 15109 19109 18109 13109 14109 17109 17109 20109 20109 18109 15109 13109 14109 18109 21109 21109 18109 20109 20109 18109 18109 25109 31109 26109 22109 21109 20109 19109 20109 21109 20109 15109 12109 13109 14109 16109 20109 19109 19109 21109 22109 21109 21109 21109 17109 14109 13109 12109 11109 12109 13109 12109 10109 10109 12109 14109 12
2707109 11109 13109 12109 12109 12109 12109 11109 11109  9109  7109  6109  6109  8109  7109  7109  7109  8110  8110  6110  6110  6110  5110  5110  6110  5110  4110  3110  3110  3110  4110  5110  5110  6110  6110  6110  7110  8110  8110  9110  9110  9110 10110 10110  9110  9110  9110  8110  8110  8110  9110  8110  9110  8110  8110  8110  8110  8110  8110  6110  7
2708110  7110  7110  7110  7110  7110  7110  6110  5110  4110  4110  4110  4110  4110  3174  4110  4110  4110  4110  5110  5110  6110  6110  6110  6110  7110  6110  6110  5110  5110  5110  4110  3110  3110  2110  1110  2110  2110  3110  3110  4110  4110  3110  3110  2110  2110  3110  3110  2110  3110  4110  5110  6110  6110  5110  5110  6110  7110  8110  8110  8
2709110  8110  8110  9110  9110  9110  8110  9110 10110 10110  8110  8110  7110  7110  7110  7110  7110  6110  7110  9110  9110  9110  9110  9110  9110  9110  7110  7110  6110  6110  6110  6110  6110  7110  6110  6110  6110  6110  6110  6110  7110  9110  9110  8110  7110  8110  8110  8110  8110  8110  8110  7110  7110  6110  6110  7110  6110  5110  6110  6110  5
2710110  5110  5110  6110  6110  5110  4110  4110  4110  4110  4110  4110  4110  4110  4110  4110  4110  5110  5110  5110  5110  5110  5110  5110  5110  5110  6110  6110  6110  6110  7110  7110  7110  8110  7110  7110  8110  8110  8110  8110  8110  7110  8110  9110  9110  9110  9110  9110  9110 10110 10110 10110 10110  9110  8110  7110  5110  4110  4110  3110  4
2711110  6110  7110  7110  7110  8110  8110  9110  9110  9110  9110  8110  8110  6110  6110  5110  5110  5110  5110  5110  5110  6110  6110  6110  7110  8110  7110  7110  7110  7110  7110  7110  6110  7110  7110  6110  6110  6110  7110  8110  7110  8110  9110  9110  8110  9110  9110 10110 10110 10110  9110  9110 10110 10110  9110  7110  8110  9110  8110  9110  9
2712110  9110  9110  8110  8110  9110  9110  9110  9110  9110  9110  9110  9110  8110  7110  8110  7110  5110  4110  4110  5110  5110  5110  5110  5110  7110  7110  7110  8110  8227  7110  6110  5110  4110  4110  4110  4110  4110  2110  1  0  0  0  0  0  0110  2110  4110  5110  5110  7110  8110  9110  9110  7110  6110  5110  5111  5111  4111  4111  4111  3111  3
2713111  2  0  0  0  0  0  0  0  0  0  0  0  0111  1111  3111  4111  3111  2111  2  0  0  0  0  0  0  0  0  0  0  0  0  0  0  0  0  0  0  0  0  0  0  0  0  0  0111  2111  1  0  0  0  0  0  0  0  0  0  0  0  0  0  0111  2111  3111  4111  6111  7111  8111  7111  7111  8111  8111  7111  6111  5111  5111  6111  6111  5111  4111  4111  5111  4111  3111  3111  3111  3
2714111  3111  4111  4111  5111  5111  5111  3111  2111  2111  3111  2  0  0  0  0  0  0  0  0  0  0  0  0  0  0  0  0  0  0111  1111  2111  2111  1111  1111  1111  2111  2111  2111  2111  3111  3111  3111  3111  3111  3111  2111  1111  1111  1111  2111  2111  2111  2111  2111  2111  2111  2111  2111  1111  1111  1111  2111  2111  2111  2111  3111  2111  2111  3
2715111  3111  3111  3111  3111  3111  3111  3111  3111  3111  4111  4111  4111  4111  4111  4111  4111  4111  4111  4111  3111  3111  3111  3111  4111  3111  3111  2111  3111  3111  3111  2111  2111  2111  2111  2111  2111  2111  2111  1111  1  0  0  0  0  0  0  0  0  0  0  0  0  0  0  0  0  0  0  0  0  0  0  0  0  0  0  0  0  0  0  0  0  0  0  0  0  0  0  0  0
2716  0  0  0  0  0  0  0  0  0  0  0  0  0  0  0  0  0  0  0  0  0  0  0  0  0  0  0  0  0  0  0  0  0  0  0  0  0  0111  1111  2111  3111  4111  4111  4111  4111  3111  3111  2111  2111  2111  1111  1111  1111  2111  2111  3111  4111  5111  4111  3111  4111  4111  4 38  5111  2111  2111  3111  3111  3111  3111  3111  3111  3111  2111  2111  2111  2111  2111  2
2717111  2111  2111  2111  2111  2111  2111  2111  2111  3111  3111  3111  4111  3111  3111  2111  2111  2111  2111  2111  3111  4111  4111  4111  4111  4111  3111  3111  3111  2111  2111  2111  2111  1  0  0  0  0  0  0  0  0  0  0111  2111  3111  3111  4111  4111  5111  6111  6111  6111  6111  6111  6111  5111  5111  5111  4111  4111  5111  5111  4111  4111  4
2718111  4111  4111  4111  4111  4111  3111  3111  3111  3111  3111  4111  5111  5111  6111  7111  7111  8111  8111  8111  8111  8111  8111  7111  6111  6111  6111  6111  5111  4111  3111  2111  2111  3111  3111  4111  4111  5111  6111  5111  5111  5110  4110  4111  4111  4111  4111  4111  4111  5111  6111  6111  6110  5110  5110  4110  3110  3110  3110  3110  2
2719110  2110  3110  3110  4110  4110  4110  5110  5110  5110  5110  5110  5110  5110  7110  7110  6110  5110  5110  5110  5110  4110  4110  3110  3110  3110  3110  2110  2110  2110  2110  2110  2110  2110  2110  2110  2110  2110  1  0  0  0  0110  1110  1110  2110  5110  6110  5110  6110  5110  4110  4110  4110  4110  3110  4110  7110 10110 11110 10110  9110 11
2720110 11110 10110  9110 10110 10110 12110 11110  9110 10110 10110  9110 10110 12110 11110  9110 11110 11110  8110  8110  8110  9110 14110 14110 12110 12110 15110 16110 14110 12110 12110 13110 13110 13110 15110 16110 15110 14110 14110 15110 14110 15110 14110 11110 13110  9110  6110 12110 16110 14110 12110 11110 13110 14110 14110 13110 14110 16110 13110 10110  9
2721110 12110 12110 10110 13110 14110 19110 19110 15110 16110 17110 17110 14110 10110 11110 17110 19110 12110 13110 16110 13110 12110 15110 18110 18110 19110 20110 20110 20110 19110 17110 14110 11110 11110 10110  9110 14110 17110 18110 17110 16110 20110 19110 17110 16110 14110 17110 18110 21110 19110 14110 12110 17110 20110 19110 19110 14110 11110 15110 17109 18
2722109 20109 22109 21109 18109 13109 11109 13109 19109 21109 21109 21109 15109 12109 13109 17109 18109 16109 13109 12109 14109 20109 20109 17109 16109 14109 18109 21109 18109 20109 20109 19109 16109 15109 15109 14109 14109 14109 12109 10109 11109 14109 16109 16109 15109 17109 14109 14109 17109 19109 14109 12109 16109 15109 12109 11109 12109 16109 17109 15109 16
2723109 19109 16109 14109 14109 11109 12109 20109 25109 27109 27109 25109 27109 28109 27109 26109 24109 19109 17109 18109 15109 16109 24109 25109 21109 19109 20109 23109 24109 22109 16109 16109 20109 18109 15109 16109 17109 17109 20109 19109 13109 18109 22109 24109 20109 12109 13109 18109 22109 23109 21109 20109 20109 19109 20109 23109 24109 26109 23109 20109 24
2800109 23109 18109 16109 22109 30109 30109 21109 19109 24109 23109 22109 27109 27109 23109 18109 22109 25109 20109 20109 20109 20109 18109 16109 22109 29109 24109 13109 14109 20109 22109 24109 21109 20109 21109 21109 23109 26109 31109 32109 28109 24109 26109 23109 18109 22109 26109 33109 34109 26109 24109 20109 14109 21109 21109 17109 21109 24109 28109 30109 32
2801109 25109 19109 22109 25109 27109 26109 21109 25109 29109 27109 27109 31109 37109 35109 34109 31109 27109 27109 32109 32109 26109 26109 34109 35109 27109 28109 38109 33109 28109 29109 29109 27109 28109 27109 24109 29109 31109 28109 26109 26109 33109 35109 28109 34109 41109 36109 31109 27109 29109 24109 14109 19109 26109 30109 35109 36109 32109 34109 35109 40
2802109 44109 33109 22109 24109 32109 37109 34109 27109 27109 28109 26109 19109 18109 24109 31109 31109 22109 22109 29109 30109 29109 27109 28109 24109 20109 29109 29109 25109 27109 28109 24109 25109 31109 31109 29109 32109 36109 32109 30109 27109 23109 23109 23109 27109 29109 28109 30109 30109 25109 22109 21109 23109 28109 31109 35109 39109 37109 37109 34109 31
2803109 30109 28109 27109 22109 22109 25109 30109 38109 37109 35109 33109 31109 35109 36109 30109 24109 31109 32109 27109 30109 35109 35109 33109 37109 35109 31109 31109 42109 46109 36109 29109 31109 32109 25109 28109 37109 36109 30109 28109 29109 37109 37109 32109 35109 38109 39109 41109 34109 25109 22109 31109 34109 29109 27109 23109 23109 25109 24109 19109 21
2804109 31109 37109 32109 30109 35109 31109 30109 28109 22109 28109 30109 26109 25109 19109 25109 32109 28110 25110 32110 41110 43110 44110 46110 43110 40110 39110 36110 38110 37110 32110 39110 37110 34110 41110 45110 48110 47110 39110 31110 34110 40110 40110 44110 48110 46110 47110 46110 42110 38110 31110 39110 44110 35110 27110 24110 25110 28110 38110 41110 38
2805110 39110 33110 38110 49110 45110 34110 28110 43110 54110 49110 51110 45110 36110 31110 32110 40110 46110 42110 38110 35110 38110 40110 39110 53110 56110 48110 39110 40110 40110 38110 36110 31110 37110 45110 44110 39110 34110 34110 28110 34110 45110 44110 49110 49110 39110 41110 47110 47110 42110 35110 35110 44110 49110 40110 34110 45110 59110 55110 51110 57
2806110 58110 55110 61110 56110 45110 37110 31110 43110 43110 38110 38110 36110 32110 36110 42110 48110 50110 46110 51110 55110 51110 44110 31110 24110 33110 42110 45110 39110 40110 48110 42110 29110 27110 36110 37110 33110 37110 40110 40110 51110 51110 39110 38110 43110 44110 41110 42110 39110 38110 40110 34110 31110 36110 41110 31110 19110 23110 26110 30110 38
2807110 35110 33110 30110 23110 34110 48110 41110 34110 30110 31110 38110 32110 28110 35110 28110 26110 26110 24110 28110 25110 20110 17110 15110 16110 25110 38110 39110 34110 33110 30110 26110 22110 24110 28110 28110 27110 32110 32110 29110 28110 21110 23110 27110 31110 31110 27110 26110 28110 34110 31110 26110 25110 33110 32110 23110 26110 27110 25110 19110 20
2808110 26110 25110 24110 27110 26110 22110 21110 30110 36110 36110 37110 36110 34110 26110 21110 25110 31110 34110 30110 28110 27110 20110 17110 21110 22110 22110 20110 24110 27110 25110 23110 29110 37110 37110 33110 30110 31110 27110 18110 22110 32110 31110 24110 21110 27110 31110 26110 24110 22110 20110 18110 23110 30110 28110 28110 26110 26110 25110 20110 18
2809110 21110 19110 14110 14110 15110 17110 18110 24110 28110 22110 17110 21110 21110 12110 15110 19110 16110 16110 21110 28110 29110 27110 21110 21110 21110 18110 25110 24110 13110 14110 20110 16110 19110 25110 22111 20111 23111 23111 21111 22111 21111 17111 15111 19111 23111 26111 28111 26111 29111 31111 26111 24111 22111 18111 16111 17111 18111 14111 14111 17
2810111 16111 16111 17111 17111 14111 12111 13111 11111 11111  9111 10111 12111  9111  5111  5111  4111  3111  3111  5111  8111 10111  8111  5111  5111  5111  5111  5111  4111  4111  5111  5111  5111  4111  2  0  0111  1111  3111  4111  3111  2111  2  0  0  0  0111  1111  2111  2111  3111  2111  2111  2111  2111  3111  4111  4111  2111  2111  3111  4111  3111  3
2811111  4111  4111  6111  6111  6111  7111  9111  9111  8111  7111  9111 10111 10111  9111 10111 12111 15111 17111 17111 18111 21111 20111 16111 15111 13111 10111  9111  9111 10111 11111  9111 10111 13111 14111 15111 17111 18111 17111 15111 14111 15111 15111 15111 16111 16111 17111 18111 19111 20111 20111 21111 20111 19111 21111 22111 23111 26111 22111 16111 23
2812111 31111 28111 25111 24111 24111 23111 22111 24111 28111 31111 29111 26111 30111 34111 32111 33111 36111 31111 25111 25111 22111 17111 17111 20111 27111 31111 28111 23111 21111 22111 19111 19111 20111 14111 10111 15111 21111 25111 29111 28111 23111 19112 20112 19112 14111 11111 18111 22111 22111 23111 20111 19111 17112 16112 18112 19112 15112 14112 16112 15
2813112 13112 14112 14111 14112 16112 17112 15112 14112 15112 15112 13112 13112 18112 21112 19112 18112 14112 13112 16112 17112 15112 23112 26112 19112 16112 18112 17112 18112 20112 19112 19112 26112 29112 28112 26112 26112 30112 36112 34112 22112 12112 14112 16112 20112 24112 27112 27112 24112 21112 22112 24112 18112 16112 17112 17112 19112 20112 15112 18112 21
2814112 18112 20112 20112 18112 15112 11112 17112 21112 19112 21112 22112 19112 14112 13112 17112 21112 19112 17112 16112 14112 20112 23112 16112 15112 19112 22112 23112 23112 21112 23112 26112 24112 20112 23112 19112 15111 17111 19111 18111 16111 20111 22111 17111 20111 28111 30111 28111 21111 20111 20111 16111 12111 12111 16111 18111 18111 19111 18111 18111 21
2815111 24111 20111 16111 18111 20111 17111 16111 16111 13111 16111 19111 19111 18111 24111 27111 23111 26111 27111 24111 24111 20111 17111 20111 25111 23111 15111  9111 11111 12111  9111  7111  7111  9111 15111 21111 20111 16111 13111 13111 15111 18111 16111 10111 10111 14111 12111 11111 16111 13111 12111 15111 18111 20111 18111 16111 14111 13111 13111 11111  8
2816111  8111 11111 11111 11111 14111 20111 21111 16111 12111 12111 13111 16111 16111 13111 15111 13111  8111  7111  8111 12111 13111 16111 19111 13111 13111 13111 11111 11111 10111 13111 17111 19111 19111 17111 15111 15111 18111 16111 10111  7111  8111  9111 10111  9111  7111  7111  8111  6111  5111  4111  2111  3111  5111  5111  6111  7111  6111  4111  4111  6
2817111  7111  7111  7111  7111  8111  7111  7111  6111  6111  5111  5111  6111  6111  6111  7111  7111  8111  7111  7111  7111  8111  8111  7111  6111  5111  5111  5111  4111  4111  4111  4111  4111  3111  3111  4111  6111  8111 13111 14111 11111 10111 11111  9111 10111 11111 11111 11111  9111  8111  9111 10111 11111  9111  6111  6111  8111  8111  7111  6111  4
2818111  4111  6111  8111  9111  8111  7111  5111  4111  4111  4111  5111  4111  4111  5111  5111  4111  4111  3111  3111  3111  2  0  0  0  0  0  0  0  0  0  0  0  0  0  0  0  0  0  0  0  0  0  0111  2111  3111  4111  5111  5111  6111  9111 12111 13111 13111 11111 11111 10111  9111 11111 16111 18111 16111 13111 11111 12111 12111 13111 15111 12111 11111 11111 11
2819111  9111  7111  8111  9111  9111  9111  7111  7111  9111 11111 11111 10111  9111  8111  9111 10111 12111 12111  9111  8111  9111 10111 11111 12111 12111 11111 11111 10111 11111 11111  9111  9111  9111  8111  8111  9111 10111  9111  7111  7111  6111  4111  3111  4111  4111  5111  6111  5111  5111  6111  8111 10111 12111 10111  7111  5111  4111  3111  5111  6
2820111  6111  8111  9111  8111  7111  7111  9111 11111  9111  9111 12111 14111 13111 12111 13111 13111 11111 12111 15111 17111 14111 12111 11111 13111 14111 12111 11111 10111 10111 10111  9111 10111 11111 13111 12111 11111 11111 10111  9111 11111 13111 10111  8111 11111 10111  7111  9111  9111  8111  7111  7111  8111  9111 10111  8111  6111  4111  4111  5111  4
2821111  6111  8111  8111  8111  9111  9111  9111  8111  8111  7111  7111  5111  4111  4111  4111  5111  5111  5111  7111  7111  9111  9111  9111  8111  9111  9111  9111  9111  9111  8111  6111  3111  3111  2111  2111  4111  4111  4111  3111  4111  4111  4111  3111  2  0  0  0  0  0  0  0  0  0  0111  2111  4111  4111  3111  1111  1111  2111  2  0  0111  1111  2
2822111  4111  6111  6111  5111  5111  3111  2111  1  0  0  0  0  0  0  0  0  0  0  0  0111  1111  3111  3111  3111  4111  3111  2110  1110  1111  4111  6110  6110  4110  3110  2110  2110  3110  4110  5110  5110  5110  5110  4110  3110  5110  6110  4110  2110  1110  1110  4110  8110  8110  5110  4110  5110  8110  8110  6110  6110  5110  5110  7110 11110 13110 12
2823110 12110 14110 13110 12110 10110  9110  7110  7110  8110 10110 10110  5110  4110  6110  7110  6110  8110  9110  8110  9110  9110  9110 11110 11110  8110  9110 12110 10110 10110 11110 10110  8110  7110  9110 11110 11110 10110  8110  8110 12110 15110 15110 14110 14110 15110 12110 12110 14110 13110 11110 11110 12110 13110 12110 11110 11110 13110 13110 12110 12
2900110 16110 16110 11110 10110 10110 11110 13110 13110 11110  9110  7110  5110  6110  8110  9110  9110  8110  8110  8110  7110  8110  7110  9110 13110 12110  8110  7110  7110  6110  5110  5110  3110  3110  6110  7110  7110  7110  7110  6110  4110  3110  4110  6110  6110  6110  5110  5110  4110  3110  4110  6110  6110  5110  3110  3110  5110  7110  8110  5110  4
2901110  8110 13110 15110 16110 15110 13110 12110 12110 11110  9110  9110  9110 10110  9110  7110  6110  5110  5110  5110  5110  8110 10110 13110 13110 11110  9110  6110  5110  7110  7110  7109  8109  9110  8110  7109  7109  4109  2109  1109  2109  3109  3109  4109  5109  4109  3109  2109  3109  3109  2109  3109  4109  3109  8109 14109 12109  8109  7109  7109  7
2902109  7109  6109  6109  5109  4109  5109  5109  3110  4110  5110  6110  4110  4110  6110  8110  8110  7110  5110  3110  2110  2110  3110  3110  2110  2110  2110  2110  2110  3110  4110  4110  4110  5110  7110  5109  5109  6109  8109  6109  4109  4109  4109  3109  2109  5109 12109 12109  9109  9109  8109  5109  2109  2109  7109 13109 16109 13109  6109  4109  3
2903109  3109  7109 11109 15109 19109 17109 15109 13109 11109 10109  9109  7110  7110  9110 11110 13110 15110 17110 14110 11110 12110 11110  8110  5110  7110  7110  5110  6110  7110  7110  3  0  0110  5110 10110  8110  6110  7110  8110  9110 10110 12110 12110 10110  7110  7110  8110  8110  7110  6110  5110  5110  4110  3109  4109  9110 13109 15109 13109 11109 12
2904109 16110 15110 13110 11110 10110  9110 10110 13110 13110 12110 12110 14110 11110  8110  5110  4110  5110  4110  5110 11110 12110  9110  7110  8110 10110  9110  9110  8110  7110  7110  8110  7110  8110 10110  7110  6110  6110  7110  7110  5110  6110  7110  8110  8110  8110  7110  6110  7110  8110  7110  7110  9110 10110  8110  6110  5110  4110  4110  5110  6
2905110  5110  4110  3110  1  0  0  0  0  0  0  0  0110  5110 10110 15110 20110 19110 18110 17110 17110 17110 15110 15110 15110 16110 15110 15110 19110 21110 19110 17110 16110 15110 16110 18110 19110 18110 17110 18110 19110 19110 20110 19110 15110 13110 13110 12110 14110 14110 16110 18110 18110 18110 18110 17110 17110 16110 14110 13110 14110 15110 16110 17110 15
2906110 12158 10110 11110 14110 14110 12110 12110 12110 11110 10110  9110 11110 13110 14110 14110 14110 12110 12110 14110 15110 14110 12110 11110 12110 11110 12110 13110 11110 10110 10110 10110  8110  7110  7110  9110  9110  8110  7110  6110  6110  8110  8110  8110  8110  7110  7110  8110  8110  9110  9110  8110  7110  6110  7110  8110  9110  9110  9110 10110 10
2907110 11110 11110 13110 11110  9110  9110  8110  6110  6110  7110  6110  6110  7110  6110  5110  4110  6110  7110  7110  6110  5110  7110 10110  9110  7110  7110  8110  8110  9110 10110 10110  9110  8110  8110  7110  6110  5110  6110  8110  8110  6110  5110  5110  5110  5110  7110  7110  6110  7110  7110  6110  6110  6110  8110  8110  6110  5110  4110  4110  4
2908110  6110  5110  4110  4110  5110  5110  5110  5110  5110  5110  5110  5110  5110  6110  5110  5110  6110  5110  5110  5110  4110  4110  4110  4110  3110  3110  4110  4110  5110  6110  8110  8110  8110  9110  9110 10110  9110  7110  8110  9110 10110  8110  7110  8110  6110  6110  5110  5110  6110  5110  5110  5110  4110  3110  3110  4110  4110  4110  3110  3
2909110  2110  2110  1110  2110  2110  2110  3110  3110  3110  3110  4110  4110  4110  4110  5110  5110  6110  5110  5110  3110  3110  3110  2110  2110  3110  4110  5110  5110  5111  6111  6110  6110  4111  5111  6111  5111  2110  1110  2110  3111  4111  5111  5111  5111  4110  3110  1  0  0  0  0  0  0  0  0  0  0  0  0  0  0  0  0  0  0  0  0  0  0110  1110  3
2910110  6110  8110  6111  4111  3111  4111  5111  4110  3111  3111  3111  3111  4110  5110  4110  3202  4110  3110  3111  3111  3111  2  0  0  0  0  0  0  0  0  0  0  0  0  0  0  0  0111  1111  3111  4111  5111  5111  6111  5111  4111  3111  3111  2111  2111  1111  1111  1111  1111  2111  2111  2111  2111  2111  2111  2111  2111  1  0  0  0  0  0  0  0  0  0  0
2911111  1111  2111  2111  1  0  0  0  0  0  0  0  0  0  0  0  0  0  0  0  0111  1111  2111  1  0  0  0  0111  1111  2111  2111  2111  1111  2111  1  0  0111  1  0  0  0  0  0  0111  3111  5111  5111  2111  2111  3111  4111  4111  4111  4111  3111  4111  5111  5111  4111  5111  5111  5111  5111  5111  6111  5111  4111  4111  3111  3111  4111  4111  5111  5111  6
2912111  5111  5111  4111  3111  2111  2111  2111  2111  3111  3111  3111  5111  5111  5111  5111  5111  6111  6111  5111  6111  7111  7111  7111  8111  9111 10111 10111 11111 13111 11111  9111  8111  9111 12111 12111 12111 13111 15111 16111 15111 15111 14111 13111 14111 13111 13111 16111 17111 17111 17111 17111 15111 15111 13111 12111 11111 10111 10111 10111 10
2913111  9111  8111  8111  9111 10111 10111 10111 11111 11111 11111 11111 11111 11111 10111  9111  9111  9111  9111 10111 11111 11111 11111 11111 11111 11111 10111 11111 10111 10111  8111  7111  7111  5111  3111  4111  6111  6111  4111  3111  5111  6111  6111  8111  7111  5111  6111  7111  6111  3111  4111  5111  6111  6111  4111  4111  4111  4111  3111  2111  2
2914111  3111  3111  3111  3111  4111  4111  5111  5111  5111  6111  6111  5111  4111  3111  1111  1111  1111  1111  1111  2111  2111  3111  3111  4111  4111  5111  5111  5111  5111  6111  7145 10111  8111  8111  7111  7111  7111  5111  3111  2111  1111  1111  2111  3111  4111  4111  4111  4111  4111  5111  5111  5111  6111  6111  5111  5111  5111  4111  4111  4
2915111  4111  4111  4111  4111  4111  4111  3111  2111  2111  2111  2111  3111  4111  6111  5111  4111  3111  3111  3111  2111  3111  4111  4111  5111  7111  7111  7111  7111  7111  7111  6111  6111  5111  4111  4111  4111  3111  3111  2111  3111  3111  3111  4111  3111  3111  3111  4111  4111  4111  4111  3111  2  0  0  0  0  0  0  0  0  0  0  0  0  0  0  0  0
2916  0  0  0  0  0  0  0  0  0  0  0  0  0  0  0  0111  2111  2111  2111  3111  4111  4111  5111  5111  5111  5111  5111  5111  4111  4111  4111  3111  3111  3111  2111  2111  1111  1  0  0  0  0  0  0  0  0  0  0111  2111  2111  2111  1111  1111  2111  2111  3111  3111  3111  3111  3111  4111  4111  3111  3111  3111  3111  3111  3111  4111  4111  4111  4111  4
2917111  4111  3111  3111  2111  1  0  0  0  0  0  0  0  0  0  0  0  0  0  0  0  0  0  0  0  0111  1111  2111  3111  4111  5111  6111  6111  6111  5111  5111  4111  4111  4111  5111  5111  5111  5111  5111  6111  7111  7111  8111  8111  9111 10111 11111 11111 11111 11111 11111 11111 12111 12111 11111 11111 10111 11111 12111 12111 11111 12111 13111 14111 15111 15
2918111 15111 14111 14111 15111 16111 17111 19111 19111 16111 16111 13111 12111 14111 14111 12111 12111 11111 12111 13111 13111 12111 12111 14111 16111 17111 17111 16111 16111 18111 17111 13111 12111 12111 12111 10111 10111  9111  6111  4111  3111  3111  2111  3111  3111  4111  6132 20111  9111  9111  9111  8111  7111  6111  7111  7111  7111  5111  6111  5111  4
2919111  4111  4111  5111  6111  6111  4111  2111  2111  2111  2111  2111  2111  4111  4111  4111  4111  3111  3111  2111  2111  1111  2111  4111  3111  2111  4111  6111  6111 10111 14111 12111 10111 10111 11111 13111 14111 15111 18111 14111 15111 20111 22111 20111 18111 16111 14111 14111 15111 16111 18111 14111 12111 15111 19111 20111 19111 18111 19111 23111 19
2920111 16111 20111 20111 15111  9111  9111 13111 13111 10111 11111 12111 11111 11111 13111 14111 10111  9111 12111 11111  9111  6111  6111 10111 11111  9111 12111 19111 19111 16111 14111 10111 10111 12111 15111 16111 15111 14111 12111 10111  8111  9111  8111  6111  5111  6111  6111  4111  5111  5111  6111  7111  7111  7111  7111  7111  7111  8111  8111  8111  6
2921111  5111  7111  9111  9111 11111 13111 11111  9111  8111 10111  9111  6111  6111  4111  3111  4111  4111  2  0  0  0  0111  1111  2111  3111  4111  4111  3111  2111  2111  2111  3111  4111  2111  2111  2111  2  0  0  0  0  0  0111  2111  2  0  0111  2110  6110  7110  5110  6110  8110  8110  7110  8110  9110  8110  4110  4110  5110  4110  4110  5110  6110  7
2922110  7110  6110  7110  7110  7110  8110  9110  8110  9110  9110 10110  9110  8110  8110  7110  7110  6110  5110  7110 11110 11110  9110  7110  7110  8110  9110 10110 12110 13110 14110 13110 13110 13110 13110 17110 17110 14110 13110 13110 15110 16110 14110 15110 19110 16110 14110 16110 20110 21110 22110 21110 18110 18110 20110 19110 17110 13110 15110 18110 17
2923110 16134  6110 18110 19110 16110 13110 13110 15110 16110 15110 14110 11110 10110 10110  7110  6110  7110 10110 13110 14110 11110  9110 10110 12110 12110 11110 12110 14110 14110 11110  9110 12110 13110 14110 18110 21110 20110 18110 14110 10110 11110 13110 12111 12111 14111 15111 15111 12111  9111  8111  7111  9111  8111  7111  9111  8111  7111  6111  5111  6
3000111  7111  8111  9111 13111 16111 14111 13111 12111 12111 11111 10111  9111  9111 10111 11111  9111 10111 10111  9111  8111  8111  8111  7111  7111  6111  5111  5111  4111  3111  2111  3111  4111  4111  2111  2111  2111  1  0  0111  3111  4111  4111  4111  5111  5111  6111  5111  6111  7111  6111  7111  8111  7111  7111  6111  5111  5111  5111  6111  7111  9
3001111  8111  9111 12111 16111 15111 10111  6111  7111  6111  5111  7111  7111  9111 11111  8111  7111  8111  9111 12111 16111 17111 17111 15111 11111  8111  6111  8111 11111 13111 15111 16111 20111 23111 27111 32111 29111 19111 15111 14111 16111 18111 16111 18111 21111 20111 19111 18111 20111 20111 16111 14111 11111 10111 12111 14111 18111 20111 21111 18111 17
3002111 16111 14111 18111 19111 18111 19111 17111 15111 13111 15111 18111 15111 11111  9111 10111 10111 11111 12111  9111  6111  6111 10111 11111  7111  6111  7111  6111  6111 11111 15111 14111 11111 10111  9111  9111  9111  9111 11111 12111 10111 10111  9111  8111  7111  8111  8111  9111 12111 12111 13111 14111 15111 13111 13111 16111 14111 12111 11111 12111 13
3003111 13111 12111 11111 11111 10111 11111 10111 10111  9111  8111  6111  5111  6111  7111  6111  4111  3111  5111  6111  7111  7111  6111  4111  5111  5111  7111  7111  5111  7111  9111  7111  6111  5111  5111  3111  3111  3111  3111  4111  5111  6111  7110  7110  6111  6110  7110  9110  9110  6110  5110  3110  3110  4110  5110  8110  9110  7110  6110  6110  8
3004110 10110 11110  9110 10110 13110 14110 14110 14110 12110 10110  8110  6110  6110  6110  6110  8110  9110  8110  7110  6110  6110  8110  9110  9110  8110  6110  4110  3110  5110  6110  5110  7110  9110  8110  7110  8110  7110  7110  9110  8110  9110 10110 11110 12110 12110 12110 11110  9110  7110  6110  4110  7110 11110 11110 10110  9110  9110 10110 11110 12
3005110 11110  8110  8110  9110 11110 14110 12110  9110 10110 13110 12110 10110 14110 14110  9110  8110  7110  7110  9110 11110 12110 11110 11110 11110 10110  9110  9110 12110 12110  9110 10110 11110 11110 11110 11110 10110  8110  8110  8110  8110 10110 11110  9110  7110  7110  7110  8110 10110 10110  9110  9110  9110 10110 11110  9110  9110 10110 10110 11110  9
3006110  8110  8110  6110  5110  3110  4110  4110  4110  5110  5110  6110  6110  6110  6110  6110  5110  5110  4110  4110  4110  3110  3110  3110  4110  3110  2110  3110  3110  2110  3110  3110  2110  2110  2110  2110  2110  2110  3110  3110  4110  5110  5110  6111  6111  7111  7111  6110  6110  6110  6110  6111  5111  4111  4111  5111  5111  5111  5111  5111  5
3007111  6111  6111  5111  4111  4111  4111  3111  3111  2111  1111  1111  1111  2111  2111  2111  3111  3111  3111  3111  3111  2111  3111  3111  4111  4111  6111  6111  6111  7111  6111  5111  5111  5111  5111  5111  4111  3111  2  0  0  0  0  0  0  0  0  0  0  0  0  0  0  0  0  0  0111  1111  2111  2111  2111  2111  2111  2111  2111  2111  2111  3111  3111  3
3008111  3111  3111  3111  3111  3111  3111  3111  3111  3111  3111  2111  2111  2111  2111  1111  1111  2111  2111  2111  1  0  0  0  0  0  0  0  0  0  0  0  0  0  0  0  0  0  0  0  0  0  0  0  0111  2111  4111  5111  6111  6111  6111  5111  5111  5111  5111  6111  7111  7111  7111  7111  7111  6111  5111  6111  6111  5111  5111  5111  5111  5111  5111  4111  3
3009111  3111  3111  3111  3111  3111  2111  2111  3111  3111  4111  3111  4111  4111  3111  3111  3111  3111  2111  2111  2111  2111  2111  2111  1111  2111  3111  3111  3111  3111  3111  4111  4111  4111  5111  5111  6111  7111  7111  7111  6111  6111  7111  6111  5111  5111  6111  6111  6111  6111  7111  8111  8111  8111  8111  8111  8111  7111  6111  6111  6
3010111  6111  5111  6111  7111  8111  8111  6111  7111  6111  6111  7111  8111  8111 10111 12111 11111 12111 12111 10111 10111 11111 13111 15111 12111 12111 12111 12111 14111 17111 19111 16111 14111 13111 13111 16111 17111 15111 14111 13111 14111 14111 10111  9111 12111 13111 10111  8111  8111  9111  8111  9111 10111 13111 12111 12111 13111 10111  9111 14111 14
3011111 12111 14111 14111 14111 13111 11111 12111 14111 14111 12111  9111  9111 11111 11111 12111 12111 12111 12111 11111  9111 10111  9111  8111  8111  8111  8111  7111  7111  7111  7111  7111  8111  8111  8111  8111 10111 10111 11111 11111 11111 11111 10111 12111 14111 12111 10111 10111 12111 12111 12111 14111 14111 12111 10111  9111 11111 12111 11111 10111  9
3012111  7111  6111  7111  7111  7111  7111  8111  8111  9111 10111 11111 13111 11111 10111 11111 12111 11111 14111 15111  9111 10111 12111 11111  9111  8111  9111  8111  6111  6111  9111  9111  8111  7111  7111  7111  8111 10111  9111  9111 10111 11111 11111 11111 14111 15111 14111 15111 14111 13111 15111 13111 11111 11111 11111 11111 10111  9111  8111  8111 10
3013111  9111 10111 10111  9111 10111 12111 13111 13111 14111 14111 13111 13111 14111 15111 14111 15111 17111 16111 15111 17111 19111 18111 17111 14111 12111 12111 15111 18111 18111 12111 10111 11111 11111 11111 12111 12111 10111 11111  9111  7111 10111 10111  7111  7111  6111  5111  4111  2111  1111  2111  3111  2111  6111  8111  7111  8111  8111  6111  5111  7
3014111  9111  9111 10111 11111 12111 12111 12111 13111 12111 10111 10111  9111  8111  9111  8111  8111 10111 12111 12111  7111  6111  8111 10111 10111  8111  6111  6111  7111  9111  9111  8111  8111  7111  6111  5111  5111  6111  6111  6111  7111  8111  8111  8111  8111  7111  7111  9111 11111  9111  8111 10111  9111  7111  7111  8111  7111  7111  7111  6111  5
3015111  5111  5111  5111  5111  5111  6111  7111  9111  9111  9111  9111  8111  7111  5111  5111  6111  5111  6111  6111  6111  5111  5111  6111  5111  4111  3111  4111  5111  4111  3111  3111  3111  3111  2111  1  0  0  0  0  0  0  0  0  0  0  0  0111  2111  1  0  0  0  0  0  0111  1111  2111  3111  3111  3111  4111  3111  3111  4111  5111  5111  5111  5111  5
3016111  5111  4111  3111  3111  3111  3111  3111  3111  3111  3111  3111  3111  3111  3111  3111  3111  3111  3111  3111  4111  4111  4111  4111  3111  3111  2111  1  0  0  0  0  0  0  0  0  0  0  0  0111  1111  2111  2111  3111  3111  3111  3111  3111  3111  3111  3111  3111  3111  3111  3111  3111  3111  2111  2111  3111  3111  4111  3111  3111  4111  4111  4
3017111  4111  3111  3111  3111  3111  3111  4111  3111  3111  3111  4111  4111  4111  3111  3111  3111  3111  3111  3111  3111  3111  4111  3111  3111  3111  3111  2111  2111  2111  2111  3111  3111  4111  6111  8111  9111  7111  7111 10111 11111 10111 10111 10111  9111  8111  7111  9111 12111 12111 10111  9111 11111 11111 10111  7111  6111  5111  4111  6111  7
3018111  6111  6111  6111  6111  5111  4111  2111  1  0  0  0  0111  1111  2111  3111  5111  5111  6111  6111  6111  5111  4111  3111  3111  3111  2111  2111  3111  4111  4111  4111  4111  5111  6111  7111  7111  6111  5111  5111  4111  4111  4111  4111  5111  5111  5111  4111  3111  3111  3111  3111  4111  3111  3111  3111  2111  3111  3111  4111  3111  3111  3
3019111  4111  5111  5111  7111  6111  6111  5111  4111  5111  5111  5111  4111  4111  6111  8111 10111 10111 10111 10111  9111  9111 11111 10111  9111  9111 10111 11111 11111  9111  8111 10111 14111 16111 14111 14111 15111 13111 12111 14111 12111 11111 12111 13111 12111 11111 10111  8111 10111 12111 12111 10111  8111  8111  7111  7111  9111  9111  8111  7111  7
3020111  7111  8111  9111  8111  8111  6111  6111  7111  6111  7111  8111  7111  5111  4111  3111  3111  2111  2111  3111  2111  1  0  0  0  0  0  0  0  0  0  0  0  0  0  0  0  0  0  0  0  0  0  0  0  0  0  0  0  0  0  0  0  0  0  0  0  0  0  0  0  0  0  0  0  0  0  0  0  0  0  0  0  0  0  0111  2111  2111  1111  1111  2111  2111  2111  2111  1  0  0111  1111  1
3021  0  0  0  0  0  0  0  0  0  0  0  0  0  0  0  0111  1111  1111  1111  1  0  0  0  0  0  0  0  0  0  0  0  0  0  0  0  0  0  0  0  0  0  0  0  0  0  0  0  0  0  0111  3111  5111  6111  6111  6111  6111  5111  4111  4111  4111  4111  4111  4111  5111  4111  4111  4111  3111  2111  2111  3111  4111  5111  4111  4111  5111  6111  6111  5111  5111  6111  7111  6
3022111  6111  6111  5111  5111  4111  5111  5111  4111  3111  3111  2111  2111  2111  2111  2111  1111  1  0  0  0  0  0  0  0  0  0  0111  1  0  0111  1111  2111  2111  2111  2111  2111  2111  3111  3111  2111  2  0  0111  1111  2111  3111  2  0  0  0  0  0  0  0  0  0  0  0  0  0  0  0  0  0  0111  2111  4111  4111  3111  3111  2111  1  0  0  0  0  0  0111  3
3023111  5111  4111  3111  5111  5111  4111  4111  5111  4111  4111  3111  3110  4110  4111  3111  3111  3111  2111  3111  6111 11110 11110  9110 10110 10110 11110 12110 13110 13110 12110 11110  9110  8110  9110 11110 10110 11110 13111 12111 14111 16111 15111 12111 12111 13111 12111 12111 14111 17111 16111 14111 11111 11111 12111 14111 15111 17111 16111 14111 14
3100111 16111 17111 14111 13111 12111  9111 11111 14111 15111 15111 14111 16111 16111 14111 15111 13111 10110 10110 11110 11110 15110 18110 17110 17110 19110 21110 23110 22110 20110 19110 20110 22110 21110 20110 19110 19110 22110 24110 22110 17110 16110 20110 18110 15110 16110 18110 21110 18110 17110 16110 15110 15110 14110 15110 16110 16110 13110 12110 10110 11
3101110 21110 23110 20110 20110 15110 14110 20110 20110 19110 22110 24110 23110 18110 15110 17110 17110 15110 20110 23110 20110 17110 18110 18110 13110 13110 13110 12110 16110 17110 17110 18110 17110 15110 16110 19110 18110 17110 16110 18110 21110 20110 17110 16110 18110 18110 16110 15110 16110 16110 18110 17110 18110 20110 18110 18110 16110 15110 15110 15110 15
3102110 15110 14110 12110 13110 15110 18110 20110 18110 20110 20110 16110 13110 15110 12110  9110 14110 16110 13110 12110  8110 11110 14110 13110 16110 18110 18110 20110 20110 17110 12110  8110 11110 14110 15110 15110 13110 13110 14110 16110 16110 15110 15110 15110 14110 14110 13110 11110 11110 12110 12110 12110 12110 11110 11110 14110 15110 16110 15110 13110 14
3103110 14110 12110 12110 12110 12110 13110 12110 11110 14110 14110 13110 15111 16111 15111 14111 16111 18111 15111 13111 12111 13111 12111 11111 10111 12111 12111 13111 14111 15111 12111 11111 17111 18111 12111 13111 16111 15111 18111 19111 15111 11111  9111  7111  6111  6111  7111  7111  8111  8111  8111 10111 11111  9111  7111  9111 10111 12111 11111  7111  4
3104111  4111  5111  7111  7111  5111  4111  3111  2111  1111  3111  6111  5111  6111  7111  7111  7111  6111  5111  4111  3111  3111  4111  4111  4111  4111  4111  4111  4111  4111  5111  4111  2111  4111  4111  4111  9111 11111  9111  8111  8111  8111  7111  7111  6111  4111  4111  7111  9111 10111  9111  8111 11111 10111  8111  9111 10111 10111 10111 12111 13
3105111 14111 12111 11111 11111  9111  7111 12111 13111 12111 11111 12111 13111 12111 13111 15111 14111 13111 15111 16111 15111 15111 13111 12111 14111 14111 13111 11111  8111  7111  8111 10111 10111  9111 11111 12111 12111 11111  9111 11111 13111 15111 14111 10111 11111 12111 12111 10111 13111 15111 12111 14111 14111 12111 10111  9111 10111 12111 14111 15111 15
3106111 14111 13111 15111 14111 10111 10111 12111 13111 12111  9111  8111  7111  8111  9111  7111  6111  7111  8111  7111  5111  9111 10111  8111  9111  9111  8111  9111  8111  8111 11111 13111 13111 11111 10111  9111  9111 10111  9111 10111 11111 11111 10111 10111  9111 10111 11111 12111 12111 12111 14111 13111 11111 12111 13111 13111 14111 13111 10111 11111 13
3107111 13111 14111 14111 13111 13111  9111  7111  6111  6111  6111  6111  6111  7111  7111  8111  9111 10111 10111  8111  6111  5111  3  0  0111  2111  3111  7111  9111  7111  5111  5111  5111  6111  7111 10111  9111  6111  9111  9111  4111  3111  6111 11111 12111 13111 14111 17111 19111 16111 13111 12111 11111 10111 11111 10111  8111  6111  6111  6111  6111  9
3108111 12111 13111 10111 10111  8111  9111 11111 10111 11111 11111 11111 14111 17111 16111 14111 13111 12111 16111 16111 13111 16111 17111 15111 14111 13111 15111 17111 14111 11111  9111  8111  7111  7111  8111  7111  6111  5111  4111  6111  7111  8111  9111 10111 12111 12111 15111 17111 15111 12111 12111 13111 10111 12111 13111 10111  9111 10111 12111 10111  8
3109111  9111  9111  7111  8111 11111  9111  9111 10111  8111  7111  7111  9111  9111  9111 11111 11111 11111 10111  9111  9111  8111  9111  8111  7111  7111  8111  9111  8111  8111  8111  8111  9111  8111  8111  6111  7111  8111  7111  9111 10111 10111  9111  9111  9111  9111  9111 11111 11111  9111  8111  9111  7111  4111  5111  6111  7111  8111 10111 10111  9
3110111  9111  7111 10111 12111 11111 10111 11111 13111 11111 10111 14111 15111 12111 13111 14111 11111 12111 14111 13111 11111 11111 11111  9111  8111  8111  7111  6111  5111  8111 10111 10111  9111  9111  9111 10111 11111 10111 11111 11111 10111 10111 10111 12111 12111 10111 11111 11111 10111  9111  6111  8111 12111 12111 11111 11111  9111  8111 11111 11111 10
3111111 10111 10111 10111  9111  7111  7111  9111 10111 11111 12111 15111 12111 10111 12111 13111 13111 12111 10111  8111 11111 14111 12111  9111  8111  8111  9111  9111  8111  7111  6111  5111  6111  7111  6111  7111  9111  6111  5111  7111  7111  4111  4111  3111  2111  3111  3111  5111  7111  7111  8111  7111  9111 11111 12111 12111 11111 11111 11111 10111 10
3112111  9111  8111  7111  6111  8111 10111 10111 11111 11111 12111 16111 19111 17111 17111 19111 17111 15111 13117  3111 11111 13111 12111 12111 13111  9111  5111  4111  3111  5111  9111 11111  8111  8111 10111 11111 11111 12111 14111 12111 12111 13111 11111  9111  9111  9111  9111  9111 10111 10111 10111 11111 14111 15111 14111 14111 15111 16111 15111 11111  9
3113111 11111 14111 14111 14111 14111 11111  8111  9111 12111 11111  7111  5111  5111  7111  9111  8111  7111  7111  9111 13111 13111 12111 12111 11111 11111 13111 11111  9111  9111  9111 10111  9111  7111  7111  9111 10111  7111  6111  5111  6111  8111  8111  7111  7111  8111  9111  7111  5111  6111  6111  4111  4111  5111  5111  3111  4111  6111  5111  4111  4
3114111  4111  4111  4111  4111  5111  5111  5111  5111  4111  5111  7111  7111  6111  5111  5111  3111  3111  5111  5111  5111  6111  5111  6111  7111  7111  6111  6111  6111  5111  5111  4111  3111  4111  5111  4111  4111  6111  5111  6111  6111  6111  8111  8111  6111  5111  3111  3111  4111  4111  3111  2111  2111  2111  3111  3111  4111  3111  2111  2111  3
3115111  1111  2111  3111  3111  2111  2111  3111  3111  2111  3111  3111  3111  3111  3111  3111  3111  2111  2111  1111  2111  3111  5111  6111  5111  4111  4111  4111  4111  3111  3111  4111  4111  4111  5111  6111  7111  6111  5111  5111  5111  6111  5111  3111  4111  6111  5111  4111  3111  3111  3111  3111  2111  2111  3111  2111  1111  1111  1111  1111  3
3116111  4111  4111  4111  4111  3111  3111  3111  4111  4111  4111  4111  4111  3111  4111  4111  3111  3111  3111  3111  4111  5111  6111  6111  5111  4111  4111  5111  5111  4111  4111  4111  4111  6104  6111  6111  5111  5111  4111  4111  4111  4111  4111  4111  4111  3111  3111  2111  2111  3111  4111  4111  3111  4111  4111  3111  3111  4111  4111  5111  6
3117111  6111  6111  5111  4111  4111  5111  5111  5111  5111  5111  4111  4111  4111  5111  4111  4111  3111  3111  3111  2  0  0111  1111  3111  3111  3111  2111  1111  2111  2111  3111  4111  5111  5111  4111  6111  7111  5111  4111  6111  7111  7111  6111  5111  6111  5111  4111  5111  5111  6111  6111  6111  8111  8111  6111  4111  4111  4111  3111  3111  2
3118  0  0  0  0111  2111  3111  4111  5111  6111  7111  7111  6111  6111  6111  7111  6111  5111  5111  6111  8111  6111  4111  5111  6111  9111 11111 11111  9111  7111  7111  8111  9111  6111  5111  7111  6111  4111  5111  5111  5111  6111  5111  5111  4111  7111  9111  6111  5111  6111  5111  4111  5111  4111  5111  4111  4111  5111  6111  6111  6111  6111  7
3119111  7111  6111  5111  4111  4111  4111  2111  2111  3111  6111  7111  7111 10111  9111  8111  8111  8111  7111  6111  6111  7111  8111  7111  7111  9111  9111  8111  7111  6111  5111  6111  7111  6111  5111  5111  5111  4111  5111  6111  7111  8111  9111  9111  8111  6111  6111  7111  7111  7111  7111  8111  8111  8111  8111  8111  8111  9111 10111  7111  7
3120111  7111  7111  7111  8111 10111 10111 11111 12111 13111 13111 12111 12111 11111 11111 11111  9111  8111  8111  8111  9111 11111 10111 11111 14111 14111 12111 13111 11111 12111 13111 12111 10111  9111  8111  9111  9111 10111  9111 10111 12111 11111  9111  9111  9111  9111  9111  8111  7 86  5111  9111  9111  9111  9111  9111 11111 11111  9111 10111 10111 10
