58265 2012   121213603204   55   65  105    0   24 6670    1    1    0    1    1    1    1    1    0    1    1    1    1    1    1    1    1    1    1    1    1    1------------------------------------------------V3.00
3021  83   1  48   2  48   52023  66   2 360   82022      87  902038  862019****////  74  722037  83  4395959596205795912001  92  922037  922004  90  902003  902100  90 101 111 101 126 151 180 202   0   0    0    02001
3022 354   4  16   2  28   42128 357   5 360   62127      85  872101  842127****////  77  742101  85  4796039603220095952101  92  922101  922120  90  902101  902152  89 100 111 101 127 151 180 201   0   0    0    02101
3023 346   4 335   3 346   52237 339   5 355   62257      83  852201  832221****////  80  772201  88  5196089609225596032203  92  922235  922220  90  902202  902258  89 100 111 100 126 151 179 202   0   0    0    02201
0100  22   2  23   4 360   82317  60   2 360  102319      87  872339  832306****////  77  772326  87  4996149614235296082303  92  922316  922305  89  902303  892352  89 100 111 100 126 151 180 202   0   0    0    02301
0101  41   7  38  10  45  110043  17   2 358  170018      92  930038  870001****////  71  710037  83  4296179619003896140001  91  920003  910100  89  890003  890058  88 100 111 100 126 150 179 201   0   0    0    00001
0102  53   7  49   9  49  150133  82   6 350  200110      89  920101  890143****////  74  710101  84  4596189619015096160111  90  910110  900151  88  890110  880200  88  99 111 100 126 150 179 201   0   0    0    00101
0103  29  10  26   9  28  140233  20  10 354  220233      88  890201  880230****////  76  740201  86  4896229622025996170204  90  900225  880234  88  880225  880236  87  99 111 100 126 150 179 201   0   0    0    00201
0104  20   5  30  11  32  160355  35  10 342  290347      88  880322  870353****////  77  750309  87  5096309631035896220305  90  900304  900350  89  890400  880309  87  99 110  99 126 150 179 201   0   0    0    00301
0105  34  16  34  14  36  150452  27  26 131  270446      84  880401  840453****////  81  770401  89  5396369636045996300401  90  910421  900405  90  900421  890404  88  99 110  99 126 150 179 201   0   0    0    00401
0106  67   6  44  10  53  150502  78   9 136  260540      79  830501  790549****////  85  810501  91  5596419641055696330506  90  900523  890547  89  900523  890559  88  99 110  99 126 150 179 202   0   0    0    00501
0107 324   1 353   4 360  110604 324   2 360  220604      79  790601  790601****////  84  830650  89  5496499649070096410601  89  900603  890643  88  890601  880653  87  98 110  99 126 150 179 202   0   0    0    00601
0108 346   7 342   8 342   90743 342   9 348  130757      78  790701  780720****////  85  840701  90  5496609660080096490701  89  900707  890800  86  880701  860756  86  98 110  99 126 150 179 202   0   0    0    00701
0109 341   9 332   7 349   90801 339  11 355  140825      82  820857  780804****////  83  830859  90  5596719671090096600804  93  930900  890812  91  910900  860802  86  98 110  98 125 150 179 201   0   0    0    00801
0110 350   8 330   8 330  100917 324   4 357  140910      97  971000  830901****////  74  740948  89  5396819682095896710901 105 1060934  930901 110 1101000  910901  93  99 110  99 124 148 178 200   2   0    0    00901
0111  24   6  24   6 360  121029  33   5 360  211027     111 1111100  971001****////  64  641100  85  4696869686105896811001 120 1201100 1061001 137 1371059 1111001 104 103 110 100 123 147 176 199   2  12    0    01001
0112 283  15 290  17 291  181159 290   7 314  261153     122 1261125 1111101****////  56  551158  80  3796779686110196771200 142 1421200 1201101 154 1541200 1351103 125 112 109 103 120 144 173 196   3  55    0    01101
0113 301  23 262  18 262  231239 325  12 348  401236     134 1381255 1231201****////  52  511231  80  3896629676120196621259 161 1611300 1411201 183 1831300 1551201 143 123 112 107 119 143 172 195   2  60    0    01201
0114 241  20 252  20 253  261318 242  22 330  351316     140 1401335 1331305****////  48  481400  77  3296499662130196491359 164 1641337 1591319 191 1911400 1831320 153 134 115 114 119 143 172 195   0  58    0    01301
0115 300  12 227  12 264  211401 281   7 334  341407     147 1511450 1401402****////  44  431454  74  2696409649140596401500 168 1681442 1631415 189 1941421 1891500 159 141 118 120 119 143 172 195   2  60    0    01401
0116 258  12 225  12 225  151511 259  11 285  271519     146 1561540 1441513****////  45  421541  75  2896349640150196341600 153 1681503 1531600 169 1891501 1691600 159 146 122 125 121 144 173 196   0  60    0    01501
0117 132   6 121  11 188  171608   5   2 266  291604     139 1461601 1391654****////  49  441602  78  3496369636164796341601 136 1531601 1361700 146 1681601 1461700 148 146 125 128 123 145 175 198   0  59    0    01601
0118 167   5 163   9 177  151718 171   5 351  271716     125 1391701 1251800****////  55  481704  80  3796429642180096361702 118 1361701 1181800 125 1461701 1251800 135 142 127 129 126 147 177 200   0   0    0    01701
0119 124   5 119   5 164   81801 149   1 149   81848      95 1241801  951855****////  72  551801  85  4796479647190096421809 110 1181801 1101900 115 1251801 1151900 124 135 128 128 128 149 179 201   0   0    0    01801
0120   0   0   0   0 153   71913   0   0 184  111908      94  971909  941956****////  75  711903  88  5296559655195496471901 107 1101901 1071959 110 1151901 1101959 117 130 128 125 128 149 179 201   0   0    0    01901
0121 157   2 131   2 131   22059 150   5 150   52100      91  942001  912045****////  80  752001  92  5896599659205796542001 106 1072004 1062100 108 1102003 1082100 112 126 128 123 129 149 178 201   0   0    0    02001
0122 184   5 191   6 193   62157 171   5 205   92124      95 1002140  912101****////  75  722139  89  5396639663215896592101 104 1062102 1042200 104 1082101 1042200 109 122 127 121 130 148 178 201   0   0    0    02101
0123 254  11 247  11 247  142226 245  11 260  182218     100 1032236  942209****////  71  702229  87  5096639664225496622209 100 1042201 1002300  98 1042201  982300 105 119 126 118 130 148 178 201   0   0    0    02201
0200 285   5 264   7 264  142313 302   6 302  272311      95 1022313  950000****////  74  712301  88  5196649665232196622349  94  992301  940000  90  982301  900000 100 116 125 116 130 149 179 201   0   0    0    02301
0201 241   5 228   8 279  110009 248  10 295  170005      83  940001  760051****////  81  740001  89  5296609664000596600054  87  940001  870055  81  900001  810100  94 112 123 114 131 149 179 202   0   0    0    00001
0202 180   8 182   7 231  110111 173  10 257  170105      66  840108  640157****////  85  790117  83  4396539660010196530200  81  870101  810200  75  810101  750200  88 108 122 111 132 150 180 203   0   0    0    00101
0203 166   6 169   5 186  110232 153   7 193  140232      62  670203  620258****////  85  850201  81  3996499653020196490300  78  810201  780300  70  750201  700300  83 104 121 109 132 150 180 203   0   0    0    00201
0204   0   0 108   3 187   60301  32   2 223   90307      55  610301  540359****////  87  850301  79  3596409648030296400359  74  780301  740400  65  700301  650400  79 100 119 106 132 150 180 203   0   0    0    00301
0205 146   4 145   3 155   30401 158   3 181   50405      46  550406  460458****////  87  870401  74  2696329640040196320500  70  740401  700500  61  650401  610500  75  96 117 103 132 150 180 203   0   0    0    00401
0206  76   3  75   4  93   60523  91   4 109   70509      43  480514  420550****////  87  870501  72  2396299632050196280556  68  700501  670555  57  610501  570600  71  93 115 101 132 150 180 203   0   0    0    00501
0207 143   4 137   1 149   50608 136   5 233   70603      43  440638  420622****////  88  870601  73  2596259628060196250658  65  680602  650659  54  570601  540659  67  90 113  98 132 150 180 204   0   0    0    00601
0208   0   0   0   0 360   40750   0   0 359   50701      41  450719  410757****////  88  880701  72  2396279627074596250716  64  650701  640733  53  540701  520744  64  87 112  96 131 150 180 203   0   0    0    00701
0209   0   0   0   0  81   40841 170   1 170   60840      63  630900  420801****////  88  880801  84  4596269628083596260900  76  760900  640801  67  670900  530801  65  85 110  94 130 149 179 202   1   0    0    00801
0210 169   2 141   2 190   50930 214   4 214   70925      97  971000  640901****////  84  841000 101  7196279628091896260901  97  971000  760901 100 1001000  670901  77  86 109  93 126 146 176 199   2  14    0    00901
0211 211  10 187   7 195  131038 155  15 256  181040     115 1151100  971003****////  69  691100  94  6096259628100196251100 118 1181100  981001 131 1311100 1001001  96  93 108  94 123 144 174 197   3  60    0    01001
0212 120   6 173  13 191  131158 105   3 216  261152     117 1251151 1111103****////  66  641152  91  5696129625110196121200 134 1361151 1191101 146 1461200 1311101 116 104 108  97 122 143 173 196   0  36    0    01101
0213 136  13 122  11 229  201213 166  10 307  261207     129 1291259 1201201****////  58  581300  86  4895949612120295941258 149 1531237 1351201 168 1701236 1471201 134 116 110 102 121 143 172 195   2  25    0    01201
0214 149  10 189  11 348  121322  96  12 345  211320     141 1411400 1241311****////  53  531400  85  4795789594130495781351 159 1591400 1421312 181 1811400 1591311 141 125 112 109 121 143 173 196   0  25    0    01301
0215 196   5 233  12 241  191419  98   2 344  341413     146 1521442 1361425****////  50  471446  83  4395699578140195691459 168 1741446 1591419 193 1971444 1821401 155 134 115 115 119 141 171 194   4  59    0    01401
0216 213  11 197  14 216  181517 224   7 322  291516     135 1491504 1351559****////  53  471504  82  4195699570150195671524 138 1691510 1381600 159 1911501 1591600 152 141 119 120 123 144 174 197   0   9    0    01501
0217 115  17 118  16 131  191635 101  15 213  311627     126 1371615 1261659****////  56  511607  82  4195779577170095691604 127 1381613 1271700 142 1581601 1421700 141 140 122 124 124 146 175 199   0   0    0    01601
0218 116  17 118  14 127  201728 113  12 184  301712     121 1261701 1211759****////  55  531720  78  3395859585175895771703 119 1271701 1191800 129 1411701 1291800 132 137 124 125 125 146 176 199   0   0    0    01701
0219   0   0 130   2 141  141806   0   0 195  191803     101 1211801 1011900****////  67  541802  83  4395999599185595851801 105 1191801 1051900 111 1291801 1111900 123 133 125 124 127 147 177 200   0   0    0    01801
0220  98   9  92  11  92  111958 103  10 128  151913      87 1001901  861934****////  74  671901  83  4396169616195996001901  98 1051909  951908 101 1121909 1011951 112 127 126 122 129 148 178 201   0   0    0    01901
0221   0   0 105   4 171  122002   0   0 200  132002      89  932035  872001****////  76  732005  87  4996319631205996162002 100 1022041  982001 101 1032039 1012001 108 122 125 120 129 148 178 201   0   0    0    02001
0222 100   8 103   9 104  112145  90   8 120  162141     100 1002156  842123****////  69  692154  85  4696479647220096312101 101 1012200  972115 101 1012157  982120 104 118 125 118 129 148 177 201   0   0    0    02101
0223  95   1  94   5  94  112245   0   0 129  172239     101 1042246 1002201****////  67  662240  83  4396569656230096472203 100 1022237 1002300  99 1022237  992300 103 116 124 116 129 147 177 200   0   0    0    02201
0300   0   0 277   1 353   42301 242   2 328   62314      94 1002301  942310****////  75  682301  88  5296679667235296562301 102 1022355  982309 102 1020000  982307 102 114 122 114 129 147 177 200   0   0    0    02301
0301 254  13 253  12 258  120057 278  17 278  170100     102 1020055  940019****////  69  690057  86  4896719673004996670001 108 1080100  900059 102 1080058  910057 101 109 114 115 129 147 177 200   0   0    0    00001
0302 281   9 281  11 288  210113 288   7 323  280110     100 1030106  990157****////  71  680108  87  5096689671010196670112 101 1040101 1000115  99 1030101  990155 100 112 121 112 129 147 176 200   0   0    0    00101
0303 293  11 283   8 292  150234 275   7 325  230245      96  990203  960300****////  74  710201  88  5296669668020196650249  98 1010201  910231  95 1060230  880231  99 111 120 111 129 147 177 200   0   0    0    00201
0304 117   5 134   4 280   90306 117   3 306  110303      77  960301  770400****////  82  740301  86  4896659667032296650400  88  980301  880400  83  950301  830400  94 109 119 110 130 148 177 201   0   0    0    00301
0305 168   7 183   7 198   70432 158   6 194  100449      64  760401  640431****////  86  820401  83  4296609666040196600459  80  880401  800500  74  830401  740500  87 106 118 108 131 149 178 202   0   0    0    00401
0306 193   9 187   6 196  130517 194   8 212  170514      62  710520  620557****////  86  860501  81  4096599660050196560543  77  800521  770600  69  740501  690559  82 102 117 106 131 149 178 202   0   0    0    00501
0307 104   2 149   5 199  100606   0   0 208  160632      59  670637  590700****////  87  860601  81  3996629662070096570615  74  770601  740659  65  690601  650658  78  98 116 104 131 149 178 202   0   0    0    00601
0308   0   0   0   0 310  100716   0   0 339  120713      58  650715  560745****////  87  870701  80  3896649664075496610703  72  750717  720754  62  650701  620758  74  95 115 101 130 149 178 203   0   0    0    00701
0309 111   6 106   2 126   50812 103   7 177   80811      71  710900  560814****////  88  870801  89  5296659665090096630812  82  820900  720802  74  740900  620801  74  92 113  99 129 148 178 202   1   0    0    00801
0310 102   6 100   5 106   50906 112   7 112   90958     104 1040959  720901****////  78  781000  98  6796719671095996660901 102 1021000  820901 104 1041000  740901  84  93 112  98 126 146 175 199   2   0    0    00901
0311 276   8 310   7 310   71059 307   9 335  101051     118 1191050 1031002****////  66  651059  91  5796709673102696701058 123 1231100 1031001 135 1351100 1051001 102  99 112  99 123 143 172 196   3  52    0    01001
0312 313   5 286   6 348  121136 233   7 360  181116     136 1361200 1171101****////  57  571200  89  5396619670110196611159 147 1471200 1241101 159 1591200 1361101 123 109 112 101 122 142 171 195   2  22    0    01101
0313  84   7  92  11 240  161217   0   0 352  251223     134 1361217 1301231****////  53  521253  81  4096449661120296441300 146 1501218 1411244 165 1681217 1571239 136 121 113 107 123 143 172 196   0   1    0    01201
0314  66  10  53   9 104  191333  85   3 347  321327     135 1421307 1351359****////  58  461318  90  5496289644130196281400 147 1561343 1441329 169 1811345 1661327 145 129 115 112 122 143 172 196   3  11    0    01301
0315  89  15  88  14  88  161417  76  20 113  281451     128 1351401 1271455****////  62  571405  92  5796189628140196181453 129 1471401 1291459 147 1691401 1471500 139 133 118 117 124 145 174 198   0   0    0    01401
0316 103  18 101  14 110  211509  96  15 135  301529     127 1281501 1261506****////  56  561600  82  4296119618150296111552 126 1291501 1261600 140 1471501 1401600 134 133 121 120 125 145 174 198   0   0    0    01501
0317  95  11 105   8 132  151623  97  12 194  221621     124 1271612 1241654****////  56  491628  81  3996099612160196091659 119 1261601 1191700 130 1401601 1301700 128 132 122 121 126 145 175 199   0   0    0    01601
0318 106   7 104   7 108  121708  99   7 126  181716     121 1241701 1211800****////  56  531734  79  3696129612180096091702 114 1191701 1141800 122 1301701 1221800 123 129 124 121 126 146 175 199   0   0    0    01701
0319 133   6 133   8 133  101850 103   8 149  131843     119 1201801 1101830****////  58  551802  81  3996209620190096121801 110 1141801 1101900 115 1221801 1151900 118 126 124 121 127 146 175 200   0   0    0    01801
0320 108   5 107   4 130   81901 103   5 142  101907     105 1191901 1051958****////  70  581901  89  5396279627195996201901 110 1101947 1091910 114 1151901 1141958 114 124 124 119 127 146 175 200   0   0    0    01901
0321  38  12  28  11  38  142029  49  14 327  212039     111 1132031 1052003****////  58  582100  77  3296329632205996272001 106 1102001 1062100 110 1142001 1102059 111 122 124 118 128 146 175 199   2   0    0    02001
0322  58   9  43  10  51  122101  44  10  56  222157     109 1112101 1092138****////  53  532158  69  1796359635215796322101 104 1062113 1042200 106 1092101 1062200 108 120 124 117 128 146 175 200   0   0    0    02101
0323  47  11  50   9  62  102201  77   8 358  202228     108 1092229 1072249****////  51  502229  66  1196359636222396342201 103 1042206 1032232 104 1062201 1042300 106 117 123 116 128 146 175 200   0   0    0    02201
0400  61   8  51   9  60  112304  45   8 344  302343     105 1092308 1050000****////  53  502304  67  1396329635230196322355 101 1032301 1012351 101 1042301 1012359 103 116 123 114 128 146 175 200   0   0    0    02301
0401  51  13  51  10  58  140038  52  13 356  280031     103 1060003 1030056****////  56  530002  70  1996279632000396270054 100 1010003  990049  99 1010002  990100 101 114 122 113 129 146 175 200   0   0    0    00001
0402  76   5  64   6  95  110105  92   7 130  180105     101 1040101 1000143****////  60  560102  74  2796239627010196230200 100 1000144  990113  99  990125  990159 100 112 121 112 129 146 175 200   0   0    0    00101
0403  87   3  51   5  81   70244 101   2 141  120241      97 1010201  940240****////  64  600201  77  3296189623020196180300 100 1020238  970239  98 1040237  960235  99 111 120 111 129 146 175 200   0   0    0    00201
0404  53   3  41   5  64   70343  62   5 108  130340      97  970309  950332****////  62  620354  75  2896139618030196130348  99 1000301  980353  98  990303  970356  98 110 120 110 129 146 175 200   0   0    0    00301
0405  69   1  67   2  83   40401  56   7 125   70406      94  970401  930444****////  65  620402  77  3296079613040196070500  99  990410  980429  97  980406  970450  97 109 119 109 129 146 175 200   0   0    0    00401
0406 356   1   0   0  59   30508 344   3 344   90516      89  950508  890600****////  71  640507  81  3996039608050696030550  98  990504  980558  96  970509  960558  96 108 118 108 129 146 175 200   0   0    0    00501
0407  15   4 358   5 360   70612  20   3 359  110634      91  920630  890601****////  69  670624  80  3796039604063796020610  98  980602  980657  96  960601  960652  96 108 118 108 129 146 175 200   0   0    0    00601
0408  39  10  37   7 359  100726  72   6 357  140720      94  940759  910701****////  68  680724  80  3896069608073396030709  97  980704  970742  95  960701  950741  95 107 117 107 128 146 175 200   0   0    0    00701
0409  39   9  33   8  38  120838  22   8 356  180835      96  970858  940801****////  68  670842  81  4096139613090096060801  98  980857  970843  96  960859  950802  94 106 117 106 128 146 175 200   0   0    0    00801
0410  51   9  58   7  60  110905  30  11 348  270920      99  990959  960904****////  67  670927  82  4196189618094996120905 100 1030920  960922 100 1010919  890920  95 106 116 106 128 146 175 200   0   0    0    00901
0411  55   8  56  16  60  181042  79  12  92  301041     102 1021100  991001****////  61  611054  76  3096209621103996181016 101 1021033 1001008 104 1041100 1001002  97 106 116 106 127 146 174 199   0   0    0    01001
0412  62  15  68  16  70  201149  79  16 346  321105     105 1051200 1021107****////  57  561154  72  2396149621110596141200 103 1031200 1011112 109 1091200 1041101  99 107 116 106 127 146 175 199   0   0    0    01101
0413  53  23  48  19  48  191300  76  18 343  431216     106 1071214 1051201****////  57  551216  73  2496079615120296071259 106 1061244 1041201 112 1131252 1091201 103 109 116 106 127 145 174 199   2   0    0    01201
0414  56  19  45  18  45  231332  53  15 356  421330     107 1081340 1061301****////  57  561337  73  2596029607130196011357 106 1071345 1051302 114 1151345 1121301 105 110 116 107 127 145 174 199   0   0    0    01301
0415  70  17  64  16  64  181450  53   8 360  301432     106 1071427 1061444****////  58  581401  74  2796009602140295981436 104 1071410 1041457 111 1151411 1111458 105 111 116 108 126 145 174 199   0   0    0    01401
0416 308   4 325   6 360  151501 315   4 358  191532     108 1081556 1061501****////  58  581558  75  2996019601155695981505 107 1071600 1041501 112 1131523 1111501 106 112 116 108 126 145 174 199   0   0    0    01501
0417 311  16 317  14 330  171646 315  14 352  251645     108 1091638 1051626****////  60  581601  78  3496109610165295991608 104 1071603 1031627 106 1121601 1061700 104 112 117 109 126 145 174 199   1   0    0    01601
0418 300   9 299   9 318  141701 323  14 352  181712      91 1081701  911800****////  68  601701  79  3596199619180096101706  91 1041701  911800  91 1061701  911800  99 111 117 109 127 146 175 200   0   0    0    01701
0419 277   7 277   8 303  131807 257  10 324  201804      88  911807  871833****////  75  691801  85  4696359635190096191801  88  911801  881844  83  911801  831900  92 108 116 108 128 147 176 201   0   0    0    01801
0420 320   5 325   6 325   81933 315   3 355  121927      74  881901  741926****////  81  751901  83  4496499649195996351901  84  881901  841958  78  831901  782000  87 104 116 106 128 147 176 201   0   0    0    01901
0421 314   6 316   9 331  112033 339   7 350  162031      73  742005  702048****////  83  812001  85  4696639663205996492001  82  842001  812030  74  782001  742059  83 101 115 104 128 147 176 201   1   0    0    02001
0422   0   0 352   1 359   92101   0   0 357  132108      60  732110  602200****////  84  832101  79  3596729672215996632101  75  822101  752200  67  742101  672200  79  98 114 102 129 148 176 201   0   0    0    02101
0423 246   4 262   3 322   42243 235   3 355   72237      51  592201  512258****////  86  842201  76  3096809681225296732201  70  752201  702300  61  662201  612300  74  95 113 100 129 148 177 202   0   0    0    02201
0500 279   3 239   4 256   92318 292   4 300  122313      52  562347  472316****////  87  862301  77  3296889688000096802301  68  702301  682358  57  602301  570000  70  91 112  98 129 148 177 202   0   0    0    02301
0501 191   9 182   6 285   60009 193  10 305  100024      47  540007  440054****////  87  870001  74  2796969696010096890007  64  680005  640100  52  560002  520100  66  88 110  95 129 148 177 202   0   0    0    00001
0502 281   4 296   6 330   80120 270   3 355  120115      43  510126  420149****////  88  870101  73  2596989699015196960101  61  640101  610159  48  520101  480200  62  85 109  93 129 148 177 202   0   0    0    00101
0503 277  13 262  13 269  160254 276  17 304  270246      52  550248  410207****////  88  880201  78  3497049704024896980201  66  660300  600230  52  520300  470236  59  82 107  91 128 148 177 202   0   0    0    00201
0504 233   5 262   8 288  130301 219   5 327  210302      49  520301  490339****////  88  880301  76  3197039705032897030346  72  720357  660301  62  620400  520301  63  81 106  89 127 147 176 201   1   0    0    00301
0505 152   5 172   7 181  130451 181   7 191  150442      45  490401  450453****////  88  880401  74  2797049705043497040459  69  730428  690500  61  650431  600459  65  81 104  88 126 147 176 201   0   0    0    00401
0506 172   4 181   6 186  100539 164   3 242  130535      44  450501  380537****////  89  880501  74  2797019704050197000553  68  690501  640541  59  600501  550539  63  81 103  87 126 148 176 202   1   0    0    00501
0507 357   3 349   2 360   60601 359   3 359   60607      39  450604  390648****////  89  890601  72  2397019702060696990644  66  690610  660656  56  600607  560656  62  80 102  87 126 148 176 202   0   0    0    00601
0508 333   5 327   5 337   70751 335   6 358  100750      33  390701  330750****////  89  890701  69  1797029703071397010701  65  660704  650751  56  560702  560749  61  79 101  86 125 148 176 202   0   0    0    00701
0509 342   7 350   5 350   80814 329   4 355  100807      43  430900  330801****////  89  890801  74  2696999702080196990834  69  690856  650801  63  630900  560801  62  79 101  85 124 147 176 201   0   0    0    00801
0510 215  11 193   5 360   60903 201   9 201  130958      77  790958  440901****////  89  890901  93  6096999699090396980930  87  871000  690901  96  961000  640901  72  81 101  85 120 143 172 197   3  42    0    00901
0511 286  15 274  15 279  151056 305  10 305  251054     104 1041100  751002****////  66  661100  83  4396919699100796911100 108 1081100  871001 128 1281100  961001  92  87 101  86 117 141 170 195   3  60    0    01001
0512 143   9 166  13 296  191108   1   2 356  251115     122 1241146 1041104****////  57  561147  81  3996779691110196771200 134 1341200 1081101 144 1441200 1291101 117  99 101  91 115 139 168 193   3  60    0    01101
0513 181  32 178  23 179  231259 176  18 192  301252     131 1331252 1221201****////  53  521253  80  3796599677120196591300 153 1551252 1351201 174 1741300 1451201 137 113 103  97 115 139 168 193   2  60    0    01201
0514 170  28 169  27 201  271308 181  35 190  491356     143 1441355 1301302****////  47  461350  77  3296419659130196411359 158 1601336 1531302 186 1861353 1741302 147 125 106 105 114 139 168 193   1  59    0    01301
0515 189  23 179  23 215  291405 193  21 252  431430     148 1511454 1421401****////  48  471413  81  3996289641140196281500 158 1601454 1561425 182 1881422 1821458 152 133 110 112 115 140 169 194   0  60    0    01401
0516 184  14 178  15 235  281513 195  17 271  381510     151 1531505 1471523****////  47  441554  81  3996199629150196191600 151 1591505 1511600 163 1811501 1631600 152 139 114 117 116 140 169 195   0  60    0    01501
0517 172  14 189  12 209  231610 188  11 253  321608     143 1521601 1431659****////  49  461602  80  3796159619160196151656 130 1501601 1301700 140 1621601 1401700 141 139 118 121 118 142 170 196   0  53    0    01601
0518   0   0   0   0 192  151714   0   0 206  201706     110 1431701 1101800****////  66  481712  87  4996179617173896151701 111 1301701 1111800 119 1401701 1191800 129 135 120 122 121 144 173 198   0   0    0    01701
0519 151   5 165   4 184   61826 141   5 203   91821      79 1091801  791900****////  79  661801  84  4596249624185996161805  97 1101801  971900 101 1181801 1011900 116 129 121 121 123 145 175 200   0   0    0    01801
0520 176  13 157   9 157  121941 182  14 182  161938     106 1131942  761922****////  60  561941  77  3296329632195696241901  98  991951  931928  98 1011901  961929 107 122 122 118 124 145 174 200   0   0    0    01901
0521 119   1 107   2 172  122004   0   0 228  162001      80 1102007  802100****////  72  562012  77  3396339634202196312002  89  982001  892100  88  982001  882100 100 117 121 116 125 145 175 200   0   0    0    02001
0522   0   0   0   0 360   42136   6   1 357   62129      63  802101  632159****////  81  722101  77  3396299634213296292159  81  882101  812200  79  872101  792200  93 112 120 112 126 146 175 201   0   0    0    02101
0523   6   3   0   0 337   82249  18   4 347  112244      58  642217  582259****////  83  812201  76  3196249629220596242258  78  812201  782300  73  792201  732300  87 107 118 109 126 146 176 201   0   0    0    02201
0600 207   4 211   5 356   72335 192   3 354   92331      49  592316  492358****////  84  832301  73  2496239626230896232341  74  782301  732354  68  732301  682355  81 102 117 106 127 146 176 201   0   0    0    02301
0601   0   0 290   1 348   40001   0   0 355   50022      48  520009  480046****////  85  840001  73  2596169624000296160100  70  740008  700059  63  680002  630100  77  98 115 103 127 146 176 202   0   0    0    00001
0602 333   4 330   3 353   50136 342   2 353   80130      47  500114  430148****////  86  850101  73  2696069616010196050149  68  700101  680157  60  630101  590157  72  94 113 100 127 146 176 202   0   0    0    00101
0603   0   0   0   0 355   30201   0   0 203   50222      44  500204  420226****////  86  860201  72  2395999606020595990300  67  690207  660248  58  590201  570240  69  91 111  98 127 146 176 202   0   0    0    00201
0604  41   6  35   4 188   80327  45   5 342  100320      46  460400  420316****////  87  860301  74  2695959600031895940355  68  680400  650346  58  580400  550345  66  88 110  95 126 146 176 202   0   0    0    00301
0605   0   0   0   0 274   70408   0   0 352  110407      61  610459  470401****////  87  870401  82  4195889595040395880500  77  770500  680401  69  690500  580401  69  86 108  93 125 145 175 201   0   0    0    00401
0606  30   2   2   2 356   30509  71   1 354   60556      67  670554  610502****////  85  850538  83  4495889590055795860522  79  790556  770501  73  730600  690501  72  86 107  92 124 145 174 200   0   0    0    00501
0607 288   8 294   5 295   50644 312   8 312   80700      72  730656  670601****////  84  830659  85  4795949594070095860608  81  810700  790601  75  750700  730601  74  87 106  91 124 144 174 200   0   0    0    00601
0608 300   4 325   5 332   80730 302   3 353  100723      77  780743  720701****////  81  810723  85  4796029603075995930702  83  830800  810703  78  780800  760701  76  88 105  91 123 144 174 200   0   0    0    00701
0609  52   9  39   9  60  120840 134   6 356  210832      88  880900  770801****////  73  730843  83  4296139614085796020802  86  860900  830801  84  840900  780801  78  89 105  91 123 144 174 200   0   0    0    00801
0610  50  11  52  12  54  150948 125  11 343  260943      96  961000  890901****////  70  700936  84  4496279627100096130901  92  990945  860901  94  940946  840901  83  91 104  92 121 143 173 199   0   0    0    00901
0611  23  12  35  16  72  171017  17   8 355  271018     105 1051057  961001****////  66  651058  84  4496329632102896271002 102 1021059  921001 110 1101058  941001  90  94 104  93 120 143 172 198   0   0    0    01001
0612  38  12  25  14 357  151101  43  15  68  251154     116 1171139 1051102****////  60  601200  82  4196249631110196241157 116 1171142 1011101 130 1301200 1091101 102  99 105  95 119 141 171 197   1   0    0    01101
0613  41   1   8   6 359  161209   0   0 360  221202     125 1271256 1141209****////  56  551257  81  4096119623120196111254 132 1331258 1161201 150 1521257 1311201 116 106 106  98 118 140 170 196   2   1    0    01201
0614 228  13 217  13 277  141314 223  11 312  231309     126 1321305 1251347****////  56  541306  82  4195989610130195981357 131 1381306 1301357 150 1561304 1481356 126 114 107 102 118 140 170 196   0   0    0    01301
0615 258  15 248  18 248  191459 232  10 290  251450     126 1311435 1261454****////  59  541411  86  4895889598140295871453 131 1351411 1301454 148 1521410 1481459 130 120 109 106 118 141 170 197   1   0    0    01401
0616 258  16 253  16 257  181542 236  13 310  291547     123 1281509 1231558****////  61  581503  87  5095859588150195821536 125 1321506 1251556 141 1491505 1401557 129 123 112 110 119 141 171 197   0   0    0    01501
0617 236  22 244  18 253  211646 252  12 308  301643     117 1241612 1171700****////  61  601619  84  4495859585165595831613 116 1261601 1161700 128 1411601 1281700 124 124 114 112 120 142 171 198   0   0    0    01601
0618 266  12 269  13 273  201716 250   7 340  291709     112 1171702 1121757****////  67  601709  89  5395909590180095851701 108 1151701 1081800 116 1271701 1161800 117 123 116 113 120 142 172 198   0   0    0    01701
0619 300   7 280  10 280  141805 354   5 354  251816     104 1121801 1041900****////  68  661835  86  4896009600185995901803 100 1081801 1001900 103 1151801 1031900 110 120 117 113 121 143 172 199   0   0    0    01801
0620 255   6 263   6 335   91901 286   4 341  121902      76 1041901  751950****////  82  681901  86  4796069606195995991910  88 1031908  882000  88 1021901  882000 101 115 117 112 123 145 173 200   0   0    0    01901
0621 239   2 208   2 266   62001 251   1 254   82020      66  762001  662059****////  84  822001  82  4196159615210096062004  82  882001  822100  80  882001  802100  93 110 116 110 124 144 174 201   0   0    0    02001
0622  11   2  46   4 184   72114  45   1 355  152108      62  672116  622156****////  85  842101  81  3996199619215996122107  78  822101  782200  73  802101  732200  86 105 116 107 125 145 174 201   0   0    0    02101
0623  73   3 110   2 351   52217  75   2 358  102238      56  622206  552257****////  86  852201  78  3496239624224696162208  74  782201  742300  67  732201  672300  81 101 114 104 125 145 175 201   0   0    0    02201
0700   0   0 166   2 285   52319   0   0 228  112318      50  552301  502354****////  87  862301  76  3096319631000096242326  71  742301  710000  63  672302  630000  76  97 113 102 125 145 175 201   0   0    0    02301
0701 159   1 180   3 270   50029   0   0 354   60023      47  560029  470058****////  87  870001  74  2796329633004496300018  68  710003  680059  59  630001  590100  72  93 111  99 125 145 175 201   1   0    0    00001
0702 357   3 316   2 316   30101 354   3 355   50122      57  570159  470101****////  88  870101  81  3996399640014596320107  74  740200  670130  65  650200  580129  70  90 110  96 125 145 175 201   0   0    0    00101
0703 288   7 303   5 304   70227 295   7 358   90225      55  600216  550300****////  88  880201  79  3796389639024996370227  70  750209  700259  61  670209  600256  69  88 108  94 125 144 174 201   0   0    0    00201
0704 287   7 282  10 284  130352 283  10 302  180355      73  730359  540301****////  88  880301  90  5496409641033396380313  80  800400  700301  72  720400  610302  71  87 107  93 124 144 174 200   1   0    0    00301
0705 287  12 304  12 319  130419 257  10 359  170413      73  770420  730458****////  84  840425  86  4896389640040196380500  81  820447  800401  75  750500  720401  74  88 106  92 123 143 173 200   0   0    0    00401
0706 290  12 287   9 316  150508 256   9 336  210504      72  730509  720531****////  81  810558  82  4296409640060096370521  82  820556  810516  77  770558  750501  76  88 105  91 122 143 173 200   0   0    0    00501
0707 307   4 290   2 290  100601 304   2 321  130632      72  720603  710614****////  81  810601  82  4296459645065996390604  82  820658  810617  78  780657  770601  76  89 104  91 122 143 173 200   0   0    0    00601
0708 207   7 200   6 249   70734 205   7 308  110716      74  750739  720702****////  81  800728  83  4496499649075696450701  83  830800  820701  79  790759  780701  77  89 104  91 122 143 173 199   0   0    0    00701
0709 201   8 182  10 182  110853 218  10 218  130850      77  770857  740801****////  81  810801  85  4796539653090096480808  85  850900  830801  81  810900  790802  78  90 104  91 121 143 173 199   0   0    0    00801
0710 177  11 179  10 180  110948 180  10 278  140913      82  820955  770903****////  80  790916  87  5096609660095896530901  88  881000  850901  87  871000  820901  81  90 104  92 121 143 172 199   0   0    0    00901
0711 179  10 178  10 192  151038 178  12 207  171038      84  841049  821001****////  80  791006  88  5296629664104696601001  92  921100  891001  93  931100  871001  84  92 103  92 120 142 172 199   0   0    0    01001
0712 182   5 183   8 185  111101 149   4 207  141143      91  911200  841101****////  77  771156  89  5396529662110196521200  99 1011132  921131 103 1031131  931101  89  94 104  93 119 142 171 198   0   0    0    01101
0713 181  11 197   9 201   91259 167   9 185  131259      98  981258  921201****////  73  731247  88  5296409652120196401300 101 1021249  991201 106 1071258 1031201  94  97 104  94 119 141 171 198   0   0    0    01201
0714 177  16 177  16 177  161400 174  13 189  191355      95  981301  941352****////  76  731304  90  5596299640130196291400 101 1021354 1001342 107 1071400 1061328  96 100 104  96 118 141 171 199   1   0    0    01301
0715 110   5  98   4 183  161401 132   5 209  141401     103 1041453  951401****////  70  701451  88  5196199629140196191458 107 1071500 1011401 113 1131500 1071401  99 102 105  97 118 141 171 198   0   0    0    01401
0716 109   9 125   6 161   81510 110   9 166  111547     110 1111543 1031501****////  66  661532  87  4996169619150196151556 109 1101532 1071501 116 1161532 1131501 103 104 106  99 118 141 170 197   1   0    0    01501
0717 118   9 119  11 120  121648 121  11 142  161647     110 1111616 1101604****////  66  651611  87  4996179617165796151620 105 1091601 1051700 111 1161601 1111700 104 106 107 100 118 141 171 197   0   0    0    01601
0718 333   3   0   0 149  111701 333   3 337  131707     102 1101704 1021757****////  75  661702  93  6096219621175996171701 101 1051701 1011800 104 1111701 1041800 101 107 108 101 119 141 171 198   0   0    0    01701
0719 189   1   0   0 360   31807 192   2 358   51818      95 1021801  951854****////  79  751801  94  6096299629190096211806  98 1011801  981859 100 1041801 1001859  99 106 109 102 119 141 171 198   0   0    0    01801
0720 282   1 244   4 244  141947   0   0 296  151941     101 1011951  941905****////  74  742000  91  5796389639195996291901  98 1021920  891922  99 1121922  931921  97 106 109 102 119 141 171 198   0   0    0    01901
0721 244   8 237   5 254   82011 229   9 289  122035     100 1032035  992010****////  74  732033  91  5696469646205796382003  98 1132059  822053  97 1062057  782051  91  99 112 105 120 141 171 199   0   0    0    02001
0722 282   8 292   7 293  112127 270   5 326  152122     102 1032108 1012101****////  73  722107  91  5696509650215996462101  96 1112110  902105  96 1122101  892109  95 104 109 101 120 141 171 198   0   0    0    02101
0723 252   2 304   3 329   92228 232   2 344  132222      97 1022201  972300****////  77  732201  93  5996509652223596502201  96  982257  952254  96  972203  952257  90 104 111 102 120 141 171 198   0   0    0    02201
0800  74   5  67   3 358   82317  85   5 358   82308      93  972301  932344****////  80  772301  94  6096509653232396502301  96  992305  882304  95 1032306  832305  93 103 109 101 120 141 171 198   0   0    0    02301
0801   0   0 151   3 177   40001   0   0 204   60044      91  930001  900032****////  82  800001  95  6296509652000996490023  95  960007  950052  94  950006  940058  93 102 109 101 120 141 171 198   0   0    0    00001
0802 276   1 272   3 272   50130 220   1 302   70126      92  930113  900101****////  82  810115  95  6396509652012796490142  95  950101  950141  94  940102  930150  92 102 109 100 120 141 171 198   0   0    0    00101
0803   0   0   0   0 221   30207   0   0 222   60205      89  920201  890255****////  83  820201  95  6296489650020196460252  94  950201  940249  93  940201  930257  91 101 109 100 120 141 171 198   0   0    0    00201
0804 195   2 203   3 229   50325   0   0 267   80319      88  890301  870320****////  84  830301  95  6296459648030196440320  94  940301  940358  92  930301  920353  91 101 109 100 120 141 171 198   0   0    0    00301
0805 289   4 260   5 307   80421 305   5 308  100418      88  900423  880407****////  84  820430  95  6296429646041196420457  94  940428  940500  92  920401  920459  90 101 109 100 120 141 171 198   0   0    0    00401
0806   0   0   0   0 318   50501   0   0 208   70515      89  890548  870517****////  83  830546  95  6296409642050196380543  94  940506  930557  92  920503  910554  90 100 109  99 120 141 171 198   0   0    0    00501
0807   0   0  96   2 152   40654   0   0 192   60649      87  890601  870650****////  84  830601  94  6296439643064796390604  93  940602  930659  91  920601  910657  90 100 108  99 120 141 171 198   0   0    0    00601
0808   0   0   0   0 189   50748   0   0 217   70731      86  870701  860713****////  85  840701  95  6296449647073596420702  93  930709  930723  91  910709  910741  89 100 108  99 120 141 171 198   0   0    0    00701
0809 165   2 169   2 202   30817 186   1 229   50839      91  910855  860802****////  83  830859  96  6496509650090096440812  95  950859  930801  93  930859  910803  90  99 108  99 120 141 171 198   0   0    0    00801
0810 203   2 192   1 360   30937 214   1 355   40934      98  980958  910901****////  81  811000  98  6796519651090296490913 100 1001000  890940  99  990941  890940  92 100 108  98 120 140 170 198   0   0    0    00901
0811 224   4 197   7 197   81053 201   2 233  121050     103 1041050  981001****////  77  761045  96  6496539655103196501003 102 1021052 1001001 104 1041052  991002  95 101 108  99 119 140 170 198   0   0    0    01001
0812 128   8 120   6 214   61101 124   4 132   91151     108 1101148 1031101****////  73  721154  94  6296419653110996411159 110 1101200 1021101 115 1151200 1041101  99 103 108  99 119 139 170 197   0   0    0    01101
0813 177  13 172  14 172  141300  93   7 199  191252     116 1171253 1081201****////  69  681248  94  6196229641120196221259 122 1231256 1101203 132 1331257 1151201 107 106 109 101 118 138 169 196   0   0    0    01201
0814 226   8 196   6 196  141301 220  11 297  181323     129 1301357 1171302****////  61  591357  91  5696089622130196071356 129 1331345 1211302 142 1461345 1331301 118 111 109 103 117 138 168 195   2   0    0    01301
0815 179   6 134   6 178  141437 218  11 218  201431     129 1301417 1261440****////  55  521449  82  4195989608140195981459 123 1291401 1221453 135 1411401 1351454 120 116 110 106 118 138 168 196   0   0    0    01401
0816  96  12 100  13 114  171549  92  16 157  251548     126 1301504 1261532****////  54  531545  79  3595959598151295941545 118 1231501 1181554 128 1341501 1281600 118 118 112 108 118 139 169 196   0   0    0    01501
0817 126  10 130   9 134  181628 213   7 213  251623     122 1261601 1221700****////  59  551601  84  4495969596170095941621 114 1181614 1141700 121 1281601 1211700 116 119 113 110 119 139 169 196   0   0    0    01601
0818 174  13 159  10 177  141752 153  16 235  191745     115 1221701 1151800****////  62  591701  84  4596029602175795961701 108 1141701 1081800 113 1211701 1131800 112 118 114 110 119 139 170 197   0   0    0    01701
0819 113   8 120   7 167  121807 121   9 196  211816     113 1161802 1131831****////  62  611837  83  4396109610185796031801 106 1081801 1061900 109 1131801 1091900 108 116 115 110 120 139 170 197   0   0    0    01801
0820 184   7 171   8 171   91958 186   9 234  151949     109 1131901 1071943****////  65  621901  85  4696209620195896101901 104 1061901 1041958 106 1091901 1061958 105 114 115 110 121 139 170 197   0   0    0    01901
0821 102   2 145   3 182   92002  98   5 196  122027     103 1092018 1032100****////  68  642016  85  4796239623205496192017 103 1042001 1032059 104 1062001 1042059 103 112 115 109 121 140 170 197   0   0    0    02001
0822   0   0   0   0 117   42112   0   0 118   92109      96 1042101  962152****////  76  682101  91  5696239624215096222137 102 1032101 1012159 102 1042102 1022159 101 112 115 108 121 140 170 198   0   0    0    02101
0823   0   0   0   0 327   12220   0   0 333   22212      94  962210  932257****////  79  762201  93  5996259627224396242201 101 1092256  912249  97 1172251  952259  99 104 115 109 121 140 170 198   1   0    0    02201
0900   0   0   0   0 358   22320   0   0  42   42320      94  962324  942359****////  80  792301  94  6196269627231596262301  99 1042346  982357 100 1042306  972302  97 109 115 107 122 140 170 198   0   0    0    02301
0901 283   4 300   2 307   30020 289   3 289   50058      93  940011  930003****////  81  800001  95  6296239626000296220050 100 1020025  990005 100 1040002  960008  98 108 114 106 122 140 170 198   0   0    0    00001
0902 305   1   0   0 360   30104   0   0 358   40104      93  940118  920103****////  81  810101  95  6296219623010496200139 100 1010101 1000150  99 1000106  990200  98 107 114 106 122 140 170 198   0   0    0    00101
0903 309   3 309   4 330   40237 323   4 344   50234      94  940221  930205****////  81  810201  95  6396189621020196180259 100 1000238  990235  99 1000206  990239  97 107 114 105 122 140 170 198   0   0    0    00201
0904   0   0   0   0 340   40301   0   0 347   50301      93  940314  930354****////  82  810301  96  6496149618031196140400  99 1000325  990359  98  990312  980400  96 106 113 104 122 140 170 198   0   0    0    00301
0905   0   0 177   1 177   20419 208   2 208   50420      91  930401  910455****////  83  820401  96  6496099614040196080456  99 1000403  990500  97  980402  970458  96 106 113 104 122 140 170 198   0   0    0    00401
0906   0   0   0   0 326   30515   0   0 347   40510      91  920513  900537****////  84  830501  97  6596089609051696080532  98  990515  980534  97  970506  970600  95 105 113 104 122 140 170 198   0   0    0    00501
0907   0   0   0   0   0   00601   0   0   0   00601      91  920616  910653****////  84  830616  97  6596149614065996080601  98  980602  980657  96  970615  960657  95 105 112 104 122 140 170 198   0   0    0    00601
0908   0   0   0   0   0   00701   0   0   0   00701      89  910701  880758****////  85  840701  97  6596219621080096140701  97  980701  970800  95  960701  950800  94 104 112 103 122 140 170 198   0   0    0    00701
0909   0   0   0   0 206   20820   0   0 310   40816      91  910847  880803****////  84  840848  97  6596249624090096210801  98  980900  970808  97  970900  950807  94 104 112 103 122 140 170 198   0   0    0    00801
0910 295   5 287   4 306   40934 305   3 305   70955      98  980959  910901****////  81  810958  98  6796269626095996240907 102 1040937  940936 102 1020959  950936  95 104 111 103 121 139 169 197   0   0    0    00901
0911 322   3 320   3 342   51001 336   3 344   61001     104 1041056  981001****////  75  751054  95  6296269627100396261048 106 1061100 1021006 108 1081100 1011001  98 105 111 103 121 139 169 197   1   0    0    01001
0912 344   6 306   4 353   61147 331   7 334   91147     110 1101154 1051101****////  72  721157  94  6296189626110496181157 112 1121200 1061101 117 1171200 1081101 102 106 111 103 121 139 169 196   0   0    0    01101
0913 323   5 316   4 316   71219 298   3 326   91243     115 1171241 1101201****////  69  691235  94  6096039618120196031300 120 1201257 1121204 128 1281300 1181204 109 109 112 104 120 138 168 196   0   0    0    01201
0914 141   3 203   4 280   81329 124   5 323  121321     124 1241400 1151305****////  66  651351  95  6295879602130195871400 129 1311346 1191304 140 1411346 1281301 118 114 112 106 119 137 167 195   1   0    0    01301
0915  16   2  48   4 198   91408 310   2 323  141401     123 1241401 1211407****////  65  651424  93  5995799588140495791500 123 1291401 1231500 134 1401401 1341441 121 118 113 108 120 138 167 195   0   0    0    01401
0916 195   6 195   1 235   71546 188   6 228  101540     123 1251508 1221548****////  66  641512  94  6195789579155695771515 119 1241507 1191549 128 1341501 1281600 119 120 114 110 120 138 168 196   0   0    0    01501
0917 274   6 265   5 275  141623 272  10 289  201618     115 1231601 1151634****////  71  661613  96  6495849584170095781601 113 1191601 1131658 119 1271601 1191700 116 120 115 112 121 138 168 196   0   0    0    01601
0918 323   8 318  10 328  111754 310   7 350  151730     112 1151701 1121754****////  72  701701  96  6395889588180095841701 110 1131702 1101800 114 1191701 1141800 112 119 116 112 121 139 168 196   0   0    0    01701
0919 333   9 326   6 355  101801 314   8 330  121858     109 1121801 1091855****////  74  721801  96  6595939593185995881806 109 1101801 1091900 112 1141801 1121900 110 117 117 112 122 139 169 197   0   0    0    01801
0920 179   8 158   6 326   61901 172   5 213   91953     109 1101957 1051928****////  72  711955  94  6196019601200095921902 108 1091901 1081958 110 1121901 1101957 108 116 117 111 122 139 169 197   0   0    0    01901
0921 111   6 124   6 128   82029  99   5 171  112028     109 1102007 1092001****////  71  672021  93  5996059605205796012001 106 1082001 1062100 108 1102003 1082100 106 115 117 111 122 139 169 197   0   0    0    02001
0922 107   7 109   7 109  132132 112   7 145  172125     107 1092101 1062110****////  72  712101  93  5996099609215996062101 106 1072116 1062146 107 1082106 1072158 105 114 117 110 122 139 168 197   1   0    0    02101
0923 105   7 101   8 110   82209 119   8 130  112220     106 1072201 1062238****////  70  692244  89  5496129612230096092201 105 1062204 1052300 105 1072201 1052300 104 113 117 110 122 139 169 197   0   0    0    02201
1000 333   2 342   2 357   82301   0   0 345  122303     100 1062308 1000000****////  75  692315  92  5896139613000096112338 104 1052301 1042359 104 1052301 1040000 102 112 116 109 123 139 169 197   0   0    0    02301
1001 112   2 138   3 355   30013  98   3 195   50054      94 1000001  940059****////  79  760001  93  5996109614000796090056 102 1040001 1020100 102 1040001 1020100 101 111 116 109 123 139 169 197   0   0    0    00001
1002   0   0 101   2 115   60116   0   0 133   70110      94  960115  940156****////  82  790101  97  6596059610010196040157  99 1170153  940154  98 1160151  820153 108 119 113 106 123 139 169 197   0   0    0    00101
1003  33   8  18   4  18   40259  27   8  54  110259      94  950216  930241****////  81  810213  95  6396039605020596020243 102 1040216  980204 100 1030205  990213  99 109 115 108 123 139 169 197   0   0    0    00201
1004  21   6  32   6  34   60357  44   7  44  130359      96  970326  940301****////  77  770316  92  5896019604030196010354 101 1020303 1010342 100 1010302  990359  99 108 115 107 123 139 169 197   0   0    0    00301
1005 330   9 324   6 359   90408 314  10 358  120401      92  970411  920458****////  81  760403  94  6196019601040196000442 100 1010428  990433  99 1000439  970436  98 108 115 106 123 139 169 197   0   0    0    00401
1006 346  14 355   9 360  120543 333  24 333  240600      91  930509  910600****////  80  770543  92  5896089608055796000516  99 1000503  980549  98  990516  980600  97 107 114 106 123 139 169 197   0   0    0    00501
1007  40   2  68   6 360  130604  23   1 360  210601      85  910601  850700****////  84  800601  93  6096069607060196010636  97  990601  970619  96  990601  960700  96 107 114 105 124 140 169 197   0   0    0    00601
1008  14   8  16  10  27  140754 354   5 358  240747      89  900759  850702****////  82  820750  93  6096189618075996060701  97  980731  970757  97  970759  960709  95 106 114 105 123 139 169 197   0   0    0    00701
1009  20  10  39   7  69  120806  33   4 360  240803      91  910841  890801****////  83  820801  96  6496269626085996180801  99  990856  970807  99  990900  970807  95 105 113 104 123 139 169 197   0   0    0    00801
1010  26   3  20   4  32   90905  14   7 360  140918      93  930942  910901****////  83  820904  97  6696379637100096260901 101 1040955  890956 101 1140955  850956  97 104 113 103 123 139 169 197   0   0    0    00901
1011 331   4 329   5 357   91010 340   4 359  121003      96  971053  931002****////  83  821004  99  6996429642110096371002 104 1041100 1001010 107 1071100 1001005  98 106 113 104 122 139 168 197   0   0    0    01001
1012 350  10 339   8 350  111125  13  11 359  151140     103 1031154  961103****////  78  781158  98  6696389642112496381200 111 1111159 1041101 119 1191200 1071101 103 107 113 104 122 139 168 196   0   0    0    01101
1013 285  10 307   7 360   91201 261   6 360  121244     108 1101242 1031201****////  76  741251  98  6796279638120196271300 115 1181251 1101202 125 1291249 1201201 111 111 113 105 121 138 167 195   1   0    0    01201
1014  16   7   9   9 359  111326  17  17  17  171400     115 1151400 1071310****////  72  711357  98  6696189627130196181359 122 1221353 1151301 138 1381400 1251301 116 114 113 107 121 138 167 195   0   0    0    01301
1015 322   6   8   7 358  111403 352   2 356  191411     120 1221451 1141403****////  65  641456  91  5696149618140196131447 126 1281447 1211404 143 1461449 1381401 124 119 114 109 121 137 166 195   2   0    0    01401
1016 333   5 327   4 360   81504 248   4 348  141556     125 1291556 1191504****////  60  601557  87  5096159616155296131514 128 1351535 1251521 142 1481534 1411520 127 123 116 112 120 136 165 194   2  12    0    01501
1017 187   8 200   8 200   81700 177   9 202  151656     123 1301644 1231659****////  65  591644  93  5996199619170096151601 120 1281601 1201700 128 1411601 1281700 124 125 116 114 121 137 166 195   0   0    0    01601
1018 263  11 247  10 247  131714 247  12 274  161714     105 1221701 1011755****////  74  641706  94  6196229622175696191702 105 1211701 1051800 108 1271702 1081800 116 123 118 115 123 139 168 197   0   0    0    01701
1019 245   6 263   7 270  121849 245   7 292  191841      96 1071804  931831****////  79  731808  94  6196309630190096221807  96 1061810  961900  95 1121808  951900 106 119 119 114 124 140 169 198   0   0    0    01801
1020 253   8 265   5 280  101908 272   5 303  171901      85  981907  851958****////  82  791910  91  5696359635195996301901  92  971922  922000  88  951901  882000  99 114 119 113 124 140 169 198   0   0    0    01901
1021 200   5 191   5 191   72050 199   5 208   92047      70  842001  672050****////  86  822001  86  4896409640204896352001  84  922001  842100  79  872001  782057  92 110 118 110 125 141 170 199   0   0    0    02001
1022 167   4 170   5 195  122147 163   3 225  182141      70  732127  692158****////  87  862101  87  5096439644214996402107  81  842101  812200  73  782101  732200  86 105 117 108 126 141 170 199   0   0    0    02101
1023 182   7 188  10 193  162246 200   6 203  182240      74  752248  642224****////  88  872201  91  5596459646223396432205  82  822255  792226  71  732201  702254  81 101 116 105 125 141 170 198   0   0    0    02201
1100 135   2 158   2 296   92301 181   1 324   92305      58  742301  582357****////  88  882301  81  4096439646230696432355  75  822301  750000  65  712302  650000  77  98 114 102 126 141 171 199   0   0    0    02301
1101 160   4 170   8 187  160043 198   4 232  180043      68  680048  550022****////  88  880001  87  5096409643000596390059  81  810100  730026  71  710100  630030  75  94 113 100 125 141 169 198   0   0    0    00001
1102   0   0  31   6 167   80101 267   1 267  110154      68  680152  660139****////  89  880101  88  5196339639010196320152  84  840154  810101  75  750159  710101  77  93 111  98 124 140 169 198   2   0    0    00101
1103 303  10 288   8 288   80300 307   9 353  100231      68  680300  640224****////  89  890201  88  5196299634020596290258  84  840201  800224  76  760259  720223  77  92 110  96 125 141 169 199   0   0    0    00201
1104 318   8 308   6 317  140318 308  11 357  220309      72  720400  680301****////  89  890301  90  5596289629032496260353  86  860359  840302  79  790359  760301  78  92 109  96 124 140 169 198   0   0    0    00301
1105   0   0 328   3 335  120429   0   0 357  190427      71  720401  700424****////  89  890401  90  5496239628041396230500  86  860425  860412  80  810448  790401  80  92 108  95 123 140 169 197   0   0    0    00401
1106   0   0 234   2 265   40523   0   0 232   50520      69  710501  690539****////  89  890501  88  5296239624055896210525  85  860501  850557  79  800501  790549  80  93 107  95 123 140 169 198   0   0    0    00501
1107   0   0   0   0 254   10601   0   0 212   30608      71  710617  690601****////  89  890601  90  5496289628070096230601  85  850609  840637  79  790607  790639  79  92 106  94 123 140 169 197   0   0    0    00601
1108 314   3 331   5 341   50754 312   4 348   70752      72  720748  710701****////  89  890701  90  5596369636075996280701  85  850800  840728  80  800800  790712  79  92 106  94 122 140 169 197   0   0    0    00701
1109 314   7 314   8 314   90852 302   9 336  110851      80  800900  720804****////  89  890801  95  6396439643090096370801  90  900900  850802  86  860900  800802  81  92 106  94 121 140 168 197   0   0    0    00801
1110   9   6  20   7 359  110909  30  10 360  130901      82  820956  790901****////  89  890901  97  6596499650094196440905  91  911000  900901  89  891000  860901  84  93 105  94 121 139 168 197   0   0    0    00901
1111   7   3  33   4  89   81001   4   1 338  121050      88  881100  821001****////  87  871054  98  6896539654105696481003  99 1001054  911001 102 1021053  891001  88  94 105  94 120 139 167 196   0   0    0    01001
1112 120  11 120   8 120   91149 109   9 110  171159     100 1011155  891101****////  79  791142  97  6596469654110596461200 110 1111154  991101 118 1181153 1021101  97  98 106  95 119 138 166 195   1   0    0    01101
1113  86  10 112   9 133  141244  61  10 202  211243     108 1081255 1001201****////  73  731300  94  6296329646120196321300 116 1161231 1111201 128 1281300 1191201 106 103 106  97 118 138 166 195   1   0    0    01201
1114  77   6  89   8 123  131328  43   4 159  201325     110 1121334 1071304****////  68  681400  89  5396229633130196221400 114 1191341 1141400 128 1321335 1281357 112 108 107 100 118 138 166 195   0   0    0    01301
1115 169   3 153   5 357   81422 229   5 353  111428     119 1191500 1101401****////  63  631437  88  5196169623140296161500 122 1221437 1141401 135 1371435 1291401 116 112 108 103 118 137 165 195   0   0    0    01401
1116 109  16 108  13 108  131600 120  15 120  181559     118 1241522 1181547****////  65  621532  90  5496159617150296141540 121 1261527 1201541 134 1391526 1341600 120 116 110 106 118 137 165 194   0   0    0    01501
1117  87   9 102   8 133  151603  93  10 196  181623     116 1191622 1161646****////  65  641606  89  5396159616162796151658 115 1201601 1151700 126 1341601 1261700 118 118 111 108 118 137 166 195   0   0    0    01601
1118 118  12 118  10 132  141718 170  12 170  171708     109 1161701 1071749****////  69  651704  90  5496199619175796141717 104 1151701 1031751 110 1261701 1101752 111 117 113 109 119 139 167 196   0   0    0    01701
1119 124   7 147   9 174  131827 213   3 213  201807     107 1101803 1071900****////  72  681803  93  5996279627185996191801 104 1061814 1041859 107 1111814 1071900 107 115 114 109 120 138 167 196   0   0    0    01801
1120 173  14 175  12 184  131936 215   9 215  181952     103 1071901 1021952****////  76  721901  95  6396349634200096271901 102 1041901 1021959 104 1071901 1041959 104 113 114 109 120 138 167 196   0   0    0    01901
1121  56   2 109   4 182  182014   0   0 198  272009      96 1032001  962058****////  79  762001  94  6196369636210096342001  98 1042047  942045  98 1092047  952045 100 111 114 108 121 139 167 196   0   0    0    02001
1122 115   9 117   3 342   32101 119  10 119  102200      87  952101  872159****////  83  792101  93  6096379639214096362101  96  982101  962200  95  982103  952200  98 109 114 107 121 139 167 197   0   0    0    02101
1123 205   5 197   6 268  102207 211   4 285  122214      92  922257  872235****////  81  812258  94  6196389638230096362204  97  972300  952216  96  962300  942215  95 107 113 106 121 139 167 197   0   0    0    02201
1200   0   0   0   0 189  112343   0   0 201  142337      94  972325  922301****////  81  792326  95  6396379640231196370000  98  982334  972301  97  982336  962301  95 106 113 105 121 139 167 196   0   0    0    02301
1201 197   4 133   2 149   60037 198   6 228   70033      92  940001  910029****////  82  810001  95  6396349638002096340054  97  980005  970100  96  970006  960100  95 105 113 104 121 139 167 196   0   0    0    00001
1202 177   1 187   4 189  140128 192   2 292  180128      91  930118  910104****////  82  810122  95  6296269634010196260159  96  970102  960131  95  960102  950157  94 105 112 103 121 139 167 196   0   0    0    00101
1203 339   4 332   2 332  110223 344   3 355  140218      89  920236  890254****////  83  810238  95  6296219627020896210254  96  960202  960226  94  950203  940255  93 104 112 103 121 139 167 196   0   0    0    00201
1204   0   0   0   0 359   40306   0   0 358   60317      86  890301  860356****////  84  830301  94  6196179621030196170400  96  960302  950354  94  940301  940400  93 103 111 102 121 139 167 196   0   0    0    00301
1205   0   0   0   0   0   00401   0   0   0   00401      87  880444  860401****////  85  840401  96  6396149618041296140444  97  970449  960402  95  950457  940401  93 103 111 102 121 138 167 196   0   0    0    00401
1206   0   0   0   0 104   20526   0   0 112   30524      87  880505  870501****////  85  850501  96  6396109614050196100525  96  970501  960533  94  950501  940551  92 103 111 102 121 138 167 196   0   0    0    00501
1207   0   0   0   0   0   00601   0   0   0   00601      87  870601  860608****////  86  850601  97  6596119611065496080627  96  960601  960618  94  940602  940634  92 102 110 101 121 138 167 196   0   0    0    00601
1208   0   0   0   0 171   30733   0   0 199   40725      88  880800  860709****////  85  850755  96  6496129612072996100711  97  970758  960713  95  950759  940707  92 102 110 101 121 138 167 196   0   0    0    00701
1209   0   0   0   0 215   30825   0   0 203   40823      90  900900  880829****////  84  840845  96  6496139614082596120810  97  970900  970810  96  960858  950805  93 102 110 101 121 138 167 196   0   0    0    00802
1210 184   4 186   6 189   60955 185   5 190   80955      96  960957  900902****////  81  811000  97  6596149614095196120923 100 1090934  970901 100 1050935  930932  94 102 110 101 120 138 166 196   0   0    0    00901
1211 181   8 186   8 200  101046 173  10 209  121043      98  981058  961001****////  76  751044  92  5896139615101396131059 101 1011100 1001001 104 1041059 1001002  96 103 110 101 120 138 166 196   0   0    0    01001
1212 185  12 165   9 180  111152 166  11 201  171148     100 1001114  981101****////  72  721157  88  5296049613110196041159 104 1041133 1011101 107 1071200 1041101  98 104 110 101 120 138 166 195   0   0    0    01101
1213 188   8 176   8 197  131207 184   5 210  171207     100 1001201  991228****////  71  711236  87  5095859603120195851300 105 1051259 1021214 109 1091300 1071214 100 105 110 102 119 138 165 195   0   0    0    01201
1214  49   2  85   5 246   71301  51   4 118   91352     104 1061351 1001301****////  69  691335  87  5095699585130195691357 111 1111356 1051301 117 1171358 1101301 103 107 110 103 119 137 165 195   0   0    0    01301
1215 228   9 216   7 216   81454 229   7 229  111458     101 1051405 1011500****////  73  691407  90  5595629569141495621500 106 1111401 1061500 111 1171401 1111500 105 109 111 104 119 137 166 195   0   0    0    01401
1216 103   5 115   3 225   71501 114   5 178  101535     103 1031535 1011501****////  69  691544  86  4995579562150195571554 106 1071528 1061559 110 1121535 1101556 104 109 111 104 120 137 166 195   0   0    0    01501
1217  13   6  32   6 123   61606  54   3  67  111653     104 1041629 1031601****////  69  681623  87  5095549558160295541650 105 1061607 1051700 109 1101604 1091700 104 110 111 105 120 137 166 195   0   0    0    01601
1218 106  10 106  10 106  121746 122  14 125  161743     102 1041701 1021800****////  72  691701  90  5495539556170995511746 102 1051703 1021751 105 1091701 1051759 102 109 112 105 120 138 166 195   0   0    0    01701
1219 108  11 103  14 111  141837  92  13 128  241835     100 1021801 1001853****////  71  711854  87  5095609560185795541801 100 1021802 1001900 102 1051801 1021900 100 109 112 105 120 138 166 196   0   0    0    01801
1220 123  19 112  16 115  191909 109  23 140  311904      97 1001901  971959****////  74  711903  89  5395659565200095601901  99 1001901  992000 100 1021901 1001959  98 108 112 105 120 138 166 196   0   0    0    01901
1221 107   7 109   6 126  202007 107   5 149  242001      91  972001  912050****////  81  742001  94  6095639565203295632059  98 1052023  922024  99 1042021  862023  97 106 112 105 121 138 166 196   0   0    0    02001
1222  90   4  98   5 109  122137  77   3 142  152135      89  912101  892157****////  84  812101  96  6395629564211695612138  99  992159  982111  99  992154  982107  96 106 112 104 121 138 166 196   0   0    0    02101
1223 106  15 112  14 112  142300 112  16 142  202255      89  902236  892201****////  83  832249  95  6295569562220195562300  98  992222  982257  99  992201  982259  96 105 112 103 121 138 166 196   0   0    0    02201
1300 109  11 114  11 122  232312 107  14 143  332305      85  892301  850000****////  82  802333  91  5695589561233195562301  96  982303  962358  97  992303  970000  95 105 111 103 121 138 166 196   0   0    0    02301
1301  83   8 102   7 124  110001  76  10 172  170027      84  850001  840027****////  81  800036  89  5395519558000195500058  95  960006  950052  95  970002  950053  94 104 111 103 121 138 166 196   0   0    0    00001
1302 106  11 110  10 120  110119  98  19  98  190200      84  840146  840136****////  79  790149  87  5095429551010195420158  95  950111  940123  95  950133  950200  93 103 111 102 121 138 166 196   0   0    0    00101
1303 112  11 106  10 119  150214  93   9 140  190208      81  840201  810254****////  83  790201  90  5495399542020395390224  94  950201  940218  94  950201  940223  92 103 111 102 121 138 166 196   0   0    0    00201
1304  82  11  81  10  90  150344  97   9 110  180336      77  810301  770344****////  86  830301  90  5595359540031195350349  93  940312  930400  93  940309  930358  92 102 110 101 121 138 166 196   0   0    0    00301
1305  89  12  83  13  85  140457  78  16 132  200430      75  770401  750454****////  87  860401  90  5595349535041695330459  92  930401  920459  92  930401  920500  91 102 110 101 121 138 166 196   0   0    0    00401
1306  20   3  50   4  92  140501  29   6 123  190507      77  770554  750501****////  87  870501  91  5795349534054695320532  93  930549  920503  92  920555  920533  90 101 110 100 121 138 166 196   0   0    0    00501
1307  83   3  79   6  79   70640 125   1 126  120633      77  770601  760624****////  86  860648  90  5595389538070095330603  93  930603  920635  92  920602  910634  90 101 109 100 120 138 166 196   0   0    0    00601
1308   0   0  10   4 360   50701  10   1 359  110754      79  790758  770701****////  85  850745  91  5595439544075695390701  93  930721  920744  92  920703  910741  90 100 109 100 120 138 166 196   0   0    0    00701
1309  26   5  26   8  39   80858   0   0  70  130851      82  820837  780802****////  81  810859  88  5195479548085695430801  94  950851  930801  95  960849  920801  91 100 109  99 120 138 166 196   0   0    0    00801
1310 190   9 198   9 200  100959 213   7 213  130952      85  851000  810905****////  82  810901  91  5695529552095595470901  96  970942  940901  99  991000  950902  92 100 108  99 120 137 166 195   0   0    0    00901
1311 310   2 322   4 357  101007   0   0 357  111003      88  891056  851002****////  79  791049  89  5495549555104095511002 100 1001100  881016 103 1091017  981014  95 101 108  99 119 137 165 195   1   0    0    01001
1312 166   2 205   1 335   81124   0   0 346  101118      94  951158  881101****////  75  751154  88  5295499554110595491200 104 1041200 1001101 111 1111200 1041101  98 103 109 100 126 137 166 190   0   0    0    01101
1313  42   7  38   8  58   81253 338   5 338  121259      97 1001245  951201****////  73  721246  88  5195369548120195361300 107 1101241 1051201 116 1191247 1111201 103 105 109 101 118 136 165 194   1   0    0    01201
1314  28  16  35  13  35  141356   6  15  51  231356      95  981304  951342****////  72  721306  85  4795299536130195291400 102 1071304 1011358 111 1171304 1111400 104 108 109 102 119 137 165 195   0   0    0    01301
1315  88  14  82  13  82  151406  92  13  96  211454      95  961452  951434****////  71  711455  84  4595269529140195261450 100 1011401 1001428 107 1101401 1071500 102 108 110 103 119 137 165 195   0   0    0    01401
1316  73  17  78  15  84  161522 110  16 138  281519      96  961540  951501****////  70  701558  84  4495279527152695251511 100 1011546  991523 107 1081547 1061529 101 108 110 104 119 137 165 195   0   0    0    01501
1317 115  10 110  10 110  161605 144  14 146  211604      95  971626  951650****////  72  701601  85  4795359535165795271605  99 1001619  991653 104 1071601 1031659 100 108 111 104 119 137 165 195   0   0    0    01601
1318  99   7 112   7 115  121707  88   8 135  201746      95  961729  951701****////  74  721728  88  5195459545180095341706  98  991701  981759 100 1031701 1001800  98 107 111 104 119 137 165 195   0   0    0    01701
1319  95   6 105   6 125  141831  98   4 140  191824      95  951801  951802****////  75  731802  89  5395549554190095451802  98  981848  961846  99 1011852  981846  97 106 110 103 119 137 165 195   0   0    0    01801
1320   0   0  69   1  87   71928   0   0 337  111930      96  971953  951901****////  74  731951  88  5295629562200095541901  98  981949  971901  99 1001905  981948  95 106 111 102 119 137 165 195   0   0    0    01901
1321   0   0  80   2  80   42038   0   0 360   72036      94  962001  922029****////  77  752001  91  5695689568205395622001  96 1102035  872031  97 1062032  762035  96 105 111 103 119 137 165 195   0   0    0    02001
1322   0   0   0   0 101   22101   0   0 114   42116      88  932101  882159****////  81  772101  92  5795739573220095682104  96  972113  962200  96  982104  962200  94 104 110 102 120 137 165 195   0   0    0    02101
1323 303   5 300   3 331   32241 303   5 303   52256      87  882236  872202****////  83  812201  93  6095769577225895722204  95  962202  952255  95  962201  952254  93 103 110 102 120 137 165 196   0   0    0    02201
1400  11   3   9   4 360   52320  18   4 360   72316      87  882310  872302****////  82  812347  92  5895769578231495762304  95  952304  952356  94  952304  942356  93 103 110 101 120 137 165 195   0   0    0    02301
1401  87   3  67   2  67   60049   0   0  79  110048      93  930100  870001****////  75  750056  88  5195749576000195740018  95  950044  950017  94  940047  940018  92 102 110 101 119 137 165 195   0   0    0    00001
1402   0   0   0   0  85   40144   0   0 100   70143      90  930101  900133****////  77  750101  88  5295729575010395720153  95  950112  950159  94  940102  940158  92 102 109 101 119 137 165 195   0   0    0    00101
1403   0   0   0   0   0   00201   0   0 169   20205      87  900201  870238****////  81  770201  91  5695709572020195700300  95  950248  950224  94  940252  930227  91 101 109 100 119 137 165 195   0   0    0    00201
1404  12   4  14   4  14   40358  34   6  37   90355      85  870301  850340****////  82  810301  91  5695719571035995690311  94  950312  940351  93  940301  930353  91 101 109 100 119 137 165 195   0   0    0    00301
1405  18   3   8   4 359   50401  15   4 359   60431      88  880434  860401****////  78  780450  88  5295719571040295700426  93  940401  930500  91  930402  910500  90 101 109 100 119 137 165 195   0   0    0    00401
1406  15   4 353   3 359   60508 343   9 343   90600      84  880502  840555****////  82  780501  90  5595739573055495710509  93  930501  930556  90  910502  900556  90 100 109  99 119 137 165 195   0   0    0    00501
1407  29  13  22  10  29  100647  14  13 356  170658      88  880700  850601****////  79  790618  89  5495819581065895730601  92  930604  920700  90  900601  900700  89 100 108  99 119 137 165 195   0   0    0    00601
1408 330   4 345   3 352  110702 322   5 357  140704      85  890702  850753****////  82  790701  91  5695919591080095800702  91  920722  910758  89  900704  890759  88  99 108  99 119 137 165 195   0   0    0    00701
1409 314   2 313   5 326   80853 323   2 354  100843      91  920848  850817****////  80  790838  92  5896019601085895910801  95  950900  910802  94  940900  890801  89  99 108  98 119 137 165 195   0   0    0    00801
1410 349  10 344   8 358   90951  13   7 352  170944      97  970954  910901****////  76  760944  91  5796089608100096010902 100 1000943  860922 103 1031000  940901  93  99 108  98 118 136 164 195   0   0    0    00901
1411 115   2 110   4 360   81001   0   0 354  131008     107 1071100  971001****////  71  711054  91  5796149615104996081001 112 1121100 1001001 119 1191100 1031001 100 102 108  99 117 136 164 194   0   0    0    01001
1412 284   7 297   6 317  121113 246   5 355  171110     115 1221155 1071111****////  64  631156  87  4996069614110896061200 127 1321153 1121101 137 1421151 1191101 112 107 108 100 116 134 162 192   3   0    0    01101
1413 176  11 183  12 259  151245 181  12 350  211237     137 1381258 1111209****////  56  561259  88  5195949606120195941300 158 1591257 1201213 179 1801258 1321213 131 114 109 103 113 131 159 189   4  30    0    01201
1414 317   9 260  15 281  191337 295   6 340  321332     132 1411345 1281309****////  53  501346  80  3895829594130295821358 155 1661351 1521308 180 1911350 1741333 146 126 111 108 113 131 159 189   2  32    0    01301
1415 214  18 219  19 219  221455 235  18 277  301452     141 1441449 1301410****////  51  501446  82  4195759582140195751449 159 1591458 1441413 184 1841500 1681413 150 133 113 114 114 131 160 190   0  28    0    01401
1416 187   7 237   4 274  191511 171   4 312  261510     137 1451524 1371556****////  55  501539  86  4895789578155995741518 145 1631523 1451600 164 1851523 1641600 155 140 116 119 115 132 160 190   0  41    0    01501
1417 183  12 163   9 163  131648 179  15 184  211647     134 1381638 1341650****////  54  521638  83  4395819581165995781608 132 1441601 1321700 146 1631601 1461700 145 141 119 123 117 134 162 192   0   6    0    01601
1418 172   4 192   6 206  201709 187   6 233  241710     108 1341701 1081800****////  65  531702  84  4595899589180095821701 113 1321701 1131800 123 1461701 1231800 132 137 121 124 119 136 164 194   0   0    0    01701
1419 218  10 222   7 223  101848 210  10 239  131845      94 1071801  901840****////  72  661801  85  4695969596185995891801 101 1131801 1011900 106 1231801 1061900 119 131 122 123 121 137 165 196   1   0    0    01801
1420   0   0 239   2 264   91907   0   0 348  111906      77  951915  772000****////  81  711916  85  4796009600195695961902  94 1011901  942000  95 1051901  952000 109 125 123 120 122 138 166 196   0   0    0    01901
1421   0   0 110   1 133   42036   0   0 178   52031      68  772001  672051****////  84  812001  83  4396039603210095992004  88  942001  882059  87  952001  872057 101 118 122 117 123 138 166 196   0   0    0    02001
1422   0   0 173   1 186   62124   0   0 202   72116      68  682105  652130****////  86  842101  85  4696069606215996032103  86  892104  852144  83  872101  822147  94 113 121 114 124 138 166 197   0   0    0    02101
1423   0   0 118   2 295   52220   0   0 295   92218      68  692205  662236****////  86  862201  85  4696079608225996062204  87  872259  842230  83  832249  802229  90 108 119 111 124 138 166 196   1   0    0    02201
1500 108   1 162   2 180   52335  47   2 215   62326      73  742353  682301****////  86  862301  88  5196069609232496052359  88  882357  852324  83  830000  812322  88 105 118 108 124 138 166 196   0   0    0    02301
1501 171   5 175   2 298  110030 155   5 345  160029      78  830041  730001****////  82  810042  87  4996019606000296010057  87  890047  870100  83  850043  830100  88 103 116 106 123 137 165 196   0   0    0    00001
1502   0   0   0   0 130   90125   0   0 199  120123      59  780101  590200****////  86  820101  80  3795959601010495950153  77  870101  770200  71  820101  710200  83 101 114 104 124 138 166 197   0   0    0    00101
1503   0   0  72   2 141   50224   0   0 113   80227      53  590201  530230****////  87  860201  77  3395929595020195920259  73  770201  730259  65  700201  650259  78  97 113 101 124 139 167 197   0   0    0    00201
1504   0   0   0   0  82   20301   0   0   0   00301      55  560356  520302****////  87  870301  79  3595889591030195880358  75  750359  720312  67  670400  640311  74  94 112  99 124 138 166 197   0   0    0    00301
1505   0   0   0   0   0   00401   0   0   0   00401      60  610446  540408****////  88  870401  82  4295869589040195850451  77  790448  750411  70  720448  660410  74  92 110  97 123 138 166 196   0   0    0    00401
1506   0   0   0   0   0   00501   0   0   0   00501      54  610503  540557****////  88  870505  79  3695849586050195830534  71  770501  710600  62  690501  620600  72  90 109  95 123 138 166 197   0   0    0    00501
1507   0   0   0   0   0   00601   0   0   0   00601      45  540602  450656****////  88  870611  74  2795889588064295850601  66  710601  660700  57  620601  570658  68  88 107  94 123 139 167 197   0   0    0    00601
1508   0   0   0   0   0   00701   0   0   0   00701      45  470728  430737****////  88  880701  74  2795939593080095880701  64  660701  640756  54  570701  540756  65  85 106  92 123 139 167 197   0   0    0    00701
1509   0   0  63   1  63   50847 106   1 108   70839      64  640858  430805****////  88  880801  85  4695939594080995910831  76  760900  640801  68  680900  540805  65  83 105  90 122 138 166 196   0   0    0    00801
1510 124   9 119   9 123  110949 114  10 139  140942      97  971000  650901****////  78  781000  94  6195949595095495930901 100 1001000  760901 102 1021000  680901  77  85 104  89 118 135 163 193   3   0    0    00901
1511 181  11 170   8 196   91001 209  15 209  151100     107 1081055  971001****////  71  711045  91  5795969598103995951003 110 1111038 1001001 117 1191034 1031001  94  92 103  88 117 134 162 192   1   0    0    01001
1512 324  10 279   7 291  131107 334   9 339  171106     118 1191157 1071101****////  64  641200  89  5295889597111395881154 131 1311200 1101104 143 1431200 1181101 106  99 103  93 116 134 161 192   0   0    0    01101
1513 311   6 276   9 359  111208 339   2 353  161212     126 1301242 1161203****////  58  571244  85  4695749588120395741259 137 1401242 1261210 158 1581300 1441201 122 108 104  97 115 133 160 191   0   0    0    01201
1514 334  23 333  23 335  231354 330  19 348  351357     120 1351313 1201400****////  66  541314  93  5995629574130195621359 127 1461312 1271400 151 1671311 1511400 132 117 106 102 115 133 161 191   2   0    0    01301
1515  56   7  35  12 357  221401 112   4 360  241414     119 1251410 1181446****////  66  631411  92  5895569562140195561500 118 1331410 1181500 136 1571408 1361500 129 122 109 107 116 135 162 193   0   0    0    01401
1516  74  12  70  14  78  161552  94   4 100  211538     116 1201503 1151551****////  67  661515  91  5795609560160095551505 112 1181508 1121556 126 1361503 1261600 122 123 111 110 117 135 163 193   0   0    0    01501
1517  53   7  62  11  79  171630  68   8 349  301626     112 1161601 1121651****////  69  671606  92  5795629562170095581618 108 1121601 1081658 118 1261601 1181700 116 121 113 111 118 136 163 194   0   0    0    01601
1518  61   8  45  10  52  151731  68  11 359  281722     109 1121701 1091757****////  71  701701  93  5995699569180095631701 106 1081702 1061800 113 1181701 1131800 112 119 114 111 118 136 163 194   0   0    0    01701
1519  28   6  35   7  58  121830  54   6 346  201831     107 1091801 1071853****////  72  711801  93  5995799579190095701801 104 1061801 1041853 109 1131801 1091859 109 117 115 111 118 136 163 194   0   0    0    01801
1520  75   7  78  11  78  131957  97   7 126  191952     106 1071903 1061937****////  73  721901  93  6095909590200095791901 103 1041905 1031954 107 1091903 1071955 106 115 115 110 119 136 163 194   0   0    0    01901
1521  80  11  75  10  75  112035  78  16 116  172014     103 1062001 1032045****////  75  732001  94  6196029602205995902001 102 1032009 1022053 105 1072007 1052100 104 113 115 109 119 136 163 194   0   0    0    02001
1522  48   9  44   7  69  152125  41   5 102  252116     102 1032101 1022121****////  76  752101  95  6296129612215996032102 102 1022101 1012124 104 1052101 1042200 102 112 115 108 119 136 163 194   0   0    0    02101
1523  60   8  64   8  64  122238  31   5 150  222236      99 1022201  992256****////  78  762201  95  6296239624225996122202 100 1022201 1002300 103 1042201 1032300 101 110 114 108 120 136 163 194   0   0    0    02201
1600 358  11 356   9 359   92302 298  14 360  172341      97  992301  972358****////  80  782301  96  6496319631235996242301 100 1002314 1002306 102 1032301 1022359 100 109 114 107 120 136 163 194   0   0    0    02301
1601  55   4  20   6  24  120018 329   1 358  180011      96  970001  960044****////  80  800001  96  6396329633005296310001 100 1040056  940048 101 1050055  930059  96 107 114 104 120 136 163 194   0   0    0    00001
1602 334   2 315   3 356  120114 330   4 359  180107      93  950101  930155****////  82  800101  96  6496329634011096320159  99 1120114  890118 100 1090117  860111  98 107 113 105 120 136 164 194   0   0    0    00101
1603 325   8 330   9 330  100236 308   8 351  140244      91  930201  910250****////  82  820201  95  6296329633025096300230  98  990206  980254  98 1000203  980256  97 107 113 105 120 136 164 194   0   0    0    00201
1604 316   9 318   9 332  110317 350  10 355  190317      91  920302  900357****////  82  820301  95  6296319632030596290352  98  980301  980326  98  980302  970358  96 106 112 104 120 136 164 194   0   0    0    00301
1605 307   5 294   5 325   90401 309   8 342  120426      90  910402  900453****////  82  820401  94  6196229631040196220458  97  980401  970454  96  980402  960458  95 105 112 104 120 136 164 194   0   0    0    00401
1606 317   3 328   5 345   80518 318   2 355  140514      88  900501  880558****////  83  820501  94  6196199623051696190552  97  970501  960556  95  960501  950600  94 105 112 103 120 136 164 194   0   0    0    00501
1607   0   0  20   3 360   50601  68   1 359   70604      88  880601  880635****////  84  830601  95  6296209621063296180611  96  960601  960636  95  950602  950658  94 104 111 103 120 136 164 194   0   0    0    00601
1608 259   3 198   2 357   30726 271   5 350   50722      86  880701  850748****////  85  840701  95  6296239623075796180744  96  960702  950751  94  950701  940757  93 103 111 102 120 136 164 194   0   0    0    00701
1609   0   0   0   0 223   60820   0   0 251  100814      93  930857  860801****////  83  830835  97  6696199624080396170827  99  990900  960801  98  980859  940801  93 103 111 102 120 136 163 194   0   0    0    00801
1610 241  13 237  11 237  140944 228  13 252  170938      97  970927  930901****////  78  780940  94  6196239624095296180912 102 1060915  990914 105 1050958  930913  96 103 110 102 119 135 163 194   0   0    0    00901
1611 229  11 229  10 249  121024 219  10 284  201016      98  981011  971001****////  78  781001  94  6296279628104396221005 104 1041059 1021004 107 1071100 1041003  98 105 110 102 119 135 163 194   0   0    0    01001
1612 247   9 241   9 246  121140 243   5 294  161135     101 1011157  981101****////  77  771155  95  6396179627110296171200 109 1091200 1041101 114 1141200 1071101 101 106 110 102 119 135 162 193   0   0    0    01101
1613 170   2 149   3 257   91201 210   4 279  121226     110 1101258 1011201****////  74  731248  97  6696029616120196011257 115 1151300 1091201 122 1221300 1141201 106 108 110 103 118 134 162 193   1   0    0    01201
1614  95   4 103   7 169   91347   0   0 181  141343     110 1111338 1071306****////  72  711354  94  6295899602130195891400 119 1201336 1151301 128 1281359 1221301 112 111 111 105 118 134 161 192   0   0    0    01301
1615 157   6 143   6 170  101415  82   8 301  151408     114 1151459 1101401****////  69  681449  93  5995789588140195781500 118 1191446 1181459 127 1301438 1271500 115 114 112 106 118 134 162 193   0   0    0    01401
1616 146   4 120   8 120  111545 273   4 273  161542     114 1151527 1131515****////  70  691501  94  6195719579150195711554 115 1181501 1151600 123 1271501 1231600 114 116 113 108 119 135 162 193   0   0    0    01501
1617   0   0 129   2 165   81601   0   0 237  101603     114 1161617 1141601****////  67  671700  90  5595729573165595711614 112 1151613 1121700 118 1231601 1181700 113 116 113 109 119 135 162 193   0   0    0    01601
1618 112   1   0   0 130   41711 119   2 176   51707     105 1141701 1051758****////  76  671701  96  6595809580180095731702 108 1121701 1081800 112 1181701 1121800 110 116 114 110 119 135 162 193   0   0    0    01701
1619  88  13  85   8  89   81854  87  13 117  151847     108 1081900 1011841****////  73  731900  94  6295899590185995801801 106 1081801 1061844 109 1121801 1091859 107 115 114 109 120 135 163 193   0   0    0    01801
1620  18   2  21   3 113   91901   0   0 356  131909     104 1101905 1041954****////  75  711911  95  6296009600200095901901 105 1061901 1051959 107 1091901 1072000 105 113 115 109 120 135 163 194   0   0    0    01901
1621  92  14  94  12  94  122050  92  10 110  172057     107 1072050 1012015****////  70  702045  90  5596069607205795992001 103 1052001 1032058 104 1072001 1042100 103 112 115 109 120 135 163 194   0   0    0    02001
1622 345   4 338   4 353  132113 359   2 359  202111     100 1082112 1002157****////  75  692109  92  5896139613214396062102 103 1032101 1032134 103 1042101 1032131 101 111 115 108 120 135 163 194   0   0    0    02101
1623  73   3  80   3 360   42201  58   3 158   72216      97 1002201  972251****////  78  752201  94  6196209620230096132201 102 1032203 1012259 102 1032201 1022300 101 110 114 107 120 135 163 194   0   0    0    02201
1700   9   7  12   7  13   72358  35  12  35  120000     102 1020000  972342****////  75  752357  93  6096239623235796202301  99 1112359  922341 101 1132338  882340 112 114 117 111 121 135 163 194   0   0    0    02301
1701  38  11  31  13  37  170043  16   8  62  290050     104 1060015 1030001****////  76  730009  96  6496259626002696230002 101 1010033  980001 100 1020004  970001  98 108 114 106 120 135 162 194   0   0    0    00001
1702 359   9   2  11  28  140118  27   5 357  230133     100 1040101 1000153****////  76  750127  93  6096259627011996250102  99 1010108  990200  98 1000101  980200  97 107 113 106 120 135 163 194   0   0    0    00101
1703  20  14  32  15  32  170249  35  18 356  280245     100 1000201  970228****////  75  750259  92  5896259626021796240255  98 1000248  970256  96  980201  960300  95 106 114 106 121 135 163 194   0   0    0    00201
1704  13   5  19   7  23  180309   6   5 360  340302      98 1000301  980348****////  74  740339  90  5496249626031396230350  98 1060358  900356 100 1010352  860358  99 108 121 106 121 136 163 194   0   0    0    00301
1705 333  11 328  10 328  130455 328   9 356  180453      92  980401  920454****////  77  740401  90  5496199624040196190455  96 1000404  890401  94 1010403  820402  94 105 112 104 121 136 163 194   0   0    0    00401
1706 294   5 290   6 355  100501 298   5 356  130509      88  920501  870552****////  80  770501  91  5596199620051496160548  95  960501  950600  93  940501  930600  93 104 112 103 121 136 163 194   0   0    0    00501
1707   0   0   0   0 352   70603   0   0 355   90601      85  890616  850658****////  81  780616  90  5496209622063396190601  94  950601  940700  91  930603  910656  92 103 111 102 121 136 163 194   0   0    0    00601
1708 179   4 211   1 290   50706 192   5 276  130703      83  850707  830759****////  83  810701  91  5696329632080096210701  94  940701  930749  91  910701  910759  91 102 111 102 121 136 163 194   0   0    0    00701
1709 222  14 208   9 224  120838 230  10 255  160830      93  930855  830801****////  76  760900  89  5396379637083596320801  95  950859  930802  93  930858  910803  90 101 110 101 121 136 163 194   0   0    0    00801
1710 234  10 241   7 257  160917 220  11 320  230910      95  950925  940901****////  77  750902  91  5796449644095196370901  96  960959  940917  95  950959  930914  91 101 110 101 120 136 163 194   0   0    0    00901
1711 204   4 234   4 248  121028 200   4 291  161036     102 1021100  951001****////  75  751046  93  6096459647103496441001 104 1041100  961003 104 1041100  901020  94 101 110 100 120 135 162 193   0   0    0    01001
1712 288   5 283   9 289  121132 358   8 358  191127     109 1091159 1021101****////  71  711156  93  5996459646110296441151 111 1111200 1041101 116 1161200 1051101 100 103 110 101 119 134 161 193   2   0    0    01101
1713 207  11 203  13 203  141255 166  14 227  211249     126 1261246 1091201****////  62  581251  90  5596329644120196321300 133 1341246 1111201 147 1471300 1171201 114 108 110 102 117 133 160 191   3   0    0    01201
1714 112  11 105  12 118  241333 122  17 211  311324     136 1361400 1261332****////  50  501355  78  3496209632130196201400 140 1401400 1331301 156 1561400 1471301 126 115 110 105 116 132 159 190   1   0    0    01301
1715  89  23  96  19 120  251418  85  24 133  401415     133 1361401 1301417****////  42  421450  64   796169620140196161456 134 1441410 1331454 152 1611409 1521500 131 122 112 109 117 133 160 191   1   0    0    01401
1716  86   8  83  11 104  211522  62   7 137  291518     131 1341513 1301553****////  45  421502  68  1496229622155896161507 123 1341512 1231600 138 1521501 1381600 129 125 114 112 118 133 160 191   0   0    0    01501
1717  85  25  92  25 100  301653  99  22 122  421647     125 1311601 1251655****////  41  391639  59  -496329632170096211604 114 1231601 1141700 125 1381601 1251700 123 125 115 114 119 134 161 192   0   0    0    01601
1718 100  25  95  19  96  301711  92  14 151  471704     117 1251701 1171800****////  44  401711  60  -196459645180096321704 108 1141701 1081800 115 1251701 1151800 116 123 117 115 119 135 161 193   1   0    0    01701
1719  97  19 101  20 101  231851  95  15 130  331842     112 1171803 1121858****////  50  441804  66  1296649664190096451801 104 1071801 1041900 108 1141801 1081900 110 120 117 114 120 135 162 193   0   0    0    01801
1720  91  27  91  34  91  381954 123  20 123  691945     104 1121901 1041959****////  45  441957  57 -1096839683195096641902  99 1041901  991959 101 1081902 1012000 105 116 118 113 120 135 162 193   0   0    0    01901
1721  71  26  73  23  92  322001  58  24 120  422056     101 1042001 1012050****////  43  432056  53 -1996869689205296832001  94  992001  942100  96 1012001  952059 100 113 117 111 121 135 162 193   2   0    0    02001
1722  79   8  60  11  80  272105  56   9 359  392108     100 1012101  982139****////  42  412155  52 -2396999700215496872101  93 1092112  862114  94  972111  752113  96 109 117 108 121 135 162 193   0   0    0    02101
1723  70  24  57  22  59  292227 106  16 334  502220      98 1012221  982259****////  39  382247  47 -3597119714224197002201  89  952241  792243  90  982240  832246  93 108 116 107 121 135 162 194   0   0    0    02201
1800  82  32  77  26  95  272317  70  14 132  482321      95  982301  942341****////  39  392302  46 -3897139714234597082317  88  902341  882320  88  902301  880000  91 105 115 106 121 136 162 194   2   0    0    02301
1801  69  14  61  11  86  300013  87  13 347  470009      90  950001  900100****////  43  390012  49 -2997099712000197090025  87  880010  870049  86  880002  860059  88 103 114 104 121 136 162 194   1   0    0    00001
1802 357   4  51   5  86  160108 346   7 351  210104      88  900102  880152****////  47  430101  53 -1997139713020097040121  88  880158  870118  86  870153  860120  87 101 113 103 121 136 163 194   0   0    0    00101
1803  62   5  50   3  77   90239  77   5 115  130233      86  890244  860230****////  43  400243  48 -3397109714021697080245  88  880213  870251  85  860207  850251  86 100 112 101 121 136 163 194   0   0    0    00201
1804  15   6  28   7  28   70357  24   6 354  110349      81  870302  790345****////  49  430301  53 -2097109712032397070340  87  880306  870400  84  860304  840400  86  99 111 100 121 136 163 194   0   0    0    00301
1805 333   9  21   6  54  100440 328   8 354  180422      87  880437  820401****////  40  390436  45 -4197159715050097060436  85  870401  850439  83  840401  830437  84  98 110  99 121 136 163 194   0   0    0    00401
1806  38  11  35  10  35  110555 127   3 355  200550      86  870501  820533****////  43  410502  48 -3397149715055297080517  84  860509  840600  82  830509  820600  83  97 109  98 121 136 163 194   0   0    0    00501
1807  65  10  38   7 358   90601  46   5 359  180604      83  870609  780653****////  41  410614  45 -4297099714061197070640  84  850634  840700  80  820603  800700  82  96 108  98 121 136 163 194   0   0    0    00601
1808 344   4 350   1 357   70701 342   1 342  130735      76  840701  750753****////  51  410721  53 -1997189718075997100701  83  840709  830749  80  810707  790749  81  95 108  97 120 136 163 194   1   0    0    00701
1809  71   9  66  12  68  140847  78   9 105  230838      88  880852  750813****////  37  360847  42 -5197229724084797170802  83  840836  820849  81  810900  790803  81  94 107  96 120 136 163 194   1   0    0    00801
1810 107   3  76   5 100  130902  68   3 354  180907      90  900959  870902****////  40  370901  46 -3997269726100097200913  88  881000  830901  86  861000  810901  82  94 106  95 119 136 162 193   0   0    0    00901
1811 116   9 112  10 123  161049  98  19 137  221047      93  931059  901013****////  40  371036  47 -3697249726100197231011  94 1041043  881004  95  991042  871001  85  94 106  95 119 135 162 193   0   0    0    01001
1812 125  16 140  11 147  141108 118  23 118  231200      94  951156  921116****////  38  371134  45 -4297139724110197131159 100 1001159  941101 104 1041200  951101  90  96 106  95 118 135 161 192   0   0    0    01101
1813 173  15 177  13 177  161206 171   9 194  211206      96  971228  931202****////  40  381204  48 -3396989713120196971259 104 1051255 1001204 111 1111257 1041201  96  99 106  96 117 134 161 192   2   0    0    01201
1814 176   6 174   5 212  141303 170   6 284  171316     100 1011344  951301****////  40  381352  49 -3096799698130196791400 109 1101350 1041304 118 1181400 1111301 101 102 106  97 117 134 161 192   0   0    0    01301
1815 107   4  85  10 360  141419  74   4 351  181410     100 1041449  981419****////  38  361429  47 -3796669678140196651455 115 1171436 1101401 128 1281458 1181401 108 106 107  99 116 134 160 191   2   0    0    01401
1816 113   4 119   4 329  101524   0   0 351  161518     101 1021505  991529****////  37  361552  46 -3996639668152396631600 108 1141501 1071547 118 1271501 1181551 109 109 107 101 117 134 161 192   0   0    0    01501
1817 331  10 357   8 357  111647 359  15 359  171620      97 1011601  971647****////  41  361601  49 -2996599663160196591650 100 1081601  991647 108 1181601 1081700 105 110 108 103 117 135 161 193   0   0    0    01601
1818  19  20  17  18  18  181759  44  14 359  261742      93  971701  931800****////  43  401704  50 -2696569658170196551754  91  991701  871745  97 1081701  971800 100 108 109 104 118 135 162 193   0   0    0    01701
1819  32  11  26  12  30  201818  32   4 354  371834      89  931801  891857****////  47  431801  54 -1896579657185596551811  89  911802  881840  92  971801  921900  95 106 110 103 118 136 162 193   2   0    0    01801
1820  51  12  66  13  72  141928  34   8 356  231925      86  891907  862000****////  46  451931  51 -2496619661200096571901  86  891904  861959  88  921902  882000  91 104 110 102 118 136 162 194   0   0    0    01901
1821  62   9  46   8  75  142003  87  10 360  262001      84  862001  842034****////  47  452003  52 -2396619661205096602014  85  862001  852057  85  882001  852100  88 101 109 101 118 136 162 194   0   0    0    02001
1822  44  12  35  11  61  132122  22  12 359  252115      82  842101  822138****////  48  462115  52 -2296589661210196582200  83  852104  832200  83  852101  832159  85  99 109 100 118 136 162 194   0   0    0    02101
1823  41   5  59   4  65  122204 346   3 346  202210      80  822201  802242****////  51  482203  55 -1596529658220196522259  83  832259  832223  82  832201  822253  83  97 108  98 118 136 162 194   0   0    0    02201
1900  97   4  98   6  98  102351 115   5 115  142324      78  802301  782339****////  55  512303  58  -796499652230196482357  83  842323  832301  82  822309  822350  82  96 107  97 119 136 162 194   0   0    0    02301
1901  80   8  85   8  97  130042 104   3 123  160037      77  780001  760013****////  62  560001  65   996409649000596400059  83  840005  830039  81  820002  810039  82  95 107  96 118 136 162 194   0   0    0    00001
1902 120  11 110  12 112  140150  88   8 135  160145      75  770101  750200****////  67  620101  69  1896309640010196300200  83  840131  830200  80  810120  800200  81  94 106  95 118 136 162 194   0   0    0    00101
1903  91   3  94   4 115  110201  94   3 129  120234      72  750201  720241****////  70  670201  71  2196189630020196180259  83  830227  830205  80  800207  800300  80  93 105  94 118 136 162 194   0   0    0    00201
1904 175  11 179  10 179  100359 148   6 190  170356      70  720301  680340****////  73  700301  73  2596119618030996110357  82  830308  820400  79  800303  790400  80  92 105  94 118 136 163 194   0   0    0    00301
1905 180   5 181   5 181  190431 184   4 197  240425      63  700407  630459****////  80  720403  76  3196009611040196000458  81  820410  810436  79  790407  790432  79  92 104  93 118 136 163 194   0   0    0    00401
1906 359  11  24  12  34  120559  10  27  10  270600      67  670600  630501****////  76  750556  75  2895949600050195930553  80  820532  800600  78  790504  780556  79  91 104  93 118 136 163 194   0   0    0    00501
1907  49   4  38   8  56  170627  66   7 350  290646      63  670601  620646****////  78  740621  74  2895919593060195890646  79  800601  780650  77  780601  770650  78  91 103  92 118 136 163 194   0   0    0    00601
1908  70  12  54  13  54  170744  91  17 351  310743      62  640711  620755****////  74  740758  70  1995919593075495900728  77  790701  770757  75  770704  750758  77  90 103  91 117 136 163 194   0   0    0    00701
1909  57  17  53  15  60  170840  33  16 356  390835      63  630823  620846****////  73  730804  70  1895929593081495910801  76  770832  760846  76  760857  750810  76  89 102  91 117 136 163 194   0   0    0    00801
1910  55  16  50  14  50  210954  87  26 354  330946      61  630901  610950****////  75  730901  71  2095949595095595910908  77  770959  760933  79  791000  760901  76  88 102  90 117 136 162 194   0   0    0    00901
1911  30  16  33  14  66  151001  35   9 338  281050      62  621035  601011****////  77  751001  73  2595939595102295931100  80  811050  771004  85  851100  801001  78  89 101  90 116 136 162 194   0   0    0    01001
1912  15  15   7  14  31  201118  46  13 359  311127      64  641158  611111****////  75  741133  72  2395869594110395861200  81  811138  801121  89  891200  851101  81  90 101  90 116 136 162 194   0   0    0    01101
1913  42  16  31  18  31  181233  33  13  69  321256      65  651224  641204****////  74  731250  72  2295699586120295691300  80  811221  801216  89  891252  871215  83  91 101  90 116 135 162 194   0   0    0    01201
1914  33  13  31  13  43  171301  14  14 357  261302      67  681337  651301****////  73  721343  72  2295539569130495531400  82  831333  801306  90  911333  891302  84  92 101  91 115 135 162 194   0   0    0    01301
1915 348   8   7   7  74  151407 356   7 360  201407      69  701450  671408****////  73  721440  73  2495499553140295491456  83  831453  811412  88  901401  881500  84  93 101  91 115 135 162 193   0   0    0    01401
1916  75   2  76   4  79  101506 105   1 358  161503      68  701540  671552****////  76  721502  75  2995459548150195451533  83  841541  821509  88  891536  881507  84  93 101  92 115 135 162 193   0   0    0    01501
1917   0   0   3   1 360   81613 347   1 347  121609      64  681603  641652****////  81  761601  78  3495489548165995441603  82  841601  821658  85  891601  851700  83  93 101  92 115 135 162 194   0   0    0    01601
1918 268   7 277   6 278   71758 272   7 308   91750      64  641800  631743****////  83  811701  80  3795579558175795481708  81  821708  811759  83  851701  831800  82  93 101  92 115 135 162 194   0   0    0    01701
1919 284   4 297   2 301   61801 297   4 319  101830      65  651810  641822****////  84  831801  81  4095679567190095571803  81  811900  801835  82  831801  821858  81  92 101  92 115 135 162 194   0   0    0    01801
1920   0   0   0   0 358   41904 127   3 355   71907      67  671952  651901****////  84  831905  82  4295779577195495671901  82  822000  811909  81  821901  811935  80  91 101  91 115 135 162 194   0   0    0    01901
1921 109   4 119   4 135   92029 131   3 135  132021      65  682009  652033****////  84  812017  81  4095849584205595772001  81  822010  812050  81  812013  802055  80  91 101  91 115 135 162 194   0   0    0    02001
1922 108   7 115   8 120   92136 103   8 148  132134      63  652101  632200****////  86  842101  82  4195899589220095832104  81  812102  812137  80  802102  802157  79  90 101  90 115 135 162 194   0   0    0    02101
1923   0   0 135   3 138   92232  61   2 183  122206      61  632203  602250****////  87  862201  82  4195909591224195892207  79  812202  792254  79  802201  792254  78  90 100  90 115 135 162 194   0   0    0    02201
2000  91   2   0   0 297   32301 120   1 129   42318      61  622349  612301****////  87  872301  82  4195899592233095892358  80  800000  792301  79  792312  792301  78  89 100  90 114 135 162 194   0   0    0    02301
2001 120   8 117   5 126   70050 110  11 152  120045      61  620018  610053****////  87  870001  82  4195889591005595880019  79  800001  780053  78  790001  780056  77  89 100  89 114 135 162 194   0   0    0    00001
2002 115   8 109   6 124  100110  54   8 172  150107      60  610101  590144****////  87  870101  81  4095839589010395820159  79  790135  780113  77  780101  770200  77  89 100  89 114 135 162 193   0   0    0    00101
2003  94   2  98   2 112   80211  97   2 131  100207      61  610252  590214****////  87  870201  82  4195819583020395810258  80  800300  790203  78  780256  770213  76  88  99  89 114 135 162 194   0   0    0    00201
2004 209   7 198   8 198   90355 220   8 230  110355      60  620334  600358****////  87  870301  81  4095759581030295750400  79  800334  790400  78  780339  780303  76  88  99  88 114 135 162 194   0   0    0    00301
2005 110   2 123   6 204   90401   0   0 250  110412      59  600411  590423****////  87  870401  81  3995709575040195690451  79  790424  790454  78  780401  780434  76  88  99  88 114 134 162 194   0   0    0    00401
2006   0   0   0   0 180   90540   0   0 212  140513      59  600509  580540****////  87  870501  81  3995679570050295660557  79  790505  780525  77  780504  770541  76  87  99  88 114 135 162 194   0   0    0    00501
2007 196   6 182   7 206   80634 170   3 203  110655      59  600621  580630****////  87  870601  81  3995709570070095660616  78  790603  780635  77  770602  770659  75  87  98  88 113 135 162 193   0   0    0    00601
2008 101   5 110   6 115   80755 125   4 139  110748      59  600705  580741****////  86  860724  80  3795789578075495700704  78  790741  780752  77  770704  770728  75  87  98  87 113 135 162 194   0   0    0    00701
2009   0   0   0   0 108   50801   0   0 138   90818      61  610900  580826****////  86  860801  81  3995849584085995780801  80  800900  780801  78  780900  770801  75  86  98  87 113 135 162 194   0   0    0    00801
2010  81   2  90   3 101   50927  92   6 136   80907      63  630946  610902****////  86  860901  82  4195939593100095840902  82  821000  800901  82  821000  780901  77  86  98  87 113 134 161 193   0   0    0    00901
2011  97   6  72   5 112   71022  96  10 321  111036      64  651051  641001****////  84  841043  81  3995959597104695931005  83  841042  821001  85  861040  821001  79  87  98  87 112 134 161 193   0   0    0    01001
2012  90  15  74   8  83  101142  80  10  83  161158      69  701158  641101****////  82  821149  82  4095939596111295931157  90  901200  831115  96  961200  851109  80  88  98  87 112 134 161 193   0   0    0    01101
2013  48   8  54   8  56  131242  13   7 335  231240      74  741253  691204****////  78  781259  80  3895889593120495881259  91  931226  901248 100 1011223  961201  87  91  98  88 112 133 161 193   0   0    0    01201
2014  63  15  48  15  48  171358  84  21 352  281319      78  781400  741301****////  72  721400  76  3195809588130195801400  91  931317  891345 104 1041318  991340  90  94  98  89 111 133 161 193   0   0    0    01301
2015  39  16  46  16  74  191435  24  17 328  361429      83  861454  781401****////  67  661459  73  2595819581145595781441  94 1011456  871457 110 1171456 1051401  96  97  99  91 111 133 160 192   1   0    0    01401
2016  75  11  72  11  80  191504 100  13 127  241550      81  841509  801545****////  69  661505  74  2895889588155995811519  89  941501  791524  99 1141524  981549  94  98  99  93 111 133 161 193   0   0    0    01501
2017  56   3  56   9  92  151610  62   4  93  231646      78  831615  781700****////  74  681622  78  3596009600170095871608  86  911618  861657  94 1011611  941656  92  98 100  94 112 133 161 193   0   0    0    01601
2018  33  15  36  13  36  141759  49   7  49  191758      80  801733  781702****////  70  701759  75  2996129612175696001702  84  881725  841800  90  941708  901800  89  98 101  94 112 133 161 193   0   0    0    01701
2019  44  13  35  11  48  141803  37   6 358  221809      79  801805  781854****////  70  691811  75  2896269626190096121801  82  841803  821900  85  901801  851900  86  96 101  94 112 133 161 193   0   0    0    01801
2020 349   2  23   5  72  131905 356   4 356  201916      75  801927  752000****////  73  701901  76  3096429642195996271901  80  831923  802000  81  851912  811959  83  95 101  93 112 133 161 193   0   0    0    01901
2021 322   5 315   4 343   62049 320   4 338   82044      65  752001  652055****////  83  732001  80  3896529652205896422005  80  802001  802100  79  802001  792100  80  93 101  92 112 134 161 193   0   0    0    02001
2022 294   6 315   4 334   52117 286   5 286   82159      63  652101  622142****////  85  832101  81  4096549655214596522101  78  792101  782146  76  792101  762157  78  91 101  91 113 133 161 193   0   0    0    02101
2023 319   5 313   5 321   62226 322   6 331   82203      62  642226  622216****////  85  842203  81  3996579658224696542202  77  782201  772259  74  762201  742259  76  89 100  90 113 133 162 193   0   0    0    02201
2100 211   3 250   2 276   82348 200   5 288  132341      61  632350  610000****////  83  832350  78  3496559658230896542358  75  772304  750000  71  742301  710000  74  88 100  89 113 133 162 194   0   0    0    02301
2101 121   1 120   2 345   50007   0   0 327   70003      53  600001  530056****////  86  830001  77  3296529655000196520055  72  750001  720100  66  710001  660100  72  86  99  88 113 134 162 194   0   0    0    00001
2102   0   0 350   2 350   30121   0   0 351   50119      43  530101  430151****////  87  860101  72  2396509653010396500155  64  710101  640200  56  660101  560200  67  84  98  87 113 134 162 194   0   0    0    00101
2103   0   0   0   0 360   30220   0   0 357   50221      33  430201  320255****////  87  870201  67  1396479649020196470300  59  640201  590300  50  560201  500300  61  81  97  85 114 135 163 195   0   0    0    00201
2104  88   5  28   2 154   40314  82   7  82   70400      28  330301  280330****////  88  870301  66  1096429647030496420357  55  590301  550400  44  500301  440400  56  77  96  83 114 135 163 195   0   0    0    00301
2105 111   6 105   5 340   60415 142   8 230  100401      24  310414  240459****////  88  880401  64   696399643041096380445  52  550401  520459  40  440401  400500  52  74  95  81 114 135 163 195   0   0    0    00401
2106   0   0   0   0 141   70504   0   0 174   90501      24  240515  220531****////  88  880501  64   696379639050196360535  49  520501  490600  36  400501  360600  48  71  94  79 114 135 164 195   0   0    0    00501
2107   0   0   0   0   0   00601   0   0  94   30608      17  230604  160658****////  88  880601  61  -196439643070096360606  46  480601  460659  33  360601  330658  45  68  92  77 113 135 164 195   0   0    0    00601
2108   0   0   0   0   0   00701   0   0   0   00701      20  210758  150735****////  89  880701  63   496519651075796430703  44  460701  440757  30  330701  300756  42  65  91  74 113 135 164 196   0   0    0    00701
2109   0   0   0   0   0   00801   0   0   0   00801      34  340900  170807****////  89  880849  69  1896589658090096500810  52  520900  440801  41  410900  300805  41  63  89  72 112 134 163 195   2   0    0    00801
2110   0   0   0   0   0   00901   0   0   0   00901      65  650951  350901****////  89  890901  86  4896639664095296580905  75  751000  520901  73  731000  420901  53  64  88  71 109 132 160 192   2   0    0    00901
2111 103   9 115   9 123  101054 102  10 110  151056      81  811100  651001****////  70  701059  76  3096669668103996631002  85  851100  751001  91  911100  731017  67  69  87  72 107 131 159 192   0   0    0    01001
2112 124  33 120  29 120  291200 121  29 145  401141      83  861153  811102****////  52  521200  57 -1096629667112796621154  92  931156  851110 108 1091159  911101  79  76  87  74 106 130 159 191   1   0    0    01101
2113 120  13  96  20 128  291201  76  12 350  441210      83  881229  821255****////  56  521201  61   096539662120196531300  92  941223  911238 108 1091233 1081216  88  83  88  78 106 130 159 191   1   0    0    01201
2114  77  10  94  15 116  251317  57  10 142  301309      82  851305  821356****////  55  511324  60  -396459653130196441350  94  961352  921303 110 1131347 1081301  92  89  89  81 108 129 160 192   1   0    0    01301
2115  32  14  36  15  87  171419  34  40  34  401500      78  831432  781458****////  65  541401  69  1696409645140196401448  86  941401  861459 102 1101401 1021500  93  92  91  84 106 131 160 192   0   0    0    01401
2116  43  19  62  15  66  201508  43  30 359  351539      73  771501  731540****////  57  571600  58  -696429642155996381519  80  861501  801550  92 1101505  921600  89  93  93  87 107 131 160 192   0   0    0    01501
2117  48  17  31  23  31  231658  22  27 117  371655      68  731601  681658****////  55  541611  54 -1696509650170096421601  73  801601  731700  83  921601  831700  84  92  94  88 107 132 160 193   0   0    0    01601
2118  49  24  40  20  68  231701  95  18 350  391727      67  681728  671759****////  55  531750  54 -1796609660175796501701  70  731715  701800  77  831701  771758  79  90  95  88 107 132 161 193   1   0    0    01701
2119  30  19  27  18  32  251836  34  30 358  361828      66  671803  651849****////  63  551801  61   196719671190096601801  69  701823  691839  73  761801  731900  75  88  95  87 108 131 160 191   0   0    0    01801
2120  28  13  24  14  37  201901  14  20 358  391902      66  661904  651909****////  58  571957  56 -1196869686195996711901  69  691926  681935  71  731902  712000  73  85  95  86 108 132 161 193   2   0    0    01901
2121 333   3 308   1 359  152003   3   4 359  232023      61  662034  612100****////  62  532030  58  -696949694210096862004  68  682001  672029  69  712001  692059  70  84  95  85 108 132 161 193   0   0    0    02001
2122 341   6 323   8 341  102138 334   8 352  162138      59  622141  572115****////  62  562140  58  -897019702215696952101  68  682106  682157  67  692102  672157  69  82  94  84 108 132 161 193   0   0    0    02101
2123 280   2 296   3 334   82201   0   0 321   72247      54  592201  532238****////  70  612202  63   497079707224697012208  67  682210  672256  65  672201  652300  67  81  93  83 108 132 161 193   0   0    0    02201
2200 185   2 174   2 356   22301 183   2 355   32333      49  542301  490000****////  78  702301  68  1497109711235697062301  67  672317  662315  64  662316  632315  66  80  93  82 108 132 161 193   0   0    0    02301
2201 316   6 316   7 317   70056 324   6 325   80052      49  500018  480002****////  79  760010  68  1697119712004197090016  66  670001  660056  63  640002  630056  65  79  92  81 108 132 161 193   0   0    0    00001
2202 307   2 312   3 339   70101 318   3 356  100128      49  510139  490129****////  77  760137  67  1297159716013697110103  65  660103  650200  61  630101  610200  63  78  92  80 108 132 161 193   0   0    0    00101
2203 272   2 283   3 327   50227   0   0 333   60204      48  510217  470252****////  75  740220  64   797149716023997140208  65  650201  650250  61  610201  610250  63  77  91  79 108 132 161 193   0   0    0    00201
2204  91   2  67   2 360   50326  79   3 355   70340      51  520344  480308****////  76  740312  67  1297109714030197100356  66  660337  650301  61  620341  610301  62  76  91  79 108 131 161 193   0   0    0    00301
2205 110   3  95   3 110   50435 126   2 139  100428      46  510401  440451****////  78  760401  66  1197059710040197050500  63  660401  630459  58  610401  580500  61  75  90  78 108 131 161 193   0   0    0    00401
2206 313   4 317   5 360   50511 310   4 354  100509      39  480516  390600****////  79  740515  64   697039706051697030557  58  630501  580600  52  580501  520600  58  74  90  77 108 132 162 194   0   0    0    00501
2207 307   5 310   6 322   60640 308   6 316   80640      34  380601  340700****////  83  790601  65   897069706064997020609  55  580601  550700  47  520601  470700  55  72  89  76 108 132 162 194   0   0    0    00601
2208 341   4 343   4 347   70708 335   5 357   90702      30  340701  290741****////  84  830701  64   697109710075097070701  55  550800  520731  47  470701  440733  52  70  88  75 108 132 162 194   0   0    0    00701
2209 271   5 284   3 347   40801 276   6 276   60900      45  450900  310801****////  84  840801  71  2097149714085297100806  62  620900  550801  56  560900  470801  53  68  88  74 107 131 161 194   0   0    0    00801
2210 284   2 309   5 333   50940 227   1 340   90952      67  671000  450901****////  65  650959  64   697189719095597140902  72  721000  620901  74  741000  560901  59  69  87  73 105 130 160 192   0   0    0    00901
2211  45   5  66   5  87  101044  36  11 134  131036      88  881100  681001****////  50  471038  57 -1097199720103897181001  88  881100  721001 105 1051100  751001  74  74  87  74 102 127 157 189   2  25    0    01001
2212 141  12 131  14 132  151145  96  13 323  281129      98  991150  851113****////  37  371151  45 -4297099719110497091159 108 1081200  891101 119 1191200 1061101  94  83  87  77 100 125 155 187   4  60    0    01101
2213 277  10 336  15 336  251245 224   6 357  341201      99 1001252  921232****////  34  321255  41 -5296959709120196951259 122 1231252 1081201 153 1531300 1201201 114  94  88  82  99 124 154 186   3  60    0    01201
2214 324  10  35  17 124  191316 339  20 358  331335     107 1081347 1001301****////  33  311342  42 -4996839695130196831400 132 1351354 1231301 162 1621400 1531303 126 106  91  88  99 124 154 186   3  60    0    01301
2215  89  12  67  14  88  151406  92  14 105  261455      91  931425  911410****  63  47  431436  54 -1696519660140196511459 116 1251431 1141457 134 1441434 1341459 105 103 100  95 108 130 163 193   0   0  285  2851401
2216  72  21  88  21  93  231524  80  30 328  391520      96  971543  951505****////  33  331532  39 -5996849684160096811502 100 1091502  991534 122 1351502 1221600 117 114  97  98 103 128 158 190   0   0    0    01502
2217  60  17  67  15 100  261618  69  14 340  431609      93  971609  931637****////  34  331613  40 -5896939693170096841601  89  991601  891700 106 1221601 1061659 109 112 100 100 104 128 159 191   0   0    0    01601
2218  70  14  85  18  91  211712  29   9 117  321712      90  931701  901752****////  34  321745  39 -6097059705175996931703  83  891701  831800  94 1061701  941800  99 108 101 100 105 129 159 191   1   0    0    01701
2219  56  17  57  14  87  181801  34  13 225  251815      89  901804  871843****////  34  331803  39 -6197199719190097051802  78  821801  781900  86  941801  861900  92 103 102  99 105 129 159 192   0   0    0    01801
2220  66  11  72  10  83  171902  52  14 335  321902      86  891904  851949****////  33  331912  37 -6897349734200097201901  76  781901  762000  82  861901  822000  86  99 102  97 106 129 159 192   1   0    0    01901
2221 334   6 359   8 359  122002 334   4 338  172055      77  872003  762044****////  45  332002  47 -3597489748205897342001  76  772017  762058  79  822001  792100  83  96 101  95 107 129 160 192   0   0    0    02001
2222 356  12 357   9 360  112128 337  16 359  192130      78  792132  732112****////  46  452131  49 -3197579757215997472101  74  762101  742152  76  792101  762200  79  93 100  93 107 129 160 192   0   0    0    02101
2223 342   9 350  10 354  132215  16  13 360  212210      74  792205  742235****////  51  462201  52 -2197659765225997572201  73  742201  732254  74  762201  742259  77  91  99  91 107 129 160 192   0   0    0    02201
2300  51  27  66  17  66  170000  73  33 353  342327      77  772355  712307****////  38  380000  40 -5797719771000097652304  70  732301  700000  70  742301  700000  74  88  99  90 107 129 160 192   2   0    0    02301
2301  59  13  64  12  70  180001 108  17 119  320015      72  770002  720100****////  33  330044  33 -8097759775004297710002  67  700001  670100  66  700001  660100  71  86  98  88 107 129 160 192   0   0    0    00001
2302  56  21  54  15  55  190128  61  23 345  330121      68  730102  670156****////  37  320110  37 -6997769776015697740135  63  670101  630200  60  660101  600200  67  84  97  86 107 129 160 192   1   0    0    00101
2303  32  11  49  13  57  190207  73  26 358  450240      61  670201  610300****////  35  340241  33 -8297789778023797760202  60  630201  600259  55  600201  550259  63  81  96  84 108 129 160 193   0   0    0    00201
2304  70  14  72  13  73  170313  92   9 115  290330      57  620324  570359****////  34  320323  31 -8997739778030197730359  56  600301  560353  50  550301  500400  59  78  94  83 108 129 160 193   2   0    0    00301
2305  73   5  90   6  99  130401  88   4 132  160413      34  570401  340459****////  47  340401  37 -6897699773040397680455  51  560401  510459  44  500401  440500  55  75  93  80 109 130 161 194   0   0    0    00401
2306  48   2  77   2 103   60539  74   2 354  100536      23  340501  230553****////  57  460502  41 -5397659769050197650555  47  510501  470558  39  440501  390600  51  71  92  78 109 131 162 195   0   0    0    00501
2307  29   3  19   2 117   20601  18   4  32   40656      16  230601  150639****////  68  550602  47 -3797659766060497650646  44  470601  440700  35  390601  350700  47  68  90  76 109 131 162 195   0   0    0    00601
2308 347   5 353   6 359  110722 359   5 360  210718      59  600731  560704****  63  78  760728  72  2497089708080096970707  58  580800  560719  55  550704  540731  71  83  96  85 110 132 164 195   0   0  285  2850701
2309   0   0   0   0 141   60805   0   0 175   70804      22  220900   70802****////  65  590823  47 -3797659768082897650900  44  440900  390811  35  350900  290813  40  62  87  71 108 131 162 195   0   0    0    00802
2310 102   3  60   3 323   30912 119   5 226   50914      61  670949  230901****////  32  300949  30 -9497629765090197610939  58  581000  440901  61  611000  360901  48  62  86  70 104 127 158 191   3   6    0    00901
2311 182  11 192  11 195  121034 161  12 249  221041      73  751057  631001****////  31  291026  32 -8797559762100197551100  79  791100  591001  93  931100  621001  64  67  86  70 101 125 155 188   4  60    0    01001
2312 278  14 292   9 358  141115 207  26 207  261200      81  851130  711104****////  33  301102  36 -7297409755110297401200  97  981154  791101 107 1071200  941101  85  76  85  72  99 123 154 187   3  60    0    01101
2313 201  31 196  24 196  251255 201  25 206  351258      90  921244  811208****////  36  311212  41 -5397179740120197171300 115 1161258  981201 137 1371259 1071201 104  87  86  77  99 123 154 187   4  60    0    01201
2314 239  20 186  20 267  251301 248  18 248  411350      94 1011334  871304****////  36  331335  42 -4996989717130196981400 126 1281334 1141301 147 1481345 1371301 117  99  88  83  98 123 154 186   2  60    0    01301
2315 237  14 211  18 234  231453 239  18 327  431444      99 1031412  941425****////  35  331439  43 -4896859699140396851459 125 1301443 1211427 143 1541443 1431500 124 107  91  89  99 123 154 187   1  60    0    01401
2316 166  13 203  20 207  231557 107   7 332  331511      98 1031527  931539****////  36  341519  44 -4696789685150196771551 111 1311526 1101557 126 1471525 1261559 123 112  94  94 100 125 156 189   0  34    0    01501
2317 203  20 194  19 220  191625 203  23 215  291643      91  971602  911659****////  40  361601  46 -3896749678160596741647  97 1111601  971700 113 1261602 1131700 114 113  97  98 102 126 157 190   0   2    0    01601
2318 185  18 193  13 234  201702 179  14 269  211705      86  901701  851759****////  44  401701  49 -3096699674170196691759  88  971737  881800  99 1121701  991800 105 110  99  99 103 127 158 191   0   0    0    01701
2319 186  14 196  12 242  181812 185  17 299  291821      84  861801  831840****////  46  431809  51 -2596689669182796671820  83  881801  831900  91  991801  911900  96 105 100  99 104 128 159 191   0   0    0    01801
2320 182   6 187   7 193  171918 185   5 207  191912      79  841901  791958****////  52  451910  55 -1396679669192596671911  82  831901  821940  88  911901  882000  91 101 101  97 104 128 159 191   0   0    0    01901
2321   5   3  28   2 182   92009  98   7 360  112006      75  822024  752055****////  52  472025  54 -1796639668200196632045  80  822001  802100  84  882002  842100  87  98 101  95 105 128 159 192   1   0    0    02001
2322 318   2 340   3 360   42117 324   2 358   72120      71  762103  702152****////  60  522103  60  -196579663210396572159  79  802101  792150  82  842103  822200  84  96 100  94 105 128 159 192   0   0    0    02101
2323 294   2   0   0 360   32201 302   2 358   42202      67  712201  672248****////  64  582208  63   496519657220196502259  78  792202  782300  80  822201  802257  82  94  99  92 106 128 159 192   0   0    0    02201
2400  48   5  35   6  35   72352  63   7 350  142351      74  740000  672301****////  52  522358  54 -1896479650230196472344  77  782314  772354  79  802302  792358  80  92  99  91 106 128 159 192   0   0    0    02301
2401  63   7  56   6  65  170031  67   7 331  240015      71  750005  700055****////  48  470031  48 -3296429647000196420059  74  770001  730036  75  790001  750100  78  90  98  90 106 127 159 192   1   0    0    00001
2402  54   5  28   5  61  110122  96   3 357  170117      68  710101  680151****////  51  480110  50 -2696399642010196380157  73  740102  720123  74  750101  740158  75  88  97  89 106 127 159 192   0   0    0    00101
2403  44   8  48   6  61   70226  53   5 356  140248      66  680201  660250****////  52  510227  51 -2596359639021496350300  72  740207  720300  72  740201  720259  74  87  97  87 106 127 159 192   0   0    0    00201
2404  30  13  29  12  29  120400  38   9 358  210357      64  660301  640354****////  52  520313  50 -2796329635030196320358  70  720301  700400  70  720302  700400  72  85  96  86 108 128 158 191   0   0    0    00301
2405  32   8  50  10  61  120401  34  15 356  240444      61  650403  610443****////  52  520433  49 -3096299633041296290458  68  700409  680457  68  700408  680459  70  84  95  85 107 128 159 192   0   0    0    00401
2406  89   3  84   4  84  130509  99   2 354  160526      58  610501  580555****////  54  520501  50 -2896289629050596270556  67  680522  670549  66  680501  660559  68  82  94  84 107 128 159 192   0   0    0    00501
2407   6   8   3   7  23   90640   1  12 357  140621      58  580601  570618****////  54  530649  50 -2896309630065896280601  66  670601  660652  64  660601  640648  67  81  94  83 107 128 159 192   1   0    0    00601
2408  27   5  22   4  48   80709  29   4 351  160735      60  600741  580701****////  53  520751  50 -2896349634074496300701  67  670800  660714  65  650759  640708  66  80  93  82 106 128 159 192   0   0    0    00701
2409  73   4  45   4  49   90813   0   0 359  130805      63  630857  600801****////  52  520807  50 -2896369636085896330824  69  690900  660813  68  680900  650811  66  79  92  81 106 127 159 192   0   0    0    00801
2410  42   8  52   5  55   60939  86   5 359  100906      69  690957  630901****////  51  500955  51 -2596389638095996360901  75  750959  690904  76  761000  680901  68  79  92  80 105 127 158 191   0   0    0    00901
2411  96  12  85   6  85   61100  84   8 107  141059      74  761058  691001****////  50  501045  51 -2396379638100496361056  81  811100  751007  86  861100  771001  73  80  91  80 105 126 158 191   0   0    0    01001
2412 213   4 219   7 242   81143 216   3 337  121135      77  801134  741101****////  52  501104  55 -1596279636110196271200  89  891200  811101  96  961200  871101  80  83  91  81 104 126 157 190   0   0    0    01101
2413 131   2 186   3 226  111243 156   2 244  161241      85  851300  781201****////  51  501214  57 -1196099626120196091300  94  941300  891201 105 1051251  971201  87  87  91  83 104 125 157 190   1   0    0    01201
2414  85  13  73   9 171  121332  38  11 118  181351      85  861358  811332****////  50  491312  55 -1395959609130195951358  96  971348  941333 108 1091349 1051301  92  91  92  85 103 125 157 190   1   0    0    01301
2415  67  12  53  11  66  131419 340   7 356  221416      80  851401  801458****////  52  501412  56 -1295859595140195851451  87  951401  871500 100 1081401 1001459  93  93  93  86 104 126 157 191   0   0    0    01401
2416  80  13  61  14  84  141506  81  10 109  261542      78  811522  781556****////  54  521502  57  -995849586150595841555  83  891502  821503  93 1111502  931600  90  94  94  88 104 126 158 191   0   0    0    01501
2417  28  18  38  10  66  151634  37  19 355  241611      77  781601  771649****////  56  541604  59  -595869586170095831611  80  831601  801700  88  931601  881700  86  93  95  89 105 126 158 191   0   0    0    01601
2418  21   9  23   8  37  151744  13  17 357  191709      74  771701  741759****////  59  561701  61  -195899589175495851725  77  801701  771748  82  871701  821800  83  92  95  89 105 126 158 191   0   0    0    01701
2419  60   8  62   9  82  121828  66   5 151  181825      74  741806  731803****////  60  581807  62   295979597190095891801  76  771801  761900  79  821801  791900  79  90  95  88 105 126 158 191   0   0    0    01801
2420  31  18  22  15  23  151959  21  21  21  212000      71  741901  711958****////  59  591956  59  -496079607195895971901  74  761902  742000  76  791901  762000  77  88  95  87 105 126 158 191   0   0    0    01901
2421  33  14  36  12  49  182008  43  15 359  322024      69  712001  692055****////  61  592007  61  -196139613205896082001  72  742001  722051  74  762001  742059  75  87  95  86 105 127 158 191   0   0    0    02001
2422  33  15  45  12  48  182127  28  18 359  362104      66  692101  662154****////  62  612101  60  -296199619220096132101  71  722101  702129  72  742101  722200  73  85  94  86 105 127 158 191   0   0    0    02101
2423   4  14  19  13  21  162252  27  13 359  242231      63  662201  632300****////  64  622201  61   096209620225496182202  69  712202  692254  70  722201  702254  71  84  94  84 106 127 158 192   0   0    0    02201
2500  24  16  30  13  30  142348  24  13 357  262306      63  642308  632303****////  65  642314  62   296219622234396192301  69  702313  690000  69  702301  692357  70  83  93  84 106 127 158 192   0   0    0    02301
2501  38  20  53  12  61  190026  56  14  85  330025      62  630001  620050****////  64  640026  61  -196219622000196200013  68  690003  670030  68  690003  680100  69  81  93  83 106 127 158 192   0   0    0    00001
2502  51   9  63  11  72  140105  88   7 329  200113      61  620112  610152****////  66  640101  62   296249624015796210101  67  690135  670200  67  680103  670200  68  80  92  82 106 127 158 192   0   0    0    00101
2503  74   9  60   8  70  130217  36   8 337  220215      61  610215  600243****////  67  660201  63   496289628030096240205  68  680245  670201  67  670204  670300  67  80  92  81 105 127 158 192   0   0    0    00201
2504  80  10  61   8  63   90337  88   8 109  160334      60  610301  600312****////  67  670303  63   396249628030196230359  67  680315  670351  66  670314  660357  66  79  91  80 105 127 158 192   0   0    0    00301
2505  32   5  27   4  77   80401  66   7 359  140412      58  600401  570456****////  70  670401  65   896249624050096230422  68  680412  670401  66  660410  660500  66  78  91  80 105 127 158 192   0   0    0    00401
2506 172   1 125   4 125   60506 168   2 360  110504      57  580503  570559****////  72  690507  66  1196269627055096240522  68  680553  670508  66  660542  660507  65  78  90  79 105 126 158 192   0   0    0    00501
2507 313   7 301   5 301   50700 323   6 323   90658      55  570601  540627****////  75  720601  68  1496329632070096260604  68  680602  670659  65  660601  650700  65  77  90  79 105 127 158 192   0   0    0    00601
2508 347   5 332   8 332   90754 348   7 354  120752      57  570721  550701****////  71  710719  65   996419641080096320701  67  680709  670800  64  650701  640759  64  77  89  78 105 127 158 192   0   0    0    00701
2509 333   4 320   5 338   80801 344   3 356  100840      59  590855  560814****////  69  690852  64   796499649090096400805  68  680900  670801  65  650900  640801  64  76  89  78 105 126 158 192   0   0    0    00801
2510 338   7 327   7 327   90953 347   6 358  110936      64  640956  580911****////  66  650956  63   596589658095796500901  69  691000  680901  69  691000  650901  65  76  89  77 104 126 158 191   0   0    0    00901
2511 295  10 309   7 309  141046 325   7 338  191045      71  711058  641001****////  62  621054  63   396629662104496581001  76  761100  701001  77  771100  691001  68  77  88  77 104 126 157 191   0   0    0    01001
2512 204  14 238   9 335  141117 188  10 352  201114      76  781156  711101****////  63  581151  66  1096589662110196581200  84  841159  761101  90  901200  771101  74  79  88  78 103 125 156 190   1   0    0    01101
2513 335   4 257   7 257  121241   7   2 294  201239      84  841258  761201****////  57  571300  63   496489658120196481300  95  951300  801204 104 1041300  841203  82  82  88  79 102 124 155 190   0   0    0    01201
2514 225  16 208  15 208  151355 246  14 255  241348      86  881338  831318****////  55  541339  61   196399648130196391353  99 1001357  941306 112 1121354 1041301  91  87  89  81 101 124 155 189   0   0    0    01301
2515 180  11 194  13 270  151401 174  11 227  211447      89  901436  861402****////  53  521459  60  -296329639140196321500 100 1001436  991401 114 1141500 1111402  96  92  90  84 101 124 155 189   0   0    0    01401
2516 183  16 176  15 176  151557 195  24 195  241600      88  921520  881559****////  54  501512  61   096329632153396311518  94 1031514  941600 105 1161516 1051600  97  96  91  86 102 124 156 190   0   0    0    01501
2517  76  25  89  23  91  231659  93  20 117  341647      84  891604  841657****////  52  521700  57  -996389638165996321601  86  951606  801650  93 1051605  841649  92  96  93  89 103 125 156 190   0   0    0    01601
2518  82  28  86  27  86  281759  95  15 108  481733      76  841701  761800****////  53  491719  55 -1496479647180096381704  77  851701  771800  81  931701  811800  86  95  94  89 103 125 157 191   0   0    0    01701
2519  87  32  88  21  88  281803  74  30  99  441858      70  751801  701855****////  57  531802  57  -996589658190096471801  73  771801  721845  73  811801  731843  78  91  94  89 104 126 157 191   0   0    0    01801
2520  88  20  89  19  89  271906 109  14 113  351937      65  711906  651959****////  62  561901  60  -296699669195996591901  71  731903  711954  70  741913  702000  74  88  94  87 104 126 157 191   1   0    0    01901
2521  82  11  85  11  92  242018  80   9 145  332015      63  652001  632044****////  61  602013  58  -796739673205996692007  70  712001  702051  68  702001  682058  71  85  94  86 104 126 157 191   0   0    0    02001
2522  38   8  43   7  86  172131  32   4 341  332124      61  632104  612200****////  60  592139  56 -1196789678215796732101  68  702103  682156  65  682101  652149  69  83  93  84 105 126 157 191   0   0    0    02101
2523  54  22  46  21  46  222255  70  20 349  422206      58  612206  582253****////  62  592205  57  -996809680222796782201  64  682201  642257  62  652201  622258  66  81  93  83 105 126 158 191   0   0    0    02201
2600  81  19  79  20  81  212301 107  22 107  372353      57  582301  572322****////  63  622301  58  -896799679230396772347  64  652349  642358  61  622301  610000  64  79  92  81 105 126 158 191   0   0    0    02301
2601  46  11  65  11  91  210001 109   7 354  270001      57  570001  560017****////  61  610054  56 -1296779680001496760058  64  650020  630056  61  610019  600053  63  78  91  80 105 126 158 191   1   0    0    00001
2602  73  21  76  20  76  260141  65  28 170  400110      55  570101  540159****////  62  610103  56 -1296749677010296740156  61  640102  610156  58  610107  580154  61  76  90  79 105 126 158 191   1   0    0    00101
2603  72  14  70  18  81  240203  30  11 161  610201      53  550203  530257****////  62  610251  55 -1496709674020196700259  60  610233  600258  56  580201  560300  61  75  89  78 104 125 157 192   0   0    0    00201
2604  58  10  77  13  82  220325  46  12 355  380301      50  530302  500358****////  67  620305  58  -696659670031496650400  60  610315  590304  58  600313  550323  59  74  89  77 104 126 158 191   0   0    0    00301
2605  70  23  62  23  65  250458  58  21  93  550449      50  510404  490427****////  65  650456  57 -1096609666040196590458  57  600401  570458  55  580406  550500  58  73  88  76 104 126 158 192   0   0    0    00401
2606  49  25  67  19  68  270533 115  11 355  470528      50  510537  490515****////  64  630534  56 -1296589659050196570524  57  570559  560530  55  550501  540530  57  72  87  75 104 126 157 191   1   0    0    00501
2607  70  16  70  16  74  200601  55  17  96  380657      49  510601  490624****////  65  640601  56 -1196609660065996570612  56  570607  560654  53  550607  530700  56  71  87  74 104 126 158 192   0   0    0    00601
2608  68  26  57  17  81  170706  82  31  82  310800      48  490701  470747****////  64  640800  55 -1496639663080096600702  55  570732  550757  51  530717  510759  54  70  86  73 104 126 158 192   0   0    0    00701
2609  68  11  74  15  76  200803 117   9 344  410816      52  520900  480801****////  62  620844  55 -1596679667090096630801  59  590900  540802  57  570900  510801  54  69  85  73 103 126 157 191   0   0    0    00801
2610  93  16  83  16  86  250933 106  16 351  330911      59  591000  520901****////  58  580958  54 -1796699670094296670902  66  661000  590901  69  691000  580901  58  69  85  72 102 125 157 191   0   0    0    00901
2611 101  20  96  15  96  231010  97  18 166  321025      70  741056  591002****////  52  511049  52 -2296679670102796671059  86  861100  661002  98  981100  691001  69  72  85  73  99 122 154 188   4  23    0    01001
2612  89  21  79  20  97  271125  92  23 133  451131      77  791149  691103****////  47  461150  49 -2996589667110696581200  97  981146  861101 113 1141138  991101  88  79  85  74  98 121 153 187   3  55    0    01101
2613  99  20  99  22 122  301221  13  19 341  471211      84  931244  751226****////  47  441245  52 -2396469658120196461300 117 1181250  971201 144 1451249 1131201 106  89  86  79  97 120 152 186   2  31    0    01201
2614  28  12  41  19 103  251340  25  16 163  391308      76  901325  761400****////  50  451320  52 -2296349645130196341358 100 1201319 1001400 129 1491314 1291400 115  99  88  84  98 122 154 188   1  10    0    01301
2615  64   8  40  13  61  191401  85   4 359  351424      77  781452  761430****////  49  481411  51 -2396309634140196301439  89  991401  881457 117 1281401 1091459 103 105  90  84 100 124 155 189   0   0    0    01401
2616  88  11  89  10  96  131501  54   7 343  181502      77  791516  771507****////  49  471523  51 -2396289630150196281600  87  891521  861548 103 1121502 1031600 100 102  92  91 100 124 155 190   0   0    0    01501
2617 119   2 148   2 151  131630   0   0 198  201624      77  791620  771601****////  49  471615  51 -2396319631164996281601  85  891624  851700  96 1031623  961700  96 100  94  92 101 124 156 190   0   0    0    01601
2618 176  18 180  21 180  211759 176  15 185  271756      72  771701  721758****////  58  491701  59  -596359635175996311702  78  851701  781800  87  961701  871800  90  98  95  92 101 124 156 190   0   0    0    01701
2619 200  11 199  15 199  241810 216  21 216  301806      69  721801  691853****////  60  571806  60  -396449644185996351801  75  781801  741858  80  871801  801859  84  95  95  91 102 124 156 191   0   0    0    01801
2620 173  15 171  16 181  221952 174  18 195  311928      65  691901  652000****////  63  591902  61   096539653195896441901  71  751901  712000  73  801901  732000  79  92  95  90 102 123 157 190   0   0    0    01901
2621 211   8 203   6 203  152001 211   7 230  202003      52  652001  522100****////  68  622001  60  -296599659210096532001  64  712001  642100  64  732001  642100  73  88  95  88 103 125 157 191   0   0    0    02001
2622 162   4 167   5 189  112137 155   3 218  132132      46  522101  462200****////  70  682101  59  -496629663215296592108  60  642101  602154  58  642101  582200  67  84  94  86 104 125 157 192   0   0    0    02101
2623 186   3 178   5 180  132224 194   4 201  172217      44  522227  432210****////  70  652228  59  -696609662220796592242  59  602226  592259  56  582201  562300  64  81  93  84 104 125 157 192   0   0    0    02201
2700 170   1 189   1 255  102337   0   0 214  132334      33  442301  332356****////  76  702301  59  -596589660232496582337  54  592301  542358  48  552301  482359  59  78  92  81 104 126 158 192   0   0    0    02301
2701 347   2  16   3  99   50047 353   2 353   70045      24  330001  240100****////  81  760001  59  -596579658000196560047  49  540003  490100  43  480003  430100  55  74  91  79 105 126 158 193   0   0    0    00001
2702 110   6 103   3 103   30159 118   4 118   90158      24  250157  210118****////  83  810101  60  -296519657010296510157  52  520159  480114  45  450159  410112  52  71  89  77 105 126 158 193   0   0    0    00101
2703   0   0  20   1 352   50243   0   0 349  100242      20  260209  200259****////  84  830201  59  -496479651020196470300  44  520202  440300  36  440208  360300  49  69  88  75 105 126 158 193   0   0    0    00201
2704  95   4 130   3 173   40329  87   4 192   70325      15  200302  130346****////  86  840301  59  -696419647030196400357  40  440301  400400  30  360301  300400  44  66  86  73 104 127 159 193   0   0    0    00301
2705  32  12  32   8  32   80500  37  12  37  130458      15  150500  100445****////  86  860410  59  -696369641040296350448  38  400401  380453  26  300401  260500  40  62  85  70 105 127 159 193   0   0    0    00401
2706   6   4  42   3 160   90502   9   4 170  100501       7  170502   50534****////  87  860505  56 -1296329636051896320558  36  380504  360600  23  260501  230600  36  59  83  68 105 127 159 194   0   0    0    00501
2707 101   3 118   3 150   40652  81   3 130   50654       0   70601   00657****////  87  870601  53 -1996339634061296320653  33  360601  330700  20  230602  200700  33  56  82  66 104 127 159 194   0   0    0    00601
2708   0   0 143   2 344   40702   0   0 175   80744      10  100800   00702****////  87  870701  57  -996389638080096330701  35  350800  330717  23  230800  180701  31  54  80  64 104 126 159 193   0   0    0    00701
2709 207   9 198   7 198   70900 226   9 226  110859      31  310859  100801****////  87  870801  66  1196429642085796380804  45  450900  350801  35  350900  230801  34  53  79  62 102 125 158 192   0   0    0    00801
2710 176   5 176   8 196   90905 188   4 201  140934      53  540957  310901****////  69  691000  61   196439645094796410918  62  620956  450901  61  611000  360901  44  55  78  62  99 123 155 190   2   0    0    00901
2711 181  19 189  19 189  191059 193  19 235  261053      63  641036  531001****////  66  661032  63   496449646103996421010  76  761100  621001  88  881100  611001  59  60  78  62  97 121 153 188   1  13    0    01001
2712 121  11 132  14 200  211126 104   8 250  331109      72  761150  631101****////  59  581151  60  -396309644110696301158  95  971155  761101 108 1081200  881101  79  69  78  65  95 123 149 188   3  38    0    01101
2713 248  13 225  12 225  141217 242   9 284  241216      90  901300  731201****////  54  541257  62   296139630120196131259 117 1171300  951201 135 1361259 1091201  97  81  79  70  94 119 151 186   0   8    0    01201
2714 181   6 112   8 137  161334 198   5 199  221325      77  901322  761338****////  55  511319  58  -896049613130296031355  92 1181322  921357 110 1421320 1101400 103  91  81  76  96 121 154 188   0   8    0    01301
2715 238   8 256   5 258  151414 234   8 287  221408      77  781402  751412****////  54  541403  57 -1095979604140195951440  85  981430  851431  98 1091401  981500  95  93  84  81  97 122 154 189   0   0    0    01401
2716   5  10  15  10  27  101551  21  11 354  151551      74  771510  741551****////  58  531526  60  -395939597150695911552  79  851501  791600  91  971502  911600  90  93  86  83  97 123 155 190   0   0    0    01501
2717 120  16 118  17 121  181656 122  16 139  221643      72  751608  721658****////  59  571622  60  -395959595165995901643  76  801614  761657  84  911601  841657  85  91  88  84  98 123 155 190   0   0    0    01601
2718 110   8  91   9 119  171701 124   6 124  201719      71  721703  701745****////  60  581701  60  -195979599175495931713  74  761707  741757  79  841701  791759  80  89  89  84  98 123 155 190   0   0    0    01701
2719  57   5  46   7 124  111812  80   8 360  161805      68  711801  681851****////  63  591810  62   396029605185695981801  71  741802  711858  75  791801  751900  77  87  89  83  98 123 155 190   0   0    0    01801
2720  32  11  33  14  33  161957  47   9 348  251939      66  691901  661955****////  67  631901  65   996139613200096021902  69  711901  691959  72  751901  721955  74  85  89  83  99 123 155 190   0   0    0    01901
2721  40   9  42  10  55  152018  21   2 360  252016      63  662003  632048****////  69  672001  66  1096159616204996112028  68  692012  682059  70  722001  702059  72  83  89  82  99 123 155 190   0   0    0    02001
2722  23  15  27   8  63  132115  61   8 360  212114      61  642101  612157****////  71  692101  67  1296189619213596132105  67  682106  662116  68  702101  682200  70  81  89  81  99 123 155 190   0   0    0    02101
2723  34   6  49   5  75  122206  42   8 360  182220      60  612201  592257****////  72  712201  67  1396169619220896162300  67  672239  662206  67  682201  672244  68  80  88  80  99 123 155 190   0   0    0    02201
2800 360   1  33   2  68   72304   0   0 347  102334      60  602301  592327****////  73  722301  68  1596179618235796152326  68  682358  672305  67  682351  672330  67  79  88  79 100 123 155 190   0   0    0    02301
2801  88   3  46   4  46   60056  71   4 112  110048      58  600001  580051****////  74  730001  68  1596119617000196110100  67  680001  670100  66  670001  660057  66  78  88  78 100 123 155 190   0   0    0    00001
2802 121   2  40   1 356   50129   0   0 353   70129      55  580101  550152****////  77  740101  70  1896049612010696040158  66  670111  660154  65  660101  650155  66  77  87  78 100 123 155 190   0   0    0    00101
2803 333   5 324   5 324   50248 330   8 333   80257      53  550201  530232****////  78  770201  69  1895989606020395980300  66  660202  660254  64  650201  640255  65  76  87  77 100 123 155 190   0   0    0    00201
2804  76   2   0   0 360   50301  76   3 350   50301      51  530301  510352****////  79  780301  69  1895869598030595860400  65  660301  650358  63  640301  630356  64  76  86  76 100 123 156 191   0   0    0    00301
2805  42   6  55   8  67  100427  22  12 335  180449      55  550452  510402****////  75  750445  68  1495789594042195780500  64  650402  640500  62  630401  620500  63  75  86  76 100 123 155 190   0   0    0    00401
2806  92   6  72   6  72   90538  54  13 358  160535      54  550501  540504****////  75  740508  67  1395799584051695780539  64  640531  630542  62  620510  620559  62  74  86  75 100 123 155 190   0   0    0    00501
2807  51   5  41   5  79   70606  80   8 357   90601      53  540602  530640****////  75  750601  67  1295819581065395770612  63  640601  630618  61  620601  610659  61  73  85  75 100 123 155 190   0   0    0    00601
2808 358   4 349   5 358   60740  20   5 357  110714      53  530747  530734****////  75  740717  67  1295879587075995810702  63  630749  630717  61  610706  610743  61  73  85  74  99 122 155 190   0   0    0    00701
2809  61   6  65   7 360   70821  60  10 359  110822      55  550855  530802****////  73  730852  66  1195829592083395820859  63  640813  630857  62  620850  610801  61  73  84  74  99 122 155 190   0   0    0    00801
2810  71  14  75  11 360  150922  79  17  81  200958      58  580954  550901****////  70  690953  65   895869594093195820902  65  650957  620919  65  650958  620901  61  72  84  73  99 122 155 190   1   0    0    00901
2811  17  17  46  13  79  141004  20  22  45  241055      59  591046  571009****////  69  691040  64   795899590102495861002  66  661054  641023  68  681055  641017  63  73  84  73  99 122 155 190   0   0    0    01001
2812  50  12  58  12  61  191115  54   8 359  291130      58  591105  581101****////  72  691101  66  1195839589110195831200  67  671200  641114  72  721159  681102  65  73  84  73  98 122 154 189   0   0    0    01101
2813  45  23  41  21  58  211218 124  10 352  411236      57  581202  561218****////  69  691300  63   595729582120195711248  66  671204  651217  73  731300  711216  66  74  83  74  98 122 155 190   0   0    0    01201
2814  64  21  49  21  49  231353   6  13  71  421355      58  591353  561318****////  70  681303  65   895659571130595651400  68  681345  661301  77  771353  731301  69  75  84  74  98 122 154 190   0   0    0    01301
2815  66  21  58  18  72  241438  54  20  54  421458      59  601427  571414****////  70  681433  65   995639565140295621430  67  691425  661415  75  771433  751416  69  77  84  75  98 121 154 190   0   0    0    01401
2816  58  19  66  21  68  221518  69  35  90  391538      58  601507  581521****////  71  691508  65  1095689568155995631501  65  671503  651600  73  751508  731600  69  77  84  75  98 121 155 190   0   0    0    01501
2817  63  15  73  17  78  231601  67  14 335  341619      57  581617  571628****////  73  711601  67  1295759575170095671602  64  651620  641700  69  731601  691700  67  77  84  76  98 122 155 190   0   0    0    01601
2818  12  18  18  17  75  171701 360  18 360  271719      59  591737  571701****////  72  721722  67  1295949594180095761701  62  641736  621800  66  691701  661800  66  76  84  75  98 122 155 190   0   0    0    01701
2819 335   8 356   8 356  171801 340   9 360  311814      59  601818  581803****////  73  711816  68  1496109610190095941801  63  631827  621818  64  661801  641858  64  75  84  75  98 122 155 190   0   0    0    01801
2820 337   8 338  11 341  131953 299   8 355  201948      59  601922  581905****////  73  711920  68  1496239623200096101901  62  631903  621917  62  641901  622000  63  74  84  75  98 122 155 190   0   0    0    01901
2821 349   2 323   7 352  112029   8   3 356  162028      57  592009  572056****////  75  732001  69  1696359635205996232001  62  632046  622009  61  622001  612059  62  74  84  74  98 122 155 190   1   0    0    02001
2822 334  11 329   9 338  102127 333   7 352  172121      57  582133  562119****////  75  742103  69  1696499649220096352101  62  622103  622158  60  612101  602200  61  73  84  74  98 122 155 190   0   0    0    02101
2823 358  15   1  13  11  132246 358  14 358  202258      60  602228  572201****////  71  712245  66  1196629662230096502201  61  622205  612247  59  602201  592300  60  72  83  73  98 121 154 190   1   0    0    02201
2900 344  10 360   8 360  132301 342  11 359  152307      60  612348  592317****////  69  682347  64   896719671235496622301  61  612316  612349  58  592301  580000  59  71  83  73  98 121 155 190   0   0    0    02301
2901  55  14  39  10  41  100059  82   9 360  240045      63  630100  530043****////  51  510100  49 -3196779678005596710001  59  610002  590100  56  580001  550037  58  70  83  72  98 121 155 190   0   0    0    00001
2902  60  12  62  12  72  150113  81  15 358  300111      64  660112  630101****////  34  330154  33 -8396889688020096770103  55  590101  550153  53  560101  520153  56  70  82  72  98 121 154 190   0   0    0    00101
2903  70  12  70  10  82  210227  83  17 334  350219      60  640203  600258****////  31  290240  29 -9896979697030096870209  55  550201  530229  51  530201  510242  54  68  82  71  98 121 154 190   0   0    0    00201
2904  75   8  85   9  96  240332 114   7 128  420312      56  610310  560358****////  30  270338  27-10697039703035396970306  53  540301  520332  49  510301  480343  52  67  81  70  98 121 154 190   0   0    0    00301
2905  80  27  80  24  81  240457  94  23 103  380453      54  570407  540446****////  23  230450  21-14197079708042397030401  49  530401  490500  45  490423  450500  50  65  81  69  98 121 155 190   1   0    0    00401
2906  75  18  81  27  83  280557 115   8 115  450555      51  540501  500553****////  23  220538  20-14397109710060097050514  45  490507  450600  41  450505  410559  47  64  80  68  98 121 155 190   1   0    0    00501
2907  80  18  82  20  82  280619  72  18 129  440613      48  510601  480657****////  26  230614  22-13197279728065897100601  43  460604  430654  39  420604  390657  44  62  79  67  97 121 155 190   0   0    0    00601
2908  69  17  78  17  90  270720  80  24 128  400716      43  470701  430754****////  25  240717  21-14097389738080097270701  43  450710  430746  37  390702  370800  42  60  79  65  97 121 155 190   0   0    0    00701
2909  84  33  75  22  75  220900  93  43  93  430900      43  440814  420826****////  20  190859  17-16797579757085897400801  41  430853  410831  38  380857  370812  41  58  78  64  97 121 155 190   1   0    0    00801
2910  24  27  62  26  96  300914 347  43 347  430906      44  460947  430901****////  23  180939  19-14997719771095597570901  46  480950  410901  47  480958  380901  42  57  77  63  96 121 154 190   2   0    0    00901
2911  41  17  58  21  84  321009  44  19 359  441001      43  471038  431100****////  26  201034  22-13597819782105597701001  50  521046  451008  59  591100  471003  48  58  76  62  96 121 154 190   3   0    0    01001
2912  98  29 107  28 151  281120  74  17 260  521110      47  471200  411122****////  31  261102  26-11097809783113797801158  67  671200  501101  76  761200  601101  56  61  76  63  95 120 153 189   0   0    0    01101
2913  82  10  92  16 104  361211 115   5 349  521208      50  531252  451209****////  29  291259  25-11697749780120297741254  76  781257  671234  92  921300  771201  66  66  76  64  94 119 153 189   1   0    0    01201
2914   1   6 328  12 348  281328 346   8 353  391335      56  571313  501340****////  32  291306  29 -9897679774130297661359  92  921356  771301 114 1151356  921314  81  73  77  67  92 118 152 187   3  14    0    01301
2915  12  11 338  15 360  181439  31   7 359  291412      60  611433  541411****////  30  301452  28-10397599767140197591500  95  971436  911445 118 1191432 1151401  93  81  78  71  91 118 151 187   4  59    0    01401
2916 206   6 188   7 354  191530 214   3 353  271528      60  631522  581507****////  29  291518  27-10797609760153097581517  86  971506  851548 105 1181502 1051600  95  88  80  76  92 119 152 188   0  25    0    01501
2917 312  22 314  14 345  191647 325  12 360  401628      58  611604  581613****////  32  291601  29 -9697659765165997601614  73  861603  721626  89 1051602  891700  89  90  82  79  94 119 153 189   0   0    0    01601
2918 304  13 319  12 325  201718 275   9 354  311718      53  581701  531758****////  33  311703  29 -9797729772175997651702  62  731701  611756  72  891701  721800  79  88  84  80  95 120 154 190   0   0    0    01701
2919 273   6 309   5 331  121802 301   4 360  191801      49  531801  481848****////  36  331828  31 -8997799779185597721802  58  621801  581855  64  721801  641900  71  83  85  80  95 121 154 190   0   0    0    01801
2920 220   8 241   7 253  121927 244   6 273  181944      51  531940  461915****////  32  311946  28-10297889788195797791901  56  581901  551951  58  641901  582000  65  80  85  78  95 121 154 190   0   0    0    01901
2921 125   2 163   3 222  102044 210   1 227  162043      46  512001  452025****////  42  312044  36 -7297909791203497872001  54  562002  542046  55  582001  552100  61  76  85  77  96 121 154 190   0   0    0    02001
2922 205   7 209   7 209   82147 211   7 230  122147      42  462114  362141****////  36  352112  30 -9597939793212297902141  52  542101  522159  52  552101  522200  58  73  84  75  96 121 155 191   0   0    0    02101
2923 190  10 182  12 182  162246 213   7 213  242244      44  472236  412212****////  37  342234  31 -9097939795221697912229  50  522201  502253  49  522201  492251  55  71  83  73  96 121 154 190   1   0    0    02201
3000   0   0   0   0 345  112301   0   0 348  152315      39  462318  392356****////  48  342315  39 -6197929795234297912318  51  512309  502301  48  492307  482354  53  68  82  72  96 121 154 190   0   0    0    02301
3001 206   6 197   4 201  160041 197   6 243  250040      38  440043  340023****////  41  350042  33 -8297839792000497820051  49  510001  480042  45  480001  450057  51  67  81  70  96 121 154 190   0   0    0    00001
3002 172   6 169   4 203  170123 161   3 219  230120      31  410126  310200****////  44  360124  34 -8097809783010197800157  43  490101  430200  39  450101  390200  48  65  81  69  96 121 155 191   0   0    0    00101
3003 196  10 196   8 196  130242 203   5 212  160242      25  300201  230236****////  46  420246  34 -7997759781022597730244  39  430201  390300  33  390201  330300  43  62  79  67  97 121 155 191   0   0    0    00201
3004  46   2  30   2 359   80301  20   2 358  100307      12  240301  120357****////  61  450304  41 -5597719777033697710315  36  390301  360400  28  330301  280359  39  59  78  65  97 122 156 192   0   0    0    00301
3005 314   1 316   4 319   60450   0   0 339  100443      12  130457   90429****////  64  590407  43 -4897619773040597610500  36  360430  350446  27  280404  270500  37  57  77  63  97 122 156 192   0   0    0    00401
3006   0   0   0   0 359   80513   0   0 355   90510       5  120516   50600****////  66  620515  42 -5197569763051097540557  33  360501  330600  24  270501  240559  34  54  76  62  90 126 157 186   0   0    0    00501
3007   0   0 346   2 359   50616   0   0 358   60610       2   60623   10649****////  71  650611  44 -4497559760063897550659  31  330614  310656  22  240601  220700  32  52  75  60  97 122 156 192   0   0    0    00601
3008   0   0   0   0 355   60712   0   0 358   70703      -1   40721  -20757****////  73  670721  44 -4497589761073097550705  29  310701  290744  19  220701  190732  29  50  74  58  96 122 156 192   0   0    0    00701
3009   0   0   0   0 347   40810 271   1 351   60805       7   70900  -10818****////  71  710900  46 -4097639763085797580802  33  330900  270822  25  250900  170820  27  48  72  57  96 121 155 192   0   0    0    00801
3010 347   5 343   4 343   70950 308   3 348   90946      41  411000   80901****////  37  371000  30 -9397689768094997630901  44  441000  340901  43  431000  250901  33  48  72  56  93 119 153 190   2   0    0    00901
3011 176   6 130   9 130   91055 174   4 174  171053      57  581035  411001****////  30  301032  27-10597689770102997671001  67  671100  441002  77  781056  441002  50  52  71  56  89 116 150 186   5  51    0    01001
3012 264  18 281  15 284  161153 207  12 287  251159      70  701200  551109****////  27  221123  27-10797599769110397591200  91  911200  671101  89  901142  781101  71  61  71  58  87 114 148 184   1  60    0    01101
3013 137  12 159  17 249  221220 127  17 332  381219      77  821246  681207****////  22  191229  23-12797419758120197411300 111 1111300  911201 126 1261300  891201  91  73  72  63  86 114 148 184   3  60    0    01201
3014 133  18 189  25 233  341314 120  19 232  461349      73  801348  711311****////  20  161338  20-14297279741130197271400 105 1141334 1051400 119 1281333 1171357 101  84  74  69  87 114 148 185   2  57    0    01301
3015 197  14 199  22 200  321453 128   4 329  461401      77  851422  721401****////  21  181425  22-13397169727140297161500 109 1161437 1041454 121 1301434 1171451 104  91  77  75  87 115 149 185   0  60    0    01401
3016 116   8 155   9 353  181501 176  18 347  321506      80  851506  781516****////  22  201512  24-12497109716150397101549 104 1121511 1041600 109 1231504 1081558 105  96  80  80  88 115 149 185   2  59    0    01501
3017  38   6  71   5 327  151609 112   2 345  211604      81  881651  791628****////  22  211614  24-12397059710160897041657  89 1041602  891700  95 1101616  951700  98  97  83  83  89 116 150 186   1  49    0    01601
3018 222   8 234   8 252  101746 198   7 297  171745      67  811701  651749****////  27  211715  26-11097049706171197031724  68  881701  681800  73  951701  731800  86  94  85  84  91 118 152 189   0   4    0    01701
3019 242   8 234   6 255  111823 246   8 285  161821      31  671801  311900****////  46  261801  35 -7497089708190097031814  51  681801  511900  54  731801  541900  72  88  86  83  94 120 154 191   0   0    0    01801
3020 350   5 350   3 350   61901 344   7 357   71914      15  311901  151959****////  60  461901  41 -5497119711194097071902  42  511901  422000  42  531901  422000  61  80  85  80  95 121 155 192   0   0    0    01901
3021 185   3 144   3 144   82051 185   4 188   92044       4  162001   32047****////  66  582002  41 -5297109711200997092052  37  422001  362059  33  412001  332100  52  74  85  77  96 121 156 192   0   0    0    02001
3022 178   4 173   5 182   52110 168   4 186   62106       0   42101   02157****////  72  662101  44 -4497089711212297082200  32  402115  302117  27  332101  262116  44  68  83  73  96 121 156 192   0   0    0    02101
3023 172   6 155   5 185   62210 162   8 211   92220       0   02201  -32238****////  70  692255  43 -4897079709224197062258  29  312202  292300  21  262201  212300  38  62  82  70  97 121 156 193   0   0    0    02201
3100 204   6 196   4 196  102338 210   7 210  132334       2   92336  -12305****////  57  522337  35 -7397039707231197032359  24  292301  240000  16  212301  160000  33  58  80  66  97 121 156 193   0   0    0    02301
3101 359   3   1   4 360   60007   5   4 359   70007      -6   20001  -60051****////  66  570001  39 -6296969702000196960059  21  240001  210058  11  160001  110100  28  53  78  63  97 121 156 193   1   0    0    00001
3102   0   0   2   1 359   40101   0   0 359   50101     -17  -60101 -170159****////  73  650104  39 -5996899696010196890123  18  210101  180200   7  110101   70200  23  49  76  60  97 121 156 193   0   0    0    00101
3103   0   0  81   1  81   40235   0   0 124   60232     -12 -120249 -180211****////  72  710245  40 -5696829689020196820250  20  200300  170217   9   90300   60214  20  46  74  57  96 121 156 193   0   0    0    00201
3104  95   3  48   3 354   40310 100   4 360   50307      -2  -20349 -110301****////  72  700338  43 -4696779686031896770400  23  250359  180358  11  140358   90359  21  43  72  55  95 120 155 192   0   0    0    00301
3105  38   2 350   4 350   50450  29   2 354   60444       1   10459  -30403****////  70  700422  43 -4796749681045096730418  23  230500  220407  14  140500  120404  21  42  70  52  94 120 155 192   0   0    0    00401
3106   0   0   0   0 353   40513   0   0 287   70507      -5   20504  -60546****////  75  700501  44 -4496719673050196660516  21  240508  210558  11  140504  100559  20  41  68  51  94 120 155 192   0   0    0    00501
3107 345   3 323   6 323   70656 358   2 358   90652     -12  -40603 -120658****////  77  740603  43 -4796649671061996640700  17  250618  170700   6  130621   60620  18  40  67  50  94 121 156 192   0   0    0    00601
3108  67   2  13   3 354   50701   0   0 358   60714     -13 -110702 -180740****////  80  760705  44 -4396709671075096640702  16  170701  150735   5   60701   40737  15  38  66  48  93 121 156 193   0   0    0    00701
3109   0   0   0   0 133   40816   0   0 176   60820       4   40900 -130814****////  71  710858  45 -4296729673084396660814  22  230850  160801  13  130850   50849  15  36  65  47  92 120 155 192   0   0    0    00801
3110 195   1 178   1 359   30922   0   0 355   40920      42  421000   50901****////  44  440958  36 -7096779677094796720901  41  411000  220901  35  351000  130901  23  37  64  46  90 118 153 190   2   0    0    00901
3111 117   3 143   4 165   51051 123   5 213   81055      65  651100  421001****////  30  301056  29 -9896799679101696771004  63  631100  411001  73  731100  351001  42  43  64  47  86 114 149 185   4  41    0    01001
3112  83   1  73   6 359  111114   1   2 358  151118      67  681141  591120****////  28  271127  27-10596699680110696691200  70  701145  621105  78  811142  711104  59  52  63  50  85 114 149 186   0  11    0    01101
3113 247   5 263   8 346  111211 212   5 349  201206      73  791238  651212****////  27  261236  28-10596519669120196511300  81  901237  701208  96 1021243  771207  74  62  65  54  84 113 148 185   3  14    0    01201
3114 108  15 107   7 107  191348 102  17 133  241345      81  831324  721349****////  28  251324  30 -9396359649130196351400  96 1001325  821301 108 1111334  961312  84  72  66  60  83 113 148 185   2  35    0    01301
3115 199  12 138  14 138  181427 212  11 218  301434      84  881444  771407****////  24  241500  26-11096249634140196241500 107 1081449  961412 119 1241443 1091401  93  78  69  65  83 113 148 184   3  59    0    01401
3116 354   2  19   7 360  211512 340   4 356  311506      91  921528  821514****////  21  211546  24-12196199624150196191600 100 1101508  991559 105 1201510 1051600  98  85  72  70  83 113 148 185   2  57    0    01501
3117 203   5 196   7 341  131610 223   9 323  301605      83  951604  811635****////  26  211602  28-10196189620161596181655  80  991601  801657  85 1051606  851700  89  88  75  74  85 114 150 186   0  42    0    01601
3118 174   2 183   1 209   91736 186   1 226  151703      54  861715  541800****////  39  251719  35 -7496229622175796181701  61  791701  611800  67  851701  671800  78  85  77  76  87 116 151 188   0  12    0    01701
3119   0   0   0   0 196   21807   0   0 206   41807      21  531801  211857****////  64  391801  45 -4096289628190096231801  46  611801  461900  49  671801  491900  65  80  78  75  89 118 154 191   0   0    0    01801
3120 196   3 182   3 182   41934 208   3 208  101930      17  231907  161929****////  68  621907  47 -3696399639195396291901  41  461901  401947  41  491901  411954  55  73  78  73  92 117 155 194   0   0    0    01901
