58265 2011   021213603204   65   24 6670   55    1--------------------------------------------------------------------------------------------------------------------------------------------------------------------------------------------------
3121969997009699969996999700970097009700970097009701970197019701970297019702970297029703970397039703970397039703970397039703970397039703970397039703970397039703970397039703970397039704970497049704970497049705970497049705970597059705970597059705
3122970697059705970597069706970697069707970797079708970897089708970897089708970897089708970897089709970897099709970997099709970997099709970997099710970997109710971097109710971097109710971097109710971097109710971097119711971197119711971197119711
3123971197119711971197119711971297129712971297129712971297129712971297129712971297129712971297129712971397129713971397139713971397139713971397139713971397139713971397139713971397139714971397149714971497149714971397149714971497149714971497149714
0100971497149714971497149714971497149714971497149715971497159715971597159714971597159715971597159715971597159715971597159715971597159715971697169716971697169716971697169716971697169716971597159715971697169716971697169716971697169716971697169716
0101971697169716971697169716971697169716971697169715971697169716971697169716971697169716971697169716971697169716971697169716971697169717971797169716971697169716971697169716971697169716971697159716971697159715971597159714971597149714971497139713
0102971397139713971397139713971397129712971297129711971197119711971097109710971097109710970997109709970997099709970997099709970997099709970997099709970997099709970997099708970897089708970897089708970897089708970897089708970897089708970897089708
0103970897089708970897079707970797079707970797079707970797079707970797079707970797079707970797079706970697069706970697069706970697079707970697069706970697069706970697069706970697069705970597059705970597059705970597059705970597049704970497049704
0104970397039703970397049703970397049703970397039703970397039703970297029702970297029702970197019701970197019701970197009700970096999699969996999699969896989698969896989698969896989698969896989698969896979697969796979696969796979697969796969696
0105969696969696969696969696969696969695969696959695969596959695969696959695969696959695969596959695969596959695969596959695969596959695969596959695969596959694969596949694969496949694969396949693969396939693969396939693969396939693969396939692
0106969296929692969296929692969296929692969296929691969196919691969196919691969196919690969096909690969096899689968996899689968996899689968996899689968996899689968996899689968996899689968996899689968996899689968996899689968996889688968896889688
0107968996899689968996899689968996899689968996899688968896889689968996899689968996889688968996899689968996899689968996909690969096909690969196919691969196929692969296929692969296929692969296929692969296929693969396939693969396939693969396939693
0108969496949694969496949695969496959695969596959695969696959695969696959696969696969697969796979697969796979697969896979698969896989698969896989698969896989698969896989698969896989698969896989698969896989698969896989698969896989698969896989698
0109969896989699969996999700969996999700970097009700970096999700970097009700970097009700970097009700970097009700970097009700970097009700970097009700970097009700970097009700970197009700970197019701970197019701970197019701970197019702970297029702
0110970297039703970397039703970397049703970397039704970497049704970597059705970597059705970597059706970597059705970597059705970597059706970697059706970697069706970697069705970697059706970697069706970697069706970797069706970697069706970697069706
0111970697069706970697069706970697069706970697069706970597059706970697069706970697069706970697069706970697069706970697069706970697069706970597069705970597059705970697069706970697069706970697069706970697069705970697069706970697069706970697069706
0112970697069705970597059705970597059705970597069706970697069706970697069706970697059705970597059705970597059704970497039703970397029702970297029702970297029702970297019701970197019701970197019701970197019701970197019700970197009700970097009699
0113969996999699969996999699969996999699969996999698969896989698969796979697969696969696969696969696969596959695969496949694969496939693969296929692969296919691969196919690969096909690969096899689968896889688968796879686968696869685968696859686
0114968696869685968596859684968496839683968396829682968196819680968096809680968096799679967996799678967896789677967796779677967796769676967596759675967596749674967496739673967396739672967296729672967196719671967196719671967196719670967096699669
0115966996699669966896689668966896689668966896689668966796679667966796679666966696669666966696659665966596659664966496649664966496639663966396639663966296629662966196629662966196619660966096609660966096609660966096599659965996599659965996599659
0116965896599658965896589658965896589657965896579658965896589658965796579657965796579657965796579656965696579656965696569656965796579657965696569656965696559655965596569655965696559655965596559655965596559655965596559655965496549654965496549654
0117965496549654965496549653965396539653965396539653965396539653965396539653965396539653965396539653965396539653965396539653965396539653965396539653965396539653965396539653965396539653965396539652965396529652965396539653965396539652965396539653
0118965396539653965396539653965396539653965396549653965496549654965396549654965496539654965496549654965496549654965496549654965496549654965496549654965596559655965596559655965596569656965696569656965696569656965696569656965696569656965696579657
0119965796579657965796579658965896589658965896589658965896589659965996599659965996599659965996599659965996609660966096609660966196619661966196619661966196619661966196619661966196629662966396639663966396649663966396639663966396639663966396639663
0120966396649663966496649664966496649664966496649664966496649664966496649665966596659665966596659665966596669666966696669665966596669666966596669666966696669666966696669666966796679666966696669666966796679668966896689668966896679667966796679668
0121966896689668966996699669966996689669966996699669966996699669966996699669967096699670967096709670967096709670967096709670967096709670967096709670967096709670967096709670967096709670957496709670967096709670967096709670967096709670967096709670
0122967096709670967096709670967096709671967196719671967196719671967196719671967196719671967096709670967096709670967096719671967196719671967196719671967196719672967196719671967196719672967296719672967296729672967296729672967296729672967296729672
0123967296729672967296729672967296729672967296729672967296729672967296729672967396739673967396739673967296729672967296729672967296729672967296719671967196729671967296729671967296719671967196719671967196719670967096709670967096709670967096709670
0200967096719670967096709671967196719671967196719671967196719671967196719670967096709670967096709670967196709671967196719671967196719671967196719671967196719671967196719671967196719671967196719671967196719671967196719671967196719671967196719671
0201967096709670967096709669966996699669966996699669966996699669966996699669966996699669966996699669966896699668966896689668966896689668966896689668966896689668966996689668966896689668966896689668966896689668966896689668966896689668966896689668
0202957396689667966796689667966796679667966796679667966796679667966796679667966796669667966696679667966796669666966696669666966696669665966696669666966696669665966596659665966496649664966496649664966496649664966496649664966496649664966496649664
0203966396639663966396639663966396639663966396639663966396639662966296629662966296629661966196619661966196619661966196619661966196619661966096609660966096609660966096609660966096609660965996609659965996599659965896589658965896589658965896589658
0204965896589658965896589658965796579657965796579657965796579656965796569656965696569656965696569656965696559655965596559655965596559655965596559655965596559655965596549654965496549654965396539652965296539652965296529652965296529652965296529652
0205965296529652965296529652965296529652965296529652965296529652965296519651965196519651965196519651965096509650965096499649964996499649964996499649965096509650965096509650965096509650965096509650965096509650965196519651965296529651965196519651
0206965196519651965196519651965196519651965196519651965196519651957896529652965296529652965296519651965196519651965196519651965196519651965196519651965196519651965196519650965096509650965096509650965096509650965096509650965096509650965196519651
0207965196519650965196519651965196519651965196519651965196519651965196519651965196519651965196519651965196529652965296529652965296529652965296529652965296529652965296529653965396539653965396539653965396549654965496549654965496549654965496549654
0208965596549654965496549654965496559654965596559655965596559655965596559656965696569656965696569657965796579657965696579657965796579657965796579657965796579657965796579657965796579657965796579657965896589658965896589659965996599659965996599659
0209965996609660966096609660966096609660966096609660966196619660966196609660966196619661966196619662966296629662966296629662966296629662966396639663966396639663966396639663966396639663966396639663966396639663966396639663966396639663966496649664
0210966496649664966496659665966596669666966696669666966696669666966696679667966796679667966896689668966896689668966896689668960796689669966996699669966996699669966996699670967096709670967096709670967196719671967196719671967196719671967196719672
0211967296729671967196729672967296729672967296729673967396739673967296729672967296739673967396739673967396739673967396729672967396729672967296729672967196729672967196719671967196719671967196719671967096709670967096709670967096709670967096709670
0212966996699669966996689668966896689668966896689668966896689668966896679667966796669666966596659665966596659665966596659664966496649664966496639663966496639663966396639663966396639663966396639663966396629662966296629662966296629661966196629661
0213966196619660966096619660966096599659965896589658965796579657965796569656965696559656965596559655965596559655965596559655965496549654965496539653965396539652965296519651965196519651965096509650964996499649964896489647964796479647964796469646
0214964696469646964696459645964496449644964396439643964296429642964196419641964096409640964096409639963996399639963896389638963896389637963896379637963696369636963696369635963596359635958096359635963596349634963496349634963396339633963396339633
0215963396339632963296329631963196309631963196309630963096299629962996299629962896289628962896289627962796279627962796279627962696259625962596259625962596249624962496249624962496239623962396239623962396239623962396229622962296229622962296229622
0216962196219622962196219621962196209620962096199619961996199619961996199619961996199619961996199619961996209619962096209619962096199620962096209619962096199619961996199619961996199619961996189619961896189618961896189618961796179617961796179617
0217961796179617961796179617961796169616961796179617961796179617961796179617961796179617961796179617961796179617961896189618961896189618961796179617961796179618961896189617961796179618961896179617961796169616961696169616961696169616961696169616
0218961596159615961596169616961596169616961696169616961696169616961796169617961796179617961796179617961796169617961796169617961796179617961896189618961896189618961896199618961996199620962096219620962196219621962096209621962096219621962196229621
0219962196219621962196219621962196219622962296229622962296229622962396239623962596259625962596259625962596259625962596259625962596259626962696269626962696269627962796289628962896289628962896299629962996299629962996299629962996299630963096299630
0220963096309630963196309630963096309631963196319632963296329632963296329632963396339633963396339633963496349634963496349635963596369636963696369636963696369636963696369636963796379637963796379637963796379638963896399639964096409640964096409640
0221964096409640964096409640964096419641964196419641964196419641964296429642964296439643964396449644964496449644964496449644964596459645964596459645964596459645964596449644964496449644964496449644964596459645964596469645964696469645964696469647
0222964796489648964896489648964896489648964996499649964996499650965096509650965096509651965196519651965196519650965096509650965096499649965096509649964996499648964896489648964796479647964796479647964796479646964696459645964596459645964596459646
0223964596459646964696459645964596469646964696469645964596459645964596459645964596449644964496459645964496449643964396439643964396439643964296439643964296429642964296429643964396439643964396439643964396439643964396439643964396439643964396439643
0300964396439643964396449643964496439643964396439643964396439643964396439643964396439643964396439643964396439643964396439643964296439643964296429642964296429642964296429641964196419641964196419641964196429642964196419641964196419642964296429642
0301964296429642964296429642964296429642964296429642964296419641964196419641964196419641964196419641964096409640964096409640964096409640964096409640964096409639963996399639963996399639964096409640963996399638963996389639963996399638963996389639
0302963996399639963996399639963996399639963996399639963996399639963996399639963996399639964096409640964096409640964096409640964096399639964096409640964096409640964096409640964096409640964096409640964096409640964096409640964096409640964096419640
0303964096409640964096409641964096409640963996409640964096409640964096409640964096409640964096409640964096409640964096409640964096409640964096409640964096409640964096399639964096409640964096409640964096409640964096409640964096409641964196419641
0304964196419641964196409640964096409640964096409640964096409640964096409640964096409639963996399640964096409640964096409640964096409640964096409640963996399638963896399640964096409640964096409640964096409640964096409640964096409640964096409640
0305964096409640964096409640964096409640964096409640964096409640964096409640964096399639964096409640963996399639963996399640964096409640964096409640964096409640964096409640964096409640964096409640963996399640964096409640964096399639963996399639
0306963996409640964096409640964096409640964096409640964096419641964196419641964196419641964196419641964296429642964296429642964196419641964196419642964296429642964296429643964396439643964396439643964396439644964496449644964496449645964496449644
0307964596449644964496449645964496449644964496449644964596459645964696469646964596459645964696469646964696469646964696469646964796479647964796479647964796479647964796479647964796479647964796479648964896489648964996499650964996499649964996499650
0308965096509650965096509650965096509650964996499649965096509650964996499649964996509650965096509651965196519652965296529653965396539653965396539653965396539653965396539653965396539654965396539653965496549655965596549654965496559655965596559654
0309965596559656965696569656965696569656965796579657965796589658965896589658965796579657965796579657965796569656965696569656965696569656965696569656965696569656965796579658965796589658965996599659965996599659965996599659965996599659965996599659
0310965996599659966096609660966096599659966096609661966196619661966196619661966296629662966296629662966296629663966396639663966396639663966396649663966396639663966296639663966396639663966496649664966496649664966496649664966496639663966396639662
0311966296639663966396639663966396649664966396639663966496639663966396639663966396639663966396649664966496649664966496649664966496649664966496659665966596659665966496659665966496649665966596659665966496649664966496649664966496649664966396639664
0312966496649664966496649664966496639663966396639663966396639663966296629662966296629662966296619662966196619661966196619661966196619661966196619660966096609659965996599659965996599658965896589658965896579657965796579657965796579656965696569655
0313965596559655965496539654965496539653965396539652965296519651965196519651965196519650965096499649964996499649964996499648964896489647964796479646964696469646964596469645964596459645964496449644964396439642964296429641964096409640964096399639
0314963996389638963796379636963696369636963696349635963496349634963496349634963396329633963296329632963296329632963296329631963196309631963096309631963096309629962996289628962896289627962796279627962696269626962696259625962596249624962496239623
0315962396239623962396239623962296229621962196229621962196209620962096199619961896189618961896189618961896179617961896179617961796179617961796169616961696169616961696169616961696159615961496149614961396139613961396139613961396139612961296129612
0316961296129612961296129612961296129612961196119611961196109610961096109610961096109610961096109610961096109610961096109610961096109610960996099608960896089608960896089608960896089609960996099608960896089608960896089608960896079607960796079607
0317960796079606960696069606960696069606960696069606960696069606960696069606960696069606960696069606960696069606960696069606960696069606960696069606960696069605960596059605960596069605960596059606960696069606960796079607960796079607960796079606
0318960696059605960596059606960696069606960696059605960596059605960596059605960596059605960496049604960496049604960496049604960496049605960496059605960596059605960596059606960696069607960796079607960896089608960796079607960796079607960796089607
0319960796089608960896089608960896089608960896099609960996099609960996099609960996099609960996099609960996099609960996099609960996099609960996099609960996099609960996099609961096099610961096109610961096109610961096109610961096109610961096109611
0320961196119611961196119611961196119611961196119611961196119611961196129612961296139613961396129612961296129612961296129611961196119611961296129612961296129613961396139613961396139612961296129612961396139613961396139613961396139613961396139613
0321961396139612961396139614961496149613961396139613961496149614961596159615961596159615961596159615961596159615961596159615961596159616961696169616961696169616961696169616961696169616961696169617961796179617961696169615961596159615961596169616
0322961696169616961596159615961596149615961496159615961596159615961596169617961796179617961796189618961996199619961996199619961896179617961796179616961696169616961696169617961696179617961796179617961796179617961796179617961796169616961796179617
0323961896189618961896199619961996189618961996199618961996199619961996199619961896189619961996199619961996199619961896189618961996199619961996199619961996209620962096209620962096219620962196209620962096209620962096209620962096209620961996199619
0400961996199619961996199620961996199619961896189618961896189618961896189618961896199619961996199619961996189618961896189618961896189618961896189618961896189618961896189617961796179617961796179617961696169616961696169616961596159615961596159616
0401961696169616961696169616961696169616961696169617961696169616961696169616961696169616961696169617961796179617961696169616961696169616961696159615961596159615961596149614961496149614961496149614961496149614961596159615961596159615961496149614
0402961496149615961596159615961496149614961496149613961496139613961396139613961496149614961496139613961396139613961396129612961296129612961296129612961296129612961196119611961196119611961196119611961196119611961196119611961196119611961196119612
0403961196119611961196119611961196119611961196119611961096109610961096109610961096099610961096109610961096109609960996099609960996099608960896089608960796079607960796079606960796079608960896079608960896089608960896089608960896089609960996089609
0404960996099631960996089608960896089608960896079608960796079607960896079607960796079607960796079607960796069606960696069606960696079607960796069606960696069606960696069605960696059606960696069606960696069606960696069607960796079607960696069606
0405960696069606960696069606960696069606960696069606960696069606960696059606960696069606960596059605960596049604960496039603960396049604960496049604960496059604960496049604960496049603960396039603960396049604960496049603960396039603960396039603
0406960396049603960396039603960396029602960296039603960396049604960496059605960596059606960696069607960796079606960696069606960696069606960696069606960696069606960696069606960696069606960696069606960696069606960696069606960696069606960696069607
0407960796079607960796089608960896089608960996099609960996099609960996099609960996109610961096109610961196119611961196119611961196119611961196109610961096109611961196119612961296129612961296129612961296129613961396149614961496149614961496149615
0408961596159615961596159615961596159615961596159615961596159615961596159625961596159615961696159615961696169616961696169616961696179617961796179617961796189618961896179618961896199619961996199619961996199619961996189619961996199620962196209621
0409962196229622962396239623962396249624962496249625962596259625962596269626962696269626962796279627962796279627962796279627962796279628962896289628962896289628962996299629962996299629962996299630963096309630963196319631963196319631963196319631
0410963196319632963296329632963396339633963296329632963396339634963496349634963596349635963596359635963696369636963696369636963696369637963796379637963796379637963896389638963896389639963996399639964096399640964096409640964096409640964096409640
0411964096409640964096409640964196419641964196419642964196429642964296429642964296429642964296429643964396439643964396439643964396449644964496459645964596459645964596459645964596459646964696479647964796479647964796479647964896479648964796489648
0412964896489648964896499649964996499649964996499649964996499649964996499648964896489648964896489648964896489648964896479648964896489624964896479647964796479647964796489648964996499649964896489648964896489648964896489648964896489648964896489647
0413964796479647964796479647964796479646964696469646964696469646964596459645964596459645964596459644964496449643964396439643964296429642964296429642964296429642964296419641964196409640964096409640964096399639963996389638963896379637963796379636
0414963696369636963696369636963696359635963496349634963396339633963396329632963296319631963196319631963196319631963196319632963296329632963296319631963196309630963096309629962996299629962996299629962996299629962996299629962996289628962896289627
0415962796279626962696269626962596259625962596259625962596249624962496249623962396239623962396239623962396239622962296229622962296219622962196219621962196219621962196219620962096209620962096209620961996199619961896189618961896189618961896189618
0416961996199618961896189617961796169616961696169617961796179617961696169616961696169616961696169616961696169615961596159615961596159615961496149614961496149614961496149614961496149614961496149568961496149614961496149614961496149614961496149615
0417961596159615961596159615961596159615961596149614961496149614961596159615961596159615961596149614961596159615961596159615961596159614961496149614961496149615961596159615961596159614961596159615961596159615961496149615961496159615961696169616
0418961796179617961796179617961796179617961796179617961796179617961796179617961796179617961796179617961696169617961796179617961796179617961696169616961696169616961696169617961796179617961796179617961796179617961796179617961896179617961796179617
0419961796179617961796179617961896179617961896189617961796179617961796169616961696169617961796179618961896189618961896189618961896189619961996199620962096209620962096209620962096209620962196219621962196209620962096209620962096219621962196219621
0420962196219622962196229622962296229622962296229622962296229622962296239623962396239623962396239623962396239623962496249624962496249625962596259625962696269626962696279627962795959627962796279627962896289628962896289628962996299629962996299630
0421963096309630963096309630963096309631963196319631963196319631963196319631963196319631963196319631963196319631963196319631963196319631963296319631963196319631963196319631963196319631963196319631963196319631963196329631963196329632963296319632
0422963296329632963296329632963296339633963296339633963396339633963396339633963396339633963396349634963396339633963396339633963296329632963296329632963296329632963296329632963196319631963196319631963196319631963196319631963196319631963196319631
0423963196329632963296329632963296329632963396329632963296329632963296329632963296329632963296329632963296329632963296329632963296329632963296329632963296329632963196329632963296329632963296329632963296329632963296329632963296329632963296329632
0500963296329632963296329632963296329632963296329632963296329631963296329631963196319631963196319631963096309630963096319630963096309630963096309630963096309630963096309630963096309630962996299629962996299629962996299629962996299629962996299629
0501962996299629962996299629962996299629962996299629962996299629962996299629962996299629962896289628962896289628962796279627962896289628962896289628962896289627962796279627962796279627962796279627962796269627962796279626962796269626962696269626
0502962696269626962696269625962596259625962596259625962596259625962596249625962496249625962496249624962496249625962496249624962496259624962496249624962496249624962496239624962496249623962496239623962396239623962496249624962496249624962396239623
0503962496249624962496249624962496249624962496249624962496249624962496249624962496249624962496239623962396239623962396239623962396239623962396239623962396239623962396239623962396239623962296229622962296229622962296229622962296229622962196229622
0504962196219621962196219621962096209620962096209620961996199619961996199618961896189618961896189617961896189618961896189617961796179617961796179617961696169616961696159615961596159615961496149614961496149614961496149614961496149614961496139614
0505961396139613961396139613961296129612961296129612961296129612961296129612961296119611961196119611961196119610961096109610961096109610961096099609960996099609960996099609960996089608960896089608960896089608960896089608960896079607960796079607
0506960796079607960696069607960796079606960696069606960696069606960596059604960496049604960496059605960496049604960496049604960496049604960496039603960496039603960396039603960396039603960396039603960296029602960296039603960396039603960296029602
0507960296029602960296029602960296029602960196019601960296029602960196019601960196019601960296029602960296019601960196019601960196019601960196019601960196019601960196019601960196019601960196019601960196019601960096009600960096009600960096009600
0508960096009600960096009600960096009600960095999599959995999599959995999599959995999599959995999599960095999599959995999599959995999599959996009600960096009600960096009600960096009600960096009600960096009599960096009600960096009600960096009600
0509960095999599959995999599959995999599959995999599959995999599960096009600960095999600960095999599960096009600959995999599959996009599959995999599959995999599959996009600960095999599959995999599959995999599960096009600960096009600960196009601
0510960096009600960096009600960096009600960196019601960196019602960296029602960296039602960296029603960396039603960396039603960396039602960396039603960296039603960396039603960396029603960396029602960296029602960296029602960296029602960296019602
0511960296029602960296029601960196019601960296029602960296029602960296029602960296029602960296029603960296029602960296029602960296039602960396039603960396039603960396039602960396039602960296029602960296029602960296039602960296029602960296029601
0512960196019601960196019601960196019601960196029601960196019601960196019601960196019601960096019601960196009600960096019600960096009600960096009599960095999599959995999599959995989598959895989598959895989598959895989598959895979597959795979597
0513959795979597959695959596959595959595959595959595959595949594959495949594959395939593959395939593959395939592959295929592959195919590959095909590959095909590959095899589958895889588958895889587958695869586958695869586958595849584958495849584
0514958395839583958395829582958295829582958295819581958195809581958095809579957995799579957995799579957995789578957895789578957795779577957695769576957695769576957695769575957595759575957595759575957495749574957395739573957395739573957395729572
0515957295729572957295729572957295729572957195719571957195719571957095709571957095709570957095709570957195709570957095709570957095709570957095709570957095709570957095709570957095709570957095709570957095709570957095709570957095709570957095719570
0516957195709571957195719570957195719571957195719571957195719571957195719571957195719571957195719572957295729572957295729572957295729572957295729572957195719571957295729572957295729572957295729573957395739573957395739573957395739573957395739573
0517957395739573957395739573957395739573957395749574957395739574957495749574957395749574957495749574957395749574957495749574957495759575957595759575957595759575957595759575957595759575957595759575957595769576957695769576957695769576957695769576
0518957695769576957695769577957795779578957895789577957895789578957895789578957895789578957895789578957895789578957895789578957895779578957895789578957895789579957995799579958095809580958095809580958095819581958195819581958195819581958195819581
0519958195819582958295829582958295829582958295829583958395839583958395839583958395849584958495849584958495849584958495849584958595859585958595859585958595869586958695869586958695869586958695879587958795879587958795879588958895889588958895899588
0520958895899589958895889588958895889588958895889588958995899590959095909590959095909590959095909590959095909590959095909590959095919591959195919591959295929592959295929593959395939593959395939593959395939593959395939594959495949594959495959595
0521959595959595959595959595959695969596959695969597959795979597959895989598959795979597959895989598959895989599959995999598959995999599959996009600960096009600960096009600960096009601960196019601960196019601960196019602960296029602960296029602
0522960396039603960496049603960496049604960496049604960596059604960496059605960596059605960596059605960596059605960596069606960696069606960696069606960696069606960796079607960796079607960896089607960896089608960896089608960896089608960896089608
0523960896089608960996099608960996099609960996099609960996099609960996099609960996099608960896089609960896089608960896089608960896089608960896089608960896089608960896089608960896089609960996099609960996099609960996089608960896089608960896089608
0600960896089608960896089608960996099609960996099609960896089608960896089608960896089608960896089608960896089609960996099609960996099609960996089608960896089608960896089608960896089608960896089608960896089608960896089608960896089608960896089608
0601960896089608960896089608960896089608960896089608960896089608960896079607960896089608960896089607960796079607960796079607960796079607960796079606960696069607960696069606960696069606960696069606960696069606960696059606960696059605960596059605
0602960596059605960596059605960596059605960596059605960596059605960596059605960596059605960596059605960596049604960596049604960496049604960496049604960496049604960496049604960496049604960496049604960496049604960496049604960496049604960496049604
0603960496049604960496049604960496049604960496049604960496049604960496049604960496049604960496049604960496049604960496049604960496049604960496049604960496049604960496049604960496049604960496049603960396039603960496049604960496049604960496049604
0604960496049604960496049604960496049604960496049604960496049604960496049604960496049604960496049604960496049604960496049604960496049604960496039603960396039603960396039602960296029602960296029602960296029602960396039603960396039602960296029602
0605960296029602960196019601960196019600960096009600959995999599959995999600960096009600960096009600960096009600960096009600959995999599959995999599959895989598959895989598959895989598959895989598959895989598959895989598959895989598959895989598
0606959795979597959795989597959895989598959895989598959895989598959895989598959895989598959895989598959895989599959895989599959995999599959995999599959995999599959995999599959995999599959995989598959895989599959995999599959895989598959895999599
0607959995999600960096009600960196019601960196019601960196019601960196019601960296019601960196019601960296029602960296029601960196019602960196019602960196029602960296029602960296029602960296029602960296029602960396039603960396029603960396039603
0608960396039603960396039603960396039603960396039603960396039603960496049604960496049604960496049604960496049604960496049604960596049604960496049604960596059605960596059605960596059606960696069606960596069606960696069606960696069606960696069607
0609960796079607960796079608960896089608960796089608960896089608960896089609960996099609961096099609960996099609960996099609961096099610961096109610961096109610961096109610961096109610961096109610961096119611961196129612961296129612961296129612
0610959596129613961396139613961396149614961496149614961496149614961596159615961596159615961596169616961696169616961696169616961796179617961796189618961896189618961896189618961896189618961896189618961896199619961896189618961896189618961896189618
0611961896189618961796179617961796179617961796179617961796179617961896179618961796179617961796179617961796179617961796179617961796179617961796179616961796179617961696169616961696169616961696159615961596159615961596159614961496159614961496149614
0612961496149614961496139613961396129613961396139612961296119611961196119610961096109610961096109610961096109610961096109609960996099609960996089608960896089608960796079606960696069606960696059605960496049604960496039603960396039603960296029601
0613960196009600960096009600959995999599959995989598959895989598959895979597959795979597959695969595959595959595959595959595959495949593959395939593959395939593959295929592959295919591959195909590959095909590958995899589958995889588958895889587
0614958795879587958795869586958595859584958495849584958495839583957495839582958295829581958195809580958095799579957995799578957895789578957895779576957695779576957695769575957595759575957595749574957395739573957395739573957295729572957295719571
0615957195719571957195719571957095709570956995699569956995689568956895689568956895689568956795679567956695669566956595669565956495649564956495649564956495639563956395639563956395639563956295639562956295629562956195619561956195619561956195619561
0616956195609560956095609559955995599559955895589558955895589557955895579558955795579556955795579557955795579556955695569556955695569556955695569556955695569555955695569556955695569556955695559556955595569555955595559555955495549555955595549555
0617955495549554955495549554955495549553955395539553955395539553955295529551955295529552955295529552955295529552955295529552955295529552955295529552955295529552955295529552955295529552955295529552955295529551955195519551955195519551955195519551
0618955195519551955195519551955195519551955195519551955195519551955195519551955195509551955195519550955095509550955095509550956595509550955095509550955095509550955095509550954995509550955095499550955095499550955095509549954995499549955095509549
0619954995499549954995499549954995499549954995509550955095509550955095509550955095509550955095519551955095519550955195519551955195519552955295529552955295529552955295529551955295529552955195519551955195519551955295529552955295529552955295529553
0620955395539553955395539553955395549554955495549554955495549554955495559555955595559555955595559555955595559555955695569556955695569556955695569556955695569556955695569556955695569557955795579557955795579558955895589558955895589558955995599559
0621955995599559955995599559955995609560956095609560956095619561956195619561956195619561956195619561956195619561956295629562956295629562956395639563956395639563956395639563956395639563956495639564956495649564956495649564956595659565956595659566
0622956695669566956695669566956795679567956795679568956895689568956895689568956995689569956995699569956995699569956995699570957095709570957095709570957195719571957195719571957195719571958995719571957195729572957295729573957395739573957395739573
0623957395749574957495749574957495749575957595759574957595759575957595759575957595759575957595759575957595759575957595759575957495759574957495749574957495749574957495749574957495749574957495749574957495749574957495749574957395749573957395739572
0700957295719570957095699569956995699569956995699569956895689568956895689568956895699569956995699569956995699569957095699569956995709570957095709570957095709570957195719570957195709570957095709570957095709570957095709570957095709570957095709570
0701957095699569956995699569956995699569956995699569956995699569956995699568956895689568956895689568956795679567956795679567956795679566956795669566956695669566956695669566956695669566956595659565956595659565956595659564956495649564956395639563
0702956395639563956395639563956395639563956395629562956295619561956195619561956195619561956195619561956195619561956195609560956095609560956095609560956095609560956095599559955995599559955995599559955995589558955895589558955895589558955895589557
0703958995579557955795579557955795579557955795569557955695579556955695569556955695559555955595559555955595559555955595559554955595549554955495549554955495549554955495549554955495549554955495549554955495539553955395529552955295529552955295529552
0704955295529552955295529552955195519551955195519551955195519550955095509550955095509550955095509549954995499549954995499549954995499549954995499549954995499548954895489548954895489548954895489548954895479548954795479546954695469546954695469546
0705954695469546954695469546954695469546954695469546954695469546954595459545954595459545954595459544954495449544954495449544954395439543954395439543954395439543954395439543954395439543954395439543954395439543954395439543954495449543954495449544
0706954495449544954495439543954395439543954395429542954295429542954295429542954295429541954195419540954095409540954095409540954095409540954095409540954095409539953995409540954095399539953995399539953995399539953995389538953895389538953895379537
0707953795389538953895379537953795379537953795379537953795379537953795379537953795379537953895389538953895389538953895389538953895389538953895379537953795379537953795379537953795379537953795379537953795389538953895389538953895389538953895379537
0708953795379537953795379537953795379537953795379537953795379537953795379537953795379537953795379537953795389538953895389538953895389538953895389538953895399538953895389538953795379537953795379538953895389538953895389538953895389538953895389538
0709953895389538953795379537953795379536953695379537953795369537953795369536953795379537953795379537953895389538953895389538953995399539953995399538953895389539953995399539953995389538953895389538953895389537953795379538953895389538953895389538
0710953895389538953995389538953995399539953995399539953995399539953995409540954095409539953995399539954095409540954095409540953995399539953995399539953995399539953995399539953995399539953995399539953995399539953995399539953895399539953995399539
0711953995399538953895389538953895389538953895389538953895389538953895389538953895379537953795379537953795379537953795379537953795379537953795379537953795379537953795379537953795369536953795369536953695369536953695369536953695369536953695369536
0712953695359535953595359534953595349535953495349534953495349534953495349534953495349534953495349534953395339533953395329532953295329532953295319531953195319531953195309530952995299529953095299529952995289528952895289527952795279527952695269526
0713952695269525952595259525952595249524952495249524952395239523952395229522952295229522952195219521952195209519952095199519951995199519951995189518951795179517951795169516951595159515951495149514951495149514951495139514951395139512951295129512
0714951295119511951095109509950995089508950895089508950895079508950795079507950695069506950695069505950595049504950395039503950395029502950295019501950195009500950095009500949994999498949894989497949794979497949794979497949694969496949694969495
0715949594959495949494949493949394939492949394939492949294929491949194919491949194919491949094909489948994899488948894889487948894889488948794879487948794879487948794879487948694869486948694869486948694869485948594859486948594859485948594859485
0716948594859485948594859485948594859485948494859485948594859485948594849485948594859485948594859484948494849484948494859485948594859484948494849484948494849485948594859485948594859484948494849484948494849484948494849484948494849484948594859485
0717948594859485948594859485948594859485948594869486948694859486948694869485948594859485948594859486948694869486948694869486948694869487948794879487948894879487948894879487948794889488948894889488948894889488948894889488948894889488948994899489
0718948994899489948994899489948994899490949094909490949094909490949094909490949094919491949194929492949294929492949294939493949394939493949394949494949494949494949494949494949494949495949594959495949694969496949694979497949694979497949894989498
0719949894989498949894989499949994999499949994999499950095009500950095009500950095009500950095009500950095019501950195019501950195019501950295029502950295029502950395039504950495049504950595059505950595059505950695069506950695069506950695079507
0720950795089508950895099509950995099510950995099510950995109510951195119511951195119511951295129513951395139513951395149514951495149514951595159515951595159515951695169516951695169516951695169517951795179518951895189519951995209520952095219521
0721952195219522952295229522952295229522952295239523952395239523952395249524952495249524952595259526952695269526952695279527952795279528952895289528952895289528952895289529952995309530953095319530953195319531953295329532953295329532953295329532
0722953295329533953395339534953495349534953495349535953595359536953695369536953695369536953795379537953795379537953795389538953895389538953895389538953995399539953995399539954095409540954195419540954095409540954095409540954095409540953995399539
0723953995399539953995399539954095409540954095409540954195419541954195409541954195409540954095409540954095409539953995399539953995399539953995399540954095409540954095409540953995399540954095409540954195419541954195409541954195419541954195419541
0800954195419541954195419541954295429542954295429542954295429542954295429542954295429543954395439543954395439542954295439543954395439543954395439543954395439542954295429542954295429542954295429542954295429542954295429542954295429542954295439542
0801954295429542954295429543954295429542954295429542954295419542954195419541954195419541954295429542954295429542954295429541954295429542954195419541954195429542954295429542954195419541954195419541954195419540954095409540953995399539953995389538
0802953895389538953795379537953795369536953695369536953695369535953595359535953495349534953495359535953595359535953495349535953495349534953495349534953495349534953495349534953495349534953495349534953495349534953495359534953495349534953495349534
0803953395339533953395339533953395339533953395339532953295329532953295339533953395329532953295329532953295329532953295329532953195319532953195319531953195309530953095309530952995299529952995299528952895289528952895289527952795279527952795279527
0804952795279527952795279527952795279527952795279527952795269526952695269526952695269526952695279526952695269526952695269526952595269526952595259525952595259525952495249523952395239523952395239523952395239523952395239522952295229521952195219520
0805952095199519951995199519951895189518951795179517951895189518951895179517951795179517951795179517951795179517951695169517951695179517951795169516951695169516951695169516951695169516951695169516951695169516951695159515951595159515951595169516
0806951695159515951595159515951595169516951695169516951695159516951695169516951595159515951595159515951595159515951595159515951595159515951495149514951395139513951395139513951395129513951295139512951295139512951295129512951195119511951195119511
0807951195119511951195119511951195119511951195119511951195109511951195119511951195119511951195119511951195119511951195119511951195119511951195119511951195119511951195119512951195129512951295129512951395139513951395139513951395139513951395149514
0808951495149514951495149514951495149514951495149514951495149514951495149514951495149514951595159515951595159514951495149514951595149514951495149514951495149514951495159515951595149514951495149515951495159515951595159515951595159515951695169516
0809951595159515951595159516951695169516951695169516951695159515951595159515951595159515951595169515951595159515951595159515951595159515951595159514951595159514951595159515951595159515951595159515951595159515951595159515951595159515951595159515
0810951695159515951595159515951595159515951595169516951695159515951695159516951695159515951595159515951595159515951595159515951595169515951695159515951595159515951595159516951695169516951595159515951595169516951595169515951695169516951695169516
0811951695169515951595159516951695169516951695169516951695169516951695169516951595159515951595159515951595159515951595159515951595159515951595159515951595149514951495149514951495149514951495139513951395149513951395129512951295129512951295129512
0812951295119511951195119511951195109510951095109510951095099509950995099509950995089508950995089508950895089508950795079507950795079506950695069505950595059504950495049504950495049503950395039503950295029502950295019501950095009500950095009500
0813949994999499949894989497949794969495949594959495949594949494949494939493949294919491949194919490949094909490949094909489948994899488948894889488948794879487948694869485948594849485948494849484948494849483948394839483948294829482948294819482
0814948294819481948194809480947994799479947894799478947794779476947694769476947594759474947494749474947394739472947294729471947194709470947094709469946994699469946894689468946794679466946694659465946594659465946494639463946394639463946294629462
0815946194619461946194609460945994599458945894589458945794579457945794569456945694569455945594559455945594549454945494549453945294529452945294529452945294519451945194519451945194519451945194509450945094509450945094499450944994499449944894489448
0816944894489448944894479447944894489448944794479447944794479446944694469478944694469446944694469446944594459445944594449445944494449444944494449444944394439443944394439443944394429442944294419441944194419442944294419442944294419441944194419441
0817944294419441944194419441944194419442944294429442944294419441944194419441944094409440944094409440944194419441944194419441944194419441944194419441944194419441944194419441944194419441944194419441944194419441944194419441944194409440944094409440
0818944194419441944194419441944194419441944194419441944094409441944194419441944194419441944194419441944194419442944194419441944194429442944194429442944294429442944194429442944294429442944294429442944294429442944294429442944294429442944294429442
0819944394439443944394449444944494449444944494449444944494449444944594459445944594459446944694469446944694469446944694469446944694469446944694469446944694479447944794479448944894489448944894489448944894489448944894489449944994499450945094509450
0820945094509450945194519451945194519452945194529452945294539453945294539453945394539453945394539453945494539454945594559455945694569483945694569456945694569457945794579457945794579457945894589458945894589458945894599459945994599459945994599459
0821945994609460946094609460946094609461946194619461946194629462946394629463946394639463946394639463946394639463946394649464946494659465946594659465946594659466946694669466946694669466946794679467946794679467946794679468946894689468946894689468
0822946994699469946994709470947094709470947094709471947194719471947194719471947194719472947294729472947294729472947394739473947394739473947394739473947394739474947494749474947494749474947494749474947494759475947594759475947594769476947694769476
0823947694769476947694769476947694769476947694779476947794779477947794779477947794779478947794779478947894789478947894789478947894789478947894799479947994799479947994799480948094809480948094809480948094809480948094809480948094809480948094809480
0900948194809481948194809481948194819481948194829482948294829482948294829482948394839483948394839483948394849484948494849484948494849484948494849483948394839483948394839484948394849484948494849496948494849483948494839484948494849483948494849484
0901948494849484948494849484948494839483948494849484948494849485948494849484948494839483948394839483948494849484948494849484948494849484948494849483948394839484948494849484948494849484948394839483948394839483948394849484948494839483948394839483
0902948394849484948494849484948494839483948394839483948394839483948394829482948294829482948294829482948294829482948294829482948294829483948394839483948394839483948394839483948394849484948494849484948494849484948494839484948494849484948494849484
0903948494849484948494849483948394849484948494849484948494849484948494849484948494849485948594859484948494849484948494839483948394839483948394839482948294829482948294829481948194819481948194819481948194829482948294829482948294829482948294839482
0904948294829482948294829482948194829482948294829483948394839483948394839483948394839482948294829482948394829482948294829481948294819482948294829482948294829482948294829482948294829482948394839483948394839483948394839483948294839483948294829482
0905948294829495948394839483948394839483948394839483948394839483948394839483948394839483948394839483948394839483948394839483948394839483948394839484948394839483948394839483948294829483948294829482948394839483948394839483948394839483948494839484
0906948494839483948394839483948494849484948394839483948494849484948494849484948494849484948394839483948394839483948494849484948494849484948494849484948494849484948494849484948494849484948494849484948594859485948594859485948594859485948594859485
0907948594859485948694869486948694869486948794879486948794869486948694869486948694869487948794879487948794879488948894889488948794889488948894889489948994899489948994899489948994909490949094909490949094919491949194919491949194919491949194919492
0908949294929493949394939493949394939493949494949494949494949495949594959495949594959496949694969496949694969496949794979497949794979497949794979497949794979497949794979497949794979497949794979497949794979497949894989498949894989499949994999500
0909950095009501950195019501950295029502950295019501950195029502950295029502950295039502950395039503950395029502950295029502950295029503950395039504950595059506950695069506950695069506950695069507950795079508950895089508950895089508950895089508
0910950895089508950895089508950895089508950895089508950995099509950995099509950995099509950995099510951095109510951095109510951195119511951195119511951195109511951195119511951195109511951195119511951195119511951195119511951195119511951195129512
0911951295129512951295129512951295129512951295129512951295129512951295139513951395139513951395149514951495149514951495159515951595159515951595159515951595159515951595159515951595159515951595159515951595169516951695169516951695169516951695169516
0912951695169516951695169516951695169516951695169516951695169516951795169516951795179517951795179517951795179517951795179517951795179517951795179517951695169516951695169516951695169516951695169516951695169516951695169516951695169516951595159515
0913951595159515951595159515951595159515951595159515951595159515951595159515951595159515951595159514951495149513951395139513951395139513951295129512951295129511951195119511951195119511951195119511951195119511951195119511951195119511951195119510
0914951095109510950995099509950995099508950895089508950895089507950795089507950795079507950795079507950795079507950795079506950695069506950595059505950495049504950495049504950495049504950495049504950495039503950395039503950295029502950295039503
0915950395029502950295029502950295019501950195019501950195009500950095009500950095009500950095009500950095009500950094999500950094999500950094999499949994999499949994999499949894989499949894989498949894999499949994999499949994999499949994999499
0916949994999499949995009500950094999500950095009500950195019501950195019501950195019501950195019501950195019501950295029502950295029502950295029503950395039503950495039503950495049504950595049505950595059505950595059506950695069506950695069507
0917950795079507950895079508950895099509950995099509950995099509951095099509950995099509950995099510951095119511951195119511951195129512951295129512951295129513951395139513951495149515951595159515951595169516951695169516951795179517951795179517
0918951795189518951995199519951995199519951995199519951995199519951995209520952095209520952095209521952195219522952295229522952295239522952395239523952395239524952495249524952495259525952495259525952595259525952695269526952695269526952695269527
0919952795279527952895289528952895289529953095309530953095309530953095319531953295329532953395339533953395349534953495359535953595359536953695369536953695369537953795379537953795379537953895379538953895389538953995399539953995409540954095409540
0920954095409540954095419541954195419541954295429543954395439543954395449544954495449544954495449544954595459545954595459545954595459545954595469545954695459545954695459546954595469546954695459546954695469546954795469547954795479547954795479548
0921954895489549954995499550955095509550955195519551955195519551955195529552955395539553955395539554955495559555955695569556955695579557955795579557955795579557955795579557955895589558955995599560956095609560956095609560956095619560956195619561
0922956195619562956295629562956295629562956395639563956395639563956395639563956395639563956395639563956395639563956395649564956495659565956595659566956695669566956695669567956795679567956795679567956795679567956895689568956995699569956995699569
0923956995699569956995699568956995699569956995699569956995699569956995699570957095709570957095699570956995709569957095709570957095699569956995709570957095709570957095719570957095719571957195719571957195719571957195719571957195719571957295729572
1000957295729572957295739573957395729573957395729572957395729572957295729572957195719571957195729572957295719572957195719571957195719571957195719571957195719571957295719572957195719571957195719571957095709570957095709569956995699570957095709571
1001957195719572957295729572957395739573957395729572957295739573957395739573957395739573957395739574957495749574957495749574957495749574957595749575957495749574957495749574957495739573957395739573957395739573957395739573957395739573957395739574
1002957495749574957495759575957495749574957495749574957495749574957495749574957595759575957595759575957595759575957595759575957595759575957595759575957595759575957595749574957495759575957595749574957595759574957495749574957495749574957495739573
1003957395739573957495739573957395739573957395739573957495739573957395739573957395739573957395739573957495759575957395739572957195729572957395739573957395739573957295739573957495739573957395739573957295739572957295739573957395739573957395739573
1004957395739573957395739573957395739573957395739573957395739573957395739573957395739573957395739573957395739573957395739573957395739572957295739573957395739573957395739572957295729572957295729572957295729572957295729572957295729572957295729572
1005957295729572957295719571957195719571957195719571957195719572957295729572957295729572957295729572957195729571957195719572957295729572957295729572957295729572957295729572957395729572957295729572957295729572957295729572957395739573957395739573
1006957395739573957395739573957395739573957395739573957395739573957395739573957395739573957395739574957395749574957495749574957595759575957595749575957595759575957595759575957595759575957595759575957595759575957595759575957595759575957495759574
1007957595759575957595759575957595759575957595759575957695759575957595759576957595769576957695769576957695769576957795769577957695779577957895789578957895789579957995799579957995799579957995799580958095819582958295829582958295829582958295829582
1008958295829582958395829582958295839583958395839583958395839583958495849584958495849584958495849584958495849585958595859585958595859586958695869587958795879587958795879587958795889588958895889588958995899589959095909590959095909589958995899589
1009958995899589958995899589958995899589959095899590959095909591959195919591959195919591959195919591959195929592959295939593959395939594959495959595959595959595959595969596959695979596959695979596959795979597959795989598959895989598959995989599
1010959995999599960096009600960196019601960296029602960396029603960396039602960396029603960396029602960296029603960396029602960296029602960296039602960296029602960296029602960396039603960396039604960496049604960496049605960596059605960596059605
1011960596059605960596059605960596069606960696069606960696069606960696069606960696069606960696069606960696079606960696079607960796079607960796079607960796079607960796079607960896089608960896089608960996099609960996099608960896099608960896099609
1012960996099609960996099609960996089609960996089609960996099609961096109610961096109610961096109610961096109610961096109610961096109610961096109610961096109610960996109610961096109609960996109610961096109610960996099609960996099608960896089608
1013960796079607960796079607960796079606960696069606960696059605960596049604960496049604960496049604960496049604960496049604960396039603960496039603960396049603960396029602960296029601960196019601960196019600960096009600959995999599959995989598
1014959895989598959895979597959795969596959595969595959595959595959595959594959595959594959395939593959395929592959295929591959195919591959195919591959095909590959095899589958995899588958895889588958795879587958795869586958695869586958595869585
1015958595859585958495849584958495839583958395839583958395829582958295829582958295829582958295829582958295829581958195809580958095809580957995799579957995799579957895789578957895789577957795779577957795779576957695769576957695769576957695769576
1016957795769576957695769576957695769576957595759575957595759575957495759575957595759574957495749574957495749574957495749574957495749574957495749574957495749574957495749574957495749573957395739573957395739574957495749574957495749574957595759575
1017957595759575957595759574957495749574957495749574957495749574957495749574957495749574957495749574957495749575957495759575957595759575957595759575957595759575957595759575957595759575957595759576957695769576957695769576957695769576957695769576
1018957695769576957695769576957695769576957695769575957695769576957695769576957694629577957895789578957895789578957895799579957895789578957895789578957895799579957995799578957995789579957995799579957995809580958095809581958195819581958195829582
1019958295829581958295819582958295829582958295829582958395839582958395839583958395839583958495849584958495849584958595849584958595859584958495849584958495859585958495859585958595859586958695869586958695869586958695869586958795869587958795879588
1020958895899589958995899589958995909589958995899589958895889588958995889588958995899590959095909590959095919590959195919591959195919592959295929592959295929592959295929593959395939593959395939594959495949594959495949594959495959595959595959596
1021959695969596959695969596959795969597959795979598959895989598959895989598959895989599959995999599960096009600960096019601960196019601960196029602960296029602960396039603960396039602960296029603960396039603960396039603960396049604960496049604
1022960496049604960496049604960496049605960596059606960696069606960696079607960796079607960796069606960796069607960796079607960796079607960795279607960796079607960796089608960896089608960896089608960896089608960896099609960996099610961096109610
1023961096119611961196119611961196119611961196119612961296129612961296129612961296129612961296129611961296119612961196129612961296129612961296129612961296129612961296129612961296129612961296129612961296139613961396139613961396139612961296129612
1100961296129612961296139613961396129612961296139612961396129613961296129613961396139613961396139613961296129613961396139614961496149615961596159615961596159614961596159615961596159615961696169616961696169615961596159615961596159615961596159615
1101961596159615961596169616961696179617961796179617961896189618961896189618961796179617961796179616961696169615961596159615961596159616961696169616961796169616961696169615961596159615961596159615961696169617961796189618961896189617961896179617
1102961796189618961896189618961996199619961996199619961996199619961996199619961996199619961996209619962096209620962096199619962096199619962096209620962096209620962096209620962096209620962096209620962095669620962096209620962096209621962196219620
1103962196209621962196219621962196219621962196229622962296229623962396239623962396239623962396239623962396239623962396239623962396239623962396239623962396239623962396239622962296229622962296229622962296229622962296229622962296229622962296229622
1104962296229622962296229622962296229622962296229622962296229622962296229622962296229622962296229622962296229622962396229623962396239623962396239623962396239623962296239623962396229622962296229622962296229622962296229622962296229622962296229621
1105962296219621962196219621962196219621962196219622962296229622962296229622962296229622962296229622962396239623962396239622962396239623962396239623962396249624962496259624962596259625962596249624962496249625962596259625962596259625962596259625
1106962696269626962696269626962696269626962696269627962796279627962796289627962896289628962996299629962996299629962996299629963096309631963196319631963196319632963296329632963296329632963296329632963296329632963396339633963396339634963496349635
1107963596359635963595929635963696369636963696369636963696369637963796379637963796379638963896389638963896389638963896389638963896389638963896389638963996399639964096399640964096409640964096419641964196429642964296429642964296439643964396439643
1108964396439643964396439643964396439643964496449645964596459645964696469646964696469646964796479646964796479646964796479647964696469646964696469646964696479647964796479647964796479648964896489649964996499650965096519651965296529652965396539654
1109965496549654965496549654965496549655965596569656965696569657965696579657965796579657965896589658965896589658965896589658965996599660966096609661966196619661966296619662966296629662966296639663966396639663966396649664966496649664966596659665
1110966696659666966696669666966696669666966696669667966696679667966796689667966896689668966896689668966996699669966996699669966996699669966996699669966996699669966996709670967096719671967196729672967296729672967296729672967296729673967396739673
1111967496749674967496749675967496749675967496759675967596759675967596759675967596479675967696769677967796779677967896789677967896789678967896789678967896789678967896789678967896789678967896789679967996799679967996799679967996799679967996799679
1112967996799679967996799679968096809680968096809680968096809680968096809679968096799680967996809679968096799679967996799679967996799678967896789678967896789678967896789678967796779677967796779677967796779676967696769676967696769676967596759675
1113967596759675967596749674967496749674967496749673967396739673967396739673967296729672967296729671967196719671967196719671967096709670967096709670967096709669966996699669966996699669966996699668966896689668966896679667966696669666966596659665
1114966596659665966596649664966496639663966396629662966296629662966196619661966196609660966096609660965996599658965996589658965896579657965696569656965596559655965596559654965496549653965396539653965396529652965296529652965196519651965196509650
1115965096509649964996499649964896499649964896489648964796479647964796479647964696469646964696469646964696459645964596459645964596449644964496439644964396439643964396439643964396439642964296439643964396439642964296429642964296429642964296419641
1116964196419641964096409640964096409640964096409639963996399639963996399638963896389638963896389637963896389637963796379637963896379637963796379637963796379637963696369636963596359635963596359635963596359635963596359635963596359635963596359635
1117963596359634963496349634963496349633963396339633963296329633963296329632963296329632963296329632963296329632963296329632963296329631963296319631963196319631963196319631963096319630963096309630963196309630963096309629962996299629962996309630
1118963096309630962996299629962996299629962996299629962996299629962996289628962996299629962996299629962996289628962996299629962996299629962996299629962996309630962996309630963096309630963096319631963196319631963196319631963196319631963196319631
1119963296329632963296329632963296329632963296329633963396339633963396339634963496349634963496359635963596359635963596359635963596359634963596349634963496349634963496349635963596359635963596349635963596359634963496359635963596359635963596359636
1120963696369636963696379637963796379637963796389637963796379637963796379637963796379637963796379637963696369636963696369635963596359635963596359636963696369636963796379637963896389639963996409640964096409640964096409640964096409640964096409640
1121964096419640964096409640964096409640964096409640964096409640964196419641964196419641964196419641964196419641964196419641964196419641964196419641964196419641964296419641964196419641964196429642964296429642964296429642964296429642964296429642
1122964296429642964396439642964396439643964396439643964396439643964396439643964496449644964496449644964496449644964496449644964496449644964496449644964596449644964496449644964596449644964496449644964496449644964496449644964496449644964496449644
1123964596459645964596469645964696469646964596469646964596469646964696459645964596459645964596459645964596449644964496449644964496449644964496449644964496449644964496449644964496449644964496449644964496449644964496449644964496449644964496439643
1200964396439643964396439643964396439643964496439643964396439643964296429643964296429642964296429642964196419641964196419641964096409640964096409641964096409641964096409640964096409640964096409640964096409640964096409640964096409639964096399639
1201963996399639963996399639963996399639963996399638963896389638963896389638963896379637963796369636963696369636963696369636963696369636963696369636963596359635963596359635963496349634963496349634963496349633963496349633963496339633963396339633
1202963396339632963296329632963296329631963096309630963096309630963096309630963096309630963096309630963096309631963196319631963196309630963096309630963096309630962996309630963096309629962996309630963096309629962996299629962996299629962996299629
1203962996289629962996299629962996289628962896289628962896289628962896289628962896289628962896289628962896289628962896279627962796279627962796279627962796279627962796279626962696269626962696259625962596259625962596259625962596259625962596249625
1204962496249624962496249624962496249624962396239623962396239623962396239623962396239622962296229622962296229622962296229622962196219621962196219620962096209619961996199619961996199618961996199618961896189618961896189618961896179617961796179617
1205961796179618961896189618961896179617961896189618961896189618961896189618961896189618961896189617961796179617961796179618961896189618961896189618961896189618961896189618961896189618961896189618961896189618961896189617961796179617961796179617
1206961896179618961796179617961796179617961796179617961896189617961796179617961796179617961796179617961796179617961796179617961796179617961796179617961796169616961696169617961696169616961696169616961696169616961696169616961696169616961696169616
1207961696179616961796169616961696169616961796179617961796179617961796179617961796179618961796189618961796189618961896189618961896189618961896189618961896189618961996189618961896199619961996199619961996189619961996199619962096209620962096209620
1208962096209620962096209620962096209620962096209620961996199619961996199619961996199619961996199619961996199619961996199619961996199619961996199619961996199619961996199620962096209620962096209620962096219621962196219621962196219622962296229622
1209962396239623962396239624962496249624962496249624962496259625962496249624962496259624962496249624962596249624962496259624962596259625962596259624962496249624962496249624962396239624962496249624962496249625962596259625962596259625962596269626
1210962796269627962796279628962896289627962796279628962896289628962896289628962896299629962996299629962996309630963096309630963096319632963296329632963296329632963296329632963296339633963396339633963396339633963396339633963396339633963396339633
1211963296339633963396339633963296329632963296329631963296319631963196319631963196319631963196319631963196319631963096309631963196309630963096299629962996299629963096299629962996299629962996299629963096299630962996299630962996299630962996299629
1212963096299629962996299629962996289628962896289628962896289628962896289628962896289628962896289628962896279627962796279627962796289628962896289628962796279627962796279627962796279626962696269626962696269625962596259625962596259625962596259625
1213962596249624962496249623962396239623962396239623962396239623962396239622962296229622962296229621962196219621962096209620962096209620962096209619961996199619961996199619961896189618961896189617961796179617961796179617961696169616961696169616
1214961696159615961596159614961496149613961396139613961396139612961296119611961196119611961196119611961096119611961196109610961096109610961096099609960996099608960896089607960796079607960696069606960696069606960696059605960596059605960496049604
1215960396039603960396029603960296029602960296029601960196019600960096009600960096009600959995999599959995999599960096009600960096009600960096009600960095999599959995999599960096009600960196019601960096009600960096019601960196019601960196019601
1216960196019602960296029602960296029603960296039602960296029601960196029602960296029601960196019601960196019601960096009600960095999599959995999599959895989598959795989597959795979597959795969596959695959595959495939593959395939593959395939593
1217959395939592959195919591959295929593959395939593959495949595959595959595959595969595959695969596959695969596959695959595959695969596959695969596959695969596959695969597959795989598959895989598959995999600960096009600960196019602960296029603
1218960396039603960396039603960396039603960396039603960396039603960496049604960496049604960496059606960696069606960796079607960796079607960796079607960796089607960796079608960896079608960896079608960896089608960996099609960996099610961096109610
1219961096109611961196109611961196119611961296119612961296139613961396139614961496159615961596159615961596159616961696169617961796179617961896189618961896189619961996199620962096209620962196219621962296229622962296239622962296239623962396239623
1220962396239623962396239623962396239623962396239623962396239623962396239623962396239623962396239624962496249624962496259625962596259626962696269626962796279627962796279628962896289628962896289628962896289628962896289628962896289628962896289629
1221962996299629963096309630963096309630963096309630963096309630963096309631963196319632963296329633963496349634963496359635963596369636963696369636963696369636963796379638963896399639963996399639964096409641964196419641964196419641964196429641
1222964296419642964296429642964296429642964296429642964296439643964496449644964596459645964596459645964596469646964696469646964696469647964796479647964896489648964896489648964896489648964896489648964896489648964896489648964896489649964996499649
1223964996499649965096509650965096519651965196519651965296529652965296529652965396539653965396539653965396539654965596559655965596559654965596559655965596569656965696569656965696569656965696579657965796579657965796579657965796579657965796579657
1300965796579657965796579658965896589658965896589658965896589658965896589658965796579657965796579657965796579658965896589657965796589657965896589658966196589658965896589659965996599659965996599659965996599659965996599659965996599659965996609660
1301966096609660966096609660966096619661966196619661966196629662966296629662966296629662966296629662966296629662966296629662966296629662966296629662966296619662966296629662966296629662966296629662966296629662966296629662966296629662966296629662
1302966296629662966296619661966196619661966096609660966096609660966096619661966196619662966296629662966296639663966396649663966396639664966496649664966496649664966496649664966496649664966496649663966396639663966396639663966496639663966396639663
1303966396639663966396639663966396639663966396639663966396639663966496639663966396639663966396639663966396639663966396639663966396639662966296629662966296629662966296629662966296629662966296629662966296629662966196619661966196619661966196619661
1304966196619661966196619661966196619661966096609660966096609660965996609659966096599659965996599660966096609660965996599659965996599659965996599659965996599659965996589658965896589658965896589658965896589658962596589658965896589658965896579658
1305965796579658965796589657965796579657965796579657965796569656965696569656965696569656965696569656965696559655965596559655965596559655965596559655965696559656965696569656965696569656965696569656965696569656965696569656965696569656965696569656
1306965696569656965696569655965596559655965596559656965696569656965696569656965596559655965596569656965696569656965696569656965696569656965696569656965696569656965696569656965696569657965796579658965896589658965896589659965896589658965896589658
1307965896589658965896589658965896589658965896589657965896589658965896589658965896589658965896589658965896589658965896589658965896589658965896589659965896599658965996599659965996599659965996599659965996599659965996609660966096609661966096609660
1308966096609660966096609660966096609661966196619660966096619661966196619661966196619662966296629662966296629662966296629662966296629662966396629662966296629663966396639663966396639663966396639663966396639664966496649664966496649664966596659665
1309966596659666966696669666960796669666966696679667966796679668966896689668966896689669966996699669966996699670967096709670967096709670967196719671967196719671967196719671967296729672967296739673967396739673967396739674967496749674967596759675
1310967596759675967596759675967596759675967596759675967596759675967596769676967696769676967696779677967796779677967796779677967796779677967796779677967796779677967796779677967796789678967896789678967996799679967996799679967996809679968096809680
1311968096799679968096809680968096809680968096809680968096809680968096809680968096819680968196819681968096819680968096809681968096809680968096809680968096809680968096809680968096809679968096809680968096809679967996799679967996809680968096809680
1312968096809680967996799679967996799679967996799679967996799679967996799680967996809679967996799679967996799679967996799679967996799679967996799678967896789678967896789678967896789678967896779677967796779677967796779677967796779677967696769676
1313967696759675967596749674967496749673967396739673967396729672967196729672967296719671959296709670967096709669966996699669966996699668966896689668966896689668966896689667966796679666966796679667966696669666966596659665966596649664966496649663
1314966396639662966296629662966196619660966096609659965996599659965896589658965796579657965696569656965596559655965496549654965496549653965396539652965296519651965196519650965096509650964996499648964896489648964796479647964796469646964596469646
1315964596459645964596449644964496449643964396439642964296429642964196419641964196419641964096409640964096409639964096409639963996389639963896389638963796379637963696369636963696369636963696359635963596359635963596359634963496349634963496359635
1316963596349634963496349633963396339633963396339633963396339632963296329632963396329632963396339633963296339632963296329632963296329632963296329632963296329633963396339633963296329633963296329632963296329632963296329632963296339632963296339633
1317963396339633963396339633963396339633963396349634963496349634963496349633963496339633963396339633963396339633963396339634963496349634963496349634963496349634963496349634963496359635963596359635963596359635963596349634963496349633963396339633
1318963396349634963496349634963496349635963596359636963596359634963496349634963496349634963496349634963596359635963696359636963696369636963696369636963696379637963696369636963696369637963796379636963696369637963796379637963696379637963796379637
1319963796379638963796389637963796389638963896389638963996399639963996399639963996399639964096409640964096409640964196419642964296429642964296429642964196429642964296429642964296429643964296439643964396439643964396439643964396439644964396449644
1320964496449644964496459645964596459645964596459645964596459645964596469645964696469646964696469647964796479647964796479647964796479647964896489648964896499650965096509651965196519651965196519652965296529653965396539653965396539653965396539653
1321965396539653965396539653965396549654965496549654965396539653965396549654965596559655965596559655965596559655965596569656965696579657965796579657965796579657965796579657965796579658965896589659965996609659966096609660966096609660966196619661
1322966196619661966196619661966196619661966196619661966196619661966196619661966196619660966096609660966096609660966096609660966096609661966196619661966096619661966196619661966296629662966296629662966296619661966296629661966196619661966196629662
1323966296629661966196619661966196619661966196629662966296629662966296629662966296629662966296639663966396639663966496649664966496649664966496649664966496649664966496649664966396649664966396649663966396639663966396649663966496649664966496649664
1400966496649664966496649664966496649664966496649664966496649664966496649664966496649664966496649664966496649664966496649663966496649664966496649663966396639663966396629662966196619661966196619660966196609660966196619660966096619660966096609660
1401966096609660966096609660966096609660966096609660966096609660966096609660966096609660966096609660966096609660966096609659965996599659966096599660965996599659965996589658965896589658965896589658965896579657965696569656965696559655965596559655
1402965596559655965496549655965596559655965596559655965496549654965496549654965496539653965396539653965396539653965296529653965396539652965296529652965296529653965396539653965396529652965296539652965396529652965196519651965196519651965196519651
1403965096509650965096499650964996499650964996499649964996499649964896489648964896489648964896489648964896489648964896489648964896489648964896489648964896489648964896489648964896489648964896489647964796479647964796479647964696469646964596469646
1404964596469645964596459645964596449644964496449644964396439643964396439643964396439643964396439643964296439642964296429642964296429642964296429642964296419641964296419641964196429641964296419641964296419642964196429641964196419641964296429641
1405964196419641964196419641964196409640964096409640964096409639963996399639963996389638963896379637963796379637963796379637963796379636963696369636963696369636963696369637963696369636963696369637963696369636963696369636963696369636963596359634
1406963496349634963396339634963396349634963496349634963496349634963396339633963296329632963396339633963396329632963296329632963296329632963296329632963296329632963396339633963396339633963396339633963396339633963396339633963396329632963296329632
1407963296329632963296329632963296329632963296329632963296339632963296339633963296329632963296329632963196319632963296329631963196329631963196329632963296329632963296329632963296319632963296329632963296329631963296319631963196329632963296319631
1408963196319631963196319631963196309631963196319631963196319631963196319630963196309631963196319631963196329632963296329632963296329632963296329633963396339633963396339633963396339633963496339634963396349634963496359635963596349634963496339634
1409963496339633963496349634963396339633963496349634963496349634963496349634963496359635963596359635963596359635963596359635963496349635963596359636963596369636963696369636963696369636963696379636963796379636963696379636963796369636963696369636
1410963696369636963696369636963696369636963696369636963696369636963796369636963696379637963796379637963796379637963896389638963896389638963896389638963896389638963896389638963896389638963796389637963796379637963796379637963796379637963796379637
1411963796379637963796379637963796379637963796379637963896389638963896389638963896389638963896389638963896399639963896389638963896389638963896389638963896389638963896389638963796379637963796379637963796379636963696369636963796379637963796379637
1412963796369636963696369636963696369636963796379636963796379637963796379637963796369636963696369636963596359635963696369636963696359635963596359635963496359635963596359635963596359634963496349633963396339632963296329632963296329632963196319631
1413963196319631963096309630962996299629962996299628962896279627962796279627962696269626962696269625962596259625962596259625962496249624962496239623962396239623962296229621962196219621962196219620962096199619961996189618961896189618961896179617
1414961796169616961696169615961596159614961496149614961496149614961396139613961396129612961196119611961196119611961196119610961096119610961096099609960996089609960996089608960896089608960796079606960696059605960596059604960496039603960296029601
1415960196019601960096009600960096009600960095999600959995999599959895989597959695969596959695959595959595959595959495949594959395949594959395939593959395939593959395939592959295929591959195919590959095899589959095899589958895889588958895889588
1416958895889588958895879587958795879587958695879587958795869587958795879587958695869586958695879586958695869586958695869586958695869586958695869586958695869586958695869586958695869585958595859585958595859585958595859585958595859584958495849584
1417958495849584958495849584958495849584958495849584958495849584958495849584958495849584958495849584958495849584958495849584958495849584958495849584958495849584958495849584958495849584958495849584958595859585958595859585958695869585958695869586
1418958695869586958695869586958695869586958695869586958695869585958595859586958695869586958695869586958695859586958695869586958695869587958795879587958895879588958795879588958895889588958895889588958895899588958995899589959095909590959095909590
1419959095909590959095909590959195919591959195919591959195919591959195919591959295929592959295929592959395939593959395949594959495949594959495949595959595959595959595959595959595969596959695969596959695969597959795979597959795979596959795979597
1420959795979598959895989598959895989598959895989598959895999598959995989599959895999599959995999599960096009600960096009601960196019601960196019601960196029602960296029602960296029603960296039603960396049604960496049604960496049604960496049604
1421960496059604960596059605960596059605960596059605960596059605960696069606960696069606960696069605960696069606960696069606960696069606960696069606960796069606960796069607960796079607960796079608960896099609961096109610961096109610961096119611
1422961196129612961296129612961396129613961396139613961396139613961396139614961396149614961496149614961496149614961496149615961596149615961596159615961596159615961696169616961696169616961696159615961696169616961696169616961696169616961796179617
1423961796179617961796179618961896189618961896199618961896199619961896189618961896189618961896189619961996189618961896189618961896199619961996199619961996199619961896189618961896189619961996199619961996209620961996199619961996199619961996199619
1500961996199619961996199619961896189618961896199619961996199619961996199619961996199619962096209620962096219621962196219621962196219622962296229622962296229622962296229623962396239623962296229622962296239623962296239622962296229622962296229622
1501962296229621962296219621962196229621962196219620962096209619961996199619961996199618961896189618961896189617961796179617961796179617961796179617961796179617961696169616961696169616961696169617961796169616961696169616961696169616961696169615
1502961596159615961596159615961596159615961596159614961496149615961596149615961496159614961496149614961396139613961296129612961196119611961296129611961196119658961196129611961196119611961196119610961096119611961096109610961096109610961096109610
1503961096109609960996099609960996099609960996089609960996089608960896089608960796079607960796079607960796079607960796079607960796079607960696069607960696069606960696069606960596059605960596049604960496049604960496049604960396039603960396039603
1504960396039603960396029602960196029602960196019601960196019601960196019601960196019601960096009600960096009600960096009600960095999599959895989598959895979598959795979597959795979597959695969596959695969596959695969596959695969596959695969596
1505959695969595959595959595959595959595959595959595959595959595959595959595959595959595959495949594959495949594959395939593959395939593959395939593959295939593959295939592959395939593959395929592959295929592959195919591959095909590959095899589
1506958995899589958995899589958895899589958995899589958895889588958895889588958895879587958795879587958795879586958695869586958695869586958695869586958695869586958795879587958895889588958995899589958995899590959095919653959095909590959095909591
1507959195919591959195919591959295929592959195919591959195919591959295929592959295929592959295929592959295919591959195919591959195929592959295929591959195919591959195919592959295929593959295929592959295929593959295939592959295929591959195929591
1508959195919592959295929592959295929592959295929592959295929592959295939592959295929592959295929592959295929592959395929592959295929592959295939593959395939594959495949594959495949594959495949595959595959595959595959595959495959594959495959595
1509959595959595959595959595959595959595959595959595959595959595959595959595959595959595959595959595959595959596959695969596959795979597959795989597959795989598959895989598959895989598959895989598959895989598959895999598959895999599959995999599
1510959995989598959895999599959995999599959995999600960096009600960096009600960196019601960196019600960096009600960096009600960096019601960196019601960196019601960196019601960196009600960096009601960196019601960196019601960196019601960196029601
1511960296019601960296019602960196019685960296029602960296029601960196019601960196019601960196019601960196019601960196019601960196019601960196029602960296029602960296029602960296029602960296029602960296029602960296029602960296029602960296029602
1512960296029602960296029602960296029602960296029602960296019601960196019601960196019601960196019601960196009600960096019601960196019601960196019601960196019600960096009600960096009600960096009600960096009601960196019601960196019600960096009599
1513959995999599959995999599959995999598959895989598959895979597959795979597959795979596959695969596959695969596959695969596959695959595959495949594959495949594959395939593959395939592959295929592959195919591959195919591959195909591959095909590
1514959095909589958995899588958895889588958895889588958795879587958695869586958695869586958595849584958495849584958495849583958395839583958295829582958295819581958195809580958095809579957995799579957995789578957895789577957795779577957695769576
1515957695759575957595749574957495749573957395739573957395729572957295729572957295729572957295719659957195719571957095709570957095719570957095709570957095709569956995699569956995689568956895689568956795679567956795679567956795679566956695679566
1516956695669566956695669566956695669566956695669566956695669566956695669565956595659565956595659565956595659565956595659565956695669567956795679567956795679567956795679567956795679568956795679568956895689567956795679568956895689568956895689568
1517956895689568956895679568956795689568956795679567956795679568956895689568956895689568956895699569957095709570957095709571957195729572957395739573957495759576957695769576957795779577957795789578957895789579957995809580957995809579957995809579
1518958095809579957995799579957895789578957895789578957895779578957895789578957895779577957695759575957595759575957595749574957495749574957495759575957695769576957695759575957495759575957595759575957595759576957695769576957695779576957695779577
1519957895789579958095819581958295829582958295839584958595859585958595869586958695879587958795879587958795869586958795879586958695869586958595859585958595859679958695869586958695869585958595849584958395849583958495869588959195939594959595949593
1520959395939593959395959596959695969596959695969598959996009601960095999599960096009601960095999599959995999600960196009600960196029603960496039603960296029602960296039604960496049604960496049605960596059606960696069606960696069606960796079608
1521960896089608960896099610961096119611961296129612961296129612961296129612961296129612961396139613961396139613961396149615961596159615961596169616961696169616961696179616961696169617961796179617961796179618961896199619961996199619961996199620
1522962096209620962096219621962196219622962296229622962196219620962096209619962096209620962196209620962096209620962096219622962296229622962196229623962396239623962296229623962396249624962396239622962396249625962596259624962496249624962496259625
1523962596249624962496259626962796279627962696269626962696269626962796279627962796269627962796279627962696269625962596249624962496259625962596259626962696279627962896289628962796279627962796279627962796279627962796279627962796279628962796279627
1600962696259625962696269627962796279627962796269627962796279627962796279627962796279627962796279627962796279626962696259625962696269626962696259624962496259625962596259625962596259624962396239623962496249624962496249623962396229623962296229622
1601962196219621962296229621962196219621962196229622962296219621962196219621962196229621962296219621962196219621962196219622962196219621962096199619961896189618961896189618961896189618961896189618961996199619961896189618961896189618961796179616
1602961696169615961596159615961596159615961496149615961696159616961696159615961496149615961596149615961596159615961596159615961596159614961496149614961496149614961496159616961596169615961596159614961496149615961596169616961696169616961696169615
1603961596159614961496149614961496149614961496139613961396139613961396139613961396139613961396129612961296129613961396129612961296119612961296129612961196119611961196119610961096109610961096109609960996089608960896089607960796079607960896089608
1604960996099609960996099609960996089608960896089608960896089608960896089608960896089608960896079607960796079608960896089607960896089608960896089608960896089607960796079608960896089608960896089608960896089608960896089608960896089608960896089608
1605960896089607960796079606960796069606960696069606960696069606960696069606960696059605960596059604960496049604960496039603960396039603960396039603960496039603960396039603960396039603960496049604960496049604960496049604960496049604960496049604
1606960396039603960396039603960296039602960396039603960396029602960296029602960296039603960396029602960296029602960296029602960296029602960196019601960196019602960296029602960396039604960496049604960496049604960496049604960496049604960496049604
1607960596059604960596059605960596059605960596059605960596059605960596059605960496049604960496059604960496049604960496049604960496049605960596059605960696069605960596059606960696069606960696079606960696069607960796079607960796079607960796079607
1608960796089608960896089609960996099609960996109610961096109610961096109610961096109610961096109610960996109610961096109610961096109610961096109610961096109610961096109610961096109611961096109610961096109610961096109611961096109610961096109610
1609961096109611961096109610961196119611961196119611961196119611961196129611961296129612961296129612961296129612961296139612961296129613961296139613961396139613961396149614961496149614961496159615961596159615961596169616961696169616961696169616
1610961696169616961596169616961696169616961696169616961696169616961696179617961796179617961796189618961896189618961996199619961996199619962096199620962096209620962096209620962096209620962096209620962096209619962096199620962096209620962096209619
1611961996199619961996199619962096199620962096209620962096209620962096219620962096209620962096209620961996199619961996189618961896189618961996189618961996189619961996199618961896189617961796179617961896189618961896189618961896189618961896189618
1612961896189618961896179617961796179618961896189618961996189619961996199619961996199619961996189619961996199618961896199619961996189619961896199619961996199619961996199618961996199619961996189618961896189618961796179617961696169616961696169616
1613961596159615961496149614961496149614961396139612961296129612961296129612961296119611961196119611961096109611961196119611961296129611961296129611961196129611961196119611961096109610960996099609960996099609960896089608960896089607960796079606
1614960696069606960696059605960596049604960496039603960396039604960496049604960396039602960296019601960196019601960096009600960096019600960096009600960096009599959995999599959995999599959995989598959895989597959795979597959795979596959795969596
1615959795979596959695969595959695959595959495949594959495949593959395939593959395939593959295919591959195919591959195909590959095909590959095919590959195909590959095909590958995909590959095909590959095909590959095919591959195919591959095909591
1616959095909591959095909590959095909590958995899588958895889589958995899589958995899589958995899588958895889588958895899589958995899589958995899589958995899589958995899589958995899589958895889588958895889588958895899589958995899589958995899589
1617958995899589958995899589958995899589958995889589958995899589958995899589958895889588958895889588958895879588958895889589958995899588958895889588958995889589958995909590959195919591959195919591959195919591959295929592959195929591959195919591
1618959195919592959295929592959295929592959295929592959295929592959295929593959395939593959395939593959395939593959395939594959495949594959595959595959595959595959595959595959595959595959595959595959595959595959595959595959495959595959595969596
1619959795979597959795979597959795979598959895989598959895989598959895999599959895999599959995999600960096009601960196029602960396039603960396039603960396049604960496059606960696069606960796079608960796089608960896089608960996099609961096109610
1620961296129612961396139613961396139614961396149614961496149614961496149614961596159616961696169617961796189618961896189618961996199619961996199620962096209621962196219621962196209621962196219621962296229622962296229623962296229622962196219621
1621962296229622962296219621962096219621962196219622962296219621962196219622962296229622962296239623962396239624962596259625962596259625962696269626962696279627962896289628962896289628962896299630963096309631963196319631963096319631963096309630
1622962996299630963096319632963296329632963296329632963296339633963396339634963496339634963496349634963496359635963596359636963696359635963596359635963596369636963696379637963896379637963696369636963696369637963896389638963896389638963896389638
1623963896389639963996399639963996399639963996399640964096409641964096409640964096409640964196419641964096409640964196419641964196419641964096409640964096409640964096409640964096399639963996399640964096409640964096409640963996399639963996409640
1700964096409641964196419642964296429641964196419641964296429642964296429642964196419641964196419641964196419641964196419641964196419641964296429642964296429642964396439643964496449644964496449644964496449644964496449643964396439643964396439643
1701964396439644964396439643964396429642964396439643964396439642964296429642964296429642964396439643964396439642964296419641964196409640964096409640964196419641964296429642964296429643964296429642964296429642964296429642964196419641964296429642
1702964296419641964096409640964096419641964196419641964196419641964196419641964196429642964296429641964196419641964196409640964196419641964196419641964196419640964096409640964096409640964096409640964096409640963996399639963996399639963996409640
1703964096409640964096409640964096399639963996389638963896389638963796379637963796379637963796379637963796379637963796379637963796379637963796379637963796379637963796379637963796379637963796379638963896389638963896389638963896389638963896389638
1704963896389638963896389638963896389638963896389638963896389638963896389637963896379637963796379637963796369636963696369635963596359635963596349634963496349634963496349633963396339633963296329632963196319630962996299628962796279626962696269626
1705962696259625962496249624962596259626962696269625962596259625962596259625962596259625962596259625962596259625962596259625962596259625962596259624962496259624962496249623962496249624962396239623962396239623962296229622962296219621962196219621
1706962196219621962196219621962196219621962196219621962196219621962196219621962196219621962196219621962196219621962196219621962196219621962196219621962196219621962196219621962196219621962196219621962196219621962196219621962196229622962296229622
1707962296239622962296229622962296229622962296229622962296229622962296229623962396239623962396249624962496249624962496249625962596259625962596259625962596249625962496259625962596249625962496249625962496249624962396239623962396239623962396239623
1708962396249624962496259625962596259625962596259625962596259625962596259626962696269626962796279627962796279627962796279627962796279627962796279627962796279627962796279627962796279627962896289628962896289628962896289628962897179628962896299629
1709962996299629962996299629962996299630963096309630963196319631963296329632963296329632963396339633963396339633963396339634963496349634963496349634963496349635963596359635963596349634963496359634963596359635963596359635963596359635963596359635
1710963596369636963696369636963696369636963596359635963696359636963696369636963696369636963696369636963696379637963796379637963796379638963796389638963896389638963896389638963896399639963996399640964096409640964096419641964096409640964096409640
1711964096409640964096409640964096409640964096409640964096409640964096409640963996399638963896379637963896389637963796379637963796379637963696369636963696359635963596349635963596369635963596359635963596369636963696369635963596349634963496349633
1712963396339633963396339634963396349634963496349634963496349634963496349634963496349633963496339633963496349634963496349634963496349634963496349634963496359635963496349634963496349634963396349633963396349634963396339633963396339633963396329632
1713963396339632963296329632963296329631963197119631963096309630962996299629962896289628962796279628962796269626962696259625962596259624962496249623962396239622962196219621962196219621962196209620962096209619961996199619961896189618961896179617
1714961796179617961796179617961796169616961696169616961696169615961596149614961496139612961296129611961196119610961096109609960996099609960996099609960896089608960896079606960696059606960596059604960496039602960296029602960196019601960196009601
1715960096009600960096009600959995999598959895989598959895989597959795979596959695969596959695959596959595969596959595959596959595959595959595959595959495939593959295929592959295929592959195919591959195919590958995899589958995899589958995899588
1716958895889588958795879587958795879587958695869585958595859585958695859585958595859586958695869586958695869585958495849584958495849585958495849583958395829583958395829582958295839583958395839582958295829582958295829582958295829581958295819581
1717958195819581958195819581958195819581958195819581958195809580957995789578957895799579957895789578957896659577957795769576957795779577957695769576957695769576957695769576957695769575957595759575957595759575957595759575957595759576957695769575
1718957595759575957695769576957695769575957595749573957495739573957395739573957395739573957395749574957595759575957595759575957595749574957495749574957495749574957395739573957395729573957395749574957495749574957495759575957595759575957595759575
1719957495749574957495759575957595759575957595759575957495749574957595759575957595759575957595759575957595759575957595759575957595769576957695779577957795779576957695779578957895789578957895789578957895789578957895799579957995799580957995809580
1720958095809580958095809580958095809580958095799579957995799579957995809580958095809580958095809580958095809580958095809580958195829583958395839584958595859586958695859585958595849584958495849584958495849585958495849584958495849584958495849584
1721958495849585958495859585958595859585958595859586958695869586958695869586958695869586958695869586958795869586958695869586958695869587958795889588958795889588958897109588958895889588958895889588958895889588958895909590959095909590959095909589
1722959095899589958995909590959195919591959195919591959195919591959195919591959195919591959195929592959195919591959195919590959095909590959195919591959195919591959195919591959195919592959195919591959195919591959195929591959295919591959295929592
1723959395939593959295929592959295939593959395939593959395939593959395939593959395939593959395939593959395939593959495949594959495939594959495949595959595959595959595959595959595969596959695969596959695969596959795979597959795979597959795979597
1800959795979597959795979597959795969597959795979597959795969596959695969596959695969596959695969597959795979597959795979596959695969596959695969596959695969596959695969596959695969596959695959595959595959595959595959595959695959595959595959595
1801959595959595959595959595959595959595959595959595959595959595959595959595959595949595959595959595959595959595959595959595959595959595959595959595959595959595959595959595959595959595959595959595959595959595959595959595959595959595959595959594
1802959495949593959395939593959395949594959495949594959495949594959495949594959495949594959595959595959595949595959595949594959495949595959495949594959495949594959595959595959595959595959595959595959595959595959595959595959595959595959595959594
1803959495949594959495949594959395939593959395939593959395939592959295929592959295939592959295929592959295939593959295929592959395939593959395939593959395939593959395939593959395939593959295939593959395929592959295929592959195919590959095909590
1804959095899589958895889587958795879586958695869585958595849584958495849584958495849583958395839583958395839582958295829582958295829582958295839583958495839583958495839583958395839583958395839584958495859586958795879588958895899589959095909590
1805959095919591959195919591959295929592959395939593959395939593959395939593959395939593959395939593959395939593959295939593959395929592959295929592959295929593959295929591959095909590959095919591959195919590958995899589959095909591959195919590
1806959095909590959195919592959195919591959195929593959395939592959195919591959095909590959095909590958995899589958895889587958795879586958695859585958595859585958595859586958595859585958595859586958795879587958695869586958795889588958895889587
1807958795879588958995899589958995889588958895889587958795869586958695879587958795869585958595859585958495849584958595859586958695869587958695869586958695879588958895889587958795879588958895899588958895889589959095909591959195919592959295939593
1808959395949594959595959595959695969597959795979597959795979597959795979597959795989598959895989598959895989599959995999600960096009601960196019601960196019601960296019602960296029602960296039603960396039603960396049604960496049604960496049604
1809960496039603960396039603960396049604960496059604960596059605960596059605960596069606960696069606960696069607960796069606960696079607960796079607960796079607960796079607960896089608960896099609960996109610961096109610961096109610961096109610
1810961096119611961096119611961096109611961096119611961296129612961296129612961396139613961396139613961396149614961496149614961496149614961496149613961496139614961496149614961496149614961496149614961496149614961496149614961496149614961496149614
1811961496149614961496149614961496159615961596159615961596159615961596159615961596159615961596159615961596159615961696159616961696169616961696169616961696169617961796179617961796179617961796179617961796189617961796179617961796179617961796179617
1812961796179617961796179617961796179617961796179617961796179617961796179616961796179617961796179616961696169616961696169616961696169616961696169616961596159615961596159615961596159615961596159615961496149615961596149614961496149614961496149613
1813961396139613961296139613961396139612961296129612961396129612961296119611961196119611961196109610961096109610961096109609960996089609960896089608960796079607960796079607960696069605960596049604960496049604960496049603960396039603960296029602
1814960296029602960296019601960196019601960196019601960196019600960096009600959995999599959895989598959895989598959895979597959795979596959695969596959695969595959595969595959595959595959595949594959495939593959395939593959295929592959295929592
1815959295919591959195919591959195919591959095919590959095909590958995899588958895889588958795879587958695869586958695869586958695869586958695869585958595859585958595859584958495849584958395849584958495849584958495839583958395839583958395849584
1816958395839582958295829582958295829582958295829582958295829582958395839582958295829582958295829582958295829582958295829582958295829582958395839584958395839583958495839583958395839583958395839583958395839583958395839583958395839583958395839583
1817958495849584958495859585958495859585958595859585958595859586958695869586958695869586958695869586958695869586958695869586958695889588958795889587958895889588958895889588958895889588958895899589958995889588958895889588958895889588958895889589
1818958995889588958895899589958995899589958995899589958995899589958995899589958995909590959095919591959195919591959195929592959295929592959295929593959295939593959395939594959495939594959495949594959595959595959595959595959595969596959695969596
1819959695969596959695979597959795979597959795979597959895989598959995999599959995999599959995999600960096009600960096009600960196019602960296029602960296029603960396039603960396039603960496049604960596049605960496059606960696069606960696069607
1820960796079607960796079607960896079607960796089608960896099609960996099609960996099609960996109610961096109611961196119611961196119612961296129612961296139613961396139614961496149614961496149614961496149615961596169616961796179617961796179617
1821961796189618961896189619961896199619961996199619961996199620962096209620962096219621962196219621962196229622962396239623962396239623962396239623962396239624962496259625962596259625962696269626962596269626962696269627962796279627962896289628
1822962996299629962996299629962996309630963096309630963096309630963196319631963196319632963296329632963296329633963396339634963496349634963496349635963596359636963696369636963696369636963696369636963696379637963796379636963796369636963696369637
1823963796379637963796379638963896389638963896389638963896399639963996389639963996409640964096409640964096409639964096409639963996399639964096399639963996399639964096409640964096409640964096409640964096409641964196419641964196429642964296429642
1900964296429642964296429642964296429642964296439643964396439642964296429643964396439643964396439643964396439643964396439643964396439643964396439643964396429642964296429643964496459644964496449644964396439643964396449644964496459645964596459646
1901964596469645964596459645964696469646964696469646964696469645964596459645964596459646964696469646964696469646964696459645964596459645964596459645964596459645964696469646964696459645964496449644964496449644964596459645964696469646964696469646
1902964696469646964796479647964796479647964796469646964796479647964696469645964596459645964596469645964596459645964596459645964596459645964596459645964596459645964596459645964596459645964596459645964596459645964696469645964596459645964496449644
1903964496449645964596459645964596459645964596449644964496449643964496449644964596459645964596459645964496449644964496449644964596459645964596459645964596459645964496459645964596459645964596449644964596459645964596459645964596459645964596459645
1904964596459644964496449643964396429643964396439643964396429642964296429642964296429642964296429642964296429642964296429642964296429642964296439643964296429642964296439643964296429642964296429642964396439643964396439643964396439643964396439643
1905964296429641964196409640964096409641964196419640964096409640964096409640964096409640964096409639964096409640964096399639963996389638963996389639963896399638963896389638963896379638963796379637963796379636963796369637963696379637963796379637
1906963796379638963796379637963796379637963796379637963796379637963796389638963896389638963896389638963896389638963896389638963996399639963996399639963996399639963996399639963996399638963996399639963996399639963996399639963896389638963896389638
1907963896389638963896389638963996389639963896399639963996399639963996399639963996399639963996399639963996399639963996399639963996399639963996409640964096409640964096409640964196419641964196419641964196419641964196419641964196419641964196419641
1908964196419642964296429642964296429642964296429642964296439643964396439643964496449644964496449644964596449645964596459645964596469646964696469646964596459646964696469646964696479647964796479647964796479647964796489648964896489648964896489648
1909964896489648964896489648964896489648964896489648964896489648964896489648964896489648964996499649964996499649964996499649964996499649964996499649964996499649964996499650965096509650965096509651965196519651965196519651965296529652965296529652
1910965396539653965396539653965396539653965396539653965396539653965396539653965396539653965496549654965496549654965496549655965496559655965596559655965596559655965596559655965596559655965596559655965596559655965596559655965596559655968896569656
1911965696569656965596559655965596559655965596559655965596569656965596559655965596559656965596559655965596559655965696559656965696559655965596559655965596559655965596559655965596559654965596549654965496549654965496539653965396539653965396539653
1912965396529652965296529652965296529652965296519651965196519651965196509651965196519650965096509650965096509650965096509650964996499649964996489649964996489648964896489648964896489648964896479647964796479647964796479647964796479647964796469646
1913964696469646964696469646964596469645964596459644964596449644964496449644964496439643964396439643964296429642964296429642964296429642964296429642964196419640964096409639963996399639963996399638963896389638963896389637963796379636963696369636
1914963696369635963596359635963496349634963496349633963396339633963396329632963296329632963296329631963196319631963196319630963096309629962996299628962896289627962796279627962796279627962696269626962696269626962596259625962596249624962496249623
1915962396239623962396239622962296219621962196219621964396219621962196209620962096209620962096209619961996199619961996199619961996199618961896189618961896189618961796189617961796179617961796179617961796179616961696169616961796179616961696169616
1916961596169616961696169615961596159615961596159615961596159615961596159615961596159616961596159615961596159615961596159615961596159615961596159615961696159615961596159615961696159615961596159616961696169615961596159615961596159615961696169617
1917961796169617961796179617961796179617961796179617961796179617961796179617961796179617961796179617961796189617961796189617961896189618961896189618961896189618961896199619961996199619961996209620962096209620962096209620962096209620962096209620
1918962096209620962096209620962096209620962096209620962096209620962096209620962096209620962096209620962096209620962096209620962096209621962196219621962196219621962196219621962196219621962196219621962296229622962296239623962396239623962396239623
1919962396239623962396239623962396239623962396239623962496249624962496249624962496259625962596259625962596259625963796269626962696269626962696269626962696269626962796279627962796279627962796289627962896289628962996299629962996309630963096309630
1920963196309631963196319632963196329632963296329632963296329632963296329633963296339633963396339633963496349634963496359635963596369636963696369636963796379637963796379637963796389638963896389638963896389639963996399639964096409640964096409640
1921964096409640964096409640964196409641964196429642964296429642964296429642964296429642964396429643964396439643964396449644964496449645964596459646964696469646964796479648964896489648964896499649964996499650965096509650965096509650965096519651
1922965196519652965296529652965296529652965296529652965296529652965296529652965296529652965296529652965296529652965296529652965296539653965396539654965396539654965396549654965496549654965596549655965596559655965596559655965596559655965596559655
1923965596569656965696569656965796579657965796579657965796579658965796589657965796579657965896579658965796579658965896589658965896589658965996599658965896599659965896599659965996599659965996599659965996599658965996599659965996599660966096599659
2000965996599660966096609660966096609660966096609660966096609660966096609660966096609660966096609660965996609660966096599659966096609660966096609659965996599659965996599659965996599659965996589659965896589658965896589658965896589658965896589658
2001965896589658965896589658965896579658965796579658965896589657965896579658965896589657965796579657965796569656965696569656965696569656965696569656965696569656965696569656965696559655965596559655965596549655965596549655965496559654965496549654
2002965496549654965396539653965396539653965396539653965396539653965396539653965396539652965396539653965396529652965296529652965296529652965296529652965296529652965296529652965296529652965296529652965396529652965296529652965296529651965196519651
2003965096509650965096509650965096499650964996499649964996499649964996499649964996499649964996499649964996499648964996499649964896489648964996489648964896489648964896479648964796479647964796479647964796479647964796479647964696479647963696479646
2004964696469646964696459646964696459646964596459645964596459645964596459645964496449644964496449644964496449643964396429642964296429642964296429642964296429641964196419641964196419641964196409640964096409640964096409640964096399639963996399639
2005963996399639963996389638963896389638963896389638963896389638963896389637963896389638963796389637963796379637963696379637963796379636963696369636963696369636963696369636963596369636963696359636963696359635963596359635963596359635963596359635
2006963596359635963596349634963596359635963596359635963596359635963596359635963596359635963596359635963596369635963596359635963596359635963596359635963596369635963596359635963596359635963596359634963596359634963496349634963496349634963496349634
2007963496349634963496349635963596359635963596359635963596359635963596359635963596369635963596359635963596359635963696359635963696359635963696369636963696369636963696369636963696379636963796379637963796379636963696379636963796369637963796379637
2008963796379637963796379637963796389637963896379638963896389637963896389638963896389638963896389638963896389638963996399639963996399639964096409640964096409640964096419641964096419641964196419641964196419641964296429642964296429642964296439643
2009964396439643964396439643964396439643964496449644964496449644964496449645964596459645964696469646964696469646964696479647964796479647964796479648964896489648964796479648964896489648964896489648964896499648964996499649964996499649964996509649
2010964996499649965096509650965096509650965096509650965096509650965096509650965096509650965096509651965196519651965196519651965196519652965196529652965196529652965296529652965296529652965296529652965296529652965296539653965396539653965396539653
2011965396539653965396539653965396539653965396539653965396539653965396539653965396539653965396539653965396539653965396539652965396539653965396539653965396539653965396539653965396539653965396539653965396539654965396549654965496549654965396539653
2012965396539653965396539653965396539653965396539653965396539653965396539653965296539653965396539652965296539653965296539652965396539652965296529652965296529652965296529652965296529652965296529651965196519651965196519651965196519651965196509650
2013965096509649964996499649964996499648964896489647964796479647964796479647964796469646964696469645964596459645964496449644964496449644964496439643964396439643964396439642964296429642964296419641964196419640964196409640964096409639963996399639
2014963996399638963996389638963896389638963796379637963796369636963696369636963596359635963496349634963496349633963396339633963396339632963296329632963296329632963296319631963196319631963096309629962996299629962896289628962896289628962796279627
2015962796269626962596259625962596259625962496249624962496249623962396239623962296229622962296229622962296219621962196219621962196219621962096209620962096209620962096209620962096209619962096199619961996199619961996189618961896189618961896179617
2016961796179617961796179617961796179617961696169616961696169616961696169616961596159615961596159615961596149614961496149614961496149614961496149614961496149614961396139613961396139613961396139614961396149613961396149613961396139613961396139613
2017961396139613961396139612961396139612961396129612961396129612961296129612961296129612961296119611961196119611961196119611961196119611961196119611961196119611961196119611961196119611961196119611961196119611961196119611961196119611961196119611
2018961196119611961196119611961296119612961296129612961296129612961296129612961296129612961296129612961296139613961396139613961396139613961396139613961396139613961496149614961496149614961496149614961496149614961496159615961596159615961596159615
2019961596159616961696169616961696169616961696169617961796179617961796179617961796179617961796179617961796189618961896189618961896189618961896189618961896189618961896189618961996199618961996199619961996209620962096209620962096209620962096209621
2020962196219621962196219621962196219621962196219621962196229621962296229622962296229622962296239623962296239623962396239623962396239624962496249624962496249624962496249625962596259625962596259625962596259626962696269626962696269626962796269627
2021962796279627962796279627962896289628962896289629962996299629962996299629962996299630963096309630963096309630963096309630963096309631963196319631963196319631963196319631963196319631963196319632963296329632963196329632963296329632963296329633
2022963396339633963396339633963496349634963496349634963496349635963596359635963596359636963696369636963696369636963696379636963696369636963696369636963696369636963696369636963796379637963796379637963796379637963796379637963796379637963896379638
2023963896389638963896389638963896389638963896389638963896389638963896389638963896389639963996389638963896389638963996389639963996399639963996399639963996399639963996399639963996399639963996399639963996399639963996399640964096409640964096409640
2100964096409640964096409640964096409640964096409640964096409640964096409640964096409639964096409640964096409640963996399639963996399639963996399639963996399639963996399638963996389638963896389638963896389638963896389638963896389638963896389637
2101963896379637963796379637963796379637963796379637963796379637963896379637963796379637963796379637963796369637963696369636963696379637963696369636963696369636963696369635963696359635963596359635963596359635963596359635963596359635963596359635
21029635963596359635963596359635963496349634963496349634963496349634963496349634963496349634963496349634963496349634963496349634963496349634963496349634963496349634963496339633963496339633963396339632963296329632  43  43  43  43  43  43  43  43
2103  43  43  43  4302010201  43020102010201  44  44  44  44  45  45  45020102010201  45  44  44  45  45  45  45  45  45  45  45  45  45  45  45  45  44  45  44  44  44  44  44  44  44  44  44  44  44  44  44  44  44  44  44  44  45  45  45  45
2104  45  45  45  45  45  45  45  45  45  440301030103010301030103010301  44  440301  44  44  44  45  45  45  450301030103010301  45  45  45  45  44  450301  45  44  45  44  45  45  45  45  45  45  45  45  44  45  45  45  45  45  45  45  45  45
2105  45  45  45  45  45  45  45  45  45  45  45  45  46  46  46  46  46  47  47  47  47  46  46  46  46  46  4604010401040104010401  470401  46   2  52  52  52  71  52  52  52  52  52  52  52  52  52  52  52  52  52  52  52  52  52  52  52  52
2106  52  51  51  51  51  51  51  51  51  51  51  51  51  51  51  51  51  51  51  51  519618 /// 961961896189618961896189619961996199619961996199619961996199619961896199619961996199620962096199619961996209620962096209620962096199620962096209620
2107962096199620961996209620962096209620962096209619961996209620962096209621962196219621962196229622962296229622962296229622962296229622962196229622962296229622962196219621962196209620962096209620962196219621962196209620962096209621962196209620
2108962096219621962196219621962196219621962296229621962196219621962196219621962196219621962196219621962096209620962096209621962196219621962196229622962396239624962496249624962496259624962596259625962596259625962596259625962596259625962596259625
2109962596259625962696259625962596259625962596259626962696279627962796289628962896289629962996289628962896289628962896289628962896299629962996309629962996299629962996299629962896289628962896289629962996299628962996289629962896299629962996299629
2110963096309630963096309630963096309630963096309630963096309631963196319631963196319630963196309631963096319631963196319631963196319631963196319631963196319631963196319631963296319632963296329632963296329632963296329632963296329632963296329632
2111963196319631963196319631963196319631963196319631963196319631963196319631963196319630963096309630963096309630962996299629962996299629962996299629962996299629962996299629962996289628962896299628962896289628962896289627962796279627962796279627
2112962796279627962796269626962696269626962696269626962596269626962696269626962696259625962596259625962596259625962596259624962496249623962396239622962296229622962296229622962296219621962196219621962196219621962196219621962196209620962096209619
2113962096199619961996199619961996199619961896189618961896189618961896189617961796179617961696159615961596159615961596149614961496149613961396139612961296129612961296119610961196109610961096099609960996099608960896089608960796079607960696069606
2114960596069605960596059604960496049604960496049603960396029602960196019601960096009599959995989598959895989597959795979596959795969596959695959595959595959595959495949594959495939593959395939592959295929591959195919590959095909590959095909590
2115959095899589958995899588958995899589958995899589958895889588958895879587958795879587958795869587958795869585958595859584958495849584958495849584958495849583958395839583958395839583958395839582958295829582958295819581958195819580958095809579
2116957995789578957795789578957895789578957895789577957795779577957695769576957695759575957595749574957595759576957695769576957695769575957595759575957595759575957695759575957595759575957495749574957495749574957495749574957495749574957495739573
211795739573957395739574957395739573957395739573957395739573 ///957495749574957395739573957395739573957395739573957395739573957395739573957395739573957395739572957295729572957295729572957295729572957295729572957295729572957295729572957295739572
2118957395739573957395739573957395739573957395739573957395739573957395739573957395739573957495749575957595759575957595749574957495749574957495749575957595759576957695769577957795779577957795769576957695769576957695769576957695769577957795779577
2119957795779577957795779576957695779577957795779577957795779577957795779577957895789578957895779577957795789578957895799579957995809580958095809580958095809580958095809580958195819581958295829582958295829583958395829583958395839584958495839584
2120958495849584958495849584958495849584958495849585958595859585958695869586958695859586958695869586958695869587958695879586958695879587958895889588958995899590959095909590959095909591959195919591959195919592959395939593959395949593959395949594
212195949594959495949594959495949594959495949594959595949594959495959594959595959596959695969596959695969597959795979597 ///959895989598959895999599960096009600960096009599959995999599959995999599959995999599959995999599960096009600960096019601
2122960196019601960196019601960196029602960396039603960396039604960396049603960396049605960596059605960596059605960596059605960696059605960596059606960696069606960696069606960696079607960796079607960796079607960796079607960696069607960796079607
2123960896079608960896089608960896089608960896089608960896089608960896089608960896089608960896099608960896089609960996099610961096109610961096109610960996099609960996099608960996099609960896099608960996089609961096109609960896089608960896079608
2200960896109610961096099609960896089609961096109611961196129612961296129612961296129612961196119611961196119611961196109610960996089609960996109610961096109610961096109609961096099609960996089609961096109611961196109610961096109610960996099609
2201961096109610961196109611961196119611961196119611961196119610961096119611961296129611961196109610961096109610961096109610961196129612961296129612961296119611961196119610961096109623961096089608960796089608960896099610961096109610960996099609
2202961096109610961096089608960896089608960896089607960696069605960596069606960696069606960696079607960796079606960796079608960996109611961196119612961396139613961396129612961396139613961496149614961396139613961396139613961296129612961296139613
2203961396149614961496149614961496149615961596169616961696169616961696169616961696159615961596159615961496149614961496149615961696159614961496149614961596159616961596159614961496149614961496139612961396139613961396139614961496149613961396129612
2204961296139613961396139613961296129612961396149614961496139613961396149614961496149613961396139614961496149614961396139613961496149614961496149614961496139613961296129611961196129611961196119610961196119611961196129612961296129611961196119610
2205961096119611961196109611961196119611961196119611961196109611961196119611961196119611961196129612961296139613961296129612961296129613961396139613961396139613961396139613961396139613961396139614961496149614961496149615961596159614961496149617
2206961596159615961596169616961696169616961696169616961696169616961696179617961796179616961696179616961796179617961796179617961796189618961896189618961896199619961996199618961896189618961896189619961996199619961996199619961996199619961996199619
2207962096209620962096209620962096209621962196219621962196219621962196219621962196219622962296229622962396229622962296239622962396239623962396239623962396239623962396239623962396239624962496249624962496249625962596259625962596259625962596259625
2208962596259626962696269626962796279627962796279627962796289628962996299629963096309630963096319631963196319632963296329632963296329632963296339633963396339633963396339634963496349634963496349634963496359635963596359635963596359635963696369636
2209963696369636963696379637963796379637963796389638963896389638963996399639963996399639963996399639963996409640964096409641964196409640964096409640964096409640964096409640964096409640964096409640964196419640964196409640964096409640964096409641
2210964196419641964296429642964296429642964296429643964396439643964396439644964496449644964496459645964496459644964496449644964496449645964596459645964596459645964596459645964596459645964596459645964596459645964596459645964596459645964596459645
2211964596449645964496459645964596459645964596459646964596459646964696459646964696469645964596459645964696469646964696469646964696469646964696469646964696469646964696469645964596459645964596459645964496449644964496439643964496449644964496449644
2212964496449644964496449644964396439643964396439643964396439643964396449644964496449644964496449644964496449644964496449644964496449644964496449644964496439644964496449643964396429642964296429642964296429642964296429641964196419641964096409640
2213964096399639964096399639963996399638963896389638963896389638963796379637963796379637963796379637963696379636963696369636963696369635963596359634963496349634963396339632963296329632963196319632963296329632963296329632963196319631963096309629
2214963096309629962996299629962896289628962796279627962796269626962696269626962696259625962596259625962496249624962496239623962396229622962296229622962296229622962296219621962196219620962096209619961996199619961996189618961896179617961796179617
2215961696169615961596159614961496139612961296129612961196119611961196119611961096109611961196119611961196119611961096119610961096109610961096109610961096109609961096099609960896089608960896089608960896089608960896089608960896089608960896089608
2216960796079606960696069606960696069606960696069606960696069606960596059606960596059605960596059605960596059605960596059605960596059605960596049604960496049604960496049604960496049604960496049604960496049604960396039603960396039603960396039603
2217960396039603960396049603960396039603960496039604960396039604960496049604960496049603960396049604960496049604960496049604960496049604960496049604960496049604960496039604960396039603960396039603960396039603960396049603960396039603960396039603
2218960496049604960496049604960496049604960496049604960496049604960596059605960696059605960596049604960496049603960496049605960596069606960596059606960696069606960696069606960696079607960796079607960796079608960896089608960996099609960996099609
2219960996109610961096109610961096109610961096109611961096119611961196119611961196119612961296129611961296129612961296129612961296129612961296139613961396139613961396139613961396139613961396139613961396139613961396139614961496149614961596159616
2220961696169616961796179617961796179617961796179617961796179618961896189618961896199619961996199619961996199619961996209620962096209620962196209620962096209620962096209619962096209620962096219621962196219621962196219622962296229622962296229622
2221962296229622962296229622962396239623962396239623962396239623962396239623962496249624962496249624962496259625962596259625962696269626962696269627962796279627962796279628962796289628962896289628962996299629962996299629962996299629962996299630
2222963096299629962996299630963096309631963196319631963196319631963196319631963196319631963196319631963196319631963196329632963296329632963296329632963296329632963296329632963296329632963296339633963396339633963396339633963296329632963296329632
2223963296329632963296339632963396339633963396339633963396339634963496349634963496349634963496349634963496349634963496349634963496349634963496359635963596359635963596349634963496349634963496349634963496349634963496349634963396349634963496349634
2300963496339633963396339633963396339633963396329632963296329632963296329632963296329632963296319631963196319631963196319631963196319631963196319631963196319630963196309630963096309630963096309630963096309630963096309630963096309629962996299629
2301962996299629962996289629962896299628962896289628962796279627962796279627962696269626962696259626962596259625962596259625962596249624962496249624962496249624962496239623962396239623962396239623962296229622962296219621962196219621962196219621
2302962196219621962196219621962196219621962196219621962196219621962196219621962096209620962096209620962096209620962096209620962096209620962096199619961996199619961996199619961996199618961896189618961896189618961896189618961796179617961696169616
2303961696169615961596159615961596159615961596159615961596159615961596159615961496149614961496139613961396139613961296129612961296129612961196119611961196119611961196109610961096109610961096109610961096109610961096109610961096109609960996099609
2304960996099609960896089608960896089608960996089608960896089607960896079607960796079607960796079607960796079607960796089608960896089608960896089607960796079607960796079607960696069606960596059604960496049604960496059604960596059604960496049604
2305960396039603960396039603960396039603960396039603960396039603960396039603960396039603960396039603960396039602960296029602960296029602960296029602960196019601960196019602960196019601960196019601960196019601960196019601960096019600960096009600
2306960096009600960096009600960096009599960095999600959995999599959995999599959995999599959995999599959995999599959995999599959995999599960096009600960096019601960196019602960296029602960296029602960296029601960296019601960196029602960296029602
2307960296029602960296029602960196019602960296029602960296029602960296029602960296039603960396039604960496039604960496049603960496049604960496049604960496049604960496039603960396039603960396039603960396039603960296039603960396039603960396039602
2308960296039603960396039603960396039604960396049604960396049604960496049604960496049604960496059605960596059605960596069606960696069606960696069606960696069606960796079607960796079607960796079607960796079606960796079607960796079607960696069607
2309960796079607960796079608960896089608960996099609960996109610961096099609960996099610961096109610961096109610961096109610961096119611961296129612961296129612961296129612961296129612961296129612961296129612961296129612961396139613961396139613
2310961396139613961396139613961396139613961396149614961496149614961496149614961496149615961596159614961496159615961696169616961696159615961596159614961496159615961596159615961596159615961596159615961596159615961696159615961696169616961696169616
2311961696159616961696169616961596169615961596159615961596159615961596149614961496159614961496149614961496149614961496149613961396139613961396139613961396129612961296129612961296129612961296129612961296129611961296129612961296119611961196119610
2312961196109611961096109610961096109610961096109610960996099609960996089608960896089608960896089608960896089608960896089608960896089608960796079607960796069606960696069606960696059605960596059605960596059605960496049604960496049604960496039603
2313960396039603960296029602960196019601960196009601960096009600959995999599959995989598959895989598959895979597959795979596959695969596959595959595959495949593959395939593959295929592959295929592959295919591959195919591959195909590959095899589
2314958995889588958895889588958795879587958695869586958695869585958595859585958495849584958395839582958295829582958195819581958195819580958095809580957995799579957995799578957895789578957795779577957795769576957695769576957695769576957695769576
2315957595759575957595749574957395749573957395729572957195719571957195709570957095709570956995699569956895689568956895689568956795679567956695669566956695669565956595659565956595659565956495649564956495649564956495639564956395649563956495649564
2316956495649564956395639563956395639563956395639563956295629562956295629562956295629562956295619562956195619561956195619561956195619561956195609560956095609560955995599559955995599559955995599559955995599559955995599559955995599559955995599559
2317955995599558955995589558955895599558955895589558955895589557955895589558955795579557955795579557955795579558955895579557955795579557955795579557955795579556955795569556955695569557955695569556955695569556955695569556955695569556955695569556
2318955695569556955695569556955695569556955695569556955695569556955695569556955695569556955695569556955695569556955695559556955595559555955595559555955595559555955595559555955695569555955695569556955695569556955695569556955695569556955695569556
2319955695569556955795579557955795579557955795579557955795579556955694669557955795579557955795579557955795579558955895589558955895589558955895589558955995599559955995599559955995599560955995609560956095609560956095609560956095599560955995599559
2320955995599559956095609560956095609560956095609561956195609561956195619561956095619561956195619561956195619562956295629562956295629562956395639563956395639563956395639563956395639563956495639563956495649564956495649565956595659565956595659565
2321956595659566956695669566956695669566956795679566956795679567956795679567956795679567956795679567956795679567956795679568956795689567956895689568956895689568956995699569956995699569956995699570957095709570957095719570957095709571957095719571
2322957195719571957195719571957195719571957195719571957195719571957195719571957195729571957295719572957295729572957295739573957395739573957395739573957395739573957495749574957495749574957495749574957495749575957595759575957595759575957595759575
2323957595759575957595769576957695769576957695769576957695769576957695769577957795779576957795779576957695769576957695769576957694719576957695759575957595769575957695759575957595759576957595759576957695769576957595769576957695769576957695759576
2400957695769576957695769576957695769576957695769576957695769576957695769576957695769576957695769576957695769576957695769576957695769576957695759575957595759575957595759574957495749574957495749574957395739573957395739573957395729572957295729572
2401957295729572957295729572957295729572957295729572957295729571957195719571957195719571957195719571957195719571957195719571957095709570957095709570957095709570957095709569956995699569956995699569956995689569956895689568956895689568956895689568
2402956895689568956895689568956895689568956795679567956795679567956795679567956795679567956795679567956795669567956795679567956795679567956795669566956695669566956695669566956695659565956595659565956595659565956595649564956495649564956495649564
2403956495639563956395639563956395639563956295629562956295629562956295629562956295629561956195619561956195619561956195619561956195619560956195609560956095609560956095609560956095609560956094469559955995599559955895589558955895589558955895589558
2404955895589558955895589558955895589558955895579558955795579557955795579557955695569556955695569556955695559555955595559555955595559555955595559555955595559555955595549554955595559555955595559555955495549554955495549554955495549554955495549554
2405955495549553955395539553955395549554955495539554955495549554955395539553955395539553955395539553955395549554955495549554955495549554955495549554955495549554955495549554955495549554955595549554955495559555955495549554955495549554955595559555
2406955595549555955595549554955495549554955495549554955395539553955395539553955395539553955395539553955395539553955395549554955495549554955495549555955595559555955595559555955595569556955695569556955695569556955695569556955695569556955695569556
2407955695569556955695569556955695569556955595569556955695569556955695569556955695569557955795579557955795579557955795569557955795579557955795579557955795579557955795579557955795579557955795579557955895579557955795579557955895589558955895589558
2408955894399558955895589558955895589558955895589558955995599559955995589558955995599559955995599559955995599559955995599559956095609560956095609560956095609560956095609560956095609560956095609560956095609560956095619561956195619561956195619561
2409956195619561956195619560956095609561956195619561956195619561956195629562956295629562956295629563956395639563956295639563956395649564956495649564956495649565956595659565956595659566956695669566956595669566956695669567956795679567956795679567
2410956795679567956795679567956795679567956795689568956895689568956895689569956995699569956995699569956995699569956995699569957095709570957095709570957095709570957095709570957095709570957095709570957095699569956995699569956995699568956995689568
2411956895689568956895679567956795679568956895689568956895699569956995699569956995699569956995699569956995699568956895689568956895689568956895689568956895699569956995699569956995689567956695669567956895689568956795679568956795689567956795669567
2412956795679566956695669565956595659565956595659565956595659565956594759565956695669566956695659565956595659565956595659564956495649563956395639563956395639563956395629562956295629562956295629562956295629562956295619560956095609561956095609560
2413956095599559955895589558955795579557955795579556955695569556955695569555955595559555955595559554955495549554955395539553955395529552955295529552955195519551955095509550955095499549954995489548954795479547954795479547954795479546954695459545
2414954595459545954495449544954495439543954395439543954395429542954295419541954095409540953995399539953995399538953895389538953895389538953895379537953695369536953695359535953495349534953495339534953395339533953395339532953295329532953295329532
2415953295319530953095309530952995299529952995299528952895289528952895279527952795279526952695269525952595259525952495249524952495239523952395229522952295229522952295229522952295229522952195219521952195219520952095209520952095209520951995209519
2416951995199519951995189518951895189518951895189517951895179517951795169516951695169516951595159515951495149514951395139513951495139513951495139513951395139512951295129512951295119511951195119511951095109510950995109510950995099509950995099509
2417950995099509950995099508950895089508950895079507950795079507950795079507950795079507950795079507950795079507950795079507950795079507950795079506950695069506950695069506950695069506950695069506950695069506950695069505950595059505950595059505
2418950595049504950495049504950495049505950595049505950495059504950595049505950595059505950495049504950495059504950495049505950595059505950595059505950695059506950695069506950695069507950695069506950695059505950595059505950595069506950695069506
2419950695069505950595059506950595059505950695069506950695059506950695069506950695079507950795079507950795089507950795089507950795089508950895079507950895079507950795079507950795089508950895099509950995099509950995099509950995109510951095109510
2420951095109510951095109510951095109510951095109510951095109510951195119511951195129512951195119511951195129512951295129512951295129512951395139513951395139513951395139513951395139513951395139513951395149514951495159515951595159515951595159515
2421951595159516951695169516951695169517951795179517951795179517951795189517951895189518951895199519951995209520952195219521952195219521952195229522952295229522952295229522952295229522952295229522952395239523952395229523952395249524952395239522
2422952395239523952295229523952395239523952395229523952395239523952295229522952295229522952295239523952395249523952395239523952495249524952495239524952495249524952395249524952495249524952495249524952495259525952595259525952595259526952695269526
2423952795269526952695269526952695269526952695269526952695269526952695269527952795279527952795279527952795279527952795279527952795279527952795279527952795279527952695269526952695269526952695269526952695269525952595269526952595259525952595259526
2500952695259525952595259525952595259525952495249525952495259525952595259525952595259525952595249524952495249524952495249524952495249524952495249525952595259524952495249524952495249524952495249524952495259525952595259524952495259524952595259524
2501952495249524952495249525952595249524952395239523952495249524952495239524952495249524952495249524952495259525952595259525952595259525952495259525952595259525952595259524952495249523952395249524952395239523952395239523952395239524952395239523
2502952395239523952495239523952395249524952495239523952395239523952395239524952395239524952495249524952495249524952395239523952395239523952395239523952395239523952395239523952395239523952395239523952295229522952395239523952395239522952295229522
2503952395229522952295229521952295229522952295229522952295229521952195219520952095209520952095209520952195219521952195219521952195219521952195219521952195219521952195219521952195219521952195219521952195209520952095209520952095209520952095209520
2504952095209520952095219520952095209521952195219521952195209521952095219521952195209520952095209520952095209520952095209520952095209520952095209520952095209519951995199520952095209520951995209520952095209520952095209519951995199519951995189518
2505951895189517951795179517951795179517951795179517951795179516951695179517951795169516951695169516951695169516951695169515951595159515951595159515951595159514951595159515951595159515951595159514951595159515951595159515951595159515951595159515
2506951595159515951595159515951595169516951695169516951695169516951695169516951695169515951695169516951695169516951695169517951695179517951795179517951795179518951895189518951895189518951895189519951995199519951995199519951995199519951995199519
2507951995199519951995199520952095209520952195219521952195219522952295219522952295229522952195219522952295229522952295229522952295229522952295229522952295239523952395239523952395239523952395239523952395239523952395239524952395249524952495249525
2508952595259525952595269526952695269526952695269526952695269526952695269526952695269526952695269526952695269526952695269526952795279527952795279527952795279527952795279527952795279527952795279527952795279527952895289528952895289529952995299530
2509953095309530953095309530953195319532953195329532953295329533953395339533953495349534953495349534953495349534953495349534953595359535953595359535953595359535953695369536953795379537953795389538953895389539953995399539953995399539954095409540
2510954095409540954095419541954195419542954295429542954295429542954395439543954395439543954395439543954395449544954495449544954495439544954495449544954495449544954395449544954395449543954395439543954395429543954395439543954395439543954395439543
2511954395429542954295439543954395439542954295429542954295429542954295419541954295419542954195419541954195419542954295419541954195419541954195419541954195419541954195419541954195419541954195419541954195419541954195419540954095409540953995399539
2512953995389538953895389537953795389538953895389537953795379537953795369535953695369535953595359535953595359535953595369535953695369536953695369537953795369536953695369536953695379536953695369536953695369535953595359536953695359535953595349534
2513953495349534953395349533953395339533953395329532953295329532953295319531953195309530953095309530953095309529952995299529952995289528952895289527952795279528952795279527952795269526952695269526952595259525952495249524952395249523952395239522
2514952295229521952195219520952095199519951995199518951895189518951795179517951795179517951695169515951595159516951695169515951595159514951495149514951495149513951395129512951295129512951295119511951195109510951095109510951095119510951095109510
2515950995109509950995099509950995099509950795089507950795079507950795079506950695059505950495049504950395039503950295029501950195019501950195019501950195019501950195019501950095009500950095009500950094999499949994999499949994999499949994989498
2516949794979497949794969496949694969496949594959495949494949494949494939492949294929492949394939493949394939493949294919491949194929492949294929492949294929492949294929492949294929492949394939494949394939493949394929492949294929491949294929492
2517949294929492949294929492949294919492949294929492949294929491949194919491949194919491949294929492949294929492949194919491949194919491949094919491949194919492949294929492949294919491949194919492949294929492949194919490949094909490949094909490
2518949094909490949094919491949194919491949194919490949194919491949194919491949194909490949094909491949194919491949194929492949294929493949294939493949394939493949394949494949594959495949594959495949594959495949594959495949694969496949694969496
2519949694969496949794969496949694969496949794979497949794969496949694979497949794979498949894999499949995009500950095009501950095019501950195019501950195019501950195019501950195019501950095019501950295029502950395039503950395039504950495049504
2520950495059504950495049505950595059505950595059506950595069506950795089508950895089508950895089508950995099509950995109511951195119511951095109510951195119511951195129513951395139513951395139513951395139514951495149515951595159516951595159515
2521951595159516951695169516951595169515951695169516951695169517951795179517951795179517951895189518951895189517951795179518951795179518951895189518951995199519951995199519951895189518951895189519951995199519951995199519951995199519951995199519
2522952095209520952195219521952195219521952195219521952295229523952395239523952395249524952495239524952495249524952395249524952495249524952395249524952495249523952395239523952395249523952395239523952395239523952395239523952495249524952495249524
2523952495249524952495249524952495249524952495249524952495249524952495249524952595249524952495259525952595259525952595259525952695269527952795279528952895279527952795279527952795279527952895289528952895289528952795289528952895289528952995299529
2600952895289528952895289529952995299529953095309530953095309530953095299529952895299529953095309531953195319531953195309530953095299529952995299529952995299529952995299529952995299529952995299528952895289528952895289527952895289528952895289528
2601952895289527952895279528952795279527952695269527952795269526952695279526952695269526952695269526952695269526952595269526952695259525953395249524952495259525952495249524952495249524952495249524952395229522952295229522952195219521952295229523
2602952395239524952495249524952495249524952495249524952495239523952395239522952295229522952295229522952295229521952295229521952195229521952195229522952195219521952195219521952195209520952095209520952095209520952195209520951995199520952095219521
2603952195219521952095209519951995199520952095209519951995209519951995199519951995199519951995189518951795179517951795179517951795179517951795179517951795169516951695169516951795169516951695169516951695169516951695169516951695169516951695169516
2604951695169517951795179517951695179516951595159515951595159515951595159514951595149514951495149514951595159515951595159515951495149515951595159515951595159515951495149514951495149513951395139512951395139513951395139513951395139514951395139513
2605951395139513951395139513951395139513951395139513951395139513951395129512951295119512951295129511951295129512951295119512951195119511951295129512951195119511951195119510950995099509951095109510951695109509950995099510951095109511951095109509
2606950895089508950895099509950995099509950995089508950895089508950895089508950895099509950995099509950995099508950895089509951095109509950995109510951095099509950995099510951095109510951195119511951195119511951095109510951095109510951095109510
2607951095109511951195119511951295119511951195119511951195119511951295129513951395129512951295129512951295139513951395129512951295129512951295129512951295129512951295129512951295129512951195129513951395139513951395139512951295129513951395139513
2608951395139512951395139513951395139513951395139513951295129512951295129513951395149514951495149515951595159515951595169516951695169516951695169516951695179517951795169516951695169516951695169516951695169516951695169516951695169517951795179517
2609951895189517951895189518951895189519951995199518951995199519951995199519951995199519951995199519951995199519951995199519951995209520952095209521952195219520952095209520952095219521952195219521952195219521952195219521952195219521952295229522
2610952295229522953895239523952495249524952495249524952495249524952495259524952495259525952595259525952695269525952595269526952695269526952695259525952595259525952595249524952495239523952495249524952495239523952395229522952295219521952095209519
2611951895189518951795179516951695169517951895209521952195219521952195219521952195219521952195219521952195209520952095199520952095209519951995199519951995199519951995199519952095199519951995199520952095209521952095209521952195219521952095209520
2612952195219521952195219521952195219521952195219521952195219521952195219521952195219521952095209520951995199519951995199519951895179517951695169516951695169516951595159515951595159515951595149514951495149514951495149514951395139512951295129512
2613951295119511951195109510951095109510951095109510950995099508950895089507950695069506950595059504950395039503950395039503950395039503950395039503950295029501950195019500950095009500950094999499949894989497949794979496949694969495949594959494
2614949594949494949494949493949394939493949294919491949194919491949094909489952994899488948894889488948894879487948694869486948694869485948594849484948394839483948394839482948294829483948294829482948194819480947994799478947894789478947894789478
2615947894789478947794779477947794769476947594759475947594749474947394739473947394739473947394739472947294729472947394739473947394739472947294729472947194719471947094709470947094709470946994699469946994699469946994689468946894689468946894679467
2616946794679466946694669466946694669466946694669466946694659465946594659465946594649464946494639463946394639463946394639463946394639463946294629462946294629463946394639463946394639463946394639463946394629462946294629461946194619461946194619461
2617946194619461946194619461946194619461946194609460946094599459945994599459945994589458945994589459945894599458945894599458945994589458945894599459945994599459945994599459945894589459945994599459945994599458945894579457945794589458945894579458
2618945794589459945994589458945894589459945994599458945894599459945894599459945994599460946094609460946094609460946094609460946094619461946194619461946194619461946194619461946194619461946194619462946294629462946294629462946294629462946294629462
2619946294629462946294629462946294639463946394639464946494649465946594649464946594659465946594669466946694669466946694679467946794689467946894689468946894689468946894689468946894689468946894689468946994699469946994709470947094709470947094709470
2620947194719471947194729472947294729472947294729472947394739473947394739473947394749474947494749475947694769475947594769476947694769477947894789478947894789478947894789479947894789479947894799479948094809480948094809480948094809480948194819481
2621948194819482948294829482948394839483948394849484948594859485948594859485948694859486948694869486948794869487948794879487948894889489948994899489948994899489949094909491949194919491949194919491949194929492949394939493949394939493949394939494
2622949494959495949594959494949494959495949694969497949794989498949794979498949894999500950094999500950095019501950295029501950195019501950195029502950295039503950395039503950495049504950495049504950495049504950595069506950695069506950695079507
2623950895089508950895089508950995089508950995099510951095099509950995109510951095099509951095109510951195119511951195119512951295129512951295129512951395139513951395129513951395139513951395139513951395139513951495149515951595159515951595159515
2700951595169516951695169516951695179517951795179517951795179518951895189518951895189518951895189518951895189518951895199519951995199519952095209520952095209520952095209520952095209520952095209520952095209521952195219521952295229521952295229523
2701952395239523952395249524952495249524952495249524952495249524952495249525952595269526952695269526952695269526952695279527952795279527952795279527952795279527952795279527952795279527952795279527952795279527952795279527952795279527952795279527
2702952795289528952895289528952895289528952895289528952895289528952895289528952895289529952895289528952995299529952995299529952995299529952995299529953095299530953095299530953095299529953095299529952995299529952995289528952895289528952895289528
2703952895289528952995289528952995289528952895289528952895289528952895289528952895289527952895289528952895289528952895289528952895289527952895279527952795279527952795279527952795279527952795289527952795279527952795279527952795279527952795269527
2704952695279526952695269526952695269526952695269526952695259525952595259525952595259525952595259525952595259526952695269525952595259525952595259525952595269526952695269526952595259525952495249524952495249524952495249523952395239523952395239523
2705952395229522952295229522952295229522952295229522952295229522952295229522952195219522952195229522952295229522952295229522952295229522952295229521952295229522952295229522952295219521952195219521952295229522952195229521952295219521952195219521
2706952195219521952195219522952295229521952195219521952195219521952195229522952295229522952295229522952295229522952295229523952395239524952495249524952495249524952495249524952495249524952495249524952495249525952595259525952695269526952695269525
2707952595259525952595269526952695269526952695279526952695269526952695269527952795279527952895289528952895299529952995309530953095309530953095309531953195319531953195319531953195319531953195319531953295329532953295329532953395339533953395349534
2708953495349534953495349535953495349534953595349534953495349535953595359534953595359535953595359535953695379537953795379537953795379537953795379537953695369536953695369537953795379537953795379537953795379538953895389538953895399539953995399540
2709954095409541954195419541954195419542954295429543954395439542954395439542954395439543954495449544954495449544954495459545954595469545954595459545954595469546954695469547954795479547954895489548954895489549954995489548954895489548954895489548
2710954995499549954995499549954995509550955095509550955095509550955095519551955195519550955095509550955095509550955095519551955195519551955195509551955195519551955195519551955195519551955195519551955095519551955095509550955095509550955095509550
2711955095509550955095509550955095509551955095509551955095509551955095509550955095509550955095509549954995499549954995499549954995499548954895489548954895489548954895489548954795479547954795479547954795479547954795479547954795479546954695469546
2712954595469545954695469545954695459545954595459545954595449544954495459545954495449544954495449543954395439543954395439543954395429542954295429542954295419541954195409540954095409539953995399539953995399539953995399539953995389538953895379537
2713953795379537953695369535953595359535953595359535953595349534953495349534953395339533953395339533953395329532953295319531953195309530953095309530953095299529952895299528952995289528953495289528952795279527952795279527952695269526952695259525
2714952495249524952495249523952395239523952295229522952295219521952095209520952095199519951995199519951895189518951895179518951795179516951695169515951595159514951495139513951395139513951395139512951195119511951195109510951095109510951095109509
2715950995089507950795079507950795079507950795079506950695059504950495049504950495049503950395039503950395039502950295029501950195019501950195019501950195019501950095009500950095009499949894989498949894989499949894989498949894989498949794979497
2716949694969496949694969496949694969495949594959495949594959495949494959494949494949494949494939493949294929492949294929492949294929492949194919491949194919490949194919490949094909490949094909490949094899489948994899488948894889488948894889488
2717948894889488948894879488948794889487948794879488948794879488948894879487948794879487948794879487948794879487948794879486948694869486948694869486948694869486948694869486948694869486948694859485948594859486948594859485948594859485948594859485
2718948294859486948694869486948694869486948694869486948594859485948694869485948594859486948594859485948594859485948594859485948594859485948594859485948594859485948594869486948694869487948794879487948794879487948894889488948994889488948894899489
2719948994899489948994899489948994899489949094909490949094909490949094899490949194919492949294929492949294929492949294929493949394939494949394939494949494949495949594959495949594969496949694969496949694979497949894979497949894989498949894989498
2720949994999498949994999499949994999499949994999500950095009501950195019501950195019502950295029503950395039503950395039503950395039503950395039504950495049504950495049505950595059505950595059505950595059505950595059505950595069505950695069506
2721950695069506950795079507950795079507950895089508950895089508950895089508950995099509950995099510951095109511951195119511951195119512951295129512951395139513951295129512951295129512951395139513951395139513951395139513951395139513951395149514
2722951395139513951495149514951495149514951595159515951595169516949395169516951695179517951795189517951795179517951795179517951795179516951695179517951795179517951795179517951795179517951795179518951895189517951795189518951895189518951895199519
2723951995199519951995199519951995209520952095219521952195219520952195229522952295229522952395239524952395239523952495249524952495259525952495249523952495249525952595259526952695269526952595259525952695269527952695279527952795279527952895289528
2800952895289528952895289528952895289529952995289528952895289529952895289528952895289528952995299529952995299529952995299529952895299529952995299529952995299529952995309530953095309530953095309531953195319531953195319531953295329532953295329532
2801953395339532953395339533953495339533953395329532953295329532953295329532953295329532953295329532953295319531953295329532953295329532953295329532953295329533953395339532953295329533953395329532953295339533953395339533953295339533953295329532
2802953295329533953395339532953395339533953395329533953395339533953395329532953395339533953395339533953395339532953295329532947695329532953295329532953395339533953395339533953395349533953395349534953495349534953495349533953495339533953495339534
2803953395339533953395349534953495349534953495349534953495349534953495349534953495349534953495349534953495349535953595349534953595359535953595359534953495349535953595359535953595359534953595359535953495349534953495349534953495349534953495349534
2804953395339533953395339533953495339533953395339534953495339533953395339533953295329532953295329532953295329532953395339533953395339533953395339533953395339533953395329532953295329532953295329532953395339533953395339533953395339533953395339533
2805953395339533953295329533953395339533953395339533953395339533953395339533953395329532953395339534953495349533953395339533953395339533953395339533953395339534953495349534953495349533953495349534953495349534953495349534953495349534953495349534
2806953495349534953495349534953495349534953495349534953495349534953495359534953495349535953495349535953595359535953595359535953695369535953595359536953695369537953795379537953795379537944995379537953795379538953795379537953795389538953895389538
2807953895389538953895389538953995399540954095409540954095409540954195409541954195419541954195419541954195419542954295429542954395439543954395439543954495449544954495449544954595459545954695469546954695469546954695469547954795479547954795479547
2808954795479547954895489548954795479548954895489549954995499550955095509550955095509551955195519551955195519551955295529552955295529552955295529552955295529553955495549554955495559555955595559555955595569556955695569557955795579557955795579557
2809955795589558955895589558955995599559955995609559955995599559955995599560956095609560956095609560956095619562956295639562956395639563956395639563956395639564956495649565956495649565956595669566956795679567956795679567956795679568956895699569
2810956995699569956995709570957095709570957095709570957195719571957195719571957195719572957295729572957295729572957295729572957295729573957395739573957395749574957495749574957495749574957595759574957595759575957595769576957695769576957695769576
2811957695769576957695769576957695769576957695769576957695769577957795779577957795779576957695769576957795779577957795779577957795769576957695779577957795779577957795779577957795779577957695779577957795779577957795779577957695779577957795789578
2812957895789578957895779577957795779578957895789578957895789578957895789579957995799579957995799578957895789578957895789578957895789578957795779577957895779577957795779577957795779577957795779577957695779577957795779577957695769576957695769576
2813957495749574957395739573957495739574957395739573957395739573957395739573957395739573957395739573957395739572957295739572957295729572957195719571957195719571957095709570957095709570957095709570957095709570957095709570956995699569956895689568
2814956895679567956795669566956695669566956695669566956695669566956595659566956695659565956595659565956595649565956595649564956495649563956395639563956295639562956295629562956295629561956195619561956095609560956095609559955995609559955995599559
2815955995599558955895589558955895589558955895589558955895589558955895589558955895589558955895589558955895589558955895579557955795579556955695569556955695569556955695569556955695569556955695569556955695569555955595569556955695569556955595559556
2816955795579556955695579557955695569556955695569556955695569556955695569556955695569557955795579557955795579557955795579557955895589558955795579558955895589558955895589558955995599559955995589558955895589559955895599559955995599559955995599559
2817955995599559956095609559955995599559955995609560956095609560956195619561956195619561956195619561956195629562956395639562956395639563956395639563956395639563956395639564956395649564956495649565956595659565956595659565956595659565956695669566
2818956695669567956795679567956795679568956895689568956895689568956995699569956995709570957095709570957095719571957195719571957195719572957295729572957295739573957395739573957395749574957495749575957595769576957695769576957695769577957795779578
2819957895789579957995809580958095809580958095819581958195819582958295829582958395839583958495849584958495859585958595859586958695879587958795879588958895889588958895899590959095909590959095909591959195919591959195929592959395939593959395949594
2820959595959596959695969597959795989598959895989599959995999599959996009600960196019602960296029602960296029602960396039604960496049604960596049605960596059605960596069606960796079608960896089608960996099609961096109610961096119611961296129612
