58265 2012   031213603204   65   24 6670   55    1--------------------------------------------------------------------------------------------------------------------------------------------------------------------------------------------------
2921956895689568956895689568956795689568956995689569957095709570957095719570957095719571957195719571957295729572957295739572957295729572957395739573957395739573957495749574957495739573957395739574957395749574957495749574957495759575957695769576
2922957695769576957695769577957795779577957795779577957895779577957795779577957795789577957795779577957795789578957895789577957895789578957895779577957795779577957795779577957795779576957695759575957695779577957795779577957795779577 ///95779577
2923957795779577957695769576957695769576957695759575957595759575957695769576957695779576957795779577957895789577957795779577957795779577957795779578957895789578957895789578957895789578957895789578957895789579957995789578957895789577957795779577
0100957795789578957895789578957895789578957895789578957795779577957795779577957895779577957795789577957795779577957795779577957795779577957795779577957795769577957795779577957795769576957695769576957695769576957795769576957695769576957695769576
0101957695769576957695759575957595759575957695769576957695759575957595759575957595759575957595759575957495749574957595759575957495749574957395739573957495749574957495739573957395739573957395729572957295729572957295719571957195719571957195719570
0102957095709570957095699569956995699568956795679567956795679568956895689568956895689568956895689567956795679567956695669567956695669566956695669567956795679567956795689568956895689568956895689568956795679567956795669566956695679567956895679567
0103956795679567956795679567956795679567956795669566965595669566956695659565956595659565956595649564956495649564956495649564956495639564956395639563956395639563956395639563956395639563956395629562956195619561956195619561956195619561956195609561
0104956095609560956095609560956095609560956195619561956195619561956195619561956195619561956095609560956095609560956095609560956095609561956095609560956095609560956095609560956095609560956095609560955995599559955995599559955995589559955895589558
0105955895589558955895589558955895579557955795579557955795579557955795579556955695569556955695569556955695569556955695569556955695569556955695569555955595559555955595559555955595559555955595559555955595559555955595559555955595559555955495549554
0106955495549554955495549554955495549554955495549554955495539553955395539553955395539553955395539553955495539553955395539553955395539553955495549554955495549553955495549554955495549554955495549554955495549555955595559555955595559555955595559555
0107955595559555955595559555955595559555955595559555955595559556955595569556955695569556955695569556955695569556965295569556955695569557955695569556955695579557955795579557955795579557955795579557955895579558955895589558955895589558955895589558
0108955895589558955895599559955995609560956095609560956095609560956095609560956095619560956095609561956195619561956095609561956195619561956195609561956195619561956195619561956195619561956195629562956295639563956495649564956495649565956595659565
0109956595669565956595669566956695669566956695679567956795679567956895689568956995699569956995709569957095709570957095719571957195719571957195729572957295729572957295729572957295729572957295739573957395739574957495749574957495749574957495759575
0110957595769576957695769576957795779577957795779578957895789578957895789578957995799579957995799580958095809581958195819581958295829582958295829582958295839583958395839583958395839583958395849584958495849584958495849584958495849585958595859585
0111958595869586958695869586958695869587958795879587958795879587958795879587958895889588958895889588958895889588958895889589958995899589958995909590959095909590959095909590959095909590959095909591959195919591959195919591959195919591959195919591
0112959195919591959195919591959195919591959195919591959195919591959195919591959195919591959195919591959195919591959195919591959195919591959095909590959095909590959095909590959095909590959095909590959095909590959095909590959095909590959095909589
0113958995899589958995889588958895889587958795879587958795879586958695869586958695869586958695869586958695859585958595859585958495849584958495849584958495839583958395839583958395839583958395829582958195829582958195819581958195809580958095809580
0114958095809580958095809580958095799579957895789578957895789578957895779577957795779577957795769576957795769576957695769575957595759575957495749574957395739573957395729572957295729572957195719571957195719570957095699570956995699569956995689568
0115956795679567956795679567956795669566956695669566956595659565956595649564956495649564956495649564956495639564956395639563956395639563956295629561956195619560956095609560956095609560955995599559955895599559955995609559956095599559955995599559
0116955995599559955995589559955995589558955895589558955795579557955695569556955695569556955695569556955695569556955695569556955695559556955695559555955595559555955595559555955595559555955495549553955395539553955395549554955395549553955395549554
0117955495549554955495549554955495559555955595559555955695559556955695569556955695569556955695569556955795579557955795579557955795579557955795589558955895589558955895589558955895589558955895589558955895589558955895589558955895589558955895589558
0118955895589558955895589558955895589558955895589558955895599559955995599559955995599559955895589559955995599559955995609560956095609560956095609560956095609560956095609560956095609561956195619561956195619561956295619562956295629562956295629562
0119956295629562956295629562956295629562956295629562956395639563956395639563956395639563956395639563956395639563956495649564956495659565956595659565956695659565956595669565956695669566956695669566956695679567956795679568956895689568956895689568
0120956895689568956895689568956895689569956895699569956995699569956995699569956995699569956995709570957095709570957095709570957195719571957195719571957195719572957295729572957295729573957295739572957295739573957295729573957395739573957395749574
0121957495759575957595759575957595769576957695779577957895789578957895789578957895789578957895789578957895799579957995799579957995799580958095809581958195819581958295829582958295829582958295829583958395839583958395829583958295829582958295839583
0122958395839583958395839583958495849584958495849584958495849584958495849584958595859586958695869586958595859585958695859586958695869586958695869586958695869586958695869586958695869585958595869585958695869586958695869586958695869586958795879586
0123958795879587958795889588958895889588958895889589958995899589959095899589958995899589958995899589959095909590959095909590959095909590959195919591959195919591959195919592959295929592959295929591959295929592959295929592959295929592959295929592
0200959295919592959195929592959195919591959295929592959295929592959295919592959195919591959195919591959195919591959295929592959295929591959195919591959195919591959195919591959195919591959195919591959195919590959095909590959095909590959095909589
0201958995899589958995899589958995899589958995899589958895889588958895899589958995899589958895889588958895899589958995899589958995889588958895889588958895889588958895889587958895889588958795879587958795879587958795879587958795879587958795879587
0202958795879587958795879587958795879587958795879587958795879587958795879587958795869587958695869586958695869586958695869586958695869586958695859585958595859585958595859584958495849584958495849584958495849583958395839583958395839583958395839583
0203958395839583958395839583958395839582958295829582958295829582958295829582958295829582958295819582958195819581958195819581958195819581958195819581958195819581958195809580958095809580958095809581958195809580958095809579957995799580957995799579
0204957995799579957995799579958095799579957995799579957895789579957895799578957895789578957895789578957895789578957895789578957895789578957895789578957895789578957895779578957895789578957895789578957795789578957895789577957795779577957695769576
0205957595759575957595759575957595759574957595759575957595759575957595759574957595759575957595759574957495749574957395739573957395739572957395739573957295739573957395739573957295729572957295729572957295729572957295739573957395739573957395729572
0206957295729572957395739573957395739573957395739574957395749573957395739573957395739573957395739573957395739573957395739573957395739573957495749574957495749574957495749574957395739573957395739573957395739573957395739573957395739573957395739573
0207957395739573957395739573957395739573957395739573957495749574957495749575957595759575957695769576957695769576957695769576957695769576957695769576957695769576957695769576957795779577957795779576957695779577957795779576957695769576957695769576
0208957695779576957695779577957795779577957795779578957895789578957895799579957995799579957995799579957995799579957995799580958095809580958095809580958095809580958095809580958095809581958195809581958195819581958195819581958295829582958195819581
0209958195829581958195819581958195819581958195819581958195829581958295829582958295829582958295829582958295829582958295829583958295829582958295829583958295829583958395839583958395839583958395839584958495849584958495849584958495849584958495849583
0210958495849584958495849584958495849584958495849584958495849584958495849584958495849584958495849584958595859585958595859585958595859585958595859585958695859585958595859585958595859585958595859585958595849585958495859585958495849584958595849584
0211958495849584958495859585958595859585958595859585958595859585958495849584958495849584958495859585958495849584958495849583958395849584958495849584958395839583958395839583958295839582958295829582958295829582958295829582958195819581958095809580
0212958095809580958095799579958095799579957995799578957895789578957895789577957795779577957695769576957695769576957695769576957695759575957595759575957495749574957495749574957495749573957395739573957395739573957295729572957295729572957295729571
0213957195719570957095709570957095709570957095709570957095699569956995689568956895679567956795669566956595659565956595649564956495649563956395639563956395639563956395629562956295619561956095609560956095609560956095599559955995599558955895589558
0214955795569557955695569557955695569556955695559555955595559555955495549554955495549553955395539553955295529552955295529551955195509550955095509550955095509550954995499549954995489548954895489548954795479547954695469545954595449544954495449544
0215954395439543954395439542954295429542954195419541954195409540954095399539953995399539953895389538953795379537953795379537953795379537953695369536953695359535953495349534953495339533953295329532953295329532953295319531953195319531953195319530
0216953095309529952995299530952995299529953095299529952995299528952895289528952895289528952895289528952895279527952695269526952695269526952695269526952695259525952595259525952595249524952495249524952495249523952495239523952395239523952395249524
0217952495249524952495249524952495249524952495249524952495249524952495249524952495249524952495249524952495249524952495249524952595249524952595249525952595259524952495249524952495249524952495249524952495249524952495249524952495249524952495249524
0218952495249524952495259524952495249524952495259525952595259525952595259526952695269526952695269526952695269526952695269526952695269527952795279527952795279527952895279528952895289528952895289528952895289528952895299529952995299529952995299529
0219953095299530953095299529952995309530953095309530953095309530953095309530953095309530953195319531953195319531953195329532953195319531953195319532953195329532953295319532953295329532953295329532953295329532953295329532953295339533953395339533
0220953495349534953495349534953495349534953495349534953495349534953495349534953595359535953595359535953595359535953695369536953695369537953795379537953795379538953895389538953895399616953995399539953995399539953995399540954095409540954095409540
0221954195419541954195419542954295429543954395439543954395439543954495449544954495459545954595459545954595469546954695469546954695479547954795479547954895489548954895489548954895489549954995499549954995509550955095509550955095509551955195519551
0222955195519551955195519551955195519552955195529552955295529552955395539553955395539553955395539553955495549554955495549554955495559555955595559556955695569555955595559555955595559556955695569556955795579557955795579557955795579557955795579557
0223955795579557955795579557955895589558955895589558955995599559956095599560956095599560956095609560956095619561956195619561956195629562956295629562956295629562956295629562956295629562956295629562956295629563956395639563956395639563956395639563
0300956395639563956395639563956395639563956495649564956495649564956495649564956495649564956595649565956595659564956595659565956495649564956495649564956495649564956495649564956495649564956495649564956495649564956595659565956595659565956495649665
0301956495649564956495649565956595649564956495649564956495649564956495649564956495639564956495639564956495649564956495639564956395639563956395639563956395639563956395639562956295629562956295629562956295629562956295629562956195619561956195619561
0302956195609560956095609560956095609560956095609560956095609560956095609560956095609559956095599559955995599559955995599559955995599559956095609560956095609560956095609560956095619561956195619561956195619561956095609560956095609560956095609559
0303955995599559955995599559955995599559955995599559955895599559955995599558955895589558955895589558955895589558955895589558955895589558955895589558955795579557955695569556955795579557955795579556955695569556955695569556955595559556955695569556
0304955595559555955595559555955595549555955595549554955495549554955495549553955395549554955395539553955395539553955395539553955395539553955395539553955395539553955395539553955295529552955295529552955195519551955195509551955095509550955095509550
0305955095509551955195519551955195509551955195509550955195519672955195519551955095509550955095509550955095509550955095509550955095509550955095509550955095509550955095499549954995489548954895489547954795479547954795479548954895489548954895489548
0306954895489548954895499549954995499548954895489549954995499549955095509550955095509550954995509550955095509550955095509550955095509550955095509550955095509550955195509551955195519551955195519551955195519551955195519550955195519551955195519551
0307955195519551955295529552955295529552955295529552955395539553955395539553955395539554955395549554955495549554955495549554955495549554955495549554955495549553955495549554955495549554955495549555955495559555955595559555955695569556955695569557
0308955695579557955795579557955895589558955895589558955895589558955995599559955995599559955995609560956095609560956195619561956195619560956095609560956095609560956095609560956095609560956195609561956195619561956195619561956195619561956295629562
0309956295629563956295629562956295629562956395639563956395639563956495649565956595659565956595659565956595659565956695669683956695679567956795679567956795679567956895689568956895699569956995699569956995699569956995699570957095709570957195719571
0310957195729572957295729572957295739573957295739573957395739573957395739573957395739573957295729572957295729573957395739573957395739573957395739573957395739573957395739573957395739573957495749574957495749574957495749574957495749574957495749574
0311957395739573957395739573957395739573957395739573957395739572957395739572957295729572957295729572957295729572957295729572957295729572957295729572957295729572957295729572957295729572957195729571957195719571957195719571957195719571957195719571
0312957195709570956995699569956995699569956995689568956895679567956795679567956795679566956695669566956695669566956695669566956595659565956595659565956595659564956495649564956395639563956395639563956295629562956195619561956195619561956095609560
0313956095609560956095609560955995599559955895589558955895589558955895589558955895579557955795569556955695569555955595559555955495549554955495539553955395539554955395539553955295529552955295529552955295529552955295529552955295529552955295529551
0314955195519551955095509550955095509550955095509549954995489549954895489548954895489548954795479547954795479547954795469546954695469546954695469546954695469545954595459545954495449544954495449543954495439543954295429542954295429541954195419541
0315954195419541954195409540954195419540954095409540954095409540954095409539953995399539953995399538953895389538953895389537953795379537953795379537953795369536953695369536953695369535953595359535953595349534953495349533953495349533953395339533
0316953395339533953395339533953395339532953295329531953195319531953195319531953195319531953195309530953195319531953195309531953095309530952995299529952995299529953095299529952995299528952895289528952895289528952895289528952895289528952895289528
0317952895289528952895289528952895289528952895289529952995299529952995289529952895289528952895289528952895289528952895289527952795279527952695269526952695269526952695269526952695269526952695269526952795279527952795279527952795279526952695269526
0318952695269526952695269526952695269526952795279527952795279527952795279527952795279528952895279528952895289528952895289529952895289529952895299529952995299529952895299529952995299529952995299529953095309529952995309530953095309530953095309530
0319953095309530953095309530953195319531953195319531953195329532953295329532953295329532953295329532953295329532953395339533953395339533953395339533953395349534953495349534953495349535953595359535953695369537953795379538953895389538953895399539
0320953995399539953995399540954095409540954095409541954195419542954295429542954295439543954395439543954395449544954495449544954495449544954495449544954595459545954595459545954695469547954795479547954795479548954895489548954895489548954895489548
0321954995499550955095509550955095509550955195519551955195529552955295539553955395539554955495549554955495549554955495549554955395539554955395549554955595559556955695569556955695569556955795579557955795579557955895589558955895589558955895589559
0322955995609560956095609561956195619562956295629562956395639563956395639563956495649564956495649564956495649564956495649565956595659565956595659565956595659566956695679567956795679567956795679568956895689568956895689568956895689568956895689569
0323956995699569956995699568956895689568956995699569956895699569956995699569956995699569956995699569957095709570957195719571957195719571957195719571957195719571957195719571957195719571957195719571957195709571957195709570957095709570957095709570
0400957095709570957095709570957095709570957095709570957095709570957095709570957095709570956995699569956995699570956995709570957095709570957095709569956995699569956995699569956995689569956895689568956895679567956795679567956795679567956795679567
0401956795679567956795679567956795679567956695679566956695669566956695659565956495649564956495649564956495659565956595659565956595669566956595669565956595659565956495649564956495649564956395639562956295629561956295619561956195619561956195609561
0402956195619561956195629562956395639563956395629562956295619561956195619561956195619562956295629562956195619561956295629562956195619561956195619561956095609559955995599559955895589559955995589559955995599559955995589559955995589558955895589558
040395589558955795579557955695579556955695569556955695569556955695569556   5   5   5   5   5   5   5   5   5   5   5   5   5   5   5   5   5   5   5   5   5   5   5   5   5   5   5   5   5   5   5   5   5   5   5   5   5   5   5   5   5   5   5
0404   5   5   5   5   5   5   5   5   5   5   5   5   5   5   5   5   5   5   5   5   5   5   5   5   5   5   5   5   5   5   5   5   5   5   5   5   5   5   5   5   5   5   5   5   5   5   5   5   5   5   5   5   5   5   5   5   5   5   5   5
0405   5   5   5   5   5   5   5   5   5   5   5   5   5   5   5   5   5   5   5   5   5   5   5   5   5   5   5   5   5   5   5   5   5   5   5   5   5   5   0   5   5   5   5   5   5   5   5   5   5   5   5   5   5   5   5   5   5   5   5   5
0406   505010501050105010501050105010501050105010501050105010501050105010501050105010501954495439544 /// ///9544954595459545954595459545954595459545954595459545954595459545954595469546954695469546954695469546954695469546954595469545954695469546
0407954695469545954695469546954695469546954695469546954695469546954695469545954695469546954695469546954795479547954795479547954795479547954795479547954795479548954895489548954895489548954895489548954895479548954895479547954795489548954895489548
0408954895489548954895489548954895499549954995499549954995499549954995499549954995499549954995509550955095509550955095509550955095509550955095509550955095509550955195519551955195519551955195529552955295529552955295529551955195519551955195519551
0409955195529552955295539553955395539553955395539553955395539553955395549554955495549554955495549554955495549554955495549554955495549554955495549554955495549554955495549554955495549554955495559554955495549554955495549554955495549554955495549554
0410955495549554955495549554955495549555955595559555955595559555955595559555955595559555955595559555955595559555955595559555955595559555955595559555955595559555955595559555955595559555955595559555955595559556955595569556955695569555955595559555
0411955595559555955595559555955595559555955595559555955595559555955595559554955495549554955495549554955495549554955495549554955495549554955495549554955595559555955595559555955495559554955495549554955495549554955395539553955395539553955395539553
0412955395539552955295529552955195519551955195519550955195509551955195519551955195509550955095509550955095509549954995499549954995499548954895489548954895489548954795489547954795479547954695469546954695469545954595459545954595459545954595459545
0413954495449545954595449544954495449544954495439543954395439543954395429542954295419541954195419541954195409541954095409540953995399539953995399539953995399539953895389538953895389538953895379537953795379537953695369536953695359535953595359535
0414953495349534953495339533953395339532953295329532953295319531953195309530953095309530952995299528952895279527952795279527952695269526952695259525952595249525952495249524952495239523952295229522952295229522952295229521952195219520952095209519
0415951995199519951995189518951895189518951895179517951795179516951695169515951595159515951595159515951495159515951495149514951495149513951395139512951295129511951295119512951195119511951195119511951195119511951195119511951195109510951095109510
0416951095109510951095099509950995099509950995099509950995099509950895089508950795079507950795079507950795079507950795069507950695079507950695069507950795079507950795079507950795079507950695069506950695069506950695069506950695069506950695069506
0417950695069506950695069506950695069506950595059505950595049504950495049505950595059505950595059505950595059505950495049504950595049504950495049505950595059505950595059505950595059506950695069506950695069507950795079507950795079506950695069506
0418950695079507950795089508950995099509950995099509950995099509950995099510951195119511951195119512951295129512951395139512951395139513951395139513951395149514951495149514951595159515951595169516951795179517951795179517951795179517951795189518
0419951895189519951995199519951895189518951895189518951895189518951895189517951895179517951895189517951795179517951795179517951795179517951795169516951595159515951595159515951595159515951595159516951595159515951595159515951595159515951595169516
0420951795179517951795189518951895189518951895189519951995199519951995199519951995199520952095209520951995199520952095209520951995199519951995199519952095209520952095219522952295229522952295229522952295239522952395239523952395239523952395239523
0421952395239523952295239523952395229522952295229523952395239523952395239523952395239523952395249524952395239523952395239523952395249524952495249524952495249524952495249524952495249524952495259525952595269527952795289529952995309531953195329532
0422953295329533953395349534953495349534953495349535953495359535953595359535953595359535953595359535953595359535953595359535953595349534953495359535953595369536953695369536953595369536953695999536953695369536953695369536953795379537953795379537
0423953795379537953895389538953895389538953895389537953795379538953895389538953995399538953895389539953995399539953995399539953995389538953895389538953995399539953995399539953995399539953895389538953995419541954195419541954095399540954195419541
0500954195419542954295429543954395439542954195419541954195429542954295419541954195419541954195419541954195419541954195419541954195419540954095399539953995399540954095409539953995399538953995399539953995399540953995399540954095409541954195419541
0501954195419541954195419542954295429542954295429542954295419541954195419541954195419541954195419541954095409540954095409540954095409540954095419541954195419541954195419540954095409540954095409541954195419541954195419541954195419541954195419542
0502954295429542954395439543954295429542954195419541954195419540954095409540954195419541954195419542954295429542954195419540954095409541954195419541954295439543954295419541954095409540954095409540953995409539954095409539953995399540954095419541
0503954096029539953995399539953995389538953895389537953795389537953795379537953795379537953795379537953895379537953795379537953695379537953795379537953795379537953695359535953595359534953495349534953495339532953295329532953195319531953195319532
0504953295329532953295319531953195319531953195319531953095309530953095309529953095299529952995309530953095319531953195319532953295339533953495349534953495349534953495349534953495349535953595359535953595359535953595359534953595359535953595349534
0505953395339532953295329532953295329532953295329532953295329532953295329531953195319531953195319530953095309529952995299529952895289527952795279527952795289528952895299528952895289527952695269525952595249524952495259525952695279528952895289528
0506952895289528952895289527952795269526952595259526952695279527952795279527952695269525952595259525952595259526952695269526952695269526952695269527952795269526952695269525952495249525952595259526952695269527952895289528952895279528952895289528
0507952895289527952895289528952895299529952995289529952995299529953095869530953195319531953295319531953095309530953095309530953195319532953295329532953295329531953195319531953195329532953295329532953295329532953195319531953195319530953095309530
0508952995309530953095309531953195319532953295319531953195319531953295319531953295329532953295329532953295329532953195319532953295339532953295329532953295329532953295329532953295329533953395339534953495349533953495349533953395339533953395339533
0509953395339532953295329532953395339532953295329532953395339534953495349534953495349534953495349534953595349534953495349534953495349534953495349534953495349534953495349534953495349534953495349535953595359535953495349534953595359535953595359536
0510953795379537953695369536953695369536953695379537953795379537953795379538953895389538953895399539953995399539953995399538953895399538953895389539953995399539953995409540954195419541954295429542954395439543954395439543954395439543954395439543
05119542954295419541954195419541954195429542954295439543954395439543954395439543954295429541954195429542954395439542954195419540 ///9540954095399538953895389538953895389538953895389537953795389538953895389538953895379537953895389538953895399539
0512953995399539953995399539953995399539954095409541954195419541954195419541954095409539953995389538953895389538953895389537953795379537953795379537953795379537953795379536953695369536953595359535953595349534953395349533953395339533953295329532
0513953295329532953295319532953295329532953295329532953295329532953295329530952995299528952995309530953195319531953095309530952995289528952895289528952895289528952895279527952695269527952795279526952695269526952595259525952595259525952595259525
0514952595249523952295219521952195219522952195219521952195219521952195219520951995209521952195219520952095209520952095219521952095209519951995189519951995199519951995199519951895189517951795179516951795179517951795179516951695159515951495139513
05159513951395139513951395139513951395129512951295129512951295129511951195109510951095119511951295129512951295119510951095099509950995099509950995099509950995089508950895089508950795079507 ///9508950895089508950895079508950795079507950695069507
0516950795079508950795079507950795079507950795079507950895089508950895099509950995099508950895089508950895089507950895089508950895099509950995099508950895089508950895089508950895089508950895089508950895089509950895089508950895099509950995099509
0517950895099508950995099509950995099509950895089508950995089509950995089508950795079506950795079507950795079507950795079507950795079507950795079508950895089508950895089508950895089507950895089508950895099508950895089508950995099509950995099509
0518950995099510951095109510951095109510951195119511951195119511951195119512951295129512951295139513951395139513951495149515951595159515951595149514951495159515951695169517951795179518951995199519951995199519951995199518951995199520952095209520
0519952095209520952095209521952195219520952095209520951995199519951995199519951995209521952295229522952295229522952295229522952395229523952295229522952295239523952395249524952495259525952595269526952695269526952695269526952795289528952995289529
0520952995309530953095319532953295339533953295329532953295339533953495349534953495359535953695369536953695379536953795379537953795379538953895389538953895399539953995399539953995389539954095419541954195419541954195419541954095409540954095419541
0521954195419541954195429542954295429542954395439543954395439543954395439543954395439544954495449543954495449545954695469547954795489548954895489549954995499550955095519551955195519551955195529551955195519552955295529552955395539553955395539553
0522955495549554955495559555955595559554955595549554955495549554955495559554955495549553955395539553955495549554955495549554955495549555955595559555955595559555955695559556955695569556955695579557955795579558955895589559955995589558955995599559
0523955995599559955995599560956095609560956095609560956095609560956095609560956095609560956095599559955995599559956095609560956195619560956195619561956195619561956195619561956195619561956195629562956195619561956295629562956295629562956295629563
0600956395639563956395639563956395639563956395639563956395629563956395639563956395639563956295639562956295629561956195619561956195619561956195619561956195609560956095609560956195619561956195619561956195619561956095609560956095599559955995599559
0601955995599559955995599559955895599558955995589559955995599559955995599559955995599559956095609560956095609560956095609560955995609560955995609560956095609560956095599559955995599559955995599560955995599558955995589558955895589558955895589558
0602955795579557955795579557955795569556955695569556955695569557955695579556955695569556955695569556955695569556955695569556955695569556955595559555955495549554955495559554955495549554955495549554955495539554955495549554955395549553955395539553
0603955395539552955395539552955295529552955195519551955195519550955095509550955095509550955095509550955095509550955095509550955095499549954995499549955095499549954995489548954895489548954895479547954795479547954795479547954795479547954795479546
0604954695469546954695469546954695469546954595459545954595459544954595449544954495449544954395439543954395439543954395429542954295429543954395429542954295419541954195419541954095409540954095409541954295439544954495449544954395439543954295439543
0605954395439543954395439543954295439543954295429543954395429542954195419541954195419541954195419541954195419541954195419541954195419541954195419541954095409540954095409540953995409539953995399538953995389539953895399539953995389538953895389538
0606953895399539953995389538953895389538953895389539953995399539953995399539953995399539953995399539953995399539953995399539953995399539953995399540953995399540954095409540954095409540954095409540954095409540954095409540954095409539953995409540
0607954095409540954095409539954095409540954095409540954095419541954195419542954295429541954295429542954295419541954195419541954195429542954395429542954395439543954295439543954395439543954395439543954295439542954295439542954295429542954195419541
0608954295429542954295429542954395429542954295429543954295439543954395439543954295439542954395439543954395449544954495449544954495449544954495449544954495459545954595459545954595459545954595459546954695479547954795479547954795479547954795479547
0609954795479547954795479547954795489548954995499549954995499549955095509550955095509551955095509550955195519551955295529552955295529552955295529553955395539552955295529553955395549554955395549554955495549554955495549555955595559555955595569556
0610955695569556955695569556955695569556955795579557955795579557955795589558955895589558955895589558955895589558955895589558955895589558955895589558955895599559955995599558955895589558955995589559955995599559955995599559955995599559955995599559
0611955995599560956095609560956095609560956195609561956195619561956195619561956195619561956195619561956295619561956195619561956195619561956195619561956095609560956095609559955995599559955895589558955895589558955895589558955895589558955895589558
0612955895589558955895589558955895589557955795579557955795579557955795579557955795579557955795569557955795579557955795579557955795579556955695569556955695569556955695569556955695569556955695559555955595559555955595559555955595559556955595559555
0613955595559555955595549554955495549554955495549554955495549554955495539553955395539553955395539553955395539553955395539552955295529551955195519551955195519550955095509549955095499549954995499549954995499549954995499549954895489548954795479546
0614954795469547954795479547954795489548954895479547954795469546954695469546954695469545954595459545954595469546954695469546954595469546954595459545954595459545954595459545954595459544954495439544954495439543954395439543954395439543954395439542
0615954295419541954195419541954195409540954095409540954095409540954095409540954095409540954095409540954195419541954095409540953995409539953995399539953995399538953895389538953895389538953895389537953795389538953895389538953895389538953795379537
0616953795379537953795379537953795379537953795379537953795379537953795369535953595359536953595359535953695369537953795369536953695369536953695369536953695369536953695369535953595359535953595359535953595369536953695369535953595359536953595359535
0617953595359535953595359535953495349534953495349534953495349534953495349534953495359535953595369535953595369535953595359535953595359535953595359535953695369537953695379537953795379537953795379538953895389538953895379538953895389538953895389539
0618953995389538953895399538953895389539953995399539953995409540953995409540954095409541954195419542954295439543954395439543954395439543954395449544954495449544954595459545954595459545954595459545954595459545954595459546954695469546954695469547
0619954795479547954795489548954895489548954895499549955095509550955095509550955195519551955195519551955295529552955295529553955495549554955495549555955595559555955595559556955695569556955695569556955695579557955795579557955795589557955895589558
0620955895589558955895589558955895599559955995599559955995599559955995599560956095609560956195619561956195629562956295629562956295629563956395639563956495649564956495649564956495649565956595659565956595669566956695669566956695679567956795679567
0621956795679567956895689568956895689569956995699569957095719571957195729572957295729572957395739573957395739573957395739573957395739574957495749574957595759575957595759576957695769576957795779578957895789578957995799579957995799579958095809580
0622958095809580958195809580958095809581958195819581958195819581958195819581958195819581958195819581958195819581958195829582958195829581958195819581958195829582958295829582958395839583958295829582958395839583958395839583958395839584958495849584
0623958495849584958495849584958495849584958495859585958495859584958595859585958595849584958595849584958495859585958595859585958595859585958595859585958495859584958495849584958495849584958495849584958495849584958495849584958495849584958495849584
0700958495849584958495849584958495849584958495849584958595859585958595859585958595859585958595859585958595869586958595859585958595859585958595859584958595849584958595849584958495849584958495849584958495849584958495849584958495839583958395839583
0701958395839583958395839583958395839583958395829583958395829582958295829581958195809581958195829581958195819582958195819581958095809580958095809580958095799579957995799579957995799579957895789578957895789578957895789577957795779577957795769577
0702957795779577957795779577957795779577957795769576957695769576957595759575957595759575957595759575957595749575957495759574957495749574957395739573957295739573957295729572957295729572957195719571957195719571957195709570957195719570957095709570
0703957095709570957095709569957095699569956995699569956995699569956895689568956895689568956795679567956795679567956795679567956795679567956795679567956695679566956695669566956695669566956595659565956495659564956495649564956495649563956495639563
0704956395639562956295629562956295619561956195619561956195619561956095609560956095609560956095609560956095609560956095599560956095599559955995599558955995589558955895589558955895579557955795579557955795579557955795579557955795579557955695569556
0705955695569556966795569556955595569556955695569555955695569555955595559555955595559554955595559554955495549554955495549554955495549554955395539553955395539553955395549554955495549554955495549554955495549554955495549554955395549553955395539553
0706955395539553955295529552955295529552955295529553955295539552955295539552955395539553955295529552955295529552955295529552955295529553955295529552955295529552955295529552955295529552955295529552955295519552955295529552955295529552955295529552
0707955295529552955295529552955295529552955295529552955395539553955495549554955495549554955595559555955595549555955595559555955595569556955695579557955795579558955895589558955895589558955895589558955895599559955995589559955895599559955995599559
0708955995599558955995589558955895589558955895599559955995609560956095609560956195619561956195619561956195619561956195619561956195619561956295629562956295639563956395639563956395649563956395649564956495649564956495659565956595659565956595659566
0709956695669566956695669566956695669567956795679567956795679567956795689568966895699569956995709570957095709570957095709570957095709570957095719571957295729572957195729571957195719572957295729572957295729572957395739573957495749574957395749574
0710957495759575957595759575957595759575957595759575957695769577957695779577957795779577957795789578957895789578957895789578957895789578957895789578957895789578957895789578957995799578957895789578957895799578957895789578957895799578957895789579
0711957895799579957895799578957895789578957895789578957895789578957895789577957795779577957795769576957695779576957795779577957795779577957795779577957795779577957795779577957795769576957595759576957695769576957695769576957695769576957695769576
0712957695769576957695769576957595759575957495749574957495749574957395739573957395739572957295739572957295739573957295729572957295729572957295729572957195719571957195719571957295729572957295729572957295729572957295719570957095699569956995699569
0713956995699569956995709570957095699569956995699569956995699569956895689568956895689568956795679567956795679567956695679566956695669566965895669565956595659564956495649563956395639563956295629562956195619561956195619561956195619561956195619560
0714956095609560956095609560955995609559956095609560956095609560955995599559955995599558955895589558955895589557955795579557955695579557955795569556955595569555955595569555955595549554955495549554955495549554955495549553955395539553955295529552
0715955295519551955195519551955195519550955095509550955095499549954995499549954995499549954995499549954995499549954995499549954995499548954895489548954795479547954795479547954695469546954695469546954695459545954595459544954495449544954495449544
0716954395439543954395429542954295429541954195419542954195419541954195419541954195419541954195419541954195419540954095409540954195419541954195419540954095409540954095409540954095409540954195419541954195409541954095419541954195419541954195419541
0717954095409540953995399539954095399539953995409539953995389539953995399539953995389538953895389538953995399539953995389539954095409539953995399539953995399538953895389538953895389538953895389538961495389538953895389538953895389538953895389538
0718953895389538953895389539953995399539953995399540954095409540954095419540954095409540954095409540954095409539954095409540953995409540954095409541954195419541954195419541954195419541954195419541954195419541954195419541954195419541954195419541
0719954195429542954295429542954395439543954395439543954395439543954395449544954495449544954495449545954595459545954595459545954595459545954595459545954595469546954695469546954695469546954795469547954795479547954795479547954895489548954895489548
0720954895489549954895489549954995499549954995499549954995499550955095509550955095509550955095509550955095509551955195519550955095509550955095519551955195519551955195519551955195519551955295519552955295529552955395539553955395539553955395539553
0721955395549554955495549554955595559555955595559556955695569556955695569556955795579557955795579558955895589558955895599559955995599560956095609560956095609560956095609560956095609561956195619561956195619561956195619562956295629563956395639563
0722956395639563956395639563956395639563956495649564956495659565956595669566956695669566956695669566956695669566956695679567956795679567956795689568956895689568956895699568956895689568956895689568956895689568956895699569956995709570957095709570
0723957095709570957095709571957195719571957195709571957195719572957195729572957295729572957295729573957395739573957395739573957395739574957495749575957595759575957595759575957595759575957595759575957595759575957695759575957695769576957695769577
0800957795779577957795779577957895789578957895789578957895789578957895789578957895789578957895789578957895789578957995789578957895789578957895789578957895799579957995799579957995799579957995799579957995799578957995799579957995799579957995799578
0801957895789578957895789578957895779577957895779578957895789578957895789578957895789578957895789578957895789578957895789578957895789578957895789578957895789578957795779577957795779577957795769576957795779577957795779577957795779577957795769576
0802957795779577957695769576957695769576957795769576957695769576957795779577957695779577957795769576957795769576957795779577957795779577957795779577957795779577957795779577957695769576957695769576957695769576957695769576957695769576957695769576
0803957695769576957695769576957695769576957695769575957595759575957595759575957595759575957595749574957495749574957395739573957495749574957495749574957395739573957395749574957495749574957495759575957595759575957595759575957595759576957595759575
0804957595759576957595759575957595759575957595759575957595759575957495749575957595749574957495749574957495749574957495749573957395739573957395739573957395739573957395739573957395739573957395739573957395739572957295729572957295719571957195719571
0805957195719571957195719571957195719571957195719571957195719571957195719571957195719571957195719571957195709570957095709570957095709571957195719571957195719571957195719571957195719571957195719571957195719571957195719571957195719571957195719571
0806957195719571957195719571957195719571957195719571957195729572957295729571957195729572957295729572957395739573957395739573957395739573957495749574957495749574957495749575957595749575957495749574957595759575957595759575957695769576957695769576
0807957595759575957595769576957695769576957695769576957695769577957795779577957795779577957795779577957795789578957895789578957895789578957895799579957995799580958095809580958095809580958095819581958195829582958295819581958295829582958395839582
0808958395839583958395839583958295839583958395839583958395849584958595859585958595859585958695869586958695869586958695879587958795889588958895889588958995899589958995899589959095909590959195919591959195919591959195919591959195929592959295929592
0809959295929592959395929593959395939594959495949594959495949594959495949594959495949594959495959595959595949595959595959595959595959595959695969596959795979597959795979597959895989598959895989598959895989598959895999599959995999600960096009600
0810960196019601960196019601960196019601960196019601960196029602960296029603960396039603960396039603960396039603960396049604960496049604960496049604960496049604960496049604960496049604960496049604960496049604960496049604960496049604960496059605
0811960696069606960696069606960696069606960696069606960696069605960596069606960696069606960696069606960696069606960696069606960696069606960696079607960696069606960696069607960696069606960696069606960696069606960696069606960696069607960696069606
0812960696069605960696059605960596059605960596059605960596049604960496049604960496049603960396039603960396029602960296029602960296029602960296029602960296029602960296019601960196019601960196019601960196019601960196019601960196019601960196019601
0813960096009600960096009600959995999599959895989599959995999599959895999598959995999598959995989598959895999598959895989597959795979597959795979596959695969596959695969596959695969595959595959595959595959595959595949594959495949594959495949594
0814959395939593959395939593959395939592959295939593959395939593959395929592959295929591959195919591959095909590959095899589958995889589958995899589958995899589958995899589958995899589958995909589958995899589959095899588958895889588958895889588
0815958895889588958895889587958795879586958695869586958695859586958695869585958595859585958595859585958595859584958495849584958495839583958395839583958395829582958395829583958395839582958295829582958295819581958195819580958095809580958095809579
0816957995799579957995799579957995799579957995799579957995799579957995799579957995799578957895789578957995789578957895789578957895789578957895789578957995789579957995799579957995789579957995799579957995799579957995799579957995799579957995809580
0817958095809580958095809580958095799579957995799580958095809580958095809580958095809580958095799580958095809580958095809580958095809580958095809580958195819581958195819581958195819581958095819581958295829582958195829582958295829582958295829582
0818958295839582958395839583958395839583958395839583958395849584958495849584958395849584958495849584958495849584958495849584958495849584958495849584958495849584958495859584958495849584958495859585958595859585958595869586958695869587958795879588
0819958895889588958895889588958995889588958895889589958995899589958995899589959095909590959095919590959195919591959195919592959295929592959295939593959395939593959395939593959395939593959495949594959395949594959595959595959595959595959595959596
0820959695969597959795979596959695969597959795979597959795979598959895989598959895989599959995999599959996009600960196019601960196019601960296029602960296039603960496049604960396039604960496049604960496059605960596069606960696069606960696069606
0821960796079607960796089608960896089608960896099608960996109610961096109610961096119611961196129612961296129612961396139613961396139614961496149614961496149615961596159615961596159616961696169616961796179617961796189618961896189618961896189618
0822961896199619961996199619961996209620962096219621962196219622962296229622962296239623962396239623962396239623962496239624962496249624962496249624962496259625962596259625962596259625962596259625962596259625962596259626962696269626962796279627
0823962796289628962896289628962896299629962896299629962996299629962996299629962996299629962996299629962996299629963096309630962996309630963096309630963096309630963096309630963096309630963096309630963096309631963196319631963296329632963296329632
0900963296329632963296329632963296329632963296329632963296329632963296329633963396339633963396339633963396349634963396349634963496349634963496359635963696359636963696369636963696369635963696369636963596369635963696359636963596359635963596359635
0901963696359635963696369636963696369637963796369636963696369636963696379637963696369636963696369636963596369635963696369636963696369636963696369636963696369636963696369636963696369636963696369636963696369636963696369636963696369636963696369636
0902963696369636963696369636963596369635963596359636963596359635963596359636963696369636963596359635963596359635963596359635963596359635963596359634963496349634963596359635963496349634963496359635963496349634963496349634963496349634963496349634
0903963496339633963396339634963496349634963396339633963496339633963396339633963296329632963296329632963296329632963396329632963296329632963296329632963296329632963296319631963196319631963196319631963196319631963196319631963096309630963096309630
0904963196319631963196319631963196319631963196329631963196319631963196319630963096309630963096309630963096309630963096309630962996299630962996299629962996299629962996299629962996299629962896289629962996299629962996299629962996299628962996299628
0905962896289627962896289628962896289628962796279627962796279628962896289628962896289627962796279627962796279627962796279627962696269626962696269626962696269626962696269627962796279627962696269626962696269626962596259625962596259625962596259624
0906962496249625962596269626962696269627962796279627962796279627962796279627962796279627962796279626962696269626962796279627962796269626962796279627962796269626962696279626962696269626962696279627962796279627962896289627962896289628962796289628
0907962896289628962896289653962896289628962996299629962896299629962996299629962996289628962896299629962996299629962996299630963096309630963196319630963096309631963196319630963196309630963096309630963096309630963096319631963296329632963296329632
0908963396339633963396349634963496349634963396349634963496359635963596369636963696369636963696369637963796379637963796379637963896379638963896389638963896399639963996399639963996399639963996399639963996399639963996399639963996409640964096409641
0909964196419641964196419641964096419640964196419641964196419641964196419641964196429642964296429642964296429642964396439643964496459645964496449644964496449644964496449645964596459645964596459645964596459645964596459645964596459645964696469646
0910964696469647964796479647964796479647964896489648964896489648964896499649964996499648964896499649965096509650964996509650965096509650965196519652965296529653965396539653965396539653965396539653965396539653965396549654965496549654965496549654
0911965496549654965496559655965696569656965596559655965596559655965596559655965596569695965696569655965696569656965596559655965596559656965696569656965696569656965596569656965696569656965696569656965696569656965696569655965596559655965696569656
0912965696569656965696569655965596559654965496549654965496549655965496549654965496549654965396539653965396539653965396539653965396539653965396539653965396539653965396539653965396529653965396539653965296529652965296529653965296529652965196519651
0913965196519651965196519650965196519650965196519651965096509650965096509650964996509650965096499649964996499650965096509650964996499649964896479648964896489647964796479647964696469646964696459645964696459645964496449644964496449644964496449644
0914964496439644964396439643964396439643964396439642964296429642964296429642964296429641964196419641964196419641964196419640964096409640964096409640963996399639963996389638963896379637963796379637963796379637963696369635963596349634963496349634
0915963496349634963496349634963496349633963396339633963396339633963396339632963296329632963296329632963196309631963196319631963196319630963096309630 140 1811435 179 178 1761442143514441435 202 164 16096279627962796279627962796279627962796279627
0916962796279626962696269626962696269626962696269626962596259625962596259626962596259626962696259626962596259625962596259625962596249624962496249624962496249624962396239623962396239623962396239624962496249624962496249624962496249624962496249624
0917962496249624962496249624962496249625962496249624962496249624962496259625962596259625962596259625962596259625962596259626962596259625962596269625962696269626962696269626962796279627962796279627962796279626962696269626962696279627962796279627
0918962796279627962796279627962796279627962796279627962796279627962796279627962796279627962796279627962796279627962796279627962796289627962896279627962796289627962796289627962796279627962896289627962796279628962896289628962896299629962896289628
0919962896289629962996299629962996309630963096309630963096309630963096309630963096309630963096309630963096309630963096309630963096309630963196319631963296329632963296329632963396339633963396339633963396339633 1821801  881801 108  8818011858  87
0920963596359635963696369636963696379637963796379637963796379637963796389638963896389638963896389638963896389638963996399639963996399639963996399639963996409640964096409640964096419641964196419641964196419641964196419641964196429642964296429643
0921964396439643964396439643964396439644964496459645964596469646964696469646964796479647964796479648964896489648964896499649964996499649964996499650965096519651965196519651965196529652965296529653965396539653965396539653965496549654965496549654
0922965596559655965596559655965596559655965696569656965796579657965796579657965896589658965896589658965896589658965896589659965996599660966096609660966096609661966096609660966096609661966196619661966196619661966196629662966296629662966296629662
0923966296629662966296629663966396629662966396639662966396639663966396639664966396649664966496639664966396639663966396639664966396649664966496639664966496649664966496649664966496649665966596659665966596659665966596659665966496659665966596659665
1000966596659665966596649664 222  71230523092305231123059664  672315  672301  672319  662301  66  6623192301  66  66  662301  65233123322301  64  64231996649664966496649664966496649664966496649664966496649664966496649664966396639664966396639663
1001966396639663966396639663966396639663966396639663966396639663966396639663966396639663966396639663966396639662966296629662966296629662966296629661966196619661966096609660966096609660966096599659966096609660966096609659965996609660965996599660
1002965996599659965996599659965996599659965996599659965996599659965996599659965996599659965996599659965996589658965896589658965896589658965896589658965896589658965896589658965896589658965896589658965896589658965896589658965896589658965896589658
1003 /// /// /// /// /// /// /// /// /// /// /// /// /// /// /// /// /// /// /// /// /// /// /// /// /// /// /// /// /// /// /// /// /// /// /// /// /// /// /// /// /// /// /// /// /// /// /// /// /// /// /// /// /// /// /// /// /// /// /// ///
1004 /// /// /// /// /// /// /// /// /// /// /// /// /// /// /// /// /// /// /// /// /// /// /// /// /// /// /// /// /// /// /// /// /// /// /// /// /// /// /// /// /// /// /// /// /// /// /// /// /// /// /// /// /// /// /// /// /// /// /// ///
1005 /// /// /// /// /// /// /// /// /// /// /// /// /// /// /// /// /// /// /// /// /// /// /// /// /// /// /// /// /// /// /// /// /// /// /// /// /// /// /// /// /// /// /// /// /// /// /// /// /// /// /// /// /// /// /// /// /// /// /// ///
1006 /// /// /// /// /// /// /// /// /// /// /// /// /// /// /// /// /// /// /// /// /// /// /// /// /// /// /// /// /// /// /// /// /// /// /// /// /// /// /// /// /// /// /// /// /// /// /// /// /// /// /// /// /// /// /// /// /// /// /// ///
1007 /// /// /// /// /// /// /// /// /// /// /// /// /// /// /// /// /// /// /// /// /// /// /// /// /// /// /// /// /// /// /// /// /// /// /// /// /// /// /// /// /// /// /// /// /// /// /// /// /// /// /// /// /// /// /// /// /// /// /// ///
1008 /// /// /// /// /// /// /// /// /// /// /// /// /// /// /// /// /// /// /// /// /// /// /// /// /// /// /// /// /// /// /// /// /// /// /// /// /// /// /// /// /// /// /// /// /// /// /// /// /// /// /// /// /// /// /// /// /// /// /// ///
1009 /// /// /// /// /// /// /// /// /// /// /// /// /// /// /// /// /// /// /// /// /// /// /// /// /// /// /// /// /// /// /// /// /// /// /// /// /// /// /// /// /// /// /// /// /// /// /// /// /// /// /// /// /// /// /// /// /// /// /// ///
1010 /// /// /// /// /// /// /// /// /// /// /// /// /// /// /// /// /// /// /// /// /// /// /// /// /// /// /// /// /// /// /// /// /// /// /// /// /// /// /// /// /// /// /// /// /// /// /// /// /// /// /// /// /// /// /// /// /// /// /// ///
1011 /// /// /// /// /// /// /// /// /// /// /// /// /// /// /// /// /// /// /// /// /// /// /// /// /// /// /// /// /// /// /// /// /// /// /// /// /// /// /// /// /// /// /// /// /// /// /// /// /// /// /// /// /// /// /// /// /// /// /// ///
1012 /// /// /// /// /// /// /// /// /// /// /// /// /// /// /// /// /// /// /// /// /// /// /// /// /// /// /// /// /// /// /// /// /// /// /// /// /// /// /// /// /// /// /// /// /// /// /// /// /// /// /// /// /// /// /// /// /// /// /// ///
1013 /// /// /// /// /// /// /// /// /// /// /// /// /// /// /// /// /// /// /// /// /// /// /// /// /// /// /// /// /// /// /// /// /// /// /// /// /// /// /// /// /// /// /// /// /// /// /// /// /// /// /// /// /// /// /// /// /// /// /// ///
1014 /// /// /// /// /// /// /// /// /// /// /// /// /// /// /// /// /// /// /// /// /// /// /// /// /// /// /// /// /// /// /// /// /// /// /// /// /// /// /// /// /// /// /// /// /// /// /// /// /// /// /// /// /// /// /// /// /// /// /// ///
1015 /// /// /// /// /// /// /// /// /// /// /// /// /// /// /// /// /// /// /// /// /// /// /// /// /// /// /// /// /// /// /// /// /// /// /// /// /// /// /// /// /// /// /// /// /// /// /// /// /// /// /// /// /// /// /// /// /// /// /// ///
1016 /// /// /// /// /// /// /// /// /// /// /// /// /// /// /// /// /// /// /// /// /// /// /// /// /// /// /// /// /// /// /// /// /// /// /// /// /// /// /// /// /// /// /// /// /// /// /// /// /// /// /// /// /// /// /// /// /// /// /// ///
1017 /// /// /// /// /// /// /// /// /// /// /// /// /// /// /// /// /// /// /// /// /// /// /// /// /// /// /// /// /// /// /// /// /// /// /// /// /// /// /// /// /// /// /// /// /// /// /// /// /// /// /// /// /// /// /// /// /// /// /// ///
1018 /// /// /// /// /// /// /// /// /// /// /// /// /// /// /// /// /// /// /// /// /// /// /// /// /// /// /// /// /// /// /// /// /// /// /// /// /// /// /// /// /// /// /// /// /// /// /// /// /// /// /// /// /// /// /// /// /// /// /// ///
1019 /// /// /// /// /// /// /// /// /// /// /// /// /// /// /// /// /// /// /// /// /// /// /// /// /// /// /// /// /// /// /// /// /// /// /// /// /// /// /// /// /// /// /// /// /// /// /// /// /// /// /// /// /// /// /// /// /// /// /// ///
1020 /// /// /// /// /// /// /// /// /// /// /// /// /// /// /// /// /// /// /// /// /// /// /// /// /// /// /// /// /// /// /// /// /// /// /// /// /// /// /// /// /// /// /// /// /// /// /// /// /// /// /// /// /// /// /// /// /// /// /// ///
1021 /// /// /// /// /// /// /// /// /// /// /// /// /// /// /// /// /// /// /// /// /// /// /// /// /// /// /// /// /// /// /// /// /// /// /// /// /// /// /// /// /// /// /// /// /// /// /// /// /// /// /// /// /// /// /// /// /// /// /// ///
1022 /// /// /// /// /// /// /// /// /// /// /// /// /// /// /// /// /// /// /// /// /// /// /// /// /// /// /// /// /// /// /// /// /// /// /// /// /// /// /// /// /// /// /// /// /// /// /// /// /// /// /// /// /// /// /// /// /// /// /// ///
1023 /// /// /// /// /// /// /// /// /// /// /// /// /// /// /// /// /// /// /// /// /// /// /// /// /// /// /// /// /// /// /// /// /// /// /// /// /// /// /// /// /// /// /// /// /// /// /// /// /// /// /// /// /// /// /// /// /// /// /// ///
1100966696669666966596649664966596659665966596659666966696669666966696669666966696669666966696669666966696669671966796679666966696669666966696669666966696679666966696659665966596659665966496649664966396639663966396639663966396649663966396639662
1101966296629662966296639664966496639663966396629662966296629662966296629662966296629662966296629662966296629662966296629662966396639663966396639663966396639663966396639663966396639663966396639663966396639663966396639663966396639663966396629662
1102966296639663966296629662966296629662966296629661966196619661966196619661966196609661966096609660966096609660965996599660965996599659965896589658965896589658965796579657965796579657965796579657965796579657965796569656965696569656965696559655
1103965596559655965596569656965796579656965696569655965596559656965696579657965796569655965596559655965596559655965596549655965596559655965596559655965596549654965496549654965496549654965496549654965396549654965496549654965496549655965496559655
1104965496549654965496539654965496539654965396539653965396539653965396539653965296539653965296529653965396539653965296539653965396539652965296529652965196519651965196519651965196519651965296529652965296529651965296519651965096509649964996499649
1105965096509650965196509650965196519650965196509650965096509650965096509650965096509650965096509650965096509650965096509650965096509650965196509651965096509649965096499649964996499649964996499649964996499649964996499649964896499649964996499649
1106964996499649964996499649964996499649964996509650965096509650965096509650965096509650965096509650965096519651965196519652965296529652965296529652965296529653965396539653965396539653965396539653965396539653965396549654965496549654965496559655
1107965596559655965596559655965596559655965596559655965596559655965596559655965596559655965596559655965696569656965696569656965696569655965696569656965696569656965696569656965696569656965696569656965696579657965796579657965796579657965796579657
1108965796579657965796579658965896589658965896589658965896589658965896599659965996599658965996599659965996599659966096609660966096609660966096619661966196619661966196619661966196619661966196619661966196619661966196629662966196629662966296629662
1109966296629663966396629662966296629662966296629662966296629662966296629662966296629662966296629662966396639663966496649663966496649664966496649665966596659665966596659665966596659665966596659665966596659665966596659666966596659665966596669665
1110966596659665966596659665966596659665966596659665966596659665966596659664966496649664966496649664966496649664966496649664966496649664966496649664966496649663966396639663966396639663966396639663966396639662966296639662966396639663966296629662
1111966296629662966296629662966296629662966296629662966296629661966196619661966196619661966196619661966196619661966196609660966096609660965996599659965896589658965896589658965896589658965896589657965796579657965696569656965696569655965596559655
1112965596549654965496549654965496549653965396539653965396539653965396529652965396529652965296529652965196519651965196509650965096509650964996499649964996489648964896489647964796479646964696469645964596459645964596459645964596449644964496439643
1113964296429642964296419641964196419640964096409639963996399639963896389638963896389638963796379637963796379637963796369636963696369636963696359635963596359634963496349634963496349633963396339632963296329632963196319631963096309629962996299629
1114962996299628962896289628962796279627962796279627962696269626962696259625962596259624962496249624962496249624962496249623962396239622962296219621962196219620962096209620962096209620961996199619961896189618961896189618961796179617961796169616
1115961696159615961596159615961596159615961596149614961496149614961496149614961496149614961496149614961496149614961496149614961496149614961496149614961496159614961596159615961596149614961496149614961496139613961396139614961496149614961496149615
1116961596149614961496149614961496149614961496149614961496149614961496139613961396139613961396139613961396139613961296129611961196119611961196119611961196109610961096109610961096109610961096109610961096109610961096109610960996099608960896089608
1117960896089607960896089607960796079607960796089607960896089608960896089608960896099608960896089609961096099609961096099609960996099609961096109610961096109610961096109610961096109610961096109610961096109610961196119611961296129612961296129612
1118961296129612961296139613961296139612961296129613961396149614961496159615961596159615961596159615961596159615961596159615961596159615961596159615961596159615961696169616961696169617961796179617961896189618961796179617961796179617961796179617
1119961796179617961796179617961796179616961796169617961796179617961796179616961796169616961796169617961796179617961896189619961996199620962096209620962196219622962196229622962296229623962296229623962396239623962396239623962396239622962296229622
1120962296219621962196219622962296229622962296219621962196219621962296219622962296229622962396239623962396249624962496249624962496249624962596259625962596259625962696269626962696269626962696279627962796279627962896289628962896289628962896289628
1121962896289628962896299629963096309631963196319630963096309629963096309629962996309630963096309630962996309630963096309630963096319631963196319631963196319631963196319631963296329632963296329632963296329632963296329631963296319632963296329633
1122963496349634963496349634963496349634963496349634963496349634963496349634963596359635963596349634963496359635963596369636963696379637963896399639963996399639963996399640964096409640964096409640964096409640964096409639964096409640964096409640
1123964096409640964096409640964096409640964096409640964096409640963996399639963996399639963996399639963996399640964096409640963996399639963996409640964096409640964096409640964096409640964096409640964096409640964096409640964096409640964096409641
1200964196419641964196419641964196409640964096409640964096409640964096409640964096409639963996399639963996399640964096399640963996399639963896389638963896379637963796379637963796379637963696369636963696369636963796379636963796369636963696369636
1201963696369636963696359635963596359635963596359635963596349634963496349634963496339633963396339633963396339632963296329632963296329632963196319631963196319630963096309630963096309629962996299629962996309629962996299629962896289627962796279627
1202962796279627962796269626962696269625962696269626962696259625962596259625962496249624962596249624962496249624962496249624962496239623962396229622962296229622962196219621962196209620962096209620962096209620962096199619961996199619961996189618
1203961896189618961896189617961796179616961696169616961696169615961596159614961496149614961496149614961496139613961396149613961396129613961396139613961396139613961396139613961396139614961396149614961496149614961496149614961496139613961396139613
1204961296129612961296129612961296129612961296119611961196119610961096109610961096109610961096109610961096109610961096109610961096099610960996099608960896089608960996099608960896089608960896089608960896089608960896089608960896089608960896089608
1205960996089609960896089608960896079607960796079607960796079607960796089608960796089608960896089608960896089608960896089608960896089608960896089608960796079606960696069606960696059605960596049604960496049604960496049604960396039603960396039603
1206960296039602960396049604960496049604960596059605960596059605960696069606960796079607960796079608960796079607960796079608960896089608960896089609960996099609960996099609961096109610961096109610961096119611961096119610961096119610961096109610
1207961196119612961296129612961296129612961396129613961396139613961396139613961396139613961396139613961396139613961396139613961396129612961296129612961296129612961296129612961296129613961396139613961396139613961396139613961396129612961296129612
1208961396139613961496149614961496149614961596159615961496149614961396139613961396139613961396139613961496149614961496149614961496149614961496159615961596159615961596169616961696169617961796179617961796179617961896189618961896189618961896189619
1209961996199619961996189618961896179617961796179617961796189618961896189618961996189618961896189618961896189618961896189618961896189618961996189618961896189618961796179617961796179617961796179617961796179618961896179617961796179617961796179617
1210961796179617961796179617961796179617961796179617961796179617961796179617961796179617961796179617961796179617961796179617961796179617961796189617961796179617961796179617961696169616961696169616961696169616961796169616961696169616961596159614
1211961496139613961396139613961396149614961396149613961396139613961396149614961496149614961496149614961496149614961496149613961396139612961296129612961396139612961296129611961196109611961196109610961096109609960996099609960996089608960896079607
1212960796079606960696069606960696069606960696059605960596059605960496049604960396039602960196579657965796579656965696569656965596569656965696569655965596559655965596549594959595949594959395939593959395929591959195919591959195919591959195909590
1213960796069606960696069606960696069606960596059605960596059604960496049603960396029601965796579657965796569656965696569655965696569656965696559655965596559655965496549654965496549654965496539653965396539652965296529652965296529652965296519651
1214965096509650964996499649964996499648964896489648964796479647964796479646964696469645964596459645964596459644964496449644964496449644964396439642964296429641964296419641964196409640964096409640963996399639963896389638963896389638963896389637
1215963896379637963796379637963796379637963696379637963696369636963596359635963596359635963596359634963496349634963496349633963396339633963396339633963296339632963296329632963296329631963196319631963196319631963196319631963196319630963096309630
1216963096309630963096309630962996299629962996299628962896289628962896279627962796279627962796279627962796279627962796279627962796279627962796279627962796279627962796269626962796279627962696269626962696269626962596259626962696269625962596259625
1217962596259625962596259625962596259624962496249624962496249624962496249624962496249624962496259624962596249624962496249624962596249624962496249624962496249624962496249624962496259625962596259624962496249624962496249624962496249624962496259625
1218962596259625962596259625962596259625962596259625962596259625962596259625962596259626962696269627962696269627962696279627962796279627962796279627962796279628962896289628962896289628962996299629962996299629963096309630963096309630963096309630
1219963196319631963196329631963196319631963296319631963196329632963296329632963296329633963396339633963396339633963396339633963396349634963496339634963496349634963496349634963496349634963596359635963596359635963596369636963696369636963696379637
1220963796389638963896389638963896389639963996399639963996399639963996409639964096409640964096409640964096419641964296429642964296429642964296429643964396439643964396449644964596459645964596459645964596459645964696469646964696469646964696479647
1221964796479648964896499649964996499649964996499650965096509650965096509651965196529652965296529652965296529652965296529652965296529653965396539653965496549654965596559654965596559655965596559656965696569656965696579657965796579657965796579657
1222965896589658965996599659965996599659965996609660966096609660966096609660966196619661966296629662966396639663966396639663966396649664966496649664966496649664966496649664966496649665966596659665966596649665966596659665966596659666966596659665
1223966696669666966696669666966696669666966696669666966696669666966696669666966796669666966696669666966696679667966796679667966796679667966796679667966796679667966796679667966896689668966896689668966896699669966996699669966996699669967096709670
1300967096719671967196719671967196719671967196719671967196729671967196719671967196719671967196719671967196719671967196719671967196719671967196719672967296719672967296729672967296729672967296729672967296729672967296729672967296729672967296729672
1301967296729672967296729672967296729672967296739673967396729672967296729672967296729672967196719671967196719671967196719670967096709671967196719671967196719671967196719671967096709670967096709670967196719671967196719671967096719671967196719671
1302967096719670967096709670967096709670967096709670967096709670967096709670967096709670967096709669966996699669966996699669966996699669966996699668966896679667966796679667966796689668966896679667966796679667966796679666966796679667966796679667
1303966796679667966796679667966796669666966696669666966696669666966696669665966596659665966596669666966596669665966596659664966496649664966496649664966496649664966496639664966496639663966396629662966296629662966296629662966196629661966196619661
1304966196619661966196619661966196619661966196619661966196619661966196609660966096609659965996599659965996599659965996599658965896589658965896589658965896589657965796579656965696569656965596559656965696569655965596569655965596559655965596559655
1305965696569656965696559655965596559655965596569656965696559656965596569656965696569656965696559655965696559655965596559655965496559655965496549654965496549654965496549654965496549654965496549653965396549654965496539653965396539653965396529653
1306965296529652965296529652965296519651965196519652965196529651965196529651965196519651965196519652965296519651965196529652965296539652965296539653965396529652965296529652965296529652965196519651965196519652965296529652965296529652965296519651
1307965196519651965196519651965196519651965196529652965296529652965296529652953496529652965196529652965296529652965296529652965296529652965296529653965296529652965296529652965296529652965296529653965396539653965396529652965296529653965396539653
1308965396539653965396539653965396539653965396539653965396539653965396539653965396549654965396539653965396539653965396539653965396539654965496549654965496549654965496549654965496549654965496549654965496549654965496549654965496549654965496549654
1309965496549654965596549655965596559655965596559655965596559655965596559655965596559655965596559655965596559655965596559655965596559655965596559655965596559655965596559655965696569656965696559656965696569656965696569656965696569656965696569656
1310965696569656965696569656965696569656965696569656965696569656965596559656965696559655965596559655965596559655965596559655965596559655965696569656965596559656965596559655965696569656965696569656965696569656965696569656965696569656965696569656
1311965696569656965696579657965796569657965796569656965696569656965696569656965696569657965696569656965696579657965796569656965696569656954196559655965596559655965496549654965496539653965396539653965396539653965396529652965296529651965196519651
1312965196519651965196519651965096509650965096509650965096509650965096499649964996499649964996499649964996499648964896489648964896489647964796479647964796469646964696469645964696459645964596459644964496449644964496439643964396439642964296419642
1313964196419640964096409640963996399639963896389638963896379637963796379637963696369636963696359635963596359634963496349634963396339633963396339632963296329632963196319630963096319630963096309630962996299629962996289629962896289627962796279627
1314962796269626962596259625962596249624962396239623962396229623962296229622962296229622962296219621962196219620962096209620961996199619961896189618961896179617961796179616961696169615961496159614961496149613961396129612961296119611961196119611
1315961096109610960996099608960896089608960896079607960796079606960696069605960596059605960596059605960596049604960496049603960396039602960296029601960196019601960196009600960095999599959995999599950695999599959995999599959895989598959795979597
1316959795979597959795969596959595959595959595959594959595949594959495939593959395939593959395939593959395939592959295929593959295919591959195919591959195919591959195919591959195919591959195909590959095909590959095899589958995899588958895889588
1317958895889588958895889588958895889588958895879587958795879587958795879587958795879587958795869586958695879586958795869586958695869586958695869586958595859585958595859585958495849584958495839584958395839583958395839583958395839583958395839583
1318958395839583958495839583958395839583958395829583958395839583958295829582958295829582958295829582958195829582958195819582958295829582958295829582958295829582958295829582958295839582958395839583958395839583958395839583958395839583958395839583
1319958395849584958495849584958595859585958595859585958595849584958495859584958495849584958495849584958495849584958495849584958495849584958495849584958495849584958495849584958495849584958495849584958495849585958595859585958595859586958595859586
1320958695869586954095869586958595869585958595859585958595859585958595859585958595859585958595859585958595869586958695879586958695879586958795879587958695869587958795879588958895889588958895889588958895889588958895889588958895889588958895889588
1321958895889589958995899589958995899589959095909590959095909591959195919591959195909591959195919591959195909590959095909590959095909590959195919591959295929592959295929592959295929592959395939593959395939593959395939593959295929592959295939593
1322959295939593959395939593959395939593959395939593959395939593959395939593959395939593959395929592959395939593959395939593959395939594959495949595959595949594959495959595959595959595959595959595959495949594959495949594959495949594959495949594
1323959495949594959495949594959595949594959495959595959595959595959595959595959595959595959595959596959695969596959695969596959695969596959695969596959695959596959695969596959695969596959595959595959595969595959595959596959695959595959695969596
1400959695969596959695969595959595959596959695969596959795979597959795979597959895979597959795979597959695979597959795979596959695969596959695969596959695969596959695969597959695969596959695969596959695969596959695969596959695969596959695969596
1401959695969595959595959595959695959595959695959595959695959595959595959595959595959594959595949595959595959595959595959595959595959595959595949594959495949594959495949593959395939593959395939593959395939593959395939593959395939594959495949593
1402959395939593959395939593959395939593959395929591959195919591959295929592959295919591959195919591959195919591959095909590959095899589958995899588958895889588958895889588958795879587958795879587958795879587958695869586958795869586958795869586
1403958695869587958795879587958795869586958695879586958695869586958795879587958795879586958695869586958595859585958595859585958595859585958595859584958495849583958495849584958395849583958295839583958295839583958395829582958295829582958195819581
1404958195809580958095809580958095809580958095809580957995799579957895789578957895789578957895789578957795779578957795779577957695759576957695769576957695769576957695759575957695759575957595759575957595759575957595759575957495749574957395739573
1405957295729572957295729572957395729572957295719571957195719571957195719571957195719571957195719571957195709570957095709570957195709570957095709570957095709569957095709569956995699569956995699569956995699569956995699569956995699569956995709570
1406956995699569956995699569956995699569956995699569956995699569956995699569956995699569956895689568956895699569956995699569956995699569956995699569956995709569956995699568956995699569956995699569956995699568956895699569956995689568956895689568
1407956895689568956895679568956895679567956795679567956795679567956795679568956895689568956995689568956895689568956895689568956895689569956995699569956995699569956995699569956995709570957095699569957095699570957095719571957195719571957295729571
1408957195719572957295729572957295729572957395739573957395749574957495749574957495749574957495749574957495759575957595759575957595759575957595759575957595759575957595769576957695769576957695779576957795769577957795779577957795779577957895789578
1409957895789578957995799580958095809580958095819581958195819581958195819581958195829582958295819581958195819581958195819581958295829582958295829582958395839583958395839582958295829582958295829582958395839583958395839583958395839583958395839583
1410958495849584958395839584958495849584958595869586958695869585958595859585958595849585958595859585958595859585958595859585958595859584958495849584958495849584958495849584958495849584958495849585958595859585958495859585958595869586958695859585
1411958595859585958595859585958595859585958495859584958495849584958495849584958495849584958495849584958495849584958395839583958495849585958495849583958295829582958295829582958295829582958295839583958395839582958295819581958195819581958095819581
1412958195819581958195809580958095809580957995799579957995799579957895789578957895789578957895779577957695769576957695769576957695759575957695769576957595759575957495759575957595759575957595759575957495749574957495749575957495749574957395739572
1413957295729572957295739572957295729572957295729572957295729571957195719571957195719571957195719571957195719571957095719570957095709571957195709570957095709570957095699569956895689567956795679567956795679567956795679567956695669566956695659565
1414956595659564956495649564956495649564956495649563956395639562956295629562956295629562956295629562956295629562956195619560956095609560956095609560956095609560956095599559955995599559955995589558955895579557955795569556955695569555955595559554
1415955495549554955395539553955395539553955395539553955395539553955395539553955295539552955295529551955195509550955095509550954995499549954995489548954895489548954795479547954795479546954695469546954695469546954695469546954595459545954595459544
1416954495439543954395439543954395439543954395439543954295429542954195419541954095409541954195419540954095409540954095399539953995399539953895389538953895389538953895389538953895379537953795379537953795379537953795369537953795379537953795379537
1417953695379536953695369536953595359535953495349534953495349534953595359535953595359535953595369536953595359535953595359534953495349534953395339533953395339532953295329532953295319531953195319531953195319531953195319530953195319531953195319532
1418953295329532953295329532953395339533953295329532953295329532953295329532953295339532953295329532953295329532953295329532953295329532953295329532953295329532953295329532953295329532953295329532953295339532953295339533953395339533953495339533
1419953395339533953395339533953395339533953395339534953495349535953595359535953595359535953595359535953595359535953695369536953695369536953695369536953695379537953795379537953795389538953895389539953995399539953995399539953995399539953995399539
1420953995399539953995399539953995409540954095409540954095419541954195419541954195429542954295429542954395439543954395439543954395439543954395439542954395439543954395439543954495449544954495449544954495449544954495449545954595459545954495449544
1421954495459545954495449544954395449544954595469545954595469546954795479547954795489548954995499549954995499550955095509549955095509550955095509550955195519552955195529552955295529553955395539553955395539553955395539554955395539553955495549555
1422955595559555955595559556955695569557955695569556955695579557955795579557955795579557955795579557955895589558955895589558955895589558955895589558955895589558955995599559955995599558955995599559955995599560956095609560956195609560956195609560
1423956095619561956295619561956195619561956195619561956195619562956295629563956395639563956395639563956395639563956395639563956395639563956395639563956395639564956495649564956495649564956495649565956595659565956595659566956695669565956695669566
1500956695669566956795679567956795679567956795679567956795679567956795679567956795679567956795679567956795679567956695669566956695679567956795679567956795689568956995699569956995699569956895689568956895689568956895689568956895689568956995699568
1501956895689567956795679568956795679567956795679566956695669567956795679567956795679567956795669565956595659565956595659566956695669566956695659565956595659565956495649564956495649564956395639563956395629562956295629561956195619561956195619561
1502956195619561956195619561956195619561956295629562956295629562956295629562956295629562956295629561956195619561956095609560956195619561956195619561956295639563956295629562956195619561956295619561956195629563956395649564956395639564956495639563
1503956395639564956495649563956495659565956495649563956395639563956395649564956395639563956495639563956395629562956295619561956195619561956195629562956295619561956195619561956195619560956095599559955895589558955895579557955695579557955795579557
1504955795579558955795569556955595559555955595559554955495539553955395529552955295529552955295529551955195519550955095509549954995499549954995499548954795479547954795479546954695469546954595459545954595459545954595459546954595469546954695469546
1505954695479547954795479547954795479547954795479547954795479548954895489548954895479547954795479548954795479546954695469547954795479547954695469545954595459545954595459545954595459545954595459545954595459545954595459546954695469545954695469546
1506954695469546954695479547954795479546954795479547954795479547954795479547954795479547954795479547954795479547954695469546954695469546954695469546954795479547954695469546954795479547954795479547954795479547954795479546954695459545954595459545
1507954595459545954595449545954595459545954695459546954695479547954795489548954895489548954895489549954995499549954995499549954995489549955095509549954995499549955095509550955095509550955095509550955095509550955095509550955095509550955095509550
1508955095519552955295529552955295529552955295529552955295529552955295529552955295539553955395529552955295529552955395539553955395539553955395539553955495539553955395539553955395549554955495559554955495549554955495549554955495549554955495549554
1509955495549555955595569556955795579558955895589558955895589557955795579558955895589558955895589558955895589558955895589558955895589558955895599558955895589558955895599559955995609560955995609559955995609560956095609560956095609560956195619561
1510956195619561956295629562956295629562956295629562956295629562956295629561956295629562956395629563956395639563956395639562956295629562956295639562956395629563956395639563956395639563956395639563956395639563956495649564956395639564956495649564
1511956495659565956595649564956495649564956495649564956495649564956495659565956595659564956495649564956495649564956595659565956495649564956495649564956495649564956495649564956495649564956495639563956395639563956395639562956395639563956295629563
1512956295629562956295629562956295629562956195619561956195619561956195619560956095619561956195619561956095619560956095609560955995599559955995589558955895589557955795579556955695569556955695569556955695569556955695569556955695569556955695569555
151395549554955495549554955495549554955495549553955395539553955395539553955295529552955295529552955295519551955195519550955095509549954995509549 ///954895479547954695469546954695469546954695469547954795479546954695479547954695469545954595459545
1514954595459544954495449544954395439542954295419541954195419541954295419542954295419541954195419541954195409540954095409540954095409540953995399539953995399539953895389538953895399538953895389539953995399539953895389538953995379537953795379537
1515953695369536953595359535953595359535953595349534953495349533953395329532953295329532953295329532953295329532953295329532953295329532953295329532953195319531953195319531953195319531953195309530953095309530953095309530953095309530952995299528
1516952995299529952995289528952895289529952995289529952895289529952895289529952895289527952795279527952795279527952795279527952795279527952795269526952795279527952795279527952795279527952795269526952795269527952795279527952795279528952895289528
151795289529952995299529952995299529952995299529952995299529952995299528952895299529952895299529952995299529953095299530952995299529953095309529952995299529952995299528952995299528952995299528952895289529 ///952895289528952895289528952995299529
1518952995299529952995299528952995299529952995299529952995299529952995299529953095309530952995299529952995309530952995309529952995299530952995309530953095319531953295319532953395339532953395339533953395349534953595359535953595369536953795369536
1519953695369536953695379536953795379537953795379537953795379537953795369537953795379538953895389538953995399539953995399539953995399539954095409541954195419541954195419542954195419542954295429543954395439543954295439542954295429542954395439543
1520954495439543954395439543954495459544954595459545954695469546954795479547954795489547954895489548954995499549954995499550955095509550955195519551955195509550955095499549955095509550955095509550955095509551955195529552955295529552955295529552
1521955295539554955495549554955495549555955595569556955795579557955695569557955795589557955895589558955895589558955895599559956095609560956095609561956195619562956295629563956395639563956395639564956395639563956395639563956395659565956595659565
152295659565956595659566 ///956695669566956695669566956795679568956895689567956795679568956895679568956895699569957095709570957195719571957195709570957095709570957195709570957095709570957095709570957195709571957095709570957195719571957195719571
1523957095709570957095719571957195719571957295729572957195719570957095719571957195719571957195719571957195719571957295739573957395739573957295719571957195719571957295729572957295729573957495749574957495749574957495749575957595759575957495749574
1600957595759575957495739573957495759575957695759575957595759575957595749574957595769576957695769575957595759575957595759575957595759575957595759574957495739573957395749574957495749574957495749574957395739573957395739572957295739573957395739573
1601957395749574957395739572957295739573957395749574957395739573957395739573957395739574957495749575957495749574957495759574957495749574957395739573957395739573957395739573957395739573957395739573957395739573957395739573957295729572957295729572
1602957395729573957395729572957295729573957395729572957295729572957295729573957395739742957395739573957495739573957395739573957395739573957495749574957395739573957395749574957495739573957395739572957295729572957295739572957395739572957295729571
1603957195719571957195719571957195719571957095709571957195719571957195719571957195719570957095709570957095709570957095699569956995699569956995699569956995699569956995699570956995699569957095709570956995709569956995699569956995699568956895689568
1604956895689568956895689569956995699569956895689569956995689569956995689568956995699568956995689568956895689568956895689568956895679567956795679567956795679567956795679567956795669566956695679566956695669566956695669566956695669566956695659565
1605956595659565956595659565956595659565956595659565956595649564956495649564956495649564956495649563956395639564956495649564956495639564956395639563956395639563956395639563956395639563956395639563956395639563956395639563956395649564956495649564
1606956495649564956495649564956495649564956495659565956595659565956595659566956695669566956695669566956695669566956795679568956895689568956895689568956895689568956895689568956895689568956895699569956995699569956995699569956995699569956995699569
1607956995699569956995699570957095709570957095709571957195709571957195719571957195719571957195719571957195719571957195719571957095719571957195719571957195719571957195719572957295729572957295739573957395739573957395739573957395739573957395749574
1608957395739573957395739573957395739573957395739573957395739573957395739574957495749574957395739573957395739573957395749574957495749574957495749574957495749575957595759576957595769575957595759576957695769576957795779578957895789578957995799579
1609957995809580958095809579957995799579957995809580958095809580958095809580958095809580958195819581958295819581958195819581958195819581958195819581958195829582958295829583958395839583958295829582958295829582958395839583958395829583958295829582
1610958395839583958495849584958495849584958495849584958495859585958695869586958695869586958695869586958695869586958695859585958595859585958595849584958495849584958495859585958595859585958595859585958595859585958595859585958595859586958695869586
1611958695869586958595859585958495849584958495839583958395839582958295839583958395849584958495839583958295829582958295829582958295829582958295829582958295819581958195819581958195809580958095809580958095799579957995799578957895789578957895789578
1612957895789578957895779577957795769576957695769576957695769575957595759575957595759575957695769575957595759575957495749574957395739574957395739573957395729572957295719571957195709571957195709570956995709569956995699569956995699569956895699568
1613956895679567956795679567956695669566956695659565956595659564956595649564956495639564956495639563956395639563956395629563956295629561956195619560956095599558955895599559955995589558955895589558955995589558955895589558955795579557955795589557
1614955795579557955795569556955595549554955495549554955395539553955295539552955195529552955295529552955195519550955095509550955095499548954895489548954795479547954795479547954695469546954595469546954595459545954595449545954395439543954395439542
1615954295429541954295419541954195409540953995399538953895379537953895389537953795369536953595349534953595359534953495349534953395339533953395339533953395339533953395339532953295329532953295329531953295329532953195309530953095309529952995299528
1616952895289528952795269526952695269525952595259525952495249524952395239523952395239523952295229522952295229522952295229522952295229523952395239523952395239522952295229522952295229522952295229522952295229521952195219521952195219521952095209519
1617951995209520951995199519951895189518951895189518951895189518951895189517951795179516951695169516951695159515951595159514951595159515951595149515951495159515951595159515951595159515951595159515951595159515951595159515951495149514951495149514
1618951495139513951395139513951295129511951295129513951395139513951395129512951295129513951395139513951395149514951495149514951495149513951495139513951495139514951495149514951495159515951595159515951695169516951695179517951795169516951695169516
1619951695169516951795179518951895189518951895189519951995209519952095209520952095209520952095209520952095209520952095209519951995199519951995199519951995199519951995199520952095209520952095209520952095219521952195229522952395239523952395239523
1620952395239523952495249524952495239524952495249524952395239523952395239523952495249524952495249524952595259525952695269526952695269527952795289528952895289529952995299529952995309530952995299529952995299529952995299529952995299529952995299529
1621952995299529952995299529952995299529952995299530953095309530953095309530953195319531953195319531953195319531953195319531953295329532953395339534953495359535953595369536953695369536953695379537953795379537953795379537953795379537953795379537
1622953795379538953895389539953995399539953895389538953895389538953995399539953995399539953995399540953995409540954095409541954195429541954295429542954295429542954295429542954295439542954395439543954295429542954295429543954295439543954395439543
1623954395449544954495449544954495449544954495449544954495449544954495449544954595449544954495449544954495449544954495449544954495449544954495439544954395449544954495449544954495449544954495459545954595459545954595459545954595459545954595459545
1700954595459545954595459545954595459545954595449544954595449545954595449544954495449544954495449545954595459545954595459545954595459545954595459545954595459545954595459545954695469546954695459545954595459545954595459545954595459546954595459545
1701954595459545954595459545954595459544954595459545954595459545954595459545954595459545954595459545954595459545954595459545954595459545954495449544954495449544954495449543954395439543954395439542954295429541954195419541954195419541954195419541
1702954195409540954095399539953995399539953995399539953995399539953995399539953895389538953895389538953895389538953895389537953795379537953695369536953695369536953695359535953695359535953595359535953595359535953595349534953495349534953495349534
1703953495349534953495349534953495349534953495349534953495349534953495339533953395349534953495349534953495349534953395339533953395329532953295329532953295329532953295329532953295329532953295329532953295329532953195319530953095309530953095309530
1704953095309530953095309530953095309530953095309530953095309530953095309530953095309530952995299529952995299529952995299529952995289528952895289528952795279527952795279527952795279527952695269527952695269526952695269526952695269526952695269526
1705952695269526952695269526952695269526952695269526952595259525952495249524952595249525952495249524952495249523952395239523952395239523952395239523952395239523952495249524952495249524952495249524952495249524952495249524952495249524952495239523
1706952395239523952395239523952395239523952295239522952295239523952295229522952295229522952295229523952395239524952395239523952395239523952495249524952495249524952595249525952595259525952595259525952595259525952695269526952695269526952695269526
1707952695269526952695269526952795279527952795279527952895289528952895289528952895289528952895289528952895289529952995299529952995299530953095309530953195319531953195319531953195319531953195319531953195329532953295329532953295329532953295329532
1708953295339533953395339533953495349534953495349533953495349534953495349534953595359535953595359535953595359535953595359535953695369536953695379537953795379537953795379537953795379537953795379537953795379537953795379537953795379537953795379537
1709953795379537953795379537953795379537953895389539953995399540954095409539954095409540954095409540954095399540954095409540954095409540954095409540953995399539954095409540954095419541954195429542954295429541954195419541954195419542954295429542
1710954295429541954195419541954195419541954195429542954295429542954295439542954395439544954495439544954395439543954495439544954395449543954395439543954395439543954495449543954395439543954395439543954395439543954495449544954495449544954495449544
1711954595459545954595459545954595459545954595459545954595459545954595459545954595459545954595459545954495449544954495449544954495449544954495449544954495449544954395439544954495439544954495439544954495449544954395439543954395439543954395439542
1712954395439543954395439542954295419541954295419541954195419541954195409540954095409540954095409540954095409540954095409540954095399539954095409540953995399540953995399539953995399539953995399538953895389538953895389538953795379536953695369536
1713953595359535953595359534953595349534953495349534953495349534953395339533953395339532953295329532953295319531953195319530953095319530953095309530953095309530953095309530952995299529952995289529952995289528952895289528952895289528952795279527
1714952795279526952695269525952595259525952595259525952595259525952595259524952495249524952395239524952395239523952395239523952395239523952395239522952295229522952195219521952195219521952195209520951995209519951995199518951895189518951795179517
1715951795169516951695169515951595159515951495149514951395139513951395139513951395139513951395139513951395129511951195119511951195129511951195109510951095989510951095109510951095109509950995089508950895089508950795089507950895079507950695069506
1716950695069505950595059505950595059506950595059505950595059504950495049504950395039503950295029502950295019502950195019501950195019501950195019501950095009500950095009500950095009500950095009500950094999500950094999499950095009500950095009500
1717950095019501950195019501950195029502950295019501950295019502950295029502950295029502950295029502950295019501950195019501950295029502950295029503950395039503950395029502950295029502950295029502950295029502950295029502950195019501950195019501
1718950195019501950195019501950195019501950195029502950295029502950295029502950295029502950295029502950395029502950295029502950295029502950295039503950395039503950395039503950395039504950395039504950495049504950495049504950495049504950495059505
1719950595059505950595069506950695069507950795079507950795079507950795079507950795089508950895089509950995099509951095109510951095119511951195119512951295129512951295139513951395139514951495149514951495149514951495679514951595159515951695169516
1720951695169517951795179517951795179517951895189518951995199519951995209520952095209520952095209521952195219521952295219522952295229522952295239523952395239524952495249524952495249524952595249525952595259525952695269526952695269526952695279527
1721952795279527952795279527952795289528952895289528952895289528952995299530953095299529952995309530953095319531953195319531953295319532953295329533953395339533953395339533953495349534953495349535953495359535953595359535953595369536953695379537
1722953795379537953795379538953895389538953895389538953895389538953995399539953995399539954095409540954095409540954095409541954095419541954195409540954095419541954195419541954195419541954195419541954195429542954295429542954295429542954395439543
1723954395439543954495449544954595459545954595459545954595459546954695469546954695469546954695469546954695469546954695469547954795479547954795479547954795479547954795479547954795479547954795479547954795479547954795479547954795479547954795479547
1800954795479547954795479547954796019547954795479547954795479547954795479547954895489548954895489548954995489548954895499549954995499549954995499549954995489549954995499549954995499549954995499549954995499550955095509550955095499549954995499549
1801955095499550955095509550955095509550955095509550955095509550955095509550955095509550955095499549954995499549954995499549954995499549954995499549954995499549954995499549954995499549954995499549954995499549954995499549954995499549954995499549
1802954995499549955095509550955095509550955095509550955095509550955095509550955095509550955095509550955095509550955095509550955095509550955095509550955095509550955095509550955195509550955095509550955095509550955095509550955095509550955095509550
1803955095509549955095509550955095509550955095509550955095509550955095509550955095509549954995499549954995499549954995499550955095509550955095509550955095499550954995499549954995489549954995499548954895489548954895489548954895489548954895489548
1804954895489548954895479548954895479547954795489548954895489548954895489548954895489548954895899548954895499548954895489548954895489547954895479547954795479547954795479547954795479547954795469546954795469546954795479547954795479547954795479547
1805954795469546954695469546954695469546954795469546954795469547954695469546954695469546954695469546954695469546954695479547954795479547954895489548954895489548954895489548954795479547954795479547954795479547954795479547954795469546954695469546
1806954695469547954795479547954795479548954795489548954795489548954795489548954895479548954895489548954895489548954995499549954995499549954995499549954995499549955095509550955095509550955095519551955195519551955195519552955295529552955395539553
1807955395539553955395539553955495549554955395549554955495549554955495549554955495559555955595559556955595559556955695569556955695569556955695569556955695569556955695569556955695579557955795579557955795589558955895589559955995599559955995599559
1808955995609559956095609560956095609560956095609560956195619561956195619561956195619561956195619562956295629562956295629562956295629562956295629562956395749563956495649565956595659565956595659565956595659565956595659565956595669566956695669566
1809956695669566956695669566956695669567956795679567956795679567956895689568956895689568956895689569956995699569956995699569956995699570957095709570957095709571957195719571957195719571957195719571957195719571957195719571957195709571957195709570
1810957095709570957095709570957095709570957095709570957095709570957095709570957095709570957095709570956995709570957095709570957095709570957095709570957095709570957095719570957195709570957095709570957095709570957095709570956995699570956995699569
1811956995709569956995699569956995709569956995699569956995699569956995699569956995699569956995689568956895689568956895689568956895689567956795679567956795679567956795679567956795669566956695669566956695669566956595659565956595659565956595659565
1812956595649564956495649564956495639563956395639562956295629562956295619561956195619561956095609560956095609560956095599558955895589558955895589558955895589557955895579557955795579556955695569556955695569555955595559555955595549554955495549554
1813955395539553955295529551955195519551955195509550955095509549954995499548954895489548954895489547954795479546954695469546954595459545954595449543954395439543954395429542954295429542954195419541954095409540953995389538953995389538953795379537
1814953795369536953695359535953595359535953495349534953395339533953395339532953295329532953195319531953195309530953095309529952995299529952995299529952895289528952895279527952795279526952695269526952695259525952595249524952495239523952395239522
1815952295229522952195219521952095209520952095209520952095209519951995189518951795179517951795179516951695169516951595159515951595149514951495139513951395139513951395139512951295129512951295119511951195109510951095109509950995089508950895089508
1816950895079507950795069506950695059506950595059505950595049504950495049504950495039503950395039502950295029502950295029501950195019501950195019500950095009500949994999499949994999499949894989498949894989498949894989497949794979497949794979496
1817949694969496949694969496949694969495949694969495949594949494949394939493949394939493949394939493949394939493949394939492949294929492949194929491949194919491949094909490949094899490948994899489948994899489948994899489948994899488948994889488
1818948894889488948794879487948794879487948794879487948794879487948794879487948794879487948794869487948694869487948794879487948794879487948794879487948794879486948794879487948794879487948794879487948794879487948794879487948794879487948794879487
1819948894889487948894889488948894889488948994899488948994899489948994899489948894899488948994899489948994899489948994899489948994899489948994899489949094899489948994899489948994899489948994899489948994899489948994899489948994899490949094909491
1820949094919491949194909491949094919491949094919491949194919491949294929492949294929492949294929492949294929492949194929492949294939492949394939493949494949494949494949494949494949495949594959495949594959495949594959495949594959495949594959495
1821949594969496949694969496949694969496949694969496949694979497949794979497949794979497949794989498949894989498949994999499949995009500950095009500950195019501950195019502950295029502950295029503950495049504950495059505950595059505950695069506
1822950795079507950795089508950895099509950995109510951095109511951195119511951295129512951395139513951395139514951495159515951595159515951695169516951695179517951795189518951895189518951995199519951995199519952095209520952195219522952295229522
1823952295229522952295229522952295239523952395239523952395239523952395239524952495249524952495259524952595249524952495249525952495249524952495249524952495249524952495249525952595259525952595259525952695259526952695259526952695269526952695269526
1900952695269525952595269526952595259525952595259525952595259525952595269526952695269525952595259525952595259525952595259525952595259525952595259525952595259525952595259525952495249524952495239523952395239523952395249523952495249524952495249524
1901952495249524952495249524952495249524952495259525952595269526952695279527952795279527952795279527952795279527952795289528952795289527952795289527952795279528952795279528952895289528952895299529952995309530953095309531953195319532953295319531
1902953195319531953195329532953295319531953195319531953195319531953195329532953295329533953395349535953595359535953595359535953595359535953595359535953595359535953595359535953595359535953595359535953595359536953595359536953695369536953695369536
1903953695369536953695369536953695369536953695369536953695359536953595359536953595359535953595359535953595359535953595359535953595359534953495349534953495349535953495349534953495349534953495339533953395339533953395339532953295329532953295329532
1904953395339533953395339533953395339532953295329532953295329532953295329532953195319531953195319531953195319530953095309530953095309530953095309530953095309530953095309530953095309531953195319531953195319531953195319531953195319531953195319531
1905953195319531953195319531953195319530953095319530953095309530953195309530953095309530953095309530953095309529952995299529952995299529952995289528952895289528952895289528952895289528952895289528952895289528952895289528952895279527952795279527
1906952795279526952695269526952695269526952695269526952695269526952695269526952795269526952695269526952695269526952695269526952795269526952695269526952695269526952695269527952795279527952795269526952695269527952795279527952795279527952795279527
1907952795279527952795279527952795279527952795279527952895289528952895279528952895289528952895289528952895299529952995299529952995299529952995299529952995299530953095309530953095309530953195319531953195319530953095309530953095309530953095309530
1908953095309531953195319531953195319531953295329531953295329532953295329532953295329532953295329532953295329532953295329532953395339533953395339533953395339533953395339533953395339534953495349534953495349534953495349534953495349535953595359534
1909953595359535953595359535953595359535953695359536953695369537953695379537953695379537953795379537953895389537953895389538953895389538953895389538953895389538953895389539953995389539953995399539953995399539953995399539953995399539953995399539
1910953995399539953995399539953995399539953995409539954095409540954095409540954195409540954095419540954095409540954095409540954095409540954095409540954095409540954095419540954095419541954195419541954195419541954195419541954195419541954195419542
1911954195419541954195419541954195419541954195419541954195419541954195419541954195419540954095419540954095409540954095399539953995399539953995399539953995389538953895389538953895389537953795379537953695369536953695369536953695359535953595359535
1912953495349534953495349534953495349534953495349534953495339533953395339533953395339533953295329532953295329532953295329532953195319531953195309530953095309530953095309530953095309530953095299529952995299529952895289528952895289528952895279527
1913952395239523952395229522952295229522952195219521952095219520952095209520952095209520951995199519951995199518951895189517951895179517951795179517951795169516951695159515951595159515951495159514951495149514951395139513951395139513951395139512
1914951295129512951295119511951195119511951195109510951095109510951095099509950995099509950895089508950895079507950795069506950695069506950795069506950595059505950495049504950395039503950395039503950395029502950295029502950295019500950095009500
1915950095009500949994999499949894989497949894989498949794979497949894979497949794979497949694969495949594959494949594949494949494939493949394929492949194929492949194919491949194919491949094919491949094909491949094909490949094899489948994899489
1916948994899489948994899489948994899489948994899489948994899489948994899489948994889489948894889488948894889488948894889488948894889488948794889488948894889489948994899489948994899489948994899489948994899489948994899489948994899489948994889488
1917948894889489948994899489948994899489948994899489948994899489948994899489948994899489948994889488948894889488948894879487948794879487948794879487948694869486948694869486948594859485948594859485948594849484948494849483948394839483948394839483
1918948394839483948394839483948394839483948394839483948394839482948294829482948294829482948294829482948294829482948294829482948294829482948394839483948394839484948494849484948594849484948494849485948594869486948694869487948794879487948794879488
1919948894889488948894889488948894899489948994899489948994899489948994909490949094919491949194919491949294929492949294929492949294929493949394939493949494949494949494959495949594959495949594959495949694969497949794979497949894979497949794979497
1920949794979497949894989498949894989498949894989499949894989498949994999499949994999499949994999499949995009500950095009499950095009500950095019501950195029502950295029502950395039502950395049504950495049505950495059504950495059505950595059505
1921950595059506950695069506950695069507950795079507950795079507950895089508950895089509950995099509951095109510951095119511951195119512951295129512951295139513951395139513951395139513951395139513951395139513951395139513955095139513951395149514
1922951495159515951595159515951695169516951795179517951795189518951895189519951995199519951995199519952095199519952095209520952095209520952095209521952195219521952195219521952195219521952195219521952195219521952295229522952295229522952295229522
1923952295229522952295229522952295229522952295229522952295229522952295229523952395249523952495249524952495249525952595259525952595269526952695269526952695259525952595259525952595259525952595259525952595269526952695269526952795279527952795279527
2000952795279527952795269526952795279527952795279527952695279526952695269526952695279527952795279527952695279526952695269526952795279527952795279527952795279527952795279528952895289528952895299529952995309530953095309530953095299529952995289529
2001952995299529952995289529952895289528952895299529952995309529953095299530952995309530953095309530953095309530953095309530953095309530953095309530953095299530952995299529952995299528952895289528952895289528952895289528952995289529952895289529
2002952995289529952995299528952895289528955195289528952895289528952895289528952895279527952795279527952695269526952695269526952695269526952695269526952695269525952695259525952695269525952595259525952595259525952595259525952595269526952595259524
2003952595249524952495249524952495249524952495249524952495249524952495249524952495249524952495249524952495249524952495249524952495249524952495249524952495249524952495249524952495249523952395239523952395239523952395239523952395239522952295229522
2004952295229522952295229522952295229521952195219521952095209520952095209520952095209520952095209520952095209520951995199519951995199518951895189519951895199518951895189518951895189518951895189518951895179518951795179517951795179517951695169516
2005951695169516951595159515951595159515951595159515951595159515951495159514951595149514951495149514951495149514951495149514951495149514951495149515951495149514951495149514951495149514951495139514951495139513951395139513951395149514951495149514
2006951495149514951495149514951495149514951495149514951495159515951595159515951595159515951595159515951095169516951695169515951595169515951595159515951595159515951595159515951695169516951695169516951695169516951695169517951795179517951795179517
2007951895179518951895189519951995199519951995199519951995199519951995199519951995199519951995199519952095199520952095209520952195219520952195219521952195219521952295229522952295229522952295229522952295229522952295229522952295229522952295229522
2008952295229522952295239523952395239523952395239523952495249525952595259525952595259525952595259525952695269526952695269526952695269527952795279527952895289528952895289529952995299529952995309530953095309530953095319531953295329532953295329532
2009953395339533953395339534953495349535953595359536953695379537953895389538953895389539953995399539953995399539953995399539954095409540954095409540954095409541954195419541954195419541954195419541954195419542954195429542954295429542954295429542
2010954295429543954395439543954395439543954395449544954495449545954495459545954595459545954595469546954695469546954695469546954795469546954695479547954795479548951995489549954995499549954995509550955095509550955095509550955095509550955095509550
2011955095509550955095509550955095509550955095509550955095509551955195519551955195519550955195519551955195519551955195519551955195519551955195519552955295529552955295529552955295529552955295529552955395539553955395539553955395539553955395539553
2012955395539553955395539553955295529552955295529552955295529552955295529551955295519551955195519551955195519550955095509550955095509550955095509550955095509550955095509550955095509550954995499549954895499549954995489548954895489548954895489548
2013954895489548954795479547954795479547954795479546954695469546954695469545954595459545954595449544954495449544954495449544954495449544954495449543954395439543954295429542954195419541954095409540953995399539953995399538953895389537953795379537
2014953795369536953695359535953495349534953495339533953395339532953395329532953295329532953295329532953295319531953095299529952995299528952895289528952895289528952895289527952795279527952795279527952795279527952795279527952795269526952695269525
2015952595249524952495249523952395239523952295229522952295219520952095199519951995199518951895189517951795179517951695169516951595159515951495149513951395139513951295129512951295129511951195119510951095109510951095109509950995099509950895089507
2016950795079507950795079507950795079506950695069505950595049504950495039503950395039503950395029502950295019501950195019501950195009500950095009500950095009500950095009500950095009500950094999499949995009499949995009500950095009500950095009500
2017949994989498949894989497949794979497949894989498949894989498949894979497949794969496949694969496949694959495949594959494949494949494949394939493949394939493949394939493949394939493949394939492949294919491949194919491949194919491949194919491
2018949194919491949194919491949194919491949194919491949194919491949194919491949194919491949194919491949294929493949394939493949394939493949494949493949394939493949394939494949394939493949494939494949494939494949394949493949394939494949394949494
2019949494949495949494949494949494949494949494949494949494949494949494949494949494949494949494949494949494949493949394939493949394939493949394939493949394939493949394929492949294929492949294929491949294929492949294929492949294929493949394939493
2020949394939493949394939494949494949494949494949494949494959495949694969496949794979497949794989498949894989498949894999499949994999499949994999500950095009500950195019501950195029502950295029503950395039503950495049504950495059505950595069506
2021950695069506950795079507950795089508950895089508950895089508950895089508950895089508950895089508950895089508950895089508950795089507950895089508950895089508950895089508950895089508950895099508950995099509950995109510951095109510951095109510
2022951095119511951195109510951095109510951195119511951295129512951295139513951295129512951295129513951395129512951295139513951395139513951395139513951395149514951495149515951595159515951695169517951795179517951895189518951995199519952095209520
2023952095209521952195219521952195219521952195219521952095219520952095199519951995189518951895179518951895189518951895189519951995199519951995199519951995199519951995199519951995189518951895189518951895189518951895189518951895189517951795179517
2100951895179517951795179517951695179517951795179517951795179517951795179517951795169517951695169517951795179517951895189518951895189518951895189519951995199519952095209521952195219521952195219521952195219521952195209521952195219521952095209520
2101952095219521952195219520952095199519951995199519951995199519951995199519951995199519951995199519951895189518951895179517951795179517951795169516951695169516951695169516951595159515951595159514951495149513951395139513951295129511951295129511
2102951195129511951195109509950995099509950995099509950995099509950995099509950895099508950895089508950895089508950895089508950795089508950895089508950895079507950695069505950595059505950595059505950595059505950595059505950595059506950595059505
2103950495049504950495049504950495049504950495049504950395049503950395039503950395029503950395039503950295029502950295029502950295029502950295029502950295019501950195019502950195019501950195009500950095009500950094999499950094999499949994989498
2104949894989498949894989498949794979497949794979497949794979496949694969496949694969496949594959495949494949494949394939492949294919491949094909490949094909489948994899488948894889488948794879487948794879486948794879487948794879487948794879486
2105948694869485948594859485948594859485948594859485948594849485948494859484948494849484948494849483948394839483948394839483948394839483948394839483948394839483948394839483948394839483948394839483948394839483948394839483948394839483948394839483
2106948294829481948194819481948094819480948094809480948094809480948094819481948194819481948194819481948194819481948194819481948194819480948094799479947994799479947994789479947894789478947894789478947894789478947894789478947894789477947794779477
2107947794779477947794779478947894779478947894789478947894799479947994799478947894789478947994799479948094809480948094809481948194819481948194819481948194819481948194819481948194819481948194819482948194819481948194809480948094809480948094809480
2108948094809480948194819481948194809481948194819480948094809480948094809480948094809480948094819480948094809480948094809480948194809480948094809480948094809480948094809481948194819481948094819481948094809480948094809480948094799480948094809480
2109948094809481948194819482948294829482948294829482948294839482948394829482948294829483948394839483948394839484948494849484948494849484948494839483948394849484948494849484948494849484948494859485948594859485948594859485948594859485948594859485
2110948594859485948594849484948494849484948494839483948394839483948494849484948494849484948494849484948494849484948394849484948494849485948594859484948494849485948594849485948494849485948594859485948594849484948494849485948594849484948594849484
2111948494849484948494859484948494849484948494849484948494849484948494849484948494839483948394839483948394839483948394839482948394829483948394839482948294829482948294829482948294819481948194819481948194819481948194819481948194819480948094809480
2112948094799480948094799479947994799479947994799479948094799479948094799480948094799479947994799479947994799479947994789478947894789478947894789478947894779477947794779477947794779476947794779477947694769476947594759475947594759475947494759474
2113947594749474947494749474947494749474947494749474947494749474947494749474947494739473947394739472947294729472947294729472947294719471947194709470947094709470946994699469946894689468946894689468946894689468946894679467946794669466946694659465
2114946594659465946494649463946394639463946394639463946394639463946394629462946194619461946194619461946194609460946094609460945994599458945894589458945894589457945794579457945794569456945694569455945594559455945594559455945594559454945394539453
2115945494539453945394529452945294529451945194519450945094509450945094509449944994489448944894489448944894489448944794469446944694469446944694469446944694469446944694469446944694469445944594459445944594449444944494439443944494449444944494449444
2116944494439444944494439443944394439442944294429442944294429442944294429442944194419442944294429441944294419441944194419442944294429442944294429442944294439443944394439443944394429443944394439442944294439442944294429442944294439443944394439443
2117944394439443944394439443944394439444944394439443944494439443944394439443944394439443944394439443944494449444944494449444944494439443944394439443944394439443944394449444944494439444944494449444944494449444944494449444944494449444944494449444
2118944494459445944594459446944594459446944694469446944694469446944594469446944694479447944794479448944894489448944894489448944994499449944994499449945094509450945094519451945194519452945294529452945294539453945494549454945594559455945594559455
2119945594559455945694569456945694569456945694569455945694569456945794579457945794589458945894589459945994599460946094609460946194619461946194629462946294629462946394639463946494659465946594659466946594669466946694669467946794689468946994699470
2120947094709471947194719471947194729472947294729472947294729472947294729473947394739474947494749475947594759475947694769476947694769476947694779477947794789478947894799479948094809481948194819481948194829482948294839483948394839483948494849484
2121948594859485948694869486948694869486948694869486948694869486948694879486948694879487948794889487948894889489948994899489949094919491949194919492949294929492949294929492949294939493949394939494949494949494949494949494949494949495949594959495
2122949694969496949694979497949794989497949794989498949994999500950095009500950095009501950195019501950195029502950295039504950495049505950595069506950695069506950695079507950795089508950895099509950995109509951095119511951195119511951295129512
2123951295129513951395139513951395149514951495159516951695179517951795179517951795179517951795179517951795179517951795179517951895189518951895189519951995209520952095209520952195219521952195229522952295229523952395239523952395249722952395249523
2200952395249523952495239523952395239523952295229522952295229522952295229522952295229522952295229522952295229522952395249524952495259525952595269526952695259526952695269526952695279527952795279527952895289528952895289528952895289528952895299529
2201952995299529952995309530953095309530953095309531953095309530953095309530953095309530953095309530953095309530953095319531953195319532953295329532953295329531953295329532953295329532953295329532953395339533953395339532953395339533953295339532
2202953295329532953295329532953295329532953295329532953295329532953295329532953295329532953295339532953395329533953395339533953395349533953495339533953495339533953395339534953495359535953695369536953695369536953595369535953595359535953595359534
2203953495359534953495349534953495349533953495349534953495349535953595359535953595359535953595359534953495349534953495349534953395339533953395339533953295339533953395329532953295329532953295329532953295329532953295329532953395339533953395339533
2204953395329533953295329532953295329532953195319726953195309531953195309531953095309530953095309529952995289528952895289528952795279527952695259524952495249524952495239524952495249524952595259525952595259525952595259525952695269526952695269527
2205952795279528952895289528952895299529952995309530953095319530953095309530953095309531953195329532953295339533953395339533953395339533953395329532953295319531953195319531953195309530953095309530953095309530953095309530952995299530953095309530
2206953095309530953095309530953095299529952995299529952995299529952995299529953095299529952995299529952995299529952995299529952995299530953095309529952995299530953095319531953195319531953295329532953295329531953195319531953195319530953095319531
2207953195319531953195319531953195319531953195319530953195319531953195319531953195319531953195329532953295329532953295329533953395339533953395349534953495349535953595359536953795379538953895399539953995399539953995409540954095409540954195419541
2208954195419542954295439543954395439544954495449544954495449544954495459545954595459546954695469546954695469723954795479548954895489549954995509550955095509550955095509551955095519552955295529553955395539554955495549554955495549554955495559554
2209955595559555955595559556955595569556955795579557955795579557955895589558955895589558955895599559955995599560956095609560956195609561956295629562956295629562956295629562956295629562956295629562956295629562956395639563956395649564956495649565
2210956595659565956595659565956695659566956695669567956795679568956895689568956895689568956895689569956995699569957095709571957195719571957195719571957195729572957295739572957395729572957295729572957395739573957395739573957395739573957495739573
2211957495749574957395749574957495749574957495759575957595759575957595759575957595759575957695759575957695769576957695769577957795779577957795779577957795789577957895789578957895789578957995799579957995799579957995799579958095809580958095809580
2212958095809580958095809581958195819581958195819580958095809580958195809580958095809580958095819580958195819581958095809581958095819581958195819581958295829582958295829722958295829582958195819581958195819580958195809581958095819580958095819581
2213958195819581958195819581958195819580958095809580958195819581958195819581958195819581958195819581958195819581958195819582958195819582958195829582958295829582958295829582958295829582958295829583958395829583958395839582958295829582958295829582
2214958295829582958295829583958295839583958395829582958295829581958195819580958095809580958095809580958095809580958095809580958095809580958095809580958095819581958195819581958195819581958195819580958095809580958095819581958095809581958095819581
2215958095819581958195809580958095809579957995799579957995799579957995799579957995799579957995799580958095809580958095819581958195819580958095809580958095809580958095809580958095809580958095809580958095809580958195809581958195819581958295829582
2216958295839583958395839583958395839584958395839584958495849584958395839583958395849583958495849584958495849584958595849584958495849585958595859584958595859586958695869586958695869586958696889586958695869586958695879587958795879588958795889588
2217958895889588958895889588958895889588958895889588958895889588958995899589958995899589958895899589958995899589959095909590959095909591959195919591959195919592959295929592959395939594959495949595959695969596959795979598959895989598959995999598
2218959995999599959995999599959995999599960095999600960096019601960196019602960196019601960296029603960396039604960496049605960596059605960696069606960696079607960896089609960996089608960896099609960996109610961096109611961196119611961196119612
2219961396139612961396149614961496149614961496149614961496149614961496149614961596159615961696159616961696169617961796179617961896189618961896189618961996199619962096209620962196219621962296239623962396249625962596259625962596269626962796279628
2220962896299629963096309631963296329632963296339634963496349634963596359636963696369636963796379638963896389639964096409640964196419642964296429642964296429643964396439644964596449645964596469646964696469646964796479647964696469646964796479647
2221964896479647964896489648964896489649964996499650965096509651965196519651965196529652965296529653965296539653965396539653965396549654965596559655965696569657965796579658965896599659966096609660966096619662966296629662966396639664966496659665
2222966696669667966896689669967096709671967196729672967396739674967496759675967696769677967896789679967996809680968196819682968396839683968396849684968496849684968596859685968596859686968696869686968696869686968796879687968896889688968896889688
2223968896889688968896899689968996909690969096909690969196919692969296929693969396949694969496959695969596969696969696969697969796979698969996999699970097009700970097019701970197019702970297029702970297039703970397049705970597069706970797089708
2300970997099710971097119711971197129712971297129712971397139713971397139714971497149714971497149714971597159715971497159714971497149714971497149714971497149714971497149714971497149715971597159715971597159715971597159715971597159715971597159715
2301971597159715971597169716971597159716971697169717971797179717971797189718971897189717971797179717971797169716971597149714971397139713971397139714971497149714971397139712971197119711971197129712971397139714971397139714971497149714971497139713
2302971397139713971397139713971397139713971297129712971297129712971297129712971297129712971297129712971297129713971297129712971297129712971297129713971397139713971397139714971497149714971497149714971497149715971597159715971597159715971697169717
2303971797179717971697169716971697169717971797169716971697169716971797179717971797179717971797179716971697169716971697169716971697169716971697169716971697169716971697169716971797179717971797179716971697169716971697169716971597149714971497149714
2304971497149714971497149714971497159715971597159715971597159714971497149714971597159715971597159714971497149714971497149714971497149714971497139713971497149714971397139713971397139713971397139713971397139714971497149715971497149714971497149713
2305971397149713971497139713971497149714971497159715971597159715971597149715971597159714971497159715971597159716971697169717971897189719971997199719971997189718971897189719971997209720972097209720972097209720972097209720972097209720972097209721
2306972197219721972197219721972097209720972097199719971997199719971997199719971997209720971997199720971997209720972097199719972097199719971997199718971897189718971897189718971897189718971897189718971897189718971897189719971997199720972097209721
2307972197219721972297229722972397239723972397229723972297239723972397239723972397239723972397239723972397239723972397239723972397239722972397239723972297239723972397239723972397239724972497249724972497249725972597259725972697269727972797279727
2308972797279727972797279727972797289728972897289729972997299729972997299729973097309730973097309730973097319731973197319731973197319731973297319732973297339733973497349734973597349734973597359735973597359735973697369736973697369736973797379737
2309973797379737973797379737973797389738973997399739973997399739974097409740974097409741974197419741974197419741974197429742974297429742974297429742974297429742974297439742974297429742974297439743974397439743974397439743974497449744974497449744
2310974597449745974597459746974697469746974697479747974797479747974797489748974897489748974897489748974897489748974897499748974997499749974997499749974997499749974997509750974997499749974997499749974997499749974897489749974997499749974997499749
2311974997499749974997499749974997499749974997499749974997489748974897479748974797489747974797479747974797479747974797479747974897479748974797479747974797479747974797479746974697469746974697469746974697469746974697469746974697459745974597459745
2312974597459745974597459745974597449744974497459745974597449745974597459745974497449744974497449744974497439743974397439743974397439742974297429741974197409740974097409740974097409740974097409740973997399740974097399739973997399739973997389738
2313973897379738973897389738973897389737973797379737973797379737973797369736973697359736973697369735973597359735973597359735973497349734973397339733973397329732973297319731973197319731973097309730972997309730972997299729972997289729972897289728
2314972897289728972897289728972797279727972797279726972697269725972597259725972597259725972597269726972697269725972597259724972497249724972497249723972497249723972397229722972297219721972097209720972097209719971997199719971897189718971897179717
2315971797179717971697169716971597159715971697169715971597149714971497159715971597159715971497149713971397139713971297129712971297129712971297129712971197119711971197119712971297119711971197119711971197119710971097109710971097109711971297129711
2316971197109710971097109710971097099709970997099709970997089709970897099709970897089708970797079708970797089708970897079708970897089707970797079707970797079707970797079707970797079707970697069707970697069706970697069706970697069706970697069705
2317970597059705970597059705970597059705970597049704970497049704970497049703970397039704970497039703970397039703970397039703970397039703970297029702970197019701970097009700970097009700970097009700970096999699969996999699969996999699969996999699
2318969996999699970097009700970097009700970097019700970197019701970297029702970397039703970397039703970397039703970397039703970397039703970397039703970397049704970497059705970597059705970597059705970597059705970597059705970597059705970597059705
2319970597059705970597059705970597059705970597059705970597059705970597059705970597059705970597069705970597069706970697069707970797079707970797079708970797089708970797089707970897089707970797079707970797079708970897089708970897089709970997099710
2320971097109710971097109710971097099710971097099710971097099710971097109710971097109709971097109709971097099709970997099709970997099710971097109710971097109710971097109711971197119711971197119711971297129712971297129713971397139714971497149714
2321971497149714971497149715971597159715971597159716971697169716971697179717971797179718971897189718971897189718971897189718971897199719971997199720972097219721972197219721972297219721972197229722972297229722972297229722972297229722972397239723
2322972397239722972397239723972297239723972297229723972397249723972497249724972497249725972597259725972597259725972597259725972597259725972497249724972397249723972397239724972497249724972497249724972597259726972697269727972797279727972797279728
2323972797279727972797279727972797279727972797279727972797279727972797279727972797279727972797279727972797279727972897289728972897289728972997289728972897279727972797279727972697269726972597259725972597249724972497249724972497249725972597259725
2400972597259725972597259725972697269726972697269726972697259726972597259725972597259725972597249724972497249724972497239722972397239723972397239723972297229722972397229722972297229722972297229723972397239724972497249723972397229723972297229722
2401972297229722972197219721972197209720972197209720972097209719972097189719971997199719971897199719971997199718971897189718971797179717971897179717971897189717971797189717971797179717971797179717971697169716971697169716971697169716971697169715
2402971597169715971597149714971497149713971397139713971397139713971397139713971297129711971197119711971197119710971097099708970897089708970897089708970897079707970797079707970797079707970797079706970697069706970697069706970697059705970597059705
2403970697059705970597059705970597069706970697059705970597049703970397039702970297029702970297029702970197019701970197019701970096999699969896989698969896989699969996999699969996999698969896989698969796989697969796979696969696969696969596959695
2404969496949694969396939692969196919690969096909690969096909690968996889687968796879686968696869686968596859684968496849684968496849684968496839683968396839683968496839683968396829682968296829682968296829682968296829682968396829682968196819681
2405968096799678967896789678967896789678967896789677967796779677967796789678967996799679967896789677967796779677967796779676967596759675967696769676967596759674967496749674967596749674967496749674967496739672967196709670967096709670967196719672
2406967296729673970696739673967396739673967296729672967296729672967296729671967196709669966996689668966896699670967096719670967096709670967096709670967096709670967196719672967296719671967196719672967296729672967296729671967196709670967096709670
2407967096719671967196719671967196719671967196719671967196719671967196709670967096709669966996699669966996699670967096709671967196719672967296729671967196719670967196719672967396739674967496749674967396739672967296719671967196729672967296739673
2408967296729671967196729671967196719671967196719672967296729673967296729672967196719671967296729671967196719671967196719671967196719672967296729672967396739673967396739673967396739673967496739673967396739673967396749674967496759675967596759675
2409967596759675967596759675967596759675967596769676967696769677967796779677967796789677967896789678967896789679967996799679967996809679968096809680968096809680968096809679967996799679967996799679967996799679968096799680968096809680968096809680
2410968096809680968096809680968096809680968096809680968096819680968096819681972296819681968196819680968196819681968196819681968096819681968196819681968196819681968196819681968196819681968196819681968196819681968196819681968196819681968296829681
2411968296819682968196819681968196809680968096809680968196819681968096809680968096809679968096809681968196809681968096809680968096809680968096809680968096809679967996799679967996799679967996789678967896789678967896789678967896789678967796779677
2412967796769676967696759675967596749675967496749674967496749673967396739673967396729672967296739673967396729672967296729672967296729672967296719671967196719671967196709670967096709670967096699669966996689668966896689668966896679667966796689668
2413966896679666966696669665966596659665966496649664966496649664966496649663966296629662966196619661966196619660966096609660966096609660965996599659965996599659965896579657965796579657965796579657965696559655965596549654965496539653965396539653
2414965296529652965196519651965196519651965196509650965096509650964996499649965096499649964896489648964796479647964696469646964696469645970496459645964596449644964496439643964396429642964296429642964296419640964096409641964096409640964096409639
2415963896389638963896389637963696369636963596359635963596349634963496349634963396339633963396329632963296329631963196309630962996299629962996299628962896289628962896289628962796279627962796279627962696269626962696259626962696269626962696269625
2416962596259623962396239623962396239622962296229622962296229621962196219621962196209620962096199619961996199619961896189618961896189617961896179618961796179617961796179617961696179616961696169616961696169616961696169615961596159615961596159615
2417961596159615961596159615961596159615961596159614961596149615961596149614961496149614961496139613961396139613961296139613961396139613961396129613961296129612961296129612961296129612961296129612961296129612961296129612961296119611961196129611
2418961296119611961196129611961196119611961196119610961096109610961096109611961196119611961196119611961196119610961196119611961196119611961196109611961196119611961196119611961196129611961296129612969496129612961396139613961396139613961496139614
2419961496149614961496159615961496159615961696169615961696169615961596159616961696159616961696179617961696169617961796179618961896189619961996199619961996199620962096209620962096219621962196219621962196219621962196219622962296229623962396239623
2420962496249625962596259625962596259626962696279627962796279627962896289628962996299629962996299630963096309630963096309631963196319632963296329633963396339634963496349634963496349634963596359636963696369637963796369637963796389638963896399640
2421964096409640964096419641964296429642964296429643964396439644964496459645964596459646964696479647964796489647964896489648964896489648964996499649964896489648964896489647964796489647964896489648964896489648964896479647964796479647964796479647
2422964796479647964796479647964696469646964696469646964696469646964596459645964596459646964596459645964596459645964596459646964696469646964796479647964896499649964996509650965096519652965396539654965496549655965496559655965596559655965596559655
2423965696569656965796569657965796579657965896589658965896589658965996599659965996599659965996599659965996599660966096609660966096609660966096619661966296629662966296629662966296629662966296629662966296639663966396639662966296629662966396639663
2500966396639663966296629662966296629662966296629662966296629662966296629662966296629663966396639663966296639663966396639663966396639663966496649664966496649663966496649664966396639663966396639663966496639664966496649663966496639663966396639663
2501966396639663966396639664966496649664966496649664966496649664966496649664966496649664966496649664966496649664966496649664966496649664966496639663966396639663966396639663966496639664966396639663966396639663966396639663966396639663966396639663
2502966396639663966396639662966296639662966296629662966296629662966296629662966196629662966296629662966296629661966196619661966196619661966196609660966096609660966096609660966096609660966096609660966096609660966096609660965996599659965996599659
2503965896589658965896589658965896579658965796579657965796579657965796579657965796579657965796579657965796569656965696569656965696569656965796579656965696569656965696569655965596559655965596559654965496549654965496549653965396539653965296529652
2504965296529652965296529652965296529653965396539653965296529652965296519651965196519651965196519651965196519651965196519651965196519651965196519651965096509650965096509650965096509650965096509650964996499649964996499649964896489647964796479647
2505964796479646964696459645964596459645964596459645964496449644964496449644964496449644964496449644964496449644964496449644964496449644964496449644964496449644964396449644964396439644964496449644964496449644964496439644964396439643964396439643
2506964396439643964396439643964396439643964396439643964396439644964496439643964496439643964396449644964496449644964396439644964396439643964396439643964396439643 /// /// /// /// /// /// /// /// /// /// /// /// /// /// /// /// /// /// /// /// ///
2507 /// /// /// /// /// /// /// /// /// /// /// /// /// /// /// /// /// /// /// /// /// /// /// /// /// /// /// /// /// /// /// /// /// /// /// /// /// /// /// /// /// /// /// /// /// /// /// /// /// /// /// /// /// /// /// /// /// /// /// ///
2508 /// /// /// /// /// /// /// /// /// /// /// /// /// /// /// /// /// /// /// /// /// /// /// /// /// /// /// /// /// /// /// /// /// /// /// /// /// /// /// /// /// /// /// /// /// /// /// /// /// /// /// /// /// /// /// /// /// /// /// ///
2509 /// /// /// /// /// /// /// /// /// /// /// /// /// /// /// /// /// /// /// /// /// /// /// /// /// /// /// /// /// /// /// /// /// /// /// /// /// /// /// /// /// /// /// /// /// /// /// /// /// /// /// /// /// /// /// /// /// /// /// ///
2510 /// /// /// /// /// /// /// /// /// /// /// /// /// /// /// /// /// /// /// /// /// /// /// /// /// /// /// /// /// /// /// /// /// /// /// /// /// /// /// /// /// /// /// /// /// /// /// /// /// /// /// /// /// /// /// /// /// /// /// ///
2511 /// /// /// /// /// /// /// /// /// /// /// /// /// /// /// /// /// /// /// /// /// /// /// /// /// /// /// /// /// /// /// /// /// /// /// /// /// /// /// /// /// /// /// /// /// /// /// /// /// /// /// /// /// /// /// /// /// /// /// ///
2512 /// /// /// /// /// /// /// /// /// /// /// /// /// /// /// /// /// /// /// /// /// /// /// /// /// /// /// /// /// /// /// /// /// /// /// /// /// /// /// /// /// /// /// /// /// /// /// /// /// /// /// /// /// /// /// /// /// /// /// ///
2513 /// /// /// /// /// /// /// /// /// /// /// /// /// /// /// /// /// /// /// /// /// /// /// /// /// /// /// /// /// /// /// /// /// /// /// /// /// /// /// /// /// /// /// /// /// /// /// /// /// /// /// /// /// /// /// /// /// /// /// ///
2514 /// /// /// /// /// /// /// /// /// /// /// /// /// /// /// /// /// /// /// /// /// /// /// /// /// /// /// /// /// /// /// /// /// /// /// /// /// /// /// /// /// /// /// /// /// /// /// /// /// /// /// /// /// /// /// /// /// /// /// ///
2515 /// /// /// /// /// /// /// /// /// /// /// /// /// /// /// /// /// /// /// /// /// /// /// /// /// /// /// /// /// /// /// /// /// /// /// /// /// /// /// /// /// /// /// /// /// /// /// /// /// /// /// /// /// /// /// /// /// /// /// ///
2516 /// /// /// /// /// /// /// /// /// /// /// /// /// /// /// /// /// /// /// /// /// /// /// /// /// /// /// /// /// /// /// /// /// /// /// /// /// /// /// /// /// /// /// /// /// /// /// ///9602960296029602 /// /// /// /// /// /// /// ///
2517960296029602960196029601960296019601960196029601960196029601960196019601960196019601960196019601960196019601960196019601960196019601960196019601960196019601960196019601960196019601960196009600960196009600960096009600960096009600960095999600
2518960095999599959995999599959995999599959995999599959995999599959995999599959995999599959995999599959996009600960096009600960096009600960096009600960096009600960096009600960096009600960096009600960096019601960196019602960296029601960296029602
2519960296029602960296029602960296029602960296029602960396039603960396049603960496039604960496049604960496049604960496049604960496049604960496049604960496049604960496049605960596059605960596069606960696069606960696069607960796079608960796089608
2520960896089608960996099609960996099609961096109610961096109610961196119611961296129612961296139613961396139614961496149614961496149615961596159615961596159615961596159615961596159615961596169616961796179617961796189618961896189619961996199620
2521962096209621962196219621962196219621962196229622962296229622962296239623962396239623962396239623962396239623962396239623962396239623962396249623962496249624962596249625962596259625962596269626962796269627962796279627962896289628962996299630
2522962996309631963196329632963296329632963396339633963396349634963596359635963596359636963696369636963696379637963796379637963796389638963896389639963896399639963996399639963996399640964096409640964096409640964196409640964096409640964096409640
2523964096409640964096399639963996409640964096409640964196419641964196419642964296429642964296429642964296419642964196419641964196419641964196419641964196419641964196419641964196419641964196419641964296429642964296429642964296429642964296439643
2600964396439643964396449643964496439644964396439644964496449644964596459645964596459645964596459645964596459646964696469646964696469646964696469646964696469646964696469646964696459645964596459645964596459645964696469646964696469646964696459645
2601964596459645964596459645964596459645964596459645964596459645964496459645964496459644964496449644964496439644964496449645964596459645964596459645964400020002000200020002000200020002000200020048004900490049005200530054005500560056005600560056
2602010101010101010101010101010101010101010101010101010101010101010101010118011801180118011801180124012401240127012701290129013101310131013101310131013101310131013101310131013101310131013101310131013101310131013101310131013101310131013101310131
2603963996389638963996389638963896389637963796379638963796379637963796379637963796379636963696369636963696369636963696369636963696369636963696369635963596369635963596359635963696359635963596359635963596359635963596359635963496359634963496349634
2604963496349634963496349634963496349634963496349634963396349634963496349634963396339633963496349634963496339633963396339632963296329632963296329631963196319631963196319631963096319630963096309630963096309629963096299629962996299629962996289628
2605962896279627962796279627962796279626962796269626962696259625962596259625962596249624962496239623962396239623962396239622962296229622962296229622962296229622962296219621962196219621962196219621962196219620962196209620961996209619961996199619
2606961996199619961996199619961896199618961896189618961896189618961896179618961796189617961796179617961796179617961796179617961796179617961796179617961796179617961796179617961696179616961696169616961696169616961796179617961796169617961796179617
2607961696169616961696169616961696169616961696179617961796179617961796179617961796179617961796179617961796179617961796179617961796179617961796179617961796179618961896189618961896199619961996199619961996199619961996199619961996199619962096199620
2608962096209620962096209620962096209620962096209620962096209621 ///96219621962196219620962096209620962096209620962096209620962196219621962196219621962196219621962196219622962296229623962396239623962396239623962396239623962396239623962396239623
2609962396249624962496249624962396239623962496249624962596259625962596269626962696269626962696279627962796279627962896289628962996299629962996299629962996299629962996309630963096309630963196319631963196319631963196319631963196319632963296329632
2610963296339633963396339633963396339633963496349634963596349634963496349634963496359635963596359635963596359635963596359635963596359635963596359635963596359636963696369636963696369636963596359636963696369636963696369636963696369636963696359635
2611963696369636963696369636963696369636963696369636963696369636963696369636963696369635963596359635963596369635963596359635963596359636963596359635963596359635963496359634963496349635963596349634963496349634963496349634963496349633963396339633
2612963496339633963396339633963396339633963296339633963396339633963396329632963296329632963196319630963096309630962996299629 ///96299629962996299628962896289628962896289627962796279627962796279626962696269626962696269626962696259625962596249624
2613962496249624962496249623962396239623962296229622962296229621962196219621962196209619961996199619961996199618961896189618961796179617961796169616961696179616961696169616961596159615961496149614961396139613961396139613961396139613961396139612
2614961296129611961196109610961096099609960996089608960896089608960796079607960796079607960796079606960696069606960696069605960596059605960596049604960496039603960296029602960196029601960196019601960096009600959995999599959995999598959895989597
2615959695969596959695969596959695969596959695959595959595959595959495949594959495949594959395949594959495949594959495939593959395939593959395939592959295919591959195919591959195909590959095909590959095899589958995889588958895879588958795879587
2616958795869586958695869586958695869586958695859584958495849584958495849584958495849584958495849584958495849584958495839583958395839583958395839583958395839583958295829582958295829582 ///95829582958295829582958295819581958195819581958095809581
2617958195819580958095809580958095809580958095809579957995799579957995799579957995799579957995799578957895799578957995799579957995799579957995789579957995789578957895789578957895789578957895789578957895789578957895789578957895789578957895789578
2618957895789578957895789578957795779577957895779578957895779577957895779578957795789577957795779577957895779577957795779578957895789578957895789579957895789579957995799579957995809580958095809580958195819581958195819581958195819581958195819581
2619958195819581958195819581958195819581958195819581958295829582958295829582958295839582958295829583958395839583958395849584958495849584958595849584958595859585958595859586958695869586958695869587958795879587958795879587958795889588958895889588
2620958895899590959095909591959195919592959295929592959295929592959295929593959395939593959495949594959495959595959595959596959695969596959795979596959795979597959795979597959795979598959895989598959895999598959895989599959995999599960096009600
2621 ///96009600960196019601960196019602960296029602960296029603960396039603960396039603960396039603960396049604960596059605960696069606960696079607960796079607960796079607960896089608960896099609960996099609961096099610961096109610961196119611
2622961196129612961296129612961296139613961396139613961396139614961496149614961496149614961496149614961496149615961496159614961496149614961496149614961496149614961496159614961496159615961596159615961596159615961596159615961596159615961596159615
2623961696169616961696169616961696169616961696169616961696169616961696169616961696169616961796179617961796179617961796179617961796179617961796179617961796179618961896189618961896199619961996209620962096209621962196219622962296229622962396229623
2700962396239623962396249624962496249625962596259625962596259625962596259625962596259625962596259625962696269626962696269627962796279627962796279627962696279626962696279626962696279627962796279627962796279627962796279627962796279627962796279627
2701962796279627962796279626962696269626962696269626962696269626971096259626962696269625962596259625962596259625962596259625962596259624962496249624962396239623962396239623962296229622962296229622962296229622962296229622962296229622962196219621
2702962196219621962096209620962096209620962096209620962096199619961996199619961996199619961996199619961996199619961896189618961896179618961896179617961796179617961796179617961696179616961696169616961696169616961696169616961696159615961596159615
2703961496159615961596149614961496149614961496149614961496139614961396139613961396139613961396139613961296129612961296129612961296129612961296129612961296129612961296129611961296129611961296119611961196119611961196119611961096119610961096109611
2704961196119610961096109610961096109610961096099609960996099609960996099609960996099609960996099609960996099609960996099609960996099609960996099609960996099609960996099609960996099609960996099608960896089608960896089608960896089608960896089608
2705960796079607960896079607960796079607960796079607960696069606960696069606960696059606960596059605960596059604960496049604960496049604960396039603960396039603960396039603960396039603960396039603960396039603960396039603960396039602960396039603
2706960396039602960296039603960396039603960396039603960396039603960396039603960496049604960496049604960496039603960396039603960396039603960396039603960396039603960396039603960396039603960396039603960396029603960396039603960396039603960396039602
2707960296029602960296029602960296029602960296029601960296019601960196019601960196019601960196019601960196019601960296029602960296029602960296029603960396039603960396039603960396039604960496039604960496049604960496049604960496049604960496059605
2708960696069606960696069606960696069606960696069607960796069606960696079607960796079607960796079608960896089609960996099609960996109610961096109610961096109610961096119611961196119611961296129612961296129612961296129612961296139613   0 1039613
270996139613961396139613 /// ///961496149614961496149614   4080896159616961696169616 1079616 ///961696179616  989617  979617  98961796179617 100 100 1019618082896189618961896199618961996190828961996199619961996190852 158 1580855 1610801 160 160
2710 1109620   19620962096209621 102 1009621   1  9596219621  92  93  02962109159621962196219621962196219621 ///96229622962296229622 1850932093409340901 161 1610939 195 16109010901 20109010946 2069620 208 1619620 2160901 2150901 161 2170901 223
271196239623962396249623 ///100396249624962496249624962496241001 241 243 2459624  889624 ///10209624962496249624  869624  87 ///96249624  859624  889624  86 319962496249624962496249624  1410449624962496249624962496249624 29310551001 3031057 298
27129623  26 ///9623962396239623  869623  86  7996239623  809623  8196229622   1  7996229622962296229622962196211128962196219621962096209620 ///113496199618961896189618  8296181143961896189618  789618  869617  91961896179618  78  76  7896171153
27139616961796179617961696169616 ///961696169617961796171212 370120112011201 365 3541201 3471222122312241201 336 336  81  769613   5  7196139612  75  75  72961296129612961296129612961196119611961196109610961096109610 2549617 24012011257 2371201
2714960996099609  689609960896089608   4  7796071304  7396079607960796079606  83  82960696069606960696059605960513049605960596059604960596059605 204 2041337133713011340 234 234 2039609 2101301 239 20313011301134896031353 212 212 239130113581358
27159601960196019601960196019601 ///9601960196019601960196019601 213 209 207 215 20914191421 207 2061422 208 216 206 209142914201431 2191433 212143514361437 212 212 21214401420 22414441444 206142014481449 219144995959594959495949593959395939593
271695939593  7595939593959295939592  739592  779592  72959295929592  79  79  809592  789592959395929592959295929592959295929592959295929592 218 213 229 204 218 218 201 20015059592150515051546 198 20315489591 196 218 195 218 1951555 19515051552
271795909590959095909590959095909590959095909589958995899589 19116011601161616011618 1901621 189 193 188162016261601 186 1861601958816209588 1941601 183 18316201620 194 194162016431620 181 180 1801601 180 183 1801620 1941601 1941656160116201601
2718959195919591959195919591959195919591959195919591959195919591959195919591959195919591959195919591959195929592959295929592959295929592959295929592959295929592959295929592959295939593959395949594959495949594959495949594959495949594959495949594
2719959595959595959595959595959595959595959595959595959595959595959695969596959695979596959795969596959695969596959795979597959795989598959895989598959895989598959895989598959895989598959895989598959995999599959995999598959995989599959995999599
2720959995999599959995999599959995999599959995999600960096009600960196009600960096019601960196019601960196019601960196019601960196029602960196029601960196019601960196019601960196019601960196019601960196019601960196019602960196029602960296029602
2721960296029602960396039603960396039603960396049604960496059605960696069606960696069606960696069606960796079607960896089608960896099609960996099609961096109610961196119611961196119611961196129611961196129612961296129612961296129612961296129612
2722961196129611961196119611961196119611961196119611961296129612961296129612961296129612961296129613961396139613961396139613961496149613961496149614961496149614961496149615961496149614961596159615961596169616961696169616961796169616961696179617
2723961796189618961896199619961996209619962096209620962096209620962096209620961996199619961996199619961896189618961996189618961896179618961796179618961896199619961996209619962096209619962096199619961996199619961996199619961996199619962096209620
2800962096209620962096209620962096199619962096209619962096209620962096199620962096209620961996199619961996199618961896189618961896179617961896189618961896189617961896179617961796179617961796179617961796179617961796179617961796179617961796179617
2801961796179617961796179617961796179617961696169616961596149614961496149614961496149614961496149614961496149614961496149614961496149614961496159615961596169616961696179616961796179616961696169616961696169616961596159615961496149614961496149613
2802961396139613961396139613961396149614961396149614961496149613961396139613961396139613961396139613961396139613961396139613961396139613961296129612961296119611961196109611961096109611961096109610961096109610961196119610961196109610961096109610
2803961096109610961096109610961096109610961096109609960996099609960996089608960896089608960896089608960796079607960796079607960696069606960696069606960596069605960596059604960496049604960496049604960496049603960396029602960196019601960196019601
2804960196019600960096009600960096009599959995989598959895989597959795979597959695969596959695969596959695969596959695979597959795979597959795979597959795979596959695959595959595959595959595959595959595959595959595959594959495949594959495949594
2805959495949594959495949594959495949594959495949594959495949594959495949593959395939593959295929592959295929592959395939593959395939592959295929592959295919591959195919591959195929592959295919591959195919590959095909589958995899589958995899589
2806958995909590959095909590959195919591959195919591959195909590959095909590959095909590959095899589958995899589958995899588958995899588958895899588958995899589958995899589958995899589958995899589958995899589958995889588958895889588958895889588
2807958895889588958895889588958895889588958895889588958895889588958895889588958895889588958895889588958895899589958995889589958995899589958995899589959095909590959095919591959195919591959195919591959195919591959195919591959195919591959195919591
2808959295919592959295929593959395939593959395939593959495939594959495949594959495949594959595959594959595959595959595959595959595959595959595959595959595959595959595959595959595959595959595959595959595959595959595959595959695969596959795979597
2809959795979597959795979598959895989598959895989598959795979598959795989597959895989598959895989599959995999599960096009600959996009600960096009600960096009600960196009601960196019601960196019601960196019601960196019601960196019601960196019601
2810960196019601960196019602960296029602960296039603960396039603960396039603960396039603960396039603960396049604960496049604960496039604960396049604960496049604960496049604960496049604960496059605960596059605960596059606960596069605960596059605
2811960596059605960596059605960596059605960696069606960696069606960696069607960796079607960796079607960796079607960796079607960696079607960796079607960796079607960796079606960696069607960696079606960696079607960796079607960796079607960796079607
2812960796079607960796079607960796079607960796079607960696079607960696069606960696069606960696069606960696069606960596059605960596059605960596059605960596049604960496049604960396049603960396039603960396039602960296039602960296029602960296019601
2813960196029601960196019601960096009600960196019601960096009601960096009600960095999599959995999599959995999599959895989598959895979597959795979597959695969596959695959595959595959594959495949593959395939594959395939593959395939592959295929592
2814959295929592959295929591959195919591959195919591959195909590959095909590959095909590959095909589958995899589958995899589958995889681958895889588958995889588958895889588958895879587958795879587958795879587958795879586958695869586958695869585
28159585   0   0   0   0   0   0   0   0   0   0   0   0   0   0   0   0   0   0   0   0   0   0   0   0   0   0   0   0   0   0   0   0   0   0   0   0   0   0   0   0   0   0   0   0   0   0   0   0   0   0   0   0   0   0   0   0   0   0   0
2816   0   0   0   0   0   0   0   0   0   0   0   0   0   0   0   0   0   0   0   0   0   0   0   0   0   0   0   0   0   0   0   0   0   0   0   0   0   0   0   0   0   0   0   0   0   0   0   0   0   0   0   0   0   0   0   0   0   0   0   0
2817   0   0   0   0   0   0   0   0   0   0   0   0   0   0   0   0   0   0   0   0   0   0   0   0   0   0   0   0   0   0   0   0   0   0   0   0   0   0   0   0   0   0   0   0   0   0   0   0   0   0   0   0   0   0   0   0   0   0   0   0
2818   0   0   0   0   0   0   0   0   0   0   0   0   0   0   0   0   0   0   0   0   0   0   0   0   0   0   0   0   0   0   0   0   0   0   0   0   0   0   0   0   0   0   0   0   0   0   0  14   0   0   0   0   0   0   0   0   0   0   0   0
2819   0   0   0   0   0   0   0   0   0   0   0   0   0   0   0   0   0   0   0   0   0   0   0   0   0   0   0   0   0   0   0   0   0   0   0   0   0   0   0   0   0   0   0   0   0   0   0   0   0   0   0   0   0   0   0   0   0   0   0   0
2820   0   0   0   0   0   0   0   0   0   0   0   0   0   0   0   0   0   0   0   0   0   0   0   0   0   0   0   0   0   0   0   0   0   0   0   0   0   0   0   0   0   0   0   0   0   0   0   0   0   0   0   0   0   0   0   0   0   0   0   0
2821   0   0   0   0   0   0   0   0   0   0   0   0   0   0   0   0   0   0   0   0   0   0   0   0   0   0   0   0   0   0   0   0   0   0   0   0   0   0   0   0   0   0   0   0   0   0   0   0   0   0   0   0   0   0   0   0   0   0   0   0
2822   0   0   0   0   0   0   0  14   0   0   0   0   0   0   0   0   0   0   0   0   0   0   0   0   0   0   0   0   0   0   0   0   0   0   0   0   0   0   0   0   0   0   0   0   0   0   0   0   0   0   0   0   0   0   0   0   0   0   0   0
2823   0   0   0   0   0   0   0   0   0   0   0   0   0   0   0   0   0   0   0   0   0   0   0   0   0   0   0   0   0   0   0   0   0   0   0   0   0   0   0   0   0   0   0   0   0   0   0   0   0   0   0   0   0   0   0   0   0   0   0   0
2900   0   0   0   096279627962896279627962796279628962896289628962996299629962996289628962896289627962796279627962696279626962796269626962696259625962596259625962596249624962496239623962396229622962296229622962296229622962296229622962296219621
2901962196219621962296219621962196209620962096199619961996189618961896189618961896179616961696169615961496149614961496149614961496149614961496149614961496139613961396139613961396139612961296129612961296129612961296129612961296129612961296129612
2902961296129612961296129613961296129612961296129612961296129612961296129612961296139613961496789614961396139613961396129612961296129612961296129612961296129612961296119612961196119610961096109610961096109610961096109610961096109610961096109610
2903961096109611961196119611961196119611961196119611961196119611961196119610961096109610961096109610961096109610961096109610961096109610960996099608960896089608960896089608960896079608960896089608960896089608960896089608960896089608960896079607
2904960796079606960696069606960696069606960696069606960696069606960696069606960696069606960696069606960696069606960696069607960796069606960696069606960696069606960696069606960696079607960796089608960896089608960896099608960996089608960996089608
2905960896089608960896089608960896089608960896089607960896089608960896089608960896089608960896089608960896089608960896099608960996099609961096099610960996109610961096109610961096109610961096119611961196129611961196129612961196129611961196119611
2906961096109610961096109610961096109610961096099609960996109610961096119611961196119611961196129612961296129612961296129612961296129612961296129612961296129612961296129612961296129612961296129612961296129613961296129612961296139613961496149614
2907961496159615961596159615961596159615961596159615961696169616961596159615961696169616961696169616961596159615961596159615961596159615961596159615961596169616961796179617961796179617961896189618961896189618961896189618961896189618961896189618
2908961896189618961996199619961996199619961996199619962096199620962096209620962096209620962096219621962196219621962196219620962096219620962096219620962196219621962196219621962196219621962196219621962196219621962196219621962196219621962196899689
2909961996199619961996199619961996209619962096209620962096209620962096209621962196219621962196219621962096209621962096209621962096219621962196219621962196219621962196219621962196219621962196219621962196219621962196219621962196219621962196229622
2910962296229622962296229622962296229622962396239623962396239623962396239623962396239623962396239623962396239623962496249624962496249624962496249624962496249624962496249624962496249624962496249624962596259625962596259625962496249624962496249624
2911962496249624962496249624962496249624962396249624962496249624962496239623962396239624962496239624962396239623962396239623962396239623962396229622962296229622962196219621962096209620962096209620962096209620962096209620962096209620961996199619
2912961996199619961996199618961896189618961896189618961896189617961796179617 117 117 119 118 119 121 118 119 118 117 118 118 119 122 122 119 121 123 124 123 122 120 119 116 119 116 118 118 118 120 119 118 119 118 119 121 118 120 120 115 117 117
2913 115 115 117 114 115 116 118 120 120 118 118 120 119 116 118 117 117 117 119 119961196119610 119 1209610   2 11896099609 119 119 1179608123396079607960796079606  159606960696069606960696069606 2261245 248961312511245 230 22612141205 2301257
2914960296029601  70 1169601 611 1229600959995989599  16 120 ///9598959795979597959795969597   495969596959595959595959595951318   11318 2541334 257 260133713389602 275 276 276 2771301 278 2281347 2831348 285 286 286 282135195891356 271 3161359
29159588958714019587958795869586958695869586 3259585 290 3361401141514011415 3051419 30314011419141514011401 2771427 3501429 331 376140114331434 ///1436 329 325 358 3451441 315 3401441 345 290 287 28714341434 294 3301434 315 317143414011458 308
2916957495739573 1029573  149573 103957295729572  99 111 1109571 10295719571957195719571957095709569956995699569956995691526 279 2771532 27115101534 268 28415101510153915101510 255 2531510 252 327956515481510 246956515531552 3689565 2371558 327
29179564  209564956395639563956395639563 2241601 222 2211601 2191601 219 2471601 219 2181601 2181601160195611624 216 21416011601 21216301601 2111630 2351601 2071601 203 203 203164395611601 1991601 198164816481648165195601601 23516501656 195 195
29189559955995599559 ///9559  98   295589558  959558  979558 100  989559955895589558  95955995599559956095609560956095609561956195619562956295629562956295629563956395639563956395639563956395639563956395639563956395639563956395649564956395649564
2919956495649564956495649565956595659565956595659565956595659565956595659565956595659566956595669565956595669566956695669566956695669566956795679567956895689568956995699570957095709571957195719571957195719571957195729572957295729572957295729571
2920957195719571957295729572957395739573957395739573957395739573957495749574957495749574957495749574957495749574957595759575957595759575957595759575957695769576957595769576957695769576957695769577957795779577957795789578957895789578957895789578
2921957895789579957995799579957995809580958095809581958295829583958395839583958395839583958395839583958395839584958495859586958695869587958895889589959095909590959195929593959395939593959495949595959495959595959595959595959595969596959695969596
2922959695979597959895989599959995999599959995999599959995999599960096009600960096019601960196019601960196029602960296029602960396039603960496049605960696069607960796079608960896089609961096109610961096119611961196119611961196119611961196119612
2923961296129612961296139612961396129613961296129612961396139613961396149614961496149614961496149615961496149614961496149614961496149615961596149615961596159615961596159615961596159615961596169616961596159616961696169616961696169616961696169616
3000961696169616961696179616961796169616961796179617961796179617961796179616961696169616961696169616961696169616961696169616961696169616961696169616961696169616961696169616961696169616961696169616961696169615961596159615961596159615961596159615
3001961496149614961496149614961496139613961396139613961396139613961396139613961396139613961396139613961396149614961496149614961496149614961496149614961496149614961496139614961496149614961496149614961496159614961496149615961596159615961596149614
3002961496149615961596159615961596149614961496149614961496159615961596169615961596159615961596159615961596159615961596159615961696169616961696169616961796179617961696179616961696169615961596159615961496149614961496149614961496149614961496149614
3003961496139613961296119610961096119611961096109610960996099609960896099608960896089608960996089608960896089608960896089608960996089609960996099608960896089608960896089608960796089607960796079606960796069606960696079607960796089608960896089608
3004960796089608960896089608960896089608960896079607960896089608960896099609960996099609961096109610961096109610961096109610961096109610961096109610961096109610961096109610961096109610961096109609960996099609960996089608960896089608960896089608
3005960896089608960896089608960896089608960896089608960896089607960796079608960896079608960896089608960896089608960896089608960996099610961096109609960996109609960996099609960996099609960996099609960996099610961096109610961096109611961196119611
3006961196119611961196119611961196119611961196129612961296129612961296129612961296129612961396139613961396139613961496149614961496149614961496149614961496159614961496149614961496159615961596169616961696179617961696179617961796169617961796179617
3007961796179618961896179617961796179617961796179617961796189618961896189618961796179617961796179617961796179618961896189619961996199620962096209620962196219621962296229622962296229622962396239623962396239623962496249624962596269626962596269627
3008962796279627962796289628962896289628962896299629963096309631963196329632963296339633963396339633963396349634963496349634963496349634963496349634963596359635963696369636963696369636963696379637963796389638963896389638963896389639963996399640
3009964096409640964096419641964296429642964296439643964396439644964596459645964596469646964696469646964696469647964796489648964896489649964996499649964996509650965096509650965096499650964996489648964796479646964696459646964696469646964696479648
3010964896489649964996499649964996509651965196529652965296529653965396549654965596559655965596569656965796579657965796579657965796579658965896589658965896589658965896589658965996599658965996599658965896589658965896589658965896589658965896589659
3011965996589659965896599658965896589658965896589659965996599660966096609661966196629662966296629661966296629662966296629662966296629662966296629662966296629662966296629662966296629662966196619661966196619661966196619661966196619661966196619661
3012966196619661966196619662966296629662966396639663966396639663966396639663966396639663966396639663966396649664966496649664966496649664966496649664966496649664966496649664966396649664966396639663966396639663966396639663966396639663966396639664
3013966396639663966396639663966396639663966396639663966396639663966396639662966396629662966296629663966296629662966296629662966296629661966296629661966196619661966196619661966096609660966096619661966196609661966196619660966096609660966096609660
3014966096599659965896589658965896589659965996599659966096599659965896589657965896579657965796579657965796579657965796579658965796579657965796589657965796579657965796579656965696569656965696569656965596559655965596559654965496549654965396549653
3015965396539653965396539652965396529653965396529652965296529652965296529652965296529652965296519652965296529652965296519651965196519651965196519651965196509651965196519651965096509650965096509650965096509650965096509650965096509650964996499649
3016964996499649964996499648964996509649965096509650964996499649964896489648964896489648964796479648964796489647964796479647964796479647964795769647964896489648964896489647964796479647964896489647964796479647964796479647964796479647964796479647
3017964796479647964796479647964796479647964796479647964796489648964996499649964996499649964996509650964996509649964996499649964996509649965096509649965096509651965196519651965196519651965196529652965296529653965396549655965496559657965796579658
3018965896599660966196629663966396649666966796689668966896689669966896689667966796679666966696679667966796679667966796689668966896699670967096719672967296739673967496749675967596759676967796779677967796789678967996799680968096819681968196829682
3019968296829682968296829682968396839683968396849684968496849684968396839683968396839683968596859686968696869687968896889688968896889688968796869685968596859685968596859685968596879688968896899689968896899690969096909690969096909690969196909691
3020969196929692969396939693969396949694969496949693969496939694969496959695969696969697969896989698969896989698969996999699969996999699969996999699969997009700970097019701970297029702970297029702970295859702970397039703970497049705970597059705
3021970697069707970797079708970897089708970997109710971097119711971297129712971297139714971497149715971597159715971697169716971697169716971697179717971897189718971997199720972097209721972297229723972397239724972497249724972497259725972697279727
3022972797289729973097319732973397349736973797379738973897389738973897399739973997409740974097419741974297429743974397449745974697469747974797489748974997499749974997499750975097509750975097519751975197519751975197519751975197519751975197509750
3023975097509750974997499748974897489748974697469745974597459745974697459746974597459745974597469746974697469745974697469746974797469746974697459745974597449744974397429742974297429741974197429742974197409739973997389739973997399739973897389737
3100973897389738973697369736973697359735973597359734973497339733973397339734973397339731973197329732973197319731973297319731973197319731973197319731973197319731973197329732973397339734973497359735973597359736973697359736973797379737973797379737
3101973697379737973795969737973797379737973797379737973797379737973797379737973797379737973697369736973697379736973797379737973797379737973797379737973697379736973697379736973697379736973697369736973697369736973697369736973697379736973697369736
3102973697369736973597359735973597359735973597369735973697359735973597359734973497359735973597359735973597359735973597349735973597359734973497359735973597359735973597359735973597359735973597349734973497349734973497349733973397339733973397339733
3103973397339733973397339732973297329732973197319731973197319731973197319731973197319731973197319731973197319731973197319731973097309730973097309729973097309729972997299729973097309729972997299728972897289728972897289728972897289728972897289728
3104972897289728972897289728972897289728972897289727972797279727972797279726972697259725972597259725972497259724972497249724972397249723972397239722972297229722972297229722972297229721972197219721972097209720972097209720972097209720972097209720
3105972097209720972097209720972097209720972097209720972097199719971997199720971995709719972097209720972097199719971997199718971897189718971897189718971897189718971897189718971897189718971897179718971797189717971797179717971797179717971697179717
3106971797179717971797179717971797179717971797179716971697179716971797169716971697169716971697169716971697179717971797179717971797179717971797179717971797179717971797189718971897189718971897189719971897189718971897189718971897189718971897189718
3107971897189718971897179717971797189718971897189718971897189718971897189718971897189718971897189718971897189718971897189718971897189718971897189718971897189718971897189718971897189717971797179718971897189718971897189718971897189718971897189718
3108971897189718971897189718971897189718971897189718971897189718971897189718971897189719971897199719971997209720972097199719971997209719971997199718971897199719971997199719971997209720972097209720972097209719971997199719971997209719971997199719
3109971997189719971997199719971997189719971997199719971997209720972097209720972097209720972197219721972197209720972097209719972097209719972095849720972097209721972197219721972197219721972197219721972297229722972297229722972297229722972297229722
3110972297229722972297229722972297229722972297239723972397239723972297239723972297229722972297229722972297229722972297229722972197219721972197219721972197219721972197219721972097209720972097209720972097209720972097209720972097209720972097209719
3111971997199719971997189719971997199719971997199719971997199719971997199719971997189719971897189719971997199719971997199719971997199719971997199719971997199718971897189718971897189718971897189718971897179718971897179717971797179717971797179717
3112971797169717971697169716971697169716971597159715971597159715971597159715971597149714971497139713971397139713971397129713971297129711971197119711971197109710971097109710971097099709970997089709970897089708970797089707970797069706970697059705
3113970597059705970597059704970497049704970397049703970397039702970297029702970297019701970197019700970096999699969996999699969896999698969896989697969796979696969696969696969596959695969496949694969496949693969396929691969196929691969196909690
3114969096899688968896889688968896889688968896879687968796869686968696869686968596859684968396839683968396839683968296829682968196819680968096799679967996789678967796779677967796779676967696769676967696769676967596759675967596759675967596749674
3115967496739673967396729672967296719671967196719671967096709670966996699669966896689668966796679667966796669666966696659665966596649665966496649664966396639663966396629661966196619661966196619660966096609660966096609660966096609659965896589658
3116965896599658965896589658965896579657965796569656965696569656965596559655965596549654965496539653965396539653965396539652965396539653965296529652965296529652965196519651965196519651965096499649964996499649964996489648964896489648964796479647
3117964696469645964696469645964596459645964496449643964296429642964296429642964196419641964196419641964196419640964096409640963996409639963996399639963996399639963896389638963896389638963896389637963796379636963696369636963696369636963696369636
3118963696369636963696369635963596359635963596359634963496349634963496349634963496339634963396339633963396339633963396339633963396339632963396339633963396339632963296319631963196319631963296329632963196329631963196319632963196319631963196319631
3119963196309630963096299629962996299630963096299629962996299628962996299629962996299629962896289628962896299628962996299629962896289629962896289628962896289628962896289628962896289628962896289628962896289628962896289628962896289628962896289628
3120962896299629962996299629962996299629962896289628962896289628962896289628962896289628962896289628962896289628962896289628962896289628962896299629962996299629962996309630963096309630963096309630963096319631963196329631963196329632963296329632
