58265 2012   061213603204   65   24 6670   55    1--------------------------------------------------------------------------------------------------------------------------------------------------------------------------------------------------
3121 192 192 191 190 190 190 190 190 190 190 190 189 188 188 187 187 187 187 187 187 187 187 187 187 187 187 186 186 186 185 185 185 184 183 183 182 182 182 181 181 181 180 179 179 180 180 181 181 181 181 181 181 181 181 181 182 182 182 182 182
3122 182 181 181 181 180 180 180 180 180 180 180 180 180 180 180 179 179 179 179 178 178 177 177 177 176 176 176 176 176 175 175 175 176 176 176 175 176 175 175 175 175 174 174 175 175 175 175 175 175 175 175 175 175 175 175 176 176 176 176 176
3123 176 176 176 175 175 175 176 176 175 176 175 175 175 175 174 175 174 174 175 175 175 175 175 175 175 175 175 175 175 175 175 175 175 175 175 175 175 174 175 175 175 175 175 175 175 175 175 175 175 175 175 175 175 175 175 175 175 175 175 175
0100 175 175 175 175 175 175 175 175 174 174 174 175 175 175 175 175 175 175 175 175 175 175 175 175 175 175 175 175 175 175 175 176 176 176 175 175 175 175 175 175 175 174 175 174 174 174 174 174 174 174 174 174 174 174 174 174 174 174 174 174
0101 174 174 174 174 174 174 174 175 174 174 174 174 174 175 175 175 175 175 175 175 175 175 175 175 175 174 175 175 174 174 174 174 174 174 174 174 174 174 174 174 174 174 174 174 174 174 174 174 174 174 174 173 174 174 173 173 173 173 173 173
0102 173 173 173 173 173 173 173 173 173 173 173 173 173 173 173 173 173 173 173 173 173 173 173 173 173 173 173 173 173 173 173 173 173 173 173 173 173 173 173 173 173 172 172 172 172 172 172 172 172 172 172 173 172 173 173 173 173 173 173 173
0103 172 172 173 172 173 173 173 173 173 173 173 173 173 173 173 172 172 172 171 170 170 169 169 168 168 168 168 168 167 167 167 167 167 167 167 167 167 167 167 167 167 167 167 167 167 167 167 167 167 167 167 167 167 167 167 168 168 167 167 168
0104 168 168 168 168 168 168 168 168 168 168 168 168 168 168 169 169 169 169 169 169 169 169 169 169 169 169 169 169 169 169 169 168 168 168 168 168 168 168 168 168 168 168 168 167 167 166 166 166 166 166 165 166 165 165 165 165 165 165 165 165
0105 165 165 165 165 165 165 165 165 165 166 166 166 165 165 165 165 165 165 165 165 165 165 165 165 165 165 165 165 165 165 165 165 165 165 165 165 165 165 165 165 165 166 166 166 166 166 166 166 166 166 166 166 166 166 166 166 166 166 166 166
0106 166 166 166 166 166 166 166 166 166 167 166 166 167 167 167 167 168 168 167 167 167 167 167 167 167 167 167 167 167 167 167 167 167 167 167 167 167 167 167 167 167 167 167 167 167 167 167 167 167 167 167 167 167 167 168 168 167 168 168 168
0107 168 168 168 168 168 168 168 168 168 168 168 169 169 168 169 168 168 168 169 169 169 169 169 169 169 169 169 169 169 169 169 169 169 170 170 169 170 170 170 170 170 170 170 171 171 171 171 171 170 170 170 170 170 170 171 171 171 171 171 171
0108 171 172 172 172 172 173 173 173 173 173 173 173 173 173 173 173 174 174 174 173 173 173 174 174 174 175 175 175 175 175 174 175 175 175 175 175 175 176 176 176 177 177 177 178 179 178 178 178 179 179 180 180 180 180 180 180 181 181 181 181
0109 181 182 183 184 183 184 183 184 183 184 184 185 185 185 185 185 186 186 186 187 187 186 187 189 190 190 189 189 189 190 190 190 191 192 193 194 194 194 195 194 193 191 190 191 190 190 191 191 192 192 193 193 193 193 193 194 195 196 196 197
0110 197 197 198 197 196 197 197 196 196 196 196 196 199 201 201 201 201 201 202 201 200 200 201 201 202 205 207 210 212 209 208 206 206 207 207 207 206 204 203 203 204 207 209 209 209 209 207 208 208 206 205 204 203 203 203 202 203 203 203 204
0111 205 206 206 205 206 206 206 206 207 209 208 209 211 212 209 208 208 207 207 208 210 210 210 210 209 211 210 212 214 216 218 221 223 224 223 221 219 217 216 217 216 216 216 215 214 215 215 215 216 217 218 218 218 221 223 224 224 224 223 222
0112 221 219 219 218 218 220 220 219 218 218 218 219 221 221 221 219 218 218 217 217 219 219 219 219 219 220 219 218 220 219 220 220 218 218 218 218 218 219 220 220 221 220 220 221 224 226 227 226 226 227 226 226 226 224 222 222 223 223 222 221
0113 222 224 224 224 224 223 223 223 224 225 226 228 228 229 228 226 224 224 226 228 231 231 232 233 230 229 229 230 231 231 231 232 232 234 234 235 238 239 241 239 237 237 237 238 237 237 236 235 234 233 234 235 234 233 234 235 235 236 235 236
0114 238 240 242 242 239 237 238 238 238 237 235 236 237 236 239 241 242 241 240 240 240 238 237 237 238 238 238 238 237 237 237 237 237 237 238 238 238 237 237 237 238 238 239 239 240 240 240 240 242 242 242 242 241 243 244 245 246 246 247 247
0115 243 244 244 246 247 247 247 246 245 246 247 248 249 249 247 247 248 247 246 246 246 246 246 248 249 250 249 249 248 248 250 249 248 249 249 248 249 252 254 256 257 257 253 254 252 251 250 249 250 250 251 252 251 251 249 247 248 249 250 250
0116 251 252 253 254 255 256 257 256 257 258 257 258 257 255 255 254 253 252 253 254 254 254 255 255 254 254 255 255 254 253 252 251 250 250 250 251 253 254 253 255 256 255 254 253 254 255 256 256 255 253 252 252 254 254 254 254 253 253 254 254
0117 253 252 252 253 253 252 251 251 250 250 251 250 250 251 253 255 257 259 257 254 252 252 251 250 250 249 249 250 250 250 251 251 251 250 250 250 251 252 252 254 254 253 252 253 252 252 253 253 251 251 250 250 249 249 249 250 251 251 250 249
0118 249 249 250 251 251 251 251 250 250 250 251 251 251 251 250 250 250 248 247 247 247 247 248 248 248 249 249 249 248 248 249 249 249 249 249 248 248 248 247 246 246 245 245 245 245 245 245 245 245 245 245 246 246 247 248 249 249 249 249 249
0119 249 248 247 247 247 247 247 246 246 246 246 246 246 245 245 245 245 245 245 244 244 244 243 243 244 244 244 244 244 244 244 245 245 245 245 244 244 244 244 244 243 243 243 243 243 243 243 243 242 242 242 242 242 241 241 240 240 241 241 241
0120 241 241 241 240 241 241 240 240 241 240 241 241 240 240 240 240 239 239 239 239 239 239 238 238 238 238 238 238 238 238 237 237 237 238 237 236 236 236 235 235 234 234 233 233 233 234 234 234 234 234 233 232 232 231 231 231 231 230 231 231
0121 231 230 231 231 230 230 230 230 230 231 231 230 229 228 227 227 227 227 227 227 228 228 228 229 229 229 228 228 229 228 228 228 228 228 228 227 226 226 226 226 226 226 226 226 227 227 227 226 227 226 225 225 224 224 223 222 222 222 221 221
0122 221 221 220 220 220 220 219 219 218 217 217 216 215 215 215 215 215 215 214 214 214 214 213 213 212 212 211 210 209 209 208 207 207 207 207 206 206 205 205 205 204 204 204 205 205 207 207 207 207 206 206 205 206 206 206 206 206 207 208 210
0123 212 213 214 216 216 216 215 215 215 215 214 213 212 211 211 210 210 210 210 210 211 210 211 211 212 212 213 215 215 217 219 220 220 221 222 221 221 222 223 223 222 223 222 222 223 222 223 223 224 224 224 223 222 222 221 221 220 219 219 220
0200 220 220 219 218 219 219 220 220 220 221 220 220 219 220 220 220 220 220 220 220 219 219 217 217 216 214 213 212 210 210 208 207 207 207 206 205 205 205 205 205 205 204 204 204 204 203 203 203 203 203 203 202 202 201 201 201 201 201 200 200
0201 200 200 200 200 199 199 198 199 199 199 199 199 199 199 199 198 199 199 198 198 198 198 198 198 197 197 196 196 196 196 196 195 196 196 196 196 197 197 197 198 197 197 197 197 197 198 200 201 203 206 207 208 208 209 209 208 208 207 207 207
0202 207 208 209 209 210 210 211 211 212 212 213 213 213 213 213 213 212 213 212 212 211 211 211 210 210 209 209 209 209 208 208 207 207 206 205 205 205 204 203 203 203 202 202 201 201 200 199 199 200 201 202 202 202 202 202 202 202 201 202 203
0203 204 203 202 202 201 201 200 200 200 199 200 201 203 204 205 205 206 206 206 207 207 206 206 205 205 205 204 204 203 202 202 201 201 200 200 200 200 200 200 200 200 199 198 198 197 197 197 196 196 195 195 195 194 194 194 194 193 193 193 192
0204 192 192 191 191 191 190 190 189 189 189 189 189 189 189 189 189 189 189 188 188 188 188 188 187 187 187 187 187 187 186 186 186 186 186 186 186 186 186 186 186 186 185 185 185 185 185 185 185 185 185 185 185 185 185 185 185 185 185 185 185
0205 184 184 184 184 184 184 184 184 184 184 184 184 185 185 185 185 185 185 185 186 186 186 186 187 187 187 187 187 187 187 187 187 187 187 187 187 187 187 187 187 187 188 187 187 188 187 187 188 188 187 187 187 187 187 187 187 187 187 187 187
0206 187 187 187 187 187 187 187 186 186 186 186 186 186 186 186 186 186 186 186 186 186 186 186 186 186 186 186 186 186 186 186 186 186 186 186 186 186 186 186 186 186 186 186 186 186 186 186 185 185 186 186 186 186 186 186 186 186 186 186 186
0207 186 186 186 185 185 185 185 186 185 185 185 185 185 185 185 185 185 185 186 186 186 186 186 186 190 185 186 186 186 186 186 186 186 186 186 186 186 186 187 187 187 187 187 187 187 188 188 188 188 188 189 189 189 190 190 191 192 192 192 192
0208 192 192 193 193 194 194 194 195 195 195 196 196 196 197 198 198 199 200 200 200 200 200 201 201 201 201 201 201 202 202 202 202 202 202 202 202 203 203 203 203 203 203 203 203 203 203 204 204 204 204 204 204 204 204 204 205 204 204 204 204
0209 205 205 205 205 205 206 206 206 207 207 208 209 210 211 212 213 213 213 213 212 212 213 214 214 214 214 214 215 215 216 216 216 216 215 215 214 213 214 214 215 215 215 215 215 215 215 215 216 217 218 220 220 220 220 220 220 219 219 219 221
0210 222 221 221 221 221 221 222 221 222 223 224 225 225 225 225 226 226 226 226 226 227 226 226 225 225 226 227 228 228 228 228 228 230 230 230 231 232 233 233 233 233 232 231 231 232 231 231 231 232 233 234 234 234 235 235 235 236 235 234 234
0211 233 232 233 234 234 234 234 234 234 234 235 235 235 237 236 236 236 236 237 238 241 243 242 240 240 242 243 243 243 244 243 242 242 242 242 240 240 239 239 246 239 240 238 238 239 241 241 240 240 239 239 239 239 240 242 242 242 241 240 240
0212 240 240 240 240 240 240 241 242 242 242 242 242 242 243 243 243 243 244 244 244 244 244 244 244 244 244 245 246 248 250 252 252 253 252 253 252 249 248 248 249 249 248 248 249 251 251 252 254 257 257 255 254 251 250 249 250 249 248 249 249
0213 250 251 250 250 250 251 251 251 249 248 248 248 247 247 248 248 248 247 248 248 248 248 247 246 246 246 247 248 250 249 249 248 249 250 250 250 251 252 253 251 250 249 251 252 251 250 250 249 249 250 249 249 249 250 252 253 253 254 255 256
0214 256 255 254 252 252 253 252 250 250 251 251 251 250 250 250 249 250 250 251 251 250 250 251 251 251 251 250 249 249 248 247 247 247 248 248 249 248 248 248 249 251 251 252 252 251 251 251 252 252 251 252 252 252 252 253 252 251 251 251 250
0215 249 248 248 248 249 249 249 250 249 249 250 250 251 251 250 250 250 250 250 251 251 252 253 253 253 253 253 253 253 252 253 253 252 251 251 251 252 252 252 252 252 253 253 253 253 254 255 256 257 257 256 257 258 259 265 262 263 263 261 261
0216 261 261 261 258 257 257 256 257 258 259 260 259 260 261 261 259 258 258 257 256 255 254 254 254 254 253 253 253 253 253 253 255 256 256 256 256 255 255 254 254 255 257 257 257 256 256 254 253 253 254 254 253 254 253 254 254 254 253 253 252
0217 252 252 252 252 251 251 250 250 250 249 249 249 249 248 248 248 247 247 246 246 246 245 245 245 245 245 245 245 246 246 246 246 246 246 246 246 246 245 245 245 245 244 244 244 244 243 243 243 243 243 242 242 242 242 242 241 241 241 241 241
0218 241 241 240 240 240 240 240 240 240 240 239 239 239 238 238 237 236 235 234 233 233 233 232 232 232 232 232 232 232 232 232 232 232 232 233 233 233 233 233 233 234 234 234 235 235 235 235 235 235 235 236 236 236 236 236 237 237 237 237 237
0219 237 236 236 236 236 236 237 237 237 237 237 237 237 237 237 237 237 237 237 237 237 237 237 237 237 237 236 236 236 236 236 236 236 236 236 236 236 236 236 236 236 236 235 235 235 235 235 235 235 235 235 235 235 235 235 234 234 234 234 234
0220 234 234 234 233 233 233 233 233 232 246 232 232 232 232 232 232 232 232 231 231 231 231 231 231 231 231 231 231 231 231 231 230 231 230 230 230 230 230 229 229 229 229 228 228 228 228 228 228 228 228 228 228 228 228 228 228 228 228 228 228
0221 228 228 228 228 228 228 228 228 228 228 228 228 228 228 228 228 228 228 227 227 227 227 227 227 227 227 227 227 227 227 227 227 227 227 227 226 226 226 226 226 226 225 225 225 225 224 224 223 223 222 221 220 219 218 217 217 216 216 216 215
0222 215 215 215 214 214 214 213 213 212 211 211 210 209 209 208 208 207 207 206 206 206 205 205 204 204 204 204 204 204 203 203 203 202 202 202 202 202 202 202 202 202 202 202 202 202 201 201 201 202 201 201 201 201 201 201 201 201 201 200 200
0223 200 201 201 201 201 201 201 201 201 201 201 201 201 201 201 201 202 202 202 202 203 203 203 202 202 202 203 203 204 204 204 204 203 204 204 203 203 203 203 203 203 203 203 203 203 202 202 202 202 202 202 202 202 202 201 201 201 201 201 201
0300 201 201 201 201 201 201 200 200 199 199 199 198 198 198 197 197 196 196 196 195 195 194 194 194 194 194 193 193 192 193 192 191 192 191 191 191 191 190 189 188 188 187 187 186 186 185 185 185 185 185 184 184 184 184 183 183 182 182 182 182
0301 182 182 182 181 181 181 181 181 181 181 181 180 180 180 180 180 180 180 180 180 180 180 180 180 179 179 179 179 179 179 179 179 179 179 179 179 179 179 179 179 179 179 179 179 179 179 179 179 179 179 179 179 179 179 179 180 180 180 180 180
0302 180 180 180 180 180 181 181 181 181 181 181 181 181 181 181 181 181 181 181 181 181 181 181 181 181 181 181 181 181 181 181 181 181 181 181 181 181 181 181 181 182 181 181 181 181 181 181 181 181 181 181 181 181 181 181 181 181 181 181 181
0303 181 181 181 181 181 180 180 180 180 180 180 180 180 180 180 179 179 179 179 179 179 179 179 179 179 179 179 179 179 179 178 179 179 178 178 178 178 178 179 178 178 178 178 178 178 178 178 178 178 178 178 178 179 179 179 179 179 179 179 179
0304 179 179 179 179 179 179 179 179 179 179 179 179 179 179 179 179 179 179 179 179 179 179 179 179 179 179 179 179 179 179 179 179 179 179 179 179 179 179 179 179 178 178 178 179 179 179 179 179 179 179 179 179 179 179 179 179 179 179 179 179
0305 179 179 179 179 179 179 179 179 179 179 179 179 179 179 179 179 179 179 179 179 179 179 179 179 180 180 180 180 180 180 180 180 180 180 180 180 180 180 179 179 179 179 179 179 179 179 179 179 179 178 178 178 178 178 178 178 178 178 178 178
0306 178 178 178 178 178 178 178 178 178 178 178 178 178 178 178 178 178 178 178 178 178 178 178 178 178 178 178 178 178 178 178 178 178 178 178 178 178 178 178 178 178 177 177 177 177 177 177 177 177 177 177 177 177 177 177 177 177 177 177 177
0307 177 177 177 177 177 177 177 176 176 176 176 176 176 176 176 177 176 176 177 177 177 177 177 177 177 177 177 177 177 177 177 177 177 177 177 177 177 177 177 177 177 177 177 176 176 177 177 176 176 176 176 177 177 177 177 177 177 177 177 177
0308 177 177 177 177 177 177 177 177 178 177 177 177 178 177 178 178 178 178 178 178 178 178 178 178 178 178 178 178 179 178 178 178 178 179 179 179 178 179 179 179 179 178 179 179 179 179 179 179 179 179 179 179 179 179 179 179 179 179 179 179
0309 179 179 179 179 179 179 179 179 179 179 179 179 179 179 179 179 178 178 178 178 178 177 178 178 178 178 178 178 178 178 178 178 179 178 178 178 179 179 179 179 179 179 179 179 179 179 179 180 180 180 181 181 181 180 180 181 181 181 181 181
0310 181 181 181 181 181 181 181 181 181 181 181 181 181 181 181 181 182 182 182 182 182 182 182 183 183 182 183 183 183 184 184 184 183 183 183 184 184 184 185 184 184 183 184 184 184 184 184 184 184 184 185 185 185 185 185 186 185 185 185 185
0311 185 185 186 186 185 185 185 185 185 186 186 186 186 185 185 185 186 186 186 186 186 187 187 186 187 187 187 187 187 188 187 187 187 187 187 186 187 187 187 188 188 188 187 187 187 187 187 187 186 186 187 187 188 188 188 188 188 188 187 187
0312 187 187 187 187 187 187 187 187 187 187 187 187 187 186 187 187 186 186 186 186 186 186 186 186 186 186 186 186 185 185 186 186 186 186 186 185 186 186 186 187 186 186 186 186 186 186 186 185 185 185 184 184 184 184 184 183 184 184 184 184
0313 184 183 183 184 183 183 183 183 183 183 183 184 184 183 183 183 183 183 183 183 183 183 182 182 182 182 183 182 182 182 182 182 182 182 182 182 181 180 181 181 181 180 181 181 181 181 181 181 181 181 181 181 181 180 180 181 181 181 180 180
0314 180 180 180 180 180 179 180 180 180 180 180 180 179 179 180 179 179 178 178 178 179 179 179 179 179 179 179 179 180 180 181 181 182 182 182 182 182 182 182 183 183 182 182 182 182 183 183 184 184 184 184 184 182 182 182 182 182 182 182 182
0315 182 183 183 183 184 185 185 186 186 186 187 187 186 186 187 188 187 187 188 187 187 187 187 187 187 187 188 188 188 189 189 189 189 188 188 188 187 188 188 187 188 188 188 187 187 188 188 188 189 189 189 189 189 189 189 190 190 191 191 191
0316 192 192 192 193 193 193 193 193 193 194 193 193 192 193 194 194 193 194 193 193 193 194 194 194 194 194 194 194 194 195 195 195 195 196 196 195 194 194 194 193 194 195 195 195 195 194 195 194 194 194 195 195 195 196 196 195 196 196 196 196
0317 195 195 195 196 196 196 196 197 197 197 196 196 196 196 197 197 196 197 197 197 197 197 197 197 197 197 198 197 197 197 197 197 197 197 198 198 198 198 198 198 198 198 198 199 198 199 199 199 199 199 199 199 199 199 199 200 199 199 199 200
0318 200 200 199 199 198 199 199 199 198 199 199 199 199 198 198 199 199 198 199 199 199 198 198 198 199 199 199 200 200 200 199 199 199 199 199 199 199 199 199 199 199 199 199 199 199 199 199 199 199 200 200 200 200 200 200 200 200 200 201 200
0319 200 200 200 200 201 200 200 200 200 200 200 200 200 200 200 200 200 200 200 200 201 200 200 200 200 200 201 200 200 200 200 199 200 200 200 200 200 200 200 199 200 200 200 200 200 200 200 200 199 199 200 199 199 199 198 198 198 198 198 197
0320 196 197 197 197 197 197 196 196 196 196 196 195 195 195 195 195 195 194 194 194 194 193 193 193 192 191 190 191 192 192 191 191 191 191 191 191 190 189 189 189 190 190 190 190 190 189 189 189 189 188 189 189 189 189 189 189 190 190 190 190
0321 190 190 190 190 190 190 190 190 189 189 189 189 190 190 190 190 189 189 189 189 189 189 189 188 188 188 188 188 188 188 188 188 188 188 188 188 188 188 188 188 187 187 187 187 187 187 187 188 188 187 187 187 187 187 187 187 187 187 187 187
0322 187 187 187 187 187 187 187 187 187 187 187 187 187 187 187 187 187 187 187 187 187 187 187 187 187 187 187 187 187 187 187 187 186 186 186 186 186 186 186 186 187 186 186 186 186 186 186 186 186 186 186 186 186 185 186 186 186 185 186 186
0323 186 186 186 186 186 186 186 186 186 186 186 185 185 185 185 185 185 185 185 185 185 185 185 185 185 185 185 185 185 185 185 186 185 186 185 185 186 186 186 186 186 186 185 185 186 186 185 185 185 185 185 185 185 185 185 185 185 185 185 185
0400 185 185 185 185 185 185 185 185 185 185 185 185 185 184 184 185 185 185 185 185 185 185 185 185 185 185 185 185 185 185 185 185 185 185 185 185 184 184 185 184 184 184 184 184 185 185 185 185 185 185 185 185 185 185 185 185 185 185 185 185
0401 185 185 185 185 185 186 186 186 186 186 186 186 186 186 186 186 186 186 186 186 186 186 186 186 186 186 186 186 186 186 186 186 186 186 186 186 186 186 186 186 186 185 186 186 185 185 186 185 185 185 186 186 185 185 185 185 185 185 185 185
0402 185 184 185 185 185 185 184 184 185 185 184 184 184 184 184 184 184 184 184 184 184 185 185 185 184 184 184 184 184 184 184 184 184 184 184 184 184 184 184 184 184 184 184 184 184 184 184 184 184 184 184 184 183 184 184 184 184 184 184 184
0403 184 184 184 184 184 184 184 184 184 184 184 184 183 183 183 183 183 183 183 183 183 183 183 184 183 183 184 184 184 183 184 184 184 184 184 184 184 184 184 184 184 184 184 183 183 183 183 183 183 183 183 183 183 183 183 183 183 183 183 183
0404 183 183 183 183 183 183 183 183 183 183 183 183 183 183 183 183 183 183 183 182 183 183 183 183 183 183 183 183 183 183 183 183 183 183 183 183 183 182 182 182 182 182 182 183 183 182 182 182 182 182 182 182 182 182 182 182 183 183 183 183
0405 183 183 183 183 183 182 182 182 182 182 182 182 182 182 182 182 182 182 182 183 182 182 182 182 182 182 182 182 182 182 182 182 181 181 182 181 181 181 182 182 182 182 182 182 182 182 182 181 181 182 181 181 181 181 181 182 182 182 182 182
0406 182 182 182 182 182 182 182 182 181 181 181 181 181 181 181 181 181 181 180 180 180 179 179 179 179 180 180 180 180 180 180 180 181 181 180 180 180 180 180 180 180 180 180 180 180 180 180 180 180 180 180 180 180 180 180 180 180 180 180 181
0407 181 181 181 181 180 180 180 180 180 180 180 180 180 180 180 180 180 180 180 180 181 181 181 181 181 181 182 182 182 182 182 181 181 182 182 182 182 182 182 183 183 183 183 183 183 183 183 183 183 183 183 183 183 183 183 183 183 183 183 183
0408 183 183 183 183 184 184 185 185 185 185 185 186 186 186 186 186 186 186 187 187 188 188 188 189 190 189 188 187 186 185 185 186 186 186 187 187 188 188 187 186 187 188 188 189 188 188 188 189 189 189 190 191 191 191 191 190 191 190 189 189
0409 190 190 190 190 191 192 192 192 191 191 191 191 192 191 192 193 193 193 193 194 194 195 195 195 195 195 189 195 195 195 196 197 197 197 197 197 197 198 198 198 199 200 200 200 201 201 201 202 203 204 204 204 205 205 205 204 204 203 203 204
0410 204 204 204 204 204 204 205 205 205 206 206 207 207 207 206 205 205 205 205 206 206 206 206 207 208 208 209 209 208 208 208 208 208 208 208 207 206 207 207 207 206 207 208 209 210 211 212 213 213 213 213 213 213 212 212 212 212 213 215 215
0411 217 218 219 220 219 218 218 218 218 218 218 219 220 220 220 220 221 220 220 221 220 220 220 219 220 220 220 219 219 219 219 219 221 221 221 221 221 220 221 222 222 223 224 226 228 227 226 225 225 224 224 223 224 223 222 221 221 222 222 223
0412 223 224 225 227 228 227 226 225 224 225 225 225 225 225 225 226 226 226 227 228 228 230 231 232 233 233 233 231 230 230 231 231 232 232 232 232 232 232 234 233 233 234 236 237 237 237 235 233 233 233 232 232 232 233 234 233 232 232 231 232
0413 233 234 233 234 233 232 233 234 236 237 239 239 237 236 237 238 236 236 234 234 234 235 235 237 237 237 237 236 236 235 236 238 240 241 243 242 242 241 240 240 241 240 242 243 240 239 239 239 239 239 239 238 238 237 237 237 238 239 239 238
0414 237 237 236 235 235 235 236 236 236 236 236 236 236 236 237 238 239 240 240 241 242 243 242 240 240 240 239 239 240 240 240 240 241 241 242 243 243 242 240 239 240 240 239 239 238 238 239 239 237 237 237 236 236 236 236 236 236 236 236 236
0415 235 234 235 235 235 235 235 236 236 236 236 237 236 236 235 236 236 235 234 234 234 234 234 233 233 234 234 233 233 233 233 233 233 233 233 234 234 233 233 233 233 233 233 233 233 232 230 228 227 227 226 226 225 225 226 226 225 225 225 224
0416 224 223 224 223 223 223 223 223 223 223 223 223 223 223 223 223 223 224 224 225 225 226 226 226 226 226 225 226 226 225 225 225 225 225 224 224 224 223 223 223 223 223 223 223 223 223 223 223 222 222 222 222 223 223 222 222 222 221 220 220
0417 220 219 218 218 218 217 217 217 216 216 215 214 213 213 212 211 211 210 210 209 209 208 208 208 208 208 207 208 208 207 207 208 208 208 208 208 208 208 208 208 208 209 209 208 209 208 209 209 209 209 209 209 209 209 209 209 260 209 209 210
0418 210 210 210 210 211 210 211 211 211 211 212 212 212 212 212 212 212 213 213 213 213 213 214 213 213 213 213 213 213 214 214 213 214 214 214 214 214 214 214 214 214 214 214 214 214 214 215 215 215 214 215 215 215 215 215 215 215 216 216 216
0419 216 216 216 216 216 217 216 217 217 217 218 217 217 217 217 217 216 216 217 217 217 217 217 217 216 216 217 216 217 216 216 216 216 216 215 216 216 216 216 216 216 215 215 215 215 215 215 215 215 214 214 214 214 213 213 213 212 212 212 212
0420 212 211 211 211 211 211 211 211 211 211 211 211 210 210 209 209 208 208 208 207 207 206 206 206 206 205 205 205 205 205 204 204 204 204 204 204 204 204 203 203 203 203 203 203 203 203 202 202 202 202 202 202 201 201 201 201 201 201 201 200
0421 200 200 200 200 200 200 200 200 200 199 200 199 199 199 199 199 199 199 199 199 199 199 199 199 199 199 199 199 199 199 199 199 199 198 198 198 198 199 198 198 198 198 198 198 198 198 198 198 198 198 198 198 198 198 198 198 199 199 199 199
0422 199 199 199 199 199 199 199 199 199 199 199 238 199 199 199 199 199 199 199 199 199 199 199 199 199 199 199 200 200 200 200 200 199 199 199 199 199 200 200 199 199 199 199 199 199 199 199 199 199 199 199 199 199 199 199 199 199 199 199 199
0423 199 198 198 198 198 198 198 197 197 197 198 197 197 198 197 197 197 198 198 198 197 197 197 197 197 197 197 197 197 197 197 197 197 197 197 197 197 197 197 197 197 197 197 197 197 197 197 197 197 197 197 197 197 197 197 197 197 197 197 197
0500 197 196 196 196 197 197 196 196 197 196 196 196 196 196 196 196 196 196 196 196 196 196 196 196 196 196 196 196 196 196 196 196 196 196 196 196 196 196 195 195 195 195 195 196 196 196 196 195 196 196 196 196 196 197 197 196 196 196 196 196
0501 196 196 196 196 197 198 198 198 198 198 198 198 198 198 198 198 197 197 197 197 197 197 197 197 197 197 197 196 196 196 196 196 196 196 196 196 196 196 196 196 196 196 196 196 196 196 196 196 196 195 195 196 195 195 195 195 196 196 196 196
0502 196 196 196 196 196 196 197 197 196 196 196 196 196 196 196 196 196 196 195 195 195 196 195 195 195 195 218 195 195 195 195 195 195 195 195 196 196 196 195 196 196 195 195 195 195 195 195 195 195 196 195 195 195 195 196 196 196 196 195 195
0503 195 195 195 195 195 195 195 195 195 195 195 195 195 195 194 194 194 194 194 194 194 194 193 193 193 194 194 194 193 193 193 193 193 193 193 193 193 193 192 192 192 193 193 193 193 193 193 193 193 193 193 193 193 193 193 193 193 193 193 193
0504 193 193 193 193 193 193 193 193 193 193 193 193 193 193 192 192 192 192 192 192 193 193 192 193 192 192 192 192 191 192 192 191 191 191 191 191 191 191 191 191 191 190 190 191 191 191 190 191 191 191 191 191 191 191 191 191 191 191 191 192
0505 192 192 192 192 192 192 192 192 192 192 192 192 192 192 192 192 192 193 193 193 193 192 192 193 193 193 193 193 193 193 193 193 193 193 193 193 193 193 193 193 193 193 193 193 193 193 193 193 193 193 193 193 193 193 193 193 193 193 193 193
0506 193 193 193 193 193 193 193 193 192 192 192 192 192 192 192 192 192 192 192 192 192 192 192 192 192 192 192 192 192 193 193 193 193 193 193 193 193 193 193 193 193 193 193 193 192 192 192 192 191 191 191 191 191 191 191 191 191 191 191 191
0507 191 191 191 190 190 190 191 191 190 190 191 191 190 190 190 190 190 190 190 190 190 190 190 190 190 190 190 190 190 190 190 190 190 190 191 191 191 191 191 191 191 191 191 191 191 192 192 191 191 191 191 192 191 191 191 191 192 192 192 192
0508 192 193 193 193 193 194 194 194 193 193 193 193 193 193 193 194 194 194 195 195 195 195 195 195 195 195 195 195 195 195 195 195 196 196 196 196 196 196 196 196 196 196 196 196 196 197 196 196 196 196 196 196 196 196 196 196 196 196 197 196
0509 197 196 197 197 197 197 197 197 197 197 197 197 197 198 197 197 197 198 198 198 197 197 197 197 197 197 197 197 197 197 197 198 198 198 198 198 198 198 198 198 198 198 198 198 198 199 199 198 198 198 199 199 199 199 199 199 199 200 200 200
0510 200 200 200 201 201 201 201 201 202 202 203 205 205 205 205 205 205 205 205 205 205 205 205 206 207 207 207 206 206 207 206 207 207 206 206 205 205 206 206 206 206 206 206 206 206 206 207 208 209 209 208 208 209 209 210 210 210 210 210 211
0511 213 213 213 213 213 213 213 214 214 214 213 212 212 212 212 212 212 213 213 214 214 213 213 213 213 212 212 213 213 213 213 213 213 213 214 214 213 213 213 214 215 215 215 215 215 215 216 217 216 217 217 217 217 218 219 220 220 220 221 222
0512 222 221 220 220 219 220 220 222 222 222 223 224 224 225 226 226 225 225 225 226 226 226 225 223 224 225 226 228 228 227 226 225 226 227 227 227 227 228 228 227 227 228 228 229 230 232 233 233 232 232 233 234 233 233 234 234 234 234 235 235
0513 237 236 234 233 234 234 233 234 234 234 234 234 235 235 235 235 235 236 237 237 235 234 233 232 231 231 231 231 231 231 232 232 232 231 230 230 229 229 229 229 229 229 228 228 228 227 227 227 227 226 226 226 226 226 226 226 226 225 225 225
0514 224 223 222 221 220 219 218 218 217 217 216 215 215 215 214 213 213 212 211 211 210 209 209 209 208 208 208 208 208 207 207 207 207 207 206 206 205 205 205 205 205 204 204 204 204 204 205 205 205 204 204 204 204 203 203 204 203 203 203 203
0515 204 204 205 205 205 205 205 205 205 206 207 206 206 206 206 206 206 206 206 207 207 207 208 208 208 209 209 209 210 210 210 212 212 212 212 213 212 213 213 213 213 213 213 213 214 214 214 214 214 215 215 215 215 215 215 216 216 216 216 217
0516 217 217 218 219 219 219 218 219 219 218 219 219 219 220 220 220 221 221 221 221 221 222 223 222 222 222 223 222 223 223 223 223 223 223 224 224 224 224 224 224 224 224 225 225 226 227 227 227 227 227 227 227 228 228 227 227 228 228 228 228
0517 229 229 229 230 230 231 231 231 231 231 231 231 230 231 231 232 232 232 232 232 232 232 231 232 231 231 231 231 231 231 231 231 231 231 231 231 231 231 231 231 231 231 231 230 230 230 230 230 230 230 230 230 229 230 229 229 230 230 229 229
0518 229 229 229 229 229 229 229 229 230 230 230 230 230 230 229 229 229 229 230 230 230 230 230 230 230 230 231 231 230 231 231 231 231 231 231 230 230 230 230 230 230 230 230 230 231 231 231 231 231 232 232 232 232 232 232 233 233 234 234 234
0519 235 235 235 235 235 235 235 235 235 235 234 234 233 232 231 231 230 230 229 229 228 228 228 228 228 227 227 226 226 225 225 225 224 224 224 224 223 223 223 223 223 223 223 223 223 222 223 223 222 222 222 222 222 222 222 222 221 221 221 221
0520 222 221 222 222 222 222 222 222 222 222 222 222 221 221 221 221 221 221 221 221 221 221 221 221 221 221 221 221 221 221 221 221 221 221 221 221 221 221 220 220 220 220 220 220 220 220 220 220 220 220 219 219 219 219 218 218 218 218 218 218
0521 218 218 218 219 219 219 219 219 218 218 218 218 218 218 218 218 217 217 217 217 217 217 216 216 217 217 217 217 217 217 217 217 217 217 217 217 217 217 217 217 217 217 217 218 217 218 218 218 218 218 218 218 217 217 217 217 217 217 216 216
0522 216 216 215 215 215 214 214 215 215 215 215 215 215 215 215 215 215 215 214 214 214 214 213 213 213 213 213 213 212 212 212 211 210 210 210 210 210 210 210 210 209 209 209 208 208 208 208 208 208 208 208 208 208 207 207 207 207 207 207 207
0523 207 207 208 208 207 207 206 206 206 206 206 206 206 206 206 206 206 206 206 206 206 206 206 205 205 205 205 206 206 206 206 206 206 206 207 207 207 208 208 208 208 207 208 208 208 208 208 208 208 207 207 206 206 206 205 205 205 205 205 205
0600 205 205 206 206 206 206 205 205 204 204 204 204 205 205 205 205 205 204 204 204 204 205 205 204 204 204 204 204 204 204 204 204 204 203 203 204 204 204 204 204 203 203 203 203 203 203 202 202 202 202 202 202 202 202 201 201 201 201 201 201
0601 201 201 201 201 201 201 201 201 201 201 201 201 201 201 201 201 201 201 200 200 200 200 200 200 201 201 201 201 201 201 201 201 201 201 201 201 200 200 200 200 200 200 200 200 200 199 199 199 198 198 198 198 198 198 198 198 198 198 199 199
0602 200 200 200 200 200 200 200 200 200 201 201 201 201 201 201 201 201 201 201 201 201 201 201 201 201 201 201 201 201 201 201 201 200 200 200 200 200 200 200 200 200 200 200 200 200 200 200 199 199 199 200 200 200 199 199 199 199 199 199 199
0603 199 199 199 199 199 199 199 200 200 200 200 200 199 199 199 199 199 199 199 199 199 199 199 199 199 199 199 199 199 199 199 199 199 199 199 199 199 199 199 199 198 198 199 199 199 199 199 199 199 199 199 199 199 199 199 199 199 199 199 199
0604 199 199 199 199 199 199 199 199 199 199 199 199 199 199 199 199 199 199 198 198 198 198 198 198 198 198 198 198 198 198 198 199 199 199 199 200 200 200 200 200 200 200 200 201 201 201 201 201 201 201 201 201 200 200 200 200 200 200 200 200
0605 200 200 200 200 200 200 200 200 200 200 200 200 200 199 199 199 199 199 199 199 199 199 199 199 200 200 200 200 200 200 200 200 199 199 199 199 199 199 199 199 199 199 199 199 199 199 199 199 198 198 198 198 198 198 198 198 198 198 198 197
0606 197 197 197 197 197 197 197 197 197 197 197 197 197 197 197 197 197 197 197 197 197 197 197 197 197 197 197 197 197 197 197 197 197 197 197 197 197 196 196 196 196 196 196 196 196 196 196 196 196 196 196 196 196 196 196 196 196 196 196 196
0607 196 196 196 196 196 196 196 196 196 196 196 196 196 196 196 196 196 195 195 196 196 196 195 196 195 195 195 195 196 196 196 196 196 196 196 196 196 196 196 196 196 196 196 196 196 196 196 196 196 196 197 197 197 197 197 197 197 197 197 197
0608 197 197 197 197 197 197 197 197 197 197 197 197 197 197 197 197 197 197 197 197 197 197 197 197 197 197 197 197 197 197 197 197 197 197 197 198 198 198 198 198 198 198 198 198 198 198 198 198 198 198 199 199 199 199 199 199 199 199 199 199
0609 199 199 199 198 199 199 199 199 200 199 199 199 200 200 200 199 200 200 200 200 200 200 200 200 200 200 201 201 201 201 201 200 201 201 201 201 201 201 201 201 201 201 201 201 201 201 201 202 202 202 202 202 202 203 203 203 203 203 203 203
0610 204 203 204 203 203 203 203 203 202 202 202 202 202 202 202 202 202 202 202 202 201 202 202 202 203 203 203 203 203 203 203 203 203 203 203 203 203 203 203 203 203 203 203 203 203 203 203 203 203 203 203 203 203 204 204 203 203 203 203 203
0611 203 203 204 204 204 204 205 205 205 205 206 206 206 205 205 205 205 206 206 206 206 207 207 208 208 209 210 211 210 210 211 211 210 210 211 211 212 211 211 212 212 211 212 214 214 214 213 213 213 213 213 213 213 213 213 213 213 213 213 213
0612 213 214 213 212 212 212 213 213 212 213 212 212 212 213 213 212 212 213 213 213 214 213 213 213 213 214 213 213 213 213 214 213 213 212 212 213 213 213 213 213 213 213 213 213 213 213 214 214 214 214 214 214 214 214 214 213 213 213 213 213
0613 213 213 213 213 213 213 214 214 214 214 214 214 214 214 215 215 215 214 214 215 215 215 215 215 215 215 215 216 216 216 216 216 217 217 217 217 217 217 217 218 217 218 218 218 217 218 218 218 218 219 218 219 219 219 220 220 220 220 220 220
0614 220 220 220 220 220 220 220 220 221 220 221 221 222 223 224 224 225 226 226 226 227 227 228 229 229 230 230 230 230 230 231 232 233 233 232 232 231 230 229 228 228 228 227 228 228 228 229 230 231 231 230 230 229 229 229 229 229 228 228 228
0615 229 229 229 230 229 230 230 231 232 232 232 233 233 233 234 234 235 235 235 234 234 234 235 236 236 235 234 233 233 232 232 231 232 233 233 234 234 234 234 234 235 236 237 296 237 235 235 235 235 234 234 232 231 232 232 232 232 232 232 233
0616 234 235 234 234 234 235 235 234 234 234 235 235 235 235 234 233 233 232 232 232 232 232 233 234 235 236 236 235 235 234 234 234 234 235 235 235 235 235 235 235 234 234 234 233 234 234 234 235 235 235 234 235 235 235 234 234 233 233 232 232
0617 232 232 232 232 232 232 233 233 233 233 233 233 234 234 234 234 234 234 235 234 234 234 233 233 233 233 233 233 233 233 234 234 233 233 233 233 233 232 233 233 233 233 233 233 233 233 233 233 233 234 234 233 233 233 233 233 234 235 235 234
0618 233 233 232 231 232 232 232 232 232 232 232 232 232 232 232 232 232 231 231 231 232 232 232 232 232 232 231 231 231 231 231 230 230 230 230 230 230 230 230 230 230 230 229 229 229 229 229 229 230 229 229 230 229 229 229 229 229 229 229 229
0619 229 229 229 229 228 228 228 228 228 228 228 228 228 228 228 227 227 227 227 227 227 227 227 227 227 227 227 227 227 227 227 226 226 226 226 226 226 226 226 226 226 226 226 226 226 226 226 226 225 225 225 225 225 225 225 225 225 225 286 225
0620 225 225 225 225 224 225 224 224 224 224 224 224 224 224 223 223 224 223 223 223 223 223 223 223 223 223 223 223 223 223 222 222 222 222 222 222 222 222 222 222 222 222 222 222 222 222 222 223 223 222 222 222 222 222 222 222 222 222 221 221
0621 221 221 221 221 221 221 221 221 221 221 221 221 221 221 221 221 221 221 221 221 221 221 221 221 220 220 220 220 220 220 220 220 220 219 219 220 220 220 220 220 220 220 220 220 220 220 220 220 220 220 220 219 219 219 219 218 219 219 219 219
0622 219 219 219 219 219 218 218 218 217 217 217 217 217 217 216 216 216 216 216 216 216 216 216 216 216 216 216 215 215 214 214 214 214 214 215 215 216 216 217 217 217 217 217 217 217 217 218 218 218 218 217 217 217 216 216 216 216 215 215 215
0623 215 215 215 215 215 215 215 215 215 215 215 215 215 215 215 215 215 215 215 215 215 215 215 215 216 216 216 216 216 216 216 216 216 216 215 215 215 215 215 215 215 214 214 214 214 214 214 214 213 213 214 214 214 214 213 213 213 213 213 213
0700 213 213 214 214 214 214 214 215 215 215 215 215 215 259 215 215 214 214 214 214 214 214 215 215 214 214 214 214 214 214 214 213 213 213 213 213 212 213 213 213 213 213 213 212 213 213 214 214 214 213 213 213 213 213 212 212 211 211 211 211
0701 211 210 210 209 209 209 209 209 209 209 209 209 209 210 210 211 211 211 210 210 210 210 209 209 209 209 208 208 208 208 208 208 207 207 207 207 207 206 206 206 206 206 206 206 206 206 206 206 206 206 206 206 206 206 206 206 206 206 206 206
0702 205 205 205 205 205 205 205 204 204 204 204 203 203 203 203 203 203 203 203 202 202 202 202 202 202 202 202 202 202 202 202 202 202 202 202 202 202 202 202 202 202 202 202 202 202 202 201 201 201 201 201 201 201 200 200 200 200 200 200 200
0703 200 200 199 199 199 199 199 199 199 199 199 199 199 199 199 199 199 199 199 199 199 199 199 199 199 199 199 199 199 198 198 198 198 198 198 199 199 199 199 199 199 198 198 198 198 198 199 199 199 199 199 199 199 199 199 199 199 199 199 199
0704 199 199 199 199 199 199 200 200 200 200 200 200 200 200 200 200 200 200 200 200 200 200 200 200 200 200 200 200 247 200 200 200 200 200 200 200 200 200 200 200 200 200 200 200 200 200 200 200 200 200 200 200 200 200 199 199 199 199 199 199
0705 199 199 199 199 199 199 199 199 199 199 199 199 199 198 198 198 198 197 196 196 196 196 196 195 194 194 194 194 194 195 195 195 195 194 194 194 194 195 195 194 194 195 194 195 194 194 194 194 194 194 194 194 194 194 193 194 193 193 194 194
0706 194 193 193 193 193 193 193 193 193 193 193 193 193 194 194 194 193 193 193 193 193 193 193 193 193 193 193 193 194 193 193 193 193 193 193 193 193 193 193 193 193 193 193 193 193 193 193 193 193 193 193 193 193 193 193 193 193 193 193 193
0707 193 193 194 194 194 194 194 194 194 194 194 194 194 194 194 194 195 195 195 195 195 195 195 195 195 195 195 195 195 195 194 194 194 194 194 194 194 194 194 194 194 194 194 194 194 194 194 194 194 195 195 195 194 195 195 195 195 195 194 194
0708 194 194 194 194 194 194 193 193 193 193 192 192 192 191 191 191 191 190 191 191 190 190 190 190 190 190 190 190 190 190 190 190 189 189 189 189 189 189 189 189 190 189 189 189 189 190 190 190 190 189 190 190 190 190 189 190 189 189 189 190
0709 190 190 190 190 190 190 191 191 190 190 191 191 191 192 192 193 193 193 193 193 194 193 193 193 194 194 194 194 195 196 195 195 195 195 195 196 196 196 196 197 197 197 197 199 200 200 199 199 200 201 201 201 201 202 202 202 202 204 204 204
0710 205 205 204 204 204 204 205 206 206 207 207 207 207 206 207 207 207 209 209 211 212 212 212 211 211 211 211 212 212 213 214 215 217 218 220 219 218 218 218 217 216 215 216 217 217 217 216 217 218 217 218 218 218 219 219 221 222 224 225 226
0711 226 226 226 226 227 228 229 229 228 230 231 233 233 234 235 236 236 236 237 235 234 234 234 233 233 234 235 235 236 235 236 236 236 236 235 234 233 233 233 233 233 234 236 237 237 236 237 238 239 240 238 237 236 237 238 238 240 241 241 241
0712 243 244 242 242 241 242 243 243 244 243 241 241 242 242 244 245 245 243 243 243 243 244 246 249 250 251 250 249 248 247 247 248 249 252 251 251 250 252 252 250 249 251 253 252 253 254 253 254 253 254 254 255 255 254 255 258 258 256 255 258
0713 258 257 257 257 256 255 254 254 256 258 259 261 263 265 265 265 262 260 261 263 264 265 265 265 263 260 260 260 260 260 261 262 260 260 260 260 259 259 260 260 261 261 262 262 261 261 262 263 263 262 262 263 264 264 264 263 264 265 265 264
0714 265 265 266 266 266 266 265 265 264 264 264 264 266 268 269 269 269 267 266 265 265 265 266 268 271 273 275 276 274 274 275 276 276 276 276 276 274 272 269 267 268 269 269 269 270 269 268 269 272 274 277 278 277 275 274 272 272 273 272 269
0715 269 270 270 269 268 269 270 269 271 275 278 279 280 282 279 276 275 276 274 273 273 273 276 279 279 278 275 275 274 274 274 276 277 278 277 277 277 278 279 281 281 279 278 277 276 276 276 276 277 279 280 280 281 283 283 282 281 280 280 280
0716 279 279 279 278 278 278 279 278 277 277 278 279 281 283 282 282 281 279 279 278 280 280 279 280 282 282 285 287 286 284 283 283 283 283 284 284 284 282 280 279 278 277 276 276 276 276 277 278 278 278 277 278 279 279 280 280 281 284 284 284
0717 285 288 291 293 294 295 297 296 293 291 291 291 290 288 287 289 288 286 284 284 283 282 280 280 279 278 277 276 276 276 276 275 275 275 275 276 277 277 277 277 277 277 277 277 278 280 280 281 283 285 286 284 283 283 283 284 285 285 287 287
0718 287 288 289 287 286 285 284 284 284 284 285 287 288 287 288 287 287 287 288 289 290 289 288 289 291 292 294 298 299 300 299 298 297 295 293 292 292 293 289 288 287 287 288 289 288 286 284 284 285 285 285 287 290 291 290 289 288 287 286 287
0719 288 288 286 285 285 285 284 285 285 286 285 284 283 283 282 282 282 281 281 281 280 279 278 278 278 278 278 279 279 279 279 280 280 280 279 278 277 276 276 275 275 274 274 274 274 274 274 275 274 274 274 273 272 272 271 270 270 270 270 269
0720 269 269 268 269 269 268 269 268 268 268 268 268 268 267 267 266 266 266 266 265 264 264 265 265 265 265 265 266 266 266 265 265 265 264 264 263 262 261 261 261 261 260 261 261 261 261 260 260 260 260 259 258 258 258 257 257 257 256 256 256
0721 255 255 255 255 254 253 252 252 252 252 252 252 251 252 251 252 252 253 253 253 254 254 254 254 254 254 254 254 254 254 253 252 252 252 252 252 252 252 252 251 251 251 251 251 252 252 252 252 252 251 251 252 251 251 251 252 252 252 252 252
0722 252 252 253 252 251 251 251 251 251 251 250 249 248 248 248 247 247 247 248 248 247 247 247 248 248 248 248 248 248 249 249 248 248 248 248 247 247 247 247 247 247 247 246 245 245 245 245 245 245 245 244 242 241 241 240 239 239 239 240 240
0723 241 241 241 242 242 242 242 242 242 242 242 242 241 240 240 239 239 237 237 235 235 234 233 232 232 231 231 230 230 230 230 230 230 230 229 229 229 229 228 228 228 228 229 230 231 231 231 232 232 233 233 233 234 234 234 234 234 234 234 234
0800 234 233 233 233 232 232 231 231 231 231 231 230 229 229 229 229 229 230 230 232 232 232 233 233 233 233 233 233 233 233 232 233 233 233 233 232 232 232 232 231 231 231 230 229 229 228 228 228 230 231 233 233 233 234 234 234 234 233 233 233
0801 233 233 232 232 232 232 233 232 232 231 231 231 231 231 231 232 232 232 232 232 232 231 231 231 231 231 232 231 231 232 231 231 230 230 230 229 229 228 228 227 227 226 226 226 225 225 225 225 225 224 224 224 224 224 224 224 224 224 224 223
0802 223 222 222 222 222 222 222 224 224 224 224 223 223 224 225 226 227 228 229 230 231 231 230 230 230 231 231 230 230 229 229 229 230 230 230 229 229 229 229 229 229 228 228 228 228 228 229 229 228 228 228 228 228 227 227 227 227 227 227 226
0803 226 226 226 226 226 225 225 226 226 226 226 226 226 226 226 225 225 225 225 225 225 225 226 226 226 226 226 226 226 226 226 225 225 225 226 225 225 225 225 225 225 225 226 226 225 225 225 225 225 225 225 225 225 225 225 225 225 225 224 225
0804 224 224 224 224 224 224 224 223 223 223 223 223 223 223 222 222 222 222 222 223 223 223 223 223 223 222 222 223 223 223 223 223 224 223 223 223 223 223 223 222 222 223 223 223 223 223 223 223 223 223 223 223 223 224 223 223 223 223 223 223
0805 223 223 223 222 222 222 221 221 221 221 221 221 221 221 221 221 221 221 221 221 221 220 220 220 220 220 220 219 219 219 219 219 219 219 219 219 219 219 219 219 219 219 219 219 219 219 219 219 218 218 218 217 217 217 218 218 218 217 217 218
0806 217 217 217 217 216 216 216 216 216 215 216 216 216 216 216 215 215 214 214 214 214 214 213 213 213 213 213 213 213 212 212 212 212 212 211 211 211 210 210 210 210 211 211 211 211 211 211 211 211 211 211 211 211 211 210 210 210 210 209 209
0807 209 209 210 210 210 210 210 210 210 210 209 209 209 209 209 209 208 208 208 208 208 208 208 209 209 209 209 209 210 210 210 210 210 211 211 212 213 213 213 214 214 214 214 214 214 214 214 214 214 214 214 214 214 215 215 214 214 214 214 214
0808 214 214 214 214 215 214 214 214 214 214 214 214 215 215 215 216 216 216 216 216 216 216 216 216 216 216 216 216 216 216 216 216 216 216 217 217 217 217 217 216 216 216 215 216 217 217 218 218 218 218 218 218 218 219 218 219 219 219 219 220
0809 220 220 220 220 220 220 220 220 220 220 220 221 220 221 221 222 222 221 221 222 221 221 221 222 222 221 222 222 222 222 222 222 223 224 224 223 223 223 223 223 222 223 223 223 223 224 224 224 224 224 224 224 224 224 224 224 225 226 225 226
0810 226 226 226 227 228 229 229 230 230 230 230 230 231 231 231 231 232 232 232 232 233 233 233 233 233 233 233 232 232 232 232 232 232 232 232 232 233 234 234 234 234 235 234 235 235 236 236 236 236 236 237 237 238 238 238 237 237 237 237 238
0811 238 239 240 240 240 240 239 238 238 237 237 237 238 238 237 237 237 237 237 238 237 238 238 238 239 239 239 240 239 239 239 239 239 239 238 237 236 236 236 237 237 236 237 237 238 238 238 238 238 237 238 237 237 237 237 238 238 239 239 239
0812 238 239 239 240 240 239 239 238 237 236 236 237 237 236 236 236 236 236 236 236 236 236 236 236 236 236 237 237 237 237 237 237 237 237 237 237 237 237 237 237 237 237 237 237 238 238 239 239 239 238 237 237 236 237 237 238 237 238 238 238
0813 238 238 238 238 238 238 238 238 238 238 239 240 242 243 244 243 243 244 245 245 245 244 244 245 246 247 248 248 248 247 246 246 246 247 249 250 250 248 248 249 249 250 250 250 251 251 252 251 252 251 249 248 249 249 248 248 247 247 247 247
0814 247 247 248 248 249 250 250 251 251 251 251 251 251 250 250 251 251 251 251 250 250 251 250 249 249 249 249 248 248 248 249 249 251 252 253 253 254 255 254 251 251 251 251 252 253 253 254 256 256 254 253 253 253 253 253 252 252 252 252 254
0815 254 255 255 256 257 258 258 258 258 257 257 258 258 258 257 258 258 258 258 258 258 258 257 258 259 260 261 262 261 261 263 264 266 265 265 264 263 265 266 265 264 261 260 261 261 261 261 262 262 261 260 259 259 258 259 260 260 260 261 263
0816 265 268 268 268 270 270 270 269 268 267 265 263 264 264 266 267 268 268 268 267 266 267 267 267 267 266 266 267 267 269 269 269 271 271 269 268 268 267 267 266 265 266 267 266 267 266 264 264 263 264 264 265 264 264 264 263 263 264 265 265
0817 264 263 264 264 265 266 266 266 267 267 268 267 266 267 267 267 267 268 267 267 268 268 268 267 266 265 265 264 265 267 268 270 271 271 270 269 269 270 269 270 270 270 271 272 273 327 272 268 266 266 265 264 264 264 263 263 263 263 264 264
0818 264 265 265 266 266 265 264 264 264 263 263 263 263 262 261 261 261 262 262 261 261 261 261 261 262 261 261 260 260 260 260 260 261 260 260 260 260 260 260 260 260 260 260 260 261 261 261 261 260 261 261 261 261 261 261 260 261 261 261 261
0819 261 261 261 260 260 260 261 261 261 260 260 260 260 260 261 260 260 260 260 260 260 260 260 259 259 259 259 259 259 259 259 259 259 259 259 259 259 259 259 259 259 258 258 258 258 258 258 258 258 258 259 259 258 259 259 258 258 258 258 258
0820 258 257 257 257 257 258 257 257 257 257 257 257 257 257 257 257 257 257 257 257 257 257 257 257 257 257 257 257 257 257 256 256 256 256 256 255 255 255 254 254 254 253 253 253 253 252 252 252 251 251 251 252 252 252 252 251 250 250 250 250
0821 249 249 248 248 248 248 249 250 250 249 249 249 248 249 249 249 249 249 250 250 250 249 249 249 249 248 248 248 247 247 247 247 247 247 247 247 247 247 247 247 247 247 247 247 247 246 246 246 246 246 247 247 247 247 247 246 246 246 246 246
0822 298 246 246 246 246 246 246 246 246 246 246 246 246 245 246 246 245 245 245 245 245 245 245 245 245 245 245 245 244 245 244 244 244 243 244 243 243 243 242 242 242 241 241 240 240 240 240 240 239 239 239 238 238 238 237 237 237 237 237 236
0823 236 236 235 235 235 235 235 235 235 235 234 234 233 233 233 234 233 233 234 234 234 235 235 235 234 234 234 234 234 234 233 233 233 233 233 232 232 233 233 233 233 234 234 233 231 231 231 230 230 231 230 230 231 231 231 231 231 231 231 231
0900 231 231 231 231 230 230 230 230 229 229 229 228 228 227 228 228 228 229 231 233 235 237 237 237 238 238 239 239 239 240 240 240 240 240 240 239 239 238 238 238 237 237 237 237 236 237 237 238 238 237 237 237 238 238 238 238 237 237 237 237
0901 237 237 237 237 237 237 237 237 237 237 237 237 238 237 237 237 237 238 237 237 238 238 238 238 237 237 236 236 237 236 236 236 236 236 236 236 236 236 236 235 235 235 235 235 235 235 235 234 234 234 234 234 233 233 232 232 232 232 232 232
0902 232 232 231 231 231 231 231 231 231 230 230 230 230 230 231 265 231 230 230 230 230 231 230 230 230 230 230 230 230 230 230 230 230 230 230 230 229 229 229 229 229 229 229 228 228 228 228 229 229 229 229 229 229 228 228 227 227 227 226 226
0903 226 226 226 225 225 225 225 224 224 224 224 224 223 223 223 222 222 221 221 221 220 219 219 219 218 218 218 218 218 217 217 217 217 217 217 217 217 217 216 216 216 216 216 216 216 216 216 215 215 215 215 215 215 216 215 215 215 215 215 214
0904 214 214 214 214 214 214 214 214 213 213 213 213 213 213 213 213 212 212 212 212 212 212 212 212 212 211 211 210 210 210 209 209 209 209 209 209 209 209 208 208 208 208 208 208 208 208 208 208 208 208 208 208 208 208 207 207 207 207 207 207
0905 207 207 207 207 207 207 207 207 207 206 206 207 207 207 207 207 207 207 207 207 207 207 207 207 207 207 207 207 207 207 206 206 206 206 206 206 206 206 207 207 207 207 207 207 206 206 206 206 206 206 207 207 207 207 206 206 206 206 206 205
0906 205 205 205 205 205 206 206 206 206 206 206 206 206 206 206 206 206 206 206 206 206 206 206 206 206 206 206 206 206 206 272 206 206 206 206 205 205 205 205 205 205 205 205 204 204 204 204 204 204 204 204 204 204 204 204 204 204 204 204 204
0907 204 204 204 204 204 204 204 204 204 204 204 204 204 204 204 204 203 203 203 204 204 205 205 205 204 204 204 204 205 204 204 204 204 204 203 203 203 203 203 202 202 201 201 201 202 202 201 202 202 201 201 201 201 202 202 201 201 201 201 201
0908 201 201 201 201 201 200 200 200 200 200 200 200 200 200 200 200 200 201 201 201 201 201 202 202 202 202 202 202 201 201 202 202 202 202 202 202 202 202 202 203 203 203 203 203 203 203 203 203 202 202 202 202 203 203 204 204 205 206 205 205
0909 205 205 205 206 206 206 207 207 206 206 207 207 207 207 207 207 207 207 207 208 209 209 209 209 210 209 209 209 209 209 210 210 210 210 211 211 210 210 210 211 211 211 212 212 212 213 213 213 213 213 214 215 215 215 216 215 215 215 216 216
0910 216 216 216 216 217 218 218 219 219 219 219 219 219 219 219 219 219 220 221 221 222 222 222 223 223 223 223 224 224 224 224 225 225 225 225 225 225 226 227 227 228 228 229 229 229 245 229 230 231 231 232 233 232 231 232 233 234 235 235 236
0911 236 237 238 238 238 238 238 238 238 239 239 238 238 239 239 239 239 240 241 241 240 240 240 240 239 240 240 239 240 240 241 242 243 243 242 243 244 244 246 248 249 249 249 250 253 253 254 253 251 250 250 250 250 250 251 251 250 251 253 254
0912 254 254 256 258 257 257 255 253 252 252 253 255 256 258 261 262 265 266 265 264 264 262 262 262 262 262 261 261 260 260 263 263 261 261 259 259 260 259 258 257 255 254 255 256 257 256 256 257 258 259 260 261 261 260 260 260 262 262 263 264
0913 265 264 265 265 265 267 266 267 267 268 269 270 272 273 272 273 271 271 274 275 276 277 277 277 277 276 276 275 273 274 273 273 273 274 275 276 275 274 275 275 277 279 279 280 280 280 281 281 281 278 277 278 279 279 279 279 279 280 281 283
0914 283 283 285 288 288 289 288 289 290 290 288 287 287 286 286 287 286 284 284 283 282 281 282 283 283 283 285 285 286 284 283 284 285 288 289 287 288 288 289 289 288 289 290 290 290 291 292 291 289 289 289 288 287 287 287 286 285 287 288 288
0915 289 291 292 291 292 293 291 289 289 289 289 289 290 291 292 292 290 289 291 291 291 292 292 292 292 294 294 292 292 292 292 293 292 292 293 294 293 293 292 293 294 297 299 298 297 298 298 296 293 293 293 294 295 295 296 298 299 297 296 294
0916 294 295 297 299 297 294 293 293 293 292 292 292 291 290 292 294 295 297 299 300 300 299 299 300 299 300 300 300 298 296 295 296 297 296 295 296 296 297 297 297 297 298 297 295 295 295 295 295 296 296 296 297 297 295 295 295 296 296 296 296
0917 297 298 298 298 298 298 299 301 302 300 300 300 299 299 297 298 299 302 305 304 303 299 298 298 299 298 298 298 296 294 293 292 292 292 292 293 293 293 294 294 293 292 291 291 291 290 290 290 290 289 290 291 291 292 292 294 294 295 297 298
0918 298 298 297 296 296 295 294 294 294 295 295 295 294 294 295 295 295 296 298 298 298 299 300 300 301 301 301 301 299 298 297 296 295 295 295 296 297 299 300 301 300 297 296 295 295 296 296 295 294 294 295 294 293 293 293 292 291 291 291 290
0919 291 291 290 290 291 291 290 289 288 288 288 288 289 289 289 289 289 289 289 289 288 288 288 288 289 290 290 290 289 288 288 287 287 286 286 287 287 287 288 288 287 287 287 286 286 286 285 285 284 284 284 283 282 282 281 281 281 280 280 279
0920 278 278 278 277 278 278 278 278 278 279 278 278 277 277 276 276 275 275 275 275 275 274 274 274 274 274 273 273 274 275 275 275 275 275 275 275 274 274 274 274 274 273 272 271 270 270 270 269 269 269 269 269 269 269 269 268 268 268 268 268
0921 268 268 268 268 269 269 269 269 270 270 270 270 269 269 268 267 267 267 267 268 267 268 268 268 269 268 268 268 268 267 268 267 267 266 266 266 267 268 268 268 267 268 267 267 268 267 267 267 267 267 267 267 267 267 267 266 266 266 265 265
0922 265 265 265 265 265 264 264 264 264 264 264 263 263 263 263 263 263 263 264 264 264 264 263 263 262 262 262 262 261 261 261 261 261 261 261 261 261 261 261 260 260 260 260 260 260 259 259 259 259 259 258 258 257 257 258 258 260 260 261 261
0923 261 261 261 260 260 260 260 260 259 259 259 258 259 259 260 261 260 260 259 258 258 258 257 258 258 259 259 259 259 259 259 259 259 258 258 257 257 256 256 256 256 256 255 255 255 255 256 256 255 255 255 254 254 255 255 254 254 254 254 254
1000 254 254 254 254 254 254 253 253 254 254 254 253 254 254 254 254 254 253 253 252 252 252 252 252 251 251 251 251 251 251 251 251 251 251 251 251 251 251 251 251 251 251 251 250 250 250 251 251 252 251 252 252 252 253 252 252 252 252 252 252
1001 251 250 250 250 250 251 252 252 252 253 252 252 252 253 253 252 252 253 253 253 253 253 252 253 253 253 253 252 252 251 250 250 250 250 250 250 250 250 250 250 249 249 248 248 248 247 248 248 247 247 247 247 247 247 247 247 247 248 248 249
1002 250 250 250 250 249 250 250 250 249 249 249 248 248 247 247 247 247 247 247 247 247 248 248 248 248 247 248 248 247 247 247 247 247 247 247 246 246 246 245 245 245 245 245 244 244 243 243 242 242 242 241 241 240 240 240 239 239 238 238 237
1003 237 237 238 238 238 238 238 238 238 238 238 238 238 239 238 238 238 238 238 238 237 235 235 234 234 234 234 233 233 233 233 233 233 233 233 233 233 233 232 232 232 232 232 231 231 231 231 230 230 231 231 231 231 231 231 231 231 231 230 231
1004 230 230 230 230 229 229 229 229 229 229 229 228 228 228 228 228 228 228 228 228 228 228 228 228 228 228 228 228 227 227 228 228 228 228 228 228 228 229 229 229 229 228 228 228 228 228 228 228 228 228 228 228 228 228 228 228 228 228 228 228
1005 228 228 228 229 229 229 229 230 230 230 230 230 230 230 230 231 231 230 230 230 230 229 230 229 230 229 229 229 229 229 229 229 229 228 228 228 228 228 228 228 229 229 229 230 230 230 231 231 232 231 231 231 231 231 231 231 231 231 231 231
1006 230 230 230 230 230 229 229 228 228 228 228 228 228 228 228 228 228 228 228 228 228 228 228 228 228 228 227 227 227 227 228 228 228 228 229 229 228 228 228 228 228 229 229 229 229 228 228 228 228 228 228 228 228 228 228 228 228 228 228 228
1007 228 227 227 227 227 227 227 227 227 227 227 227 227 227 226 226 226 226 226 226 226 225 225 225 225 225 225 225 226 226 225 226 226 226 226 226 226 226 226 226 226 226 227 227 226 227 227 227 227 228 228 228 228 229 229 229 227 226 228 231
1008 232 234 234 234 233 231 231 231 231 232 231 231 230 231 231 231 231 231 231 232 231 232 232 233 234 234 234 234 234 234 233 234 234 234 234 233 234 234 234 234 234 235 236 236 237 237 237 236 236 237 237 238 238 238 239 238 238 239 239 240
1009 240 240 241 241 242 243 243 243 243 242 242 242 243 243 243 242 242 242 242 242 242 243 243 243 243 242 242 242 241 241 241 241 242 241 241 242 243 243 242 242 242 241 242 243 243 244 245 245 246 246 246 247 246 245 244 244 244 244 243 243
1010 243 243 242 243 243 243 243 243 243 243 243 243 243 243 242 243 242 242 243 243 243 244 244 244 244 243 244 244 244 245 245 245 246 246 245 245 245 246 246 246 246 247 247 246 247 247 246 246 247 246 246 246 246 246 247 247 247 247 247 247
1011 248 248 248 248 248 248 248 248 248 247 248 248 248 249 249 249 248 248 248 249 249 249 249 249 249 249 249 250 250 250 251 251 252 253 253 253 252 252 252 252 252 253 253 254 254 256 257 257 257 255 254 254 255 255 254 255 255 255 255 255
1012 255 256 257 257 258 258 258 258 259 259 259 259 259 259 260 260 260 260 260 262 262 263 265 264 265 264 264 265 266 268 267 267 267 267 268 268 269 271 271 270 269 269 269 269 268 269 269 269 270 270 271 272 272 272 272 273 274 273 274 273
1013 273 272 273 274 276 277 279 282 283 280 279 279 280 280 282 282 282 284 284 285 285 284 282 282 283 284 285 286 287 286 286 285 285 285 285 285 286 285 286 285 285 287 286 287 287 287 288 289 290 291 291 291 293 294 294 295 295 296 296 295
1014 295 295 295 297 296 295 295 296 296 296 296 296 295 295 296 297 298 297 297 297 297 296 296 298 299 300 301 302 302 302 303 304 301 301 301 301 302 304 304 302 303 302 301 301 302 303 304 304 303 305 308 309 308 308 309 309 310 309 310 311
1015 311 309 308 309 309 310 312 311 308 306 307 306 306 308 309 310 309 309 308 307 307 307 307 307 307 309 311 312 312 313 313 314 314 313 313 312 313 313 311 310 310 311 313 315 316 315 313 313 313 315 317 318 314 313 313 312 312 314 314 314
1016 313 313 312 310 309 311 313 312 312 311 310 309 311 312 313 314 313 313 311 311 312 311 311 312 313 312 311 310 309 309 309 308 309 309 309 308 309 308 308 308 308 309 310 311 309 309 309 310 310 310 309 309 310 309 308 308 308 308 308 310
1017 311 309 309 309 310 311 311 312 312 312 311 310 310 311 312 314 315 315 314 313 312 312 311 310 311 309 309 308 308 310 310 310 308 307 307 307 307 309 310 312 314 314 312 311 310 309 309 308 308 308 307 307 306 305 304 306 306 306 306 306
1018 307 307 307 307 308 308 308 308 309 310 311 310 309 308 308 308 308 308 308 307 307 307 306 306 305 304 303 303 302 301 300 300 301 301 301 301 301 301 302 303 304 305 304 303 301 301 301 301 301 301 301 300 300 301 301 302 303 303 302 301
1019 300 299 300 300 300 298 298 297 297 298 296 295 295 294 293 294 294 295 295 296 297 297 296 295 296 295 294 294 293 294 295 295 295 295 296 296 296 296 296 296 296 296 295 295 294 294 294 295 295 295 295 295 295 295 295 294 293 293 293 293
1020 292 291 290 290 289 289 289 289 288 288 287 287 286 286 285 285 285 285 284 284 283 283 283 282 282 281 281 280 279 279 278 277 277 276 276 275 274 274 273 273 273 273 273 274 273 273 273 273 273 273 273 272 272 273 273 274 274 277 279 280
1021 281 280 280 281 280 280 280 281 281 281 280 279 279 278 278 278 278 278 278 278 277 277 277 277 277 278 277 277 276 276 275 275 274 275 275 276 276 275 276 276 277 277 276 276 276 276 276 275 275 275 275 275 275 275 275 275 274 274 274 274
1022 274 273 273 273 273 273 273 273 273 272 272 272 271 271 271 270 269 269 269 270 271 271 271 272 272 272 272 273 273 272 273 273 273 273 272 272 272 272 272 272 272 272 272 273 272 272 272 272 271 271 270 270 270 270 270 269 269 269 268 267
1023 267 267 267 267 268 268 267 267 266 266 266 266 266 266 266 266 266 266 266 265 265 264 265 265 265 265 265 265 264 264 263 263 262 262 262 262 263 262 262 262 263 263 264 263 263 262 262 263 263 262 262 262 262 262 262 262 262 261 261 261
1100 261 261 243 260 260 260 259 259 259 259 259 259 259 259 259 258 258 258 258 258 257 257 257 257 257 258 259 259 258 258 258 259 259 259 259 259 259 259 258 259 259 259 258 258 257 258 258 258 258 257 256 256 256 255 255 255 255 255 255 254
1101 254 254 254 254 255 255 255 254 254 254 255 255 254 254 254 254 253 253 253 253 253 253 252 252 251 251 251 251 250 251 251 251 250 250 251 250 250 250 250 249 249 249 249 248 248 248 247 247 246 246 246 246 246 245 246 245 245 245 244 244
1102 243 243 244 245 245 244 244 244 244 244 244 244 244 244 244 244 243 244 244 244 245 245 245 245 245 245 246 246 246 246 246 245 245 244 244 244 244 244 244 244 243 243 242 242 241 241 240 239 239 238 238 237 237 237 237 237 236 236 236 237
1103 236 236 234 234 233 234 234 233 233 233 233 233 233 233 232 232 232 232 231 231 231 231 231 231 231 232 233 233 233 234 234 235 236 238 238 238 238 239 239 239 239 239 239 238 238 238 238 238 238 237 236 236 237 237 237 236 237 238 237 236
1104 234 235 235 235 236 236 236 236 236 236 236 236 236 235 235 235 235 214 235 235 236 235 235 234 234 233 233 233 233 233 233 233 234 234 235 235 235 235 235 234 234 234 234 234 234 235 236 236 236 236 236 236 236 236 235 235 235 234 234 234
1105 232 232 232 231 231 231 231 232 231 232 232 231 231 231 231 231 231 231 231 230 230 231 231 230 230 230 229 229 229 229 229 229 229 229 229 229 229 229 229 229 228 229 229 228 228 228 229 229 229 229 229 229 229 229 229 229 229 229 229 228
1106 229 229 229 229 229 229 230 230 229 229 229 230 230 230 230 230 230 230 230 230 230 230 230 230 230 230 229 227 227 227 229 232 234 235 235 235 236 236 237 237 236 235 234 236 237 238 238 237 236 237 237 236 235 235 235 235 236 236 236 236
1107 236 236 235 235 235 234 234 234 234 234 234 234 234 234 234 234 235 235 234 234 233 233 234 235 235 235 234 234 234 232 231 231 231 232 232 233 233 233 233 231 229 229 227 226 227 229 231 232 232 232 232 232 231 231 231 230 230 230 230 229
1108 229 228 226 224 224 223 222 221 221 222 223 223 223 222 222 221 221 222 223 222 221 221 221 222 222 221 221 222 221 222 224 223 218 224 226 226 227 227 228 228 228 229 229 227 227 227 227 226 224 224 223 222 223 223 224 225 227 227 227 227
1109 228 228 228 228 227 228 227 227 227 226 227 226 225 226 226 227 228 229 229 230 231 231 232 232 233 233 233 234 235 235 234 234 234 235 235 236 235 235 235 236 236 237 236 236 235 235 234 234 234 235 236 237 238 238 239 239 240 240 240 239
1110 239 239 239 239 238 238 238 238 238 238 238 238 237 237 237 237 237 236 236 236 237 237 237 238 238 237 238 238 238 238 238 238 237 237 238 238 239 239 239 239 239 239 239 239 239 239 239 239 239 239 239 240 240 240 239 239 239 240 240 239
1111 240 240 240 241 241 241 242 242 243 244 244 245 246 247 248 248 248 248 248 248 249 250 250 251 252 253 254 255 257 259 259 259 259 259 260 261 263 263 262 260 260 261 262 262 263 262 262 262 261 261 261 261 261 261 260 261 261 261 262 262
1112 262 261 261 261 262 261 262 262 262 263 264 264 265 264 265 266 267 266 266 267 268 268 269 269 269 268 268 267 267 267 267 267 267 266 266 266 266 266 267 266 266 265 266 267 267 267 268 280 268 267 268 269 268 268 268 268 268 267 267 267
1113 267 267 266 266 266 266 265 266 266 266 266 266 265 265 265 266 265 265 265 265 265 266 267 266 265 264 263 263 264 264 265 265 266 265 265 267 268 270 271 271 271 272 272 270 269 269 269 270 269 270 269 269 269 271 271 271 272 271 272 273
1114 273 273 273 274 274 273 273 274 275 277 278 279 279 278 278 277 277 278 280 282 284 285 285 283 281 281 282 281 282 283 284 286 288 290 292 293 294 294 292 290 288 287 286 286 287 289 292 294 295 297 298 298 298 297 298 299 301 301 300 298
1115 296 296 297 296 296 297 298 299 299 297 295 293 294 293 293 294 294 293 292 291 291 291 292 292 293 292 292 294 294 294 295 295 293 294 293 294 295 294 293 292 291 291 291 291 292 292 292 292 292 293 294 294 296 296 296 297 297 298 298 299
1116 300 300 300 300 300 300 299 299 300 300 302 303 302 302 300 299 299 299 299 300 300 300 299 298 298 298 298 298 299 299 300 301 302 302 304 307 309 310 311 310 307 307 307 308 307 307 306 305 306 310 312 314 312 311 309 307 307 305 305 305
1117 306 306 305 305 305 305 305 305 304 304 305 307 309 311 311 313 313 312 311 308 307 306 306 307 308 307 308 308 309 309 307 306 307 310 312 312 310 306 304 302 301 300 300 299 299 299 299 298 299 299 300 301 302 301 300 299 299 299 298 297
1118 297 298 298 300 301 302 301 302 302 302 301 301 301 300 299 299 299 299 299 299 298 297 296 295 295 296 296 296 296 296 295 296 296 296 296 296 296 297 299 299 299 299 299 299 299 299 299 300 300 300 299 299 299 297 297 296 295 295 295 295
1119 295 295 295 295 295 294 293 292 292 292 291 291 291 292 292 292 293 293 293 294 294 294 294 295 295 294 294 294 294 294 294 294 293 293 293 293 293 293 293 293 292 292 292 290 289 288 288 287 286 286 286 285 285 284 284 284 284 283 282 282
1120 282 281 280 280 279 278 277 276 276 275 275 275 273 272 272 272 272 271 271 271 271 271 274 276 277 279 279 279 279 279 278 278 277 277 277 277 276 276 276 276 275 275 275 275 275 275 274 274 274 274 274 274 274 274 273 273 273 273 272 272
1121 271 271 271 271 272 271 271 271 271 270 270 270 270 270 270 271 270 270 270 270 269 269 269 269 269 269 269 269 268 268 268 268 267 267 267 268 268 268 267 267 266 266 265 265 265 266 266 265 265 265 265 266 266 266 266 266 266 266 266 266
1122 266 265 265 265 265 265 265 265 265 265 264 264 264 265 264 264 264 264 265 264 264 263 263 263 262 262 262 262 262 262 262 261 261 261 261 261 261 262 262 262 262 263 263 263 263 263 263 262 262 262 262 262 261 261 262 261 261 260 260 260
1123 260 260 259 259 259 259 259 259 260 261 262 262 263 263 263 263 264 264 264 264 263 263 262 262 262 262 262 262 262 262 262 262 262 262 262 262 262 262 262 262 262 262 261 262 262 261 261 261 261 261 261 261 261 261 261 261 261 261 261 261
1200 261 260 260 260 260 260 260 260 259 259 259 259 259 259 259 259 259 259 258 258 258 258 258 257 257 257 257 257 257 256 256 256 256 256 256 256 256 255 255 254 254 254 254 254 255 255 254 254 254 254 255 254 255 254 254 254 254 254 254 254
1201 254 254 254 254 254 254 254 254 254 254 254 254 254 253 253 253 253 253 253 253 253 253 253 253 253 253 253 253 253 253 253 253 253 252 252 252 252 252 252 252 252 252 252 252 252 252 252 252 252 252 252 252 251 251 251 251 251 251 250 250
1202 250 250 250 249 249 249 249 249 248 248 248 248 247 247 246 246 246 246 246 246 246 246 246 246 245 245 245 245 245 245 245 244 244 244 244 244 243 243 244 244 243 243 243 243 242 243 243 242 242 242 241 241 241 241 241 240 240 240 240 240
1203 240 239 240 240 239 239 239 239 240 239 239 239 239 239 239 239 238 238 238 238 238 238 237 237 237 237 237 238 238 237 237 237 237 237 237 237 236 236 237 237 237 237 237 237 237 237 236 235 235 236 236 236 236 235 236 235 235 235 236 236
1204 235 236 236 235 235 235 235 235 236 235 236 236 236 236 236 236 235 234 233 233 232 231 231 230 231 230 230 230 230 229 229 228 228 228 228 227 228 227 227 227 227 226 225 225 225 224 224 224 224 224 224 224 224 224 224 224 224 224 224 224
1205 224 224 224 224 224 224 224 225 225 224 224 224 224 223 224 224 225 225 225 225 226 226 226 226 225 225 226 226 225 226 226 225 225 225 224 224 225 225 224 224 223 222 222 222 222 222 221 221 221 222 222 222 222 221 221 221 221 221 222 222
1206 221 221 221 220 220 219 219 219 220 220 220 220 219 219 219 219 219 220 220 221 221 221 221 222 222 222 222 221 220 220 219 219 219 218 219 219 219 219 218 218 218 219 219 219 219 219 218 218 218 218 219 219 219 219 219 219 219 218 218 217
1207 216 216 215 214 214 213 211 210 209 208 208 208 207 207 206 206 205 205 205 205 204 204 204 204 204 203 203 203 203 203 203 203 204 204 204 204 204 204 204 205 206 206 207 208 208 209 210 211 211 212 212 213 213 213 214 214 214 214 214 214
1208 214 215 215 215 215 216 216 217 217 218 219 219 220 220 221 221 222 222 223 223 224 224 224 224 225 225 225 225 226 226 226 227 227 228 229 230 231 231 232 232 232 232 231 231 230 230 230 230 230 231 231 232 232 232 233 233 234 234 234 234
1209 234 234 234 234 233 233 234 234 234 234 233 233 234 234 235 234 234 234 234 235 235 236 236 237 237 237 237 238 238 238 238 239 239 239 239 240 241 243 245 246 246 247 248 249 251 251 253 253 252 250 249 248 249 249 249 251 251 250 250 250
1210 250 250 250 250 251 251 251 250 250 250 251 252 253 255 257 257 258 258 258 259 258 258 259 260 261 261 261 260 261 261 262 262 262 264 264 266 267 268 269 271 273 274 272 270 268 267 266 267 268 271 273 275 277 277 276 276 275 276 274 272
1211 271 272 274 275 275 275 277 277 276 275 274 275 273 271 269 270 272 271 270 269 269 270 272 270 268 267 267 268 269 271 271 271 272 271 270 269 269 271 273 275 277 276 277 277 277 275 275 276 276 275 275 274 274 273 274 275 276 276 276 275
1212 276 276 276 276 276 277 278 277 278 278 278 279 279 279 280 283 284 284 285 284 284 285 283 281 281 281 281 280 282 284 285 284 281 283 285 288 288 289 287 286 285 284 284 284 285 287 289 291 291 290 292 293 291 290 288 287 286 288 289 289
1213 290 291 291 290 289 289 289 290 292 293 293 293 293 291 291 291 290 290 290 289 288 289 290 289 289 289 291 293 293 293 295 295 293 291 292 293 292 293 293 292 292 293 292 292 294 296 295 293 293 293 294 295 297 297 297 295 294 294 297 298
1214 298 299 298 298 299 299 298 298 298 298 297 297 297 297 299 301 301 300 301 301 300 301 301 301 302 302 302 301 301 303 305 307 304 305 305 303 300 297 297 299 298 297 297 295 295 296 297 297 299 300 301 299 298 299 298 298 296 297 297 296
1215 295 296 296 296 297 296 296 298 297 299 299 300 301 302 301 300 299 300 301 301 301 302 301 302 302 302 302 304 303 305 304 303 301 301 302 302 302 300 298 300 300 300 298 296 295 295 295 296 296 296 297 298 299 299 299 299 300 299 300 299
1216 298 296 295 296 297 298 300 299 298 298 298 300 302 302 301 298 299 300 300 299 300 300 298 297 297 298 300 302 303 305 305 303 302 304 303 300 300 300 299 299 299 300 300 299 298 299 298 299 298 297 296 296 295 296 297 298 299 300 300 299
1217 298 298 299 300 297 296 297 297 298 299 296 295 295 294 294 294 296 296 297 296 294 293 293 294 294 294 295 294 295 293 291 291 291 291 291 291 291 292 292 292 292 292 291 289 289 290 290 290 290 290 290 291 291 290 289 290 290 291 293 295
1218 296 295 294 292 291 291 291 292 293 294 294 295 295 296 296 295 295 295 295 297 297 298 298 296 294 293 292 292 292 291 292 291 291 290 290 289 289 289 289 289 289 289 288 288 288 288 287 287 287 287 287 287 288 288 289 288 289 288 288 288
1219 288 288 288 288 288 288 288 288 288 288 287 288 288 287 287 287 287 287 287 287 286 286 286 286 285 285 285 285 285 285 284 284 284 284 284 283 283 282 282 281 281 281 281 281 280 280 280 279 279 279 279 279 279 278 279 279 279 278 278 278
1220 278 278 278 278 278 278 278 278 278 278 277 277 277 277 277 277 277 277 277 277 277 276 277 276 276 276 275 275 275 274 274 274 274 274 273 273 272 272 271 271 271 271 271 271 271 271 271 270 271 270 270 270 270 270 269 270 270 270 269 269
1221 269 269 269 268 269 268 268 268 268 268 268 267 267 267 267 267 266 266 266 266 266 266 266 266 266 265 265 265 264 264 264 265 265 265 264 265 264 264 264 264 264 264 264 264 264 264 263 263 263 264 264 264 263 263 264 264 264 264 264 264
1222 263 262 263 263 263 263 262 263 263 263 263 263 262 262 262 262 261 261 261 261 262 262 262 261 261 261 261 261 261 261 261 261 260 260 260 260 259 260 260 260 260 260 260 259 259 259 259 258 258 257 257 258 258 258 258 258 258 258 257 257
1223 257 256 256 257 257 258 258 258 258 258 257 257 257 257 257 258 258 257 257 257 257 258 257 257 256 257 257 257 257 257 257 257 257 257 257 257 257 258 257 257 256 256 256 255 255 254 254 254 254 254 254 254 254 255 255 254 254 255 255 255
1300 254 254 254 254 253 253 253 254 254 254 254 254 254 254 254 254 254 254 254 254 253 254 254 254 254 254 254 254 254 254 254 254 254 254 254 254 254 254 254 254 254 253 253 253 253 253 254 254 253 253 253 253 252 252 252 252 252 252 251 251
1301 251 251 251 251 251 250 250 250 250 250 250 250 250 250 251 251 250 250 250 250 250 250 250 250 250 250 249 249 249 249 250 250 249 249 249 249 250 250 250 251 250 250 250 251 251 251 250 250 250 249 250 249 249 250 250 249 249 249 249 249
1302 249 249 249 249 249 249 249 249 249 248 248 248 247 247 247 248 248 248 248 248 247 247 247 247 247 247 247 247 247 247 247 247 247 247 247 247 246 247 247 247 247 247 246 246 246 246 246 246 246 246 246 246 246 246 246 246 246 246 246 246
1303 246 246 246 246 246 246 246 246 246 246 246 245 245 245 246 246 246 246 246 246 246 246 246 245 245 246 246 246 246 246 245 244 244 244 243 243 243 243 243 243 243 243 243 242 242 241 241 242 242 242 242 242 242 242 242 242 242 242 242 242
1304 242 242 241 241 241 241 241 240 240 240 240 240 240 240 240 240 240 240 240 240 240 240 240 240 240 240 240 240 240 240 239 239 240 240 240 240 240 240 239 239 238 238 239 239 239 239 239 239 239 239 239 239 239 239 239 239 239 239 239 239
1305 239 239 239 239 239 239 239 239 239 239 239 239 239 239 238 239 239 239 239 239 239 238 238 238 238 238 238 238 238 238 237 237 237 237 237 237 238 238 238 238 237 237 238 237 237 237 238 237 237 237 237 236 236 236 236 236 235 236 236 236
1306 236 236 236 236 236 236 236 236 236 235 235 235 235 236 236 235 235 235 236 242 236 236 237 236 236 236 236 236 236 237 237 237 237 236 237 237 237 236 236 236 236 236 235 235 236 235 235 235 235 236 236 236 235 235 235 235 235 235 235 235
1307 235 235 235 235 235 236 236 236 236 236 237 237 236 236 237 237 238 238 238 238 238 238 238 238 238 238 238 238 238 238 238 239 238 238 238 238 238 238 238 238 238 238 237 237 237 237 237 237 237 237 236 236 236 236 236 236 236 236 236 236
1308 236 236 236 236 236 237 237 237 236 236 237 237 237 237 237 237 237 237 237 237 237 237 237 237 237 237 237 236 236 236 236 236 236 236 236 236 236 235 235 235 235 235 235 235 236 236 235 235 236 236 236 236 236 236 236 236 236 236 236 236
1309 236 236 236 236 235 235 235 235 234 234 234 234 234 234 234 234 234 235 235 235 235 235 235 236 235 235 235 236 236 236 236 236 235 235 236 236 236 236 236 237 236 236 236 236 237 237 237 237 237 237 237 237 237 237 236 237 237 237 237 237
1310 237 237 237 236 236 236 236 236 236 236 236 236 236 236 236 236 237 237 238 238 239 239 239 239 240 240 240 240 240 240 241 241 241 242 253 242 242 242 242 242 243 243 243 244 244 245 245 246 246 246 246 246 246 247 247 247 248 248 249 249
1311 250 251 252 252 251 251 250 250 251 252 253 253 253 253 254 254 254 254 253 254 255 255 255 254 253 253 253 252 252 252 253 254 255 257 258 259 259 260 260 260 260 260 260 262 264 266 265 265 266 269 269 267 265 264 263 263 263 263 263 264
1312 265 265 266 268 268 269 268 268 269 270 271 271 272 274 275 275 274 275 277 277 277 275 273 272 271 270 268 268 268 269 270 271 272 273 273 274 274 274 273 274 275 274 275 275 274 274 273 274 272 273 272 273 274 273 274 274 274 275 276 276
1313 276 275 276 278 278 279 279 278 277 278 280 282 283 284 286 287 288 289 290 291 290 287 287 289 291 290 288 287 285 285 286 287 288 288 289 289 290 292 292 292 291 291 289 288 289 290 288 286 286 287 288 289 290 291 293 291 291 294 296 297
1314 297 298 297 297 299 299 298 298 297 295 294 294 295 296 297 299 299 299 299 301 300 299 300 302 301 300 302 303 304 302 300 300 300 302 302 301 299 298 298 298 301 303 305 304 304 304 303 304 304 265 303 302 301 300 301 302 305 307 309 310
1315 309 307 307 306 306 306 307 304 303 303 304 305 305 305 304 304 304 304 304 306 307 308 308 310 310 308 308 308 308 307 305 305 302 301 300 299 299 299 298 298 298 301 303 303 302 303 304 304 306 306 307 308 310 308 307 307 305 302 303 303
1316 304 304 304 304 305 307 308 310 309 308 307 306 307 307 306 306 306 304 304 304 305 306 307 308 306 305 307 307 307 306 306 307 308 308 309 310 309 306 303 301 300 300 301 302 302 301 299 298 299 300 300 301 301 301 300 298 297 297 298 298
1317 298 298 297 297 296 296 296 295 295 294 294 294 294 294 293 293 293 293 293 293 293 293 293 293 293 293 293 293 292 292 292 292 293 293 293 292 291 291 291 291 291 291 290 290 290 291 290 289 288 289 289 288 287 287 288 289 289 289 289 289
1318 289 289 289 289 289 289 289 288 288 288 287 287 287 287 286 286 286 286 287 287 287 287 287 287 286 286 286 286 286 286 286 286 286 286 286 286 287 286 286 286 287 287 287 287 287 287 287 286 286 286 286 286 286 286 286 286 286 286 286 286
1319 286 286 286 287 244 287 287 287 287 287 287 287 287 287 287 287 287 288 287 287 287 287 286 286 285 285 285 285 285 285 285 285 284 285 285 284 284 284 283 283 283 283 283 283 283 283 283 283 282 282 282 281 280 280 279 279 279 278 278 278
1320 279 279 279 279 279 278 278 278 278 278 278 278 278 278 278 278 278 278 278 278 277 277 277 277 277 277 277 277 277 277 277 277 277 276 276 277 276 277 277 277 277 277 277 277 276 276 276 276 276 276 276 276 276 275 275 274 274 273 273 272
1321 272 271 270 270 269 269 268 268 268 268 267 267 267 267 266 265 264 263 263 262 262 261 261 261 261 261 260 260 259 259 258 258 258 258 258 258 258 257 257 257 257 257 257 257 257 257 256 256 256 256 257 257 256 256 256 256 256 256 256 256
1322 256 256 256 256 256 256 256 256 256 255 255 255 255 255 255 254 254 254 254 254 253 253 252 252 251 250 250 249 249 248 248 247 247 246 246 246 245 245 244 244 244 244 244 244 244 244 244 243 243 243 243 243 243 243 243 243 243 243 243 243
1323 242 242 242 242 241 241 240 240 239 239 239 238 238 237 237 236 236 236 236 236 236 236 235 236 235 235 235 236 236 236 236 236 237 237 237 236 236 237 237 237 236 237 237 237 237 237 237 237 237 237 237 237 237 237 238 238 238 238 238 238
1400 238 238 238 238 239 239 239 239 239 238 238 238 238 237 237 237 237 237 238 238 238 238 238 238 238 238 238 239 239 239 239 238 239 239 239 239 239 239 239 239 239 239 239 239 239 238 239 239 239 239 239 239 240 240 240 240 240 240 240 240
1401 240 240 241 241 241 241 241 241 241 241 241 241 240 240 239 239 239 239 238 238 238 238 238 238 238 238 238 238 238 238 238 238 238 238 238 238 238 237 237 237 237 237 237 237 237 237 237 236 237 236 236 236 236 236 236 236 236 236 236 236
1402 236 236 236 236 236 236 236 237 237 237 237 237 238 238 238 238 237 237 237 237 237 237 237 237 238 238 238 238 239 238 239 239 239 239 239 239 239 239 239 239 239 239 239 239 239 238 238 238 238 237 237 237 236 236 235 235 234 234 234 234
1403 233 233 233 233 233 232 232 232 232 232 232 232 232 232 232 232 232 232 232 232 232 232 232 232 232 232 232 232 232 232 232 233 233 233 233 233 232 233 233 233 233 233 233 233 232 232 233 233 233 233 232 232 232 232 232 232 231 231 231 231
1404 231 231 231 232 232 232 232 232 232 232 232 232 232 232 232 232 232 232 231 231 231 230 230 231 231 231 230 230 230 230 230 230 230 229 229 229 228 228 228 227 227 227 227 227 227 227 228 228 228 228 228 228 227 226 226 225 225 225 224 224
1405 224 224 224 224 224 224 224 224 224 224 223 223 223 223 223 223 223 224 224 225 225 226 226 226 227 227 227 227 227 227 227 227 227 227 228 228 228 228 228 227 227 227 227 227 227 226 226 226 225 226 226 226 227 227 226 226 225 225 225 224
1406 223 223 222 222 222 222 221 221 221 221 221 221 221 221 221 221 220 220 220 220 220 219 219 219 219 219 219 218 219 219 219 219 219 219 219 220 220 220 220 220 221 221 221 220 220 219 219 219 218 219 219 219 219 219 219 219 219 219 219 221
1407 221 221 221 221 221 221 221 221 222 222 222 222 222 222 222 222 222 223 223 223 222 222 222 222 221 221 221 221 222 222 223 223 224 224 224 225 225 225 225 225 225 225 226 226 226 226 227 227 227 227 227 227 227 227 227 227 228 228 228 228
1408 228 229 229 229 230 230 230 230 230 230 230 230 230 230 231 231 232 232 233 233 234 234 235 235 235 235 236 236 236 236 236 236 236 236 237 237 238 238 238 238 239 239 239 239 240 241 241 242 242 243 243 243 243 245 246 247 247 247 247 247
1409 247 247 248 248 249 249 251 252 252 253 254 254 254 254 253 253 252 252 251 250 249 248 247 246 245 245 244 243 243 243 243 243 243 243 243 243 243 243 244 245 246 247 249 251 252 253 254 255 256 256 258 259 259 259 260 260 259 259 259 260
1410 261 262 263 264 264 264 264 263 262 261 260 259 258 258 258 258 258 259 259 257 257 258 259 260 261 263 264 266 268 268 265 263 264 264 264 265 265 264 265 265 266 267 269 270 272 272 271 271 272 274 273 272 272 273 273 273 274 273 273 273
1411 273 273 273 275 277 280 281 282 282 282 282 283 284 284 286 287 284 282 281 281 280 280 280 279 280 282 285 285 287 288 289 291 290 289 289 290 288 286 285 284 282 282 283 286 287 285 287 289 288 288 287 287 287 286 285 285 286 288 290 291
1412 292 293 294 294 293 293 293 292 291 290 289 290 291 292 292 293 292 293 293 293 295 296 295 293 293 296 298 300 301 301 301 302 301 302 299 296 296 295 294 293 293 293 292 293 293 293 295 297 299 301 300 299 300 301 303 304 305 305 305 303
1413 300 301 303 302 301 300 299 299 297 297 297 298 299 301 304 303 302 301 298 297 295 296 296 296 297 297 296 298 300 301 301 304 305 305 305 304 304 306 305 305 307 307 305 305 306 307 307 307 306 304 304 304 304 304 304 302 301 301 301 301
1414 301 301 302 304 305 305 304 305 306 306 306 305 305 305 303 303 303 303 303 303 305 306 307 305 303 302 301 301 303 305 307 310 313 316 315 315 313 312 313 312 311 309 310 311 313 313 313 314 311 311 310 310 312 315 316 316 315 315 312 310
1415 309 308 309 310 310 312 310 309 309 309 310 313 314 314 314 315 315 315 313 313 312 312 312 311 310 310 313 316 317 318 320 319 317 316 316 315 314 314 312 311 312 311 309 308 308 309 310 311 311 312 313 315 317 317 318 318 316 315 313 312
1416 312 312 313 313 314 314 314 314 314 313 314 314 314 315 315 315 314 312 313 313 313 312 312 313 313 313 313 314 316 316 316 317 318 317 316 315 316 317 319 320 320 320 320 320 320 320 319 317 317 317 317 317 315 314 313 312 312 314 315 316
1417 315 315 314 314 314 314 315 315 316 316 315 314 315 316 318 319 319 319 319 318 316 315 313 313 313 313 312 312 311 311 311 310 310 310 310 309 310 310 310 310 309 309 310 310 310 310 309 309 309 309 309 308 308 307 307 306 306 306 306 306
1418 306 305 305 305 305 306 306 306 306 306 306 307 306 307 308 308 308 308 308 309 309 310 310 310 310 311 310 311 312 312 311 311 312 311 311 310 311 311 311 310 310 310 310 309 308 308 307 307 307 307 308 308 309 309 310 311 312 312 312 313
1419 313 313 312 312 312 311 312 312 312 311 311 310 310 310 310 309 309 308 308 308 308 308 308 308 308 308 308 308 308 308 308 308 308 308 307 307 306 306 306 305 304 304 304 303 303 303 303 303 302 302 302 301 301 301 302 301 301 301 301 301
1420 301 301 300 299 300 301 301 300 300 300 300 299 299 298 297 296 296 296 296 295 295 294 292 292 292 292 292 292 292 291 291 290 289 289 288 286 286 285 285 284 284 284 283 283 283 282 281 281 281 280 280 281 280 280 279 279 278 278 277 277
1421 276 276 276 275 275 275 275 274 274 275 275 274 274 274 274 274 274 272 271 271 271 271 270 270 270 270 270 270 270 269 269 269 269 269 269 268 268 268 267 267 266 266 266 266 266 266 265 265 264 263 263 262 262 262 262 262 262 262 262 261
1422 261 261 260 260 260 260 260 259 259 259 259 259 259 259 258 258 257 257 257 256 255 255 254 254 254 254 253 253 253 253 253 253 253 252 252 252 253 253 253 253 253 253 253 253 253 253 253 253 253 252 253 253 253 253 252 252 252 251 251 251
1423 250 257 250 250 250 251 250 250 250 250 250 250 250 250 250 249 249 249 250 250 250 250 251 251 250 250 250 251 251 252 252 253 252 252 252 253 253 253 253 253 253 253 254 254 253 253 253 253 253 253 253 253 253 254 253 253 252 252 252 252
1500 252 252 252 252 252 253 253 253 253 253 253 253 253 253 253 254 253 253 252 253 254 254 255 254 254 253 253 253 252 252 253 253 253 254 254 254 254 253 253 252 252 252 252 252 252 252 253 254 253 253 254 253 252 252 251 251 251 251 251 250
1501 250 250 250 250 250 250 250 249 249 248 248 248 247 247 247 247 247 247 247 247 247 247 247 248 248 249 249 248 248 248 248 247 248 248 247 248 248 248 248 249 249 249 249 249 249 248 249 249 248 249 248 248 248 248 248 248 248 247 247 247
1502 247 247 247 246 246 246 245 245 245 244 244 244 244 244 244 244 244 243 243 243 243 242 242 242 241 241 241 241 240 240 240 240 241 241 240 240 240 240 241 241 242 243 243 244 245 245 246 246 247 246 246 246 246 246 247 247 248 248 249 250
1503 250 250 249 249 249 249 249 250 249 249 248 248 248 247 247 247 247 248 250 251 251 253 254 255 256 256 256 257 257 257 257 256 256 255 255 255 255 254 254 254 254 254 253 252 252 251 251 250 250 250 250 250 250 250 250 250 249 249 249 249
1504 249 249 250 251 251 252 252 252 252 251 251 251 250 249 248 248 247 247 247 247 247 247 246 246 246 246 245 245 245 246 245 246 246 245 245 245 244 244 244 243 243 243 243 243 243 243 242 242 242 242 241 241 241 240 240 240 240 240 239 239
1505 239 239 239 238 238 237 237 237 237 237 236 236 236 236 236 236 235 235 235 235 235 235 235 235 235 234 234 234 234 234 234 234 234 234 234 234 234 234 234 234 234 234 234 233 233 233 233 233 233 233 233 233 233 233 233 233 233 233 233 233
1506 233 233 233 233 233 233 233 233 234 234 234 234 234 234 234 234 234 234 234 234 233 233 233 233 233 233 233 233 233 233 233 233 233 233 233 233 233 233 233 233 233 233 233 233 232 232 231 231 231 231 231 231 231 231 231 232 231 231 231 231
1507 232 232 232 232 232 232 232 232 232 232 232 232 232 232 232 232 232 233 233 233 233 233 233 233 234 234 234 234 234 235 235 217 235 235 234 235 235 235 235 235 235 235 235 235 235 235 235 235 235 235 235 235 235 236 236 236 236 236 237 237
1508 237 238 238 238 238 238 238 239 239 239 239 239 240 240 241 241 242 243 243 243 244 244 244 245 245 245 245 245 246 247 247 247 248 249 251 251 252 253 253 254 255 256 256 256 257 257 258 259 260 260 261 262 262 263 263 264 264 264 263 263
1509 263 263 263 263 263 264 264 264 265 265 265 265 265 265 265 265 265 265 266 266 266 267 267 267 267 268 268 269 269 270 270 272 273 275 276 276 277 278 278 278 278 277 277 276 275 274 274 275 275 275 276 277 278 278 277 277 277 277 277 278
1510 279 280 281 281 282 282 282 282 283 284 284 284 284 285 285 284 283 283 283 283 284 285 286 287 288 288 287 286 285 285 286 286 288 290 291 291 293 294 295 295 293 293 293 293 293 293 294 295 297 298 300 302 303 304 305 307 309 308 308 305
1511 302 300 300 298 299 301 301 301 300 300 302 303 303 303 303 303 302 301 300 299 299 299 300 302 301 300 299 297 297 298 298 297 297 298 299 299 299 301 301 301 301 302 302 302 301 300 296 301 301 301 301 302 302 302 303 305 306 304 304 305
1512 304 303 302 304 304 304 303 304 304 306 308 308 306 306 307 307 306 307 308 309 310 308 308 309 306 306 306 305 305 305 304 305 307 307 308 308 307 307 308 306 306 305 304 304 304 302 302 302 301 301 301 299 298 298 298 299 298 297 296 296
1513 296 295 295 295 295 295 295 294 294 293 292 291 289 288 287 286 284 284 283 280 276 274 271 267 261 257 255 253 251 249 247 247 247 247 248 249 251 252 253 253 255 256 257 257 258 259 259 260 260 261 263 264 264 264 265 266 268 271 273 273
1514 274 275 275 275 275 276 276 275 274 273 273 273 272 272 272 271 270 270 270 270 271 271 271 272 273 273 273 273 272 271 271 269 267 265 264 263 262 262 262 262 262 262 262 262 263 263 263 264 264 264 263 263 263 263 263 263 264 266 266 267
1515 266 267 267 267 267 264 262 262 262 262 260 260 260 261 263 264 266 268 269 270 270 270 269 268 267 266 265 265 265 267 268 270 272 271 271 272 275 276 275 272 270 269 269 268 269 270 271 271 271 271 272 274 275 277 279 282 284 284 284 283
1516 282 279 278 278 277 277 278 279 279 277 275 274 273 272 272 271 271 272 272 273 272 271 270 269 268 268 268 269 269 268 268 268 268 268 268 267 267 267 267 266 265 265 264 264 265 265 265 263 261 261 262 262 262 262 261 261 260 258 258 258
1517 257 257 258 258 259 259 259 259 259 260 259 258 257 256 255 255 255 255 256 256 256 257 257 258 258 259 259 259 259 259 258 257 258 258 258 257 256 256 256 256 256 255 255 255 256 256 256 256 256 256 255 255 255 255 255 254 254 253 252 252
1518 252 252 252 252 252 252 251 252 252 252 252 252 252 252 252 252 252 251 251 251 251 250 250 250 250 250 249 249 249 250 250 250 251 251 251 251 251 251 251 251 250 251 250 250 250 250 250 249 249 249 249 249 249 249 249 249 249 249 249 248
1519 248 248 247 247 246 246 246 246 246 246 246 246 246 246 246 246 246 246 246 246 246 246 246 246 247 247 247 247 247 247 247 247 247 247 247 247 247 247 247 247 247 247 247 247 247 247 247 247 247 247 247 247 247 246 246 246 246 246 246 246
1520 246 246 247 247 247 247 247 247 246 246 246 246 246 246 246 247 248 248 248 248 248 248 249 249 249 249 249 249 249 249 249 249 248 248 248 248 248 248 248 248 248 248 247 247 247 247 247 247 247 247 247 247 247 247 247 246 247 247 247 247
1521 247 247 247 247 247 247 247 247 247 246 247 247 247 247 247 246 246 246 245 245 245 244 244 244 243 242 242 241 241 241 240 240 240 240 240 239 239 239 239 238 238 238 238 238 238 238 238 238 238 238 238 238 239 239 239 239 239 239 239 239
1522 239 239 240 240 239 239 240 239 239 239 239 240 240 240 240 240 241 241 241 241 241 240 240 240 240 240 240 240 239 240 239 239 239 239 239 239 239 239 239 238 238 238 238 238 238 238 238 238 238 237 237 237 237 237 237 236 236 236 236 235
1523 235 235 235 235 234 234 234 234 234 234 234 234 234 234 234 233 233 233 233 232 232 232 232 232 232 232 232 232 232 232 231 231 231 231 231 231 231 231 231 231 230 230 230 230 229 229 229 229 228 228 228 228 228 228 228 228 228 228 227 227
1600 227 227 227 227 227 226 226 226 226 225 225 225 225 225 225 226 226 226 226 226 226 225 225 225 226 226 226 226 226 226 226 226 226 226 226 225 225 225 225 225 224 224 224 223 223 223 222 222 222 222 222 222 222 221 221 221 220 220 220 220
1601 219 219 219 219 219 219 219 219 219 219 219 219 218 218 218 218 217 217 217 217 216 216 216 216 216 216 216 215 216 215 215 216 216 216 216 216 215 215 215 215 215 215 215 214 214 214 214 214 214 214 214 213 213 213 213 213 213 213 213 212
1602 212 212 212 212 212 212 213 213 213 213 212 213 213 213 213 213 213 213 213 213 213 213 213 212 213 213 212 212 213 213 213 213 213 213 212 212 213 213 213 213 213 213 213 213 213 213 213 213 213 213 213 213 213 214 213 213 213 213 213 213
1603 213 213 213 213 213 213 213 213 213 213 213 213 213 214 213 213 214 214 214 213 214 214 214 214 214 214 214 214 214 213 213 212 213 212 212 213 213 212 211 211 212 212 212 211 211 212 213 213 212 213 213 212 212 212 212 211 211 212 211 211
1604 211 211 211 211 210 210 210 210 210 210 210 209 210 211 212 213 213 214 213 214 213 214 213 213 213 213 213 214 214 214 214 214 214 214 214 214 214 214 214 213 214 214 214 214 214 213 213 213 213 213 213 213 214 213 214 214 214 214 213 213
1605 213 213 212 212 212 212 212 212 213 213 213 214 214 214 214 214 214 214 214 214 214 214 213 214 213 213 213 214 214 213 213 213 213 213 212 212 212 212 212 212 211 211 211 211 211 210 210 210 210 210 210 209 209 209 209 209 209 209 209 209
1606 209 209 209 209 209 209 208 208 207 207 207 206 206 206 206 206 206 206 206 206 206 206 206 205 205 205 205 205 205 205 205 205 205 205 205 205 205 205 205 206 206 206 206 206 206 206 206 206 206 206 206 206 206 206 206 206 206 205 205 205
1607 205 205 204 204 204 204 204 204 204 204 204 204 203 204 204 204 203 203 203 203 203 202 202 202 201 201 201 201 201 201 201 201 201 201 200 200 200 200 199 199 199 199 199 199 199 199 198 198 198 198 198 198 198 198 198 198 198 198 198 198
1608 198 198 198 198 198 198 198 199 199 199 199 199 199 199 199 199 199 199 199 199 199 200 200 200 200 200 200 200 200 200 200 200 200 201 200 201 201 201 201 201 201 201 201 201 200 200 200 200 200 200 200 200 199 199 199 199 199 199 199 199
1609 199 200 200 200 200 199 199 200 200 200 200 200 200 200 200 200 200 201 201 201 201 201 202 202 202 202 202 202 203 203 203 203 203 203 204 204 204 204 204 204 205 205 205 205 205 205 205 206 206 205 206 206 206 206 206 206 206 207 207 207
1610 207 207 207 207 207 207 207 207 207 207 207 206 206 205 205 205 205 205 205 205 205 206 205 206 206 206 206 206 207 207 207 207 207 208 207 208 208 208 208 208 208 209 208 208 208 208 208 208 208 208 208 208 208 208 208 208 208 208 208 208
1611 208 208 208 208 208 207 207 207 207 207 208 208 208 208 208 208 208 208 208 208 208 208 208 208 208 209 209 208 209 209 209 209 209 209 209 209 209 209 210 210 210 210 211 211 211 211 211 211 211 212 212 212 211 211 211 211 211 211 210 211
1612 210 211 211 211 211 212 212 211 211 211 211 212 212 212 213 213 213 213 213 213 213 213 213 213 213 213 213 214 214 214 214 214 215 215 215 215 215 216 216 216 216 216 216 216 215 215 215 214 214 213 213 213 213 213 213 214 213 213 213 213
1613 214 213 213 213 213 212 212 212 212 213 213 213 213 213 213 213 213 213 213 213 212 212 212 212 211 211 211 210 211 211 210 210 210 209 210 209 209 209 209 209 208 208 207 207 206 206 206 205 205 205 204 204 204 203 203 203 204 204 204 203
1614 204 204 204 205 204 204 204 204 203 203 202 202 202 202 202 202 202 202 201 201 201 201 202 202 201 201 201 201 201 201 201 201 201 201 201 201 201 201 200 200 200 200 200 199 200 200 200 199 200 200 201 200 200 201 202 202 202 202 202 203
1615 203 203 203 202 203 203 203 203 204 203 204 205 204 205 205 205 205 205 206 206 205 206 206 205 205 206 207 207 207 207 207 207 207 207 208 208 208 208 207 208 208 208 208 208 208 207 208 208 207 207 207 207 207 207 207 207 206 207 207 207
1616 207 208 208 208 207 207 207 208 208 207 207 207 207 207 207 206 207 207 207 207 207 207 207 207 208 208 209 209 208 209 209 208 208 208 208 208 207 208 208 208 207 208 208 208 208 208 208 208 208 207 207 206 206 206 206 207 208 207 206 207
1617 208 208 208 208 208 208 208 208 209 209 210 210 209 209 210 210 211 211 210 211 211 212 211 211 210 212 211 211 211 211 211 211 211 211 211 211 211 211 211 211 211 211 211 211 211 211 211 210 210 210 210 210 210 210 210 210 210 210 210 209
1618 209 209 210 210 210 210 210 209 209 209 209 209 209 209 209 209 209 209 209 209 209 209 209 209 209 209 209 209 209 209 209 209 210 210 210 209 209 209 209 210 210 209 210 209 209 209 209 209 209 209 209 209 209 208 208 208 209 208 209 209
1619 209 208 208 208 208 208 208 208 208 208 207 207 207 207 207 206 206 206 207 206 206 206 206 206 206 206 206 206 206 206 206 206 206 206 206 206 206 206 206 206 206 206 206 206 206 206 206 206 206 206 206 206 206 206 206 206 206 206 206 206
1620 206 206 206 206 206 206 206 206 207 207 207 207 207 207 207 207 207 207 207 207 207 207 207 207 207 207 207 207 207 207 207 207 207 207 207 207 207 207 207 207 207 207 207 207 206 206 206 206 206 206 205 205 205 205 204 204 204 204 203 203
1621 203 203 203 203 203 203 202 202 202 202 202 202 201 201 201 201 201 200 200 200 200 200 200 200 201 201 200 200 200 200 200 200 200 200 200 200 199 199 199 198 198 199 198 198 198 199 199 199 198 198 198 197 197 197 196 196 196 196 196 196
1622 196 196 196 196 196 196 196 196 196 196 196 196 196 196 196 195 195 195 195 195 194 194 194 194 194 194 194 194 194 194 194 194 194 194 193 193 193 193 193 193 193 193 192 192 192 192 192 192 192 192 192 191 191 191 191 191 191 191 191 191
1623 191 191 191 191 191 191 191 191 191 191 191 191 191 191 192 191 191 191 191 191 191 191 191 191 191 191 192 192 191 191 191 190 191 191 191 191 191 191 190 190 190 191 191 191 191 190 190 190 190 190 190 190 190 190 190 190 190 191 191 191
1700 190 190 190 190 190 191 191 191 190 190 190 191 191 190 191 191 191 191 191 191 191 191 192 192 192 192 192 192 192 191 191 191 191 191 191 191 191 191 191 191 191 191 191 190 190 190 190 190 190 190 190 190 190 190 190 190 190 190 190 190
1701 190 190 190 222 190 190 190 190 190 190 190 190 189 189 189 189 189 189 188 188 188 188 188 188 188 188 188 188 188 188 188 188 188 188 188 187 187 187 187 187 188 188 188 188 187 188 188 188 188 188 188 188 188 188 187 187 187 187 187 187
1702 187 187 187 187 187 187 187 187 187 187 187 187 187 187 187 187 187 187 186 186 186 186 187 187 187 187 186 186 186 186 186 187 187 187 187 187 187 187 187 187 187 187 187 187 187 187 187 187 187 187 187 187 187 187 187 186 187 187 187 186
1703 186 186 186 186 186 186 185 186 186 186 186 186 186 186 186 186 186 186 186 186 186 186 186 186 186 186 186 186 185 186 185 186 186 186 186 186 186 186 186 186 186 186 186 186 186 186 186 186 186 186 186 186 186 186 186 186 186 186 186 186
1704 186 186 186 186 185 186 186 186 186 186 186 186 186 186 186 186 186 186 186 186 186 186 186 186 186 186 186 186 186 186 186 186 186 186 185 185 186 186 185 186 186 185 185 185 185 185 185 185 186 186 185 185 185 185 185 185 185 185 186 185
1705 185 185 185 186 186 186 186 186 186 186 186 186 186 186 186 186 186 185 212 185 185 185 185 185 185 185 185 185 184 184 184 184 184 184 184 184 184 184 184 184 184 185 185 185 185 185 185 185 185 185 184 185 184 185 184 184 185 185 185 185
1706 184 184 185 185 185 185 185 185 185 185 185 185 185 185 185 185 185 185 185 185 185 185 185 185 186 185 185 185 185 186 186 186 186 186 186 186 186 186 186 186 186 186 187 187 187 186 186 186 186 185 185 185 185 185 185 185 186 186 186 186
1707 186 186 186 186 185 185 185 185 185 185 186 186 186 186 186 186 186 186 186 186 185 185 185 186 186 185 185 185 185 185 185 185 185 185 185 185 185 185 185 185 185 184 184 184 184 185 185 185 185 184 184 185 185 185 186 186 186 186 186 186
1708 186 186 186 186 186 186 186 186 186 186 186 186 186 186 186 186 186 186 187 187 187 187 187 187 187 186 186 186 186 186 186 186 186 186 186 186 186 186 186 186 186 186 186 186 186 186 186 186 186 186 186 186 186 186 186 186 186 186 186 186
1709 186 187 187 187 187 187 187 187 187 187 187 187 187 187 187 187 187 187 187 187 187 187 187 187 187 187 187 187 187 187 187 187 187 214 187 187 188 188 188 188 188 188 189 189 188 189 189 189 188 189 189 189 189 189 189 189 189 189 189 189
1710 189 189 189 189 189 189 189 189 189 189 189 189 189 189 189 189 190 190 190 190 190 190 190 190 190 190 190 190 190 190 190 190 190 189 190 190 190 190 190 190 190 190 190 190 190 190 190 190 190 190 190 190 191 191 191 191 191 191 191 191
1711 190 190 190 190 190 191 191 191 190 190 190 189 189 189 189 189 189 190 190 190 190 190 190 190 190 190 189 190 190 190 190 190 189 189 188 188 189 189 189 189 189 190 190 190 190 189 190 190 190 190 190 191 190 190 191 191 191 191 191 191
1712 191 191 191 191 191 190 190 191 190 190 190 190 190 190 191 191 192 192 191 191 191 192 192 192 192 192 191 192 192 192 192 192 192 192 192 191 191 191 191 191 191 191 191 192 192 191 192 192 192 192 193 193 192 193 193 193 193 193 193 193
1713 193 193 193 193 193 193 193 193 193 193 193 193 194 194 193 192 192 193 193 193 193 194 193 193 193 193 193 193 193 193 194 194 194 194 194 195 194 194 195 195 195 195 195 195 195 195 195 195 270 196 196 196 196 197 197 197 197 197 197 197
1714 197 197 196 196 195 195 196 197 197 198 198 198 196 197 197 196 196 197 197 197 197 197 197 197 197 198 198 197 197 197 197 197 197 197 197 196 196 196 196 196 196 197 196 196 196 196 196 196 196 196 196 197 196 196 196 196 196 196 196 196
1715 196 195 195 195 195 195 196 197 197 197 197 198 198 198 198 199 199 200 199 198 198 198 198 198 198 198 199 199 199 199 200 199 199 200 199 199 200 200 200 200 200 199 199 200 199 200 200 200 200 200 200 199 199 200 200 201 201 200 201 202
1716 202 202 202 202 202 202 202 202 202 202 203 203 204 204 204 203 203 203 203 203 203 203 203 203 203 203 202 203 203 203 203 202 202 202 202 202 201 201 202 202 202 202 202 202 202 202 202 202 202 202 202 203 202 202 203 203 203 203 203 203
1717 203 203 203 203 203 203 203 203 203 203 202 203 202 202 202 202 202 202 202 202 201 201 202 201 202 201 201 201 201 201 200 201 201 201 201 201 202 202 202 202 202 202 202 203 203 203 203 203 202 202 201 201 201 201 201 202 201 201 200 199
1718 199 200 200 292 200 199 199 199 199 199 200 200 199 199 199 199 200 200 199 199 198 198 198 198 199 198 198 198 198 198 198 198 198 199 198 198 198 199 199 199 199 199 199 199 199 198 199 199 199 199 200 200 200 200 200 200 201 201 201 200
1719 200 200 201 200 201 201 201 201 201 201 201 201 201 201 202 202 203 204 204 204 203 204 204 204 205 205 204 204 204 204 204 204 204 204 204 204 204 204 204 204 204 204 205 204 204 204 205 205 205 206 206 206 206 206 206 206 206 206 207 207
1720 207 207 207 206 207 206 206 206 206 206 206 206 205 206 206 206 206 206 206 206 206 205 205 206 206 206 205 205 205 205 205 206 205 205 205 205 205 205 205 205 205 203 202 203 203 203 203 202 202 203 204 204 204 205 205 204 204 204 204 204
1721 203 203 203 203 203 203 203 202 202 201 201 201 200 201 201 201 201 201 201 201 202 202 202 202 202 202 203 203 203 203 202 202 202 202 202 201 201 202 202 202 202 202 202 202 202 202 201 201 201 201 201 201 202 202 202 202 202 202 202 202
1722 202 202 202 202 203 203 203 203 203 203 203 203 202 203 202 202 202 202 202 202 202 202 202 202 201 201 201 201 201 201 201 201 201 201 201 201 202 202 202 202 202 202 202 203 202 202 202 202 202 202 202 202 202 201 201 202 202 202 202 201
1723 201 201 201 201 201 201 201 201 202 201 201 201 201 201 201 201 201 201 201 201 200 200 200 200 200 200 201 201 201 201 201 201 201 200 200 200 200 200 200 200 200 201 201 200 200 201 200 200 200 200 200 201 201 201 201 201 201 201 201 201
1800 201 201 201 202 202 202 203 203 202 202 202 202 202 202 202 201 201 201 201 201 201 201 200 200 200 200 200 200 200 200 200 200 200 200 200 200 200 200 199 199 199 199 199 199 199 199 199 199 199 199 199 199 199 199 198 198 198 198 199 199
1801 199 199 199 199 199 199 199 199 198 198 198 198 198 197 198 198 198 198 198 198 198 198 198 198 198 199 199 199 199 200 200 199 199 199 199 199 199 198 198 198 198 198 198 199 199 199 199 199 199 199 199 198 198 198 198 198 198 198 198 198
1802 198 198 198 198 198 198 199 199 199 199 199 199 199 199 198 198 198 197 197 197 197 197 198 198 198 198 198 198 197 197 197 197 198 198 198 198 198 198 198 198 198 198 198 198 198 198 198 198 198 198 198 198 198 198 198 198 198 198 198 198
1803 198 197 197 197 197 197 198 198 198 198 198 198 198 198 198 198 198 198 198 198 198 198 198 198 198 198 198 198 198 198 198 199 199 198 199 199 199 199 199 199 199 199 199 199 199 199 199 199 199 199 199 199 199 199 199 198 198 198 198 198
1804 198 198 198 198 198 198 197 198 198 198 198 198 198 198 198 198 199 199 198 198 198 198 198 198 198 198 198 198 198 198 197 198 198 198 198 198 198 198 198 198 198 198 198 198 198 198 198 198 198 197 197 198 198 197 197 196 197 197 197 196
1805 196 197 197 197 197 197 197 197 197 197 197 197 197 197 197 197 197 197 197 197 197 197 197 197 197 197 197 197 197 197 196 196 196 196 196 196 197 197 197 197 197 197 197 197 197 197 197 197 197 197 197 197 197 198 198 198 198 198 198 198
1806 198 198 198 198 198 198 198 198 198 198 198 198 198 198 198 198 198 198 198 198 198 198 198 198 198 199 198 198 199 199 199 199 199 199 199 199 199 199 199 199 200 200 200 200 199 199 199 199 199 198 198 198 198 198 198 198 198 199 199 199
1807 199 199 199 199 199 199 199 199 198 199 199 199 199 199 199 199 199 199 199 199 199 199 199 198 198 198 198 198 198 199 199 199 199 199 199 199 199 199 200 199 199 199 199 199 198 198 198 197 198 198 198 198 198 198 198 198 198 198 199 199
1808 199 199 199 199 199 199 200 200 200 200 200 200 200 199 199 199 199 198 199 199 199 200 200 200 200 200 200 200 201 201 202 202 202 202 202 202 202 202 202 203 203 203 203 203 202 202 202 202 201 201 201 201 201 201 202 202 203 203 203 203
1809 203 203 203 203 203 203 204 204 204 204 204 204 203 203 203 203 203 203 203 203 203 203 203 203 203 203 203 203 203 203 203 203 203 203 203 203 203 203 204 204 204 204 204 204 205 205 205 205 205 205 205 205 205 205 206 206 206 206 206 206
1810 206 206 206 206 206 206 206 206 206 206 206 206 206 206 206 206 206 206 206 206 207 207 207 207 207 207 207 207 207 207 207 208 207 207 208 208 208 209 209 209 209 209 209 208 208 208 208 208 208 208 208 208 208 208 208 208 208 209 209 209
1811 210 210 211 211 211 211 211 211 211 211 211 211 211 212 211 211 211 212 211 212 212 213 213 213 214 213 213 213 212 212 212 212 212 212 212 212 212 212 212 212 212 212 212 212 213 213 214 214 214 215 215 216 216 215 216 216 216 217 217 218
1812 219 219 219 219 218 219 219 219 220 220 220 219 219 219 220 220 221 220 221 220 220 220 221 221 220 221 222 222 222 221 221 221 221 222 222 221 221 221 222 222 223 223 223 223 223 222 221 221 220 220 220 220 220 220 220 220 220 220 220 220
1813 220 220 220 220 220 221 220 220 220 220 220 221 221 221 221 221 221 221 221 221 221 221 221 222 223 223 222 222 222 222 223 223 223 224 224 225 225 224 224 224 225 224 224 224 224 223 223 223 223 224 224 224 225 226 226 226 225 225 225 225
1814 225 225 224 225 224 224 225 225 225 225 225 225 224 224 224 225 225 225 225 224 224 224 224 224 224 224 224 225 224 224 224 224 224 224 224 225 225 225 225 225 225 226 226 226 226 226 226 226 225 225 226 226 226 226 226 227 227 226 225 226
1815 225 225 226 225 225 225 225 225 225 225 225 226 226 226 225 226 225 225 225 225 225 226 226 226 226 225 226 226 226 226 226 226 226 225 225 225 225 225 225 226 226 225 225 225 225 225 226 226 225 226 226 225 225 225 225 226 226 226 226 227
1816 226 226 226 226 226 226 226 225 225 225 225 224 224 225 225 226 226 226 226 226 227 227 228 228 228 228 228 228 228 228 228 228 228 229 229 230 230 231 231 231 231 232 233 232 232 231 231 231 231 232 232 233 235 235 236 235 236 235 235 236
1817 236 236 236 237 236 236 236 235 236 237 236 236 235 234 234 233 234 234 234 234 234 234 235 235 235 235 235 235 235 234 234 233 233 233 233 234 234 234 234 234 234 234 234 235 234 234 234 234 234 234 234 234 234 233 233 233 233 233 233 233
1818 232 233 233 233 233 232 232 232 232 232 232 233 233 233 233 233 232 232 232 232 231 231 231 231 230 230 230 229 229 229 229 229 229 229 228 228 229 228 228 229 228 228 228 228 228 228 228 228 228 228 228 228 229 229 229 229 230 230 230 229
1819 229 229 229 229 229 229 229 229 229 229 229 228 229 229 229 229 229 229 229 229 229 229 229 229 229 229 229 229 229 229 229 229 229 228 228 229 228 229 229 229 229 229 229 229 229 229 229 228 228 228 227 227 227 227 227 226 226 226 226 226
1820 222 221 221 221 221 221 221 221 221 221 220 220 220 220 220 220 220 220 220 219 219 219 219 218 218 218 217 217 217 217 217 217 217 217 217 217 217 217 217 217 217 217 216 216 216 216 216 216 215 215 215 215 215 215 215 214 213 213 213 212
1821 212 212 212 212 212 213 213 213 213 213 213 213 214 213 213 214 213 213 213 213 213 213 212 212 211 211 211 211 211 211 211 211 211 211 211 211 211 211 210 210 209 209 209 208 208 208 208 208 207 207 207 206 206 205 205 205 205 204 204 203
1822 203 203 203 203 203 202 203 203 203 202 202 202 202 203 202 202 202 202 202 202 201 202 202 201 201 201 202 202 202 201 201 201 201 201 200 200 201 201 201 200 200 200 200 201 201 201 202 202 202 202 202 203 203 204 204 204 204 205 205 205
1823 205 205 206 206 206 206 206 206 207 207 207 207 207 207 207 207 207 207 207 207 207 206 206 206 206 206 206 206 206 205 205 205 205 205 205 205 205 205 205 205 205 205 205 204 204 204 204 203 203 203 203 202 202 202 202 202 202 201 201 200
1900 200 200 200 200 199 199 199 199 199 199 199 199 199 199 200 201 201 200 200 200 200 200 200 201 201 201 201 201 201 201 201 200 200 200 200 200 200 200 200 200 200 200 200 200 200 201 200 200 201 201 201 201 202 202 202 202 202 202 202 203
1901 203 203 203 203 203 203 203 203 203 203 203 203 203 203 203 203 203 203 203 203 203 203 203 203 203 203 203 203 203 203 204 204 204 204 204 204 204 204 204 204 204 204 204 204 204 204 204 204 204 204 204 204 204 204 203 203 203 203 203 203
1902 203 203 203 203 203 203 203 203 203 203 203 203 203 203 203 203 203 203 203 203 203 203 203 203 203 202 203 203 203 203 203 203 203 203 202 202 202 202 202 202 202 202 202 202 202 202 201 201 201 201 201 201 201 201 201 201 201 201 201 201
1903 201 200 200 200 200 200 200 200 201 200 200 200 200 200 200 200 200 200 200 200 200 200 200 200 200 200 200 200 200 200 200 200 200 200 200 200 199 199 199 199 199 199 199 199 199 199 199 199 199 199 199 199 199 199 199 199 199 199 199 199
1904 199 199 199 199 199 199 199 199 199 199 199 199 199 199 199 199 199 199 199 199 199 199 199 199 199 199 199 199 199 199 199 199 199 199 198 198 198 198 198 198 199 199 199 198 198 198 199 199 199 199 199 199 199 199 199 199 199 199 198 198
1905 198 198 198 198 198 198 197 198 198 198 198 198 198 198 198 198 198 197 197 198 198 198 198 198 197 197 197 197 197 198 197 197 197 197 198 198 198 198 198 198 198 198 198 198 198 198 198 198 198 198 198 198 198 198 198 198 198 198 198 198
1906 198 198 198 198 198 197 197 197 197 198 198 197 197 197 197 197 197 197 197 197 197 197 197 241 197 197 197 197 197 197 197 197 197 197 197 197 197 197 197 197 196 196 196 196 196 197 197 196 196 196 196 196 195 196 195 195 195 196 196 196
1907 196 196 196 196 196 197 197 197 197 197 197 197 197 197 197 197 197 197 198 198 198 198 198 198 198 198 199 199 199 199 199 199 199 200 200 200 200 200 200 200 200 200 200 200 200 200 200 200 200 201 200 200 201 201 200 200 201 201 201 201
1908 201 201 201 201 201 201 201 201 202 202 202 202 202 202 202 202 202 203 203 203 203 203 203 203 203 203 203 203 203 203 204 204 203 204 204 204 204 204 204 204 204 204 204 204 204 204 205 205 205 205 206 206 207 207 207 206 206 205 205 206
1909 205 206 205 205 205 205 205 206 206 207 207 207 207 207 207 207 207 207 207 208 208 208 208 208 208 208 208 209 209 210 209 209 210 210 210 210 210 211 211 211 211 212 213 213 213 212 212 211 211 211 212 212 212 214 215 215 216 217 217 218
1910 218 218 218 218 219 219 219 218 218 219 219 219 219 218 218 218 219 220 274 274 274 273 273 272 272 271 271 271 271 270 270 271 271 271 270 270 270 270 270 270 270 270 270 270 270 269 269 270 270 270 269 269 269 269 269 268 268 268 268 267
1911 218 219 219 219 218 218 219 219 219 219 218 218 218 219 220 222 222 222 222 221 221 223 222 223 222 221 221 222 221 220 220 220 221 222 223 270 223 223 223 222 223 223 223 224 225 228 229 231 231 232 233 231 228 228 230 231 232 234 234 235
1912 235 234 232 233 233 235 236 237 236 235 235 235 237 240 241 242 242 243 245 246 244 245 245 246 245 245 245 243 243 242 243 244 245 244 243 244 245 247 249 250 252 250 250 250 250 250 251 252 252 251 251 249 249 252 251 251 251 252 252 255
1913 256 255 254 252 252 254 254 254 256 256 255 256 256 258 258 261 262 261 260 260 261 261 261 260 259 257 257 257 257 256 257 257 257 255 255 257 258 260 263 266 263 261 261 263 263 265 265 264 265 264 263 263 264 264 264 266 266 265 265 266
1914 266 266 266 266 267 266 267 268 270 270 267 265 267 268 269 267 268 269 267 266 268 269 271 271 271 273 275 274 273 272 272 272 273 274 275 274 273 273 272 272 271 271 271 270 272 274 276 275 276 279 281 281 281 277 275 275 275 275 274 275
1915 276 278 278 276 277 279 279 277 277 277 278 279 280 281 279 278 278 279 281 282 281 281 282 282 281 280 277 277 277 278 278 278 279 281 282 280 279 280 282 282 284 284 284 283 283 284 284 285 284 282 249 281 280 280 280 280 280 283 285 286
1916 287 289 290 291 289 287 286 287 285 284 285 284 284 283 283 283 283 282 283 284 284 284 283 283 283 282 282 282 282 282 282 284 285 286 288 288 288 287 287 288 288 290 290 290 287 286 287 287 286 287 286 285 285 286 287 289 291 291 291 288
1917 286 284 283 283 282 283 283 283 285 286 288 288 288 289 289 289 288 286 287 286 288 290 292 293 292 293 294 293 293 293 291 289 289 289 288 288 288 289 288 286 286 284 283 283 282 282 281 281 281 281 282 282 282 282 283 283 283 284 283 283
1918 283 282 282 282 282 283 282 283 283 282 282 282 282 283 283 283 284 285 285 284 284 284 284 283 282 281 281 282 283 283 285 287 287 287 287 287 287 287 287 286 285 285 284 284 285 285 285 286 286 285 284 284 284 285 284 283 283 283 282 280
1919 280 279 278 279 279 279 279 279 279 279 279 279 278 278 277 277 277 277 277 277 277 277 277 277 276 276 276 275 275 275 274 274 274 274 274 274 274 274 273 273 273 273 273 273 273 273 272 273 272 272 272 272 272 272 272 272 272 272 271 271
1920 271 272 271 271 271 237 271 271 270 270 270 270 270 270 270 270 270 270 270 270 270 269 269 269 269 268 268 267 266 266 266 266 266 266 266 266 266 266 265 264 265 265 264 264 263 264 264 265 264 264 264 264 263 263 264 264 264 264 264 264
1921 264 264 264 264 264 264 264 264 263 263 263 263 263 263 263 262 263 262 262 262 261 261 261 260 259 259 260 260 260 260 260 260 260 260 259 259 259 259 259 258 258 258 258 258 259 258 257 257 257 256 256 256 256 257 257 257 257 256 256 255
1922 254 254 253 252 251 251 250 249 248 247 247 246 246 245 245 244 244 243 243 243 242 241 241 241 240 240 239 238 238 238 237 237 236 236 235 235 235 234 234 234 234 233 233 233 233 233 233 233 233 234 234 234 234 234 234 234 234 234 233 233
1923 233 233 233 233 233 233 233 233 232 232 232 232 231 232 232 231 231 231 231 231 230 230 230 229 229 229 229 229 228 228 228 228 228 227 227 227 227 227 226 226 226 226 226 226 225 225 225 225 224 224 224 224 224 224 224 224 223 223 223 223
2000 223 223 222 222 222 222 222 222 222 222 222 222 222 221 222 222 222 222 222 221 222 221 221 221 221 221 221 221 221 221 221 221 221 221 221 221 221 222 222 222 222 222 222 222 222 221 221 221 221 221 221 221 221 220 220 220 220 220 220 220
2001 220 220 219 219 219 219 219 219 219 219 219 219 219 218 218 218 218 218 218 218 217 218 218 217 217 217 217 217 216 216 216 216 216 215 215 215 215 215 215 214 214 214 214 214 214 214 214 214 214 214 214 214 213 213 213 212 212 213 213 213
2002 213 213 213 213 213 213 213 213 213 213 213 214 215 216 216 216 217 217 217 218 218 218 218 218 219 219 220 220 221 221 221 220 220 220 219 219 219 218 218 218 217 217 217 217 217 217 217 217 217 217 217 217 217 216 216 216 216 216 216 215
2003 215 215 215 215 214 214 214 215 215 214 214 214 213 213 213 213 213 213 213 213 213 213 213 213 213 213 213 212 212 212 212 212 212 212 212 212 213 213 212 212 212 212 212 212 213 213 212 212 212 212 212 213 213 213 213 212 212 212 212 212
2004 212 212 212 212 212 212 212 211 211 211 211 211 212 212 212 212 212 212 212 212 212 212 212 212 212 212 212 212 212 212 212 212 213 213 213 213 213 213 213 213 213 212 212 212 213 213 213 213 213 213 213 213 213 212 212 212 211 211 211 211
2005 211 211 211 211 211 211 211 211 211 211 211 211 211 211 211 211 211 211 211 211 211 211 211 211 211 211 211 211 211 211 212 212 212 212 212 212 212 212 212 212 212 212 212 212 212 212 212 212 212 212 212 212 212 213 213 213 213 213 213 213
2006 213 213 213 213 213 213 213 213 213 213 213 213 213 213 213 213 213 213 213 213 213 213 214 214 214 214 214 214 214 214 215 215 215 215 215 215 215 216 215 215 216 216 216 216 216 217 217 217 217 217 217 217 217 217 218 218 218 218 218 219
2007 219 219 219 219 219 220 220 220 220 221 221 221 221 221 222 222 222 222 222 221 221 221 221 221 221 221 220 220 220 220 220 220 221 221 221 221 221 221 222 222 222 222 222 223 223 222 222 222 222 222 223 223 223 223 223 224 224 225 225 225
2008 225 224 224 224 224 225 225 225 225 226 227 227 226 226 227 227 227 227 228 228 228 228 228 229 229 229 230 230 231 231 231 231 231 232 232 232 232 233 233 233 234 235 235 235 235 236 236 236 235 236 236 235 235 235 236 236 236 236 237 237
2009 237 237 238 238 239 239 240 241 242 243 243 244 244 244 245 245 245 245 246 246 246 246 246 245 245 245 244 245 245 246 247 248 249 249 250 250 251 252 251 250 250 250 251 252 252 252 251 250 250 251 251 252 251 250 250 249 249 248 248 248
2010 248 248 248 248 249 249 249 249 250 251 252 252 252 252 252 251 251 252 251 251 251 251 252 252 253 253 252 252 252 252 252 252 252 251 253 253 254 255 255 255 254 255 256 256 255 255 254 254 254 253 253 254 254 254 254 254 254 254 254 254
2011 255 255 255 255 256 257 257 256 256 256 256 255 256 257 258 257 257 257 257 257 258 259 259 259 260 259 260 260 261 261 260 260 260 261 261 260 260 262 263 265 265 267 268 268 268 268 267 268 269 270 272 270 268 268 268 266 265 266 266 266
2012 265 265 266 266 266 267 267 268 270 269 268 268 268 267 267 266 266 266 266 267 268 268 267 267 266 266 267 266 266 266 266 266 265 266 266 267 267 266 266 266 266 267 268 268 267 267 267 267 267 268 268 268 267 267 266 265 265 265 265 266
2013 266 266 266 267 267 267 267 267 267 268 268 267 268 269 269 269 269 269 269 269 269 269 268 268 268 269 269 269 269 270 270 270 270 269 269 268 268 268 269 269 269 269 270 271 271 271 270 270 270 269 269 268 267 267 266 266 266 266 266 266
2014 265 266 266 265 265 265 265 265 265 265 265 265 265 265 265 265 265 264 264 264 263 263 263 263 263 263 263 263 263 263 263 263 263 264 264 264 264 264 265 265 265 266 266 265 266 266 266 266 266 267 267 266 267 268 267 267 268 268 268 267
2015 267 267 267 266 267 266 267 267 267 267 267 267 268 269 269 269 269 269 270 270 269 268 267 267 266 266 266 266 265 265 265 265 265 265 265 266 265 265 265 265 264 264 264 263 263 263 263 263 263 263 262 262 262 262 262 262 263 263 263 263
2016 263 263 263 263 263 263 264 264 263 263 263 263 263 263 263 263 263 263 263 263 263 264 264 264 264 264 264 264 264 264 264 263 263 263 263 264 263 263 264 264 264 264 265 264 264 264 264 264 264 263 263 263 263 263 264 265 265 265 265 264
2017 264 264 265 265 264 264 264 264 264 265 264 264 264 264 264 264 264 263 263 264 264 264 264 264 263 263 263 263 264 264 265 266 266 266 266 266 265 265 264 264 264 265 265 266 266 267 268 267 267 266 266 266 266 266 266 266 266 266 266 266
2018 266 266 266 266 265 265 264 264 264 264 264 264 264 264 264 264 264 263 263 263 263 263 263 263 263 263 262 262 262 261 261 262 261 261 261 261 261 261 261 261 260 259 259 260 260 260 261 260 260 259 259 259 258 258 258 257 257 257 256 256
2019 255 255 254 254 254 254 254 254 253 253 253 253 252 252 251 251 251 251 251 250 250 250 250 250 250 250 250 250 250 250 250 250 250 249 249 249 249 248 249 248 248 248 248 248 247 247 247 247 247 247 247 247 247 247 247 247 247 247 247 247
2020 247 247 247 247 247 247 247 247 247 247 247 247 247 247 247 247 247 246 247 246 247 247 247 247 247 247 247 246 246 246 246 246 246 246 246 246 246 246 246 246 246 246 246 246 246 246 246 246 247 247 247 247 247 247 247 247 247 246 247 247
2021 247 246 246 246 246 246 246 246 246 246 246 246 245 245 245 244 244 244 244 244 244 244 244 243 243 243 242 242 242 242 241 241 241 241 241 241 241 240 239 239 239 239 239 239 239 239 238 239 238 238 238 238 237 237 237 237 236 236 236 236
2022 236 237 237 238 238 238 239 238 238 238 238 238 237 237 237 237 237 236 237 237 237 237 237 236 236 235 235 235 235 235 235 235 235 235 234 234 233 233 233 233 232 232 231 231 231 231 231 230 230 230 230 230 230 230 230 229 229 229 229 229
2023 229 229 229 229 229 229 229 229 229 228 228 228 228 228 228 228 228 228 228 228 228 228 228 228 228 228 228 228 229 229 229 229 229 230 230 230 230 231 231 230 230 230 229 229 229 229 228 228 228 228 228 227 227 227 227 227 227 227 227 227
2100 227 227 227 227 227 227 228 229 229 230 231 231 231 231 231 232 232 232 232 232 232 231 231 231 231 230 230 230 230 231 231 231 230 230 230 230 230 230 230 230 229 229 229 229 228 228 228 228 228 228 227 227 227 227 226 226 226 226 226 226
2101 226 226 226 225 225 225 225 225 225 225 225 225 225 225 225 224 224 224 224 224 224 224 224 224 224 224 224 224 224 224 224 224 223 223 223 223 223 223 223 223 223 223 223 222 223 222 222 222 221 221 221 221 221 221 221 221 221 221 221 221
2102 221 221 221 221 222 222 222 222 222 222 222 222 222 222 222 222 222 222 223 222 222 222 222 222 222 222 222 222 222 222 222 222 221 221 221 221 222 222 222 222 222 222 222 222 222 222 222 222 221 221 221 221 221 222 221 221 221 221 221 221
2103 221 221 221 221 221 221 221 221 221 221 221 221 221 221 221 221 221 221 221 220 220 220 220 220 220 220 220 220 220 220 220 220 220 219 219 219 219 219 219 219 219 219 219 219 219 219 219 219 219 219 219 219 219 219 219 218 218 218 218 219
2104 219 219 219 219 219 219 219 219 220 220 221 221 221 221 221 221 221 221 221 222 221 222 222 222 222 222 222 222 222 223 223 223 223 223 223 223 223 223 223 223 223 223 224 224 224 224 224 224 224 224 223 224 223 223 223 223 223 223 223 223
2105 223 223 223 222 222 222 222 222 222 222 222 222 222 222 222 222 223 223 223 223 223 224 224 224 224 224 224 224 224 224 224 224 223 223 223 223 222 222 222 222 222 222 222 222 222 221 221 221 221 221 221 221 221 221 221 221 221 221 221 221
2106 221 221 221 221 221 221 221 221 221 220 220 220 220 220 220 220 220 220 220 221 221 221 221 221 221 220 221 221 221 221 221 221 221 221 221 221 221 221 221 221 221 221 221 221 221 221 221 222 221 221 221 221 221 221 221 222 221 222 221 221
2107 221 221 221 221 221 221 221 221 221 222 222 221 221 221 221 221 222 222 221 221 222 221 222 222 222 222 222 222 222 222 222 222 222 222 222 222 222 222 222 222 222 222 222 223 223 223 223 223 223 223 223 222 222 223 223 223 223 223 223 223
2108 223 223 223 223 224 224 224 224 225 225 225 225 225 226 226 226 226 226 226 226 226 226 226 226 227 227 227 228 228 228 228 227 227 228 227 227 228 228 228 228 228 228 228 228 229 229 229 230 230 230 230 230 231 231 231 232 232 232 232 232
2109 232 232 232 232 232 232 232 232 232 232 233 233 233 233 234 234 234 234 235 235 236 236 227 237 237 238 238 238 237 237 237 237 237 238 238 238 238 238 238 238 238 239 239 239 239 240 240 239 239 239 239 239 240 239 240 239 239 239 239 239
2110 238 238 238 238 238 238 238 238 238 237 238 237 237 237 237 237 237 238 237 237 237 238 238 238 238 238 238 238 238 238 237 237 236 236 236 236 236 236 236 236 237 237 237 237 236 237 236 236 236 237 236 237 236 236 236 237 237 236 237 237
2111 237 238 238 238 238 238 238 238 239 239 239 239 239 240 240 240 240 240 240 240 240 240 240 240 241 241 241 241 241 241 241 241 241 241 241 241 241 240 240 239 239 238 238 238 239 239 239 240 240 239 240 240 239 240 240 240 240 239 240 239
2112 239 239 239 240 240 240 240 240 241 241 241 241 241 241 241 241 241 241 241 240 240 239 239 238 238 238 239 239 239 240 240 239 238 237 238 238 238 238 238 237 238 238 237 237 238 238 238 238 237 237 237 237 237 237 236 237 237 236 236 236
2113 236 236 235 234 235 234 234 233 233 233 233 233 232 232 232 232 232 233 232 233 233 235 235 235 235 234 234 235 236 236 236 236 236 235 234 235 234 230 233 231 231 231 231 231 231 231 231 231 231 232 231 231 232 233 233 234 234 233 232 232
2114 232 231 232 233 234 235 234 234 235 236 235 234 234 235 235 235 235 236 234 233 233 234 234 235 235 235 235 234 234 233 233 233 233 233 232 232 231 231 232 233 232 232 232 231 231 232 232 233 233 234 233 232 232 231 231 231 232 231 231 231
2115 231 231 231 232 231 230 229 230 231 231 231 231 232 232 232 231 230 230 230 230 231 231 232 232 232 232 233 233 234 235 234 232 232 232 231 231 231 231 231 231 230 229 229 229 230 230 231 231 231 230 229 229 228 228 229 229 230 229 228 228
2116 228 228 228 228 229 229 229 229 231 231 231 232 231 232 232 231 231 230 231 229 229 230 231 232 232 231 232 232 232 232 232 232 231 230 231 231 232 233 233 232 233 233 233 233 233 232 232 232 232 234 235 235 235 235 235 236 236 236 236 236
2117 235 234 235 235 235 235 234 233 233 233 234 234 233 234 234 234 234 234 233 234 234 234 235 235 234 235 235 235 234 233 233 233 232 232 231 231 231 231 230 230 229 229 229 229 229 228 228 228 228 228 229 228 241 228 229 229 230 229 230 230
2118 229 228 228 228 229 229 228 227 227 228 227 227 228 227 227 227 227 228 228 229 229 230 230 229 228 228 227 227 227 227 227 227 227 227 227 227 227 227 227 227 227 227 226 226 226 226 225 225 225 225 226 226 226 226 225 225 225 224 224 224
2119 224 224 224 224 224 224 224 223 223 223 223 223 223 223 222 222 222 222 222 222 222 222 222 222 222 221 221 221 221 221 221 221 221 221 221 221 221 221 221 221 221 221 221 222 222 222 222 222 222 222 222 221 221 221 221 221 221 221 221 221
2120 221 221 221 221 221 221 221 221 221 221 221 221 221 221 221 221 220 220 221 220 220 220 220 220 221 220 220 220 220 220 221 220 221 221 220 220 220 220 221 221 221 221 221 220 220 220 220 220 220 220 219 219 219 219 219 219 219 219 219 219
2121 219 219 220 220 220 220 219 219 219 219 219 219 219 219 219 219 218 218 218 218 218 218 218 218 218 218 218 219 219 219 218 219 219 219 219 219 219 219 219 219 219 219 219 219 219 219 219 219 219 219 219 219 219 219 219 219 219 219 219 219
2122 219 219 219 219 219 219 219 234 219 219 219 219 219 219 219 219 219 219 219 219 219 219 219 219 219 219 219 219 219 219 219 219 219 219 219 219 219 219 219 219 219 220 220 219 219 219 219 219 219 219 219 219 219 218 218 219 218 218 218 218
2123 218 218 218 218 219 219 218 218 218 218 218 217 218 218 218 218 218 218 218 219 219 219 219 219 219 219 219 219 218 218 218 218 217 217 217 217 217 217 216 216 216 216 216 215 215 215 215 215 216 215 215 215 215 215 215 215 215 215 215 215
2200 215 215 215 215 215 216 216 216 216 216 216 215 215 215 215 215 215 215 215 215 215 215 215 215 215 215 215 215 215 214 214 214 214 214 214 214 214 214 214 214 214 214 214 215 215 215 215 215 215 215 215 215 214 214 214 214 214 214 214 214
2201 214 214 214 214 214 214 214 213 213 213 213 213 213 213 213 213 213 213 213 213 212 212 212 212 213 213 213 212 212 213 212 213 212 212 212 212 212 212 211 211 211 211 210 210 210 211 211 211 211 211 211 211 211 211 211 210 210 210 210 210
2202 210 210 210 210 210 211 211 211 211 211 211 211 211 211 211 211 211 211 211 211 211 211 228 211 211 210 210 210 210 210 210 210 210 210 210 210 210 209 209 209 209 209 210 209 209 209 209 209 209 209 209 209 209 209 209 209 209 209 209 209
2203 209 209 209 209 209 209 209 209 209 209 209 209 208 208 208 208 208 208 208 208 208 208 208 208 208 208 208 208 208 208 208 209 208 208 209 209 209 209 209 209 209 209 210 209 209 209 209 209 209 209 209 209 209 209 210 210 210 210 210 210
2204 210 210 209 209 209 209 209 209 209 209 209 209 209 209 208 208 208 208 208 208 208 208 208 208 208 208 207 208 208 208 208 208 208 208 208 208 208 208 208 208 208 208 208 208 208 208 208 208 209 209 208 209 209 209 209 209 209 209 209 209
2205 209 209 209 209 209 209 209 209 209 209 209 209 209 209 209 209 209 210 210 210 210 210 210 210 209 209 209 209 209 209 209 209 209 209 209 209 209 209 209 209 209 209 209 209 209 208 208 208 208 208 208 207 207 207 207 207 207 207 207 207
2206 207 207 206 207 206 206 206 206 206 206 206 206 206 206 206 206 205 205 205 205 205 205 205 205 205 205 205 205 205 205 205 205 205 205 205 205 205 205 205 205 205 205 204 205 205 205 205 204 204 204 205 205 205 205 205 206 206 206 206 206
2207 207 207 207 207 208 208 208 208 208 208 208 208 208 208 208 208 208 208 208 208 208 209 209 209 209 209 209 209 209 209 209 209 209 209 209 209 209 209 209 209 209 209 210 210 210 210 210 210 210 210 210 210 210 210 210 211 211 211 211 211
2208 211 211 211 210 210 211 211 211 211 211 210 210 210 210 210 210 210 210 210 210 210 210 210 210 210 210 210 210 210 210 210 210 210 210 210 210 210 210 210 210 210 210 210 210 211 210 210 210 210 210 210 211 211 211 211 211 211 211 212 212
2209 212 212 212 212 212 212 212 212 213 213 213 213 213 213 213 213 214 214 214 214 215 215 214 214 214 214 214 214 214 214 214 215 215 215 215 215 215 216 215 216 216 215 216 216 216 216 217 216 216 216 216 216 216 217 218 218 219 220 220 220
2210 220 220 220 221 221 221 222 222 223 224 224 224 224 224 225 225 226 227 228 230 231 234 236 236 234 235 235 235 234 234 234 234 233 233 232 232 234 234 233 232 232 230 230 231 231 231 231 232 232 232 233 233 234 234 234 235 235 236 237 237
2211 235 234 234 233 234 234 234 234 234 235 235 236 236 237 237 236 236 237 237 238 239 239 238 238 239 239 239 239 239 240 240 240 239 240 242 244 245 247 248 248 248 249 250 249 249 250 249 249 249 250 251 251 251 252 253 253 252 251 252 252
2212 253 253 253 253 253 253 255 256 256 256 256 257 258 258 257 256 254 253 255 257 257 256 257 258 259 261 261 259 258 258 258 259 259 258 257 258 259 258 256 256 257 259 261 262 264 264 262 261 260 259 259 259 259 260 260 261 263 263 262 263
2213 263 264 265 264 263 261 260 260 260 259 260 260 262 263 264 266 265 265 266 268 269 269 271 270 268 268 270 270 271 272 272 272 272 273 274 271 269 270 272 271 270 270 270 272 273 272 274 275 276 276 276 276 278 276 275 275 275 274 273 272
2214 271 271 270 272 272 275 275 273 272 272 271 270 271 273 274 273 272 273 273 273 272 273 272 271 273 271 270 272 272 272 272 273 273 275 276 277 277 278 279 281 280 278 279 281 281 282 283 283 280 277 277 279 280 282 280 280 282 284 283 283
2215 285 286 283 283 283 283 281 280 280 282 283 282 282 282 281 281 282 282 282 282 282 282 282 282 283 284 284 283 283 283 284 285 286 288 287 287 288 287 285 284 285 287 286 287 288 288 286 283 283 283 285 285 285 284 284 284 284 283 284 283
2216 283 282 281 281 281 280 280 280 280 280 282 282 281 281 281 282 284 283 283 283 283 282 282 283 284 284 286 287 287 287 286 285 286 285 285 286 287 287 287 287 286 286 285 285 286 285 287 287 288 288 290 290 290 290 291 291 294 295 296 293
2217 293 293 293 292 289 288 288 289 289 289 289 287 286 286 287 287 287 286 286 286 286 286 285 285 284 285 285 286 286 286 286 283 283 284 283 282 282 282 281 281 281 282 282 281 281 281 282 283 283 282 282 281 281 281 280 280 281 281 281 280
2218 280 281 281 282 283 284 284 284 284 284 284 283 283 283 283 282 283 283 283 283 284 284 284 283 283 284 284 285 285 284 284 283 283 282 283 282 283 283 283 283 283 283 283 282 283 284 285 286 286 286 286 287 287 287 286 286 286 285 284 283
2219 282 281 281 281 281 281 281 280 280 280 280 280 280 280 280 280 280 280 280 280 280 280 280 279 279 279 279 279 279 280 280 280 280 279 280 279 279 279 279 278 278 278 277 277 278 278 278 278 278 278 278 278 277 277 277 277 277 277 277 277
2220 277 277 277 277 277 277 277 277 277 277 277 277 277 277 276 276 276 276 275 275 275 275 275 274 274 274 274 273 272 272 272 271 270 271 270 270 269 269 269 268 268 268 267 267 266 267 266 266 266 266 266 265 265 266 266 266 265 264 264 264
2221 264 264 265 264 264 263 263 263 263 264 264 264 264 264 263 263 263 263 263 263 263 263 262 262 262 262 262 262 262 262 261 261 261 261 260 260 260 260 260 260 259 259 259 259 259 259 259 258 258 258 258 258 258 258 258 258 258 257 257 257
2222 257 257 257 257 257 258 257 257 257 255 255 255 255 255 255 255 255 254 254 254 254 254 254 254 253 254 253 253 253 253 253 253 254 254 255 255 255 255 254 254 253 252 252 252 251 251 251 251 250 249 249 248 248 247 246 246 247 247 247 247
2223 246 246 245 245 244 244 243 243 243 243 243 242 242 242 242 242 242 243 244 244 245 246 247 248 247 247 247 246 246 246 246 246 246 245 245 245 245 245 245 245 245 245 245 244 244 244 245 245 245 245 246 245 245 245 244 244 244 244 244 244
2300 244 244 244 244 244 244 243 243 242 242 242 242 242 241 241 242 242 242 242 241 241 241 241 241 240 240 240 240 239 239 239 239 239 240 241 241 241 242 242 242 242 242 243 243 243 243 243 244 244 244 244 244 244 244 245 245 245 245 245 245
2301 245 245 244 244 244 245 245 245 245 245 245 245 244 244 244 244 244 244 243 243 243 243 243 243 243 243 243 243 243 244 243 243 243 243 242 242 242 242 242 242 243 243 242 242 242 241 241 240 240 239 239 240 239 239 238 238 237 237 236 236
2302 236 236 236 235 235 234 234 233 233 232 231 231 231 232 233 233 232 232 232 232 232 233 233 233 232 232 233 233 234 235 235 234 234 233 233 232 232 231 231 231 230 230 230 230 231 231 230 230 230 230 230 229 229 229 228 227 227 226 225 225
2303 224 223 223 223 223 222 222 221 221 221 221 221 220 220 221 220 220 221 221 221 221 220 220 220 220 220 220 219 219 218 218 218 218 217 217 217 217 217 217 216 216 216 216 215 215 215 215 214 214 214 214 214 214 214 214 214 214 213 213 213
2304 213 213 213 212 212 212 212 212 212 212 212 211 211 211 211 211 211 211 211 211 210 210 210 210 210 210 210 210 210 210 210 210 210 210 210 210 209 209 209 209 209 209 209 209 209 208 208 208 208 208 208 208 208 208 208 208 208 208 208 208
2305 208 208 208 208 207 207 207 207 207 207 207 208 208 208 208 208 207 207 207 207 207 207 208 207 207 207 207 207 207 206 206 206 206 206 207 207 207 207 208 208 208 208 208 208 208 208 209 209 208 208 209 208 208 208 209 209 210 210 210 210
2306 210 210 210 211 210 210 210 210 210 211 212 213 213 213 213 212 212 212 211 211 210 210 210 210 210 210 210 210 209 209 210 210 210 210 211 210 210 210 210 210 210 211 211 210 210 210 210 210 210 209 209 209 209 209 209 208 208 208 208 208
2307 208 208 208 208 208 208 208 207 207 207 207 207 207 207 207 207 207 207 207 207 207 208 207 207 208 208 208 208 208 208 208 208 208 209 209 209 209 209 209 209 210 210 210 210 211 211 211 211 212 212 212 213 213 214 214 215 216 216 216 217
2308 218 219 219 220 221 220 220 221 221 221 222 222 223 224 224 224 225 226 226 227 228 229 229 230 231 231 231 231 231 231 230 230 230 230 229 229 229 229 230 230 230 230 230 231 230 230 231 231 232 231 232 232 233 234 235 235 235 235 236 236
2309 237 237 237 237 238 237 237 237 237 237 237 237 237 237 238 239 239 239 239 239 239 240 241 241 241 241 242 243 244 243 243 244 243 243 243 244 244 244 244 244 244 245 246 247 247 249 250 250 251 253 254 256 256 256 254 253 252 252 251 252
2310 252 252 253 252 251 252 252 254 254 253 253 255 257 259 258 258 258 256 256 257 258 260 261 262 262 261 261 261 262 263 264 262 261 263 264 263 264 264 263 265 265 265 265 266 266 265 264 266 268 271 269 268 268 269 270 269 269 271 271 272
2311 272 272 273 273 273 271 273 272 272 271 271 271 272 272 273 273 274 275 274 276 278 282 282 282 283 281 279 278 277 278 280 283 284 284 284 285 286 286 286 286 286 285 284 283 281 280 280 281 281 280 279 278 278 280 281 281 281 282 281 281
2312 281 282 281 279 279 280 281 282 283 284 284 284 283 282 282 282 282 281 280 280 281 281 282 282 282 281 282 283 283 283 284 285 287 288 288 288 290 290 288 286 284 284 284 284 283 283 283 285 285 287 287 286 287 290 289 288 288 289 289 290
2313 290 290 290 290 288 289 290 292 292 291 292 293 294 297 295 293 293 292 293 294 293 292 291 291 292 294 295 294 294 295 295 295 296 295 294 294 296 296 295 294 294 296 295 294 294 295 295 295 294 293 292 291 291 291 290 290 290 290 291 291
2314 291 292 293 294 295 295 295 296 296 295 294 294 294 292 291 291 291 291 291 292 292 291 292 293 295 296 294 293 292 291 290 289 289 290 292 293 293 294 294 294 294 293 293 293 295 296 299 300 299 298 298 298 298 297 296 296 296 298 299 299
2315 300 303 306 303 302 302 301 301 299 296 295 294 293 294 294 295 296 296 297 299 299 300 300 300 300 300 300 300 299 299 298 298 299 300 301 301 301 300 300 333 300 300 301 302 304 306 306 308 307 306 306 306 303 300 301 300 299 299 300 300
2316 301 302 302 300 300 300 301 301 300 299 300 301 301 300 300 299 298 298 299 299 300 300 301 300 299 299 298 298 297 298 299 298 297 297 297 296 296 297 297 297 297 297 297 297 297 297 298 298 297 295 295 295 295 295 296 295 296 296 297 297
2317 298 296 296 296 297 297 296 295 295 294 293 292 291 292 292 292 293 294 296 297 297 297 297 299 300 300 300 300 300 300 299 300 301 300 299 299 299 300 299 299 300 301 302 300 299 298 296 295 295 294 294 296 296 297 297 297 298 298 298 298
2318 298 298 297 296 295 294 294 293 293 294 295 296 296 296 296 295 294 294 294 295 295 295 294 294 293 293 292 292 292 293 293 294 295 294 294 294 295 296 296 297 297 296 297 297 298 298 299 298 297 298 298 299 300 302 302 302 301 301 301 302
2319 301 300 299 298 297 298 298 298 299 299 298 297 297 297 297 297 296 296 296 296 296 295 296 296 295 295 295 295 294 294 294 294 295 295 294 294 293 292 292 291 291 291 290 290 290 290 290 289 289 289 289 288 288 288 333 287 287 286 286 286
2320 286 285 285 285 285 285 285 285 285 285 284 284 284 283 283 283 283 283 283 283 282 282 282 281 281 281 281 281 281 281 281 281 280 280 280 280 279 279 278 278 278 278 278 277 277 277 277 277 277 276 276 276 276 276 276 276 275 275 274 274
2321 274 274 274 274 274 274 274 273 273 272 272 272 272 272 271 271 270 270 269 269 269 267 267 266 265 265 265 265 265 265 265 264 263 264 263 262 262 261 260 259 259 258 257 257 257 257 257 256 256 256 256 256 255 255 254 254 253 253 252 252
2322 252 252 252 252 252 252 252 251 251 251 251 250 250 249 248 248 248 248 247 247 247 246 246 246 246 245 245 244 244 244 243 243 243 243 243 243 243 243 243 243 243 243 243 243 242 242 242 242 241 241 241 241 240 240 240 240 240 239 239 239
2323 239 239 238 238 238 238 237 237 237 238 238 238 238 238 238 238 238 238 238 238 238 238 238 237 237 237 237 237 237 237 237 236 236 237 237 237 238 238 238 239 240 240 241 242 242 242 242 242 241 241 241 241 241 242 242 241 241 240 239 239
2400 239 239 239 239 239 238 238 239 239 266 238 238 237 237 237 236 236 236 236 236 236 235 235 234 234 234 233 233 233 233 233 233 233 232 232 232 232 232 232 232 232 231 231 231 230 230 230 230 230 229 229 229 229 228 228 228 228 228 227 227
2401 227 227 227 227 227 227 227 227 226 226 226 226 226 226 225 225 225 225 225 225 225 225 225 225 224 224 224 224 224 224 224 224 224 224 224 224 224 224 224 224 224 224 224 224 225 225 225 225 225 225 225 225 225 225 225 225 225 225 224 224
2402 225 226 227 227 227 227 227 227 227 227 226 226 226 226 226 226 226 226 226 225 225 225 224 224 224 224 224 223 223 223 223 223 223 223 223 222 222 222 222 222 222 222 222 222 222 222 223 223 222 222 222 222 222 222 222 222 222 221 221 221
2403 221 221 221 220 220 220 220 220 220 220 220 220 219 219 219 219 219 219 218 219 219 219 219 219 219 219 219 219 219 219 219 220 220 220 220 220 220 220 220 220 220 219 219 219 219 219 219 218 218 218 218 218 218 218 218 218 218 218 218 218
2404 218 218 218 218 218 219 219 219 219 220 220 220 221 220 220 220 220 221 221 221 221 221 221 220 224 220 220 220 219 219 219 219 219 219 219 219 219 219 219 218 218 218 217 217 217 217 216 217 216 216 216 216 216 216 216 216 216 215 215 215
2405 215 216 216 216 215 215 215 215 215 215 214 214 214 214 214 214 213 213 213 212 212 212 212 212 212 212 212 212 212 212 212 212 211 211 211 211 211 211 211 211 211 211 211 211 211 211 211 211 211 211 211 211 211 211 211 211 211 211 211 210
2406 210 210 211 211 211 210 211 210 210 210 210 210 210 210 210 210 210 210 210 210 210 210 210 210 210 210 210 209 210 210 209 209 210 210 210 209 209 209 209 209 209 209 210 210 209 209 209 209 209 209 209 210 210 210 210 210 210 210 210 210
2407 210 210 210 210 210 210 210 210 211 211 211 211 211 211 212 212 213 213 213 214 214 215 215 215 215 215 215 216 216 216 216 216 216 216 216 216 216 216 216 216 217 217 217 217 217 217 217 218 218 218 218 218 218 217 217 217 217 217 217 217
2408 217 217 217 217 217 217 218 218 218 218 218 218 218 219 219 219 220 220 221 221 222 223 224 224 226 227 228 229 230 231 232 234 234 236 237 238 239 239 240 240 241 241 242 242 243 243 244 245 246 247 249 250 250 252 252 253 254 255 256 257
2409 257 258 257 257 257 256 256 255 255 255 255 255 255 256 255 256 256 257 257 258 258 259 260 260 261 262 263 264 264 263 262 262 261 261 260 260 260 260 261 261 261 261 261 261 261 262 262 263 263 264 264 265 266 267 268 269 269 269 268 268
2410 268 268 268 270 270 271 271 272 272 272 273 274 275 276 276 277 278 279 280 280 280 280 279 279 278 278 278 279 281 282 280 280 279 277 277 276 276 275 275 276 277 277 277 277 277 277 278 279 279 280 280 280 282 282 281 280 280 279 279 279
2411 279 279 280 280 280 279 279 279 279 279 279 279 279 279 280 281 281 282 281 281 281 281 281 281 281 281 281 280 280 280 281 282 283 284 283 284 283 283 283 282 282 282 281 281 281 281 281 281 281 281 280 279 279 279 280 281 281 281 280 280
2412 280 280 280 280 280 281 281 281 281 281 280 281 281 281 281 281 282 282 281 282 282 282 282 282 282 281 281 281 281 281 281 280 280 280 279 278 278 278 278 278 277 277 277 277 276 276 276 276 276 276 275 275 275 275 275 275 274 274 274 275
2413 274 275 274 274 274 274 273 273 274 274 274 274 274 274 274 274 274 274 274 274 274 274 274 274 275 275 275 275 275 275 276 276 276 276 277 277 277 277 277 277 277 277 276 274 272 270 269 269 269 268 268 268 268 268 268 268 268 268 268 269
2414 269 270 270 270 271 272 273 273 274 275 277 278 280 281 283 285 286 287 287 286 286 286 285 285 286 286 286 287 286 286 286 287 287 287 288 288 288 288 288 287 287 286 286 286 287 288 287 286 285 285 285 285 284 283 283 283 283 283 282 282
2415 282 282 281 281 280 280 279 279 279 279 278 278 277 276 276 276 276 276 276 276 276 276 276 275 275 275 275 275 275 275 274 274 274 274 274 274 274 274 274 274 274 274 274 274 274 274 274 274 273 273 273 273 273 272 272 272 272 272 272 272
2416 272 272 272 271 272 271 271 271 271 271 271 271 271 271 271 271 271 270 270 270 269 268 268 267 267 267 266 266 266 266 266 266 265 265 265 266 266 266 266 266 267 267 267 267 267 267 267 266 266 267 267 267 267 267 267 267 267 267 267 267
2417 266 266 266 266 266 267 266 266 267 267 267 267 267 267 267 266 266 266 265 265 264 264 264 264 264 264 263 263 263 263 263 262 263 263 263 262 262 262 262 262 262 261 261 261 261 261 261 261 261 260 260 259 259 258 257 257 257 256 256 255
2418 255 255 255 255 254 254 253 253 253 252 252 252 252 251 251 251 251 250 250 250 250 249 249 249 248 247 247 247 247 247 247 246 246 246 246 245 245 244 244 244 243 243 243 243 243 243 243 243 243 243 243 244 244 244 244 244 244 244 244 245
2419 244 244 244 244 244 244 244 245 244 244 244 243 244 243 241 241 241 242 241 241 241 241 241 240 240 239 239 239 239 238 238 238 238 238 238 237 237 237 237 236 236 235 235 235 235 234 234 234 234 234 233 233 233 233 233 232 233 233 233 233
2420 233 233 233 233 233 233 233 233 233 233 234 234 234 234 234 234 234 234 234 234 234 234 234 233 233 233 233 232 232 232 232 233 234 234 233 234 234 234 234 233 233 233 233 233 233 233 233 233 233 233 232 233 232 232 232 232 233 233 232 232
2421 232 232 232 231 231 231 230 230 230 230 230 230 230 229 229 229 229 230 230 230 229 229 229 228 228 228 228 228 228 228 227 227 227 227 226 226 226 226 226 225 225 225 225 225 225 224 224 224 223 223 223 223 223 223 222 222 222 222 222 221
2422 221 221 221 221 221 221 221 221 221 221 221 221 221 221 221 221 222 222 222 222 222 221 221 221 221 221 221 221 221 220 220 221 221 221 221 220 220 220 220 220 220 220 220 220 220 220 219 220 220 220 221 221 221 221 220 220 220 220 220 220
2423 220 220 220 221 221 221 221 220 220 220 220 220 220 221 221 221 221 221 221 220 220 220 221 221 221 220 220 220 220 220 220 220 220 219 220 220 219 219 219 220 219 219 219 219 219 219 219 219 220 220 220 220 220 219 219 219 219 219 219 219
2500 219 219 218 218 218 218 218 218 218 218 218 218 218 218 218 218 218 218 217 217 217 217 217 217 217 217 218 218 218 218 218 219 218 218 218 218 218 219 218 219 219 219 219 219 219 219 219 219 219 219 219 219 219 219 219 219 219 219 219 219
2501 219 219 218 219 219 219 218 219 219 218 218 218 218 218 218 218 218 218 218 217 217 217 217 218 218 218 218 217 217 217 217 217 216 216 216 216 216 216 216 216 216 216 216 216 216 216 216 216 216 216 216 216 216 216 216 216 216 216 216 216
2502 216 216 216 216 216 215 215 215 215 215 215 215 215 215 215 215 215 215 215 215 215 215 215 215 214 215 215 215 215 214 215 215 215 214 215 215 215 215 215 215 215 214 213 213 213 213 214 214 214 214 215 215 214 215 215 215 215 215 215 215
2503 215 215 215 215 214 214 214 214 214 214 214 214 214 214 214 214 214 214 214 214 214 214 214 214 214 214 214 214 214 214 214 214 214 214 214 214 214 214 214 214 214 214 214 214 214 214 214 214 214 214 214 214 214 214 214 214 214 213 213 213
2504 213 213 213 213 213 213 213 213 213 213 212 212 212 212 213 212 212 213 213 213 212 213 212 212 212 213 213 213 213 213 213 213 213 213 213 213 213 213 212 212 212 212 212 212 212 213 213 213 213 213 213 212 212 212 212 212 212 212 212 213
2505 213 213 213 213 213 213 213 213 213 213 213 212 212 212 212 212 212 212 212 212 212 213 213 213 213 213 212 212 212 212 212 212 212 212 212 212 212 212 213 212 212 212 212 212 212 212 212 212 212 212 212 212 212 212 212 212 212 212 212 212
2506 212 212 212 212 212 212 211 211 212 212 212 212 212 212 211 211 212 212 212 212 212 212 211 211 211 211 211 211 211 211 212 211 211 211 211 212 212 212 211 211 211 212 212 212 212 211 211 211 211 211 211 211 211 211 211 211 211 211 211 211
2507 211 211 211 211 211 211 211 211 211 211 211 211 211 211 211 211 211 211 211 211 211 211 211 211 211 211 211 211 210 210 210 210 210 210 210 210 210 210 210 210 210 210 210 210 210 210 210 210 210 210 210 210 210 210 210 210 210 211 211 211
2508 211 211 211 211 211 211 211 211 211 211 211 212 211 211 211 211 211 211 211 211 211 211 212 212 211 211 211 211 211 211 210 210 211 210 210 210 210 210 211 211 211 211 211 211 211 211 211 211 211 211 211 212 212 212 212 212 212 212 212 212
2509 212 212 212 212 212 212 212 213 213 213 213 213 213 213 214 214 214 214 214 214 214 214 214 215 215 215 215 215 215 215 215 215 215 215 215 215 215 216 216 216 216 216 216 216 216 216 216 216 216 216 216 216 216 216 216 216 216 216 216 216
2510 216 216 216 216 216 216 216 216 216 216 216 216 216 216 216 216 216 216 216 216 216 216 217 217 216 217 217 216 216 216 216 216 216 216 217 217 216 216 216 216 216 216 216 217 217 216 216 217 217 217 217 217 217 217 217 217 217 217 217 217
2511 217 217 217 217 217 217 217 217 216 216 216 217 216 216 216 216 216 216 216 216 216 216 216 216 216 216 216 216 216 216 216 216 216 216 216 216 216 216 216 216 216 216 216 216 216 217 217 217 217 216 216 216 217 217 217 217 217 218 217 217
2512 217 217 217 217 217 218 218 218 218 218 218 219 220 220 221 221 220 221 221 221 221 222 222 222 221 221 221 222 221 221 221 221 221 221 220 219 220 220 220 220 221 220 220 220 220 220 221 221 221 222 221 221 221 222 221 222 222 222 222 222
2513 222 222 223 223 223 222 223 223 223 223 223 223 224 224 224 224 224 224 224 225 225 224 224 224 225 226 226 227 228 229 229 230 229 229 229 229 229 229 230 230 230 230 229 229 229 229 229 229 229 228 228 228 228 228 228 228 228 228 228 228
2514 227 227 227 227 226 226 226 226 227 227 227 226 226 226 226 226 227 227 227 227 227 227 227 228 228 228 228 228 228 228 228 228 228 229 230 230 230 230 231 231 232 232 232 233 233 234 234 234 234 234 234 234 235 234 234 235 235 235 234 234
2515 234 234 234 234 234 234 234 233 234 233 233 233 233 234 234 234 234 234 234 234 233 233 233 234 234 235 235 235 235 235 235 235 236 236 236 236 237 237 238 238 238 238 238 238 238 238 238 239 239 239 239 239 240 240 240 240 240 240 240 240
2516 240 240 239 239 239 238 237 237 236 235 235 235 235 234 234 233 232 231 231 231 230 230 229 229 229 229 229 229 229 228 228 228 229 229 229 229 230 231 230 230 230 230 230 230 231 231 230 230 231 231 231 231 231 232 232 232 232 232 232 232
2517 232 233 233 233 233 233 232 232 232 232 232 232 232 232 232 232 232 232 232 232 232 232 232 233 233 232 232 232 232 232 232 232 232 232 232 232 232 232 232 232 232 320 232 233 232 233 233 233 233 233 233 233 233 233 233 232 232 231 231 230
2518 230 230 229 229 228 228 228 227 227 227 227 226 226 226 226 226 226 226 226 226 226 226 226 226 227 227 227 227 227 227 227 228 228 228 228 228 229 228 229 229 229 229 229 229 230 230 230 230 231 231 231 231 231 231 231 232 232 232 232 233
2519 233 233 233 234 234 234 234 234 234 234 234 234 234 234 234 234 234 234 234 234 234 234 234 234 234 234 234 234 234 234 234 234 234 234 234 234 234 234 234 234 234 234 234 234 234 234 234 234 234 234 234 234 234 234 234 234 234 234 234 234
2520 234 234 234 234 234 234 234 234 234 234 234 234 234 234 234 234 233 233 233 233 233 233 233 233 233 233 233 233 233 233 233 233 233 233 233 233 233 232 232 233 233 233 233 233 233 233 234 234 234 234 234 234 234 234 234 234 234 234 235 234
2521 234 234 234 234 234 234 234 234 234 234 234 234 234 234 234 234 234 234 233 233 233 233 233 233 233 233 233 233 233 232 232 232 232 232 231 231 231 231 231 231 231 231 231 231 231 231 230 231 231 231 231 230 230 230 230 230 284 230 230 230
2522 230 230 230 231 231 230 231 231 230 230 231 231 231 231 231 231 231 231 231 231 231 231 231 231 231 231 231 231 231 231 231 231 231 231 231 231 231 231 231 231 231 231 231 231 231 231 231 231 231 231 231 231 231 231 230 230 230 230 230 230
2523 230 230 230 230 230 230 230 230 230 230 230 230 230 230 230 230 230 230 230 230 230 230 230 230 230 230 230 230 230 230 230 230 230 230 229 230 229 229 229 229 229 229 229 229 229 229 229 229 229 229 229 229 229 229 229 229 229 229 229 229
2600 229 229 229 229 229 229 229 229 229 229 229 229 228 229 229 229 229 228 228 228 228 228 228 228 228 228 228 228 228 228 228 228 228 228 228 228 228 228 228 227 228 228 228 228 228 228 228 227 227 227 228 228 228 228 228 228 228 228 228 228
2601 228 228 228 228 228 228 228 228 228 228 228 228 228 228 228 228 228 228 228 228 228 228 228 228 228 228 228 228 227 227 227 227 227 227 227 227 227 227 227 227 227 227 227 227 227 227 227 227 227 227 227 227 227 227 227 227 227 227 227 227
2602 227 227 227 227 227 227 227 227 228 227 227 266 227 227 227 227 228 227 227 227 227 228 227 227 227 227 227 227 227 227 227 227 227 227 227 227 227 227 228 228 228 228 228 228 228 228 228 228 227 227 227 227 227 227 227 227 227 227 227 227
2603 227 227 227 227 227 227 226 226 226 226 226 226 226 227 227 227 227 227 227 227 227 227 226 226 227 227 226 226 226 226 226 226 226 226 226 226 226 226 225 225 225 225 225 226 225 225 225 225 225 225 224 224 224 224 224 223 223 223 223 223
2604 223 222 222 222 221 221 221 221 220 220 220 220 220 220 220 220 220 220 220 220 220 220 220 220 220 221 221 221 221 222 222 222 222 222 222 222 222 222 222 221 221 221 221 221 221 220 220 220 220 220 220 220 220 220 220 220 220 220 220 220
2605 220 220 220 220 220 220 220 220 220 220 220 220 220 220 220 220 220 220 220 220 220 220 220 220 220 220 220 220 220 220 220 220 220 220 221 221 221 221 221 221 221 221 221 221 221 221 222 222 222 222 222 222 222 222 222 221 221 222 222 222
2606 222 222 222 222 222 222 222 222 222 222 222 222 222 222 223 223 223 223 224 224 224 224 224 224 224 224 225 224 224 224 224 224 224 223 223 223 223 223 223 223 223 223 223 223 222 222 222 222 222 222 222 222 222 222 222 222 222 222 222 222
2607 222 222 222 223 223 223 223 223 223 223 223 223 223 223 223 223 223 223 223 223 223 222 222 223 223 223 223 223 223 223 223 222 223 223 223 223 223 223 222 223 223 224 224 223 223 223 223 224 224 224 224 224 223 223 223 223 224 224 224 224
2608 223 224 224 224 224 224 224 224 224 224 224 224 224 224 224 224 224 224 224 224 224 224 224 224 224 224 224 224 224 224 224 224 224 224 224 224 224 224 225 225 225 225 225 225 225 225 225 225 225 225 225 225 225 225 225 225 225 225 225 225
2609 225 225 225 225 225 225 225 225 225 225 225 225 225 225 225 225 226 225 225 225 225 225 225 225 225 225 225 225 225 225 225 225 225 225 225 225 225 225 225 225 225 225 225 225 225 225 225 225 226 226 226 226 226 226 226 226 226 226 226 226
2610 227 227 227 227 227 227 227 228 228 228 228 228 228 228 228 228 228 228 228 229 229 229 229 230 230 230 230 230 230 230 230 230 230 230 230 230 230 230 230 230 230 213 230 231 231 231 231 231 231 231 231 231 230 230 230 230 230 230 230 230
2611 230 230 230 230 230 230 230 230 230 230 230 230 230 230 230 230 230 230 230 230 230 230 230 230 230 230 230 231 231 231 231 231 231 232 231 231 231 231 231 231 232 231 231 232 232 232 232 232 232 232 232 232 232 232 232 232 232 232 232 232
2612 233 233 233 233 233 233 234 234 234 234 234 235 234 234 234 234 234 234 234 234 234 234 234 234 234 234 235 235 235 235 235 234 235 235 236 236 236 236 236 237 236 236 236 236 237 237 236 236 236 236 236 236 236 235 236 236 236 235 236 236
2613 235 235 235 236 235 236 236 236 236 236 236 236 236 236 236 236 237 237 238 238 238 238 238 238 239 239 239 239 239 240 240 239 239 239 239 238 238 238 238 237 237 237 237 237 237 237 237 237 237 238 238 238 238 237 238 238 238 238 238 239
2614 239 239 239 239 239 239 239 239 240 240 241 241 241 241 241 241 242 242 243 244 244 244 244 245 244 244 244 244 245 245 245 245 245 245 245 245 245 246 246 246 246 246 245 246 246 245 246 246 245 245 245 245 245 245 245 246 246 246 246 247
2615 246 246 246 246 246 246 246 246 246 247 247 247 247 247 247 247 247 247 247 247 247 246 246 247 247 248 247 247 247 247 248 248 249 249 250 250 250 251 251 251 251 250 249 248 248 248 248 249 250 250 250 248 248 248 248 248 248 248 248 249
2616 249 249 249 248 248 248 248 248 247 248 248 249 249 250 251 250 250 249 248 247 248 248 248 249 248 248 247 247 246 246 246 245 245 245 245 244 244 244 244 243 244 243 243 243 243 242 242 241 240 240 239 239 239 239 239 239 239 238 238 238
2617 238 238 238 238 238 238 238 238 238 238 238 238 237 237 237 237 237 237 236 236 236 236 236 235 235 235 235 234 234 234 234 233 233 233 233 233 233 233 232 232 232 232 231 231 231 231 231 231 232 231 231 231 230 230 229 229 229 229 229 229
2618 228 228 228 228 227 227 227 227 227 227 227 227 227 226 226 226 226 226 226 226 226 226 226 226 226 225 225 226 226 226 225 225 225 225 225 225 226 225 225 225 225 224 224 225 225 225 225 225 225 224 224 223 223 223 223 223 223 223 223 223
2619 223 223 223 223 223 223 223 223 223 223 223 223 223 222 222 223 223 223 223 223 223 223 223 223 223 223 223 223 223 223 223 223 223 223 223 223 223 223 223 222 222 222 222 222 222 222 221 221 222 222 222 222 222 222 222 223 223 223 223 223
2620 223 223 222 222 222 222 222 222 222 223 223 223 223 223 223 223 222 222 222 222 223 223 223 223 223 223 223 223 223 223 222 222 223 222 222 222 222 223 222 222 222 222 222 222 222 222 222 222 222 221 221 221 221 221 221 222 222 222 222 221
2621 222 222 221 221 222 222 222 222 222 222 222 222 222 222 222 222 222 222 222 222 222 222 222 222 222 221 221 221 221 221 221 220 220 220 220 220 220 220 220 220 220 220 220 220 220 220 220 220 220 219 219 219 219 219 219 219 219 219 219 219
2622 219 219 219 219 219 219 219 219 219 219 219 219 219 219 218 218 218 218 218 218 218 218 218 218 218 217 217 217 217 217 217 217 217 217 217 216 217 216 216 216 216 216 216 216 216 216 216 216 216 216 215 215 215 215 216 216 216 216 216 215
2623 216 216 216 215 215 216 216 216 216 215 215 215 215 215 215 215 215 215 215 215 215 215 215 215 215 215 215 215 215 215 215 215 215 215 215 215 215 215 215 215 215 214 214 214 214 214 214 214 214 214 214 214 214 214 214 214 214 214 214 214
2700 214 214 213 213 213 213 213 213 213 213 213 213 213 213 213 213 213 213 213 213 213 213 213 213 213 213 213 213 213 213 213 213 213 213 213 213 213 213 213 213 213 213 213 213 213 213 213 213 213 213 213 213 213 213 213 213 213 213 213 213
2701 213 213 213 213 213 213 213 213 213 213 213 213 213 213 213 213 213 213 213 213 213 213 213 213 213 213 213 213 213 213 213 213 213 213 213 213 213 213 213 213 213 213 213 213 213 213 213 213 213 213 213 213 213 213 213 213 213 212 213 213
2702 213 213 213 213 213 212 212 212 212 212 212 212 212 212 212 212 212 212 212 212 212 212 212 212 212 212 212 212 212 212 212 212 212 212 212 212 212 212 212 212 212 212 212 212 212 212 212 212 212 212 212 212 212 212 212 212 212 212 212 212
2703 212 212 212 212 212 212 212 212 212 212 212 212 212 212 212 212 212 212 212 212 212 212 212 212 212 212 212 212 212 212 212 212 212 212 212 211 211 211 211 211 211 211 211 211 211 211 211 211 211 211 211 211 211 211 211 211 211 211 212 212
2704 212 212 212 212 212 212 212 212 212 212 212 212 212 212 212 212 212 212 212 212 212 212 212 212 212 212 212 212 212 212 212 212 212 212 212 212 212 212 212 212 212 212 212 212 212 212 212 212 212 212 212 212 212 212 212 212 212 212 212 212
2705 212 212 212 212 212 212 212 212 212 212 212 212 212 212 212 212 212 212 212 212 212 212 212 212 213 212 212 212 212 212 212 212 212 212 212 212 212 212 212 212 212 212 212 212 212 212 212 212 212 212 212 212 212 212 212 212 212 212 212 212
2706 212 212 212 212 212 212 212 212 212 212 212 212 212 212 212 212 212 212 212 212 212 212 212 212 212 212 212 212 212 212 212 212 212 212 212 212 212 212 212 212 212 212 212 212 212 212 212 212 212 212 212 212 212 212 212 212 212 212 212 212
2707 212 212 212 212 212 212 212 212 212 212 212 212 213 213 212 212 212 213 213 213 213 213 213 213 213 213 213 213 213 213 213 213 213 213 213 213 213 213 213 213 213 213 213 213 213 213 213 213 213 213 213 213 214 214 213 213 213 213 213 213
2708 213 213 213 214 214 214 214 214 214 213 213 213 213 214 213 213 214 214 214 214 214 214 214 214 214 214 214 214 214 214 215 214 214 215 215 215 215 215 215 215 215 215 215 215 215 215 215 215 215 215 215 215 215 215 215 215 215 215 215 215
2709 215 215 215 215 215 216 216 216 216 216 216 216 215 215 215 215 215 215 215 216 216 216 216 216 216 216 216 216 216 216 216 216 216 216 216 216 216 216 217 217 217 217 217 217 218 218 218 217 217 217 218 218 217 217 217 217 217 217 217 217
2710 218 218 218 217 218 218 218 218 218 218 219 220 219 219 219 220 219 219 219 219 218 219 219 219 220 220 220 220 220 220 220 221 220 221 221 221 221 222 221 220 220 220 221 222 222 222 222 222 222 221 220 220 220 220 221 221 221 219 220 220
2711 220 220 221 221 221 222 222 222 223 223 223 224 223 223 223 223 223 223 224 224 224 224 224 224 224 224 224 223 224 223 223 223 223 223 223 223 224 224 223 223 223 224 223 223 223 223 223 223 223 223 223 223 223 223 224 224 224 225 225 225
2712 225 225 226 226 226 226 226 226 226 225 226 227 227 227 227 228 228 228 228 228 227 228 229 229 229 229 230 230 230 230 230 230 230 230 230 230 230 230 230 230 231 230 231 231 231 231 231 231 232 232 232 232 232 233 233 233 233 233 232 232
2713 232 232 232 232 232 232 231 231 232 232 232 232 232 232 232 232 232 232 233 233 233 233 233 233 233 234 234 235 236 237 238 239 239 239 239 239 240 241 241 242 242 241 242 241 241 242 243 244 245 245 245 244 243 243 243 242 240 239 238 237
2714 237 237 237 237 237 237 237 237 237 237 238 238 239 239 240 241 242 243 242 241 241 240 240 240 241 242 242 241 241 240 241 241 241 241 241 241 241 241 242 242 243 243 244 244 245 245 245 245 244 243 243 243 243 243 243 243 243 243 242 242
2715 242 242 242 243 243 244 244 243 243 244 245 245 245 245 246 246 246 247 247 247 247 247 247 247 248 248 247 247 246 247 247 247 247 247 248 248 247 247 247 246 246 245 245 245 245 245 245 244 244 244 244 244 244 244 244 244 244 245 244 245
2716 245 245 245 246 246 246 246 246 246 246 246 247 247 247 247 247 247 247 247 247 246 247 246 246 246 247 247 247 247 247 247 247 247 247 247 247 247 246 247 246 245 245 244 244 244 243 243 243 243 243 243 243 242 242 242 242 242 242 242 242
2717 242 242 241 241 241 241 241 241 241 241 241 241 241 242 242 242 242 243 243 243 244 244 244 244 244 244 245 245 245 245 245 246 246 246 246 247 247 247 247 247 247 247 247 247 247 247 247 247 247 248 247 247 247 247 247 247 247 247 247 247
2718 247 246 247 247 247 247 246 246 246 246 246 246 246 246 246 246 246 246 246 246 246 246 246 245 246 246 245 246 245 245 245 245 245 246 245 245 246 245 245 245 245 245 245 245 245 245 245 245 245 245 245 244 244 244 244 244 244 244 244 244
2719 244 244 244 244 243 243 243 243 243 243 243 243 242 242 242 242 241 241 240 240 240 240 239 239 239 238 238 238 238 238 238 238 237 237 237 236 236 236 236 236 236 236 236 235 235 235 235 235 235 235 235 236 235 235 236 236 236 236 236 236
2720 236 236 236 235 236 235 235 235 235 235 235 235 235 235 235 235 235 235 235 235 235 235 236 236 236 236 236 236 236 236 236 236 236 236 236 236 235 236 236 236 236 236 236 236 236 236 236 236 236 236 236 236 236 236 236 236 236 236 236 236
2721 236 236 236 236 236 236 236 236 236 236 236 236 236 236 236 236 236 236 236 236 236 236 236 236 236 236 236 236 236 236 236 236 235 236 235 235 235 235 235 235 235 235 235 235 235 235 235 235 235 235 235 235 235 235 235 235 235 235 235 235
2722 235 235 236 235 235 235 235 235 235 235 235 235 235 235 235 235 235 235 235 235 235 235 235 235 235 235 235 234 235 234 234 234 233 233 233 233 233 233 233 234 234 234 233 234 233 233 233 233 233 233 233 234 233 233 232 232 232 232 233 233
2723 233 233 233 233 233 233 233 233 233 233 233 233 232 233 233 232 232 232 232 232 231 231 231 231 231 231 232 232 232 232 232 232 232 232 232 233 233 233 233 233 234 234 234 233 233 233 233 233 233 233 233 233 233 233 234 234 234 234 267 234
2800 235 235 235 235 235 235 235 235 235 235 235 235 234 234 234 234 234 234 234 234 234 234 234 234 234 234 233 233 233 233 233 233 233 233 233 233 233 233 233 233 233 233 233 233 233 233 233 232 232 232 232 232 232 232 232 232 232 232 232 232
2801 232 232 232 232 232 232 232 232 232 232 232 232 232 232 232 232 232 232 231 231 231 231 231 231 231 231 231 231 231 231 231 231 231 231 231 231 231 231 231 231 231 231 231 231 231 231 231 231 231 231 231 231 231 231 231 231 231 231 231 231
2802 231 231 231 231 231 231 231 231 231 231 230 230 230 230 230 230 230 230 230 230 230 230 230 230 230 229 229 229 229 229 229 229 228 228 228 228 228 228 228 227 227 227 227 227 227 227 227 227 226 226 226 226 226 226 226 226 226 226 227 227
2803 227 227 227 227 227 227 226 227 227 227 226 226 226 226 226 226 226 226 226 226 226 226 226 226 226 226 226 226 226 226 226 226 226 226 226 226 226 226 226 226 226 225 225 225 226 226 226 226 226 226 226 226 226 226 226 226 226 226 226 226
2804 226 225 226 226 226 226 226 227 227 226 226 226 226 238 227 227 227 227 227 227 227 227 227 227 226 226 226 226 226 226 226 226 226 226 226 226 226 226 226 226 226 226 225 225 225 225 225 225 225 224 224 224 224 224 224 224 224 224 223 223
2805 223 223 223 223 223 223 223 223 222 222 222 222 222 222 222 222 222 222 222 222 222 222 222 222 222 222 222 222 222 221 221 221 221 221 221 221 221 221 221 221 221 221 221 221 221 221 222 222 222 222 222 222 222 222 222 222 222 222 222 222
2806 222 222 222 222 222 222 222 222 222 222 222 222 222 222 222 222 222 221 222 222 221 222 222 222 222 222 222 222 221 221 221 221 221 221 221 221 221 221 221 221 221 221 221 221 221 221 221 221 221 221 221 221 221 221 221 220 221 221 221 221
2807 220 220 220 220 220 221 220 220 220 220 220 220 220 220 220 220 220 220 220 220 220 220 220 220 220 220 220 220 220 220 220 220 220 220 220 220 220 220 221 221 221 221 221 221 221 222 222 222 222 222 223 223 223 222 223 223 223 223 223 223
2808 223 223 224 224 224 225 225 225 225 226 226 226 226 227 227 227 228 228 228 228 229 229 229 230 230 230 231 231 251 231 231 232 232 232 233 234 234 234 234 234 234 234 234 234 234 234 235 235 236 237 237 237 237 237 236 236 236 236 236 236
2809 236 236 236 236 236 236 236 236 236 236 236 236 236 237 237 237 237 237 237 238 238 238 238 238 238 238 238 238 238 238 239 240 240 240 240 240 240 241 240 240 240 240 240 240 240 239 239 239 239 238 238 238 238 239 239 239 239 239 240 240
2810 239 240 240 240 240 240 241 241 241 241 241 242 242 243 243 243 243 242 242 242 243 243 244 244 245 246 247 247 247 247 248 248 248 248 248 248 248 247 248 247 247 248 249 250 249 249 249 250 250 251 252 252 252 252 252 252 252 253 252 252
2811 252 253 253 253 253 253 254 255 254 254 254 254 254 254 254 254 255 256 257 257 256 255 255 256 255 255 254 253 253 252 252 252 252 252 253 253 254 255 255 255 255 255 255 254 254 255 256 255 255 255 254 254 255 256 256 256 256 257 257 257
2812 257 256 257 257 257 258 258 259 258 258 256 256 256 256 256 256 256 256 256 257 258 259 260 261 261 261 261 261 260 260 260 260 260 261 261 260 260 260 260 261 262 261 261 306 261 261 260 260 260 260 261 260 260 261 260 260 260 261 262 263
2813 264 263 263 264 265 266 266 268 269 270 271 270 271 271 271 270 269 269 269 269 269 269 269 269 270 268 269 270 270 270 272 271 271 271 272 272 271 270 268 268 267 266 266 268 269 269 269 269 269 269 269 268 267 267 267 267 268 269 270 271
2814 270 269 268 269 269 269 269 269 270 269 270 271 271 272 272 272 271 271 271 271 270 270 269 267 266 266 266 266 265 265 264 264 264 264 264 265 265 265 266 266 266 265 265 265 265 265 266 267 268 269 268 267 267 267 266 267 268 268 267 267
2815 266 266 266 267 266 266 267 267 266 265 264 263 263 263 263 263 263 263 263 263 263 264 264 265 265 264 264 263 263 263 264 263 263 263 261 260 259 259 259 258 258 258 257 257 257 257 257 257 257 258 258 257 258 259 260 259 259 259 259 259
2816 259 258 258 257 257 257 257 257 257 258 258 257 257 257 257 258 258 258 258 258 258 258 258 259 259 259 259 259 260 260 260 260 260 261 261 262 263 264 264 264 264 264 264 265 265 266 265 266 266 266 266 266 265 265 266 266 265 265 265 265
2817 265 265 265 266 266 267 267 267 267 267 268 268 269 270 270 270 270 269 269 269 269 268 269 268 267 267 267 267 266 265 265 265 265 265 265 265 265 265 264 265 264 264 264 264 264 264 264 264 264 264 264 264 264 264 265 266 266 266 267 267
2818 267 267 267 267 267 267 267 267 268 267 267 267 267 267 267 267 267 267 267 266 266 266 266 266 267 267 267 267 267 267 267 267 267 266 266 266 266 266 266 266 266 266 266 267 267 267 267 268 268 267 267 266 266 265 265 265 265 265 265 265
2819 265 265 265 265 266 266 266 265 265 265 264 264 263 263 263 263 263 263 263 263 263 262 262 262 262 262 262 262 261 261 261 261 261 261 261 261 261 261 261 261 261 261 261 260 260 260 260 260 259 259 259 259 259 260 259 259 259 260 259 259
2820 259 259 259 259 259 259 259 259 260 259 260 260 259 259 259 259 259 259 259 258 258 258 258 258 257 257 257 257 257 257 257 257 257 257 257 257 257 257 257 257 257 257 257 257 257 257 256 256 256 256 256 255 255 255 255 255 255 255 255 255
2821 254 255 254 254 254 254 254 254 254 254 254 254 253 253 253 253 253 253 253 253 253 253 252 253 253 252 252 252 252 252 252 252 252 252 252 252 252 252 252 252 252 252 252 252 252 252 252 252 252 251 251 251 251 251 251 251 251 251 251 251
2822 251 251 251 251 251 251 251 251 251 250 250 250 250 250 250 250 250 250 250 250 250 249 249 249 249 249 249 249 249 249 249 249 249 249 249 249 249 249 249 249 249 248 249 248 248 248 248 248 248 248 248 248 248 248 248 248 248 248 248 248
2823 248 248 248 248 248 248 248 247 248 247 247 248 247 247 247 247 247 247 247 247 247 247 247 247 247 247 247 247 247 247 247 247 247 247 247 247 247 247 247 247 247 247 246 246 246 246 246 246 246 246 246 246 246 246 246 246 246 246 246 246
2900 245 245 245 245 245 245 245 245 245 245 245 245 245 245 245 245 245 246 246 246 246 246 246 246 246 246 246 246 246 246 246 246 246 246 246 246 246 246 246 246 246 246 246 246 246 246 246 246 246 246 246 246 246 246 246 246 245 245 245 245
2901 245 245 245 245 245 245 245 245 245 245 245 245 245 245 245 245 245 245 245 245 245 245 245 245 245 245 244 244 244 244 244 244 244 243 243 244 244 244 244 244 244 244 244 244 244 244 244 244 243 243 243 243 243 243 243 243 243 243 243 243
2902 242 242 242 242 242 242 242 241 241 241 241 241 241 240 240 240 240 240 240 240 240 240 240 240 239 239 239 239 239 239 239 239 239 239 239 238 239 238 238 238 238 238 238 238 238 238 238 238 238 238 238 238 238 238 238 238 238 238 238 238
2903 238 238 238 237 237 237 237 237 237 237 237 237 237 237 237 237 237 237 237 237 237 237 237 237 237 237 237 237 237 237 237 237 237 237 237 237 237 237 237 237 237 236 236 236 236 236 236 236 236 236 236 236 236 236 236 236 236 236 236 236
2904 236 236 236 236 236 236 236 236 236 236 236 236 236 236 236 236 236 236 236 236 236 236 236 236 235 235 235 235 235 235 235 235 235 235 235 235 235 235 235 235 235 235 235 235 235 235 235 235 235 235 235 235 235 235 235 234 234 234 234 234
2905 234 234 234 233 233 233 233 233 233 233 233 233 233 233 233 233 233 233 233 233 233 233 233 233 233 233 233 233 233 233 232 233 233 232 232 232 233 233 233 232 232 232 232 232 232 232 232 232 232 232 232 232 232 232 232 232 232 232 232 232
2906 232 232 232 232 232 232 232 232 232 232 232 232 232 232 232 232 232 232 232 232 232 232 232 232 232 232 232 232 232 232 232 232 232 232 232 232 232 232 232 232 232 232 232 232 232 232 232 232 232 232 232 231 232 232 231 232 231 231 231 231
2907 231 231 231 231 231 231 231 231 231 231 231 231 231 231 231 231 231 231 231 231 231 231 231 231 231 231 231 231 231 231 231 231 231 231 231 231 231 231 231 232 232 232 232 232 232 232 232 232 232 232 232 232 232 232 232 232 232 232 232 232
2908 232 232 232 231 231 232 232 232 232 232 232 232 232 232 233 233 233 233 233 233 233 233 233 233 233 233 233 233 233 233 233 233 233 233 233 233 233 233 233 233 233 233 233 233 233 233 233 233 234 234 234 234 234 234 234 234 235 235 235 235
2909 235 235 234 234 234 234 234 234 235 235 235 236 236 236 236 236 236 236 236 236 237 237 236 237 237 237 237 237 237 237 237 236 236 236 236 237 238 238 239 238 238 238 238 238 238 238 238 238 238 238 239 239 239 239 239 240 241 241 241 241
2910 242 241 241 242 242 242 242 242 242 243 243 244 245 245 246 245 244 244 244 245 246 246 246 247 247 248 248 248 249 248 250 250 250 251 252 251 251 251 252 252 253 253 253 253 253 253 253 253 253 253 253 253 253 253 254 255 255 255 256 256
2911 256 256 257 257 257 258 258 257 258 258 258 259 259 259 258 258 259 259 259 259 259 259 260 260 260 260 260 260 260 260 260 261 261 262 262 263 264 266 266 267 267 267 267 267 267 267 266 265 265 266 267 267 268 269 270 270 271 272 272 271
2912 271 270 270 270 270 269 268 267 266 266 266 266 266 266 266 266 267 268 268 268 268 267 268 269 270 270 271 272 273 273 274 275 276 276 276 275 275 274 273 273 272 270 269 269 270 270 269 269 269 269 269 268 268 269 269 269 269 269 269 269
2913 270 270 269 268 267 268 267 267 267 266 267 267 267 267 266 266 266 267 267 267 268 269 269 269 269 269 269 268 268 268 268 267 267 266 266 265 265 264 265 265 265 265 265 264 263 262 260 259 258 257 256 255 255 255 254 254 254 253 253 253
2914 252 251 251 251 251 251 251 251 251 251 251 251 252 252 252 252 252 252 252 252 252 252 252 252 252 252 252 253 253 253 254 254 254 254 254 254 254 252 250 248 245 244 243 243 243 242 243 243 244 245 245 246 247 248 248 249 249 250 250 250
2915 250 251 251 252 251 251 252 252 252 252 252 252 252 252 252 252 253 253 252 252 253 253 253 253 253 253 253 253 254 254 254 254 254 253 254 253 253 253 253 254 254 254 254 254 254 254 254 254 254 254 255 255 255 255 255 256 256 256 256 257
2916 257 257 258 257 258 258 258 259 259 259 260 261 261 262 263 263 264 264 264 264 264 264 264 264 263 263 264 264 264 264 264 263 263 263 263 263 263 263 263 264 264 264 264 264 263 263 263 263 263 263 263 263 263 263 263 263 263 263 263 263
2917 263 263 263 263 263 263 264 264 264 264 264 264 264 264 264 264 264 264 264 264 264 264 264 264 264 264 264 265 265 265 264 264 264 263 263 263 263 263 263 263 262 262 262 261 261 261 261 261 261 261 261 261 261 262 262 262 262 262 262 262
2918 262 262 262 263 263 263 263 263 263 263 263 263 263 263 263 263 263 263 263 263 263 263 263 264 264 264 263 264 264 264 264 264 264 264 264 264 264 264 265 265 265 265 265 265 265 265 265 265 265 265 265 265 265 265 265 265 265 264 264 264
2919 264 264 264 264 264 264 264 264 264 264 264 264 264 264 264 264 264 264 264 264 264 264 264 264 264 264 264 264 264 264 264 264 264 264 264 263 263 263 263 263 263 263 263 263 263 263 263 263 263 263 263 263 263 263 263 263 263 263 263 263
2920 263 263 263 263 263 263 263 263 263 263 263 263 263 262 262 263 262 262 262 262 262 262 262 262 261 261 261 261 261 261 261 261 260 260 260 260 260 260 260 260 260 259 259 260 260 259 259 259 259 259 259 259 259 259 259 259 259 259 259 259
2921 259 259 259 259 259 259 259 258 258 259 259 259 258 258 258 258 258 258 258 258 258 258 258 258 258 258 258 258 259 259 259 259 259 259 260 260 260 259 259 259 260 261 260 260 260 260 259 259 258 258 258 257 256 256 255 255 255 255 254 254
2922 254 254 254 254 254 254 254 254 253 254 254 254 254 254 254 253 253 253 253 253 253 253 252 252 252 253 253 253 252 252 252 252 253 253 253 253 253 253 253 253 253 253 252 252 252 251 251 251 251 251 251 250 250 250 250 250 250 249 249 249
2923 249 249 249 249 249 249 249 249 248 248 248 248 248 247 247 247 247 247 247 247 247 247 247 247 247 247 247 246 246 246 246 246 246 246 246 246 245 245 246 246 246 245 245 245 245 245 245 245 245 245 245 244 244 244 244 245 245 245 245 245
3000 245 245 245 244 245 245 244 244 245 245 245 244 244 244 244 244 244 244 243 243 243 243 242 241 241 241 241 241 240 240 239 239 239 239 239 239 239 239 239 239 239 239 240 240 240 241 240 241 241 241 241 241 241 241 241 241 241 241 242 242
3001 242 242 242 243 243 243 243 243 243 243 243 243 243 242 243 242 242 242 242 243 243 243 243 243 243 243 243 244 244 244 244 244 244 244 244 244 244 244 244 244 244 244 244 244 244 245 244 244 244 244 244 244 244 244 244 244 244 244 244 244
3002 270 244 244 244 243 243 243 243 243 242 242 242 242 242 242 242 242 242 242 242 242 242 242 242 242 242 242 242 242 242 243 243 243 243 243 243 243 243 243 243 243 243 243 243 243 243 243 243 243 243 243 243 243 243 243 243 242 242 242 242
3003 243 243 243 243 243 244 244 244 244 244 244 244 244 244 244 244 244 243 243 243 243 243 243 243 242 242 242 242 242 242 242 242 242 241 241 241 241 241 241 241 241 241 241 241 241 241 241 241 241 241 241 241 241 241 241 240 240 240 240 240
3004 240 240 240 240 240 239 239 239 239 239 239 238 238 238 238 238 238 237 237 237 237 237 236 236 236 235 235 235 234 234 233 233 232 232 232 231 231 231 231 230 230 230 230 230 230 230 230 230 230 231 230 230 230 230 229 230 230 230 230 231
3005 231 231 231 231 232 232 232 232 231 231 231 231 231 231 231 231 231 231 231 231 231 231 230 230 230 230 230 230 230 229 229 230 230 230 230 230 230 230 231 231 231 230 230 230 230 230 230 230 230 229 229 229 229 229 229 229 228 228 228 228
3006 228 228 228 228 228 227 227 227 228 228 228 229 229 229 229 250 229 229 229 229 230 230 230 230 230 229 229 229 229 230 230 230 230 230 231 231 230 230 230 229 229 229 229 228 228 228 227 226 226 226 226 226 226 226 226 225 226 226 225 226
3007 226 225 226 226 227 227 227 228 227 227 227 227 227 227 228 228 228 228 229 229 229 230 230 230 230 230 230 230 230 230 230 230 230 230 229 229 229 229 229 229 229 229 229 229 229 229 229 229 229 228 228 228 228 228 228 228 228 228 228 228
3008 228 228 228 227 227 227 227 227 227 227 227 227 227 227 228 227 227 228 228 228 228 228 228 228 228 228 228 229 229 229 229 229 229 229 229 229 230 230 230 230 230 230 230 230 229 229 229 229 229 229 229 229 229 229 229 229 229 229 229 229
3009 229 229 229 229 229 229 229 229 229 229 229 229 230 230 230 231 231 231 231 231 231 231 232 232 232 232 232 233 232 233 232 233 233 233 233 233 232 232 232 232 232 232 232 232 231 232 232 232 232 232 232 232 233 233 233 232 233 233 233 233
3010 233 233 233 233 233 233 233 232 232 232 232 232 232 232 232 232 232 232 232 232 232 232 232 233 233 233 233 234 234 233 291 233 233 233 233 233 234 234 234 234 234 234 234 234 235 235 235 235 234 234 235 235 235 235 236 236 236 237 237 237
3011 237 237 236 237 237 237 237 237 237 237 237 236 236 236 236 236 236 236 236 236 237 237 237 237 237 237 237 237 237 238 238 239 239 239 240 240 240 240 240 241 242 242 243 243 243 244 244 244 245 246 246 245 246 245 245 246 247 246 246 245
3012 244 244 244 244 243 242 242 242 241 242 242 242 242 243 243 243 243 242 242 241 241 241 241 240 240 241 240 241 241 242 242 242 242 242 242 242 242 242 242 242 242 242 242 243 243 243 243 243 243 243 243 243 243 243 244 244 245 245 245 244
3013 244 243 243 242 242 243 243 243 244 244 244 244 244 245 245 246 246 247 247 248 248 249 249 250 250 250 251 250 250 251 252 251 251 251 250 250 250 249 248 248 248 248 248 248 248 248 248 249 248 249 250 250 251 251 251 251 251 251 252 252
3014 252 252 253 253 254 254 254 255 254 254 255 255 255 256 256 256 258 257 257 256 256 256 256 256 256 256 256 257 257 258 259 260 261 261 261 261 261 261 261 260 260 260 260 260 260 301 261 262 263 264 264 265 264 265 266 266 267 267 268 268
3015 268 268 267 267 267 266 266 266 266 266 268 269 269 269 268 268 268 268 269 269 270 271 272 272 274 276 277 277 277 277 277 277 276 275 274 275 276 277 277 278 279 280 282 283 284 283 283 284 286 288 287 286 286 285 284 284 285 287 287 286
3016 284 284 283 283 282 281 281 281 282 284 284 283 282 282 282 281 281 282 283 284 284 283 283 282 281 279 278 277 276 275 275 274 275 275 275 277 277 277 277 277 277 278 278 280 281 280 280 279 278 278 278 278 278 278 278 278 278 278 278 279
3017 279 280 281 281 281 280 281 281 280 280 280 280 279 279 280 280 280 280 280 280 280 280 278 277 276 275 275 275 274 275 273 273 272 272 272 272 272 271 271 271 271 271 272 272 272 272 272 272 272 272 272 273 273 273 274 275 275 275 274 274
3018 273 273 272 272 272 270 270 270 270 270 271 270 270 270 270 270 270 270 270 270 269 270 269 269 269 269 269 269 268 268 268 268 269 268 268 268 268 268 269 269 269 269 270 270 271 270 270 271 271 270 270 270 270 270 270 270 270 271 270 271
3019 307 271 271 271 271 272 272 272 272 272 272 272 272 272 272 273 273 273 273 273 273 272 272 272 272 271 271 271 271 271 272 272 272 272 272 272 272 273 273 273 272 272 271 271 271 270 269 269 268 268 268 268 268 268 268 268 268 268 268 268
3020 268 268 268 268 267 266 265 264 263 263 263 263 262 262 263 263 263 263 263 262 262 262 262 262 262 263 263 264 264 264 264 264 264 265 264 264 264 264 263 262 262 261 261 261 260 260 259 259 259 259 259 259 258 258 258 259 259 260 260 260
