58265 2003   021213603204   65   24 6670   55    1--------------------------------------------------------------------------------------------------------------------------------------------------------------------------------------------------
3121 191 191 191 192 192 192 192 192 192 192 192 192 192 192 192 192 192 192 192 192 192 193 192 193 193 193 193 194 193 193 194 194 194 194 194 195 195 195 195 195 196 195 195 195 196 196 196 197 197 197 198 197 198 197 198 198 198 198 198 199
3122 199 199 199 199 199 200 200 200 200 200 200 200 200 201 201 201 201 201 202 201 201 201 201 201 201 202 202 202 203 202 203 202 202 202 202 202 202 202 203 203 204 204 203 203 204 204 204 203 203 203 203 203 203 204 204 204 204 204 204 204
3123 204 204 204 204 204 204 205 205 205 205 205 206 206 206 206 206 206 206 206 206 206 206 206 206 206 206 206 206 206 206 206 206 206 206 205 205 205 205 205 205 205 205 205 204 205 205 205 205 205 205 205 205 205 205 205 204 204 204 205 205
0100 205 205 204 204 204 204 204 204 204 204 204 204 204 204 204 204 204 204 204 204 204 205 205 205 205 205 205 205 206 206 206 207 207 207 208 208 209 209 210 210 210 210 211 210 210 211 211 211 211 211 212 212 212 213 215 215 216 216 216 215
0101 215 215 215  90 215 215 216 216 217 218 217 217 217 217 217 216 216 216 216 216 216 216 216 217 217 216 216 217 217 218 219 219 220 219 219 219 219 219 219 219 218 219 218 218 218 218 218 218 218 218 218 218 219 219 220 220 219 218 218 217
0102 218 219 219 220 220 220 220 220 220 220 220 220 221 222 222 222 223 223 223 223 223 221 221 221 221 221 222 223 224 223 223 223 224 225 225 226 226 227 227 226 225 224 224 223 223 222 223 223 224 224 224 225 224 224 224 224 223 223 224 225
0103 225 225 225 225 225 225 225 225 225 225 225 225 225 225 225 225 225 225 225 225 226 226 227 227 228 228 227 227 227 226 226 227 227 228 228 228 228 228 228 228 228 228 228 228 228 228 228 228 228 227 227 227 227 226 226 225 225 225 225 225
0104 225 224 225 225 224 224 224 224 224 224 223 223 223 224 224 224 224 224 224 224 224 224 224 224 224 224 223 224 224 224 224 224 224 224 224 224 224 224 224 224 224 224 224 224 223 224 224 223 223 223 223 222 222 222 222 222 222 221 221 221
0105 221 221 221 221 221 220 220 220 220 220 220 219 219 219 219 219 218 218 218 218 218 218 218 218 217 217 217 217 217 217 217 217 216 216 216 216 216 216 216 216 216 216 217 216 216 216 216 216 216 216 216 216 216 216 216 216 216 216 216 216
0106 216 216 216 215 215 215 215 215 215 215 215 215 215 215 215 215 214 214 214 214 215 215 214 214 214 214 214 214 214 214 214 214 214 214 214 214 214 214 214 214 214 214 213 213 213 213 213 213 213 213 213 212 212 212 212 211 211 211 211 210
0107 210 210 210 210 210 209 209 209 209 209 209 208 208 208 208 207 207 207 206 206 206 206 206 206 206 206 206 206 206 206 206 206 206 206 206 206 206 206 206 206 207 207 207 207 207 207 207 207 207 207 207 207 207 207 207 207 207 207 207 207
0108 207 207 207 207 207 207 207 207 207 207 207 207 206 207 207 207 207 207 207 207 206 206 206 206 206 206 206 207 207 207 207 207 207 207 207 207 207 207 206 207 207 207 206 206 206 206 206 207 206 206 206 206 206 206 206 206 205 205 205 205
0109 205 205 205 205 205 205 205 205 205 205 205 205 205 205 205 205 205 205 205 205 205 205 205 205 205 205 205 205 205 205 205 205 205 205 204 204 205 204 204 204 204 204 204 204 204 204 204 204 204 204 204 204 204 204 204 204 204 204 204 204
0110 204 204 204 204 204 204 204 204 204 204 203 204 203 203 203 203 203 203 203 203 203 203 203 203 203 203 203 202 202 202 202 202 202 202 202 202 202 202 202 202 202 202 202 202 202 202 202 202 201 202 201 201 201 201 201 201 201 201 200 200
0111 200 200 200 200 200 200 200 199 199 199 199 199 199 199 198 198 198 198 198 198 198 198 198 198 197 197 197 197 197 197 197 197 197 197 197 197 197 197 197 197 197 197 197 197 197 197 196 197 196 196 197 196 196 196 196 196 197 197 197 196
0112 196 196 196 196 196 196 196 196 196 196 196 196 196 196 196 196 196 196 196 196 196 196 196 196 196 196 196 196 196 196 196 196 196 195 195 195 195 195 195 195 195 195 195 195 195 195 195 195 195 195 194 195 194 194 194 194 194 194 194 194
0113 194 194 194 194 194 194 194 194 193 193 193 193 193 193 193 193 193 193 193 193 193 193 193 193 193 193 193 193 192 192 192 192 192 192 192 192 192 192 192 192 192 192 192 192 192 192 192 192 192 192 192 192 192 192 192 192 192 192 192 192
0114 192 192 192 192 192 192 192 192 192 192 192 192 192 192 192 192 192 192 192 192 192 191 191 191 191 191 192 191 191 191 191 191 191 191 191 191 191 191 191 191 191 191 191 191 191 191 191 191 191 191 191 191 191 191 191 191 191 191 191 191
0115 191 191 191 191 191 191 191 190 190 190 190 190 190 190 190 190 190 190 190 190 190 190 190 190 190 190 190 190 190 190 190 190 190 190 190 190 190 190 190 190 190 190 190 190 190 190 190 190 190 190 190 190 189 189 189 189 189 189 189 189
0116 189 189 189 189 189 189 189 189 189 189 189 189 189 189 189 189 189 189 189 190 190 190 190 190 190 190 190 190 190 190 190 190 190 190 190 190 190 190 190 190 190 190 190 190 190 190 190 190 190 190 190 190 190 190 190 190 190 190 190 190
0117 190 190 190 190 190 189 190 190 190 189 190 190 190 190 190 190 190 190 190 190 190 190 190 190 190 190 190 190 190 190 190 190 190 190 190 190 190 190 190 189 190 190 189 189 189 189 189 189 189 189 189 189 189 189 189 189 189 189 189 189
0118 189 189 189 189 189 189 189 189 189 190 190 190 189 189 189 189 189 189 189 189 189 189 189 189 189 189 189 189 189 189 189 189 189 189 189 189 190 190 190 190 190 190 190 190 190 190 190 190 190 191 191 191 191 191 191 191 191 191 191 191
0119 191 191 191 191 191 191 191 191 191 191 191 192 192 192 192 192 192 192 192 193 194 194 194 194 194 194 194 194 194 194 195 195 195 195 195 195 196 195 196 196 196 196 196 196 196 197 197 197 197 197 197 197 197 197 198 198 198 198 198 199
0120 198 199 199 199 199 199 199 199 199 200 200 200 200 200 200 200 201 202 202 202 202 202 202 203 203 203 203 203 203 203 204 204 205 205 205 206 206 207 208 208 208 209 208 208 208 208 207 208 208 208 207 207 207 207 206 206 206 206 207 205
0121 205 205 205 205 205 205 205 205 205 206 206 207 207 207 207 207 207 207 207 207 208 208 208 208 208 209 208 208 208 208 208 208 209 210 209 209 210 209 209 209 209 209 210 210 210 211 211 211 211 211 210 210 210 210 210 210 211 210 210 210
0122 210 210 210 210 210 210 210 210 210 210 210 211 211 211 210 210 211 211 211 210 210 210 211 212 212 212 211 212 212 213 213 213 214 214 215 216 216 215 216 216 217 216 216 216 216 215 217 216 215 215 215 215 215 215 215 215 215 215 215 215
0123 216 216 217 218 217 216 216 217 217 217 218 218 219 219 219 218 218 218 218 219 220 220 220 219 220 221 221 221 221 221 221 221 221 222 223 224 224 223 222 222 222 223 223 222 223 222 222 222 222 222 222 222 222 222 222 223 223 224 224 225
0200 225 225 225 224 224 224 223 223 223 223 222 222 222 222 221 221 221 221 221 221 221 221 221 221 221 221 221 221 220 220 220 219 219 219 219 219 219 219 219 219 219 219 219 220 220 220 220 221 222 222 222 223 223 223 224 225 226 226 226 226
0201 226 226 226 227 227 227 227 227 227 227 227 226 226 226 227 227 228 228 228 229 230 230 229 229 229 229 229 229 229 230 230 230 231 231 231 231 231 232 231 230 231 231 231 232 232 232 231 231 231 232 234 234 234 234 234 235 236 236 236 236
0202 236 235 234 234 234 234 234 234 234 234 235 235 234 235 235 235 234 234 234 234 235 235 235 235 234 234 234 234 234 233 233 233 233 233 233 233 234 234 233 232 232 232 232 232 231 231 231 231 230 230 230 230 231 231 231 231 231 231 231 231
0203 231 231 231 231 231 231 231 231 231 231 231 231 231 231 231 232 233 233 234 235 234 234 233 232 232 231 231 231 231 231 230 230 230 230 230 230 230 230 230 231 231 231 231 231 232 232 232 233 233 234 234 234 235 235 234 234 234 233 233 232
0204 232 232 232 231 231 231 231 231 231 231 231 231 231 231 230 230 230 230 230 230 229 229 229 229 229 228 228 228 228 228 228 228 228 227 227 227 227 227 227 227 227 227 227 227 227 227 227 227 227 227 227 227 227 227 226 226 226 226 225 225
0205 225 225 225 224 224 224 223 223 223 223 222 222 222 221 221 221 221 221 220 220 220 220 219 219 219 219 219 219 219 219 219 219 219 219 219 219 218 218 218 218 218 217 217 216 216 215 215 215 215 215 214 215 215 215 215 214 214 215 215 215
0206 215 215 215 216 216 216 216 216 216 216 217 217 217 217 217 217 217 218 218 218 218 218 218 217 218 218 218 218 218 217 218 218 217 217 217 217 217 217 217 217 217 216 216 216 216 216 216 216 216 216 216 216 216 217 217 216 216 216 216 216
0207 216 216 216 216 216 216 216 216 216 216 217 217 216 216 216 216 216 216 216 216 216 216 216 216 216 216 216 216 215 215 215 215 215 215 215 215 215 215 215 215 215 215 215 214 214 214 214 214 214 214 214 213 213 213 213 213 213 213 212 212
0208 212 212 212 212 212 212 212 212 212 212 212 212 212 212 212 212 212 212 212 212 212 212 212 212 212 212 212 212 212 212 212 212 212 212 212 213 213 213 212 212 212 212 212 212 212 212 212 211 211 211 211 211 211 211 211 211 211 211 211 212
0209 212 212 212 212 212 212 213 213 213 213 213 214 214 214 214 214 214 214 213 212 212 212 212 212 212 212 212 212 212 212 213 212 213 213 213 213 213 213 213 213 213 213 213 213 213 213 212 212 212 212 212 212 212 212 212 212 212 211 211 211
0210 211 210 210 210 210 210 210 210 210 210 209 209 209 209 209 209 209 209 209 209 209 208 209 209 209 209 209 209 209 209 209 209 209 209 209 208 208 208 208 208 208 208 208 208 208 208 209 209 208 209 209 209 209 209 209 209 208 208 208 208
0211 208 208 208 208 208 208 208 208 207 207 208 207 207 207 208 208 208 208 208 208 208 208 208 208 208 209 209 209 209 209 209 209 209 209 209 209 209 209 210 210 210 210 211 211 211 210 210 210 209 209 210 210 210 210 210 210 210 210 210 210
0212 210 210 210 210 210 210 210 210 210 210 210 210 210 209 209 209 209 209 209 208 209 209 209 209 209 209 209 209 209 209 209 209 209 209 208 208 208 208 209 208 208 208 208 208 208 208 208 208 208 208 207 207 208 207 207 207 207 207 207 207
0213 207 207 206 206 207 207 207 207 207 206 206 206 206 206 206 205 205 205 205 205 205 204 204 204 204 204 204 204 204 203 203 203 203 203 203 203 203 203 203 203 203 203 203 203 203 203 203 203 203 203 203 203 203 203 204 204 204 203 204 204
0214 204 203 203 203 202 202 202 202 202 202 201 201 201 201 200 200 200 199 199 200 121 200 200 200 199 199 198 198 198 198 198 198 198 197 197 196 196 195 195 195 195 195 195 195 194 195 195 196 196 196 197 197 196 197 197 197 197 197 197 197
0215 197 197 196 195 196 195 196 196 196 196 195 195 196 197 197 197 197 197 197 197 197 198 198 198 199 199 199 199 199 199 200 199 199 199 199 199 199 200 199 200 199 199 199 200 200 200 199 199 199 199 199 199 199 199 199 199 199 199 199 199
0216 199 199 199 199 199 199 199 199 199 199 199 199 199 199 199 199 199 199 199 199 199 199 199 199 199 199 199 199 199 199 199 199 199 199 199 199 199 199 199 199 199 199 199 199 199 199 199 199 200 200 200 200 200 200 200 200 200 200 200 200
0217 200 200 200 200 200 200 201 201 201 201 201 200 200 199 198 197 196 195 194 194 194 194 194 193 193 192 192 191 191 191 191 192 191 192 192 191 191 191 191 191 191 190 190 189 189 189 189 189 189 190 190 190 190 191 191 191 192 192 192 193
0218 192 193 193 194 194 195 195 195 196 196 196 196 196 196 196 195 195 195 195 195 194 194 194 194 194 194 193 192 192 191 191 191 190 190 191 110 191 191 191 192 192 193 193 193 193 194 194 194 194 194 194 194 194 194 194 194 194 194 194 193
0219 193 194 194 194 193 193 193 192 192 192 192 192 192 192 193 193 193 193 194 194 194 195 196 196 197 198 198 199 199 199 199 200 200 199 199 199 200 200 200 200 200 200 200 200 200 200 200 200 200 200 200 200 201 201 201 201 201 202 202 202
0220 202 203 203 203 203 203 203 203 203 204 204 204 204 204 204 204 204 205 205 205 206 206 207 207 207 207 208 208 208 209 209 208 208 208 209 209 208 208 207 208 208 208 209 209 209 209 209 210 210 210 210 211 211 212 212 212 211 211 211 212
0221 212 211 212 212 211 211 211 211 211 212 212 212 212 213 213 213 212 213 213 213 214 214 215 215 217 217 217 217 216 217 217 217 217 218 219 220 220 220 220 221 222 222 221 221 221 221 221 220 220 221 222 222 223 223 223 222 223 224 224 224
0222 223 224 224 225 225 225 225 224 223 223 223 222 222 222 223 224 224 224 224 224 224 225 225 225 225 226 226 226 226 227 226 227 227 227 227 227 226 226 226 227 228 227 228 228 228 228 228 228 229 228  90 228 230 230 230 229 230 230 229 230
0223 230 230 230 230 231 231 231 232 232 232 232 232 231 231 232 232 232 232 232 232 232 232 232 232 232 233 234 234 234 233 233 233 234 235 235 236 236 236 237 237 237 237 237 238 238 239 239 240 241 241 241 241 241 242 243 244 245 245 244 243
0300 243 242 241 241 242 243 243 243 244 245 245 245 245 245 245 245 246 247 247 248 248 248 248 249 248 248 248 250 251 252 252 252 252 253 254 253 254 255 255 255 255 254 255 255 255 255 256 258 258 257 256 255 253 254 255 254 254 254 255 255
0301 255 254 255 255 254 256 257 257 257 256 257 259 261 263 264 266 267 266 264 264 265 267 268 270 271 271 269 269 270 270 267 266 266 266 266 268 268 267 267 269 270 271 272 270 270 269 268 267 267 267 267 267 267 268 268 269 270 270 271 271
0302 270 269 270 270 271 271 271 270 270 270 270 270 270 270 271 272 272 273 274 274 274 272 271 271 273 273 275 277 278 278 278 277 276 276 276 276 276 277 277 278 279 279 279 279 279 278 279 279 277 277 278 277 278 280 281 283 283 282 280 278
0303 275 275 275 276 276  88 275 275 275 276 277 278 280 279 280 281 281 280 278 276 276 276 277 277 278 278 277 277 276 277 277 276 276 276 275 275 275 275 275 275 275 276 276 276 275 274 275 275 275 275 276 277 276 275 275 275 274 274 274 273
0304 272 272 271 271 271 272 271 271 270 270 270 271 271 271 271 271 271 272 272 272 272 271 272 272 272 272 272 272 272 272 271 270 270 270 270 270 270 271 271 272 272 271 271 272 272 273 273 273 272 272 272 272 272 272 272 273 273 273 273 272
0305 273 273 272 272 272 272 272 273 272 271 271 270 269 269 268 269 269 269 269 269 268 268 267 266 266 264 264 263 263 263 263 263 263 263 263 263 262 262 262 263 263 262 262 262 262 261 262 261 261 261 261 261 261 261 261 260 260 260 260 260
0306 260 260 260 260 260 260 260 260 260 259 259 259 259 259 259 259 259 259 258 258 258 258 257 257 257 257 257 257 257 256 256 256 256 256 256 256 256 255 255 255 255 255 254 254 254 254 254 254 254 253 253 253 252 252 252 251 250 249 248 247
0307 247 247 246 246 246 245 245 244 244 243 242 241 240 239 237 237 237 237 237 237  87 236 236 235 234 233 232 231 230 229 228 227 226 224 224 223 222 222 222 221 221 220 219 219 219 219 219 219 219 219 218 218 218 218 218 219 219 219 219 219
0308 219 219 218 218 218 217 217 217 216 216 215 215 215 215 215 214 214 214 215 214 214 214 214 214 214 214 214 214 214 214 214 214 214 214 214 214 214 214 214 214 214 214 214 214 214 214 214 214 214 214 213 214 214 214 213 213 213 213 213 212
0309 212 212 212 211 211 211 211 210 210 210 210 211 211 211 211 210 210 210 210 209 209 209 209 210 210 209 209 210 210 210 210 210 209 210 209 208 208 208 209 209 209 209 209 210 210 211 211 212 212 213 213 213 213 214 214 215 215 216 217 217
0310 217 217 217 217 217 217 217 217 217 217 217 217 218 218 218 218 218 218 218 218 218 219 219 220 220 220 220 220 220 220 219 218 218 218 218 217 216 216 216 215 215 215 214 214 214 215 214 215 215 215 214 214 214 214 214 213 213 213 213 214
0311 213 213 212 212 212 212 212 211 211 211 211 211 212 212 212 212 212 213 213 213 213 213 213 213 213 213 213 213 213 213 213 213 213 213 213 212 213 213 213 213 213 213 213 213 213 212 212 212 212 212 212 212 211 211 211 211 211 210 210 210
0312 210 210 209 208 208 209 210 210 210 210 210 210 210 210 210 210 210 210 210 211 211 210 210 211 212 212 211 211 211 211 211 211 211 210 210 210 210 210 210 210 211 211 211 212 212 212 211 211 210 210 210 210 209 209 209 209 209 208 208 208
0313 208 209 208 208 209 208 208 208 209 209 208 209 208 208 208 208 208 209 209 209 209 209 209 209 208 209 209 209 209 209 209 210 211 212 213 213 212 212 212 212 211 211 210 210 209 209 208 208 208 208 207 207 207 207 208 208 208 208 208 207
0314 206 206 206 207 206 207 207 207 206 206 206 206 206 206 207 207 207 208 208 208 208 208 208 208 208 207 207 206 205 204 204 203 202 202 201 200 201 201 200 200 199 199 199 199 199 199 199 199 199 199 199 198 198 197 197 197 197 197 197 196
0315 196 196 196 196 195 195 195 195 195 195 194 194 194 194 193 193 193 193 193 192 192 192 192 193 193 193 193 193 193 194 194 194 194 195 195 196 196 197 198 199 199 199 198 198 198 198 198 197 197 198 197 197 198 198 198 198 199 199 199 198
0316 199 198 199 199 199 199 199 199 200 200 200 201 201 201 201 201 201 201 201 201 201 201 202 202 202 201 201 201 201 201 201 201 202 201 201 201 202 202 203 203 204 203 203 203 203 203 202 203 202 202 202 202 202 202 202 201 202 201 201 201
0317 200 200 200 200 200 200 200 200 200 200 200 200 200 200 200 200 200 200 200 200 201 201 201 202 203 204 205 205 206 206 207 207 207 206 206 206 206 205 205 205 205 205 204 204 204 203 203 203 203 203 203 203 203 203 203 204 204 204 204 204
0318 205 205 205 205 205 206 205 205 205 205 205 205 204 204 204 204 204 204 204 204 204 204 204 204 204 204 205 204 205 205 205 205 205 205 205 205 204 204 205 205 205 206 206 206 206 207 207 207 207 207 208 208 208 209 209 209 209 210 210 210
0319 210 210 210 210 210 210 211 211 211 212 213 213 213 213 212 212 212 213 213 213 214 214 214 215 215 215 215 215 215 214 215 215 215 216 217 218 219 220 221 221 222 222 222 222 222 222 222 222 222 222 222 223 223 223 223 223 223 224 224 224
0320 224 225 225 225 225 226 227 227 226 226 225 225 225 225 225 224 224 224 224 225 225 226 226 227 227 227 228 228 228 229 229 228 229 230 230 231 230 230 230 230 231 232 232 232 233 233 234 235 235 235 235 235 236 235 235 236 235 235 234 234
0321 233 233 234 235 235 235 236 236 235 236 236 236 236 237 238 238 237 237 238 238 238 238 239 239 239 240 241 242 242 242 243 243 244 245 246 247 247 247 246 247 248 249 249 249 250 250 251 253 253 252 252 251 252 252 254 255 254 254 254 255
0322 256 257 258 258 257 257 258 259 259 261 263 264 264 263 263 262 261 260 261 261 262 263 263 263 263 261 261 261 260 259 259 259 258 258 258 258 258 259 258 259 259 259 260 260 260 261 262 262 261 260 260 260 261 261 261 262 262 263 265 265
0323 264 264 265 266 267 267 266 267 267 267 268 268 268 267 267 269 270 271 270 271 272 273 273 273 274 274 272 272 272 273 274 273 273 275 276 276 275 276 276 276 277 277 276 275 274 274 274 275 274 274 276 277 275 274 273 272 271 271 272 273
0400 273 272 272 273 273 273 274 274 275 277 279 280 279 278 279 280 280 280 278 278 279 281 283 284 284 283 281 279 278 279 279 279 281 280 281 284 286 287 289 290 291 289 288 286 286 286 285 285 286 286 286 285 284 283 283 283 284 286 287 288
0401 288 288 289 290 291 291 289 288 287 287 288 289 288 287 286 286 286 285 284 285 288 290 290 289 288 286 286 288 288 288 288 288 290 290 290 290 291 292 292 292 294 295 295 295 293 292 293 294 292 292 292 293 294 294 294 293 294 295 296 294
0402 291 292 293 295 296 296 296 296 296 294 293 294 294 293 293 295 296 296 297 297 298 296 296 298 299 298 295 295 295 296 296 296 295 294 292 291 290 290 291 291 292 292 292 294 294 295 296 296 296 294 293 291 291 291 291 291 291 291 291 291
0403 291 291 291 291 291 292 292 292 292 292 293 293 293 294 294 294 294 294 295 296 298 298 300 300 300 300 300 299 299 300 300 300 300 301 300 300 300 301 302 303 304 304 303 302 302 301 300 300 300 300 299 299 300 300 301 301 302 303 303 303
0404 304 303 303 304 305 306 307 307 305 304 303 302 301 300 300 299 298 298 297 296 295 294 294 294 294 294 293 292 292 292 292 292 293 293 293 294 295 295 295 295 295 295 294 294 294 295 295 295 295 295 295 295 295 295 295 294 294 294 294 295
0405 295 295 295 294 294 294 295 296 296 295 295 294 294 294 294 294 294 294 294 294 294 294 293 293 293 293 292 292 292 292 292 292 292 293 293 293 292 292 293 293 293 292 292 292 292 292 291 291 291 291 290 290 290 290 290 290 289 289 289 289
0406 289 289 289 289 289 290 289 289 288 288 288 288 288 288 287 287 287 287 286 286 286 286 286 286 286 286 287 287 286 286 285 285 285 285 285 284 284 284 284 284 284 284 283 283 282 282 281 281 281 280 281 280 280 280 279 279 279 279 279 280
0407 279 279 280 280 280 280 280 280 280 280 280 279 279 279 278 278 278 277 277 277 277 277 277 277 277 277 277 276 277 277 277 277 277 277 276 276 276 275 275 275 275 274 275 275 275 275 276 275 275 275 275 275 275 275 275 274 274 274 274 273
0408 273 272 272 273 273 273 273 272 272 272 273 273 273 273 273 273 273 272 272 272 272 272 272 272 271 272 272 271 271 271 270 270 270 270 270 270 270 269 270 270 270 270 270 270 270 270 269 269 269 269 269 268 268 269 269 268 268 268 268 268
0409 268 268 268 267 267 267 266 266 266 266 265 265 265 265 265 265 264 264 264 264 264 264 263 263 263 262 262 262 261 261 261 261 261 261 261 261 261 261 260 260 260 260 259 259 259 259 258 258 258 258 257 257 257 257 256 256 256 256 255 255
0410 255 254 254 254 253 253 253 253 253 253 253 253 252 253 253 253 254 253 253 253 252 252 252 252 252 252 252 251 251 250 250 250 250 250 250 249 249 249 249 249 249 249 249 249 248 248 248 248 248 248 248 248 248 249 248 248 249 249 249 249
0411 248 248 249 249 249 249 249 249 249 248 248 248 247 247 247 248 248 248 248 248 249 249 249 249 249 249 250 250 250 250 250 250 251 251 251 250 250 250 250 250 249 249 249 249 249 248 248 248 247 247 247 247 247 247 248 248 248 248 247 247
0412 247 247 247 247 246 246 246 246 246 246 246 246 246 246 246 246 246 245 245 245 244 244 244 244 245 245 245 245 245 244 244 244 243 243 243 243 243 243 244 244 244 244 244 243 243 242 242 241 241 241 241 241 241 241 240 241 241 241 241 240
0413 240 240 240 240 239 239 239 240 240 239 239 239 239 239 238 238 239 238 238 238 238 237 236 236 236 236 236 237 236 235 234 234 235 236 236 236 236 236 236 237 237 236 236 235 235 235 235 235 236 235 235 235 235 235 235 234 234 234 234 235
0414 234 234 234 234 234 233 233 232 231 231 231 231 231 231 231 230 230 230 230 230 230 230 230 230 230 230 230 231 231 230 230 230 229 229 229 229 228 228 228 228 228 227 228 227 227 228 228 228 227 227 226 225 224 224 224 225 224 224 225 225
0415 226 225 224 224 225 225 225 225 225 226 226 226 226 226 225 225 225 225 225 225 226 226 226 226 226 226 226 227 227 227 226 225 225 224 224 224 223 224 224 223 223 223 223 223 223 223 223 223 223 223 222 221 220 220 220 220 220 220 220 220
0416 220 221 221 221 221 221 220 220 219 220 220 220 220 220 221 220 220 220 220 220 219 219 218 218 218 218 218 219 219 219 219 220 219 219 219 218 218 218 218 219 219 219 220 220 219 219 219 219 218 218 218 218 219 219 219 219 219 219 218 218
0417 218 218 218 218 218 218 218 218 218 217 217 217 217 217 217 216 216 216 216 216 216 216 216 215 215 216 215 215 215 215 215 215 215 215 215 215 215 214 214 214 214 214 214 214 214 214 214 214 214 214 214 214 215 215 215 215 215 215 216 216
0418 215 214 214 214 215 215 215 215 216 216 215 215 214 214 214 213 213 213 213 212 212 212 212 211 211 211 211 211 210 210 210 210 210 210 211 211 211 211 211 211 211 211 211 211 211 211 211 210 210 210 210 210 210 210 210 210 210 210 211 211
0419 211 211 211 211 211 210 210 211 211 211 211 211 211 211 211 211 211 211 211 211 211 212 212 211 211 211 211 210 210 210 210 210 210 210 209 209 209 209 208 209 209 209 209 209 209 210 210 210 211 212 212 213 213 214 214 215 215 215 215 215
0420 215 215 215 215 216 215 215 215 215 215 215 215 215 215 215 215 215 215 215 215 215 215 215 216 216 216 216 216 217 216 216 216 217 217 217 217 218 124 218 218 220 220 220 220 219 219 219 220 221 220 220 221 221 220 221 221 221 221 222 222
0421 223 223 224 224 224 224 225 226 226 226 226 226 225 225 225 225 226 226 226 227 228 228 228 229 229 229 229 230 231 231 231 231 231 231 232 231 231 231 231 231 232 232 232 233 232 231 231 231 231 230 231 230 230 230 231 231 232 233 233 234
0422 235 236 236 237 238 239 241 242 243 242 241 242 242 242 243 243 244 244 245 246 248 248 248 249 250 249 251 251 249 250 253 253 255 255 254 256 258 259 262 263 265 266 265 264 263 261 260 259 259 260 259 259 259 260 261 261 260 259 257 257
0423 257 258 258 258 258 257 257 257 257 257 257 257 257 257 258 260 262 262 261 261 260 260 260 261 262 264 266 266 266 268 268 267 266 267 267 268 268 267 268 270 270 270 271 271 271 270 269 268 269 268 269 270 271 274 274 273 272 271 270 271
0500 271 272 272 272 271 272 273 272 272 271 273 274 276 277 280 281 279 279 278 277 278 279 282 284 283 282 283 282 281 282 281 280 281 280 279 279 279 279 278 275 276 279 279 278 277 277 278 280 280 281 284 286 109 287 284 283 283 283 282 283
0501 284 285 285 282 281 281 280 281 281 281 281 282 283 283 282 284 286 287 288 287 286 286 286 285 284 285 286 285 286 285 284 284 284 285 286 287 286 285 284 284 284 284 285 286 287 287 286 284 282 280 279 279 279 279 280 281 281 281 281 279
0502 278 278 278 279 280 281 280 279 278 278 278 278 276 277 279 279 280 279 279 279 278 278 278 278 277 277 277 277 276 276 276 276 277 277 276 275 276 276 276 276 277 276 276 276 276 275 274 275 275 274 274 274 274 274 274 273 273 272 272 272
0503 272 272 273 273 273 273 273 273 273 273 274 274 275 274 274 274 274 273 274 274 274 275 275 275 274 273 274 274 274 274 273 273 274 274 273 273 274 274 275 275 276 276 276 276 277 277 277 276 276 276 277 276 276 277 277 277 276 276 276 275
0504 274 274 274 274 273 272 271 271 271 270 270 270 270 270 270 270 269 269 269 269 269 269 269 269 269 269 269 268 268 268 268 268 267 267 268 268 267 267 266 266 266 266 265 265 265 265 265 264 264 264 264 263 263 263 263 263 263 263 263 262
0505 263 263 263 263 263 263 263 102 262 262 262 262 261 261 261 261 261 261 261 260 260 260 260 260 259 259 259 259 259 258 258 258 258 258 258 257 257 257 257 257 257 258 257 257 257 256 256 256 256 256 256 256 256 256 256 256 255 255 255 255
0506 254 254 254 254 254 254 254 253 253 253 253 253 253 253 253 253 252 252 252 252 252 252 252 252 252 252 252 251 251 251 251 251 251 251 251 251 251 251 251 251 251 251 251 251 251 250 250 250 250 249 249 249 249 249 249 249 249 249 249 249
0507 249 249 249 249 249 248 248 248 248 248 248 248 248 248 248 248 247 247 247 247 247 247 247 247 246 246 246 246 247 247 247 247 247 247 247 246 246 246 246 246 245 245 245 245 245 245 245 245 245 245 245 245 244 244 244 244 245 245 245 244
0508 244 244 244 244 244 244 244 244 244 243 243 243 243 243 243 243 243 242 242 242 243 243 242 242 242 242 242 242 242 242 242 242 242 242 241 241 241 241 241 241 240 240 240 240 240 240 240 240 240 240 239 239 239 239 240 239 239 239 239 240
0509 240 240 240 240 240 240 240 240 240 240 240 240 240 240 240 240 240 240 240 240 240 239 101 239 239 238 239 239 238 238 238 237 237 237 237 237 238 237 237 237 237 237 236 236 236 236 236 235 235 235 235 235 236 235 235 235 235 235 235 236
0510 236 236 236 236 235 235 235 235 235 235 235 235 235 234 235 234 234 234 235 235 234 234 234 233 233 233 233 234 234 235 234 234 234 234 233 233 233 233 233 233 233 232 232 232 233 233 232 232 233 233 233 232 232 232 232 231 231 231 231 231
0511 231 230 230 230 230 229 229 229 229 229 229 229 229 229 229 229 228 228 228 228 227 227 227 226 226 226 225 225 225 224 223 222 222 222 222 222 222 222 221 221 220 220 219 219 220 219 218 217 217 217 216 217 217 217 217 217 216 215 215 215
0512 214 214 213 213 212 211 212 212 214 216 217 218 219 220 221 221 221 221 221 221 221 222 222 222 222 223 223 223 223 223 223 223 223 223 223 222 222 222 222 221 220 219 219 220 220 220 220 220 220 221 221 221 220 220 220 219 219 218 217 217
0513 217 218 218 218 217 216 216 216 216 216 217 217 217 217 217 218 218 218 218 219 219 219 220 220 220 219 219 219 220 220 220 220 221 220 221 220 220 220 220 220 220 220 220 220 220 220 219 219 219 219 219 219 219 219 219 218 219 218 218 218
0514 218 218 218 218 218 218 218 218 218 218 217 217 218 217 217 217 217 217 217 217 216 216 217 217 217 217 217 216 216 217 216 217 217 217 217 217 217 217 217 217 216 216 217 217 217 217 218 218 218 218 218 218 219 219 219 218 218 218 217 217
0515 217 217 217 216 216 216 216 216 216 216 216 215 215 215 215 214 214 214 214 214 214 214 213 213 213 213 212 212 212 211 211 211 211 210 210 210 210 210 209 209 209 209 209 209 208 208 208 208 207 207 207 207 207 207 207 207 207 206 206 206
0516 206 206 206 206 206 205 205 205 205 205 205 205 205 204 204 204 204 204 204 204 204 204 204 204 204 203 203 203 203 203 203 203 203 203 203 202 202 202 202 202 202 202 202 202 202 202 202 202 201 201 202 201 201 202 201 201 201 201 201 201
0517 201 201 201 200 200 200 201 201 201 201 200 200 200 200 200 200 200 200 200 199 199 199 199 199 199 200 200 200 200 200 200 200 199 199 200 200 200 200 200 200 199 199 199 199 199 199 199 199 199 199 199 199 199 199 199 199 199 199 199 199
0518 199 199 199 199 199 199 199 199 199 199 199 199 199 199 199 199 199 199 199 199 198 198 198 198 198 198 198 198 198 199 199 199 199 199 199 199 199 199 199 199 199 199 199 199 199 199 199 198 198 198 198 198 198 198 198 198 198 198 198 198
0519 198 198 198 198 198 198 198 198 198 198 198 198 198 198 198 198 198 198 198 198 198 198 199 199 199 199 199 199 199 199 199 199 199 199 199 200 200 200 200 200 200 200 200 200 200 200 200 200 200 201 201 201 201 201 201 201 201 201 201 201
0520 201 201 201 201 202 201 202 202 202 202 202 202 202 202 202 202 202 203 203 203 203 203 203 203 203 203 203 203 203 204 204 204 204 204 204 204 204 204 204 204 203 203 203 203 204 204 204 204 204 205 204 205 205 204 204 204 204 204 204 204
0521 204 204 205 205 205 205 205 205 205 205 205 205 205 205 206 206 206 206 206 206 206 206 206 206 207 207 207 207 207 207 208 208 208 209 209 209 209 208 208 208 208 208 208 208 209 209 209 210 210 210 209 209 209 209 209 209 209 210 210 210
0522 210 210 211 211 212 212 212 212 212 211 211 211 212 211 211 210 210 210 211 211 210 210 211 211 211 212 212 213 213 214 214 214 214 215 215 215 214 214 215 215 215 214 215 215 215 214 214 214 215 216 216 216 217 217 218 219 219 218 217 217
0523 216 215 215 215 216 217 216 216 217 218 219 218 218 217 217 218 218 218 217 217 216 216 216 217 217 217 217 217 217 216 216 217 217 217 217 217 217 217 218 219 219 220 220 221 222 224 225 224 223 223 223 222 222 222 222 221 221 220 220 220
0600 220 221 222 222 223 223 225 226 227 227 227 228 228 228 227 227 227 225 223 222 222 223 223 223 224 225 226 226 226 227 227 226 227 226 227 226 226 225 225 225 225 225 225 227 227 226 225 224 224 223 223 224 224 224 225 225 224 223 223 223
0601 224 223 223 223 224 224 224 224 225 225 225 225 224 225 226 226 225 225 225 225 226 228 229 229 229 229 230 229 228 228 228 227 227 228 229 227 227 226 227 228 229 230 230 231 231 230 229 230 230 230 230 230 229 229 229 229 228 228 229 230
0602 231 231 229 229 229 230 228 229 229 228 229 230 230 230 231 230 229 229 230 230 231 232 232 231 231 230 229 228 228 227 228 229 229 230 230 230 229 229 229 229 229 230 231 232 232 231 231 231 232 233 233 232 231 230 231 230 230 230 230 230
0603 230 231 231 231 231 231 232 232 232 232 231 231 231 231 232 232 232 232 231 231 231 231 231 232 233 233 233 232 232 233 233 233 232 233 234 235 235 234 233 233 233 232 231 231 232 232 231 230 230 231 232 232 232 232 233 233 234 234 233 232
0604 232 231 231 231 230 229 230 231 231 232 232 232 231 231 231 231 231 231 231 231 231 232 232 231 231 230 230 230 230 230 230 230 230 229 229 229 229 228 228 228 228 228 228 228 227 228 228 228 228 228 228 227 227 227 227 227 227 227 227 227
0605 227 227 227 227 227 227 226 226 226 226 226 225 225 225 225 225 225 225 225 225 225 225 225 225 224 224 224 224 224 224 224 224 224 224 224 224 224 224 224 224 224 224 224 223 223 223 223 223 223 223 222 222 222 222 222 223 223 223 223 223
0606 222 222 222 222 221 221 221 221 221 221 221 221 221 221 221 221 221 221 221 221 221 221 221 220 220 220 220 220 220 220 219 219 218 218 218 217 217 217 216 216 216 216 215 215 214 214 214 214 213 213 213 213 213 212 212 212 212 212 212 212
0607 212 212 212 212 212 212 212 212 211 211 211 211 211 211 211 211 211 211 211 211 211 211 211 211 211 211 211 211 211 210 210 210 210 210 210 210 210 210 210 209 209 209 209 209 209 209 209 209 209 209 209 209 209 209 209 209 209 209 209 209
0608 209 209 209 209 208 209 209 209 208 209 208 208 208 208 208 208 207 207 207 207 207 207 207 207 207 207 207 207 207 206 206 206 206 206 206 206 206 205 205 205 205 205 205 205 205 205 205 205 205 205 205 205 205 205 205 205 205 205 205 205
0609 205 205 205 205 205 205 205 204 204 204 204 204 204 204 204 204 204 204 205 205 205 205 205 205 205 205 205 205 205 205 205 205 205 205 205 205 205 205 205 205 205 205 205 205 205 205 205 205 205 205 205 205 205 205 205 205 205 206 206 206
0610 206 206 205 205 205 205 205 205 205 205 205 205 205 205 204 204 204 204 204 204 204 204 204 204 204 204 204 204 204 204 204 203 203 203 203 203 202 202 202 202 202 202 202 202 202 202 202 202 202 202 202 201 201 201 201 201 201 201 201 201
0611 201 201 201 201 200 200 200 200 200 200 200 200 200 200 200 199 199 199 199 199 199 199 199 199 198 198 198 198 198 198 198 198 198 198 198 198 198 198 197 197 197 197 197 196 196 196 196 196 196 195 195 195 195 195 194 194 194 194 193 193
0612 193 193 193 193 193 192 192 192 192 192 191 191 191 191 191 191 191 190 190 190 190 190 190 190 190 190 190 190 190 190 190 190 189 189 189 189 189 189 189 189 189 189 189 189 189 188 188 188 188 188 188 187 187 187 187 186 186 186 186 186
0613 186 185 185 185 185 185 184 184 185 184 185 185 184 184 185 185 185 185 185 185 185 185 185 186 185 185 185 185 185 185 185 185 185 185 186 186 185 185 185 185 185 185 185 185 185 185 185 185 185 185 185 184 184 184 184 184 185 184 184 185
0614 184 184 184 184 184 184 184 184 184 184 184 184 184 184 184 184 184 184 184 184 184 184 184 184 184 184 184 184 184 184 184 184 184 184 184 184 184 183 183 183 183 183 183 182 182 182 182 182 183 183 183 183 183 183 183 183 183 182 182 182
0615 182 182 182 182 183 183 183 182 183 182 182 183 182 182 182 182 182 182 182 182 182 182 182 182 182 182 182 182 182 181 182 181 182 181 182 181 182 181 182 181 181 181 181 181 181 181 181 182 182 182 182 182 182 182 182 182 182 182 182 182
0616 182 182 182 182 182 182 182 182 182 182 182 182 182 182 182 182 181 181 181 181 181 181 181 181 181 181 181 181 181 181 180 180 180 180 180 180 180 180 180 180 180 180 180 179 179 179 179 179 179 178 178 178 178 178 177 177 177 177 177 176
0617 176 176 176 176 175 175 175 175 175 174 174 174 174 174 174 174 174 174 174 173 173 173 173 173 173 172 172 172 172 172 172 172 172 171 171 171 171 171 171 171 170 170 170 170 170 170 170 170 170 170 170 170 170 170 170 170 170 170 170 170
0618 170 171 171 171 171 171 171 172 172 172 172 172 172 172 172 172 172 172 172 172 172 172 172 172 172 172 172 173 173 173 173 172 172 172 172 172 172 172 172 172 172 172 172 172 172 172 172 172 172 172 172 172 172 173 172 172 172 172 172 172
0619 172 172 172 172 172 172 172 172 172 172 172 172 172 172 172 171 171 171 171 171 171 171 171 172 171 171 171 171 172 172 172 172 172 172 172 172 172 172 172 172 172 172 172 172 172 172 172 172 172 172 173 173 173 173 174 174 174 175 175 174
0620 175 175 176 176 177 177 176 177 177 177 178 178 178 179 178 179 179 180 180 180 181 181 181 181 181 181 182 182 182 182 182 183 183 183 183 183 184 184 184 184 184 184 185 185 185 185 186 186 186 186 186 187 187 187 187 187 187 187 187 187
0621 188 188 188 188 188 189 189 189 189 189 189 190 190 190 190 190 190 190 190 191 191 191 191 191 191 191 191 191 191 192 191 191 191 192 192 192 192 192 192 192 192 191 192 192 192 192 192 192 193 193 193 194 194 194 194 193 193 193 194 194
0622 194 194 194 194 193 194 194 195 195 195 195 195 195 195 195 194 194 194 194 194 194 195 195 196 196 196 196 196 196 194 194 194 195 195 195 195 195 194 194 194 193 194 194 194 194 194 195 196 196 195 195 194 195 195 195 195 195 194 194 194
0623 194 194 194 194 195 195 195 194 195 195 195 195 195 196 197 197 198 197 197 197 197 197 198 198 198 198 198 198 198 197 198 198 198 198 198 199 199 199 199 198 198 196 196 197 197 196 197 197 197 197 199 200 201 200 200 200 199 199 200 200
0700 201 201 201 202 203 204 205 206 206 206 206 206 205 204 203 203 203 203 204 205 205 205 205 205 206 206 206 208 209 210 210 210 209 208 208 207 207 208 208 207 208 209 209 208 207 207 208 208 208 209 210 211 213 213 214 215 215 213 213 212
0701 212 212 212 214 216 218 218 217 218 219 219 219 218 217 215 215 215 214 215 217 219 221 219 218 218 218 218 219 219 220 221 223 223 225 225 224 222 221 223 222 222 222 223 224 225 225 224 224 225 226 225 225 226 227 229 228 227 227 227 226
0702 225 226 226 225 226 227 227 227 227 226 227 227 227 227 227 227 227 228 229 229 228 227 227 226 225 225 225 226 226 226 226 225 225 225 225 225 224 224 224 225 224 225 224 224 224 224 224 224 225 226 226 226 225 225 225 225 224 223 223 223
0703 223 223 224 224 224 223 223 224 224 223 223 223 222 223 223 223 224 224 225 225 224 224 223 223 223 223 223 223 223 223 223 222 223 223 223 224 224 224 224 224 224 223 223 223 223 223 223 224 224 223 223 223 223 223 223 223 223 222 222 222
0704 222 222 222 222 222 222 222 222 222 222 222 222 223 223 223 223 223 223 223 224 223 223 223 223 223 223 222 222 222 222 222 222 223 223 223 222 223 223 223 223 223 223 223 223 223 223 223 223 223 223 222 222 222 222 222 222 222 223 223 223
0705 222 222 222 222 222 222 222 222 222 222 222 222 221 221 221 221 220 220 220 220 220 220 220 219 219 219 218 218 218 218 218 218 218 218 218 217 217 217 217 217 217 217 217 217 217 217 217 217 217 217 217 217 217 217 217 217 217 217 216 216
0706 216 216 216 217 217 217 216 216 216 216 216 216 216 215 215 215 215 215 215 215 215 215 215 215 215 215 215 215 214 214 214 214 214 214 214 214 214 215 215 215 215 214 214 214 215 215 215 215 215 215 215 215 215 214 214 214 214 214 214 214
0707 214 214 214 214 213 213 213 213 213 213 213 213 214 214 213 213 213 213 213 213 213 213 214 214 213 213 213 212 212 213 213 213 213 213 213 214 213 213 213 212 212 211 212 212 212 212 212 213 213 212 212 212 213 213 213 213 213 213 212 212
0708 212 212 212 211 212 212 212 212 212 211 210 210 210 210 210 210 210 210 210 210 210 210 210 209 209 209 209 208 209 209 210 210 210 210 210 210 210 210 210 210 211 211 211 211 212 212 212 211 211 212 212 213 213 213 212 212 212 212 211 211
0709 211 211 211 211 211 210 210 210 210 210 210 209 209 209 209 208 208 208 208 209 209 208 208 208 208 208 208 208 208 208 208 208 208 207 207 207 207 207 206 207 207 207 207 207 207 206 206 205 205 205 205 205 205 205 205 205 205 205 205 204
0710 204 204 203 203 203 203 203 203 203 203 203 202 202 202 202 202 202 202 202 203 203 203 203 203 203 203 203 204 204 204 204 203 203 203 203 203 203 203 203 203 203 203 203 203 203 203 202 202 202 202 202 202 202 202 202 202 202 202 201 201
0711 201 200 200 200 200 200 200 200 200 200 200 200 200 201 201 201 201 201 201 201 201 201 201 201 201 201 201 201 200 200 201 201 200 200 200 200 200 200 200 200 200 199 199 199 199 199 199 199 199 199 198 198 198 198 198 198 198 198 198 198
0712 198 198 198 198 198 198 198 198 198 198 197 197 197 197 197 197 197 197 197 197 197 197 197 197 197 197 197 197 197 197 196 196 196 196 196 196 197 197 197 197 197 197 197 197 197 197 197 197 197 197 197 197 197 197 197 197 197 197 197 197
0713 197 197 196 196 196 196 196 196 196 196 195 195 195 194 194 195 194 194 194 193 193 193 192 193 193 194 194 194 195 195 195 195 195 195 195 196 196 195 195 195 196 196 196 195 195 195 194 194 194 194 194 193 193 193 192 192 191 190 190 190
0714 190 189 189 189 189 189 189 189 189 189 189 189 189 189 189 190 189 189 189 188 188 188 187 188 188 188 188 188 187 187 187 187 187 186 185 185 185 184 184 184 184 184 184 184 184 185 185 185 186 185 185 185 185 186 186 186 186 186 187 186
0715 186 186 185 185 185 184 184 184 184 184 184 184 184 184 184 184 184 183 183 183 183 183 184 184 184 185 185 186 187 188 188 188 189 189 189 189 189 189 189 189 189 189 189 189 189 189 189 189 190 190 190 190 190 190 190 190 190 190 190 190
0716 190 189 189 189 189 189 189 189 189 189 189 189 189 189 189 189 189 189 189 189 189 189 189 189 189 189 189 189 189 190 190 190 190 190 190 190 190 190 190 190 189 189 189 190 190 190 190 190 190 189 189 189 189 189 190 190 189 189 189 189
0717 189 189 189 189 189 189 189 189 189 189 189 189 189 189 189 189 189 189 189 189 189 189 189 189 189 188 189 189 189 188 188 188 188 188 188 188 188 188 188 188 188 188 187 188 187 187 188 187 187 188 188 187 187 187 187 187 187 187 187 188
0718 188 188 188 188 187 187 187 187 187 187 187 188 188 187 188 188 188 187 187 187 187 188 188 188 188 188 188 188 189 189 189 189 189 189 189 189 189 189 190 189 190 190 190 190 190 190 190 190 190 190 190 190 190 190 190 190 190 190 190 190
0719 190 190 190 190 190 190 190 190 190 190 190 190 190 190 190 191 190 190 190 190 190 190 190 190 191 190 191 191 191 191 190 190 190 190 190 190 191 191 191 191 190 189 189 189 189 189 188 188 188 188 188 188 188 188 189 188 188 188 189 189
0720 189 189 189 189 189 189 189 189 189 190 190 191 191 192 192 192 192 191 191 191 191 191 191 191 191 191 191 190 190 190 190 190 189 189 189 189 189 189 189 189 189 189 189 189 188 188 189 188 189 189 188 188 189 189 189 189 189 189 190 190
0721 190 190 191 191 191 191 191 191 191 192 192 192 192 192 193 193 192 193 193 193 193 193 193 194 194 194 194 194 195 195 195 195 196 196 196 196 196 196 195 195 196 196 196 196 197 196 196 197 198 198 198 199 198 199 198 198 198 198 198 198
0722 198 198 198 198 199 199 199 198 198 198 198 198 199 199 199 199 199 199 199 200 200 200 200 200 200 199 199 200 200 200 200 200 201 201 201 202 202 202 203 202 202 201 202 201 202 202 202 202 202 203 204 204 203 203 204 204 205 204 205 206
0723 205 206 208 209 209 209 209 210 211 212 212 211 211 212 212 210 211 211 211 212 212 213 212 212 211 211 212 213 214 215 215 214 214 214 215 214 213 212 213 212 212 212 212 212 213 214 214 214 213 214 215 215 215 215 217 215 216 216 217 217
0800 217 218 218 217 217 216 216 218 219 220 220 220 220 219 219 220 220 220 221 221 222 223 224 223 222 222 222 221 221 221 221 222 222 223 222 222 222 222 223 224 224 223 224 223 224 224 224 224 224 223 223 223 222 223 223 224 223 223 223 224
0801 225 226 227 227 228 229 227 227 227 227 228 227 227 228 229 230 229 229 228 227 226 226 226 226 225 225 225 225 225 225 225 226 228 228 227 227 227 227 227 227 227 227 227 227 227 227 228 228 228 228 227 228 227 227 227 228 229 229 230 229
0802 229 228 228 229 229 229 229 230 230 231 230 230 231 231 230 230 230 229 229 229 230 231 231 232 232 232 232 232 232 232 232 231 230 229 229 229 228 229 229 230 230 230 230 231 231 231 232 233 233 234 234 234 234 234 234 234 235 235 236 236
0803 238 239 238 238 237 237 237 238 239 239 238 238 237 236 234 234 234 236 236 238 238 237 238 239 237 237 237 236 235 235 235 235 236 237 238 237 237 238 237 237 237 237 236 236 236 235 234 234 235 235 235 235 235 236 237 237 237 237 237 237
0804 237 236 236 235 236 236 236 237 237 237 236 236 236 237 237 238 238 237 237 237 237 238 238 237 237 237 237 237 237 238 238 238 238 237 237 236 235 236 236 236 238 237 237 237 237 238 239 239 241 242 242 240 239 239 239 239 238 239 239 239
0805 238 237 238 240 240 240 240 241 241 241 242 241 241 240 240 239 239 238 238 237 237 238 238 238 237 237 237 237 237 237 237 237 237 237 237 237 237 238 238 238 238 238 238 238 238 238 238 238 238 239 239 240 241 241 240 240 240 240 240 240
0806 241 241 240 239 238 238 237 237 237 237 237 236 236 236 236 236 235 235 123 235 235 235 235 235 235 235 234 234 234 234 234 234 234 234 234 234 233 233 233 233 233 233 233 233 233 233 233 232 232 232 232 232 231 231 231 232 232 231 231 231
0807 231 231 231 231 231 231 230 231 231 230 230 230 230 229 229 228 229 228 228 228 228 228 228 228 228 228 228 228 227 227 227 227 227 227 227 226 226 226 226 226 226 226 226 226 226 227 227 227 227 227 227 227 227 227 227 226 226 226 226 226
0808 226 226 226 226 225 226 226 226 225 225 224 224 223 222 220 218 217 215 214 212 211 209 208 204 202 202 203 204 203 201 201 199 196 195 193 193 192 192 191 193 192 192 192 193 194 194 194 194 194 194 192 190 190 190 190 190 190 190 191 191
0809 192 192 192 192 192 192 192 191 190 189 189 189 190 191 191 191 192 193 193 194 194 195 195 195 196 198 199 202 203 203 203 203 203 203 204 206 206 206 206 206 205 205 205 204 203 202 201 200 200 200 200 202 202 202 202 202 202 201 201 200
0810 200 199 198 198 199 198 196 194 192 190 188 187 188 187 187 186 185 186 186 187 186 186 186 186 185 185 185 185 186 186 186 186 186 122 186 186 187 188 188 189 189 189 190 191 190 190 190 190 190 191 192 192 194 194 194 195 195 195 195 195
0811 195 195 196 196 196 196 196 197 196 196 196 196 196 196 195 195 195 195 196 195 195 195 194 194 194 194 194 194 194 194 194 194 195 195 196 196 196 196 196 196 196 195 195 194 194 194 194 194 194 194 194 194 194 194 193 193 193 193 192 192
0812 192 192 192 192 191 191 190 190 190 190 189 189 189 189 189 189 189 189 190 190 191 191 191 191 192 192 193 192 192 192 192 192 192 192 192 192 192 192 191 191 191 191 191 191 192 192 192 192 191 191 191 191 191 191 191 191 191 190 190 190
0813 190 189 189 189 189 189 189 188 188 188 188 188 188 188 188 188 188 188 188 188 187 187 187 187 187 187 187 186 186 186 185 185 185 185 185 185 185 184 185 185 185 185 185 184 184 184 183 183 183 183 183 183 183 183 183 183 183 182 182 182
0814 182 182 182 183 183 184 184 184 184 185 185 185 186 186 186 186 186 186 185 186 186 185 185 185 185 185 185 185 185 185 185 185 184 184 184 185 185 185 185 184 184 184 184 184 184 184 183 183 155 181 180 179 178 177 177 176 176 175 175 176
0815 175 175 175 175 175 176 176 176 177 177 177 177 178 178 178 178 179 179 180 180 180 180 180 180 180 180 180 180 180 179 178 177 176 175 174 174 173 173 173 173 172 172 172 172 172 173 173 174 174 175 175 175 175 174 174 173 172 172 172 172
0816 171 171 170 170 169 169 169 169 169 170 170 171 171 171 171 171 171 170 170 170 170 171 173 174 176 178 180 182 183 183 184 184 184 183 183 183 184 183 183 183 183 183 182 182 182 182 182 182 181 181 180 180 179 179 179 179 178 178 177 176
0817 175 175 174 173 173 172 172 172 172 172 172 172 172 172 172 172 172 172 172 173 173 174 175 175 176 177 178 178 178 178 178 179 179 179 179 179 179 179 179 179 178 178 178 178 178 178 178 177 177 176 176 175 175 175 174 174 173 173 173 173
0818 173 172 172 172 173 174 174 174 173 173 173 173 172 172 172 172 173 173 173 173 173 173 173 174 174 174 174 174 174 174 174 174 174 174 174 174 175 175 174 174 173 173 173 173 173 174 174 174 174 174 175 175 175 175 175 176 176 177 178 179
0819 180 180 181 164 182 183 183 183 183 184 184 184 185 185 186 186 186 186 186 187 187 187 187 188 188 188 188 188 188 188 188 189 189 189 190 190 190 190 191 191 192 193 193 193 194 194 194 194 195 195 195 195 195 195 195 195 194 195 194 195
0820 196 196 197 197 197 198 197 197 197 197 197 198 197 197 198 199 199 199 199 199 199 199 200 200 201 202 203 203 202 202 202 202 201 200 201 201 202 202 202 203 203 204 205 204 203 203 203 203 203 203 203 204 204 206 206 206 207 208 208 208
0821 209 210 212 212 213 212 212 210 210 211 212 212 214 216 216 216 215 216 216 216 216 216 217 218 217 216 216 218 219 220 222 222 223 223 224 224 223 224 225 226 225 224 225 226 227 227 225 225 223 221 222 223 226 228 231 233 234 231 228 228
0822 228 230 232 232 231 231 231 232 233 234 232 233 233 233 232 233 236 238 237 238 237 237 237 234 234 234 234 236 236 237 239 237 237 238 241 241 241 240 238 237 237 237 238 239 241 241 241 240 239 240 240 241 243 243 242 240 239 239 241 243
0823 245 246 245 245 245 245 246 246 246 246 247 249 251 247 246 247 247 247 250 249 248 245 246 250 254 256 256 254 254 254 254 256 255 256 257 256 259 261 260 259 259 257 255 256 259 259 257 258 256 256 256 257 260 257 256 259 260 261 260 259
0900 260 260 260 261 261 263 263 262 260 260 260 259 260 259 260 261 261 262 264 265 268 267 265 264 263 265 264 264 265 265 268 267 266 265 268 272 270 270 271 270 271 267 266 266 267 270 270 271 270 269 270 271 271 268 268 272 273 275 275 275
0901 274 273 272 273 275 277 277 275 274 274 274 274 274 274 272 271 270 271 273 272 273 274 274 273 274 276 278 277 276 276 277 276 276 275 276 278 281 280 278 277 278 279 281 280 278 278 276 277 278 276 276 277 278 278 280 282 284 286 286 282
0902 280 282 284 286 285 286 285 284 284 285 284 284 282 281 283 284 283 283 284 283 283 284 285 285 285 285 284 283 283 281 281 283 286 288 291 290 289 286 286 287 289 290 288 287 287 288 290 290 289 291 291 291 289 287 287 288 288 289 289 287
0903 286 286 286 287 286 284 286 287 289 290 293 293 293 291 289 289 288 286 285 287 286 285 287 288 290 291 291 290 289 289 289 288 288 288 288 289 288 288 286 285 285 285 284 284 286 286 287 286 286 286 287 288 289 289 288 286 286 287 289 290
0904 289 292 291 291 291 290 290 289 289 288 287 288 290 291 288 287 289 290 292 294 293 291 291 290 291 292 291 291 292 292 292 294 296 297 295 294 294 292 292 294 294 293 293 293 292 291 292 291 292 291 292 291 291 291 292 293 295 294 292 291
0905 290 291 293 295 294 293 292 293 294 294 295 296 297 296 295 294 293 290 288 289 289 288 287 286 286 287 287 286 286 285 285 284 284 285 284 285 285 286 286 286 285 285 285 286 285 285 285 284 284 284 284 284 284 284 284 284 283 283 283 283
0906 284 284 284 283 283 282 282 282 282 282 281 281 281 281 281 281 281 281 280 280 280 280 280 280 280 280 280 280 279 279 279 278 278 278 278 278 278 278 277 277 277 277 276 276 276 276 276 275 275 275 275 275 275 275 274 274 274 273 273 273
0907 273 272 272 271 270 270 270 270 269 269 268 267 266 266 265 265 264 263 263 262 261 261 260 260 259 258 257 256 255 254 253 252 252 251 251 251 251 251 251 251 251 250 249 249 248 248 247 246 246 245 244 244 243 243 242 241 240 240 239 239
0908 238 238 238 238 237 237 237 237 237 236 236 236 235 235 235 235 235 235 235 235 235 235 236 236 236 238 239 240 241 241 240 240 240 240 240 239 240 239 239 238 238 238 238 237 237 237 237 236 236 235 235 235 235 235 235 235 235 235 234 233
0909 233 233 234 233 234 233 233 233 233 233 232 232 232 231 231 231 231 230 230 230 229 229 229 229 229 229 227 227 227 227 226 226 226 227 227 227 227 227 227 226 226 226 226 225 224 224 223 223 222 222 222 222 222 222 222 222 222 222 222 223
0910 223 223 223 222 222 222 222 222 222 222 223 223 223 223 223 222 222 222 222 222 222 222 221 221 222 222 222 222 222 222 222 222 223 223 223 223 224 224 224 224 225 225 225 225 225 224 223 223 222 222 222 223 223 223 223 222 223 223 224 223
0911 223 223 223 223 223 223 223 223 223 223 222 222 222 222 222 221 221 221 221 221 220 220 219 219 219 219 219 219 219 219 220 220 220 220 221 221 221 222 222 223 223 223 223 223 222 223 223 224 224 224 224 224 226 227 226 226 225 225 226 227
0912 229 229 230 231 231 231 231 231 230 230 230 229 228 229 229 228 227 227 226 225 224 223 222 222 220 219 219 219 218 218 218 219 220 221 221 222 224 227 229 230 230 230 229 227 227 228 231 234 237 239 240 241 241 242 243 243 242 241 239 238
0913 236 235 232 229 228 227 225 224 224 224 223 222 221 221 220 219 219 220 221 223 225 226 228 230 231 232 232 232 230 229 229 228 228 226 225 224 224 223 221 219 218 217 216 214 212 211 211 211 211 211 211 211 211 212 213 215 218 221 222 222
0914 222 222 224 225 225 226 226 225 226 226 226 227 226 227 229 230 231 231 231 231 231 231 231 231 231 230 230 230 230 230 229 229 229 229 228 228 228 228 228 229 230 230 230 230 230 230 230 230 230 230 229 229 228 228 229 228 228 228 229 229
0915 228 228 228 227 227 226 226 226 226 227 227 227 228 227 227 227 227 226 226 225 225 225 226 226 226 226 226 225 225 226 226 226 226 226 226 225 225 225 225 225 225 224 224 224 224 224 224 224 224 224 223 223 223 223 222 222 222 221 221 221
0916 221 221 221 220 221 221 222 222 222 222 222 221 221 221 220 220 220 220 220 220 220 220 220 219 219 219 219 219 219 219 219 218 219 218 218 218 218 218 218 218 218 217 218 218 218 218 218 218 217 218 217 217 217 217 217 217 216 217 217 217
0917 217 217 217 217 217 217 217 217 217 217 217 217 217 217 217 217 217 217 217 217 216 217 217 217 217 217 217 217 216 216 216 216 216 216 216 216 216 216 217 216 216 216 217 217 217 217 218 219 219 220 220 220 220 220 221 221 221 221 221 221
0918 221 221 221 221 221 221 220 220 220 220 220 220 220 220 220 220 220 220 220 220 220 220 220 220 220 220 220 220 220 220 220 220 220 220 220 220 220 220 220 220 220 220 220 220 220 220 220 220 220 220 220 221 221 221 222 222 222 222 222 222
0919 222 223 223 223 223 223 223 223 223 223 223 223 223 223 223 224 224 224 225 225 226 226 226 226 226 226 226 226 226 226 226 226 226 226 226 226 226 226 226 226 227 227 226 227 226 226 226 226 226 226 226 226 226 226 227 227 227 227 227 227
0920 227 227 227 227 227 227 227 227 227 227 227 227 227 227 227 227 227 227 227 227 227 227 227 227 227 228 228 228 228 229 228 229 229 229 228 228 228 228 228 228 228 228 228 228 228 229 229 229 229 229 229 229 229 229 229 229 229 229 230 230
0921 230 231 231 231 231 231 231 232 232 232 233 233 233 234 234 235 236 236 237 237 237 237 237 237 238 238 238 238 238 237 236 235 234 234 234 234 234 235 235 235 236 236 234 235 235 235 234 234 234 234 234 234 234 235 235 236 236 237 237 238
0922 238 239 240 241 241 242 243 244 244 245 245 246 247 247 247 247 246 248 248 248 250 250 248 247 246 247 248 250 251 251 251 251 252 253 253 252 253 252 250 249 248 248 247 248 248 249 249 249 250 250 250 251 251 251 251 251 251 251 251 251
0923 252 253 252 251 250 250 250 250 250 250 249 248 248 248 247 246 246 246 246 246 245 245 245 246 246 245 245 245 246 246 247 247 247 247 247 247 247 247 247 247 248 248 248 248 248 248 248 249 249 249 249 249 249 249 249 249 249 249 249 249
1000 249 250 251 251 253 254 256 256 257 257 257 257 256 257 258 258 258 257 257 255 255 255 256 257 257 257 256 255 255 255 254 255 255 255 255 254 254 253 253 253 253 254 256 257 257 257 257 256 257 256 256 256 256 256 257 258 259 258 257 256
1001 256 256 257 258 257 257 255 255 255 254 254 254 254 253 252 250 249 247 246 247 246 247 249 250 250 250 251 251 252 252 252 252 252 252 252 253 253 252 252 252 252 252 252 252 252 252 252 251 251 251 251 251 251 250 250 251 251 251 250 250
1002 249 250 250 250 250 250 250 250 250 250 250 250 250 250 250 251 251 251 251 251 251 251 252 252 252 252 253 252 252 252 252 252 252 253 253 252 253 252 252 253 253 253 252 252 252 252 251 251 251 250 250 250 250 249 249 249 249 249 249 249
1003 249 248 248 248 248 248 248 248 247 247 246 245 244 244 243 243 243 243 242 242 242 242 241 241 241 241 241 241 241 240 240 240 240 240 240 239 239 239 239 239 239 239 238 238 238 238 238 238 238 238 238 238 238 237 236 236 236 235 234 234
1004 233 232 232 233 232 231 231 232 232 232 231 231 232 232 232 232 232 233 234 235 235 235 236 236 236 236 235 235 235 235 235 235 235 235 235 235 235 235 235 235 236 236 236 236 236 236 236 237 237 236 236 236 237 236 236 236 236 236 236 236
1005 236 236 236 236 236 235 235 235 235 235 235 235 235 235 235 235 235 234 234 234 234 233 232 232 232 232 233 233 233 233 233 232 232 232 232 231 231 231 231 231 231 230 229 229 229 229 229 228 228 227 226 225 225 226 225 224 224 225 225 226
1006 226 226 228 229 230 230 230 230 231 231 231 231 231 231 231 231 230 230 230 230 229 229 229 228 228 228 228 228 228 228 228 228 228 228 228 228 227 227 227 227 227 227 226 226 225 224 224 223 223 222 222 222 221 221 220 220 220 220 219 219
1007 219 219 218 218 218 217 217 217 217 217 217 217 217 217 217 216 216 216 216 216 216 216 215 215 215 215 215 215 215 215 214 214 214 214 214 214 214 213 214 213 213 213 213 213 213 213 213 213 213 213 212 212 212 212 212 212 212 212 212 212
1008 212 212 212 212 211 211 211 211 210 209 209 208 208 208 209 209 209 209 210 211 104 211 212 212 212 213 213 213 213 213 212 212 212 212 212 211 211 210 210 210 210 209 209 210 209 209 209 209 209 209 209 209 209 209 209 209 209 209 208 209
1009 209 209 209 209 209 209 209 209 208 208 208 208 208 208 209 208 209 209 208 208 208 208 208 208 208 208 208 208 208 208 208 208 208 208 208 208 207 207 207 207 207 207 207 207 207 207 207 207 207 207 207 207 207 207 207 207 207 206 206 206
1010 206 206 206 206 205 205 205 205 205 205 204 204 204 204 204 204 204 204 203 203 203 203 203 203 203 203 203 203 203 203 203 203 203 203 203 204 204 204 204 204 204 204 204 204 204 204 204 203 203 203 203 203 203 203 203 203 202 202 202 202
1011 202 202 202 202 202 202 202 202 202 202 201 201 201 201 201 201 201 201 201 201 201 201 201 201 201 201 200 200 200 200 200 200 200 200 200 200 200 200 200 200 200 200 200 200 201 200 201 201 201 201 201 201 201 201 201 201 201 201 201 201
1012 201 201 201 200 200 200 200 200 200 200 200 200 200 201 201 201 201 201 201 201 201 201 201 201 201 201 201 201 201 201 201 201 201 201 201 167 201 201 201 200 201 200 200 200 200 200 200 200 200 200 199 199 199 199 199 199 199 199 199 199
1013 199 199 199 199 199 200 200 200 200 200 200 200 200 200 200 200 200 200 199 199 199 199 199 199 199 199 198 198 198 198 198 198 198 198 198 198 198 198 198 198 198 198 198 198 198 198 198 198 198 198 198 198 198 198 197 197 197 197 196 196
1014 196 196 196 196 196 196 196 195 195 195 195 195 195 194 194 194 194 194 194 194 193 193 193 193 193 193 193 193 193 193 193 193 193 193 193 193 192 192 192 192 192 192 192 192 192 192 192 192 192 192 192 192 192 191 191 191 191 191 191 191
1015 191 191 191 191 191 191 191 191 191 191 191 191 191 191 191 191 191 191 191 191 191 191 191 191 191 191 191 191 191 191 192 192 192 192 192 192 192 191 192 192 192 192 192 192 193 193 193 193 193 193 193 193 193 193 193 193 193 193 193 193
1016 193 193 194 194 194 194 194 194 194 194 194 194 194 194 194 194 194 194 194 194 194 194 194 194 194 194 194 194 194 194 194 194 194 194 194 194 194 194 194 194 194 194 194 194 194 194 194 194 194 194 205 194 194 194 194 194 194 194 194 194
1017 194 194 194 194 194 194 194 194 194 193 193 193 193 193 193 193 193 193 193 193 193 193 193 194 194 194 193 193 193 193 193 193 193 193 193 193 194 194 194 193 194 193 194 193 193 193 193 193 193 193 193 192 192 192 193 193 193 193 193 193
1018 193 192 192 192 192 192 192 192 192 192 191 191 191 191 191 191 191 191 191 191 191 191 191 191 191 191 191 191 191 191 191 191 191 191 191 191 191 191 191 191 191 191 191 191 191 191 191 192 192 192 192 192 192 191 192 192 192 192 192 192
1019 192 192 192 192 192 192 192 192 192 192 192 192 192 192 192 192 192 192 192 192 192 192 192 192 192 192 193 193 193 193 193 193 194 194 194 194 194 194 194 194 194 194 194 194 194 194 194 194 194 195 195 195 195 195 195 195 195 196 196 196
1020 196 197 197 197 197 197 197 197 197 197 198 198 198 198 198 199 199 199 199 199 200 200 200 200 201 201 201 202 202 202 203 203 203 202 203 203 204 203 203 203 204 203 204 204 204 205 204 204 204 205 206 206 205 205 205 205 205 206 206 207
1021 208 208 209 210 210 162 209 209 208 208 208 209 209 210 211 212 214 214 215 216 216 215 215 215 217 218 219 219 219 218 218 218 219 221 222 222 222 223 223 222 221 223 224 224 226 227 226 227 227 227 227 229 228 226 226 226 225 225 225 225
1022 224 223 224 224 224 223 223 223 222 221 221 222 223 222 222 222 222 222 221 220 220 219 219 219 219 220 222 223 225 224 225 226 227 226 224 223 223 222 222 223 223 224 225 227 230 232 234 237 238 240 242 241 241 240 240 242 243 244 243 242
1023 239 237 237 238 238 238 237 231 231 232 234 233 235 237 238 237 234 234 236 239 241 242 243 242 239 238 238 237 237 237 237 236 236 237 238 238 239 240 240 240 242 245 247 246 245 245 245 245 247 245 245 245 245 247 250 248 246 244 243 243
1100 243 244 244 244 244 245 245 244 242 243 243 244 244 244 244 245 246 244 245 245 247 249 248 250 249 247 246 245 244 244 246 247 246 245 244 245 245 245 245 246 246 247 248 248 246 246 248 248 249 252 252 253 255 255 254 254 256 254 252 253
1101 252 249 247 247 247 248 248 249 251 252 251 250 250 250 250 251 251 249 248 249 134 248 250 253 252 250 251 252 253 255 255 253 251 251 253 254 258 259 260 260 260 260 261 260 258 257 259 259 257 257 255 256 256 254 254 255 255 256 256 255
1102 257 257 256 257 256 254 253 254 256 256 257 257 258 259 260 259 260 260 259 257 257 256 256 253 253 254 255 256 256 254 252 251 252 254 256 257 256 255 255 253 248 248 250 250 248 248 245 243 242 243 245 245 245 244 243 243 243 243 242 242
1103 242 242 242 240 240 238 238 238 238 240 240 240 239 239 238 235 234 234 234 235 235 235 235 234 233 233 232 231 231 231 232 232 232 231 231 232 231 233 233 233 231 231 229 228 227 229 228 228 229 229 230 228 228 229 230 230 229 228 228 229
1104 229 229 229 229 228 228 229 228 228 228 228 227 226 226 226 225 225 224 223 224 223 222 223 221 221 222 222 222 221 220 220 221 221 220 219 219 219 220 220 220 220 221 220 219 219 219 218 218 218 219 218 218 217 217 217 216 216 216 216 217
1105 217 217 217 216 216 216 216 216 216 216 216 216 216 216 216 216 216 216 215 215 215 215 215 215 216 216 216 216 216 215 215 215 215 215 215 215 215 215 215 215 215 215 215 215 214 214 214 214 214 214 214 214 214 214 214 214 214 214 214 215
1106 214 214 214 214 214 214 215 214 214 214 214 214 214 213 213 213 213 214 214 213 213 213 213 213 213 213 213 213 213 213 213 213 212 212 212 212 212 212 212 212 211 212 212 212 212 212 212 212 212 212 212 212 212 212 212 212 212 212 212 212
1107 211 211 211 211 210 210 210 210 209 209 209 209 209 209 208 208 208 207 207 206 206 206 205 205 205 204 204 204 203 203 203 203 202 202 202 202 201 202 201 202 201 202 202 202 201 201 201 201 201 201 200 200 200 200 200 200 200 200 200 200
1108 200 200 200 200 200 200 200 200 200 200 200 200 199 199 199 199 199 199 199 199 199 199 199 199 199 199 199 199 199 199 199 199 199 199 200 200 200 200 200 200 200 200 201 200 201 201 201 200 200 200 200 200 200 201 200 200 200 201 201 201
1109 201 201 202 202 202 202 202 202 202 202 202 202 202 201 201 201 201 201 201 201 201 201 201 201 201 201 201 201 200 200 201 200 200 200 200 200 200 200 200 200 200 200 200 200 199 199 199 199 199 199 199 199 199 199 199 199 198 198 198 198
1110 198 198 197 198 197 197 198 198 198 198 198 198 198 198 198 198 198 198 198 198 198 198 198 198 198 198 198 198 198 198 197 197 197 197 197 197 197 197 197 197 196 196 196 196 196 196 196 196 196 196 196 195 196 195 195 195 195 196 195 196
1111 195 195 195 195 195 195 195 195 196 196 196 196 196 196 196 196 196 196 196 196 196 196 195 195 195 195 195 195 195 195 195 195 195 195 195 195 195 195 195 195 194 194 194 194 194 194 194 194 194 194 194 194 194 194 194 194 194 194 194 194
1112 194 194 194 194 194 194 194 194 194 194 194 194 194 194 194 193 193 193 193 193 193 193 193 193 192 192 192 191 191 191 191 191 191 190 190 190 190 190 190 190 190 190 190 190 190 190 189 189 189 189 189 189 189 189 189 189 189 189 189 189
1113 188 189 189 189 189 189 189 188 188 188 188 189 189 189 189 189 188 188 188 188 188 188 188 188 188 188 189 188 188 188 188 188 188 188 188 188 188 187 187 187 187 187 187 187 187 187 187 187 187 187 187 187 187 187 187 187 187 187 187 187
1114 186 186 186 186 186 186 186 186 186 186 186 186 186 185 185 185 185 185 185 185 185 185 184 184 184 184 184 185 184 184 183 184 184 184 185 185 185 185 185 184 184 184 184 184 184 184 185 184 183 182 182 182 182 182 181 180 180 179 178 178
1115 177 177 177 177 177 176 176 176 176 176 176 176 175 175 175 175 174 174 174 173 173 172 172 171 171 171 171 171 172 173 174 174 174 174 174 174 174 174 175 175 174 174 174 174 173 173 174 174 175 175 175 175 175 175 176 176 175 175 174 174
1116 173 173 173 173 173 173 173 172 173 172 172 172 171 171 170 170 170 170 169 169 168 167 167 167 166 166 165 165 165 165 165 165 166 166 166 165 165 165 165 165 165 165 164 163 161 159 159 159 158 158 158 159 159 159 159 159 160 160 161 162
1117 164 166 168 169 169 170 170 170 170 170 170 170 170 170 170 170 170 170 170 170 170 169 169 169 169 169 169 168 168 168 167 167 167 167 167 167 168 168 169 169 169 169 169 169 168 168 168 167 167 167 167 166 166 166 166 166 166 167 167 167
1118 167 167 167 167 167 166 166 167 167 167 167 167 168 168 169 170 170 170 170 170 171 171 170 171 171 172 172 172 172 172 172 172 173 173 173 173 173 173 173 173 173 173 173 173 173 173 173 173 173 174 174 174 174 175 175 175 175 176 176 176
1119 177 176 176 175 175 175 175 176 176 176 177 177 178 178 178 179 178 179 179 179 179 180 180 180 181 181 182 182 183 183 184 185 186 187 188 188 188 189 189 190 191 191 191 192 192 193 194 195 196 197 197 197 197 197 197 196 195 195 196 195
1120 194 194 195 195 196 197 197 198 198 199 200 201 201 201 201 199 199 200 201 200 202 203 203 202 202 201 201 203 204 203 203 202 204 204 205 206 206 206 206 207 207 207 207 208 209 208 208 208 210 210 208 207 206 206 206 207 208 208 208 208
1121 209 210 208 208 208 208 209 212 213 213 212 213 213 213 212 212 212 210 210 211 210 210 209 209 210 209 210 210 211 211 212 212 213 213 213 214 215 215 215 215 217 216 215 215 215 215 214 214 215 215 216 216 216 216 217 218 218 219 219 221
1122 222 222 223 222 222 222 224 226 226 226 225 223 223 224 224 226 227 226 228 231 231 231 231 229 228 231 232 233 232 232 231 233 231 234 236 237 236 237 236 236 239 239 238 238 238 237 237 238 237 237 237 238 239 240 241 241 244 243 242 244
1123 244 242 241 241 241 239 237 236 238 237 239 242 245 246 244 245 246 246 246 246 247 250 250 249 248 247 248 248 249 250 249 247 247 248 248 248 247 245 247 248 248 248 251 252 253 256 256 257 256 254 252 253 253 254 254 253 253 253 253 253
1200 252 252 253 255 257 258 260 259 257 255 254 254 254 255 258 261 263 263 263 262 262 263 265 266 264 261 260 261 262 262 260 260 260 261 262 264 264 263 263 264 263 262 261 262 263 264 266 266 265 265 262 263 266 268 271 272 272 273 273 270
1201 269 270 270 269 271 268 268 270 272 274 275 276 275 275 276 274 275 275 274 270 269 268 267 267 267 270 272 272 271 271 270 269 267 267 270 268 268 269 270 271 271 270 270 271 271 272 272 272 276 276 274 273 272 273 273 273 274 275 275 276
1202 277 277 279 279 277 279 282 285 282 279 276 273 274 275 276 277 279 278 277 279 281 282 283 283 283 279 278 279 279 281 279 276 276 276 276 278 281 284 283 278 276 276 278 278 280 278 277 276 276 278 279 279 279 281 282 281 280 282 282 281
1203 278 278 280 284 284 283 282 283 284 284 282 281 281 279 278 277 278 280 281 281 279 281 284 282 282 280 277 276 278 279 281 283 283 281 282 282 283 283 283 283 280 278 279 282 280 278 278 277 279 282 281 279 280 281 280 281 281 281 280 279
1204 280 281 281 279 279 279 278 277 278 278 280 281 281 282 281 280 279 278 278 280 281 282 282 281 281 279 280 280 279 279 279 280 279 281 279 277 278 279 279 280 282 282 282 281 279 278 279 280 281 283 282 281 281 280 280 280 280 279 279 278
1205 278 277 278 278 278 278 278 277 278 278 279 278 279 279 280 282 283 283 282 278 277 276 276 277 279 279 278 277 278 279 277 277 277 277 276 275 275 276 275 275 274 275 275 276 276 276 276 275 276 275 275 275 274 273 273 273 274 274 275 275
1206 274 274 273 272 272 272 273 273 273 272 272 271 271 271 270 270 270 270 270 270 269 270 270 270 270 270 269 269 268 268 268 268 268 268 268 268 268 267 267 267 266 266 266 266 266 266 265 265 265 264 264 264 264 263 263 263 263 262 262 262
1207 261 261 261 260 260 260 259 259 259 258 258 257 258 257 257 257 256 256 256 256 256 255 256 255 255 255 255 254 254 254 253 253 253 252 252 251 251 250 250 250 250 249 249 248 247 246 247 247 247 247 246 245 245 244 244 244 244 244 244 243
1208 243 244 244 243 243 242 242 243 243 242 243 243 243 243 243 243 243 243 242 242 242 241 241 241 241 240 240 240 240 240 239 239 238 238 238 238 239 239 238 238 237 235 234 233 231 230 230 229 228 227 225 224 223 222 221 220 219 219 219 219
1209 217 216 216 215 214 213 212 212 211 211 211 210 210 209 209 209 209 208 208 208 208 209 209 209 209 209 209 208 208 207 207 206 206 206 205 205 204 203 203 203 202 202 202 202 202 201 201 201 202 202 204 206 208 209 212 215 217 220 222 223
1210 225 225 225 225 225 225 225 224 224 224 225 224 224 224 224 224 224 224 224 224 225 225 225 225 224 224 224 224 224 225 225 225 226 227 227 227 226 226 226 226 226 226 227 226 226 227 228 227 227 228 228 228 228 228 228 228 228 228 228 228
1211 228 228 227 226 226 226 226 226 226 225 225 225 225 225 224 224 224 224 224 224 224 224 223 223 223 222 222 222 222 222 222 222 222 222 222 221 221 220 220 220 219 219 219 219 219 219 218 218 218 218 218 218 218 217 217 217 217 217 217 217
1212 216 216 216 216 216 215 215 215 215 215 214 215 214 214 214 214 214 214 214 213 213 213 213 213 212 212 212 211 211 211 211 210 210 210 209 210 210 210 210 209 209 210 210 210 209 209 209 209 210 210 210 210 210 210 210 209 209 209 209 209
1213 209 209 208 209 209 208 208 208 208 207 207 207 207 208 207 207 207 207 207 207 207 207 207 207 208 208 208 208 208 208 207 207 207 207 207 206 206 206 206 206 206 206 206 206 206 206 205 205 205 205 205 204 204 204 204 204 203 203 203 203
1214 203 202 202 202 202 202 202 202 203 203 203 203 203 203 203 203 203 203 202 202 203 203 203 202 202 202 201 201 201 201 201 202 202 202 202 202 202 170 201 201 200 200 200 200 200 200 200 200 201 200 200 199 199 200 200 199 199 199 199 199
1215 199 199 199 199 199 198 198 198 198 198 198 198 198 198 198 197 197 197 197 197 197 197 197 197 196 196 196 196 196 196 196 196 196 196 196 196 196 196 196 195 195 195 195 195 194 194 194 195 195 195 195 195 194 195 195 195 195 195 194 194
1216 194 194 193 194 194 194 194 194 194 194 194 193 193 193 193 193 193 193 193 193 193 193 193 193 193 193 192 192 192 192 192 192 192 191 191 190 190 189 188 188 187 186 185 184 184 183 183 183 183 183 183 183 183 183 183 183 183 182 182 181
1217 181 181 180 180 180 180 180 179 179 179 179 179 179 178 178 178 177 177 177 177 177 177 177 177 177 177 178 178 177 177 178 178 179 181 182 182 182 182 182 184 184 185 185 185 184 184 184 184 184 184 184 184 184 184 183 183 183 184 184 184
1218 184 184 184 184 185 185 185 185 185 185 185 185 185 186 185 185 185 185 185 185 186 186 186 186 186 186 186 186 187 187 187 187 187 187 187 188 188 188 188 188 188 188 189 189 189 189 189 189 190 190 190 191 164 191 192 192 193 193 193 193
1219 193 194 194 194 194 194 194 194 195 195 194 194 194 194 195 196 196 196 197 196 196 196 196 197 197 197 198 198 200 201 201 200 201 201 201 201 202 202 202 202 202 201 201 202 203 203 203 203 203 203 204 204 205 207 208 208 209 210 211 212
1220 212 212 212 211 211 211 211 212 211 212 211 212 213 214 215 216 217 216 215 215 215 216 217 218 218 218 218 219 220 220 219 218 219 219 220 221 223 223 222 222 224 224 225 225 225 226 226 228 229 229 229 229 230 230 231 231 232 231 233 234
1221 235 236 234 233 233 235 236 237 238 239 237 236 237 238 237 238 239 241 241 239 239 241 239 240 243 243 244 245 245 246 246 246 244 243 242 242 244 245 246 247 250 250 250 252 252 252 253 252 250 250 250 251 250 249 251 253 253 253 252 253
1222 254 254 254 254 255 255 256 254 256 257 258 259 261 261 259 260 261 261 260 260 260 261 261 261 261 261 261 262 264 265 267 268 270 271 270 270 270 269 270 269 268 268 269 268 270 269 268 269 272 271 271 269 268 268 272 274 275 275 276 274
1223 275 275 273 273 274 274 275 149 275 275 275 275 275 276 276 275 274 275 277 280 281 281 282 281 280 279 278 277 277 277 277 280 279 279 283 285 284 284 285 287 290 288 284 286 288 290 291 291 292 291 291 292 293 293 291 291 290 293 292 291
1300 291 292 294 296 298 297 295 294 296 298 297 296 296 298 300 299 296 295 296 296 295 294 294 295 294 292 292 292 295 297 299 301 300 300 301 303 302 301 297 298 298 299 299 301 304 304 304 304 306 307 307 305 306 305 302 300 299 298 298 302
1301 306 309 309 308 308 306 303 303 303 303 304 306 305 305 304 307 310 310 309 309 306 307 307 306 305 306 307 308 310 307 307 309 312 313 315 313 310 310 311 310 311 310 306 306 304 306 309 313 317 318 319 318 316 313 310 310 309 310 312 314
1302 316 314 314 312 311 313 315 316 313 314 313 311 311 311 309 308 311 311 312 313 315 316 316 315 318 321 320 319 319 320 318 318 318 318 315 314 316 316 316 317 316 313 316 317 317 316 317 317 318 316 317 316 317 318 316 314 317 317 312 313
1303 315 314 315 318 319 318 317 317 317 318 320 321 321 322 321 320 320 319 319 318 316 314 129 313 315 314 313 312 314 315 317 319 317 314 313 314 315 316 316 317 320 322 322 323 322 321 320 317 316 315 316 318 319 319 318 318 319 319 318 318
1304 317 316 317 318 317 318 318 318 319 320 320 318 317 316 317 319 321 322 323 321 320 320 320 319 317 317 318 318 317 317 318 318 317 317 316 316 317 319 318 319 318 319 318 318 318 317 319 319 320 320 321 320 318 317 318 319 319 320 319 319
1305 318 318 318 318 318 319 319 318 319 321 320 320 321 321 320 319 318 317 317 317 318 318 318 318 319 318 318 318 318 316 316 315 316 317 317 317 318 316 316 315 315 315 314 314 313 313 313 313 313 313 313 313 312 312 312 311 311 311 311 311
1306 311 311 311 310 310 310 310 310 310 310 310 310 309 309 309 308 308 308 308 307 307 307 306 305 305 304 303 303 302 302 302 302 302 301 301 301 301 301 301 301 301 300 300 300 300 299 299 299 298 298 297 297 297 297 297 296 296 296 295 295
1307 294 294 294 293 293 293 293 293 292 292 292 292 291 291 290 289 288 288 287 287 286 285 284 283 281 280 279 278 278 278 278 278 278 278 279 281 282 283 282 283 283 284 283 283 284 284 284 284 283 282 281 281 281 281 280 280 279 279 279 279
1308 280 280 280 279 279 278 277 277 276 275 275 274 274 274 273 271 270 269 268 266 264 263 261 260 259 258 256 255 255 254 254 253 252 251 249 247 247 246 245 244 243 241 240 239 238 237 237 236 236 235 235 235 234 234 233 232 232 232 233 234
1309 235 235 235 232 231 229 227 226 226 226 226 226 226 226 226 226 226 226 225 225 225 225 226 226 226 226 226 226 226 226 225 225 224 224 223 222 222 220 219 219 218 218 218 218 217 216 214 213 212 212 212 212 211 211 212 213 214 214 214 214
1310 214 214 215 216 217 217 218 218 218 218 218 217 217 217 216 216 216 216 216 215 215 215 215 215 216 216 215 215 215 214 214 214 214 214 214 215 215 216 216 215 215 215 216 217 219 220 220 221 222 222 222 222 222 221 221 221 221 221 221 222
1311 221 221 221 224 224 223 222 221 220 220 220 219 218 218 217 217 216 217 217 217 218 218 218 217 217 217 217 217 217 220 226 228 229 230 231 232 233 235 237 238 238 240 241 241 241 241 240 239 239 238 237 236 235 234 234 234 233 233 233 232
1312 232 231 231 231 231 230 230 230 229 228 227 226 225 225 224 224 224 224 224 224 225 224 223 223 222 222 221 222 222 222 222 221 220 219 219 218 218 217 220 222 223 222 222 221 221 221 221 220 218 218 218 218 218 217 217 216 216 216 217 217
1313 217 216 216 215 214 215 215 215 214 214 213 214 215 216 216 217 217 217 218 218 220 221 222 224 226 227 228 230 231 231 231 233 233 233 233 231 230 229 229 227 225 224 222 220 220 220 221 220 219 220 220 219 219 219 219 219 221 222 223 223
1314 223 222 221 221 220 220 219 218 217 216 214 213 213 212 212 211 211 209 208 208 207 207 207 207 206 205 205 206 206 206 207 209 209 210 211 211 210 210 210 210 210 209 209 210 210 209 209 209 208 209 208 208 208 208 208 209 209 209 208 208
1315 208 208 208 208 207 207 207 207 208 209 208 208 208 207 207 206 206 206 205 205 205 205 206 206 206 206 206 206 206 206 206 206 205 205 205 205 204 203 203 203 202 202 202 201 201 200 200 199 198 198 198 198 198 197 197 197 197 197 196 196
1316 196 196 197 197 197 197 196 196 196 196 196 196 196 196 196 196 195 195 194 194 193 193 194 194 195 195 195 195 195 194 194 193 193 192 191 191 191 190 190 190 190 190 190 190 190 190 190 189 189 190 190 190 190 190 190 191 191 191 191 190
1317 190 190 189 189 189 188 188 188 189 190 191 191 191 190 189 189 188 188 188 188 188 188 188 188 187 187 187 187 187 187 186 186 186 186 186 185 185 185 185 185 186 186 186 186 186 185 185 185 186 185 185 185 185 186 186 185 185 185 185 185
1318 185 185 185 185 185 185 186 186 186 187 187 187 187 187 188 188 188 188 188 188 189 189 190 190 191 192 193 194 195 195 196 196 197 197 198 198 199 200 201 201 202 203 204 206 207 208 208 209 209 210 210 211 212 213 215 215 215 215 216 217
1319 217 218 219 221 222 223 223 225 226 228 229 229 230 231 231 232 232 232 233 234 235 235 236 236 237 237 237 238 238 239 239 240 240 241 242 242 243 243 244 244 244 245 245 245 245 245 245 246 247 247 247 248 248 248 249 250 250 251 252 252
1320 252 252 252 253 253 253 254 254 255 256 257 258 259 260 260 259 259 259 259 258 257 258 258 259 260 260 259 259 260 261 261 262 262 262 262 262 263 263 264 263 264 265 266 267 267 266 266 264 263 263 265 266 268 268 269 269 270 271 272 273
1321 272 271 271 269 269 269 269 271 272 272 274 274 273 270 268 268 268 269 271 272 273 271 270 270 272 274 276 278 278 275 272 271 271 270 269 269 268 269 268 269 270 269 269 270 270 269 269 271 271 271 271 270 270 270 271 271 271 272 273 275
1322 276 276 276 276 276 278 280 280 280 278 277 276 273 274 275 275 277 279 281 282 282 281 281 281 281 281 282 282 281 280 280 280 280 278 279 279 279 280 280 281 281 282 282 284 284 285 285 285 286 286 285 285 286 287 285 285 286 285 284 285
1323 286 285 286 286 286 284 284 282 284 285 286 286 286 285 285 285 286 288 287 286 286 286 286 288 290 292 294 294 291 290 290 291 292 291 289 289 289 289 289 289 289 289 288 288 290 290 291 291 290 293 296 297 294 294 294 295 296 296 296 298
1400 300 300 297 296 297 298 300 299 299 299 299 300 300 300 300 301 301 300 302 302 304 306 306 306 306 306 304 304 302 301 301 302 303 303 303 302 301 301 303 303 305 306 305 306 307 309 308 308 307 305 304 305 306 306 306 309 311 311 307 306
1401 307 310 314 315 316 315 313 310 310 308 306 309 310 308 306 307 308 308 308 308 309 309 310 310 312 313 314 314 312 312 312 313 314 313 311 310 309 309 312 312 311 310 313 314 316 317 319 322 320 316 314 314 315 316 315 316 317 315 315 315
1402 315 316 314 314 314 313 312 312 313 314 314 316 319 319 319 320 320 319 315 313 315 318 319 320 322 323 321 319 319 320 320 320 319 317 316 317 317 318 319 322 325 326 326 323 320 318 318 317 316 316 316 317 318 320 320 321 319 318 317 317
1403 318 319 318 318 318 317 316 315 314 315 316 315 313 312 311 310 309 308 307 307 306 306 307 307 306 306 306 305 305 305 305 305 304 303 303 303 303 303 303 303 302 302 302 301 302 302 302 301 301 302 302 302 302 302 302 302 302 302 302 302
1404 302 302 302 303 303 303 303 303 304 304 304 304 304 304 304 304 304 304 304 304 304 304 304 304 304 304 304 304 304 304 303 303 304 304 303 304 304 304 305 305 305 305 305 306 306 306 307 306 306 306 306 305 305 304 304 303 303 303 303 303
1405 303 303 303 303 303 303 303 303 303 303 303 303 303 303 303 303 303 303 303 303 303 304 303 303 303 303 303 303 303 303 302 302 302 302 302 302 302 302 302 302 302 301 301 300 300 299 299 299 298 298 298 298 297 297 297 297 297 296 296 296
1406 296 296 296 296 296 296 295 296 296 295 295 295 295 295 295 295 295 295 295 295 295 295 295 295 295 295 295 294 294 294 294 293 293 293 293 293 293 293 293 294 294 294 294 294 293 293 293 292 292 292 292 293 293 292 292 293 292 292 292 292
1407 292 292 292 292 292 292 291 291 290 290 290 290 289 289 289 288 288 288 288 288 288 288 288 288 288 288 288 287 287 287 286 286 286 286 286 285 285 285 285 284 284 284 283 283 283 283 283 283 282 282 282 282 282 282 283 282 283 283 284 283
1408 283 283 283 282 282 281 281 281 281 281 281 281 282 282 282 283 283 283 283 283 283 283 283 283 283 283 283 283 283 283 283 283 283 283 283 283 283 283 283 282 282 282 282 282 282 282 282 283 282 282 282 282 282 282 282 282 282 281 281 281
1409 281 281 280 280 281 281 281 281 281 280 280 280 280 280 280 280 280 280 280 279 279 279 279 279 279 279 279 279 279 279 278 278 277 277 277 276 276 277 276 277 277 276 276 276 277 276 276 276 275 275 275 275 275 275 275 274 274 275 275 275
1410 276 276 276 276 276 276 275 275 274 274 273 273 273 273 273 273 273 272 272 272 272 272 272 272 272 271 271 271 271 271 271 272 271 271 270 269 269 268 268 267 267 267 267 267 266 267 267 267 267 267 267 267 268 267 268 268 268 268 269 269
1411 269 269 269 269 269 269 270 270 270 271 271 270 270 269 270 269 269 269 269 269 268 268 268 267 266 265 265 265 265 265 265 266 267 268 267 268 268 268 268 268 268 267 267 267 267 267 267 267 268 268 268 268 268 268 268 267 267 267 267 267
1412 267 267 267 268 267 267 267 267 267 267 267 267 267 267 267 267 267 267 267 267 266 266 266 266 266 266 266 265 265 265 265 265 265 264 264 264 264 264 265 265 265 264 264 264 264 264 264 263 262 260 259 257 256 255 254 254 254 253 253 253
1413 254 254 255 255 255 256 256 256 256 255 255 255 255 255 254 254 254 253 253 252 252 252 252 252 251 251 251 250 250 250 250 249 249 249 249 249 249 249 249 249 249 249 249 249 249 249 249 250 249 250 250 250 250 250 250 249 249 249 248 248
1414 247 246 246 245 244 243 242 242 241 241 240 241 241 240 240 241 241 241 241 240 240 239 239 238 238 238 238 238 238 237 236 235 235 234 233 233 232 231 230 230 229 228 227 226 225 225 224 224 225 224 224 223 222 221 220 219 218 216 215 214
1415 213 212 211 211 210 210 209 209 208 208 208 207 206 205 205 204 203 203 202 202 201 201 200 200 199 198 198 197 196 196 195 194 193 193 192 192 191 191 191 191 190 190 190 190 190 190 190 190 190 190 189 190 190 189 189 190 190 190 190 191
1416 191 191 191 191 191 192 192 192 192 192 192 192 192 192 192 192 192 192 192 192 192 192 191 191 191 191 191 191 191 191 191 191 191 191 191 191 190 190 190 220 190 189 189 189 189 188 188 188 188 188 188 187 187 187 187 187 187 187 187 187
1417 187 187 187 187 187 187 187 186 186 186 186 186 186 186 186 186 186 186 186 186 186 186 186 186 186 186 186 186 186 186 186 186 186 186 186 186 185 185 185 185 185 185 185 185 185 185 184 184 184 184 184 184 184 184 184 184 184 184 184 183
1418 183 182 182 182 182 182 181 181 181 181 181 181 181 181 181 181 181 181 180 180 180 180 180 180 179 180 180 180 179 179 179 179 179 179 179 179 179 179 179 179 179 179 179 179 179 179 179 179 179 179 179 179 179 179 179 179 179 179 179 179
1419 179 179 179 179 179 179 179 179 179 179 179 179 179 179 179 179 179 179 179 179 179 179 179 179 180 180 179 179 179 179 179 179 179 178 178 178 178 178 178 178 178 178 178 178 178 178 179 179 179 179 178 178 178 178 178 178 178 178 178 179
1420 179 179 179 179 179 179 180 180 180 180 180 179 180 179 180 180 179 179 180 180 180 180 180 180 180 181 181 181 181 181 181 181 181 181 181 181 181 181 181 181 181 181 181 181 181 181 181 181 180 180 180 180 181 181 179 181 181 181 181 181
1421 181 181 181 181 181 181 181 182 182 182 183 183 183 183 183 183 183 182 183 183 183 183 183 183 183 183 183 183 183 183 183 183 183 183 183 184 183 183 184 183 183 184 184 184 184 183 183 183 183 183 183 183 183 183 183 183 183 183 183 183
1422 183 183 183 183 183 183 183 183 183 183 183 184 184 184 184 184 184 184 184 184 184 184 184 184 184 185 185 185 185 185 185 185 185 185 185 186 186 186 186 186 186 186 186 186 186 186 186 186 186 186 186 186 187 187 187 187 187 187 187 187
1423 187 187 187 187 187 187 187 187 188 188 188 188 188 187 187 188 188 188 188 188 188 188 189 189 189 189 189 189 189 189 189 188 188 188 189 189 189 189 189 189 190 190 190 190 190 189 190 189 188 188 188 187 187 187 187 186 186 186 186 186
1500 186 186 186 186 186 186 186 185 185 184 184 183 183 183 183 183 182 182 182 182 182 180 180 179 178 178 177 177 176 176 176 175 175 175 175 175 175 175 175 175 175 176 175 175 175 176 176 175 175 176 176 176 176 176 176 176 176 175 176 176
1501 176 176 176 176 176 176 176 176 176 141 176 176 176 176 177 177 177 177 177 177 177 177 177 177 177 177 177 178 179 179 179 179 179 179 179 179 179 179 180 181 181 181 181 183 184 184 184 182 182 183 183 184 184 184 186 186 187 187 187 187
1502 188 189 191 192 194 194 194 194 196 195 196 196 196 197 198 197 199 198 198 198 199 200 199 201 201 201 202 203 203 204 204 206 206 205 205 207 209 207 205 205 204 205 205 206 207 208 207 207 209 211 214 213 212 213 214 215 216 215 214 212
1503 209 208 207 208 210 209 208 209 210 211 212 213 214 214 214 215 215 215 214 215 215 215 214 212 211 211 210 210 209 207 207 207 206 207 208 208 210 212 211 211 210 210 210 210 210 210 211 212 213 214 215 217 216 215 215 215 216 215 214 215
1504 216 216 215 214 215 214 215 217 217 215 215 216 217 219 220 222 223 224 223 221 218 218 217 216 216 215 214 214 215 215 216 216 216 215 214 214 214 214 214 214 214 216 217 218 219 218 218 220 218 218 218 219 219 219 218 218 218 217 217 218
1505 216 216 217 217 219 220 218 216 215 215 216 217 218 217 216 217 217 217 218 218 216 216 216 216 138 215 215 216 215 217 218 217 215 213 213 212 212 211 211 211 211 211 210 210 210 210 209 209 209 209 210 210 210 210 210 210 210 209 209 209
1506 209 209 210 210 210 209 209 209 209 209 209 209 208 208 208 208 208 208 208 208 208 208 208 208 208 208 208 208 208 208 208 208 208 208 208 208 208 209 209 210 210 211 212 212 212 212 211 211 211 211 210 210 210 210 210 210 210 210 210 210
1507 209 209 209 208 208 208 208 208 208 207 207 207 207 207 207 207 207 207 207 206 206 206 206 206 206 205 205 205 205 205 205 205 205 204 204 204 203 202 202 202 203 203 203 203 202 202 202 202 201 201 201 201 201 202 202 203 203 202 202 202
1508 201 201 201 201 201 200 200 199 199 199 198 198 196 196 196 197 197 197 198 198 198 199 200 200 200 200 200 200 200 200 200 200 200 199 199 199 199 199 200 199 199 199 199 199 199 198 199 198 198 198 197 197 197 197 197 197 197 197 197 197
1509 197 197 197 197 197 197 196 196 195 195 195 195 194 195 195 195 194 193 192 191 191 191 193 193 194 193 193 192 192 193 193 193 193 193 193 193 193 193 193 135 193 193 193 193 193 193 193 193 193 193 193 192 192 192 192 192 192 192 192 192
1510 192 192 192 191 191 191 191 191 192 191 191 191 192 192 192 191 191 190 191 191 191 191 190 190 191 191 191 191 191 191 191 192 192 192 191 191 191 191 191 191 191 191 190 190 190 190 190 191 190 190 190 190 190 190 190 189 189 190 189 189
1511 189 189 189 189 189 189 188 188 187 186 186 187 188 188 188 188 188 188 188 189 189 189 189 189 189 188 188 188 188 188 188 188 188 188 188 189 189 189 190 190 189 189 189 189 189 189 189 189 189 189 187 187 186 186 187 187 187 187 187 187
1512 186 186 186 185 184 183 183 185 185 185 185 184 184 184 183 183 183 183 182 182 182 181 181 181 180 179 180 182 182 183 184 184 184 184 184 184 184 184 184 184 184 183 183 182 182 181 180 179 178 177 176 175 174 174 174 173 173 173 172 172
1513 171 171 171 171 171 171 171 171 170 168 167 166 166 167 169 169 169 169 169 169 168 168 169 169 169 169 169 168 168 168 167 166 165 165 165 165 165 165 165 165 165 164 164 164 164 164 164 164 164 163 163 163 163 163 163 163 164 164 164 164
1514 164 164 163 164 164 164 164 164 164 164 164 164 165 165 165 166 167 169 170 171 172 173 173 173 173 174 174 174 174 174 174 173 173 172 170 169 167 166 164 163 162 162 162 161 161 161 161 160 160 160 160 161 161 161 162 162 162 162 162 162
1515 162 162 162 162 162 161 160 159 159 159 159 159 159 159 159 159 159 160 160 160 160 160 161 161 161 161 161 161 161 161 161 161 161 161 161 160 160 160 160 160 160 161 161 161 161 161 161 161 162 162 162 163 163 164 164 165 165 166 166 166
1516 166 166 166 165 165 165 164 164 165 167 169 171 173 173 174 174 174 173 172 171 170 169 168 167 167 166 166 166 165 164 163 163 162 162 162 161 160 160 159 159 159 159 158 158 158 158 158 158 158 158 158 159 160 160 160 160 159 159 159 158
1517 158 158 157 157 157 156 157 157 157 158 158 158 158 159 159 159 159 160 163 165 166 168 169 171 172 173 172 172 173 173 173 172 172 173 173 173 173 173 173 173 173 173 173 172 171 171 169 169 168 168 169 169 169 169 169 169 170 171 172 172
1518 171 171 171 171 171 172 172 172 172 172 172 172 171 171 171 171 171 171 170 170 170 169 169 168 168 168 168 169 169 169 169 169 168 168 168 168 168 168 168 168 168 169 169 169 169 169 169 169 169 169 170 170 170 170 171 172 172 173 173 173
1519 174 175 175 176 177 177 179 179 179 179 179 178 178 178 177 177 177 176 176 176 176 176 176 177 177 177 178 178 179 179 179 179 180 181 182 183 184 185 185 185 186 186 186 186 185 186 186 186 186 187 187 187 188 188 189 189 190 191 191 192
1520 192 192 192 193 193 192 192 192 193 193 193 194 194 194 194 194 194 194 195 196 195 194 194 194 194 195 195 195 196 196 196 197 198 198 198 199 200 201 201 200 199 199 199 198 197 197 198 198 198 198 199 199 199 199 199 198 198 199 200 200
1521 200 200 200 201 202 203 203 204 206 208 210 210 211 211 211 210 209 210 210 211 212 212 212 211 211 211 211 211 210 211 211 213 213 214 215 216 216 216 216 215 216 217 217 218 219 221 221 221 223 223 223 222 222 222 224 225 225 225 226 225
1522 225 224 224 224 224 226 228 229 229 228 228 228 228 229 230 229 230 230 228 228 228 229 229 230 232 233 235 236 236 237 238 238 236 234 234 233 233 234 235 235 236 236 236 236 235 236 238 241 241 240 238 238 238 237 236 235 235 236 237 237
1523 238 238 239 240 240 241 241 241 241 242 244 243 242 240 240 241 243 244 242 241 241 241 243 244 244 242 241 242 242 244 245 245 246 245 243 242 242 242 241 242 241 241 239 239 241 242 243 242 243 245 246 245 247 246 248 250 248 247 249 250
1600 252 250 249 248 246 247 247 248 249 249 250 250 250 250 250 249 248 248 249 250 250 251 252 250 250 252 253 254 254 254 252 253 253 253 255 259 262 265 268 269 269 263 259 257 257 258 258 259 260 261 261 261 259 257 256 255 253 253 253 254
1601 254 253 253 253 252 253 254 254 254 255 257 258 256 257 257 258 259 259 258 259 260 259 258 254 255 257 258 258 259 259 258 259 259 260 261 260 259 259 259 260 261 264 265 264 264 265 265 265 265 264 266 263 263 264 264 264 263 264 263 265
1602 266 267 268 270 270 268 268 266 266 267 267 268 267 266 268 270 271 271 271 271 270 268 268 269 267 264 265 265 265 265 266 265 264 264 266 269 270 268 266 265 265 263 263 264 266 267 267 267 266 264 265 264 264 265 266 265 265 267 269 271
1603 272 273 276 278 279 279 279 281 282 283 284 283 283 281 280 279 278 278 275 274 274 273 272 270 269 268 267 268 268 267 266 266 267 268 269 268 268 268 269 269 271 273 272 274 273 271 271 274 275 274 274 272 272 271 271 272 269 269 268 268
1604 268 269 269 269 270 271 273 274 276 278 280 281 281 280 278 278 278 277 276 273 271 271 273 274 274 274 272 274 274 275 273 271 271 274 276 277 277 274 273 272 271 271 271 273 274 276 278 279 280 280 277 276 275 275 274 277 279 280 281 280
1605 280 278 276 274 274 274 274 273 273 271 272 272 270 269 269 269 268 268 267 267 268 268 269 268 267 267 266 266 266 265 265 265 266 265 265 265 265 265 264 264 264 263 263 263 262 262 261 261 261 261 261 262 262 262 263 262 262 261 261 261
1606 261 261 260 260 260 260 260 260 260 260 260 260 260 260 260 260 260 261 261 261 261 261 261 261 261 261 261 261 261 261 261 261 261 260 260 259 258 258 258 258 257 257 257 257 257 257 257 256 256 256 256 256 256 256 256 256 256 256 255 255
1607 255 255 255 255 255 255 255 255 255 254 254 254 254 254 254 254 254 254 254 254 253 253 254 254 254 253 253 253 253 253 253 252 252 251 251 251 250 250 250 249 249 249 249 248 248 248 248 248 248 248 248 248 247 247 247 247 247 247 247 247
1608 247 247 246 246 246 246 246 246 246 246 246 246 246 246 246 246 246 246 246 245 245 245 246 246 246 246 245 245 245 245 244 244 244 244 244 244 244 243 243 243 243 243 243 243 243 243 243 242 243 243 243 242 242 242 242 242 242 242 241 241
1609 241 241 241 241 241 241 241 241 241 240 240 240 240 240 240 240 239 239 239 239 238 238 238 238 238 238 238 238 238 238 238 238 237 237 237 237 237 237 237 237 236 236 236 236 237 236 236 236 236 236 235 235 235 234 234 235 235 236 235 235
1610 235 236 236 235 235 235 235 235 235 234 234 234 234 234 234 235 234 234 234 234 235 234 234 234 233 233 233 233 233 233 233 233 233 233 233 233 232 232 232 232 232 232 232 232 232 231 232 232 231 231 231 232 232 232 232 232 232 232 232 231
1611 231 231 231 231 231 231 231 231 231 231 231 231 231 230 230 230 230 230 230 230 230 230 230 229 229 228 227 227 227 227 226 226 225 225 225 225 224 224 224 224 223 223 223 224 223 223 223 223 223 223 222 222 221 221 222 222 222 222 222 222
1612 222 222 222 222 222 222 222 223 223 223 223 224 223 223 223 223 223 223 223 224 224 224 224 224 224 224 224 224 224 224 224 224 224 224 224 224 224 224 225 225 224 224 223 223 222 222 222 222 222 222 222 222 222 222 222 222 222 222 222 222
1613 222 222 222 222 222 222 222 223 223 223 223 223 222 222 221 221 221 222 222 221 221 220 220 219 220 221 221 220 220 220 220 220 220 220 220 220 220 219 219 219 219 219 219 218 218 218 218 218 218 218 218 218 217 217 217 217 217 217 217 217
1614 217 216 216 216 216 216 216 216 215 214 214 213 213 213 213 212 212 212 212 212 213 213 214 214 214 214 214 214 214 214 214 215 215 216 216 216 216 216 216 216 216 216 216 216 216 216 216 215 215 215 215 214 214 214 214 214 213 213 213 213
1615 213 214 214 214 214 214 214 213 213 214 214 214 214 214 214 214 214 213 213 213 213 213 212 212 212 212 211 211 212 212 212 211 211 211 210 209 209 209 209 208 208 208 207 206 205 204 203 203 203 203 203 203 203 202 202 202 201 201 201 200
1616 200 201 201 201 200 200 200 201 202 203 204 206 208 208 208 208 209 208 208 208 208 208 208 209 209 209 209 209 209 208 208 208 208 208 208 209 209 209 208 208 208 208 208 207 206 206 205 205 205 205 205 204 204 204 204 204 204 203 203 202
1617 202 202 201 200 200 199 199 199 199 199 199 199 200 200 200 199 200 200 200 200 201 201 201 201 201 201 200 199 199 199 198 198 197 197 197 197 197 197 198 199 199 200 200 200 199 199 199 199 200 199 199 199 199 200 201 202 202 203 204 204
1618 205 203 202 201 201 201 200 200 200 200 200 200 200 200 199 199 199 199 199 198 199 200 201 202 203 204 205 205 206 206 206 206 206 207 207 207 207 207 207 207 207 207 207 207 207 208 208 208 208 208 208 208 208 208 208 208 208 207 207 207
1619 207 207 207 207 207 207 208 208 208 208 208 208 208 208 208 208 208 208 209 209 209 209 209 209 209 209 209 209 209 209 209 209 210 210 210 210 210 211 211 211 212 212 212 212 213 213 214 214 214 214 214 214 214 215 215 215 215 215 215 216
1620 216 216 216 216 216 217 217 217 217 217 217 216 216 216 216 216 216 216 216 216 216 216 216 216 217 217 217 217 217 218 219 218 219 219 220 220 221 221 221 222 222 222 222 222 222 223 223 223 223 222 222 221 221 221 222 222 221 221 220 220
1621 221 222 222 222 222 222 222 223 223 223 223 223 223 223 222 222 222 222 222 223 223 223 222 223 223 222 222 222 223 223 223 223 223 222 223 223 223 224 224 224 224 224 224 224 224 223 223 223 223 224 224 224 224 224 224 225 225 225 225 225
1622 225 226 227 227 226 226 225 225 225 226 226 226 226 227 228 229 229 229 228 228 228 228 227 227 227 227 227 228 228 228 229 229 229 229 229 229 229 229 230 229 229 229 228 228 227 227 229 230 231 232 233 233 233 233 231 230 117 229 229 229
1623 229 230 230 230 230 230 230 230 229 229 229 229 230 230 230 230 231 231 231 230 230 230 230 230 229 230 231 230 230 230 230 230 230 230 230 231 230 230 230 230 231 231 231 231 232 233 233 233 233 232 232 232 231 231 231 232 234 234 233 233
1700 233 233 233 235 236 236 237 237 237 237 237 237 238 238 237 237 237 238 239 240 240 238 239 239 239 239 238 238 238 236 236 237 237 237 237 238 237 237 237 236 235 235 234 234 236 236 236 237 236 236 236 236 236 236 236 237 237 237 237 237
1701 237 237 236 235 235 236 237 237 237 236 236 236 236 236 237 237 237 238 237 236 236 235 236 236 236 237 237 237 236 237 237 237 236 236 235 235 236 236 236 236 237 237 237 237 237 237 237 237 237 238 238 237 236 237 236 236 237 237 238 238
1702 238 238 238 239 239 240 240 239 238 238 239 239 238 239 239 238 238 237 237 238 238 238 238 238 238 238 237 238 239 239 238 237 238 239 238 238 239 239 238 238 238 239 240 240 240 240 240 239 239 238 238 238 239 239 239 240 239 240 240 240
1703 241 242 242 241 239 239 240 239 238 238 239 105 239 238 238 239 239 240 240 238 237 237 237 237 237 238 238 238 238 238 238 238 238 239 239 238 238 238 237 237 237 237 237 236 236 236 236 236 237 236 236 236 236 236 236 236 237 236 235 235
1704 235 236 236 235 235 235 236 236 236 236 237 236 235 235 235 235 234 235 235 235 234 235 235 235 236 236 236 236 236 236 236 235 235 235 235 235 234 234 234 234 234 234 234 234 234 233 233 233 233 233 232 232 232 231 229 227 225 223 222 221
1705 221 220 220 220 220 219 219 219 218 218 218 218 217 217 216 216 216 216 215 214 214 213 213 212 212 211 212 211 211 211 211 211 210 211 210 211 211 210 210 210 209 209 209 209 209 209 209 209 209 209 209 209 209 209 210 209 209 209 209 209
1706 209 209 209 209 209 209 209 209 209 209 210 209 209 209 209 209 210 210 210 210 210 210 210 210 210 210 211 211 211 211 211 211 211 211 211 211 211 211 211 211 211 211 211 211 211 211 211 211 211 211 211 211 211 211 211 211 211 211 211 211
1707 211 211 211 211 211 211 211 211 211 211 211 211 211 211 210 210 210 210 210 211 211 211 211 211 211 211 103 211 211 211 211 211 211 211 211 210 210 210 211 211 211 210 211 211 211 211 211 211 211 211 212 212 212 213 213 213 213 213 213 212
1708 212 212 212 212 212 213 213 213 213 212 212 212 211 211 211 211 211 211 211 211 211 211 211 212 212 212 212 212 212 212 211 211 211 211 211 212 212 212 213 213 213 213 213 213 213 212 212 212 212 212 212 212 212 212 211 212 211 211 212 211
1709 211 211 211 211 211 211 210 210 209 209 209 209 209 209 209 209 209 209 209 209 209 208 208 208 208 208 208 208 208 208 208 208 208 208 208 208 208 208 208 207 207 207 207 207 206 205 205 205 204 203 203 203 203 203 203 203 203 203 203 203
1710 203 204 204 204 204 204 203 203 203 203 202 202 202 202 201 201 202 201 202 204 205 206 207 208 209 209 210 211 211 211 210 210 210 210 210 211 211 211 211 211 210 210 210 210 210 210 210 210 210 211 211 211 210 210 210 210 211 211 210 210
1711 210 210 210 210 210 210 210 210 210 211 211 211 211 211 211 211 210 210 211 211 211 211 211 211 211 211 210 210 210 210 210 210 210 210 211 211 210 210 210 210 210 104 210 210 210 209 209 209 209 209 209 209 209 209 209 208 208 208 208 208
1712 208 208 208 209 209 208 208 208 208 208 208 208 208 208 209 209 208 208 208 208 208 208 207 208 208 208 207 207 207 207 207 208 208 209 209 209 209 209 210 210 210 210 210 210 210 209 209 209 209 209 209 209 209 208 208 208 208 208 208 208
1713 207 207 207 207 207 207 207 207 207 207 207 206 206 206 206 206 206 206 206 206 206 206 206 206 206 206 206 206 206 206 206 206 206 206 205 205 205 205 205 205 204 204 204 204 204 204 205 204 205 204 204 204 204 205 205 205 205 206 206 206
1714 206 206 206 206 205 205 205 205 205 205 204 204 205 205 205 205 205 205 204 204 204 204 204 205 205 205 205 205 205 205 205 205 205 205 205 204 203 202 201 200 199 199 198 198 197 197 196 196 197 197 196 197 197 198 198 198 199 199 199 199
1715 198 198 197 197 197 198 199 200 200 201 201 202 203 203 203 203 203 204 204 204 204 203 202 202 201 199 199 199 199 199 199 200 201 201 201 201 201 202 201 201 201 202 202 202 202 202 202 203 203 203 203 203 203 203 203 203 203 203 204 204
1716 204 203 203 203 202 202 202 201 201 201 201 201 201 201 200 200 200 200 200 200 199 199 199 199 199 199 199 199 199 199 199 199 199 199 199 198 198 198 198 198 198 198 198 198 198 198 197 197 197 197 197 197 197 197 197 197 197 197 197 197
1717 197 196 196 196 196 196 196 196 196 196 196 196 196 197 197 197 197 197 197 197 197 197 197 197 197 196 197 196 196 196 196 196 196 196 196 196 196 196 196 196 196 196 196 197 196 197 196 196 196 196 196 196 196 196 196 196 196 196 196 196
1718 196 196 196 195 195 195 195 195 195 195 195 195 195 195 195 195 195 195 195 195 196 196 196 195 195 196 195 196 196 196 196 195 195 195 195 196 196 196 196 196 196 196 196 196 196 196 196 195 196 196 196 196 196 196 196 196 196 196 196 196
1719 196 196 196 196 196 196 196 196 196 196 196 196 196 196 196 196 196 196 196 196 196 196 196 196 196 196 196 196 196 196 196 196 196 196 196 196 197 197 197 197 197 197 197 197 198 198 198 197 197 197 197 198 198 198 198 199 198 198 198 198
1720 199 199 199 199 200 199 199 200 199 200 200 201 201 201 201 201 201 201 201 201 202 202 203 203 203 203 203 203 202 202 202 202 202 203 203 203 204 205 204 204 204 203 204 204 205 205 206 207 207 207 206 207 206 206 206 206 206 207 207 207
1721 208 209 209 209 209 209 210 210 210 211 211 211 211 210 210 210 210 211 212 212 212 211 211 212 212 213 213 214 214 216 216 216 215 216 216 216 217 217 216 217 218 217 217 217 217 217 218 218 219 218 218 219 220 221 221 221 221 222 222 222
1722 222 223 224 224 224 223 223 223 224 225 225 224 225 225 226 228 227 224 223 225 228 230 231 230 230 230 230 231 233 234 235 233 233 234 234 235 236 236 234 234 235 237 237 237 237 238 238 238 239 237 236 235 238 240 241 242 241 239 239 239
1723 239 241 241 240 240 242 246 244 240 241 240 240 242 244 242 242 243 243 243 246 248 249 249 248 247 246 245 243 243 244 247 248 250 252 250 249 250 248 250 250 250 251 250 249 251 253 255 256 257 259 260 258 254 253 253 253 253 256 259 260
1800 260 260 261 258 259 260 264 266 267 268 271 272 268 265 265 264 260 262 263 261 260 260 261 258 257 260 259 259 259 258 261 262 262 265 265 265 263 261 261 262 263 266 265 264 263 261 261 262 263 263 263 262 263 266 267 268 267 266 265 265
1801 267 267 268 268 269 270 273 276 276 275 275 276 277 276 275 275 276 276 274 274 276 275 275 275 276 276 276 277 276 275 274 273 271 273 275 275 275 276 275 274 271 270 268 268 269 269 268 267 268 268 268 269 272 276 279 284 286 285 287 287
1802 284 282 281 279 279 277 275 273 272 271 271 271 272 273 272 271 269 267 267 268 269 271 270 270 271 273 276 280 283 285 287 287 285 282 279 278 278 278 280 280 280 280 280 279 278 277 276 276 275 274 273 273 274 275 276 276 277 277 278 281
1803 282 282 282 283 285 287 288 285 284 285 288 291 290 289 287 284 284 283 283 282 281 278 276 275 274 273 273 272 272 272 273 273 273 274 275 274 275 276 276 276 277 278 278 278 276 275 276 276 276 276 276 277 277 276 276 277 276 275 276 277
1804 276 276 276 277 276 277 277 277 276 277 276 275 275 274 274 272 272 273 272 272 272 271 272 271 272 272 271 272 271 271 272 273 272 271 270 270 272 272 273 273 272 271 271 271 272 272 271 271 271 271 271 272 272 272 272 272 272 273 273 273
1805 272 273 273 273 273 272 272 272 273 274 274 274 274 273 273 273 273 274 273 273 273 273 272 272 272 272 272 271 270 270 270 269 269 269 268 268 267 267 266 265 265 266 266 265 265 265 265 265 265 265 265 265 265 264 264 265 265 265 265 265
1806 265 264 265 265 264 265 264 265 265 265 265 265 265 264 264 264 263 263 263 263 263 263 263 262 262 262 262 262 262 261 261 261 261 261 261 261 260 260 260 260 259 259 259 259 259 259 259 258 258 258 258 258 258 257 257 257 257 256 256 256
1807 256 256 256 256 256 256 255 255 255 255 255 254 254 254 254 254 254 253 253 253 252 252 252 253 252 252 252 252 251 251 251 251 251 251 251 250 250 250 250 250 250 249 249 249 249 249 249 249 248 248 248 248 248 248 248 249 248 248 249 249
1808 248 248 248 247 247 247 247 247 247 246 247 246 246 246 246 246 246 246 246 246 246 245 245 245 245 245 245 244 244 243 243 243 244 244 244 244 243 243 243 243 243 243 243 243 243 243 244 243 243 243 243 243 243 243 243 243 243 243 243 242
1809 242 242 242 242 242 242 242 242 242 242 242 242 242 242 242 242 242 242 242 241 242 242 242 242 241 241 241 241 241 240 241 241 241 241 241 241 241 241 241 241 241 241 240 240 240 240 240 239 239 239 239 239 239 238 238 238 238 238 238 238
1810 238 238 238 238 238 238 238 238 238 238 237 238 237 237 237 237 237 237 237 237 237 236 236 236 236 236 236 236 236 236 236 236 235 235 235 235 235 235 235 234 235 235 235 234 235 234 234 234 234 234 233 233 233 233 233 233 233 233 232 233
1811 232 233 233 232 232 232 232 232 232 232 232 232 232 232 232 232 231 231 231 231 231 231 231 231 231 231 231 231 231 231 231 231 230 230 230 230 230 230 230 229 229 229 229 229 229 229 229 229 229 229 229 229 229 229 229 228 228 228 228 228
1812 227 228 228 228 228 228 227 227 227 228 228 228 227 227 227 227 227 228 227 227 227 227 228 227 227 227 227 227 227 227 227 227 227 227 227 227 227 227 227 227 226 226 226 226 226 225 225 225 225 225 225 225 225 225 224 224 225 224 224 224
1813 224 224 224 224 224 224 224 224 224 223 223 223 223 223 223 223 223 223 223 223 224 224 224 224 224 224 224 224 225 225 225 225 225 225 225 225 225 225 225 225 225 224 224 224 224 224 224 224 224 224 224 224 224 224 223 223 223 223 223 223
1814 223 223 223 223 222 221 221 219 218 218 217 217 216 216 216 216 216 216 215 215 214 214 213 213 213 213 213 213 213 213 213 213 213 213 212 212 212 212 212 212 212 212 212 212 212 211 211 211 211 211 211 211 211 211 211 211 211 211 211 211
1815 211 211 211 211 211 211 211 211 211 211 211 211 211 211 211 211 211 211 211 211 211 211 211 211 210 211 211 211 211 211 211 211 211 211 211 211 211 211 211 211 212 212 212 212 212 212 212 212 212 212 212 212 212 212 212 212 212 212 212 212
1816 212 212 212 212 212 212 212 212 212 212 212 212 212 212 212 212 212 211 211 211 211 211 211 211 211 211 211 211 210 210 210 210 210 210 210 210 210 210 210 210 210 210 210 209 210 210 210 210 210 210 210 210 210 210 210 210 210 210 210 210
1817 210 210 210 210 210 210 210 209 209 209 209 209 209 209 208 208 208 209 209 209 209 209 209 209 209 209 209 209 209 209 209 209 209 209 209 209 209 209 209 209 209 209 208 208 208 208 209 208 208 208 209 208 208 208 208 208 208 208 208 208
1818 208 209 209 209 209 209 209 209 209 209 209 210 210 210 210 210 210 210 211 211 211 211 211 212 212 212 212 212 212 213 213 213 213 213 214 214 214 214 214 215 215 215 215 215 216 216 216 216 216 216 216 216 216 216 216 216 216 216 216 216
1819 216 216 216 216 216 216 216 216 216 216 216 216 216 216 217 217 216 217 216 217 217 217 217 217 217 217 217 217 217 217 217 218 218 218 218 218 218 218 218 218 218 218 218 218 218 218 218 219 219 219 219 219 219 219 219 219 219 219 219 219
1820 219 219 219 219 220 220 220 220 220 220 220 219 219 219 219 219 219 219 219 219 219 219 219 219 219 219 219 219 219 220 220 220 220 220 219 220 220 220 220 220 220 220 220 220 220 220 220 220 220 220 220 221 221 221 222 222 222 223 223 222
1821 222 222 222 222 222 223 223 223 223 223 223 224 224 225 225 224 225 225 225 225 225 226 226 227 227 227 226 226 226 227 227 228 228 227 227 228 228 227 228 228 228 229 229 229 228 228 228 229 229 229 229 230 230 231 232 232 232 232 232 231
1822 232 232 232 232 232 232 233 233 234 234 234 234 235 236 237 237 238 237 237 236 236 236 237 237 237 238 238 237 236 237 237 238 239 239 238 238 238 238 237 236 236 235 235 235 235 235 236 237 237 236 236 235 236 236 236 236 236 236 236 236
1823 236 237 237 237 237 236 236 236 236 236 235 236 235 236 236 236 236 237 237 236 237 237 238 240 241 242 242 243 243 244 245 246 246 246 246 246 246 245 245 245 245 246 246 247 247 248 246 244 243 243 243 243 244 244 245 245 245 244 244 242
1900 242 242 241 241 241 242 242 241 241 241 241 241 240 239 239 239 240 240 240 240 240 239 239 239 239 238 238 238 238 238 239 239 239 239 240 240 241 241 243 243 243 243 244 246 247 248 249 250 252 252 252 252 251 251 250 248 248 249  94 250
1901 250 250 250 250 251 250 250 251 253 253 252 250 251 250 249 249 249 250 249 251 252 253 254 255 256 256 255 255 255 255 256 256 255 253 253 255 256 254 252 251 252 252 251 251 252 252 252 252 253 254 254 253 253 253 253 253 253 253 253 253
1902 253 252 252 251 250 250 250 250 250 249 250 251 252 253 252 252 253 252 252 252 251 250 250 250 250 250 250 251 252 252 253 253 252 252 251 252 253 254 253 253 252 252 252 253 252 252 252 252 252 252 252 253 253 254 253 253 253 253 253 253
1903 255 256 257 258 258 258 259 259 259 260 258 258 257 258 258 259 259 258 257 255 254 254 254 254 254 255 255 255 255 254 254 254 255 256 256 257 257 257 256 256 256 255 255 255 255 255 255 256 256 255 255 254 254 253 253 253 253 254 254 253
1904 253 253 253 253 253 253 253 253 253 254 255 255 254 254 254 254 255 254 254 255 255 255 255 255 255 255 255 256 257 257 257 257 258 258 258 258 258 257 256 256 255 255 254 254 254 254 255 255 255 255 254 253 252 251 250 249 249 249 249 248
1905 248 248 247 248 248 248 249 248 248 248 248 247 247  87 246 246 246 246 246 246 246 245 246 245 245 245 245 245 245 245 245 245 246 246 246 247 247 247 247 247 247 246 247 247 247 246 246 246 246 245 244 243 243 243 242 242 242 242 242 241
1906 241 241 241 240 240 240 240 240 240 240 240 240 240 240 240 240 240 240 240 240 240 240 240 241 241 241 241 241 241 241 241 241 241 240 240 240 240 240 239 239 239 238 238 237 237 237 237 237 237 237 237 237 236 236 236 236 236 236 236 236
1907 236 235 235 235 235 235 235 235 235 234 234 234 234 233 233 233 233 233 233 233 233 233 232 233 232 232 232 232 232 232 232 232 232 231 231 231 231 231 231 231 231 231 231 231 231 230 230 230 230 230 230 229 229 229 229 229 229 229 229 229
1908 229 229 229 229 229 229 229 229 229 229 229 228 228 228 228 228 228 228 228 228 228 228 228 228 228 228 228 228 227 227 227 227 227 227 227 227 228 228 228 228 228 228 228 228 227 227 227 227 227 227 227 227 227 227 227 227 227 227 226 227
1909 227 227 226 226 226 226 226 226 226 226 226 226 226 226 226 226 226 226 226 226 226 226 226 226 226 226 226 226  91 226 226 226 226 226 226 226 226 226 226 226 226 226 226 226 226 225 225 225 225 225 225 226 225 225 226 226 226 226 226 226
1910 226 226 226 226 226 226 226 226 226 226 226 225 225 225 225 225 225 225 225 225 225 225 225 225 225 225 225 225 225 225 225 225 225 225 225 225 225 225 225 225 225 225 225 225 224 224 224 224 224 224 224 224 224 224 224 224 224 224 224 224
1911 224 224 224 224 223 224 224 224 224 224 223 223 224 224 224 223 223 223 223 223 223 223 222 222 223 223 222 222 221 220 220 219 219 219 218 218 218 217 217 217 217 217 217 217 216 216 216 216 216 216 216 216 216 216 216 216 216 216 215 215
1912 216 215 215 215 215 215 214 214 214 214 214 214 214 214 214 214 214 214 214 214 214 214 214 213 213 213 213 213 213 213 213 213 213 213 213 213 213 213 213 213 213 213 213 213 213 213 213 213 213 213 213 213 213 213 213 212 212 212 212 212
1913 212 212 212 212 212 212 212 212 212 212 212 212 212 212 212 212 212 213 212 212 212 212 213 213 213 213 213 213 212 213 212 213 213 213 212 212 213 212 213 213 212 213 213 153 213 212 212 213 212 212 212 212 212 212 212 212 212 212 212 212
1914 212 212 212 212 212 212 212 213 213 213 214 214 214 214 214 214 214 214 214 214 214 214 214 214 214 214 214 214 214 214 214 214 214 214 214 214 214 214 214 214 213 213 214 214 214 214 214 214 214 214 214 214 213 213 214 213 213 213 213 213
1915 213 213 213 213 214 214 214 214 214 214 214 215 215 215 216 216 215 216 216 216 215 215 215 215 215 215 215 215 215 215 215 215 215 215 215 215 215 215 215 214 215 215 215 215 214 214 214 214 214 214 214 214 214 214 214 214 214 214 214 214
1916 214 214 213 213 213 213 214 214 214 213 214 214 214 214 213 213 213 213 213 213 213 213 213 213 213 213 213 213 213 213 213 213 213 213 213 213 213 213 213 213 213 213 213 212 213 213 213 213 213 212 212 212 212 212 212 212 212 212 212 212
1917 212 212 212 212 212 212 212 212 212 212 212 212 212 211 212 211 211 211 211 211 211 211 211 211 211 211 211 211 211 211 211 211 211 211 211 211 211 211 210 210 210 210 210 210 210 210 210 210 210 210 210 210 210 210 210 210 210 210 135 210
1918 210 210 211 210 210 210 210 210 210 209 209 209 209 209 209 209 209 209 209 209 209 209 209 209 208 209 209 208 208 208 208 208 207 207 207 207 207 207 207 207 207 207 207 207 207 207 206 207 207 206 206 206 206 206 205 205 205 204 204 204
1919 204 204 204 205 205 205 205 205 205 205 205 205 205 205 205 205 205 205 205 205 205 205 205 205 205 205 205 205 205 205 204 204 205 205 205 205 205 205 205 204 204 203 203 203 203 203 203 203 203 203 203 203 203 203 203 203 203 204 203 203
1920 203 204 204 204 204 204 204 204 204 204 204 204 204 204 204 204 204 204 204 204 204 204 204 204 205 205 204 204 205 205 206 206 206 207 206 207 207 207 208 208 208 208 208 208 208 208 208 208 208 208 208 208 208 207 207 207 207 207 207 207
1921 207 207 206 206 206 206 207 207 207 207 207 207 206 206 206 206 206 206 206 206 206 206 206 206 206 206 206 206 206 206 207 207 207 207 207 207 207 207 207 207 207 207 208 208 208 208 208 209 209 209 209 209 209 210 210 210 210 211 211 211
1922 211 211 211 211 212 213 213 214 214 213 213 213 213 213 213 213 213 213 213 213 214 213 213 213 213 213 213 213 213 212 213 213 213 213 213 213 213 214 214 214 214 214 214 214 214 214 214 215 216 216 216 216 216 216 216 216 216 216 217 217
1923 218 218 218 219 219 219 218 218 218 218 218 219 219 219 219 219 220 221 221 222 222 221 221 220 219 219 220 220 220 220 220 221 221 222 222 222 221 222 222 222 222 222 223 223 223 224 224 224 223 222 221 221 221 221 221 221 222 222 222 222
2000 222 223 223 222 222 221 221 221 222 222 222 222 221 221 221 221 221 221 220 220 220 220 219 219 219 219 218 218 218 218 218 218 218 218 218 217 217 217 217 217 217 217 217 217 217 217 217 217 217 217 217 217 217 217 217 217 217 216 215 215
2001 214 213 213 212 212 211 211 210 210 209 209 209 208 208 208 208 207 207 206 205 205 204 203 203 202 202 202 202 202 201 201 201 201 201 201 200 200 200 200 200 200 199 200 200 199 199 199 200 200 200 200 200 199 199 200 200 200 199 200 199
2002 200 200 199 199 200 200 199 200 200 200 199 199 199 199 198 198 199 198 198 198 198 198 198 198 198 198 198 198 198 198 198 198 198 198 198 198 198 198 198 198 198 197 197 198 198 198 198 198 198 199 199 199 199 199 199 199 199 200 200 199
2003 200 200 200 201 201 201 201 201 201 202 202 202 202 202 202 202 203 203 203 203 204 204 204 204 204 204 205 205 205 206 206 206 206 206 206 206 206 206 206 206 206 206 206 206 206 206 206 206 206 206 206 206 206 206 206 206 205 205 205 205
2004 205 205 205 205 205 205 205 204 204 204 204 204 204 204 204 204 204 204 203 203 203 203 202 202 202 202 202 201 201 201 201 200 200 200 199 199 199 199 199 199 199 199 198 198 198 198 198 198 198 198 197 197 197 197 197 197 198 198 198 198
2005 198 199 199 199 200 200 200 200 200 201 201 201 201 201 201 202 202 202 202 202 202 202 202 202 202 202 202 202 202 202 202 203 203 203 203 203 204 204 204 204 204 204 204 204 205 205 205 205 205 205 205 205 205 205 205 205 205 205 205 205
2006 204 204 204 204 205 204 205 205 205 205 205 205 205 205 205 205 205 205 205 205 205 205 205 205 205 205 205 205 205 205 205 205 205 205 205 205 205 205 205 205 205 205 205 205 204 204 204 205 205 205 204 205 205 205 205 205 204 205 205 205
2007 205 205 205 205 205 205 205 205 205 205 205 205 205 205 205 205 205 205 205 206 205 205 205 205 205 205 205 205 206 205 205 205 205 205 205 205 205 205 205 205 205 205 205 205 204 205 205 205 204 204 204 204 204 204 204 204 204 204 204 204
2008 204 204 204 204 204 204 204 204 204 204 204 204 204 204 203 204 204 204 204 204 204 203 203 203 203 203 203 203 203 203 203 203 203 204 204 204 204 204 204 203 203 203 203 203 203 203 204 204 204 204 204 204 204 204 204 204 204 204 204 204
2009 204 204 204 204 204 204 204 204 204 205 205 205 205 205 205 205 205 205 205 205 204 204 204 204 204 204 204 204 204 204 204 204 204 204 205 204 204 205 205 204 205 205 205 205 205 205 205 204 204 204 204 204 204 204 204 204 204 204 204 205
2010 205 205 204 204 204 204 204 204 204 204 204 204 204 204 204 204 204 204 204 205 204 204 204 204 204 204 204 204 204 204 204 204 204 204 204 203 203 203 203 203 203 203 203 202 202 202 202 202 201 201 201 201 201 201 201 201 201 201 201 201
2011 201 201 200 200 200 200 200 200 200 200 201 200 200 200 200 200 200 200 200 200 200 200 200 200 200 199 200 199 199 199 199 199 199 199 199 199 199 199 199 199 199 199 199 199 199 199 199 199 199 199 199 200 200 200 199 200 200 200 200 200
2012 200 200 200 200 200 200 200 200 200 200 200 200 200 200 200 200 200 200 200 200 200 200 201 201 201 202 201 201 201 201 201 200 201 201 201 201 200 200 200 200 200 200 200 200 200 200 199 199 199 199 199 199 199 199 199 199 199 199 199 199
2013 199 199 199 199 199 199 199 199 199 199 199 199 199 199 199 199 199 199 199 199 199 199 199 199 199 199 199 199 199 199 199 199 199 199 199 198 197 197 197 197 198 198 197 197 197 197 197 197 196 196 196 196 196 197 197 197 198 198 199 200
2014 200 201 201 201 201 202 202 202 202 202 202 202 202 202 202 202 202 203 203 203 203 202 203 202 203 203 203 203 202 202 202 202 201 201 200 201 201 202 202 202 202 201 201 201 201 200 201 200 201 201 201 201 201 201 202 202 202 202 202 202
2015 202 202 201 201 201 201 200 200 200 200 199 199 199 199 199 199 198 198 198 198 198 198 198 197 197 197 197 197 197 197 197 197 197 197 197 197 197 197 196 196 196 196 196 196 196 196 196 196 196 195 195 195 195 195 195 195 195 195 195 195
2016 195 195 195 195 195 195 195 195 195 196 196 196 196 196 196 196 196 196 196 196 196 196 196 196 196 195 196 196 196 196 196 196 196 196 196 196 196 196 196 196 196 196 195 195 194 194 194 193 193 192 192 191 191 191 191 191 191 191 191 190
2017 190 190 190 190 190 190 190 190 190 190 190 189 189 189 189 189 189 189 188 188 189 190 191 192 193 194 195 196 196 197 197 198 198 198 199 199 199 200 200 200 200 199 198 197 196 195 194 194 193 193 193 193 193 193 193 193 194 194 196 196
2018 197 197 197 197 197 196 195 195 194 194 193 194 194 194 194 194 195 195 196 196 196 196 197 197 197 198 198 196 195 195 195 195 195 194 195 195 196 196 197 197 197 197 195 195 194 194 194 194 194 194 193 193 194 194 194 194 195 195 195 194
2019 193 193 193 193 193 193 194 194 194 194 194 194 194 194 194 195 195 194 194 193 193 194 194 194 194 194 194 195 195 195 195 195 195 195 196 196 195 195 195 195 196 196 196 197 196 196 196 196 197 197 198 198 199 199 199 199 200 200 200 200
2020 200 200 200 200 201 202 202 202 202 202 201 202 202 202 202 202 202 202 203 203 203 203 203 203 203 203 203 203 203 203 203 204 204 204 204 205 205 205 205 205 205 206 207 207 207 208 208 208 209 209 209 210 210 210 210 209 209 209 208 208
2021 208 208 208 208 208 208 209 209 209 209 210 210 210 211 211 211 211 211 211 212 212 212 212 212 212 212 212 212 211 211 211 211 211 212 212 212 212 212 212 212 212 213 214 214 215 215 215 215 215 216 216 217 217 217 217 217 217 218 218 218
2022 219 219 219 219 219 220 220 220 221 221 222 222 222 222 223 223 223 224 224 224 224 224 224 224 225 226 226 228 228 229 228 227 227 227 227 226 226 226 227 227 229 230 231 231 231 230 230 230 230 230 230 231 232 232 232 232 232 232 233 234
2023 235 234 233 233 234 235 236 238 240 242 244 242 238 237 236 236 237 239 242 242 242 242 241 240 240 240 240 241 241 241 241 241 242 242 241 241 241 242 241 242 242 241 241 241 240 241 241 240 241 241 242 242 242 242 242 242 241 241 241 241
2100 242 242 242 242 241 241 241 241 241 240 241 241 240 241 241 242 242 242 242 242 243 243 243 243 244 243 244 244 244 244 245 245 246 247 247 247 247 248 248 248 248 247 248 248 248 248 248 249 249 250 251 253 253 253 254 253 252 252 252 252
2101 252 252 251 252 252 251 251 251 251 251 251 251 252 252 252 252 252 252 252 253 253 253 253 254 254 254 254 255 255 256 256 256 255 255 255 255 255 254 254 253 254 254 254 254 253 253 253 253 253 253 253 253 253 253 253 253 253 253 253 254
2102 254 254 253 253 252 253 253 253 254 254 254 254 255 256 256 255 255 255 256 257 257 257 256 256 254 254 254 255 254 255 254 254 254 254 254 253 253 252 252 252 252 252 252 253 253 253 253 253 253 252 252 252 252 253 253 253 253 252 252 251
2103 251 251 251 251 251 251 252 252 252 251 251 251 251 251 251 251 252 252 252 252 252 251 251 250 250 250 250 250 250 250 250 250 250 249 250 250 250 250 251 251 252 253 253 252 251 251 250 250 249 249 249 250 249 249 249 249 249 249 249 249
2104 248 248 248 248 247 247 247 247 247 247 246 246 246 246 246 246 246 247 247 247 247 247 247 247 247 247 246 246 246 246 246 246 247 247 247 247 247 247 246 246 247 247 246 246 246 246 246 246 246 246 246 246 246 246 246 246 246 246 245 245
2105 245 245 244 244 244 243 243 243 243 243 243 243 243 243 243 243 243 243 242 243 243 243 242 242 242 242 242 242 242 241 241 241 241 241 241 241 241 241 241 241 241 240 240 240 241 241 241 241 241 241 241 241 240 241 241 241 241 240 240 240
2106 240 239 239 239 239 239 239 239 239 239 239 239 239 239 239 239 239 239 239 239 238 238 238 237 237 237 237 237 237 236 235 235 234 234 234 234 233 233 232 232 232 231 231 231 231 231 231 230 230 229 228 226 225 225 225 225 225 224 223 222
2107 221 220 220 220 220 220 219 219 219 218 218 218 217 218 217  87 217 217 216 216 216 216 215 216 216 216 216 215 215 214 214 214 213 213 213 212 212 212 212 211 211 210 210 209 209 208 207 207 207 206 206 205 205 205 205 205 205 205 206 206
2108 206 206 206 206 206 206 206 206 206 206 206 206 206 206 206 206 206 206 206 206 206 206 206 206 206 206 206 206 206 205 205 206 206 205 205 204 204 204 204 203 203 203 203 203 203 203 203 203 203 203 203 203 203 202 202 202 201 201 202 202
2109 202 202 202 202 202 203 203 203 203 203 203 203 203 203 203 203 203 203 203 203 203 203 203 205 206 207 208 208 208 207 207 207 207 206 205 204 204 203 203 203 202 202 201 200 200 200 200 200 200 200 199 199 199 199 200 201 201 201 201 200
2110 200 200 199 199 198 198 198 198 198 198 198 198 198 198 198 198 197 197 197 198 198 198 198 198 198 198 198 198 198 198 198 198 197 197 197 197 197 197 197 197 197 198 198 198 198 198 198 197 197 196 196 195 195 195 196 196 195 195 196 197
2111 197 197 198 198 197 198 197 197 197 197 197 196 195 194 195 195 195 195 195 195 195 195 194 194 194 194 194 194 194 193  87 193 193 193 193 193 193 193 193 193 193 193 193 193 193 193 193 193 193 193 193 193 194 194 194 194 195 195 195 195
2112 195 195 196 196 197 196 196 196 195 195 194 194 194 194 194 194 194 194 193 193 193 193 193 193 193 193 193 193 194 195 195 195 195 195 194 195 195 195 196 195 194 194 194 194 194 194 193 193 193 192 192 192 191 191 191 191 191 190 191 190
2113 190 190 190 190 190 190 190 190 191 191 191 191 191 190 190 190 191 191 190 190 190 190 190 190 189 189 189 189 190 190 189 189 189 190 190 190 189 189 189 189 189 189 190 190 190 190 190 191 193 193 193 193 193 193 192 193 194 194 193 194
2114 194 193 194 195 195 195 195 194 194 194 193 193 193 193 192 192 192 191 191 191 190 190 190 191 192 192 193 193 193 194 194 194 194 194 195 195 195 195 195 195 194 194 193 192 191 190 190 190 191 190 190 189 188 187 187 187 187 187 187 187
2115 187 187 187 186 186 186 187 187 187 187 187 188 188 189 190 191 191 191 192 192 192 192 192 191 191 190 190 190 190 190 189 189 189 188 188 187 187 186 185 186 186 186 186 186 186  75 186 186 186 185 185 185 185 185 186 186 187 187 187 188
2116 188 189 189 189 189 189 189 189 188 188 188 188 188 188 188 188 188 188 188 188 189 189 189 189 189 189 189 189 188 187 187 186 186 186 186 186 187 187 188 189 190 191 192 193 193 193 194 193 193 192 191 191 190 189 188 187 187 186 186 185
2117 185 185 185 185 185 185 185 186 186 186 185 185 186 186 187 188 188 188 189 189 188 188 188 188 189 189 190 190 191 191 192 192 193 193 193 193 193 194 194 194 194 194 195 195 195 195 195 195 195 195 195 194 193 193 192 192 191 191 191 191
2118 191 191 191 191 191 191 191 191 191 191 192 192 191 192 192 192 192 191 191 191 191 190 190 190 190 190 190 190 191 192 193 194 195 195 194 194 194 194 194 195 195 196 196 197 197 197 197 197 198 198 198 198 199 199 199 199 200 200 200 201
2119 201 201 202 202 202 202 203 203 203 204 204 204 205 205 205 205 206 206 206 206 207 207 207 207 207 207 208 208 208 207 207 207 207 208 208 208 209 209 209 209 209 209 209 210 210 210 209 209 210 210 210 211 211 211 211 212 211 211 212 212
2120  87 213 214 214 214 214 214 213 213 213 214 214 214 215 216 216 216 217 217 217 217 217 217 217 217 218 218 219 220 221 221 221 222 222 221 221 221 221 221 220 220 220 220 220 220 220 219 220 220 220 221 221 221 220 220 220 220 221 222 222
2121 222 223 223 224 225 226 226 226 226 228 228 228 227 226 226 226 226 228 229 229 230 231 231 232 232 230 230 231 234 234 233 234 234 235 235 234 233 234 233 234 233 233 232 232 232 233 235 235 236 236 237 239 240 240 239 238 237 237 236 237
2122 238 239 239 241 242 243 243 243 243 243 241 242 242 242 241 243 243 244 246 247 247 246 248 250 250 250 249 250 251 250 249 250 249 249 250 249 249 249 249 249 249 250 251 252 252 252 252 250 251 252 253 254 253 253 253 252 252 253 252 252
2123 251 252 254 255 256 257 258 258 257 259 258 260 260 260 261 262 261 261 259 258 258 258 258 258 258 258 256 256 255 256 258 259 259 257 255 255 256 258 257 258 260 261 262 259 257 255 254 253 253 253 253 253 253 254 254 255 256 255 254 253
2200 254 256 255 253 253 253 254 254 254 255 256 256 256 257 258 260 262 264 264 264 266 265 264 264 263 265 268 268 267 268 268 269 268 268 268 269 271 270 272 271 269 272 273 273 272 272 276 276 275 273 273 274 274 276 279 280 280 281 283 279
2201 276 276 275 275 275 275 275 277 279 281 281 280 280 278 277 278 280 281 281 280 280 279 278 278 279 279 281 282 283 280 282 284 285 284 283 284 283 282 281 279 278 277 277 277 277 277 276 276 278 277 278 279 279 278 279 279 279 279 280 280
2202 281 279 279 279 281 282 282 283 284 285 286 288 292 294 293 292 292 290 290 290 288 287 288 286 285 287 288 287 286 288 291 295 294 291 290 289 289 291 293 293 292 292 292 289 287 288 288 288 289 287 287 288 289 290 291 292 292 292 291 291
2203 292 291 288 288 287 287 287 286 285 283 283 283 283 283 283 282 283 285 285 285 286 287 288 287 286 286 286 288 288 287 286 285 285 284 283 283 282 282 283 283 283 283 283 283 285 285 285 285 285 286 286 285 285 286 285 285 287 288 289 289
2204 288 287 287 288 287 287 287 287 287 287 289 289 288 287 286 285 286 286 285 285 286 286 285 285 284 285 287 286 286 286 285 283 284 284 285 285 285 285 285 285 285 285 285 286 286 286 285 285 286 287 288 287 287 287 288 289 289 288 287 286
2205 286 285 284 285 285 284 284 285 285 285 284 283 283 283 283 284 284 284 284 283 283 283 282 282 281 280 280 280 280 280 279 279 278 278 278 278 278 277 278 278 278 277 277 277 277 277 278 278 277 277 277 277 278 277 277 277 277 277 278 278
2206 278 277 277 276 276 276 276 276 276 276 276 276 275 275 275 275 275 275 275 275 275 275 275 275 275 275 274 274 274 274 274 274 274 273 273 273 273 272 272 273 272 272 272 272 272 272 272 272 272 272 271 271 271 271 271 271 271 271 271 270
2207 270 270 270 269 269 269 269 269 268 267 265 264 263 261 260 261 261 262 263 263 262 261 260 260 260 260 260 258 258 257 257 256 255 255 254 254 253 252 251 250 250 251 251 251 250 250 251 254 257 257 257 258 258 259 258 258 258 259 259 260
2208 261 262 262 261 261 261 261 261 261 260 260 259 259 258 258 258 258 259 258 258 259 259 259 259 259 259 260 259 259 259 259 259 259 259 259 259 258 258 258 258 258 258 257 257 258 258 258 258 259 259 258 258 257 257 257 257 257 258 258 257
2209 257 257 257 257 257 256 256 256 256 255 255 254 253 253 252 252 252 252 252 252 252 252 252 252 252 252 252 252 252 252 252 252 252 252 251 251 251 251 251 252 253 253 254 253 254 254 254 254 254 254 254 254 254 254 254 254 254 254 253 253
2210 253 252 252 251 251 251 251 251 251 251 251 251 251 251 251 251 250 250 250 250 249 250 250 250 250 249 249 249 249 249 249 249 249 249 249 249 249 248 248 248 248 248 248 248 248 247 247 247 247 248 248 248 248 248 248 247 247 247 246 246
2211 246 245 245 245 244 244 244 243 243 242 242 241 241 241 241 240 240 239 237 236 235 235 235 234 234 233 233 233 232 232 231 232 232 232 232 232 231 230 229 228 228 227 226 226 226 226 225 225 225 224 225 226 225 225 225 225 225 225 225 226
2212 225 225 227 228 230 231 231 231 230 230 230 229 229 230 230 230 231 231 231 231 230 230 228 228 227 227 226 225 224 223 222 220 220 221 220 220 219 219 219 219 219 219 219 218 218 218 218 218 218 218 218 218 218 219 218 218 218 219 218 217
2213 217 216 216 216 215 215 214 214 214 214 214 214 214 214 214 214 215 215 215 214 214 214 214 214 214 214 214 214 214 214 213 213 213 212 212 212 212 212 212 212 212 211 211 211 211 211 211 211 211 212 212 212 212 212 212 212 211 211 211 211
2214 211 211 211 211 210 209 208 208 208 208 208 208 209 209 209 209 209 210 210 210 210 209 209 209 210 210 210 210 211 212 213 214 215 216 217 218 218 219 219 219 219 219 219 219 218 218 217 218 217 217 216 216 215 213 213 212 212 211 210 210
2215 209 209 208 207 207 207 207 206 206 206 205 204 203 203 203 202 202 202 202 201 201 201 201 200 200 200 200 200 200 200 200 200 200 200 200 199 199 198 198 197 197 197 197 196 196 196 196 196 195 195 195 195 195 195 195 195 194 194 194 194
2216 194 194 194 194 194 194 195 195 196 196 197 196 196 196 196 196 196 196 196 196 195 196 196 197 197 197 197 197 197 197 197 197 197 197 196 195 193 193 192 191 191 191 190 190 190 191 191 191 192 192 192 192 192 192 192 191 191 191 191 190
2217 190 190 190 190 190 190 190 190 190 190 191 192 193 194 196 197 197 195 195 196 196 196 196 197 198 198 198 198 199 199 199 199 199 199 199 199 199 199 199 199 199 199 199 198 196 196 196 195 195 195 195 195 195 195 194 194 195 195 195 195
2218 195 196 196 196 197 198 199 199 199 200 201 201 201 201 201 201 200 200 201 202 202 202 202 202 202 203 203 202 203 203 203 204 204 202 202 203 203 202 202 202 202 202 202 202 203 203 203 204 204 204 204 203 203 203 202 203 203 203 203 203
2219 204 204 204 205 205 205 205 205 206 206 206 205 205 206 207 207 207 208 208 208 209 209 209 208 208 209 209 209 209 209 209 209 208 209 209 209 209 210 210 209 210 211 213 213 213 213 213 213 214 215 215 215 215 215 215 216 216 217 217 217
2220 218 218 218 218 218 219 219 219 219 219 219 220 220 220 221 221 221 222 222 222 222 222 223 223 223 223 223 224 224 224 224 224 224 225 225 225 225 226 226 226 227 227 227 227 228 228 229 229 230 230 230 230 231 231 231 231 232 232 233 233
2221 234 234 235 236 237 238 238 239 240 242 243 244 244 245 246 246 245 245 245 245 245 246 246 246 246 246 246 245 245 245 246 247 248 249 248 247 246 246 247 247 247 246 245 244 245 245 244 243 243 243 244 244 244 245 246 246 246 246 245 245
2222 245 245 245 245 245 245 245 244 243 244 244 245 245 245 245 246 247 248 246 246 245 245 245 246 246 246 245 245 246 246 247 248 249 247 247 245 244 244 243 243 244 245 244 244 244 244 244 245 245 243 242 241 240 240 240 240 240 240 241 241
2223 240 240 240 240 240 241 241 242 242 241 241 241 242 243 243 243 243 243 243 244 245 245 246 248 248 247 247 247 246 246 246 246 247 247 247 247 247 247 248 248 250 249 248 248 248 248 249 250 252 253 254 254 255 257 256 254 254 252 251 250
2300 250 249 250 251 250 250 250 249 249 248 249 250 250 249 249 249 249 250 250 250 250 250 249 250 250 250 250 250 251 251 251 250 251 252 253 253 254 254 255 255 256 257 259 259 260 260 259 261 262 261 262 262 262 264 265 266 266 268 269 271
2301 271 272 271 271 268 268 269 270 270 272 273 273 275 273 271 269 269 269 269 269 269 270 269 270 269 267 268 268 269 269 268 268 268 266 266 267 267 268 268 269 271 273 276 275 274 276 279 282 282 281 278 279 278 275 275 274 274 274 274 275
2302 275 275 275 277 279 277 277 275 276 278 279 283 285 284 284 285 285 284 282 279 281 283 283 284 285 282 281 281 282 284 284 281 282 281 281 280 277 277 277 276 274 274 273 273 274 274 273 275 276 277 278 280 279 278 278 278 280 283 284 283
2303 283 285 285 285 283 281 280 279 280 280 280 279 281 283 285 286 288 289 287 287 286 286 284 283 284 285 284 282 281 281 282 284 286 289 293 296 293 291 292 293 293 292 291 289 288 288 289 289 287 288 288 289 290 288 288 290 291 290 289 289
2304 287 284 283 283 283 282 283 283 282 281 280 281 282 283 283 283 283 282 282 282 280 279 278 279 279 279 278 278 278 278 279 279 280 280 280 279 278 277 277 277 276 276 276 275 275 275 275 275 274 274 274 274 274 274 274 273 274 274 274 274
2305 274 274 274 274 274 274 274 274 273 273 274 274 273 272 272 272 272 272 272 271 271 271 271 271 270 270 270 270 270 270 269 269 270 270 269 269 269 269 269 269 269 268 268 268 268 267 267 267 267 267 267 266 266 266 266 266 266 266 265 266
2306 266 266 266 266 265 265 265 265 265 265 265 264 264 264 264 264 264 264 264 264 264 264 264 263 263 263 263 263 262 262 262 262 262 262 262 262 262 262 262 262 262 261 260 260 259 258 258 257 257 257 256 256 256 255 255 255 255 255 254 255
2307 255 255 254 254 254 253 253 253 253 253 252 252 252 252 252 252 252 252 252 252 252 252 251 251 251 251 251 251 251 251 250 250 250 249 250 250 249 249 249 249 249 248 249 249 248 249 249 248 248 248 248 248 248 249 249 249 249 248 248 248
2308 248 248 248 248 247 247 247 247 248 248 248 247 247 247 247 247 247 246 246 246 247 246 246 246 246 246 246 246 247 247 247 247 247 247 247 246 246 246 246 245 243 243 242 241 241 241 241 241 241 241 241 241 240 240 240 240 241 241 241 241
2309 242 242 242 242 242 242 243 243 243 243 243 243 243 242 242 242 242  89 241 241 241 241 240 240 241 241 241 240 240 240 240 240 240 240 239 239 239 239 239 238 238 238 238 238 237 237 237 237 237 237 237 236 236 236 236 236 236 236 236 236
2310 236 236 235 235 235 235 235 235 235 235 235 235 235 234 234 234 234 234 234 234 233 233 232 232 231 231 231 231 231 231 231 231 231 231 230 230 230 230 230 230 230 230 230 231 231 231 231 230 231 230 231 231 231 231 231 230 231 231 230 230
2311 230 230 230 230 230 231 231 230 230 229 229 229 228 228 228 227 227 226 226 226 226 225 225 225 225 224 224 224 224 224 224 224 224 224 223 223 223 223 223 223 223 224 223 223 224 224 224 224 224 224 224 224 224 224 224 224 224 224 224 224
2312 223 223 223 223 223 223 222 222 222 222 222 222 222 222 222 222 222 222 221 221 221 221 221 221 221 221 221 221 221 221 220 220 220 220 220 220 219 219 219 219 219 219 219 219 220 220 219 219 219 219 218 218 218 218 218 218 218 218 218 218
2313 218 218 217 216 216 216 216 216 217 217 216 216 216 216 216 216 216 216 216 216 217 217 216 217 217 218 218 218 218 218 218 218 159 218 218 218 218 218 218 218 218 218 218 217 217 217 217 216 216 216 216 216 216 216 216 216 216 216 216 217
2314 216 216 216 215 215 216 215 215 215 215 215 215 214 214 214 214 214 214 213 213 213 212 212 212 212 212 212 212 212 211 211 211 211 211 211 211 211 210 210 210 210 210 210 209 209 208 208 208 208 208 208 208 207 205 205 205 205 205 203 203
2315 202 202 201 200 200 200 200 200 199 199 199 199 199 199 199 199 199 199 199 199 198 198 198 198 198 198 199 200 199 199 199 199 199 200 201 201 201 201 201 201 201 201 201 200 200 200 200 200 200 200 200 199 199 199 198 198 198 197 197 197
2316 197 197 197 197 197 197 197 197 197 197 197 198 197 197 197 197 197 198 198 197 197 197 197 197 197 197 197 197 197 197 197 197 197 198 197 197 197 197 197 197 197 196 196 196 196 196 196 196 196 196 196 196 197 196 196 196 196 196 196 196
2317 196 196 196 195 195 195 195 195 195 195 195 195 195 195 195 195 194 194 194 194 193 194 193 193 193 192 192 191 191 190 190 189 189 189 188 188 187 187 187 187 187 187 186 186 185 184 185 176 186 186 187 187 188 187 187 186 187 189 190 191
2318 191 191 190 191 191 191 192 192 193 194 194 194 194 194 194 195 195 196 196 197 197 197 198 198 198 198 198 198 198 198 198 198 199 199 199 199 199 199 199 199 200 200 201 202 202 202 202 202 203 203 203 204 204 204 204 205 205 205 205 205
2319 205 206 206 206 206 206 207 207 207 207 208 208 207 207 207 207 207 207 207 207 207 208 208 208 208 208 208 208 208 208 208 209 209 209 209 209 209 209 209 209 209 209 209 209 209 209 209 209 209 209 209 210 210 211 211 211 211 212 212 213
2320 213 213 213 214 214 214 214 214 213 213 213 213 213 214 214 215 215 216 216 216 216 217 218 219 219 220 219 219 219 220 221 222 221 221 221 223 223 223 223 223 224 225 225 226 227 228 228 228 228 229 229 230 230 229 229 228 229 229 229 230
2321 230 231 231 231 232 231 231 232 234 235 235 235 234 235 236 238 238 238 238 239 239 240 239 238 238 238 240 241 242 242 241 240 240 241 242 242 242 241 241 241 241 241 242 241 241 241 240 240 242 242 241 240 238 238 238 238 238 239 238 238
2322 240 240 240 242 243 242 242 244 247 250 251 251 251 250 250 251 250 249 247 246 247 245 245 245 246 247 249 253 255 254 251 251 249 248 249 252 253 252 253 254 252 251 251 252 252 252 252 253 254 255 255 257 257 255 254 255 256 255 256 254
2323 251 249 248 249 251 252 250 250 252 255 255 253 251 251 253 255 254 255 255 256 256 255 256 255 255 254 253 253 253 253 253 255 258 258 259 259 257 256 256 255 255 257 255 254 253 254 256 255 255 255 256 256 258 260 262 260 258 256 257 258
2400 256 256 255 256 257 255 255 255 256 257 259 259 258 258 260 261 262 261 261 261 260 260 258 259 262 263 265 264 262 259 257 257 258 258 261 261 260 260 262 262 263 264 262 262 262 264 266 267 267 267 269 270 268 268 268 269 270 272 271 269
2401 267 265 266 268 267 266 268 271 271 271 274 276 274 271 269 269 271 270 269 270 271 269 269 268 267 268 269 268 268 268 268 267 268 268 266 265 265 267 267 267 267 267 266 268 267 266 265 267 267 268 270 274 277 276 274 272 272 272 273 275
2402 277 278 280 282 282 285 288 285 282 280 280 282 284 285 284 283 282 282 283 279 277 277 274 273 275 277 276 276 276 277 278 278 278 277 276 274 275 275 275 274 273 276 279 279 280 280 281 280 278 279 279 282 284 282 282 280 279 279 278 276
2403 276 275 277 276 277 276 274 274 276 277 277 275 276 277 276 275 276 275 275 278 280 279 280 281 280 279 278 278 278 280 283 283 281 280 281 281 279 279 278 277 277 273 271 271 272 272 272 272 273 274 274 275 278 279 279 278 276 277 276 275
2404 274 274 274 273 274 275 275 278 281 282 279 279 279 279 280 280 280 280 279 277 277 277 276 275 274 275 274 274 274 274 275 275 275 275 276 278 279 278 277 277 277 279 280 281 280 279 279 279 280 282 281 283 283 282 280 280 280 282 282 279
2405 278 279 279 279 281 280 280 281 282 284 284 283 280 279 277 278 279 279 280 280 279 279 279 278 276 276 276 275 275 275 275 275 276 274 274 274 274 274 274 274 273 272 272 271 271 271 271 270 270 269 269 270 270 270 270 270 270 270 270 270
2406 270 269 269 269 269 269 269 268 268 268 268 268 269 269 268 268 268 267 267 266 266 266 266 266 266 266 266 265 265 265 265 265 265 265 265 265 265 264 264 264 264 264 264 263 263 263 263 263 263 262 262 262 262 262 262 262 261 261 261 261
2407 261 261 261 261 261 261 261 261 261 261 261 260 260 260 260 260 260 260 260 260 260 259 259 259 259 259 259 259 259 258 258 258 257 257 258 258 258 258 257 257 258 257 257 257 257 256 256 256 256 255 254 254 254 254 254 254 253 253 252 252
2408 252 252 251 251 251 250 250 250 249 248 248 248 249 249 249 249 249 248 248 247 247 247 247 247 247 246 246 246 245 245 245 245 245 245 244 244 244 244 244 243 243 243 243 243 243 243 242 242 242 242 242 242 242 242 242 241 241 241 241 241
2409 241 241 240 240 240 240 240 239 239 239 239 238 239 238 238 238 238 238 238 238 238 237 237 237 237 237 237 236 237 236 236 236 236 236 236 236 236 236 236 236 236 236 236 236 236 236 236 235 235 235 235 234 234 234 234 234 234 234 234 234
2410 234 234 233 233 234 234 234 233 233 232 232 231 230 229 228 228 227 227 227 226 225 225 225 226 227 228 228 229 229 229 229 229 229 229 230 230 231 231 232 232 231 231 231 231 230 230 229 229 228 228 227 227 227 226 226 225 225 225 225 226
2411 226 226 226 226 226 226 226 227 226 225 225 225 224 224 224 224 224 224 224 224 224 224 224 224 224 224 224 223 222 221 221 220 220 219 218 217 217 216 217 216 216 216 216 216 216 216 217 217 218 219 219 219 219 219 219 218 218 218 218 218
2412 218 219 220 221 221 221 222 222 222 222 221 221 221 220 220 220 220 220 220 220 220 220 220 220 220 220 221 221 221 221 221 221 221 221 221 221 221 221 221 221 222 221 221 221 221 221 221 221 220 220 220 220 220 220 220 220 220 220 220 220
2413 221 220 220 219 219 218 218 217 217 217 217 217 217 216 215 215 214 214 213 213 213 213 213 213 213 213 215 217 217 217 218 218 217 217 217 217 217 216 216 216 215 215 215 215 215 215 215 214 214 214 214 213 213 212 212 212 212 212 212 211
2414 211 211 211 211 211 211 211 211 211 211 211 211 210 210 210 210 210 210 209 209 209 209 209 209 209 209 209 208 208 208 207 207 207 207 207 207 207 207 207 207 207 207 207 207 206 206 206 206 205 205 204 204 204 203 203 203 203 204 204 204
2415 204 204 204 204 204 204 204 204 204 205 205 205 206 206 206 206 206 206 207 207 207 207 207 207 207 207 206 206 206 206 205 205 205 204 204 204 204 204 204 205 204 205 205 205 205 205 204 204 204 205 205 205 205 205 204 204 204 204 204 204
2416 204 204 204 204 204 204 204 204 204 204 204 204 204 204 204 204 204 204 204 204 204 203 203 203 203 203 203 203 203 203 203 203 203 203 203 203 203 203 203 203 203 203 202 203 203 203 203 203 203 203 204 204 204 204 204 205 205 205 205 205
2417 205 205 206 206 207 207 207 207 207 206 207 207 207 207 206 206 206 206 206 206 206 205 205 205 205 205 205 204 204 204 204 204 204 203 204 203 203 203 203 203 202 202 202 202 202 202 202 202 202 202 203 203 203 203 202 202 202 202 202 202
2418 202 202 202 202 202 202 202 202 201 201 201 201 201 201 201 201 201 201 201 201 201 201 200 200 200 200 200 200 200 200 200 200 201 201 201 201 200 200 200 200 200 199 199 200 200 199 199 199 200 199 200 200 201 201 202 202 202 203 203 202
2419 202 203 203 204 203 203 204 205 205 205 205 206 206 207 207 208 208 209 209 209 209 210 210 210 211 210 211 210 210 210 210 211 211 211 211 212 212 212 212 212 212 212 212 212 212 212 212 212 212 212 212 212 212 212 212 213 212 213 213 213
2420 213 214 215 215 215 215 215 215 216 216 216 217 217 216 216------------------------------------------------------------------------------------------------------------------------------------------------------------------------------------
2421------------------------------------------------------------------------------------------------------------------------------------------------------------------------------------------------------------------------------------------------
2422------------------------------------------------------------------------------------------------------------------------------------------------------------------------------------------------------------------------------------------------
2423------------------------------------------------------------------------------------------------------------------------------------------------------------------------------------------------------------------------------------------------
2500------------------------------------------------------------------------------------------------------------------------------------------------------------------------------------------------------------------------------------------------
2501------------------------------------------------------------------------------------------------------------------------------------------------------------------------------------------------------------------------------------------------
2502------------------------------------------------------------------------------------------------------------------------------------------------------------------------------------------------------------------------------------------------
2503------------------------------------------------------------------------------------------------------------------------------------------------------------------------------------------------------------------------------------------------
2504------------------------------------------------------------------------------------------------------------------------------------------------------------------------------------------------------------------------------------------------
2505------------------------------------------------------------------------------------------------------------------------------------------------------------------------------------------------------------------------------------------------
2506------------------------------------------------------------------------------------------------------------------------------------------------------------------------------------------------------------------------------------------------
2507 231 231 231 231 231 231 231 231 230 230 230 230 230 230 229 229 229 230 229 229 229 228 228 228 228 228 228 228 228 228 228 227 227 227 227 227 227 227 227 227 227 227 227 227 227 227 227 227 227 227 226 226 226 226 226 226 226 226 226 226
2508 225 225 225 225 225 225 225 225 224 224 224 224 224 224 224 224 224 223 223 223 223 223 223 223 223 223 223 223 222 222 222 222 222 222 221 221 221 221 221 221 221 221 221 221 221 221 221 220 220 220 220 220 220 220 220 220 220 220 220 220
2509 220 220 220 220 220 220 219 219 220 128 219 219 219 219 219 219 218 218 218 218 218 218 218 218 218 218 218 218 217 217 217 217 217 217 217 217 217 217 217 217 217 216 216 216 216 216 216 216 216 216 216 216 216 216 215 215 216 215 215 215
2510 215 215 215 215 215 215 215 215 215 215 215 215 215 215 215 215 215 215 215 215 215 215 215 215 214 214 214 214 214 214 214 213 213 213 213 213 213 213 212 212 212 212 212 212 212 212 212 212 212 211 211 212 212 211 211 211 211 211 211 211
2511 211 211 211 211 211 211 210 211 211 210 210 210 210 210 210 210 210 210 210 210 210 210 210 210 209 209 209 209 209 209 209 209 209 209 209 209 209 209 209 209 209 208 208 209 209 208 208 208 208 208 208 208 208 208 208 208 208 208 208 208
2512 209 208 208 208 208 208 208 209 208 208 208 208 209 209 209 210 209 210 210 210 211 211 211 211 211 211 211 211 211 210 210 210 210 210 210 210 210 210 209 209 210 209 209 209 209 209 209 209 209 208 208 208 207 207 207 206 205 206 205 205
2513 204 205 204 204 204 204 204 204 204 203 202 202 202 201 201 202 201 201 200 199 199 198 198 198 136 200 201 200 199 198 197 197 196 196 196 196 195 195 195 195 195 195 195 196 197 197 197 197 196 196 195 195 196 196 196 196 195 195 194 194
2514 194 194 194 194 194 194 194 194 194 194 193 193 193 193 192 192 192 192 192 192 192 192 192 192 191 191 191 191 191 191 191 191 191 191 191 191 191 191 191 190 190 190 190 190 190 190 189 189 190 190 190 190 190 190 190 190 190 190 190 190
2515 190 191 191 191 191 190 191 191 190 190 190 190 189 189 189 189 189 189 189 189 189 189 189 189 189 189 189 189 189 189 189 189 189 188 188 188 188 188 188 189 189 189 189 188 188 188 188 188 188 188 188 188 188 188 188 188 188 188 187 187
2516 188 187 187 187 187 187 187 187 187 187 187 186 185 184 183 182 181 180 180 180 179 179 179 179 179 180 182 182 183 184 184 184 184 184 185 185 185 185 185 185 184 185 185 184 184 184 184 184 184 184 184 184 184 184 184 184 184 184 184 184
2517 184 184 184 184 184 184 184 183 183 184 184 184 184 184 184 184 184 184 185 185 185 184 184 184 184 184 184 184 184 184 184 184 184 184 184 184 184 185 185 185 185 185 185 185 185 185 185 185 185 185 185 185 185 186 186 185 186 186 186 186
2518 186 186 186 187 187 187 187 187 187 187 187 188 188 189 189 189 189 189 190 190 190 190 190 190 191 191 192 192 192 192 193 193 193 193 193 194 194 194 194 194 194 194 194 194 194 195 195 195 195 195 196 196 196 197 197 197 197 198 198 198
2519 198 198 199 199 199 200 201 201 202 202 203 204 206 207 208 208 206 206 207 208 209 210 209 208 208 208 208 209 208 208 208 209 209 209 210 210 210 210 210 211 211 211 211 211 211 212 213 214 214 216 216 217 216 216 216 218 218 218 219 220
2520 221 220 221 220 220 220 220 220 221 221 221 221 221 222 222 223 224 224 223 222 221 222 222 222 224 224 224 224 224 223 223 223 223 223 223 223 223 224 224 224 225 226 227 226 227 226 226 228 230 232 233 234 234 235 234 234 233 234 234 233
2521 232 231 231 231 233 235 236 235 236 236 237 237 234 235 234 235 236 237 235 235 237 240 239 239 237 238 240 238 240 239 239 239 240 241 242 242 241 241 242 243 241 239 239 239 239 240 241 241 241 242 244 246 247 248 251 253 252 247 245 246
2522 249 249 248 249 249 252 253 255 255 255 254 254 253 253 252 252 254 256 258 257 257 255 255 257 258 259 259 259 260 260 262 262 261 262 264 267 264 263 262 263 265 267 266 267 267 265 267 268 266 268 270 270 270 270 270 271 272 273 271 272
2523 271 270 270 272 273 271 268 267 267 266 266 266 268 269 271 271 273 273 273 274 273 273 275 275 275 277 276 273 274 275 274 274 274 274 274 274 275 277 281 283 286 288 286 285 285 286 282 279 278 279 281 282 283 283 281 280 280 283 286 286
2600 283 283 283 283 282 282 283 284 286 286 285 286 289 291 292 291 288 288 288 287 289 291 289 287 286 287 288 289 290 290 290 291 289 288 288 285 285 285 285 285 285 286 286 287 289 291 293 293 291 289 288 287 288 290 292 293 293 292 293 295
2601 298 300 302 299 296 297 300 299 298 299 298 299 302 301 300 300 302 300 299 297 296 295 295 297 297 296 297 298 301 303 306 307 306 302 299 297 296 296 299 300 303 307 308 305 301 303 303 301 299 300 304 308 306 308 314 316 316 312 311 310
2602 310 308 308 307 305 306 305 304 305 307 308 306 306 306 306 306 306 306 306 303 303 305 305 304 302 303 304 303 303 302 303 304 304 307 308 309 308 306 304 303 303 304 306 309 310 311 309 308 310 312 313 312 311 309 307 304 304 306 306 307
2603 309 308 307 306 304 304 304 305 306 307 305 306 308 311 312 312 310 308 308 308 307 308 309 309 308 307 307 307 307 306 307 308 307 306 307 309 311 310 311 313 315 315 315 312 312 310 308 309 311 310 308 309 311 312 314 315 313 313 311 311
2604 308 306 306 305 306 307 306 305 306 306 308 309 310 309 308 308 307 307 308 307 306 305 305 304 305 305 304 303 304 304 304 304 305 305 304 303 302 302 302 303 304 303 303 304 303 303 302 303 304 305 305 305 305 304 305 305 304 305 306 305
2605 305 305 305 305 305 304 305 305 305 306 306 305 306 306 306 304 302 301 300 300 301 301 301 301 300 300 300 300 299 299 299 299 299 299 299 300 300 300 300 300 299 299 299 299 299 300 301 301 301 301 301 301 301 301 302 302 302 302 302 302
2606 302 301 301 302 302 302 302 300 299 299 298 298 298 298 298 298 299 299 299 298 298 297 297 296 296 296 295 295 294 293 293 292 291 291 290 290 289 288 286 284 282 280 278 276 275 273 272 270 269 268 267 265 264 263 266 268 269 269 269 268
2607 266 265 263 262 260 259 257 256 254 253 252 251 250 250 249 248 247 246 245 244 243 242 242 242 241 240 240 239 238 237 237 236 235 235 234 234 233 232 232 231 231 231 231 230 230 229 229 228 228 227 227 227 226 225 225 224 224 224 223 223
2608 223 222 222 221 221 221 221 220 220 220 220 221 221 221 221 221 220 220 219 219 219 218 217 217 217 217 216 216 216 216 216 216 216 216 216 216 216 216 216 215 215 215 215 214 214 214 213 212 212 211 210 210 210 210 209 209 209 210 210 210
2609 210 210 210 210 210 210 209 209 209 210 210 210 210 210 210 210 210 210 209 209 209 208 208 208 208 208 207 207 207 207 207 207 207 206 206 206 206 206 205 204 204 204 203 203 203 202 202 202 202 202 202 202 201 201 200 200 200 200 200 201
2610 201 201 201 201 201 201 201 201 200 200 200 200 200 200 200 200 200 200 200 200 200 200 200 199 200 200 200 200 201 201 201 202 202 202 202 202 201 201 201 201 200 200 200 200 200 200 200 200 200 200 200 200 199 199 199 199 199 198 198 198
2611 198 198 199 200 200 200 200 200 199 199 200 200 200 200 201 201 201 201 200 199 199 198 197 197 196 195 195 196 196 196 196 195 195 195 196 196 197 197 198 199 200 202 203 203 203 202 202 202 201 201 200 200 199 199 198 198 197 197 196 196
2612 196 195 195 194 194 194 194 194 195 194 194 194 194 194 194 194 193 192 192 192 191 191 191 191 191 190 190 189 189 189 188 188 188 188 189 189 190 190 190 190 190 190 190 190 190 190 190 190 189 189 189 189 190 190 190 190 191 190 190 189
2613 189 188 188 187 186 186 186 186 186 186 186 186 186 186 187 188 188 188 188 187 188 187 187 187 187 187 187 187 187 187 187 187 187 187 186 186 186 186 187 187 187 186 186 186 186 186 186 186 186 186 186 186 185 184 184 184 184 184 184 185
2614 185 185 186 187 186 186 186 186 186 186 186 185 184 183 183 183 183 183 183 183 183 183 183 183 183 183 183 183 182 182 182 182 182 183 183 183 184 184 184 184 184 184 184 184 184 184 185 184 184 184 183 183 183 183 183 183 183 183 182 182
2615 182 182 181 181 181 181 180 180 180 180 179 179 180 180 181 182 182 183 183 183 183 183 183 182 182 181 181 180 180 180 181 181 181 181 180 180 180 180 179 179 179 179 179 178 178 178 178 179 179 179 178 178 177 177 177 177 177 177 177 177
2616 177 177 177 178 178 178 177 177 178 178 178 178 178 178 178 178 178 178 178 177 177 177 177 177 177 177 177 177 177 177 177 176 176 175 175 175 174 174 174 175 175 176 178 179 180 181 182 181 181 180 179 180 179 179 178 178 177 177 176 175
2617 175 175 175 174 174 174 174 174 174 173 173 173 173 173 174 174 174 174 174 174 173 173 173 173 173 173 173 173 174 174 174 174 174 174 175 175 175 176 176 177 177 177 178 179 180 181 182 182 182 183 183 183 183 183 183 184 184 184 185 186
2618 186 186 187 187 188 189 190 191 191 192 192 193 194 194 194 195 196 197 197 198 200 200 201 202 203 204 205 206 207 207 208 209 210 210 211 212 213 215 217 219 221 223 224 226 227 228 228 228 228 228 228 228 228 228 228 227 228 227 227 228
2619 228 229 229 229 228 228 228 229 230 232 233 235 236 235 234 234 234 235 236 236 236 236 236 237 238 238 238 238 239 240 241 242 242 241 241 242 242 243 242 242 243 245 244 244 244 244 243 243 242 242 242 241 241 241 241 241 241 241 241 241
2620 242 242 243 243 243 243 244 244 244 244 244 243 244 244 245 247 248 248 247 247 248 250 250 252 249 248 248 250 250 250 249 251 250 248 248 248 247 247 247 249 252 253 253 252 252 252 252 250 250 250 251 253 254 255 253 253 254 254 254 254
2621 253 254 254 254 255 255 255 257 257 257 257 257 259 259 259 260 260 260 263 262 262 261 263 264 264 267 268 268 268 269 270 269 270 268 266 268 268 268 267 269 271 272 272 273 275 277 276 275 275 275 276 277 279 277 275 275 276 278 280 281
2622 280 279 278 278 280 280 281 282 281 280 278 278 278 278 280 281 284 285 284 284 284 282 281 282 283 282 285 286 287 288 288 290 292 291 292 295 297 298 297 294 292 292 291 290 290 290 289 289 291 295 298 296 293 292 291 292 293 295 297 296
2623 295 293 294 294 297 300 297 293 292 292 293 295 296 298 299 298 298 299 300 300 299 299 299 300 299 300 299 298 298 298 299 299 301 299 297 298 299 299 297 297 296 297 299 301 303 303 302 303 304 303 303 303 302 304 306 306 306 307 306 306
2700 306 308 308 308 309 306 305 307 309 307 306 305 306 307 306 306 307 307 307 305 306 309 310 311 315 315 313 314 314 312 310 313 313 315 316 317 315 315 313 313 315 317 316 314 315 314 313 315 319 320 321 321 322 323 325 324 321 318 318 320
2701 322 322 318 317 315 316 315 314 315 319 320 318 317 319 322 323 322 323 324 321 320 320 322 324 324 324 326 326 326 328 325 323 323 324 326 324 321 322 323 324 323 322 325 325 325 325 323 323 324 324 324 326 327 327 327 327 329 331 333 330
2702 329 331 331 330 334 336 335 335 332 331 331 331 332 333 331 329 329 327 325 326 325 325 327 327 327 329 327 328 328 331 333 334 332 332 329 328 327 327 327 327 327  89 327 325 327 327 326 324 324 325 326 326 327 329 330 330 330 332 334 335
2703 334 336 337 339 337 336 335 334 334 334 332 333 334 334 333 334 333 333 334 334 335 332 330 330 333 332 333 334 332 331 333 335 335 336 335 334 331 328 328 329 331 332 334 334 335 336 336 336 336 333 330 329 329 329 329 331 332 331 329  88
2704 334 332 331 333 335 335 336 335 334 331 328 328 329 331 332 334 334 335 336 336 336 336 333 330 329 329 329 329 331 332 331 329 328 328 329 328 328 327 326 327 327 326 325 325 326 325 326 327 327 328 326 324 323 324 325 325 323 321 320 319
2705 319 319 318 318 319 320 321 319 320 320 320 320 320 320 321 322 322 323 323 323 323 324 325 326 327 326 327 327 327 326 327 326 325 326 326 328 329 328 327 327 327 326 325 326 327 328 327 327 326 326 327 328 330 332 333 334 333 331 329 329
2706 328 328 329 329 329 328 325 324 325 325 324 324 324 324 324 323 322 321 321 321 321 322 322 322 323 323 323 322 322 322 321 319 318 318 318 318 318 318 318 318 317 316 316 315 315 314 315 315 315 314 314 314 314 314 313 313 313 313 312 311
2707 310 309 308 308 308 307 306 305 304 303 302 300 299 299 299 299 299 298 298 297 297 297 297 296 296 296 295 295 294  91 295 294 293 293 293 293 293 293 292 291 290 290 289 287 286 284 283 282 280 279 278 277 276 275 274 273 272 271 270 269
2708 268 268 267 266 266 265 265 264 262 261 261 260 260 260 260 259 259 258 257 257 257 257 257 256 256 256 255 255 255 255 254 253 252 251 250 249 247 246 245 244 244 244 244 244 244 244 245 245 245 245 245 246 246 246 247 248 248 249 250 251
2709 251 252 252 252 252 252 252 251 250 248 247 247 246 246 245 244 244 243 243 243 242 241 240 239 238 237 237 236 236 235 235 235 235 235 236 236 236 236 236 236 236 236 236 236 236 236 237 237 236 235 235 235 236 236 236 236 237 237 237 238
2710 238 238 238 238 239 238 238 238 238 238 238 237 237 236 236 236 236 236 236 236 235 235 235 234 233 232 231 230 230 231 231 230 231 230 230 230 230 231 231 231 233 234 235 236 237 237 237 237 236 236 235 235 234 233 232 231 230 229 228 228
2711 227 227 226 226 227 227 228 228 229 228 229 228 228 227 226 225 225 224 224 224 223 223 222 222 222 222 222 223 224 225 226 227 227 227 227 226 225 225 225 224 224 224 223 223 103 222 222 222 222 222 221 221 221 220 219 219 220 220 219 220
2712 220 219 219 219 220 220 220 221 221 221 221 221 222 221 220 219 219 219 220 221 223 225 226 227 227 227 227 228 229 229 228 227 227 226 225 226 225 225 227 227 229 229 229 228 227 227 226 225 224 224 224 224 225 225 226 226 228 230 233 236
2713 237 239 240 242 243 243 242 239 237 235 234 234 234 233 231 230 229 229 229 228 226 224 224 223 223 223 222 220 219 217 216 216 216 216 216 215 214 213 213 213 212 211 210 210 209 209 208 208 208 208 208 209 209 209 208 208 208 209 209 209
2714 210 210 210 210 210 209 209 209 209 208 207 206 205 204 204 204 204 204 204 204 204 205 206 206 206 207 206 206 206 206 206 206 206 207 207 208 208 209 209 210 210 210 210 209 209 208 208 208 207 207 207 207 208 210 213 213 213 212 212 212
2715 211 211 210 210 210 209 209 208 208 207 207 206 206 206 207 209 209 209 209 209 208 208 207 207 206 206 205 205 205 205 205 205 205 205 204 204 204 204 204 204 204 205 205 205 205 205 206 206 206 206 206 206 206 206 206 206 206 205 204 120
2716 204 203 203 203 202 202 202 202 202 202 202 202 202 203 205 207 209 210 211 212 212 212 213 213 212 212 211 211 212 212 211 212 213 213 215 215 216 218 218 218 218 217 216 215 215 215 214 214 214 214 213 214 214 214 214 214 214 213 213 214
2717 215 215 216 216 216 216 217 217 217 217 218 218 217 217 216 216 215 215 214 213 213 212 211 211 210 210 209 208 208 207 206 205 205 204 202 202 201 200 200 199 199 199 199 198 198 198 198 199 199 199 199 199 199 199 200 200 200 200 201 201
2718 202 203 203 203 203 203 203 203 203 203 203 202 202 202 202 203 204 205 206 207 209 210 211 213 214 216 217 218 218 219 220 221 222 223 224 224 225 226 226 227 227 228 228 228 228 229 229 230 230 231 231 231 232 232 232 232 232 233 233 233
2719 233 233 234 234 234 234 234 234 235 235 235 236 236 237 237 237 238 238 238 239 239 239 240 240 240 240 241 241 242 242 242 243 243 243 243 244 244 244 244 244 244 245 246 246 246 246 247 247 247 248 248 248 249 249 250 251 252 253 253 253
2720 254 254 254 254 254 255 256 256 256 257 256 257 256 256 108 256 257 258 259 259 259 260 260 260 260 260 260 260 260 260 260 260 260 260 260 261 260 261 261 263 264 263 264 265 264 264 264 264 264 265 265 266 267 268 267 268 268 269 269 269
2721 269 269 270 271 274 275 275 276 277 277 278 277 276 276 276 276 276 277 278 279 279 278 277 276 276 276 276 276 277 277 277 277 276 276 276 276 276 276 276 277 279 280 282 283 284 285 285 285 285 285 287 288 288 288 288 288 287 286 287 287
2722 288 289 289 289 288 287 286 286 286 286 287 288 289 290 290 291 291 291 293 295 296 298 298 298 297 297 297 296 296 296 296 297 300 301 302 302 300 296 293 294 295 296 295 294 294 293 292 292 291 291 291 292 292 292 294 296 297 296 294 293
2723 294 294 296 298 301 302 304 305 306 306 309 311 313 314 313 310 308 305 303 303 304 305 304 304 306 307 307 306 306 305 304 304 302 300 299 298 297 296 295 294 293 292 292 292 292 292 292 292 292 292 292 292 292 292 293 293 292 292 293 293
2800 293 294 295 296 297 298 298 298 298 298 298 297 296 295 294 294 294 295 296 297 296 295 296 295 296 297 297 298 297 298 298 298 297 296 296 295 296 296 296 297 297 297 298 298 298 297 297 296 297 298 299 300 300 299 299 300 299 299 299 298
2801 297 297 296 297 298 300 300 300 300 300 301 301 301 301 300 299 298 298 298 298 297 299 300 301 303 303 302 301 300 300 300 299 299 297 295 291 287 286 284 283 283 283 283 282 282 282 282 282 282 282 281 282 282 281 281 281 281 282 282 282
2802 282 283 283 282 283 283 283 284 284 284 284 284 283 283 283 283 283 283 282 282 282 282 282 282 281 282 282 283 283 284 284 284 284 285 285 286 286 286 287 287 288 288 288 288 287 287 286 286 286 286 286 286 286 286 286 286 286 286 286 286
2803 285 285 284 284 284 284 284 283 283 283 283 283 282 282 282 283 283 283 283 283 283 283 283 283 283 283 284 284 284 284 284 284 285 285 285 285 285 285 285 286 286 287 287 287 287 287 287 288 287 288 287 286 286 286 285 285 285 285 285 285
2804 285 285 284 284 284 283 282 282 282 282 282 282 282 282 282 282 283 283 283 284 284 284 284 284 284 284 284 283 283 283 283 283 283 283 283 283 283 284 284 284 284 284 285 285 285 285 285 286 286 286 286 286 286 286 286 287 287 288 289 289
2805 290 291 291 292 292 292 293 293 293 294 296 297 297 298 298 297 297 298 299 298 298 298 299 298 298 298 298 301 302 302 302 300 299 298 298 298 299 301 304 306 307 308 306 305 305 305 305 304 302 302 303 302 300 298 296 295 294 293 292 292
2806 292 292 291 290 289 290 291 292 293 294 296 297 298 297 297 297 297 298 298 298 298 298 299 299 297 296 295 295 296 296 296 295 295 295 294 294 294 294 293 293 293 292 291 291 290 290 290 290 290 290 290 290 289 289 288 288 287 287 287 286
2807 285 285 284 283 283 283 283 283 284 283 283 283 282 280 278 276 275 274 273 271 268 267 265 263 262 261 260 259 258 257 256 255 256 255 254 253 252 251 250 248 247 246 245 244 243 243 243 242 242 242 241 241 240 239 239 239 240 240 239 239
2808 240 240 240 240 239 239 239 240 240 240 241 242 242 243 243 243 243 243 243 241 240 239 238 238 238 238 239 240 242 243 243 244 243 242 241 241 240 240 239 239 239 240 241 244 246 248 248 248 248 247 246 244 243 242 242 241 240 239 238 237
2809 236 235 234 233 233 232 235 239 244 249 253 254 255 257 257 258 258 258 257 257 256 255 255 255 255 254 254 254 254 254 254 254 254 254 254 254 254 254 254 254 254 254 254 254 254 254 254 254 253 253 252 253 254 254 254 254 254 254 254 254
2810 255 256 256 256 256 256 256 255 255 255 254 254 254 253 253 253 253 253 253 253 252 252 252 251 252 252 253 254 254 254 256 256 256 256 256 256 256 255 255 255 257 258 259 258 258 257 257 257 257 256 256 256 256 255 255 256 256 256 257 258
2811 259 258 257 256 255 254 254 254 253 252 252 252 251 251 251 250 249 249 248 247 247 246 244 242 241 240 238 236 234 233 231 230 230 231 232 233 234 234 234 234 235 236 236 236 235 235 235 236 235 235 235 235 235 235 235 235 233 231 229 228
2812 226 225 224 223 222 221 220 218 217 217 218 218 217 216 217 218 219 222 223 223 223 222 221 220 219 218 216 215 214 213 212 211 211 210 210 209 208 206 204 203 201 200 199 198 198 198 198 198 198 197 197 197 197 197 197 196 196 196 196 196
2813 196 196 197 197 198 198 199 200 201 200 200 199 199 200 200 200 200 200 200 200 199 199 199 199 199 199 199 199 198 198 198 198 198 198 197 197 196 196 196 196 196 196 196 195 195 195 195 195 196 197 197 197 196 197 197 196 196 195 194 194
2814 193 192 192 193 193 193 193 193 193 193 194 196 200 202 205 208 210 211 212 212 212 212 211 212 213 213 213 213 214 214 214 213 213 213 213 213 213 212 210 210 210 210 210 211 210 210 209 208 208 208 209 210 211 211 212 213 214 215 217 218
2815 220 220 221 222 223 224 223 223 224 225 226 226 227 227 227 227 229 230 230 229 229 229 229 228 228 228 228 227 227 226 225 223 221 220 218 217 215 215 215 214 213 211 210 208 207 207 206 207 207 207 207 206 205 205 206 207 208 209 209 211
2816 212 214 216 219 221 221 221 220 219 218 217 215 212 209 207 206 205 205 204 204 203 204 203 203 202 202 202 201 201 202 201 200 200 199 199 197 196 195 195 195 195 195 195 194 193 193 192 190 189 187 187 186 185 185 185 185 184 185 184 185
2817 185 185 185 185 185 186 186 187 189 189 188 188 187 187 187 186 185 184 184 183 183 182 182 181 181 182 183 183 184 185 185 185 185 186 188 189 190 190 190 190 189 190 189 188 188 187 187 186 185 185 184 184 184 183 182 182 182 181 181 181
2818 182 182 183 183 183 183 183 183 183 184 185 186 187 189 190 191 192 192 193 194 195 196 197 198 198 198 197 197 196 195 195 197 198 199 200 201 202 203 204 206 207 207 208 209 211 212 213 212 212 212 212 212 212 212 213 213 214 215 216 217
2819 218 220 221 222 223 223 223 223 223 224 224 225 226 227 229 230 231 233 234 236 237 238 238 237 237 237 237 236 236 236 236 236 236 236 237 238 239 240 240 240 241 242 242 242 240 240 239 240 240 240 240 241 241 242 243 243 245 246 247 247
2820 246 246 246 246 246 246 247 246 246 246 247 249 251 253 254 255 256 255 255 256 257 259 259 258 258 258 259 259 261 261 260 260 259 257 257 258 258 259 259 259 259 259 259 259 258 258 258 259 260 260 261 261 262 262 262 263 264 265 266 265
