58265 2010   011213603204   65   24 6670   55    1--------------------------------------------------------------------------------------------------------------------------------------------------------------------------------------------------
3121  81  81  81  81  81  81  81  81  80  80  80  80  81  81  81  81  81  81  81  81  80  81  81  81  81  81  81  81  81  81  81  81  81  80  80  80  80  81  80  80  80  79  79  79  79  78  78  78  78  78  78  78  78  78  77  77  77  77  77  77
3122  77  77  77  77  77  77  77  77  77  77  77  77  77  77  77  77  77  77  77  77  77  77  77  77  77  77  77  77  77  77  77  76  76  76  76  76  76  76  76  76  76  76  76  76  76  76  76  76  75  75  75  75  75  75  75  75  75  74  74  74
3123  74  74  74  74  74  73  73  73  73  72  72  72  72  72  72  72  73  73  73  73  73  73  73  74  74  74  74  74  74  74  73  73  73  72  72  72  72  71  71  71  71  71  71  71  71  70  70  70  70  70  70  69  69  69  69  68  68  68  68  68
0100  68  68  68  67  67  67  66  66  65  65  65  65  65  65  66  66  66  66  65  65  65  65  65  65  66  66  66  67  66  66  67  67  67  67  66  66  66  66  66  59  66  65  66  66  66  66  66  66  66  66  66  66  66  66  66  66  66  65  65  65
0101  65  65  65  65  65  65  65  65  65  64  65  64  64  64  64  65  66  66  67  67  67  67  67  67  67  66  66  65  65  64  64  64  64  64  64  64  64  64  64  64  64  63  63  63  63  63  63  63  63  62  62  62  62  61  61  61  61  61  61  61
0102  61  60  60  60  59  59  59  59  59  59  58  58  58  58  58  58  57  57  57  57  57  57  57  57  57  57  57  57  57  57  57  57  57  57  57  57  58  58  58  59  59  59  59  59  59  59  59  58  59  58  58  58  58  57  57  57  57  57  56  56
0103  56  55  55  55  55  54  54  54  54  54  54  54  54  55  55  54  54  54  53  53  53  52  52  51  51  50  50  49  49  49  48  48  48  48  47  48  48  47  47  46  46  46  47  47  48  48  48  48  48  47  47  47  46  45  45  45  45  45  44  44
0104  44  43  43  42  42  41  41  41  41  41  41  40  40  40  39  39  39  39  38  38  38  38  38  38  38  39  38  38  37  37  36  35  35  35  35  34  34  34  34  34  34  34  34  34  34  34  33  33  33  33  33  33  33  33 227  32  32  31  32  31
0105  31  31  31  31  31  31  31  31  31  32  32  31  31  30  30  29  29  29  29  29  28  28  28  28  28  28  29  29  28  28  28  28  28  28  29  29  29  29  29  29  29  29  30  30  29  29  28  28  28  28  28  28  28  29  30  30  30  30  30  30
0106  29  28  27  26  26  25  25  26  27  28  28  28  27  27  27  28  27  27  27  27  27  27  26  26  26  25  25  24  24  24  24  24  24  24  25  25  26  26  26  26  26  26  26  26  25  25  25  25  25  25  25  26  26  26  26  26  26  26  27  27
0107  28  28  28  28  28  27  27  26  26  26  26  26  26  26  27  27  28  29  30  30  31  31  32  32  32  33  33  34  34  33  33  34  34  35  36  37  38  39  40  40  40  40  40  39  39  38  38  38  38  38  38  39  39  40  40  40  40  40  39  40
0108  40  40  40  40  40  40  40  41  41  41  41  42  42  42  42  42  43  43  43  44  44  44  44  44  44  44  44  44  44  44  44  44  44  44  44  44  44  44  44  44  44  44  44  44  44  44  44  44  43  43  42  42  42  42  41  41  41  40  40  40
0109  40  40  40  39  38  38  38  37  37 187  36  36  35  35  36  36  36  35  35  35  35  35  35  34  34  34  34  33  33  34  33  33  33  33  33  33  33  33  33  34  34  35  35  35  36  37  37  38  38  38  38  38  38  37  37  38  39  39  39  40
0110  40  41  41  42  42  43  43  44  45  46  47  47  48  49  49  50  50  50  51  51  51  51  52  52  52  52  53  53  53  54  54  54  54  54  54  54  54  54  55  55  55  56  56  56  56  57  57  58  58  59  60  60  60  61  62  62  63  63  63  62
0111  62  63  63  63  63  63  63  64  64  64  64  65  66  66  67  67  67  67  67  67  67  67  68  69  69  69  68  68  68  69  68  68  68  68  68  70  70  70  71  72  72  73  73  73  74  74  74  74  74  74  74  75  75  75  76  77  77  79  79  80
0112  80  80  80  79  79  79  79  79  80  82  82  83  83  84  84  85  84  84  84  84  83  82  81  81  81  81  82  82  84  85  88  90  90  90  88  88  87  87  88  87  88  88  89  88  88  88  89  89  90  90  92  93  94  94  93  92  91  91  91  91
0113  91  91  91  92  93  94  94  94  95  95  94  93  94  95  97  97  98  97  96  95  95  95  96  97  97  97  97  97  99 101 102 102 101 101 102 102 102 103 103 104 105 106 107 106 105 107 108 108 108 106 106 105 105 105 104 104 103 104 105 105
0114 105 106 107 105 103 103 104 105 105 102 100  98  98  98  98  99  98  98  97  97  97  97  97  97  97  97  96  96  96  97  97  97  97  97  97  98  98  98  99  98  97  98  97  97  97  97  97  98  98  97  97  97  97  97  97  98  98  98  98  98
0115  98  98  98  99 100 101 101 101 101 101  99  98  98  98  99 100 101 102 103 104 105 105 107 109 110 110 111 111 113 112 110 110 109 109 107 108 110 112 112 113 113 112 112 111 111 111 111 111 111 112 113 113 114 114 114 113 113 111 110 110
0116 109 109 109 109 109 110 111 111 112 112 113 114 113 113 114 114 113 112 112 113 114 113 110 109 109 109 109 110 110 111 112 112 113 112 110 110 111 111 111 111 111 111 111 112 114 113 114 114 114 113 112 111 110 110 110 110 110 111 111 111
0117 111 111 111 111 112 111 111 111 111 111 111 111 111 111 111 112 112 111 111 110 110 110 110 109 109 109 109 109 109 110 110 110 111 111 111 111 111 111 110 110 110 111 111 111 111 111 111 111 110 110 110 109 109 109 109 108 108 108 108 108
0118 108 108 108 108 108 108 108 108 108 108 107 107 106 106 105 105 105 105 105 105 105 105 104 104 103 102 101 100 100  99  98  97  97  96  95  94  93  93  92  91  90  90  90  89  89  88  88  88  88  87  87  87  86  86  85  84  84  84  84  83
0119  83  83  83  83  83  83  82  83  83  83  82  82  82  82  82  82  82  82  84  86  89  91  93  94  94  95  95  95  96  95  95  95  95  96  96  96  95  95  95  95  95  94  94  94  94  93  93  93  93  93  93  93  93  92  92  92  91  91  91  90
0120  90  90  90  90  91  90  90  90  90  89  90  89  89  89  89  89  89  88  88  88  88  88  88  88  87  87  87  87  88  88  88  87  88  87  87  87  87  87  87  87  87  86  86  86  86  86  86  86  86  86  86  86  86  86  86  86  86  86  85  85
0121  85  85  85  85  85  85  85  85  85  85  84  84  84  84  84  84  84  84  84  84  84  84  84  84  84  84  84  84  84  84  84  84  84  83  83  84  84  84  84  84  84  83  83  83  83  83  83  82  82  82  82  82  82  82  82  82  82  82  82  82
0122  81  81  81  81  80  80  80  80  80  80  80  80  81  80  80  80  80  80  80  80  80  80  80  80  80  80  80  80  79  79  79  79  79  79  78  78  78  78  78  78  78  78  78  78  78  78  78  77  77  77  77  77  77  77  77  77  77  77  76  76
0123  76  76  76  77  77  77  77  77  77  77  77  77  77  77  77  77  77  77  77  76  76  76  76  76  76  76  76  77  77  77  78  79  79  79  80  80  80  81  81  81  81  82  82  82  82  82  82  82  82  82  81  81  81  81  81  80  80  80  80  80
0200  80  80  80  80  80  80  80  80  80  80  80  80  81  81  81  82  82  82  82  82  82  82  82  83  83  83  83  83  83  83  83  84  84  84  84  84  84  83  83  83  83  83  83  83  83  83  83  82  82  82  82  82  82  82  82  82  82  82  82  82
0201  82  81  81  81  81  81  81  81  81  80  80  80  80  80  80  80  79  79  79  79  79  79  79  79  79  79  79  79  79  79  79  79  79  79  79  79  79  79  78  78  78  78  78  78  78  78  78  78  78  78  78  78  77  77  77  77  77  77  76  76
0202  76  76  76  75  76  76  76  75  76  76  76  76  75  75  74  74  73  72  72  72  73  72  72  73  72  72  72  72  72  73  73  73  73  73  74  74  74  74  74  74  73  73  73  73  73  73  73  73  73  73  73  73  73  72  73  72  72  72  73  73
0203  73  73  73  73  73  73  72  72  72  72  72  71  71  72  71  71  71  71  71  71  72  72  72  72  71  71  71  71  71  71  71  71  71  71  71  71  71  71  71  71  71  71  71  71  71  71  71  71  71  71  71  71  71  71  71  71  71  70  71  71
0204  71  71  71  71  72  72  72  72  72  72  72  73  72  72  72  72  72  72  72  72  73  73  72  72  72  72  72  72  73  73  73  73  73  72  72  72  71  71  71  71  71  72  72  72  72  72  72  72  72  71  71  72  73  74  74  74  74  75  75  76
0205  76  76  76  77  77  77  77  77  77  77  77  77  77  77  77  77  77  77  77  77  77  77  77  77  77  77  77  77  77  77  77  77  77  77  76  76  76  76  76  76  76  77  76  76  76  76  76  76  76  76  76  76  76  76  76  75  75  75  76  76
0206  75  76  76  76  75  76  76  75  75  75  75  76  76  75  76  75  75  75  76  76  75  75  75  75  75  75  75  75  75  75  75  75  75  75  75  75  75  75  75  75  75  75  75  75  75  75  75  75  75  76  75  75  75  75  75  75  75  75  75  74
0207  74  74  74  74  74  74  75  75  75  75  75  75  74  74  74  75  75  75  75  75  75  75  75  75  75  74  74  74  74  74  74  74  73  73  73  73  73  73  73  73  73  73  73  73  74  73  73  73  74  74  74  74  74  74  74  74  74  73  73  73
0208  73  73  73  73  73  73  73  73  73  72  72  72  72  72  72  72  72  72  72  72  72  72  72  71  71  71  71  71  71  70  70  70  70  70  70  70  70  70  70  70  70  70  70  70  70  70  70  70  70  70  70  70  70  70  70  70  70  70  69  69
0209  69  69  69  69  68  68  68  68  69  69  69  69  69  69  69  69  69  69  69  69  69  69  69  68  68  68  68  68  68  68  68  68  68  68  68  69  69  69  69  69  69  69  69  69  69  70  70  70  71  71  71  71  71  71  71  71  71  71  71  72
0210  72  72  72  72  72  72  73  73  73  73  73  73  73  73  74  74  74  74  74  74  74  74  74  74  74  74  75  75  75  75  75  75  75  75  75  75  76  76  76  76  76  76  76  76  76  76  76  76  76  76  76  76  76  76  76  76  76  76  76  76
0211  77  77  77  77  77  77  77  77  77  77  77  77  77  77  77  77  77  77  77  77  78  78  78  78  78  78  78  78  78  78  79  79  79  79  79  79  79  79  79  79  79  79  79  80  80  80  80  80  81  80  81  81  81  81  81  81  81  81  81  81
0212  81  81  81  81  81  81  81  81  81  81  81  81  81  81  81  81  81  81  81  81  81  82  82  82  82  82  82  82  82  82  82  82  82  82  82  82  82  83  83  83  83  83  83  83  83  83  83  83  83  82  82  83  83  83  83  83  83  83  83  83
0213  83  84  84  84  84  84  84  84  84  84  84  84  84  84  83  83  83  83  83  83  83  83  84  84  84  84  84  84  84  84  84  84  85  85  84  84  84  85  85  85  85  85  85  85  85  85  85  85  85  86  86  86  86  86  86  86  86  85  85  85
0214  85  85  85  85  85  85  85  85  85  85  85  85  85  85  85  85  86  86  85  85  86  85  85  85  85  85  86  86  86  86  86  86  86  86  86  86  86  86  87  87  86  86  86  86  86  86  86  86  86  87  87  87  87  87  87  87  87  87  87  88
0215  88  88  87  87  87  86  86  86  86  86  87  87  87  87  87  87  87  87  87  88  88  88  88  88  88  88  88  88  88  87  87  87  87  87  87  87  88  88  88  88  88  88  88  88  88  88  88  88  88  88  89  89  89  89  89  89  89  89  89  89
0216  89  89  89  89  89  89  89  89  89  89  89  90  90  90  91  91  91  91  91  90  90  90  90  90  90  90  90  90  90  90  90  90  90  90  91  91  91  90  90  90  90  90  90  90  90  90  90  90  90  90  90  90  90  90  90  90  90  90  90  90
0217  90  90  90  90  90  89  89  89  89  89  88  88  87  87  87  87  86  86  86  86  86  86  85  85  85  85  85  85  85  85  85  85  85  85  84  85  84  84  84  84  84  84  84  84  83  83  83  82  82  82  82  82  82  81  81  81  81  81  81  80
0218  80  80  80  80  80  80  80  79  79  79  79  79  79  79  79  79  79  79  79  79  79  79  79  79  79  79  79  79  79  79  79  79  79  79  79  79  79  79  79  79  79  79  79  79  79  79  78  78  78  78  78  78  78  78  78  78  78  78  78  78
0219  78  78  78  78  78  78  78  78  78  78  78  78  78  78  78  78  78  78  78  78  78  78  78  78  78  78  77  78  78  78  78  78  78  78  78  78  78  78  78  78  78  78  78  78  78  78  78  78  78  78  78  77  77  77  77  77  77  77  77  77
0220  77  77  77  77  77  77  77  77  77  77  77  77  77  77  77  77  77  77  77  77  77  77  77  77  77  77  77  77  77  77  77  77  77  77  77  77  77  77  77  77  77  77  77  76  76  76  76  76  75  75  74  74  73  73  73  73  72  72  72  72
0221  71  71  71  70  70  70  69  69  68  68  67  67  67  67  67  66  66  67  67  67  68  70  70  71  71  71  71  71  71  71  71  70  70  70  70  70  70  70  69  69  69  68  68  68  68  67  67  68  68  67  67  67  66  65  65  65  65  65  64  64
0222  64  63  63  63  63  63  64  64  64  63  63  62  61  60  60  60  59  58  58  57  56  55  55  55  54  53 176  53  53  53  53  52  52  52  51  51  49  48  48  47  47  47  47  48  48  47  46  46  45  45  45  45  45  45  45  45  46  45  45  44
0223  43  42  42  42  42  42  41  41  41  41  41  41  41  41  40  40  40  40  40  40  39  39  39  40  40  39  39  38  38  38  38  37  37  38  38  38  39  39  38  38  37  36  36  35  35  35  35  35  34  34  34  34  34  35  35  35  36  37  36  36
0300  36  35  34  35  34  34  34  34  34  34  33  33  33  33  33  34  34  34  34  34  34  34  34  33  33  32  32  32  33  33  32  32  32  31  31  31  30  30  30  30  31  31  31  32  32  32  32  31  32  33  35  36  36  34  34  34  34  34  35  34
0301  33  33  32  33  33  34  34  33  32  32  31  31  31  31  31  31  31  31  31  32  31  31  30  30  29  29  29  28  28  28  28  28  28  28  28  29  29  29  29  29  29  29  29  28  28  28  28  28  28  28  28  28  28  28  28  28  28  29  29  29
0302  29  30  29  29  29  29  29  28  28  28  28  28  28  28  28  28  28  28  28  28  28  27  27  27  26  26  26  27  27  27  27  27  26  26  27  27  27  28  29  29  29 209  29  29  29  30  30  30  30  29  29  28  28  27  27  27  26  26  26  26
0303  26  26  26  27  27  27  26  27  28  28  28  29  28  28  28  28  28  28  28  27  27  27  27  27  26  26  26  26  26  26  26  26  26  26  26  26  26  26  26  25  25  25  25  25  25  25  26  26  25  25  25  26  26  25  25  25  25  25  25  26
0304  26  27  27  26  27  27  28  29  29  30  31  32  33  35  35  36  36  36  36  37  37  37  38  38  38  38  39  39  39  40  40  40  40  40  41  41  41  42  42  42  43  43  43  43  43  44  44  44  44  45  45  46  47  47  47  48  48  49  49  49
0305  49  49  49  49  49  49  49  49  49  49  49  49  49  49  49  50  50  50  50  50  50  50  50  50  50  50  50  50  51  51  51  51  51  51  51  51  51  51  51  51  51  51  51  51  51  51  52  52  52  52  52  52  52  52  52  52  52  52  52  52
0306  52  52  52  53  53  53  52  53  52  53  52  52  52  52  52  53  53  53  53  53  53  53  53  53  53  53  53  53  53  53  53  53  53  53  53  53  53  53  53  54  53  54  54  53  53  54  54  54  54  53  53  53  53  53  53  53 181  53  53  53
0307  53  53  53  54  53  54  54  54  54  54  54  54  54  54  54  54  54  54  54  54  54  54  54  54  54  54  54  54  54  54  54  54  54  54  54  54  54  54  54  54  54  54  54  54  54  54  54  54  54  54  54  54  55  54  55  55  55  55  55  55
0308  55  55  55  55  55  55  55  55  55  55  55  55  55  55  55  55  55  55  55  55  55  55  55  55  55  55  55  55  55  55  55  55  55  55  56  55  56  56  55  55  56  55  55  55  55  56  56  56  56  56  56  56  56  56  56  56  56  56  56  56
0309  56  56  56  56  56  56  56  56  56  56  56  56  56  56  56  56  56  56  56  56  56  56  56  56  56  56  56  56  56  56  56  56  56  56  56  56  56  56  57  57  57  57  57  57  57  57  57  57  57  57  58  58  57  58  58  57  58  58  58  58
0310  58  58  58  58  58  58  58  58  58  59  59  59  59  59  59  59  59  59  59  59  59  59  59  59  59  59  59  59  60  60  60  60  60  61  61  61  61  61  61  61  61  61  62  62  62  62  63  63  63  63  63  63  63  63  64  63  63  63  64  64
0311  64  64  64  65  65  65  65  65  65  65  66 163  66  66  66  66  67  67  67  67  67  67  68  68  68  67  67  68  67  67  67  68  68  68  68  68  69  69  69  69  69  69  69  69  69  69  69  69  69  69  69  69  69  70  70  70  70  70  71  71
0312  71  71  72  72  72  72  72  73  73  73  73  74  73  73  74  74  74  75  75  75  75  75  76  76  77  77  78  79  79  79  79  79  78  79  79  80  79  79  79  79  80  80  81  81  80  81  82  81  81  82  82  82  81  81  81  81  81  81  81  82
0313  83  84  84  85  85  85  84  85  85  84  84  85  85  86  86  86  86  87  87  86  86  86  86  85  85  83  83  83  83  82  81  80  80  79  79  79  78  78  78  78  78  79  79  79  78  78  78  78  78  78  78  78  78  78  79  78  78  78  78  78
0314  78  78  78  78  77  77  77  77  77  77  77  77  77  77  77  77  77  76  77  77  76  76  77  76  76  76  76  76  76  76  76  76  76  76  76  76  76  76  76  76  75  75  76  76  76  75  75  75  75  75  75  74  74  74  74  74  75  75  74  74
0315  74  75  75  75  75  75  75  75  75  75  74  74  74  74  74  73  73  73  74  74  74  74  74  74  74  74 158  75  75  75  75  75  74  74  74  74  74  74  74  74  74  74  74  74  74  73  73  74  74  74  74  74  74  74  74  74  74  75  74  74
0316  74  74  74  74  74  74  74  75  75  75  75  75  75  75  75  75  75  75  75  75  76  76  76  76  76  76  77  77  77  77  77  77  77  77  77  77  78  77  78  78  78  78  78  78  78  78  78  78  78  78  78  78  78  78  78  78  78  78  78  77
0317  77  77  77  78  77  77  77  77  77  78  78  77  77  77  78  77  77  77  77  77  77  78  78  78  78  78  77  77  77  77  77  77  77  77  77  77  77  77  77  77  77  77  77  77  77  77  77  77  77  77  77  77  77  77  77  77  77  77  77  77
0318  77  77  77  77  77  77  77  77  77  77  77  77  77  77  77  77  76  76  76  76  76  76  76  76  76  76  76  76  76  76  76  76  76  76  76  76  76  76  76  76  76  75  75  75  75  75  75  75  75  75  75  75  75  75  75  75  75  75  75  75
0319  75  75  75  75  75  75  74  74  74  74  74  74  74  74  74  74  74  74  74  74  74  74  74  74  74  74  74  74  74  74  74  74  74  74  74  74  74  74  74  74  74  74  74  74  74  74  74  74  74  74  74  74  74  74  74  74  74  74  74  73
0320  73  73  74  74  74  74  74  74  73  73  73  73  73  73  73  73  73  73  73  73  73  73  73  73  73  73  73  73  73  73  73  73  73  73  73  73  73  73  73  73  73  73  73  73  73  73  73  73  73  73  73  72  73  73  73  73  73  73  73  73
0321  73  73  73  73  73  72  73  73  73  73  73  73  73  73  73  73  73  73  73  73  72  72  72  72  72  72  73  72  73  72  72  73  73  73  73  73  73  73  73  73  73  73  73  73  72  73  72  72  72  72  72  72  72  73  73  73  72  72  72  72
0322  72  72  72  72  72  72  72  72  72  72  72  72  72  72  72  72  72  72  72  72  72  72  72  72  72  72  72  72  72  72  72  72  72  72  72  72  72  72  72  72  71  72  72  72  72  72  72  72  72  72  72  72  72  72  71  71  71  71  72  71
0323  71  71  72  72  72  71  72  71  71  71  71  71  71  71  71  71  71  71  71  71  71  71  71  71  71  71  71  71  71  71  71  71  71  71  71  71  71  71  71  71  71  71  71  71  71  71  71  70  70  71  70  71  70  70  70  70  70  71  71  71
0400  71  71  71  71  71  71  71  71  71  71  71  70  70  70  70  70  70  70  70  70  70  70  70  70  70  70  69  69  69  69  69  68  68  68  68  68  68  68  68  68  68  68  69  68  68  68  68  68  68  68  68  68  67  67  67  67  67  68  68  68
0401  68  68  68  68  68  69  69  69  69  69  69  69  69  69  69  69  69  69  69  70  70  70  70  70  70  70  70  69  69  69  68  68  67  67  66  66  66  67  66  66  65  65  66  66  65  65  65  65  64  64  64  64  64  63  63  63  63  62  62  61
0402  61  61  61  61  61  61  61  60  60  60  60  60  60  60  60  59  59  59  59  58  57  56  56  55  54  53  51  49  48  47  47  46  45  44  44  43  42  42  41  41  41  41  41  40  40  39  39  38  38  37  36  36  35  35  35  35  35  35  35  35
0403  36  35  35  35  34  33  34  34  34  34  34  33  32  32  31  31  31  31  30  30  30  31  31  32  33  34  35  35  35  34  33  33  33  32  33  34  34  34  33  32  30  30  29  29  29  28  28  28  28  28  28  27  27  27  27  26  26  27  27  26
0404  27  26  26  26  26  26  26  26  26  26  26  26  25  25  25  25  25  26  26  26  26  26  26  26  26  26  26  26  26  26  26  26  26  26  28  28  29  28  27  26  26  26  26  27  27  27  26  27  27  27  29  30  30  29  29  29  29  29  28  28
0405  28  28  28  28  28  28  27  28  27  28  28  28  29  29  29  28  28  28  28  28  27  27  27  27  27  27  27  27  27  27  28  28  28  28  28  29  29  29  28  27  27  28  28  27  27  26  26  26  27  27  26  26  26  26  26  26  27  28  29  29
0406  29  29  29  29  29  29  29  29  30  31  32  32  32  32  32  32  33  34  34  34  34  34  35  37  38  37  37  37  38  38  38  38  38  39  39  39  39  39  39  39  40  40  41  41  41  41  41  41  41  41  41  42  42  42  42  42  42  43  43  43
0407  43  43  43  43  43  43  44  44  44  44  45  45  45  45  45  45  45  45  45  46  46  46  46  46  46  46  46  46  46  47  47  47  47  47  47  48  48  48  48  49  49  49  49  49  49  49  49  49  49  49  49  49  49  49  49  49  49  49  50  50
0408  50  50  50  50  50  50  50  50  50  50  50  51  51  50  50  51  50  50  50  50  50  50  50  50  50  50  50  50  50  50  51  51  50  50  50  50  50  50  50  50  50  50  50  51  51  50  51  50  50  50  50  50  50  50  50  49  49  49  49  50
0409  50  51  51  51  52  52  53  53  53  54  54  54  54  54  55  55  55  54  54  53  53  53  53  53  54  54  54  55  55  55  55  55  55  55  55  55  55  55  55  55  55  55  55  55  55  55  55  55  55  56  56  56  56  56  56  56  57  57  57  57
0410  57  57  57  57  57  57  58  58  58  58  58  58  57  58  58  57  57  58  58  58  59  59  59  59  59  59  59  60  61  61  61  61  61  61  62  62  62  62  62  63  63  63  63  63  61  59  58  56  55  55  55  54  53  53  53  52  52  51  51  51
0411  51  50  50  50  50  50  50  50  50  50  51  51  51  51  52  52  52  53  53  53  53  53  53  53  55  54  54  55  55  55  55  54  54  55  56  56  56  56  56  56  56  56  56  56  57  57  58  57  58  58  58  59  59  60  60  60  61  61  61  61
0412  61  62  62  63  63  63  63  63  63  64  64  64  65  65  65  65  65  65  66  66  66  67  67  67  67  66  67  67  67  67  67  67  67  66  66  66  67  67  66  67  67  67  67  67  68  69  69  70  70  69  69  68  68  68  69  69  68  68  68  69
0413  69  68  68  68  69  68  69  69  69  69  70  70  70  71  71  72  72  71  71  72  73  73  72  71  70  70  70  70  70  71  72  73  73  73  72  72  72  72  73  71  71  71  72  72  72  73  72  71  72  72  71  72  71  70  71  72  72  71  71  72
0414  72  73  73  74  74  75  75  74  73  73  73  73  73  74  74  74  75  75  76  76  77  77  78  78  78  79  81  83  83  83  83  84  84  83  82  82  81  81  81  81  82  82  82  82  83  83  83  82  83  83  85  87  90  92  94  94  93  90  90  90
0415  91  92  92  92  93  92  91  90  89  90  92  92  92  93  92  93  93  93  93  92  91  90  90  90  90  91  90  91  90  90  92  92  92  93  93  93  93  94  95  94  93  94  95  97  98 100 100  99  97  97  97  96  96  96  96  97  98  99  99  98
0416  98  98  97  97  97  97  96  97  97  98  99 101 101 100 100 100 101 103 103 101 101 101 102 101 101 100 101 100 101 102 102 101 101 101 100 101 101  99  99  99 100 100 102 103 103 103 103 103 103 103 104 105 105 104 104 103 102 102 102 102
0417 103 103 103 103 103 103 103 103 103 102 102 102 101 102 102 103 102 101 100 100  99  99  99  99  99  98  98  99  99  99  99  99  99  98  98  98  99  99 100 100 100 101 101 101 100 100  99  99 100 100 101 101 102 102 101 101 101 101 101 101
0418 101 101 102 102 102 102 102 101 101 100 100  99  99  99  99  99  99  99  99  99  99  99  99  99  99  98  98  98  98  98  98  98  98  98  98  98  97  97  97  97  97  97  97  96  96  96  96  96  96  95  95  95  95  95  95  94  94  94  94  94
0419  94  94  94  94  94  93  93  93  93  93  93  93  93  93  93  93  93  93  93  93  93  93  92  92  92  92  92  92  92  92  92  92  91  92  92  91  91  91  91  91  91  91  91  91  91  91  91  91  91  91  91  91  91  91  91  91  91  91  91  91
0420  91  91  91  90  90  90  91  90  91  91  91  91  91  91  91  91  91  91  91  91  91  91  91  91  91  91  91  91  91  91  91  91  91  91  91  91  91  91  90  90  91  90  90  91  90  90  90  90  90  90  90  90  90  90  90  90  90  90  90  90
0421  89  89  89  89  89  89  89  89  89  89  89  89  89  89  89  89  88  88  88  88  88  88  88  88  88  88  88  88  88  88  88  88  88  88  88  88  88  88  87  87  87  87  87  87  86  86  86  86  86  87  87  87  87  87  87  87  87  86  86  86
0422  86  86  86  87  87  87  87  87  87  87  87  87  87  87  87  87  87  87  87  88  87  87  87  87  87  87  87  87  87  87  87  87  87  87  87  87  87  87  86  86  86  86  86  86  86  86  86  86  86  86  86  86  86  86  86  86  86  86  86  86
0423  86  86  86  86  86  86  86  86  86  86  86  85  85  85  85  85  85  84  84  84  84  84  83  83  83  83  83  82  82  82  82  82  82  81  81  81  81  80  80  80  80  79  79  79  79  79  79  79  79  79  79  79  79  79  79  79  79  79  79  79
0500  78  78  78  78  78  78  78  78  77  77  77  77  77  77  77  77  77  77  77  77  77  77  77  76  76  76  76  76  76  76  76  76  76  76  76  76  76  75  75  75  75  75  75  75  75  75  75  74  74  74  74  75  74  74  74  74  74  74  74  74
0501  74  74  74  73  73  73  73  73  73  73  73  73  73  73  73  72  72  72  72  72  72  72  72  72  72  72  71  71  71  71  71  71  71  71  71  71  71  71  71  71  71  71  71  71  71  71  71  70  70  70  70  70  70  70  70  70  70  70  70  70
0502  70  70  70  70  70  70  70  70  70  70  70  70  70  69  69  69  69  69  69  69  69  69  69  69  69  68  68  68  68  68  68  68  68  68  68  68  68  68  68  68  68  68  67  67  67  67  67  67  67  67  67  67  67  67  67  67  67  67  67  67
0503  67  67  67  67  67  67  67  67  67  67  67  67  67  67  67  67  67  67  67  67  67  66  66  66  66  66  66  66  66  66  66  66  66  66  66  66  66  66  66  66  66  66  66  66  66  66  66  66  66  66  66  66  66  66  66  66  66  66  66  65
0504  65  65  65  65  65  65  65  65  65  65  65  65  65  65  66  65  65  66  66  66  66  66  65  65  65  65  65  65  64  64  64  64  64  64  64  63  63  63  63  63  63  62  62 206  62  61  61  61  61  61  62  61  61  61  61  61  61  61  61  61
0505  61  61  61  61  61  61  61  61  61  61  61  61  61  61  60  60  60  61  61  61  60  60  60  60  60  61  61  61  61  62  61  61  62  62  61  61  61  61  61  61  61  60  60  60  60  61  61  61  61  61  61  60  61  61  61  61  61  61  61  62
0506  62  62  62  62  62  62  62  62  62  62  62  62  62  62  63  63  62  63  63  63  63  63  63  63  64  64  64  64  64  64  64  64  64  64  64  63  63  63  63  63  63  64  64  64  65  65  65  65  65  65  65  66  66  66  66  66  66  66  66  66
0507  67  67  67  67  67  67  67  67  67  67  67  67  66  66  66  65  65  65  65  65  65  64  65  64  64  64  64  65  64  64  64  64  64  64  64  64  64  64  64  64  64  63  63  63  63  63  63  64  63  63  63  63  63  63  62  62  62  62  62  62
0508  62  62  61  61  61  61  61  61  61  60  60  60  60  60  61  61  61  61  61  61  61  62  62  62  62  62  62  61  61  61  61  61  61  61  61  61  61  61  61  61  61  61  61  60  60  60  60  60  60  60  59  59  59  59  59  59  60  60 177  60
0509  60  60  60  59  60  59  60  60  60  60  60  60  60  59  59  59  59  59  59  59  59  59  59  60  60  60  60  60  60  60  60  60  61  61  61  61  61  61  61  61  62  62  63  63  63  62  62  63  63  63  63  64  64  65  65  65  65  66  66  67
0510  66  66  66  67  67  67  68  68  68  69  69  69  69  69  70  70  70  71  71  71  71  72  73  72  72  72  72  72  72  72  72  72  72  73  73  73  73  74  74  74  74  74  75  75  75  75  75  76  76  76  76  76  76  76  76  76  76  77  77  77
0511  77  77  77  77  77  78  77  78  78  78  78  78  78  78  78  78  78  78  78  77  78  77  77  78  78  77  77  77  77  77  77  77  77  77  77  77  77  77  77  77  77  77  77  77  77  77  77  77  77  77  77  77  77  77  78  78  78  78  78  78
0512  78  78  78  78  79  79  79  79  79  79  79  79  80  80  80  80  80  80  80  80  80  80  80  81  81  81  82  82  82  82  82  82  82  83  83  83  82  82  82  82  82  82  82  82  82  82  82  82  82  82  82  82  82  82  82  82  83  83  83  83
0513  83  83  83  83  83  83  83  83  83  83  83  83  83 170  83  83  84  84  84  84  84  84  85  85  84  84  84  84  85  85  85  85  85  85  85  85  85  85  85  85  85  86  86  86  87  87  87  87  87  87  87  87  88  88  88  89  89  89  89  90
0514  90  91  91  91  91  91  91  91  92  92  92  92  92  92  93  93  93  93  93  94  93  93  92  92  92  92  93  93  93  92  93  93  92  93  93  93  94  94  95  95  96  96  97  97  98  98  98  98  99 100 100 100 100 100 100 100  99  99 100 100
0515 100 101 101 100 100 100 101 101 100 100 100 101 101 101 101 101 101 101 100 100 101 101 102 103 103 103 102 102 103 103 103 104 103 102 102 101 101 102 102 102 102 103 103 103 103 104 104 105 105 105 105 105 105 105 105 106 107 107 107 107
0516 107 107 107 107 106 106 106 106 106 106 106 106 107 108 108 108 109 109 109 110 111 112 112 112 112 112 114 114 113 113 113 113 112 112 112 112 113 113 113 113 113 114 114 115 116 116 116 117 117 117 116 116 116 117 117 117 117 118 118 119
0517 118 118 117 117 117 118 118 117 117 117 117 117 116 116 115 115 115 115 115 115 115 114 114 114 114 114 114 114 162 113 113 114 114 114 114 115 114 113 113 113 113 113 112 113 113 113 112 112 111 111 111 110 110 110 110 110 109 109 108 108
0518 108 108 107 107 107 106 106 106 106 105 105 104 104 104 103 103 103 103 103 102 102 101 101 101 100 100 100 100  99  99  99  98  98  97  97  98  98  98  97  97  97  96  96  95  95  94  94  93  93  92  91  90  89  88  87  86  85  84  84  84
0519  84  84  84  84  84  83  81  80  79  78  78  77  77  76  76  76  77  77  77  77  77  76  75  75  74  73  73  73  72  72  71  71  71  70  70  70  70  70  70  70  70  69  69  68  68  68  68  68  67  67  67  67  67  67  67  67  66  67  67  67
0520  66  67  67  68  68  68  67  67  67  67  67  66  66  65  65  64  64  63  63  63  63  63  63  63  63  62  62  62  62  61  61  60  60  60  60  59  59  59  58  58  58  58  58  58  58  58  58  57  57  57  56  56  56  56  56  56  56  56  56  56
0521  57  57  58  59  59  58  58  58  58  58  58  59  59  60  61  61  62  62  63  65  66  67  68  69  69  71  72  74  74  75  75  76  76  76  76  75  75  76  76  77  77  77  77  77  77  77  77  77  77  77  77  77  77  77  77  77  77  77  77  77
0522  77  77  77  76  76  76  76  76  76  76  76  75  75  75  75  75  75  75  75  75  75  75  75  75  75  74  74  74  74  74  74  73  73  73  73  73  72  72  72  72  72  71  71  71  71  71  71  71  70  70  69  69  69  69  68  68  68  67  67  67
0523  66  65  66  66  66  66  66  66  65  65  64  63  63  62  62  61  61  61  61  62  61  61  61  61  61  61  61  62  62  62  62  62  62  62  62  61  61  62  62  62  61  61  61  61  61  61  61  61  61  62  62  61  61  61  61  60  60  60  59  59
0600  59  59  59  59  58  58  58  58  58  58  58  58  57  56  56  55  54  54  55  55  55  55  54  53  52  51  50  50  49  50  50  50  50  50  49  48  48  47  46  47  47  46  46  46  46  45  45  45  45  46  45  46  47  46  46  45  45  45  45  44
0601  44  44  44  44  44  43  43  42  42  41  41  41  41  41  41  42  42  42  42  42  42  42  42  41  41  41  41  41  41  41  41  41  41  41  41  42  42  43  43  43  43  44  44  45  45  45  46  47  48  48  49  49  49  49  49  49  49  50  51  52
0602  52  52  52  53  53  54  54  55  55  55  56  56  56  57  57  58  58  59  59  59  59  60  60  61  61  62  62  62  62  62  63  63  63  63  63  63  64  64  64  64  64  64  64  64  64  64  64  64  64  64  65  65  65  65  65  66  66  66  66  66
0603  67  66  66  66  67  67  67  67  67  67  68  68  68  68  68  68  68  69  69  68  68  68  68  68  68  68  68  68  68  68  68  68  68  68  68  68  68  68  67  67  67  67  68  68  67  67  67  67  67  67  67  67  67  67  68  68  68  68  68  68
0604  68  68  68  68  68  68  68  68  68  68  68  68  68  68  68  68  68  68  68  68  68  68  67  67  67  67  67  67  67  67  67  67  67  67  67  67  67  67  67  67  67  67  67  67  67  67  66  66  66  66  66  66  66  66  66  66  67  67  67  67
0605  66  67  67  67  67  67  67  67  67  67  67  67  66  66  66  66  66  66  66  66  66  66  66  67  67  67  67  67  67  67  67  67  67  67  67  67  67  67  67  67  67  67  67  67  66  66  66  66  66  66  66  67  67  66  66  66  66  66  67  67
0606  67  67  67  67  67  68  67  68  68  68  68  68  68  68  68  68  68  68  67  67  68  68  68  68  68  68  68  68  68  68  67  67  67  67  67  67  67  68  68  68  68  68  67  67  67  67  67  67  67  67  67  67  67  67  67  67  67  67  67  67
0607  67  67  67  67  67  67  67  67  67  67  66  67  66  67  67  66  67  67  67  67  67  67  67  67  66  67  66  67  67  67  67  67  67  67  67  67  67  67  67  67  67  67  67  67  67  67  68  68  67  68  68  68  68  68  68  68  68  68  68  68
0608  68  68  68  68  68  68  68  68  68  68  68  68  68  68  68  68  68  68  68  68  68  68  69  68  69  69  69  69  69  69  69  69  69  69  69  68  68  68  68  68  68  68  69  69  69  69  69  69  69  69  69  69  69  69  68  69  69  69  69  69
0609  69  69  68  68  68  68  68  68  68  68  68  68  68  68  68  69  68  69  69  69  69  69  69  69  69  69  69  69  69  69  69  69  70  70  70  70  70  70  70  70  70  70  70  70  70  70  71  70  70  70  70  71  71  71  71  71  71  71  71  71
0610  71  71  71  71  71  71  71  71  71  71  71  71  71  71  71  71  71  71  71  72  72  71  71  72  71  72  72  72  72  72  72  72  72  72  72  72  72  72  72  72  72  72  72  72  72  72  72  72  72  72  72  72  72  72  72  72  72  72  73  73
0611  73  73  73  73  73  73  73  73  73  73  73  73  73  73  73  73  73  73  73  73  73  73  73  73  73  73  73  73  73  73  73  73  73  73  73  73  73  74  73  73  73  73  73  73  73  73  73  73  73  73  73  73  73  73  73  73  73  73  73  73
0612  74  73  74  74  74  74  74  74  74  74  74  74  74  74  74  75  74  75  74  74  74  74  75  74  75  75  75  75  75  74  75  75  75  75  75  75  75  75  75  75  75  75  75  75  75  75  76  76  76  76  76  77  77  77  76  76  76  76  76  77
0613  77  77  77  77  77  77  78  78  78  78  78  78  78  79  79  79  79  79  79  78  79  79  79  79  78  78  79  79  79  80  80  80  80  80  80  80  80  80  80  80  80  80  79  79  79  79  79  79  80  80  79  79  79  80  79  79  79  79  80  80
0614  80  80  80  80  80  80  79  79  80  80  80  80  80  80  79  79  80  80  80  79  79  79  79  80  79  79  79  80  80  80  80  81  81  81  81  81  81  81  81  81  80  81  81  81  81  81  81  82  82  82  82  82  82  81  81  81  81  81  81  81
0615  81  81  81  81  81  81  81  81  81  82  82  82  82  82  82  82  83  83  83  83  83  83  83  83  83  82  82  82  82  82  81  81  81  81  81  82  82  82  82  82  82  82  83  83  83  83  83  83  82  82  82  82  82  82  82  82  82  82  82  83
0616  83  83  83  83  82  82  82  82  83  83  83  82  82  82  82  83  82  83  83  83  83  83  83  83  83  83  83  83  83  83  83  83  83  83  83  83  83  83  83  83  83  83  83  83  83  83  83  83  83  83  83  82  82  82  82  82  82  81  81  81
0617  81  81  81  81  81  80  80  80  80  80  80  80  80  80  80  80  80  80  80  80  80  80  80  80  80  80  80  80  79  79  79  79  79  79  79  79  80  80  80  80  80  80  80  80  80  80  80  80  80  79  79  80  80  80  80  80  79  80  80  80
0618  80  80  79  79  79  79  79  79  79  79  79  79  79  79  79  79  79  78  78  78  78  79  79  79  79  78  78  78  78  79  78  79  79  78  78  78  78  78  78  78  78  78  78  78  78  78  78  78  78  78  78  78  78  78  78  78  78  78  78  78
0619  78  78  78  77  77  77  77  77  77  77  77  77  77  77  77  77  77  77  77  77  77  77  77  77  77  77  77  77  77  77  77  77  77  77  77  77  77  77  76  76  76  76  76  76  76  76  76  76  77  76  76  76  76  76  76  76  76  76  76  76
0620  76  75  75  75  75  76  75  75  75  76  75  75  75  75  75  75  75  75  75  75  75  75  75  75  75  75  75  75  75  75  75  75  75  75  75  75  75  75  75  75  75  75  75  75  75  75  75  75  75  75  75  75  75  75  75  75  75  75  75  75
0621  75  75  75  75  75  75  75  75  74  74  74  75  74  74  74  74  74  74  74  74  74  74  74  74  74  74  74  74  74  74  74  74  74  74  74  74  74  74  74  74  74  74  74  74  75  75  75  75  74  74  74  74  74  74  74  74  74  74  74  74
0622  74  74  74  74  74  74  74  74  74  74  74  74  74  74  74  74  74  74  74  74  74  74  74  74  74  74  74  74  74  74  74  74  74  74  74  74  74  74  74  74  74  74  73  73  73  73  73  73  73  73  73  73  73  73  73  73  73  73  73  73
0623  73  73  73  73  73  73  73  73  73  73  73  73  73  73  73  73  73  73  73  73  73  73  73  73  73  73  73  73  73  73  73  73  73  73  73  73  72  73  73  72  72  72  72  72  72  72  72  72  72  72  72  72  72  72  72  72  72  72  72  72
0700  72  72  72  72  72  72  72  72  72  72  72  72  72  72  72  72  72  72  72  72  72  72  72  72  72  72  72  72  72  72  72  72  72  72  72  72  72  72  72  72  72  72  72  72  72  72  72  72  72  72  72  72  72  72  72  72  71  71  71  71
0701  71  71  71  71  71  71  71  71  70  70  70  70  70  70  70  70  70  70  70  70  70  70  70  70  70  70  70  70  70  69  69  70  69  69  69  69  69  69  69  69  69  69  69  69  69  69  69  69  69  69  69  69  69  69  69  68  69  69  68  68
0702  68  68  68  68  68  68  68  68  68  68  68  68  68  68  68  67  67  67  67  67  67  67  67  67  67  67  67  67  67  67  67  67  67  67  67  67  67  67  67  67  67  67  67  67  67  67  67  67  67  67  67  67  67  67  67  67  67  67  67  67
0703  67  67  68  68  68  67  68  68  68  68  68  68  68  68  68  68  68  68  68  68  68  68  68  68  68  68  68  68  68  68  68  68  68  67  67  67  67  67  67  67  67  67  67  67  67  67  67  67  67  67  67  67  67  67  67  67  67  67  67  67
0704  66  67  66  66  66  66  66  66  66  66  66  66  66  66  66  66  66  66  66  66  66  66  66  66  66  66  66  66  66  66  66  66  66  66  66  66  66  66  66  66  66  66  66  66  66  66  66  66  66  66  66  66  66  66  66  65  65  65  65  65
0705  65  65  65  65  65  65  65  65  65  65  65  65  65  65  65  65  65  65  65  65  65  65  65  65  65  65  65  65  65  65  65  65  65  65  65  65  65  65  65  65  65  65  65  65  65  65  65  65  65  65  64  65  65  65  65  64  65  64  65  65
0706  64  64  64  64  64  64  64  64  64  64  64  64  64  64  64  64  64  64  64  64  64  64  64  64  64  64  64  64  64  64  64  64  64  64  64  64  64  64  64  64  65  64  65  64  64 235  64  64  65  64  64  64  64  64  64  64  64  64  64  64
0707  64  64  64  64  64  64  64  64  64  64  64  64  65  65  65  65  65  65  65  65  65  65  65  65  65  65  65  65  65  65  65  65  65  65  65  65  65  65  64  64  64  64  64  65  65  65  65  65  65  65  65  65  65  65  65  65  65  65  65  65
0708  65  65  65  65  65  65  65  65  65  65  65  65  65  65  65  65  65  65  65  65  65  65  65  65  65  66  66  66  66  66  66  66  66  66  66  66  66  65  66  66  66  66  66  66  66  66  65  66  66  66  65  65  66  66  66  66  66  66  66  66
0709  66  66  66  66  66  66  66  66  66  66  66  66  66  66  66  66  66  66  66  66  66  66  66  66  66  66  66  66  66  66  66  66  66  66  66  66  66  66  66  66  66  66  66  66  66  66  66  66  66  66  66  66  66  66  67  67  67  67  67  67
0710  67  67  67  67  67  67  67  67  67  67  67  67  68  68  68  68  68  68  68  68  68  68  68  68  68  68  68  68  68  69  69  69  69  69  69  69  69  69  69  69  69  69  69  69  70  70  70  70  70  70  70  70  71  71  70  70  71  71  71  71
0711 174  71  71  71  71  71  71  71  71  71  71  72  72  72  72  72  73  73  73  73  72  73  73  73  73  73  73  73  73  73  73  73  73  74  74  74  74  74  73  74  74  74  74  74  74  74  74  75  75  75  75  75  75  76  75  75  76  76  76  76
0712  76  76  76  76  77  77  77  77  77  78  78  78  78  78  79  78  78  78  78  79  79  80  79  80  80  80  80  80  80  80  80  80  80  81  81  81  81  81  81  82  82  82  82  82  83  82  82  82  82  81  81  82  82  82  82  82  82  82  82  83
0713  83  83  83  83  83  83  83  83  83  83  83  84  84  84  84  84  84  83  84  84  85  85  85  85  85  84  85  84  84  84  84  84  84  84  85  85  85  85  86  86  87  87  86  86  86  86  86  86  86  87  88  88  88  87  87  87  88  87  88  88
0714  88  88  89  90  90  91  91  90  90  90  92  91  91  92  91  91  91  91  91  91  91  91  91  91  91  92  93  92  92  93  93  93  94  95  95  94  94  94  94  95  94  94  95  95  94  95  95  95  96  95  95  95  95  95  94  94  95  95  95  95
0715  95  96  95  95  95  96  96  96  96  97  97  97  98  99  98 152  97  98  97  96  96  97  97  98  98  98  98  97  97  97  97  98  98  98  98  98  98  99  99  99  99  99 100  99  99  99  99 100 100 100 100 100 100 100 100 100 100 100 101 101
0716 100 100 100  99 100 101 100 100 100 100  99  99  99  99 100 101 102 102 103 104 104 103 103 103 102 102 101 101 101 101 101 100 100 100 100 101 102 102 102 102 103 104 104 104 103 103 103 103 103 102 103 103 104 104 103 103 103 103 104 104
0717 104 103 103 103 103 104 103 104 103 103 102 103 103 103 103 103 103 103 102 103 102 102 103 104 104 104 104 103 103 103 103 103 102 102 102 102 101 101 101 102 101 101 101 101 101 101 101 101 101 101 101 101 101 101 101 101 101 101 101 100
0718 100 100 100 101 101 101 101 101 101 101 101 101 101 101 100 100 100 100  99  99  99  99  99  99  99  99  98  99  98  98  98  98  98  98  98  98  98  98  98  97  97  97  97  97  97  97  97  97  96  96  95  95  95  95  95  95  95  95  95  95
0719  94  94  94  94  94  93  93  92  92  92  92  92  92  91  91  91  91  91  91  90  90  90  90  89  89  89  89  89  88  88 169  88  88  87  87  87  87  87  87  86  86  86  85  86  86  86  86  86  86  85  85  84  84  84  83  84  84  84  84  84
0720  84  83  82  81  80  80  79  79  78  78  78  77  75  74  73  73  72  70  69  68  67  66  65  65  64  65  63  64  63  62  62  64  62  62  61  61  61  60  60  60  60  60  61  61  60  59  59  58  59  59  58  58  58  57  57  57  56  56  56  56
0721  56  57  56  56  55  55  55  55  55  54  53  53  53  54  54  54  54  54  53  52  51  51  51  51  52  51  51  51  51  51  50  50  50  50  49  49  49  49  49  48  48  48  48  48  48  48  47  47  47  47  47  47  47  47  46  46  46  46  46  47
0722  47  46  46  45  45  45  44  44  43  43  43  43  43  43  43  44  44  44  44  43  42  42  41  41  41  42  43  44  44  44  43  43  42  42  41  41  41  42  42  43  42  42  41  41  40  40  40  41  40  40  40  40  39  39  39  39  40  40  40  39
0723  39  39  39  39  39  39  39  39  40  40  40  39  39  39  39  39  38  38  38  37  37  37  37  37  37  38  38  38  37  37  37  36  36  36  36  36  36  36  36  36  36  36  36  36  35 262  35  35  35  35  35  34  34  34  33  33  33  33  34  34
0800  34  34  34  34  34  34  33  33  32  32  32  31  31  30  30  30  31  31  32  32  32  32  32  32  32  32  32  33  33  32  32  31  31  31  31  30  30  30  30  29  29  30  31  32  33  33  32  32  31  31  30  30  30  29  30  29  29  29  29  29
0801  29  29  29  29  29  30  30  30  29  30  30  31  31  30  30  29  29  29  28  28  27  27  27  27  27  27  26  26  26  27  27  27  28  28  28  28  28  28  28  28  27  27  27  27  26  26  26  26  25  26  26  26  27  27  27  27  27  27  28  28
0802  28  29  29  29  29  29  30  30  30  30  31  31  32  32  32  32  32  33  33  33  33  35  36  36  37  39  40  39  40  41  40  40  41  41  43  45  46  48  51  53  53  54  54  54  54  54  54  54  55  55  55  55  55  54  54  54  54  54  54  54
0803  53  52  52  52  52  52  52  52  51  51  51  51  51  51  51  51  51  50  50  50  50  50  50  50  50  50  50  50  50  50  50  50  50  50  50  50  50  50  50  50  50  50  50  50  50  50  50  51  51  51  51  51  51  51  51  52  52  52  52  52
0804  52  52  52  53  53  53  53  53  53  53  53  53  54  54  54  54  54  54  54  54  54  54  54  54  54  54  54  54  55  54  54  54  54  54  54  54  54  54  54  54  54  54  54  54  54  54  54  54  54  54  54  54  54  54  54  54  54  54  54  54
0805  54  55  55  55  55  55  55  55  55  55  55  55  55  55  55  55  55  55  55  55  54  54  54  54  53  53  53  53  53  53  54  53  54  54  54  54  54  54  54  54  54  54  54  54  54  54  54  55  55  55  55  55  55  55  55  55  55  55  55  55
0806  55  55  55  55  54  54  54  54  54  54  54  54  54  54  54  54  54  54  54  54  54  54  54  53  54  54  54  54  54  53  53  53  53  53  54  54  54  54  54  54  54  54  54  54  54  54  55  55  55  55  55  55  55  55  55  56  56  56  56  56
0807  56  56  56  56  56  56  56  56  56  57  57  57  57  57  57  57  57  57  57  57  57  57  57  57  57  57  57  57  57  57  57  57  57  57  57  57  57  57  57  56  56  56  56  56  56  56  56  56  56  56  56  56  56  56  56  56  56  56  56  56
0808  56  56  56  56  56  56  56  56  56  56  55  55  55  56  56  56  56  56  56  57  57  57  57  57  57  57  57  57  57  57  57  57  57  57  57  57  56  56  56  57  57  57  57  57  56  56  57  57  57  57  57  57  57  57  57  57  58  58  58  58
0809  58  58  58  58  58  58  58  58  58  58  58  58  58  59  59  58  58  58  58  58  58  58  58  58  58  58  58  58  59  59  59  59  59  59  59  59  59  59  59  59  59  59  59  59  59  59  60  59  60  60  60  60  60  60  60  60  60  60  60  60
0810  60  60  60  60  60  61  61  61  61  61  61  61  61  61  61  61  61  61  61  61  61  61  61  61  61  61  61  61  61  61  62  62  62  62  62  62  62  62  62  62  62  62  62  62  62  62  63  63  64  64  64  64  64  64  64  64  64  64  64  64
0811  64  64  64  63  62  62  61  59  59  59  58  58  58  58  58  58  57  57  57  57  57  57  57  58  57  57  57  57  57  57  57  57  57  57  57  57  57  57  57  57  57  57  57  57  57  57  57  57  57  58  58  58  58  58  58  58  58  58  59  59
0812  59  60  60  60  60  59  60  59  60  60  60  59  59  59  59  60  60  59  60  60  60  60  60  61  61  60  61  61  61  61  61  61  61  61  61  61  60  60  61  61  61  62  62  61  61  62  62  62  62  62  62  62  62  62  62  63  63  62  62  62
0813  62  62  63  62  63  63  62  62  62  63  63  63  63  63  63  63  63  63  64  64  63  64  64  63  63  63  63  63  63  63  63  63  63  63  63  63  63  64  64  64  64  64  64  64  65  64  65  64  65  65  65  65  65  66  66  65  66  66  65  65
0814  65  65  65  65  65  65  66  66  66  66  67  67  67  68  68  69  68  68  67  68  68  68  68  68  68  69  68  69  69  70  70  70  71  71  72  72  72  72  72  72  72  72  72  72  72  72  73  74  74  74  74  74  74  74  74  74  74  74  74  75
0815  75  75  76  76  77  77  77  76  76  77  77  77  77  77  77  77  77  77  77  77  77  77  77  77  77  77  77  77  77  77  77  78  78  78  78  78  78  78  78  78  79  78  78  78  79  79  79  79  79  79  79  80  80  80  80  80  81  81  81  81
0816  81  81  81  81  81  81  81  81  80  80  80  80  80  80  80  80  80  80  81  81  81  81  81  81  81  81  81  81  81  81  81  82  82  82  82  82  82  83  83  83  82  82  82  82  81  81  82  82  82  82  82  81  81  81  81  81  81  81  81  82
0817  82  82  82  82  82  82  82  82  82  82  82  82  82  82  82  82  82  82  82  82  82  82  82  82  82  82  82  82  82  82  82  82  82  82  82  82  82  82  82  82  82  82  82  82  82  82  82  82  82  82  82  82  82  82  82  82  82  82  82  82
0818  82  82  82  82  82  82  82  82  82  82  82  82  82  82  82  82  82  82  82  82  82  82  82  82  82  82  82  82  82  82  82  82  82  82  82  82  82  82  82  82  82  82  82  82  82  82  82  82  82  82  82  82  82  82  82  82  81  81  82  82
0819  82  82  82  82  82  81  81  81  81  81  82  82  81  81  81  81  81  81  82  82  81  82  82  81  81  81  82  81  82  82  82  82  82  82  82  82  82  82  82  81  82  82  82  82  82  82  82  82  82  82  81  81  81  82  82  82  81  81  81  81
0820  81  81  81  81  81  81  81  81  81  81  81  81  81  81  81  81  81  81  80  80  80  80  80  80  80  79  79  79  79  79  79  79  79  79  79  79  79  79  79  79  79  79  79  79  79  79  79  79  79  79  79  79  79  79  79  79  79  79  79  79
0821  79  78  79  78  79  79  79  78  78  78  78  78  78  78  78  78  79  78  78  78  78  78  78  78  78  78  78  78  78  78  78  78  78  78  78  78  78  78  78  78  78  78  78  78  78  78  78  78  78  77  78  77  77  77  77  77  77  77  77  77
0822  77  77  77  77  77  77  77  77  77  77  77  77  77  77  77  77  77  77  77  77  77  77  76  76  76  76  76  77  77  77  77  77  77  77  77  77  77  77  77  77  77  77  77  77  77  77  77  77  77  77  77  77  76  76  77  77  77  77  76  76
0823  77  77  77  76  76  76  76  76  76  76  76  76  75  75  75  75  75  75  75  75  75  75  75  75  75  75  75  75  75  74  74  74  74  74  74  74  74  74  74  74  73  73  73  73  73  73  72  72  72  72  71  71  71  71  70  70  70  71  71  71
0900  71  71  71  72  72  72  72  72  72  72  71  72  72  72  72  72  72  72  71  71  71  71  71  71  71  71  71  71  71  71  72  72  72  72  71  71  71  71  71  71  71  71  71  71  71  71  71  71  71  71  71  71  71  71  71  71  71  71  70  70
0901  70  70  70  70  70  70  70  70  70  70  70  70  70  70  70  70  70  70  70  70  70  70  69  69  69  69  69  69  69  69  69  69  69  69  69  69  69  69  69  69  69  68  69  68  69  69  69  69  69  70  70  70  70  71  71  71  71  71  71  71
0902  71  71  71  71  71  71  71  71  71  72  72  72  72  72  72  72  72  72  72  71  71  71  71  71  71  71  71  71  71  71  71  71  71  71  71  71  71  71  71  71  71  71  71  71  71  72  72  72  71  71  71  71  71  71  71  70  70  70  70  70
0903  70  70  71  71  71  71  71  71  71  71  71  71  71  71  71  71  71  71  70  70  70  70  71  70  70  70  70  70  70  70  70  70  70  70  70  70  70  70  70  70  70  70  70  70  70  70  70  70  70  70  70  70  70  70  70  70  70  70  70  70
0904  70  70  70  70  70  70  70  70  70  70  70  70  70  70  70  70  70  70  70  70  70  70  70  69  70  69  70  70  70  70  70  70  70  70  70  70  70  70  70  70  70  70  69  69  69  69  69  69  69  69  69  68  69  68  68  68  68  68  68  67
0905  67  67  67  67  67  67  67  67  67  67  67  67  67  68  68  68  68  68  68  69  69  69  69  69  69  69  69  69  69  69  70  69  69  69  69  69  69  69  69  69  69  69  69  69  69  69  69  69  69  70  70  70  70  70  70  70  70  70  70  70
0906  70  70  70  70  70  70  70  70  70  70  70  70  70  70  70  70  70  70  70  70  70  70  70  70  70  70  70  70  70  70  70  70  70  71  71  71  71  71  71  71  71  71  71  70  70  70  70  70  70  70  70  69  69  69  69  69  69  69  68  69
0907  69  68  69  68  68  68  68  68  68  68  68  68  68  68  68  68  68  68  68  68  68  68  68  68  68  68  68  68  68  68  68  68  68  68  68  68  68  68  67  67  67  67  67  67  67  67  67  67  67  67  67  67  67  67  67  67  67  67  67  67
0908  67  67  67  67  67  67  67  68  67  67  67  67  67  67  67  67  67  68  67  68  68  68  68  67  68  68  68  68  68  68  68  68  68  68  68  68  68  68  68  68  68  68  67  67  67  67  67  67  66  66  66  66  65  65  65  65  65  65  66  66
0909  66  67  67  67  67  67  67  67  67  67  67  67  67  67  67  67  67  67  67  67  67  67  67  67  67  67  67  67  67  67  67  67  67  67  67  67  67  67  67  68  68  68  68  68  68  68  68  68  68  67  67  67  67  67  67  67  67  67  67  66
0910  67  67  67  67  67  67  67  67  67  67  67  67  67  67  67  67  67  67  67  68  68  68  68  68  68  68  69  69  69  69  69  70  70  70  70  70  70  71  71  71  71  71  71  71  71  72  72  72  72  72  73  73  73  73  73  74  74  74  75  75
0911  76  76  76  75  75  75  76  76  77  77  77  77  78  78  78  78  79  79  79  79  79  79  79  79  80  80  81  81  81  81  81  80  80  80  80  80  80  81  80  80  80  81  82  82  82  82  82  82  82  82  82  83  83  83  83  84  84  84  84  84
0912  84  84  84  84  84  84  84  84  85  85  86  86  86  86  87  87  87  87  87  88  88  88  89  90  90  90  90  91  91  91  91  91  90  90  90  90  90  90  91  91  91  91  91  92  92  92  92  92  92  91  92  93  94  95  94  95  95  95  95  95
0913  95  95 166  97  98  98  97  97  97  96  96  96  97  97  97  98  98  97  97  98  98  99  98  99  99  99 101 102 103 103 102 103 104 104 103 102 103 105 105 103 103 103 103 104 104 104 105 103 103 104 104 104 102 102 102 103 103 103 104 105
0914 105 104 104 104 103 104 104 103 103 104 105 105 105 105 105 104 104 104 105 106 106 106 105 104 104 105 105 104 104 105 105 104 105 105 106 105 104 103 104 105 105 106 106 106 106 106 106 106 106 106 107 106 107 108 108 108 108 108 108 108
0915 109 109 109 109 108 108 107 107 106 107 108 108 108 109 110 109 109 110 110 110 110 110 111 111 111 111 112 113 113 112 113 113 111 110 111 112 111 111 112 112 112 112 113 114 114 115 115 114 114 114 116 117 117 119 118 117 118 119 119 118
0916 118 118 117 117 116 115 115 115 116 115 114 114 114 114 115 115 115 115 114 114 114 114 113 114 114 113 113 112 113 113 113 113 114 114 115 115 114 114 114 114 113 112 113 113 113 113 113 114 114 113 113 113 113 113 114 114 114 113 113 112
0917 112 112 112 112 112 112 112 112 112 112 112 112 112 112 111 111 111 159 111 110 110 110 110 110 110 110 110 110 110 110 110 110 110 109 110 109 110 109 109 109 109 109 109 109 108 108 108 108 108 107 107 107 107 107 107 107 107 107 107 107
0918 107 107 107 107 107 107 107 107 107 107 107 106 106 106 106 106 106 106 106 106 106 105 105 105 105 105 105 105 105 105 104 104 104 104 104 104 104 104 104 104 104 104 104 104 103 103 103 103 103 103 103 103 103 104 104 103 103 103 103 103
0919 102 102 102 102 102 101 101 101 101 101 101 101 101 101 101 101 101 101 101 101 101 100 100 100 100 100 100 100 100 100  99  99  99  98  98  98  97  97  97  96  96  96  95  95  95  94  94  94  93  93  93  93  92  92  92  92  92  92  92  92
0920  91  91  91  91  91  91  91  90  90  90  90  90  89  89  89  89  89  89  89  89  88  88  88  88  88  88  87  87  87  87  87  87  87  87  87  87  87  87  87  87  87  87  86  86  86  86  86  86  86  87  87  87  87  87  88  89  89  89  89  89
0921  89  89  89  89  89  88  88  88  88  88  87  87  87  87  87  87  86  86  86  85  85  84  84  84  84  84  84  84  84  85  84  84 224  84  84  84  84  84  83  83  83  83  83  83  83  83  83  82  82  82  82  82  82  82  82  82  82  82  82  82
0922  82  82  83  82  82  82  82  82  82  82  82  82  82  82  82  82  82  82  82  82  82  82  81  81  81  81  81  81  81  81  82  82  82  82  82  82  82  82  82  82  82  82  82  82  82  82  82  82  82  82  81  81  81  81  81  81  81  81  81  81
0923  81  81  81  81  82  82  82  82  82  82  82  82  82  82  82  82  82  82  82  81  81  82  82  83  84  85  85  86  87  88  88  88  88  89  89  89  89  89  89  89  90  91  92  92  92  93  93  93  93  93  93  93  93  93  93  93  93  93  93  93
1000  93  93  93  93  93  92  92  91  90  89  88  87  86  85  85  85  84  84  84  83  83  83  83  83  82  82  82  82  82  82  82  82  82  81  81  81  81  81  81  81  81  80  80  80  80  80  80  80  80  80  80  80  81  81  80  80  80  80  80  80
1001  80  80  80  80  81  82  82  82  82  82  82  82  83  84  84  83  84  84  84  85  86  86  87  87  87  88  88  88  89  89  89  89  88  88  87  87  86  86  85  85  84  84  84  84  84  84  84 293  83  83  83  82  82  82  82  83  83  83  83  83
1002  83  83  83  83  84  84  84  85  86  86  86  87  86  86  86  86  85  85  85  84  84  83  83  83  83  83  82  82  82  82  82  82  82  82  81  81  81  81  81  80  80  79  79  79  78  78  78  77  77  77  77  77  77  77  77  77  77  77  77  77
1003  77  77  77  77  77  77  77  77  78  78  79  79  79  81  82  83  83  83  84  84  84  84  84  84  84  84  83  83  82  82  81  81  80  79  79  79  79  79  78  78  78  77  77  76  76  76  75  76  75  75  75  74  74  74  74  74  74  73  73  73
1004  73  73  73  73  73  73  73  73  73  73  73  73  73  73  73  73  73  73  73  73  73  73  73  73  72  72  72  72  72  72  72  71  72  72  72  72  72  72  72  72  72  72  72  72  72  73  73  73  73  72  72  72  72  72  72  72  72  72  72  72
1005  71  71  71  71  72  72  71  71  71  71  71  71  72  72  71  71  71  72  72  71  71  71  71  71  71  71  71  71  71  71  71  71  71  71  71  71  71  72  72  72  72  72  71  71  71  71  71  72  72  72  72  72  72  72  72  72  72  72  72  73
1006  73  73  74  74  74  74  74  74  74  74  74  74  74  74  74  74  74  74  74  74  74  74  74  74  74  74  74  74  74  74  74  73  73  73  73  74  73  73  73  73  73  73  73  73  73  73  73  73  72  72  72  72  72  72  72  72  72  72  72  71
1007  71  71  71  71  71  71  72  72  72  72  72  72  72  72  72  72  72  71  71  71  71  72  72  71  71  71  71  71  71  71  71  71  71  71  70  70  70  70  70  70  70  70  70  70  70  70  70  70  71  71  71  72  71  71  71  70  70  70  70  70
1008  70  69  69  70  70  71  71  71  71  71  71  71  71  71  71  71  71  71  71  70  70  70  70  70  70  70  71  71  70  70  70  70  71  71  71  70  70  71  71  71  71  71  71  71  71  71  71  71  71  72  72  72  71  71  71  71  71  71  70  70
1009  70  71  71  70  70  70  71  71  71  71  71  71  71  72  72  72  72  73  73  73  74  74  74  74  73  74  74  74  74  74  74  74  74  74  74  74  75  75  76  76  76  76  76  77  76  76  76  76  77  77  77  77  77  77  77  77  77  77  77  77
1010  77  77  77  77  77  78  77  78  78  78  78  78  78  78  79  79  79  79  79  79  80  79  79  79  79  80  80  80  80  80  80  80  80  80  80  80  80  80  80  80  81  81  81  82  82  82  82  82  82  83  83  83  84  84  84  83  84  84  84  84
1011  84  85  85  84  85  85  85  85  85  85  86  86  86  86  86  87  87  87  87  87  87  88  88  88  88  88  88  88  89  89  89  89  89  89  89  89  89  89  90  90  90  90  90  90  91  91  91  91  92  92  92  92  92  93  93  93  93  94  94  94
1012  94  94  94  94  94  94  94  95  95  95  95  95  95  95  96  96  96  96  96  96  96  97  97  97  97  97  97  97  97  97  97  98  98  99  99  99  98  99  99  99 100 100 100 100 101 101 101 101 102 101 102 102 102 102 102 102 102 102 103 103
1013 102 102 102 102 102 102 102 102 102 102 102 102 103 102 103 103 103 103 103 103 103 103 103 103 103 103 103 103 103 103 103 103 103 103 103 103 103 103 103 104 104 104 104 105 105 106 106 106 106 105 105 106 105 105 106 106 106 106 106 106
1014 106 106 107 108 108 108 107 108 108 108 108 109 109 109 108 108 108 109 109 110 109 110 109 109 110 110 110 110 111 110 110 110 110 110 110 110 110 110 110 110 110 110 111 111 111 112 112 113 112 111 110 110 110 110 111 112 113 113 112 111
1015 111 111 111 112 112 112 112 112 112 112 111 110 110 110 110 110 111 111 112 112 112 112 112 111 110 110 109 110 110 110 110 110 110 110 110 110 110 110 110 110 109 109 110 109 109 109 109 109 109 109 109 109 109 109 109 109 109 109 109 109
1016 108 108 108 108 108 107 108 108 108 108 108 108 108 108 108 107 107 106 106 106 106 106 106 105 105 105 106 106 106 106 106 106 106 106 106 106 106 106 106 106 106 105 105 105 105 105 104 104 104 104 104 104 104 104 104 104 104 104 103 103
1017 103 103 103 103 103 102 102 102 102 102 102 102 102 102 101 101 101 101 101 101 101 100 100 100 100 100 100 100 100 100 100 100 100 100 100  99  99  99  99  99  98  98  98  98  98  98  98  98  98  98  98  98  98  98  98  98  98  98  98  98
1018  98  97  97  97  97  97  97  97  97  97  97  97  97  97  96  96  96  96  96  96  96  95  95  95  95  94  94  94  94  93  93  93  92  92  92  92  92  92  92  92  91  91  91  91  91  91  90  90  90  89  89  88  88  88  87  87  87  87  86  86
1019  86  86  86  86  86  86  85  85  85  85  85  85  85  85  85  85  85  85  84  84  85  85  85  85  85  85  85  85  85  85  85  85  85  86  86  86  86  86  86  86  86  86  86  86  86  86  86  86  86  86  86  86  86  86  86  86  86  86  86  86
1020  86  86  86  86  86  86  86  86  86  86  86  86  86  86  86  86  86  86  86  86  86  86  86  86  86  87  87  86  86  86  87  87  87  87  87  87  87  87  88  88  88  88  88  88  88  88  88  88  88  88  88  88  88  89  89  89  89  89  89  89
1021  89  89  89  89  89  89  90  89  89  89  90  90  90  90  90  90  90  90  90  90  89  89  89  90  89  89  89  90  90  90  90  90  90  90  90  90  90  90  90  90  90  90  90  90  90  90  90  90  90  90  89  89  89  89  89  89  89  89  89  89
1022  89  89  88  88  88  88  88  88  88  88  88  88  88  88  88  88  88  88  88  88  88  88  88  88  88  88  88  88  88  88  88  87  87  87  88  87  88  87  87  87  88  88  88  88  88  88  88  88  88  88  88  88  88  88  88  88  87  87  87  87
1023  87  87  88  88  88  88  88  88  88  88  88  88  88  88  87  87  87  87  87  88  87  87  87  87  87  87  87  87  87  87  87  87  86  86  86  86  86  86  86  86  86  86  86  86  86  86  86  86  86  85  85  85  85  85  85  85  85  85  85  85
1100  85  85  85  85  85  85  85  85  85  85  85  85  85  85  85  85  85  85  85  85  85  85  85  85  85  85  84  84  84  84  84  84  83  83  83  83  83  83  83  83  83  83  83  83  83  83  83  83  82  82  83  82  82  83  83  83  83  82  82  82
1101  82  82  82  82  82  82  83  83  83  83  83  83  83  82  82  82  82  82  83  83  83  83  83  83  84  83  84  83  83  83  82  83  83  83  83  83  82  82  82  82  82  82  82  82  82  82  82  82  82  82  82  82  82  82  82  82  82  82  82  83
1102  83  83  83  83  83  84  84  84  84  84  84  84  84  84  84  84  84  84  84  84  84  84  84  84  85  85  85  85  85  85  84  84  85  85  86  85  85  86  86  87  87  88  89  89  90  90  91  91  91  92  92  92  93  94  94  94  94  94  94  94
1103  94  94  93  93  93  93  93  93  93  93  93  92  92  91  91  91  91  91  91  91  91  91  91  91  91  91  91  91  91  91  91  91  92  92  92  91  91  91  91  92  92  93  93  93  93  93  93  93  93  94  95  95  96  96  96  96  97  97  97  97
1104  96  96  96  96  97  97  97  97  97  98  98  98  98  98  98  98  98  98  98  98  98  98  98  98  98  98  97  97  97  97  97  97  97  97  96  96  96  96  96  96  96  96  95  95  95  95  95  95  95  95  94  94  94  95  95  95  94  94  94  94
1105  94  94  94  94  94  93  94  93  93  93  93  93  93  93  92  92  92  93  93  93  93  93  93  93  94  94  94  93  93  93  93  93  93  93  93  93  92  92  92  93  93  93  93  93  93  93  92  93  93  93  93  93  92  92  92  92  92  92  92  92
1106  91  91  91  91  91  91  91  91  90  90  90  90  90  90  90  90  90  89  89  89  90  90  89  90  89  89  89  89  89  89  89  89  89  90  90  89  89  89  89  89  89  88  88  88  88  88  88  87  87  87  87  87  87  87  87  87  87  87  87  87
1107  87  86  86  86  86  86  86  86  86  86  86  86  85  85  85  85  85  85  85  85  84  84  84  84  84  84  84  84  84  84  84  84  83  83  83  83  83  83  83  83  83  83  83  83  83  83  83  83  83  83  83  84  84  84  83  83  83  83  83  83
1108  83  83  83  83  83  84  84  84  84  84  84  84  84  84  84  84  84  84  84  84  84  84  84  83  83  83  83  83  83  83  82  82  82  82  81  80  80  80  79  79  78  78  78  77  77  77  77  77  77  77  77  77  77  77  77  77  77  77  77  78
1109  79  79  80  80  81  81  81  81  81  81  81  81  81  80  82  83  84  84  84  84  84  84  84  84  85  85  86  86  86  86  86  87  87  87  87  87  87  87  87  87  87  87  87  87  87  87  87  87  87  86  86  86  86  86  86  85  85  85  85  85
1110  85  85  85  86  86  86  86  86  86  86  86  86  86  86  86  86  86  86  86  86  86  87  87  87  87  87  87  87  87  87  87  87  87  87  87  88  87  87  87  88  88  88  88  88  88  88  88  88  88  88  88  88  88  88  88  88  88  88  88  88
1111  89  89  89  89  89  89  89  89  89  89  89  89  90  90  90  90  90  91  91  92  92  93  93  94  94  95  95  95  95  95  95  95  95  94  94  94  94  94  94  93  93  94  94  94  94  94  94  94  93  93  93  93  94  94  94  95  95  96  96  97
1112  97  98  99  99 100 101 101 101 100 100 100 100 100 100 100  99  99 100 100 100 101 101 102 102 102 103 103 103 103 102 101 101 101 102 102 103 103 104 103 103 104 104 104 104 104 103 104 103 103 102 102 102 103 103 103 103 103 103 104 104
1113 104 103 103 104 103 103 103 102 102 103 103 103 102 101 101 101 101 101 101 102 101 102 103 103 102 102 103 104 104 104 104 104 104 104 103 103 102 103 103 103 103 103 103 103 104 104 104 105 105 105 105 107 107 106 105 105 105 106 105 105
1114 105 106 106 106 106 106 106 107 107 106 107 107 108 109 109 109 109 109 110 109 109 110 110 110 109 108 109 110 111 111 111 111 110 109 110 109 110 111 110 109 109 109 110 110 110 110 111 111 110 112 112 112 113 113 112 111 111 111 111 111
1115 111 112 113 113 163 114 114 114 115 114 114 113 113 114 114 115 115 115 114 114 114 116 116 117 118 119 118 118 118 118 117 117 117 117 118 116 115 114 113 113 112 111 111 111 111 111 111 111 111 111 111 112 111 111 112 112 111 111 111 110
1116 110 110 111 111 110 110 110 110 110 111 111 111 111 111 110 110 110 110 110 111 112 111 110 111 111 112 112 112 111 110 109 109 110 110 109 109 109 109 109 109 109 109 110 110 109 109 109 109 109 108 109 108 108 109 109 109 108 108 108 109
1117 109 109 109 109 108 108 107 107 107 107 107 107 108 108 108 108 107 107 107 107 107 107 106 106 106 106 106 105 105 105 104 104 104 104 104 104 104 104 104 104 104 104 104 104 104 104 103 103 103 103 103 103 103 102 102 102 102 102 102 102
1118 102 102 102 102 102 102 101 101 101 102 102 101 101 101 101 101 101 101 101 101 101 101 101 101 100 100 100 100 100 100 100 100 100 100 100 100 100 100 100 100 100  99  99  99  99  99  99  99  99  99  99  99  99  99  99  98  98  98  98  98
1119  98  97  97  97  97  97  97  97  97  97  97  98  98  98  97  97  98  98  97 166  97  97  97  97  97  97  97  97  96  96  97  97  97  97  96  97  97  97  97  96  97  96  96  96  96  96  96  96  96  96  96  96  96  96  96  96  95  95  95  95
1120  95  94  94  94  94  95  94  94  94  94  93  93  93  92  92  92  92  91  91  91  91  91  91  91  91  91  91  90  90  90  90  90  89  89  88  87  86  86  86  85  84  85  86  88  89  89  90  89  89  89  88  88  88  87  87  85  84  84  84  84
1121  84  83  83  83  82  81  80  79  79  79  79  79  79  79  78  79  79  79  79  78  77  77  77  77  78  79  80  81  81  81  81  82  81  80  79  78  78  78  78  78  77  77  76  75  75  75  74  74  74  73  73  73  73  72  72  72  72  72  72  72
1122  72  72  72  72  73  73  73  73  75  75  75  75  75  75  75  74  73  73  72  72  72  71  71  71  71  71  71  71  71  71  71  70  70  70  70  70  70  70  69  70  70  69  69  69  69  69  70  70  70  70  70  69  69  68  68  68  68  68  68  69
1123  69  69  69  69  68  68  68  68  68  69  70  71  72  72  73  73  73  74  76  77  77  79  80  82  83  84  85  85  85  85  85  85  85  85 179  85  85  85  85  84  84  84  84  85  85  84  85  85  85  84  84  84  83  83  84  84  84  84  84  83
1200  84  84  83  83  82  81  81  81  81  80  81  81  80  81  80  80  79  77  77  76  77  77  77  77  77  75  73  72  71  70  70  72  73  75  76  77  77  77  77  76  75  75  75  74  72  73  74  73  72  72  72  71  71  70  70  70  69  69  68  68
1201  68  68  67  67  67  67  67  66  66  66  66  66  66  66  65  65  65  65  64  64  64  64  64  63  63  63  63  63  63  66  67  67  69  71  72  74  75  75  77  77  77  78  78  78  78  78  77  78  77  77  77  77  76  76  76  76  76  76  75  75
1202  75  74  74  74  73  73  72  72  71  71  71  71  70  70  70  70  70  70  69  69  69  68  68  66  66  65  65  63  62  61  59  58  57  56  54  53  52  52  51  50  50  50  49  49  48  47  46  45  45  44  44  43  43  42  42  41  41  41  40  40
1203  39  39  39  39  38  37  37  36  36  35  35  35  35  37  38  38  38  38  38  38  38  37  37  36  36  35  35  34  34  34  35  34  34  33  33  33  33  32  32  32  31  31  30  30  30  30  30  30  29 193  29  28  27  27  28  28  28  28  28  27
1204  26  27  28  28  28  28  28  28  28  28  28  27  27  26  26  26  25  25  24  24  23  23  22  22  21  21  21  21  20  20  19  19  18  18  18  18  19  19  20  20  20  21  21  21  21  22  22  22  21  20  19  19  18  18  17  17  17  17  17  17
1205  17  17  16  16  16  15  15  15  15  15  14  14  15  15  14  14  14  13  13  12  12  11  12  12  12  12  11  12  12  12  12  12  12  12  12  11  11  11  10  10  10   9   9   9   8   8   7   7   7   7   8   8   9   9   9   9   9   9   9   8
1206   8   7   7   6   6   5   5   5   5   6   6   6   6   5   5   5   5   4   4   4   3   3   4   4   4   5   5   5   4   4   4   3   4   4   4   4   4   4   4   4   3   3   4   4   3   3   3   3   2   2   2   2   3   3   3   3   3   3   3   3
1207   3   3   2   2   2   2   2   2   2   2   2   2   2   2   2   2   2   2   1   1   2   2   2   1   1   1   2   2   2   2   3   2   2   3   3   3   3   3   3   3   3   3   3   3   3   3   3   3   3   3   3   3   3   2   2   2   2   1   1   1
1208   1   1   1   1   2   2   2   2   2   2   2   2   2   2   2   2   2   2   1   1   1   1   1   1   1   0   0   1   1   1   2   2   2   1   1   1   1   1   0   0   0   0   0  -1  -1  -1  -1  -1  -1  -1  -1  -1  -1   0   1   1   2   3   3   2
1209   2   2   2   2   2   2   2   2   2   2   2   2   2   2   1   1   1   1   1   1   1   1   1   1   2   2   3   4   4   5   5   5   5   5   5   6   6   6   7   7   8 174   9  11  12  13  14  15  16  17  18  18  19  20  21  22  22  23  24  25
1210  25  25  26  26  27  28  29  29  30  31  32  33  35  36  37  37  38  38  39  39  40  41  42  42  43  44  45  45  45  45  45  46  47  49  50  50  51  52  54  54  55  56  56  56  56  55  54  55  55  54  54  54  54  55  55  55  55  55  56  56
1211  56  57  59  60  59  59  59  59  59  59  58  59  59  61  61  61  61  61  61  61  62  63  64  64  66  67  69  70  71  73  71  70  69  70  71  71  71  73  75  77  79  81  82  81  80  79  80  80  79  79  79  78  77  77  76  76  77  77  77  76
1212  77  77  77  77  78  79  78  78  78  78  78  78  78  78  78  78  78  79  79  79  78  78  79  80  79  78  79  80  80  81  82  83  82  83  82  82  82  82  82  81  81  82  83  85  87  89  90  89  88  88  87  87  87  88  90  91  90  90  89  90
1213  90  91  90  90  91  91  91  92  92  92  93  93  94  97  98  97  96  97  97  97  98  98  98  98 100 102 103 102 102 102 100  99 100  99  99  99  98  98  98  99 100 101 100 100 100 100 102 103 105 105 105 104 101 101------------------------
1214------------------------------------------------------------------------------------------------------------------------------------------------------------------------------------------------------------------------------------------------
1215------------------------------------------------------------------------------------------------------------------------------------------------------------------------------------------------------------------------------------------------
1216------------------------------------------------------------------------------------------------------------------------------------------------------------------------------------------------------------------------------------------------
1217---------------------------------------------------------------------------------------------------------------- 112 112 112 112 111 111 110 110 111 111 111 111 110 110 110 110 110 110 110 110 110 110 110 110 110 110------------------------
1218------------------------------------------------------------------------------------------------------------------------------------------------------------------------------------------------------------------------------------------------
1219------------------------------------------------------------------------------------------------------------------------------------------------------------------------------------------------------------------------------------------------
1220  52  51  51  52  52  52  53  53  52  52  51  50  50  49  49  50  50  49  48  48  48  48  49  49  49  49  50  50  50  51  51  50  51  51  51  51  51  51  51  51  51  51  52  52  53  53  54  54  55  55  55  56  56  56  57  57  57  57  57  57
1221  58  58  58  59  59  59  59  59  60  60  59  59  60  60  60  60  59  58  58  58  58  58  58  59  60  61  62  62  62  62  62  63  63  64  64  63  63  63  63  62  62  62  61  61  61  61  61  61  60  60  61  64  66  66  66  67  67  66  65  64
1222  63  62  61  61  60  60  60  60  59  59  59  60  60  60  60  60  60  60  60  60  60  59  59  60  60  60  60  60  60  60  60  61  61  61  61  61  61  61  61  61  61  61  61  61  62  62  62  62  62  62  62  62  62  62  62  62  62  62  62  62
1223  63  63  64  64  64  64  65  64  64  63  63  63  63  63  63  62  62  62  62  62  62  62  62  62  62  62  62  62  62  62  62  62  62  63  63  63  63  63  63  63  63  63  63  63  64  63  63  63  63  64  64  64  64  64  64  63  63  63  62  62
1300  62  62  62  62  62  62  63  63  63  64  64  64  64  65  65  65  65  65  65  64  64  64  63  63  63  64  64  64  65  65  66  67  67  68  68  68  67  67  66  67  67  67  67  66  66  66  66  66  66  66  66  66  66  66  66  66  66  66  66  66
1301  65  65  65  65  65  65  65  64  64  64  64  64  63  63  63  64  63  63  63  62  62  62  62  62  62  62  62  62  62  62  62  62  61  61  61  61  61  61  61  61  61  61  61  61  61  61  62  62  62  62  62  63  63  63  62  62  63  62  62  62
1302  62  62  62  61  61  60  60  61  61  61  61  60  60  60  61  61  61  62  63  63  63  63  64  64  64  64  64  64  64  64  63  63  63  63  63  63  63  63  63  62  63  64  65  66  67  67  66  66  66  66  66  65  65  64  64  64  64  64  64  64
1303  64  63  63  64  65  65  65  65  65  64  64  63  63  63  63  62  62  63  64  66  66  66  66  67  67  67  67  67  66  66  66  66  65  65  65  64  64  64  63  63  62  62  62  62  62  62  61  61  61  61  60  60  61  61  61  61  61  62  63  63
1304  63  62  62  62  62  62  63  63  64  65  66  66  67  66  66  65  65  65  65  65  66  68  68  67  66  66  65  65  64  63  63  62  62  61  61  60  60  60  60  60  60  60  60  60  60  60  60  60  60  60  60  60  62  63  63  63  65  66  67  68
1305  69  70  70  70  70  70  71  71  71  72  72  72  72  72  72  72  73  73  73  73  73  73  73  73  73  73  72  73  73  72  72  72  73  73  73  72  72  72  72  72  72  72  72  72  72  72  72  72  72  72  72  72  72  72  71  71  71  71  71  71
1306  71  70  69  68  68  67  66  65  65  64  63  63  63  62  62  62  61  61  60  60  60  60  59  59  59  59  58  59  58  58  60  60  61  61  60  60  59  61  61  61  62  63  64  64  65  65  65  65  65  64  64  65  65  65  65  65  65  66  66  66
1307  66  66  66  66  66  66  66  65  65  64  62  61  61  61  61  61  60  60  60  61  63  64  64  65  65  65  66  66  66  66  66  66  66  66  66  66  66  65  65  65  65  65  65  65  65  65  65  65  66  66  66  65  65  66  66  66  66  67  67  67
1308  66  66  66  66  66  65  65  65  65  65  65  65  65  65  65  65  65  65  65  65  65  65  65  65  65  64  63  63  63  63  62  62  62  63  63  62  62  62  62  62  62  62  61  61  61  61  61  60  60  60  60  60  60  60  60  60  60  60  60  60
1309  61  61  61  61  60  60  61  60  60  60  60  60  60  60  60  61  61  61  61  61  61  61  61  61  61  61  61  61  60  60  60  60  60  60  60  60  60  60  60  60  60  60  61  61  61  62  62  62  63  64  64  65  65  65  65  65  66  66  66  66
1310  66  67  67  67  67  67  67  67  67  68  68  68  68  68  68  69  69  69  69  69  69  69  69  69  70  70  70  70  70  70  70  70  70  70  70  70  71  71  71  70  71  71  71  71  71  72  72  73  73  73  73  73  73  74  74  75  76  76  75  75
1311  75  76  76  76  76  76  77  77  77  77  78  79  79  79  79  79  80  80  80  81  82  83  82  82  82  81  81  81  82  82  81  81  82  84  85  85  86  87  88  89  89  89  89  90  90  90  90  90  90  91  91  92  91  90  90  90  88  87  86  87
1312  87  88  87  87  87  88  88  89  90  91  91  91  92  92  92  92  92  93  93  93  94  96  96  95  94  93  95  96  95  96  97  98  97  97  97  96  95  93  93  93  93  94  95  96  95  96  97  98  98  96  97  98  97  98  99  98  98  98  99  99
1313  98 100 102 102 103 103 103 103 103 103 102 101 101 101 102 102 103 104 105 106 107 108 109 110 112 110 109 106 106 108 108 108 107 106 107 107 107 107 107 106 107 106 104 105 107 108 108 107 107 107 107 106 106 107 107 108 109 110 110 110
1314 110 110 109 109 109 108 108 109 107 105 106 107 107 107 108 110 109 108 109 110 111 111 112 113 115 114 112 110 110 111 110 111 111 112 112 113 113 113 112 112 112 112 112 111 113 114 115 115 114 114 114 116 116 114 115 115 113 113 113 112
1315 111 111 111 112 112 113 113 112 113 113 113 112 112 113 115 115 116 116 117 117 117 117 116 116 115 114 114 113 112 113 113 113 112 113 114 114 115 115 115 115 116 115 114 114 114 113 112 112 112 112 112 113 113 113 113 113 114 115 115 115
1316 116 117 118 119 118 116 116 116 117 117 117 118 119 119 120 120 119 118 118 118 118 118 118 117 116 116 114 113 114 114 114 114 114 114 114 114 114 114 115 115 115 115 114 113 113 112 112 112 112 112 112 112 112 112 111 110 110 110 110 110
1317 110 109 110 110 110 111 111 110 110 110 110 110 110 110 110 110 111 111 112 112 111 111 111 111 111 111 111 111 112 112 112 111 111 111 111 110 110 110 110 110 110 110 110 110 110 110 110 110 110 110 109 109 110 109 109 109 110 110 109 109
1318 109 109 109 109 109 109 109 109 109 109 109 108 108 108 108 108 108 108 108 108 108 108 107 107 107 107 107 107 107 107 107 107 107 107 107 106 106 106 106 106 106 106 106 106 106 106 106 106 106 106 105 105 105 105 105 105 105 105 105 105
1319 105 104 104 104 104 104 104 104 104 104 104 103 103 103 102 102 102 102 102 102 102 102 101 101 101 101 101 101 100 100 100 100 100  99  99  99  99  99  98  98  98  97  97  97  98  98  98  98  98  98  98  98  98  98  99  99  99  99 100  99
1320  99  98  98  98  98  97  97  97  96  97  97  97  97  97  97  97  98  98  97  97  97  97  97  97  97  97  97  97  97  97  97  97  97  97  97  97  97  97  97  97  97  97  97  97  97  96  96  95  95  95  95  94  95  95  94  94  94  94  94  94
1321  94  94  94  94  94  94  94  94  94  94  94  94  94  94  94  94  94  94  94  94  94  94  95  95  95  95  95  95  95  95  95  95  95  95  95  95  95  95  95  95  95  95  94  94  94  94  93  93  93  93  94  94  94  94  94  94  94  94  94  94
1322  94  94  94  94  94  93  93  94  94  94  93  93  93  93  93  93  92  92  92  92  92  92  92  92  91  91  91  91  91  91  91  91  91  91  91  92  91  91  91  91  91  91  91  91  91  91  91  91  91  91  91  91  91  91  90  90  91  91 272  91
1323  91  91  91  91  91  91  91  91  91  90  91  90  90  90  90  90  90  90  90  90  89  89  88  88  88  87  87  87  88  88  88  88  89  89  89  89  89  89  90  90  90  90  90  90  90  90  89  89  89  89  89  89  89  89  89  89  88  88  88  88
1400  88  88  88  88  88  88  88  88  88  87  87  87  87  87  87  86  86  86  87  87  87  86  86  86  86  87  87  87  87  87  87  87  87  87  87  87  87  87  86  86  87  86  86  86  86  86  86  86  85  85  85  85  85  85  85  85  85  85  85  85
1401  85  85  84  84  84  84  84  84  84  85  85  85  85  85  84  85  84  84  84  85  84  84  84  84  84  84  84  84  84  84  84  84  85  85  85  85  85  85  85  84  84  84  84  84  84  84  85  85  85  85  85  85  85  85  85  85  85  84  84  84
1402  84  84  84  83  84  84  84  84  84  84  84  83  83  83  83  83  83  83  83  82  82  82  82  82  82  82  82  82  82  82  82  82  82  81  81  82  82  81  81  81  81  81  81  81  81  81  80  80  79  79  79  79  79  79  79  78  78  79  79  79
1403  79  79  79  79  79  79  79  79  79  78  78  78  78 298  78  79  79  78  78  78  78  78  78  78  78  78  77  77  77  77  78  78  78  78  78  78  78  78  78  78  78  79  79  79  78  78  78  78  78  78  78  78  78  78  78  78  78  77  77  77
1404  77  77  77  77  77  77  77  77  77  77  77  77  77  77  77  77  78  78  78  77  77  77  77  77  76  76  76  75  75  75  75  75  74  74  75  76  76  76  76  76  76  76  76  76  76  76  76  76  76  76  76  76  76  76  76  76  76  76  75  75
1405  75  75  74  75  74  75  75  75  75  75  75  75  75  75  75  75  75  75  75  75  74  74  74  74  73  73  73  73  73  73  73  73  73  73  73  73  73  73  73  73  73  73  72  72  72  72  71  71  71  71  70  70  69  69  69  69  68  68  68  68
1406  68  68  68  68  68  68  68  68  68  68  68  68  68  68  68  69  69  69  69  69  68  68  68  68  68  68  69  69  69  70  70  70  70  70  70  71  71  71  70  70  70  70  69  69  69  69  68  68  68  67  67  67  66  66  66  66  66  66  67  67
1407  67  67  66  66  67  67  66  66  66  66  66  66  66  66  66  66  66  66  66  66  66  66  66  66  66  66  66  66 258  66  66  66  66  65  65  65  66  66  66  66  66  67  67  67  67  67  67  67  66  66  66  67  67  66  66  65  65  65  65  65
1408  65  65  65  65  65  65  65  65  65  65  65  64  64  65  64  64  64  64  64  64  64  65  65  65  65  65  65  64  65  65  65  65  65  65  65  65  65  64  64  64  64  64  64  64  64  64  64  64  64  64  65  65  65  65  65  65  65  64  65  65
1409  65  65  65  65  65  65  65  65  65  66  66  66  66  66  66  67  67  67  67  67  67  67  67  67  67  67  67  67  66  66  67  67  67  67  67  66  66  67  67  67  67  67  67  67  67  67  67  67  67  68  68  69  69  68  68  68  68  68  68  68
1410  68  68  68  68  68  69  69  69  69  70  70  71  71  71  71  72  72  73  73  74  74  74  74  75  75  76  76  77  77  77  77  77  77  78  78  77  77  77  77  78  78  78  79  79  79  79  79  80  80  80  80  80  80  80  80  80  81  81  81  81
1411  81  81  81  81  81  81  81  82  82  82  82  82  83  83  83  83  83  83  84  84  84  84  85  85  85  85  85  86  86  86  86  86  86  86  86  85  85  85  85  85  85  85  85 226  85  85  86  86  86  86  86  86  86  86  86  86  87  87  87  87
1412  86  86  86  87  87  87  87  87  86  87  87  87  87  87  87  86  86  86  86  86  86  86  86  86  86  86  86  86  87  87  87  87  87  87  87  87  87  87  87  88  88  88  88  88  88  88  89  89  89  89  89  89  88  88  88  88  88  88  88  88
1413  88  88  88  88  88  88  88  88  88  88  88  88  88  88  89  89  89  89  89  88  88  88  88  88  88  88  88  88  88  88  87  88  88  89  89  89  89  89  89  89  88  88  88  89  89  89  88  88  88  88  88  88  88  88  88  88  88  88  88  88
1414  88  88  88  88  89  89  89  89  89  90  89  89  89  90  90  90  90  90  90  90  90  90  90  90  90  90  90  91  91  92  92  92  91  91  91  91  90  90  90  90  90  90  91  91  91  91  91  91  91  91  91  91  91  91  91  91  91  91  92  92
1415  92  91  91  91  91  91  91  90  90  90  90  91  91  90  90  91  91  90  91  91  91  91  91  91  91  92  92  91  91  91  91  90  91  91  91  92  92  92  92  92  92  92  92  92  92  91  92  92  92  92  92  92  92  92  92  92  92  92  92  92
1416  92  91  91  92  91  91  91  91  91  91  91  91  92  92  92  92  93  93  93  93  93  93  93  93  93  92  92  92  92  92  92  92  92  92  92  92  92  92  93  93  92  92  92  92  92  92  92  92  92  92  92  92  92  92  92  92  92  92  92  92
1417  92  91  92  92  92  92  92  91  92  91  91  91  91  92  91  91  91  91  91  91  91  91  91  91  91  91  91  90  90  91  90  90  90  90  90  90  90  90  90  90  90  90  90  90  90  90  90  90  90  90  89  89  89  89  89  89  89  89  89  89
1418  89  89  89  89  89  89  89  89  89  89  89  88  88  88  88  88  88  88  88  88  88  88  88  88  88  88  88  88  88  88  88  88  88  88  88  88  88  88  88  88  88  88  88  88  88  88  88  88  88  88  87  87  87  87  87  87  87  87  86  86
1419  86  86  86  86  86  86  86  85  85  85  85  86  86  86  86  86  86  86  86  86  86  86  85  85  85  85  84  84  84  84  84  84  84  84  84  84  83  83  83  83  83  83  83  83  83  83  83  82  82  82  82  82  82  82  82  82  81  81  81  81
1420  81  81  81  80  80  80  80  80  80  80  80  80  80  80  80  80  80  80  80  80  79  79  79  79  79  79  79  79  79  79  79  79  79  79  78  78  78  78  78  78  78  78  78  77  77  77  77  77  77  77  77  77  77  77  77  77  77  77  77  77
1421  77  77  77  77  77  77  77  76  76  76  76  76  76  76  76  76  76  76  76  76  76  76  76  76  76  76  76  76  76  76  76  76  76  75  75  75  75  75  76  76  76  76  76  75  75  75  75  75  75  75  75  75  75  75  75  75  75  75  75  75
1422  75  75  75  75  75  75  75  75  75  74  74  74  74  74  74  74  75  74  74  74  74  74  74  74  74  74  74  74  74  74  74  74  74  74  74  74  74  74  74  74  74  74  74  73  73  73  73  73  73  73  73  73  73  73  73  73  73  73  73  73
1423  73  73  73  73  73  73  73  73  73  73  73  73  73  73  73  73  73  73  72  72  72  73  73  73  73  73  73  73  73  73  73  73  73  73  73  73  73  72  73  73  73  73  73  73  73  73  73  73  73  73  73  73  73  73  73  73  73  73  73  73
1500  73  73  73  73  73  73  73  73  73  73  73  73  73  73  73  73  74  73  73  73  73  73  73  73  73  74  74  73  74  73  73  73  73  73  73  73  73  73  73  73  73  73  73  73  73  73  73  73  73  73  73  73  74  74  74  74  74  74  74  74
1501  74  74  74  74  74  74  74  74  74  74  74  74  74  74  74  74  74  74  74  74  74  73  73  73  73  73  73  73  73  73  73  73  73  73  73  73  73  73  73  73  73  73  73  73  73  73  73  73  73  73  73  73  73  73  73  73  73  73  73  73
1502  73  73  73  73  73  73  73  73  73  73  73  73  73  72  72  72  72  72  72  72  72  72  72  72  72  72  72  72  72  72  72  72  72  72  71  71  71  71  71  72  72  72  71  72  71  71  71  71  71  71  71  71  72  72  72  72  72  72  72  72
1503  72  71  72  71  71  71  71  71  71  71  71  71  71  71  71  71  71  71  71  71  71  71  71  71  71  71  71  71  70  70  70  70  70  70  70  70  71  71  71  71  71  71  71  71  71  70  70  70  70  70  70  70  70  70  70  70  70  70  69  69
1504  69  69  70  69  69  69  69  69  70  70  70  70  70  70  70  70  70  69  69  69  69  69  69  69  68  68  68  67  67  67  67  67  67  67  67  67  67  67  67  67  67  67  67  68  68  69  69  69  69  69  69  69  69  69  69  69  69  69  69  70
1505  70  70  70  70  70  70  70  70  70  70  70  70  70  70  69  69  69  69  69  69  69  70  70  70  70  70  70  70  70  70  70  70  69  69  69  69  69  69  69  69  69  70  70  70  70  70  70  70  70  70  70  70  70  70  70  70  70  70  70  70
1506  70  70  70  70  70  70  70  70  70  70  70  70  70  70  70  70  70  69  69  69  69  69  69  69  69  69  69  69  69  69  69  69  69  69  69  69  69  69  69  69  69  69  69  69  70  70  70  70  70  70  70  70  70  70  70  70  70  70  70  70
1507  70  70  70  70  70  70  70  70  70  70  70  70  70  70  70  70  70  70  70  70  70  70  70  70  70  70  70  70  70  70  70  70  70  70  70  71  71  71  71  71  71  71  71  71  71  71  71  71  71  71  71  71  71  71  71  71  71  71  71  71
1508  71  71  71  71  71  70  71  71  70  70  70  70  70  70  69  69  69  70  69  69  69  69  69  69  69  69  69  69  69  69  69  69  69  69  69  69  69  69  69  69  69  69  69  69  69  69  69  69  69  69  69  69  69  69  69  69  69  69  69  69
1509  69  69  69  69  69  68  68  68  68  68  68  68  68  68  68  68  68  68  68  68  68  68  68  67  67  67  66  66  66  66  66  66  66  66  66  66  66  66  66  66  67  67  67  67  68  68  68  68  68  69  69  69  69  69  69  70  70  70  70  70
1510  70  70  70  71  71  71  71  71  71  71  71  71  71  72  72  72  72  72  72  72  72  72  72  72  72  72  72  72  72  72  72  72  72  72  72  73  73  73  73  74  74  74  74  74  74  74  75  75  74  75  75  75  75  75  75  75  75  75  75  75
1511  76  75  75  76  76  76  76  76  76  76  77  77  77  77  78  78  78  78  78  79  79  79  79  80  80  81  82  82  83  83  83  83  83  83  83  83  84  84  84  84  84  84  84  85  85  86  86  87  87  87  87  88  88  88  89  90  90  90  90  90
1512  90  89  89  90  90  90  90  91  91  90  90  90  90  90  90  90  90  90  90  90  90  90  90  90  90  90  90  90  90  90  91  91  91  91  91  91  91  92  92  92  93  93  93  94  94  94  94  95  95  95  96  95  96  96  96  97  99  99 100 100
1513 102 103 103 101 100 100 100 101 101 102 102 102 103 104 104 103 103 102 102 102 102 103 104 104 105 106 107 108 108 108 108 109 110 111 112 112 112 110 110 111 112 112 112 113 114 113 113 112 112 113 113 115 117 118 120 121 121 121 121 122
1514 121 120 121 122 123 123 125 126 127 128 127 126 126 128 129 129 130 131 130 129 128 128 128 128 129 130 130 129 129 130 131 130 129 130 129 128 128 128 128 128 128 128 126 125 125 125 125 126 127 127 128 128 128 128 128 128 129 130 130 131
1515 131 131 132 133 134 135 135 135 135 135 136 135 135 136 136 136 136 135 134 135 136 136 135 135 135 136 138 137 137 136 136 135 136 134 134 133 134 135 136 135 136 135 134 136 136 137 136 136 137 138 138 137 137 136 136 136 137 139 140 139
1516 138 137 137 137 138 140 140 140 141 140 140 140 141 141 141 141 142 142 142 142 141 142 142 142 142 142 143 142 142 140 140 141 141 141 142 142 142 141 141 140 140 142 142 141 140 139 139 139 139 138 137 138 138 138 137 137 137 137 138 139
1517 138 137 136 136 136 136 135 136 136 136 135 135 134 134 133 133 133 133 132 132 132 132 131 131 131 130 130 130 130 130 130 129 129 129 128 128 128 127 127 126 125 125 125 125 124 124 124 123 123 123 122 121 120 119 119 119 119 119 118 118
1518 118 118 118 118 117 117 117 116 116 116 116 116 117 117 116 115 115 115 114 114 114 114 114 114 114 114 113 113 112 112 111 110 110 110 110 110 110 109 109 108 107 107 107 107 107 106 105 104 103 102 101 100  98  98  97  96  96  96  95  95
1519  95  95  95  95  95  95  94  94  94  93  93  92  92  91  91  90  90  90  90  91  90  89  88  87  86  86  85  85  85  85  84  84  83  83  82  82  81  80  79  78  77  77  75  75  74  74  73  72  72  72  71  71  70  70  70  70  69  69  69  68
1520  68  68  67  67  67  67  67  66  66  66  65  65  65  64  64  64  64  63  63  63  63  63  63  63  64  64  64  63  63  62  62  62  62  62  62  62  62  62  62  62  63  64  64  63  63  63  63  62  62  61  61  61  61  61  61  60  59  59  58  58
1521  57  57  57  57  56  56  55  55  55  54  54  55  55  55  56  56  56  56  56  56  56  56  56  56  56  57  56  56  55  55  55  55  55  55  55  55  54  54  54  54  55  55  55  55  55  55  55  55  54  54  54  54  54  54  54  54  53  53  53  53
1522  53  53  53  52  52  52  52  52  51  51  50  50  49  49  49  49  48  48  48  48  48  48  47  47  47  46  46  47  47  47  47  46  46  46  45  45  45  45  45  45  45  45  45  44  44  44  43  43  43  44  44  44  44  44  43  43  43  43  43  43
1523  42  42  41  41  41  41  41  41  41  41  41  41  42  42  42  42  42  42  42  42  41  41  41  41  41  41  40  40  40  39  39  39  39  39  39  39  39  39  39  39  38  38  38  39  40  40  40  39  39  39  39  39  38  38  38  38  39  39  39  40
1600  40  40  39  38  38  38  37  37  37  37  37  36  36  36  36  36  37  37  37  37  37  37  36  36  35  35  35  35  35  36  36  36  36  36  36  35  35  34  34  34  34  34  34  34  34  34  34  34  34  33  33  34  34  34  34  34  34  34  34  34
1601 240  34  33  33  33  33  33  33  33  34  34  34  34  34  34  33  33  33  33  34  34  34  33  33  32  32  31  31  31  31  31  31  31  31  31  31  32  32  32  32  32  33  33  33  33  33  32  33  33  33  32  32  32  32  32  32  32  32  31  31
1602  31  31  31  31  30  31  30  30  30  29  29  30  30  31  31  31  30  30  30  30  30  30  30  30  30  30  30  30  30  30  30  30  30  31  31  30  30  30  30  30  30  30  30  30  30  30  30  30  30  30  30  30  31  32  32  31  30  30  29  29
1603  29  28  28  28  28  28  28  28  29  29  29  28  28  28  27  27  28  28  28  29  28  28  27  27  27  27  27  26  26  26  26  26  26  27  27  27  27  26  26  26  26  26  26  26  26  26  25  25  25  25  25  25  25  25  25  26  25  25  25  26
1604  26  26  26  25  25  25  26  26  25  25  25  25  25  25  25  25  25  25  26  27  27  27  27  27  26  26  26  26  26  25  25  24  24  24  23  23  23  23  23  23  23  23  23  23  23  23  23  23  24  24  24  24  24  23  23  23  23  22  22  21
1605  21  21  21  21  21  21  21  21  21  22  22  22  22  22  21 236  21  21  21  21  21  21  22  22  22  22  22  21  22  21  21  21  22  22  22  21  21  21  20  20  20  20  19  19  19  19  19  19  20  20  20  20  20  20  20  20  20  20  20  19
1606  20  19  19  19  19  19  19  18  18  19  19  19  19  19  20  20  20  20  19  19  19  19  19  18  18  18  18  17  17  17  18  18  18  19  19  19  19  19  19  18  18  18  18  18  18  18  17  17  17  16  16  16  16  16  16  16  16  16  16  15
1607  15  16  16  17  17  17  17  17  16  17  17  17  17  17  17  17  17  17  17  17  17  17  17  17  16  15  15  15  15  15  16  17  17  17  16  16  16  16  16  16  15  16  15  15  15  15  16  17  17  17  17  16  16  15  15  14  14  15  16  16
1608  16  16  16  16  15  15  15  15  16  16  17  17  17  17  17  16  16  16  16  16  16  16  16  16  16  16  16  15  15  16  16  17  17  17  16  17  18  18  18  18  17  16  15  15  14  14  14  14  14  14  14  14  14  15  15  15  16  16  16  15
1609  15  15  15  15  14  14  14  14  14  14  14  15  16  16  15  15  15  15  16  16  16  16  16  16  16  16  16  16  16  16 218  17  17  17  17  17  17  17  17  17  18  18  19  19  20  20  21  21  21  22  22  22  23  23  23  24  24  25  25  25
1610  26  26  26  26  27  28  28  29  29  30  30  30  31  32  34  34  35  35  36  36  37  37  38  38  39  39  41  41  42  43  44  44  46  47  49  49  49  50  50  50  51  52  52  53  54  54  55  57  56  56  56  56  57  57  56  56  56  57  57  58
1611  59  60  60  60  61  61  60  60  60  60  60  60  61  61  63  63  63  63  63  64  65  66  66  66  67  68  68  69  69  70  71  71  71  71  72  72  73  74  75  75  76  77  77  78  78  78  78  78  78  79  80  80  82  83  84  84  85  86  86  87
1612  88  88  89  90  91  92  93  93  92  92  92  93  92  92  92  92  93  93  94  95  94  94  93  93  92  92  93  93  93  94  95  96  96  97  97  98  99 100 101 103 104 105 105 106 107 107 107 106 105 104 103 104 104 104 103 102 102 102 103 103
1613 103 103 103 103 104 104 105 107 107 108 110 110 109 109 109 110 110 112 112 112 114 115 116 117 117 117 117 116 114 114 114 115 115 115 114 113 113 112 111 112 112 112 112 113 115 179 116 117 116 117 117 117 118 117 117 116 115 115 116 116
1614 116 118 118 118 118 117 116 116 115 115 116 118 118 118 120 121 122 123 125 124 123 121 121 122 123 122 122 122 122 123 122 120 120 120 121 121 122 123 123 123 123 123 125 125 125 126 125 123 124 124 124 123 123 125 125 124 123 123 124 124
1615 124 124 123 124 123 124 124 124 125 124 124 126 124 123 123 124 126 127 129 129 128 128 129 129 127 128 128 128 127 126 127 128 128 129 129 128 130 132 131 130 132 132 131 129 127 128 130 130 128 128 128 130 131 131 131 131 130 131 131 129
1616 127 129 131 132 134 134 133 133 133 133 131 132 131 130 130 130 130 130 130 129 130 130 129 129 129 130 132 133 134 134 132 131 131 131 131 131 131 132 132 131 130 131 132 132 132 131 130 130 130 130 131 131 130 130 129 129 128 128 128 129
1617 130 130 131 131 131 131 131 131 130 130 130 129 129 130 130 130 130 131 130 130 130 128 128 128 129 129 128 128 128 128 128 128 129 129 129 128 129 129 129 128 128 128 128 127 127 127 127 127 127 126 126 126 126 125 125 124 124 123 123 123
1618 181 123 123 122 122 122 122 122 122 121 121 121 121 121 120 120 120 120 120 120 120 120 120 119 119 119 119 119 119 119 119 119 119 119 118 118 118 118 118 118 117 117 117 117 117 117 117 116 116 116 116 116 116 115 114 113 113 112 111 111
1619 110 110 110 110 110 109 109 108 107 106 106 105 105 104 104 103 102 102 101 101 100 100 100  99  98  98  98  97  97  97  96  96  96  95  95  95  95  95  94  94  93  93  93  93  92  92  92  91  91  91  91  91  91  91  90  90  89  89  89  89
1620  88  88  88  88  88  88  88  88  88  88  87  87  87  87  86  86  86  86  85  85  85  85  84  84  84  84  84  84  84  83  83  83  83  83  82  82  82  82  82  82  82  82  81  81  81  81  81  80  80  80  80  80  79  79  79  78  78  78  78  78
1621  78  78  78  77  78  78  77  77  77  77  77  77  77  77  77  77  77  77  77  77  76  76  76  75  75  75  75  75  75  75  75  75  75  74  74  74  74  74  74  74  74  74  74  74  73  73  73  73  73  74  73  73  73  73  73  73  73  73  73  72
1622  72  72  72  72  72  72  72  71  71  71  70  70  70  71  70  70  70  70  70  69  69  69  69  69  68  68  68  68  68  68  67  67  68  68  68  68  67  67  67  68  67  68  68  67  67  67  67  67  67  67  67  67  66  65  65  65  65  64  64  64
1623  65  65  65  64  64  63  63  63  63  63  63  63  63  63  64  64  64  64  64  63  62  60  59  59  58  58  57  57  57  56  56  55  54  53  53  52  52  51  50  50  49  49  50  50  50  50  50  50  49  49  48  48  47  47  48  47  47  47  47  46
1700  45  45  45  45  45  46  45  45  46  46  45  45  45  45  44  43  44  43  43  43  43  43  42  42  42  42  41  41  41  42  43  44  44  46  48  48  48  48  48  47  46  45  44  44  43  42  42  42  42  42  41  41  41  41  41  41  40  40  40  41
1701  41  39  40  39  39  39  39  39  39  40  40  40  39  39  39  39  39  39  39  39  40  39  39  38  38  37  37  37  37  37  39  39  40  41  41  40  39  39  38  37  37  37  37  37  38  38  38  38  38  38  38  38  37  37  37  38  38  38  37  37
1702  37  36  36  36  36  35  35  36  36  37  37  37  37  36  36  37  37  37  38  39  39  39  40  39  39  39  39  40  40  41  41  41  41  41  41  42  42  42  42  43  43  43  43  43  44  44  44  45  45  46  46  46  47  47  47  47  47  48  48  49
1703  49  49  48  48  48  48  48  48  48  49  49  49  50  50  50  51  52  52  52  53  53  53  53  53  53  52  52  52  52  53  53  55  56  56  57  58  58  59  59  59  59  59  59  59  58  58  58  58  58  58  58  58  58  58  58  58  58  58  59  59
1704  59  59  59  60  60  60  60  60  60  60  59  60  60  60  60  60  59  59  60  59  59  59  59  60  60  60  60  60  60  60  60  60  61  61  61  61  61  61  62  62  62  63  63  63  63  63  63  63  63  63  63  63  63  63  63  63  63  63  63  63
1705  63  63  63  63  63  63  63  62  62  62  62  62  62  62  62  62  62  62  62  62  62  62  62  62  61  62  62  62  62  62  62  62  62  62  62  61  61  61  61  61  61  61  61  61  61  60  60  60  60  60  60  61  61  61  61  61  61  61  61  61
1706  61  61  61  61  61  61  61  61  61  61  62  62  63  63  64  64  64  64  65  65  65  65  65  65  65  65  65  65  66  66  66  66  66  66  66  66  66  66  66  66  65  65  65  65  65  65  65  65  65  65  64  64  64  63  63  63  63  63  63  63
1707  63  63  63  63  63  63  63  63  63  63  63  63  63  63  63  63  63  63  63  63  63  63  64  64  64  64  64  64  64  64  64  64  64  65  66  66  66  67  67  66  66  66  66  66  66  66  66  65  65  65  65  65  65  65  65  65  64  64  64  64
1708  64  64  64  64  64  64  64  64  64  64  64  64  64  64  64  64  64  64  64  64  64  64  64  64  64  64  63  63  63  63  63  63  63  64  64  63  63  63  63  63  63  63  63  63  63  63  63  63  63  63  63  63  63  63  63  63  62  62  62  62
1709  62  62  62  62  62  62  62  62  62  62  62  62  62  62  62  62  62  62  62  62  62  62  62  62  63  63  63  63  63  63  63  63  63  63  63  63  63  63  63  63  63  63  63  63  64  64  64  64  64  65  65  65  65  65  65  65  66  66  66  66
1710  66  66  66  66  66  67  67  67  67  67  67  67  68  68  68  68  69  69  69  69  70  70  70  70  70  70  70  70  70  71  71  71  71  71  72  72  72  72  71  72  72  72  72  72  72  72  72  73  73  73  73  73  73  73  74  74  74  74  74  74
1711  74  74  74  74  74  75  75  75  75  75  76  76  76  76  76  77  77  76  76  77  77  77  78  78  78  78  78  79  79  79  79  79  79  79  80  80  80  81  81  81  81  82  82  82  83  83  83  84  84  84  84  84  84  84  84  85  85  85  85  86
1712  86  87  87  87  88  88  88  88  89  89  89  90  90  90  91  91  91  91  92  92  92  92  93  93  93  93  93  94  93  93  93  93  94  94  94  94  93  93  94  94  95  95  95  95  96  96  97  98  99 101 102 102 102 102 103 104 105 105 104 103
1713 104 104 103 102 101 101 100 100 101 102 102 103 103 103 103 103 103 104 104 104 104 104 105 106 106 104 104 104 104 104 105 106 106 106 106 105 103 103 103 104 105 106 107 108 109 109 109 108 107 106 106 107 107 106 106 106 105 106 106 105
1714 106 107 107 108 107 107 109 109 109 109 109 109 108 108 108 108 108 109 108 109 110 111 111 112 112 113 115 115 116 117 117 115 114 114 115 116 117 118 118 119 119 120 120 119 119 118 117 118 120 122 124 123 121 120 120 121 122 123 124 124
1715 123 123 123 122 121 121 121 122 122 123 124 125 125 128 128 130 130 131 131 131 132 134 135 137 137 137 136 133 130 129 129 130 129 129 130 130 130 129 129 130 132 132 132 133 135 137 137 137 136 136 135 135 134 133 133 133 133 132 131 130
1716 131 132 133 134 133 133 132 132 133 133 133 133 133 134 135 136 135 135 134 133 133 132 133 134 134 134 133 133 133 133 134 134 134 133 133 132 133 132 132 132 132 134 134 135 135 134 134 134 135 135 135 134 134 134 134 135 135 135 135 135
1717 135 134 133 133 133 134 134 134 134 134 134 132 132 132 134 134 134 134 134 134 133 133 132 132 132 132 133 132 132 132 132 131 131 131 131 131 132 132 133 134 134 134 134 133 133 133 133 133 134 134 134 134 133 133 133 133 132 132 132 132
1718 132 132 132 132 132 132 132 132 132 132 131 131 131 131 131 131 131 130 130 130 130 130 130 130 129 129 129 129 129 129 128 128 127 127 126 126 126 125 125 125 124 123 123 122 121 120 119 119 118 117 117 116 115 114 114 112 112 111 110 109
1719 108 107 106 105 105 104 103 103 102 102 101 101 101 100 100  99  98  98  97  96  95  95  94  94  93  93  92  92  91  91  90  90  90  89  89  88  88  87  87  86  86  85  85  86  86  86  86  86  86  85  85  84  84  84  83  83  82  82  81  81
1720  81  80  80  80  80  80  80  80  79  79  78  78  78  78  77  77  77  77  77  77  76  76  76  76  76  76  76  76  76  76  76  76  76  76  75  75  75  75  76  79  81  82  83  84  85  86  87  87  88  89  89  90  91  91  93  94  95  95  95  95
1721  96  97  97  98  99  99  99 100 101 101 101 101 101 102 102 102 102 102 102 102 102 102 102 102 102 102 102 102 101 101 101 101 101 101 100 100 100 100 100 100 100 100 100 100 100 100 100 100  99  99  99  98  98  98  97  97  97  97  97  97
1722  97  96  96  96  95  95  95  95  95  95  95  95  95  95  95  95  95  95  95  94  95  95  95  94  95  95  95  95  95  95  95  95  96  96  96  96  96  96  96  96  96  96  96  96  96  96  96  96  95  95  96  96  96  96  96  96  96  96  96  96
1723  96  96  96  96  95  95  95  95  95  95  95  95  95  95  94  94  94  94  94  94  93  93  92  92  92  92  92  92  92  92  92  92  92  92  91  91  91  91  92  92  92  92  93  93  93  93  93  93  93  93  93  93  93  92  93  93  93  93  93  93
1800  93  93  93  93  93  93  93  93  93  94  94  94  94  94  94  93  93  93  92  92  92  92  92  92  92  91  91  91  91  90  91  90  90  90  90  90  90  90  90  90  90  91  91  91  91  91  92  92  92  92  92  92  93  93  93  93  93  93  93  92
1801  91  91  90  90  90  90  90  90  90  90  90  89  89  89  89  89  89  89  88  88  88  88  89  89  89  89  88  88  88  88  89  89  89  89  89  88  88  88  88  88  87  87  87  87  88  89  89  90  91  91  91  90  90  89  89  88  88  88  88  88
1802  88  88  89  89  89  90  90  90  90  90  89  88  88  88  88  88  88  88  88  88  87  87  87  88  89  89  90  90  90  90  90  90  90  90  90  89  89  89  89  88  88  88  87  86  86  86  85  85  85  86  87  87  87  88  88  88  87  87  87  87
1803  87  86  86  86  87  87  87  88  88  88  89  89  88  88  87  86  86  86  86  87  87  87  88  88  88  89  89  89  88  88  88  88  88  88  88  88  88  88  88  88  88  88  88  88  88  88  87  87  87  87  88  88  88  88  88  88  87  87  87  87
1804  88  88  88  88  88  88  88  88  88  88  88  88  88  88  87  87  87  87  87  87  87  87  87  86  86  86  86  86  86  86  85  86  86  85  85  85  85  85  85  86  86  87  87  87  87  87  87  87  87  87  87  87  86  86  86  86  86  85  85  84
1805  84  84  84  83  83  83  84  84  84  84  84  84  84  85  85  85  85  85  85  85  85  85  84  84  84  84  84  83  83  83  83  83  83  82  82  82  82  81  81  81  81  81  81  81  81  80  80  80  80  80  81  81  81  81  81  81  81  81  80  80
1806  80  81  81  81  80  80  80  80  80  80  80  80  80  80  80  80  80  80  80  80  80  80  80  80  80  80  80  80  80  80  79  79  79  79  79  79  79  79  79  80  79  79  79  79  80  80  80  80  80  80  80  80  80  80  80  80  80  80  81  81
1807  81  81  81  81  81  81  81  81  81  82  82  82  82  82  82  82  82 218  82  82  82  82  82  82  82  82  82  82  82  82  82  81  81  81  81  81  81  81  81  81  80  80  80  80  79  79  79  79  79  79  79  79  79  79  79  79  79  79  79  79
1808  79  79  78  79  78  78  78  78  78  78  78  78  78  78  78  78  78  78  78  78  78  78  78  78  78  78  78  78  78  78  78  78  78  79  79  79  79  79  79  79  79  79  79  79  79  79  79  79  79  79  79  80  80  80  80  80  80  80  80  80
1809  80  80  80  80  80  80  80  80  80  80  80  80  80  80  80  80  80  80  80  80  81  81  81  81  81  81  81  81  81  81  81  81  81  81  81  81  81  81  81  82  82  82  82  82  82  82  82  82  82  82  82  82  82  82  82  82  82  82  82  82
1810  82  82  82  83  83  83  83  84  84  84  84  84  84  85  85  85  85  85  85  85  85  85  85  85  85  85  85  85  85  85  85  85  85  85  85  85  85  86  86  86  86  86  86  86  86  86  86  86  85  86  86  86  86  86  86  86  86  86  86  86
1811  86  86  86  86  86  86  86  86  86  87  87  87  87  87  87  87  88  88  88  88  88  88  88  88  89  89  89  89  90  90  90  90 192  90  91  91  91  91  91  91  91  91  91  91  91  91  91  91  91  91  91  91  92  91  91  91  91  91  91  91
1812  91  91  91  91  91  91  91  91  91  91  91  91  91  91  91  91  91  91  91  91  91  91  92  92  92  92  92  93  92  93  93  93  93  94  94  94  94  94  94  94  94  94  94  94  94  94  94  94  95  95  95  95  95  95  95  95  95  95  95  96
1813  96  96  97  97  97  96  97  97  98  98  98  98  99  99  99 100 100 100 100 100 100 100 100 100  99  99  98  98  98  98  99  99 100 100 100 100 100 100  99 100  99  99  99  99  99  99  99  99  99  99  99  99  99 100 100 101 101 101 101 101
1814 101 100 100 100 100 100 100 100 100 100 101 101 101 101 102 102 102 102 102 102 102 102 103 103 103 103 103 103 103 103 103 103 103 103 103 103 103 103 103 103 103 103 102 102 102 102 102 102 102 102 103 103 103 103 103 103 103 103 103 103
1815 103 103 103 103 103 103 103 103 103 104 104 103 104 104 104 104 104 104 104 104 104 104 103 104 104 104 104 104 104 104 104 103 103 103 103 103 103 103 103 103 103 104 104 104 104 104 104 179 104 104 104 104 104 104 104 104 104 104 103 103
1816 103 103 103 103 103 103 103 103 103 103 103 103 103 103 103 103 103 103 103 103 103 103 103 103 103 103 103 103 103 103 103 103 103 103 103 103 103 103 103 103 103 103 103 103 103 102 102 102 103 103 103 102 102 102 102 102 102 102 102 102
1817 102 102 102 102 102 102 102 101 101 101 101 101 101 101 101 101 101 101 101 101 101 101 101 101 101 101 101 101 101 101 101 101 101 101 101 101 101 101 101 101 101 101 101 101 101 101 101 101 101 101 101 101 101 101 101 101 101 101 101 101
1818 101 101 101 101 101 101 100 100 100 100 100 100 100 100 100 100 100 100 100 100 100 100 100  99  99  99  99  99  99  99  99  99  99  99  99  99  99  99  99  99  99  99  99  99  98  98  98  98  97  97  97  97  97  97  97  97  97  97  97  97
1819  97  96  96  96  95  95  95  94  94  94  93  93  93  93  93  93  93  92  93  92  92  92  92  92  92  92  92  92  92  92  92  92  92  92  92  92  93  93  93  93  93  93  93  92  91  91  91  91  91  91  91  91  91  91  91  90  90  90  90  90
1820  90  90 192  90  91  91  92  92  92  92  91  91  91  91  91  90  90  90  90  90  90  90  90  90  90  90  89  89  89  89  90  90  90  90  89  89  89  89  89  90  90  90  90  90  90  90  89  89  89  89  89  89  88  89  89  89  89  89  89  89
1821  89  88  88  88  88  88  88  88  88  88  88  88  88  88  87  87  87  87  87  87  87  87  87  87  87  87  88  88  87  88  88  88  88  88  88  87  87  87  87  87  87  86  86  86  86  87  87  87  86  87  87  88  88  88  88  88  88  88  88  88
1822  88  88  88  88  88  88  88  87  87  87  87  87  87  87  87  87  87  87  87  87  87  87  87  87  87  87  87  87  87  87  87  87  87  87  87  87  87  87  87  87  87  87  87  87  87  87  86  86  86  86  86  86  86  86  86  86  86  86  86  86
1823  86  87  87  87  86  86  86  86  86  86  86  85  85  85  85  85  85  85  85  85  85  84  84  84  84  84  84  84  84  84  84  84  84  84  84  83  83  84  84  84  84  83  83  83  83  83  83  84  84  84  85  85  85  85  85  85  85  84  84  84
1900  84  84  84  84  84  85  85  85  85  86  87  87  87  88  88  88  88  89  88  89  89  89  89  89  89  88  88  88  88  88  87  87  87  87  87  87  87  86  86  86  86  86  86  86  85  85  85  85  85  85  85  85  85  86  86  86  86  86  86  86
1901  86  86  86  85  85  85  85  85  85  85  85  85  86  85  85  85  85  85  85  85  85  85  85  85  85  85  85  85  84  84  84  84  84  84  83  83  83  83  83  83  83  84  84  84  84  84  83  83  83  83  83  83  83  83  83  84  84  84  84  84
1902  84  84  85  85  85  85  86  86  86  86  86  86  87  86  86  87  86  86  86  86  86  86  86  85  85  85  85  85  85  85  85  85  85  85  85  84  84  84  83  83  83  83  83  83  83  83  83  83  83  83  83  83  82  82  82  82  82  82  82  82
1903  82  82  82  82  82  82  82  82  82  82  82  82  82  82  82  82  83  82  83  83  83  83  84  84  84  84  84  85  85  85  86  86  86  86  86  86  86  86  86  86  86  86  86  86  86  85  85  85  85  85  85  84  84  84  84  83  83  83  82  82
1904  82  82  82  82  82  82  82  82  82  82  81  81  81  81  80  80  80  80  80  80  80  80  80  80  80  80  80  80  80  80  80  80  80  80  80  80  80  80  80  79  79  79  79  79  79  79  79  79  79  79  79  78  78  78  78  78  78  78  78  78
1905  78  78  78  77  78  78  78  78  78  78  78  79  79  80  80  80  80  80  80  80  80  79  79  79  79  79  79  79  79  79  79  79  79  79  79  79  79  79  79  79  79  78  78  78  78  78  78  78  78  78  78  78  78  78  78  78  78  78  78  78
1906  77  77  77  77  77  77  77  77  77  77  77  77  78  78  78  78  78  78  78  78  78  77  77  77  77  77  77  77  77  77  77  77  77  77  77  77  77  78  78  78  79  79  79  79  79  79  79  79  79  79  79  79  79  79  78  78  78  78  78  78
1907  78  78  78  79  79  79  79  79  79  79  79  79  79  78  78  78  78  78  79  79  79  79  79  79  79  79  79  79  79  80  79  79  79  78  78  78  78  78  78  77  77  77  77  77  77  77  77  77  77  77  77  77  78  78  78  79  79  79  79  79
1908  79  79  78  78  78  78  78  78  78  78  78  78  78  78  78  78  78  78  78  78  78  77  77  77  77  78  78  78  78  78  78  78  78  78  78  78  79  79  79  79  80  80  80  80  80  80  80  81  81  81  81  81  82  82  82  82  82  82  82  82
1909  82  82  82  82  82  82  82  82  82  82  83  83  83  83  83  83  83  83  84  84  84  83  84  84  84  83  83  83  83  83  83  83  83  83  83  84  84  83  83  83  83  83  83  83  83  83  83  82  82  82  82  82  83  83  83  83  83  83  84  84
1910  84  84  84  84  84  84  85  85  85  85  85  85  85  85  85  85  85  85  85  86  86  86  86  86  86  86  86  86  86  86  87  87  87  87  87  87  87  87  87  87  87  88  88  88  88  88  89  89  89  89  89  89  89  90  90  90  90  90  90  90
1911  90  91  91  91  92  92  92  92  92  92  92  92  92  92  92  92  92  92  92  92  93  93  93  93  94  94  94  94  94  93  94  94  94  94  95  95  95  95  95  96  95  95  95  95  96  96  96  96  97  97  97  96  96  97  97  97  97  97  98  98
1912  97  97  98  98  98  98  98  98  98  98  99  99  99  99 100 100 100  99  99  99 100 100 100 100 100 101 101 100  99 100 100 100 101 100 100 100 100 100 101 100 100 100 101 101 101 102 102 103 103 102 102 103 103 103 103 103 103 103 104 104
1913 104 104 104 104 104 105 105 104 104 104 104 104 104 104 105 105 105 105 104 104 104 104 105 105 105 105 105 105 105 106 106 107 106 106 106 107 108 109 109 109 110 111 112 112 113 112 111 110 110 111 112 113 112 111 111 111 111 111 111 111
1914 111 112 114 114 113 112 112 113 114 115 115 115 115 114 114 114 114 114 114 114 114 114 114 114 114 114 114 114 114 114 114 115 115 115 116 117 117 117 117 117 117 117 117 117 117 117 117 117 117 118 118 119 120 119 119 119 119 119 119 120
1915 120 120 121 121 120 119 119 119 120 120 121 121 122 122 122 122 122 122 122 122 123 124 124 124 123 122 122 121 120 120 120 120 120 121 122 122 122 124 125 126 127 127 125 124 124 124 124 124 125 124 124 125 125 125 125 126 126 126 126 126
1916 126 125 126 126 126 126 126 126 126 127 127 127 127 126 125 125 124 123 124 124 124 125 125 125 124 124 124 124 124 125 125 124 125 124 124 124 124 124 124 124 124 124 124 124 124 124 123 123 123 123 123 123 123 123 123 124 124 124 124 124
1917 124 124 124 124 123 123 123 123 123 123 123 123 122 122 122 122 122 122 122 122 122 122 122 122 122 122 122 121 121 121 121 121 121 120 120 120 120 120 119 119 119 119 119 119 119 119 119 120 119 119 119 119 119 119 119 119 119 119 119 119
1918 119 119 119 119 119 119 119 119 119 119 119 119 119 119 119 119 119 119 119 118 118 118 118 118 118 118 118 118 118 118 118 118 118 118 118 118 118 118 117 117 117 117 117 117 117 117 117 117 117 117 117 117 117 117 117 117 117 117 116 116
1919 116 115 115 114 114 114 114 113 113 113 112 112 112 111 111 110 110 109 109 109 109 109 109 109 110 110 110 109 109 109 108 108 108 107 107 107 107 107 106 106 106 106 106 105 105 104 105 105 104 104 104 104 103 103 103 103 103 103 103 102
1920 102 102 102 102 102 101 101 101 100 100 101 101 101 101 101 101 101 101 100 100 100 100 100 100 100 100 100 100 100 100 100 100 100 100 100  99  99  99  99  99  99 100 100 100 100  99  99  99  99  98  98  98  98  98  98  98  98  97  97  97
1921  97  97  97  97  97  97  97  97  97  97  97  97  97  97  97  97  97  97  97  97  97  97  97  97  97  97  97  98  99  99  99  99  99  99  99  98  98  98  98  98  98  98  98  98  97  97  97  97  97  97  97  97  96  96  96  95  95  95  95  95
1922  95  95  95  95  95  95  95  95  95  95  95  95  95  95  94  95  95  95  95  95  95  95  95  95  95  95  95  95  95  95  95  95  94  94  94  94  94  94  94  94  94  94  94  94  95  95  95  96  96  96  95  95  95  95  96  96  96  96  96  96
1923  96  96  96  96  96  96  96  95  95  96  95  95  95  96  97  97  97  97  97  97  97  97  97  97  97  97  97  97  97  96  96  96  95  95  95  95  94  94  94  94  94  94  94  93  93  94  94  94  94  95  94  94  94  94  94  94  94  94  94  94
2000  93  93  93  93  93  94  94  93  93  93  93  93  93  93  94  94  96  97  98  98  97  97  97  97  97  98  99  99  99 100 100 101 101 101 102 102 103 103 103 103 103 103 103 102 103 103 102 102 102 102 102 102 102 101 101 101 101 100 100  99
2001  99  99  98  98  98  97  97  97  97  98  97  97  97  97  97  97  98  98  98  98  98  98  97  97  97  97  96  97  97  97  97  96  97  97  98  98  98  98  98  99  99 100  99  99  99  99  99  99  98  98  98  99 100 100 100 101 101 101 101 102
2002 102 102 102 102 102 102 102 102 102 102 102 102 102 102 102 102 102 102 102 102 102 102 102 102 102 102 102 102 101 101 101 100 100 100 100  99 100  99  99  99  99  99  99  99  99  99 100 100 100 100 100 100 100 100 100 100 100  99  99  99
2003  99  99  99  99 100 100 100 100 100 100 100 100 100 100 100 100 100 100 100 100 100 100 100 100  99  99  99  99  99  99  99  99  99  99  99  99  99  99  99  99  99  99  99  98  98  98  98  98  98  98  98  98  98  98  98  98  98  98  99  99
2004  99  99  99  98  98  98  98  97  97  97  97  98  98  97  97  97  97  98  97  97  97  97  97  96  96  96  95  95  95  94  94  93  93  93  92  92  91  90  90  90  90  89  89  88  88  88  87  87  87  87  87  87  87  87  87  87  87  87  87  87
2005  87  87  86  86  86  86  86  85  85  86  87  88  89  90  91  91  92  93  93  94  94  94  94  93  93  93  93  93  93  93  94  95  95  96  96  96  96  96  96  96  96  96  96  96  95  95  95  95  95  95  95  95  95  95  94  94  94  94  94  94
2006  94  94  94  94  94  94  94  94  94  94  95  95  95  95  95  95  95  95  94  94  94  94  94  94  94  94  94  94  94  94  95  95  94  95  94  94  94  94  94  94  93  94  94  94  95  95  95  95  95  95  95  95  95  95  95  95  95  95  95  95
2007  95  95  95  94  94  94  94  93  93  93  93  93  93  93  93  93  93  93  93  93  93  93  93  93  93  92  92  92  91  91  91  91  91  91  90  90  90  90  90  90  90  90  90  90  90  90  91  91  91  91  91  90  90  90  90  90  90  90  90  91
2008  91  91  91  91  91  91  91  91  91  91  91  91  91  91  91  91  91  91  91  91  91  91  91  90  90  90  90  90  90  90  90  90  90  90  90  90  90  89  90  89  89  89  89  89  89  89  89  89  89  89  89  89  89  89  89  89  89  89  89  89
2009  89  89  89  89  89  89  89  88  88  88  88  88  88  88  88  88  88  88  88 162  88  88  88  88  88  88  89  89  89  89  89  89  89  89  89  89  89  89  89  89  89  89  89  89  89  89  89  89  89  89  89  89  89  89  89  89  89  89  89  89
2010  90  90  90  90  90  90  90  90  90  91  91  91  91  91  91  91  92  92  92  92  92  92  92  92  93  93  93  93  93  93  93  93  94  94  94  94  95  95  95  95  95  95  95  96  96  96  96  97  97  97  97  97  97  98  99  99 100 101 101 101
2011 102 102 102 102 102 102 102 102 102 102 102 102 103 103 104 104 105 105 105 106 106 106 106 107 107 107 108 108 108 108 109 109 109 108 108 109 109 109 109 109 109 108 109 109 109 110 110 110 110 110 110 110 110 110 111 111 112 112 112 112
2012 112 112 113 114 114 114 114 114 114 114 114 114 115 116 116 117 118 118 119 120 120 119 119 119 119 120 120 121 122 123 124 124 124 123 123 122 122 122 122 121 122 122 122 123 124 124 124 125 125 125 125 125 125 125 125 124 124 124 124 124
2013 125 126 127 127 127 126 126 127 127 128 128 128 129 129 128 128 128 128 129 129 130 131 132 133 134 135 136 136 134 134 134 133 133 133 158 132 133 134 134 135 136 136 137 137 137 136 137 137 137 136 137 137 138 138 138 138 139 140 140 140
2014 140 140 140 140 139 139 140 141 141 142 142 142 141 141 141 141 141 141 142 143 142 142 144 145 145 145 144 144 144 145 145 144 144 144 146 146 146 146 145 146 147 146 146 146 146 146 146 146 147 147 146 147 148 148 149 148 148 148 149 151
2015 152 152 152 152 152 151 150 150 150 150 149 148 147 147 147 146 145 145 145 146 146 147 147 147 147 147 147 147 147 146 146 147 146 146 146 146 146 147 147 146 147 147 147 146 146 146 146 147 147 148 148 149 149 148 147 147 147 147 147 147
2016 148 148 147 147 147 147 147 148 149 149 148 148 148 148 148 148 148 148 147 147 147 147 148 149 149 148 147 147 147 147 146 146 145 146 145 146 146 146 146 146 145 145 145 145 145 144 144 144 144 143 142 142 142 141 141 140 140 140 140 140
2017 140 140 140 140 140 139 139 139 138 138 138 138 138 138 138 138 138 137 137 137 137 137 137 137 137 136 136 136 135 135 135 135 135 134 134 134 133 133 133 133 132 132 132 131 130 130 130 130 130 149 130 129 129 128 128 127 127 127 126 126
2018 125 125 125 125 125 125 125 125 125 125 124 124 124 124 123 122 122 122 121 121 121 121 121 121 120 120 120 120 120 120 120 119 119 119 118 118 118 118 117 117 117 117 117 117 117 117 117 117 117 117 117 117 116 116 116 116 116 116 116 115
2019 116 115 115 115 115 115 115 115 115 115 115 115 115 115 115 115 115 114 114 114 114 114 114 114 114 114 114 114 114 114 114 114 114 114 113 113 113 113 113 113 113 113 113 113 113 113 113 113 113 113 113 113 113 113 113 113 113 112 112 112
2020 112 112 112 112 112 112 112 112 112 112 112 112 111 111 111 111 111 111 111 112 112 111 111 111 111 111 111 111 110 110 110 110 111 111 111 110 110 110 110 110 110 110 110 110 110 110 110 110 110 109 109 109 109 109 109 109 108 108 108 108
2021 108 108 108 108 108 108 108 108 108 108 108 108 108 108 108 108 108 108 108 107 107 107 107 107 107 107 107 107 107 107 107 106 106 106 106 106 106 106 106 106 106 106 106 106 105 105 106 106 106 106 105 105 105 105 105 105 105 105 105 105
2022 105 104 104 104 165 104 104 104 104 104 104 104 104 104 104 104 104 104 104 104 104 104 104 105 105 105 105 105 104 104 104 104 105 105 104 104 104 105 105 105 105 104 104 104 104 104 104 104 104 104 104 104 104 104 104 104 104 104 104 103
2023 104 104 104 104 104 104 104 104 104 103 103 103 103 103 103 102 102 102 103 103 103 103 103 102 103 102 102 102 102 102 102 102 102 102 102 101 101 101 101 101 101 101 101 101 101 100 101 101 100 100 100 100 100 100 100 100 100 100 100 100
2100 100 100 100 100 100 100 100 100  99  99  99  99  99  99  99  99 100 100  99  99  99  99  99  99  99  99 100 100 100 100 100 100 100 100  99  99  99  99  99  99  99 100  99  99  99  99  99  99  99  99  99  99  99  99  99  99  99  99  99  99
2101  98  98  98  98  98  98  98  98  98  98  98  97  97  97  97  97  98  98  98  98  97  97  97  97  98  98  98  98  98  98  98  97  97  97  97  97  97  97  97  97  97  97  97  97  97  96  96  96  96  96  96  95  95  95  96  96  96  96  96  96
2102  96  96  96  96  96  96  96  95  95  95  95  95  95  95  95  96  96  96  96 181  96  97  97  97  97  97  97  96  96  96  96  96  96  96  96  95  95  95  95  94  94  94  94  93  93  92  92  91  90  90  89  89  88  88  88  89  89  89  89  89
2103  88  88  87  86  86  85  85  85  84  84  84  84  84  84  84  83  83  83  83  83  84  83  84  84  85  85  84  84  84  83  83  83  82  82  81  81  80  80  79  79  78  78  78  78  77  77  77  77  77  76  76  76  76  76  76  76  76  76  77  77
2104  77  76  76  76  76  76  76  76  76  77  77  77  77  77  77  77  76  76  76  76  76  75  75  75  75  75  75  75  74  74  74  74  74  73  73  73  73  73  73  73  72  72  72  72  72  72  71  71  71  70  70  70  70  69  69  69  68  68  68  68
2105  68  68  67  67  67  66  66  66  65  65  64  64  64  63  63  62  62  62  62  61  61  60  60  59  59  58  58  58  58  58  58  58  58  58  58  58  58  58  57  57  57  57  56  56  56  56  55  55  55  55  55  55  55  55  55  54  54  54  53  53
2106  53  52  52  51  51  51  51  51  51  51  51  51  51  51  51  51  51  51  51  51  51  50  50  50  50  50  50  49  49  48  48  47  47  47  47  48  48  48  48  48  48  47  47  47  46  46  46  45  45  45  45  45  45  44  44  44  44  44  44  44
2107  44  44  44  43  43  43  43  42  42  41  41  41  40  40  39  39  39  39  39  38  38  38  38  38  38  37  37  37  37  37  36  36  36  36  36  36  36  36  36  36  36  36  35  35  35  35  34  34  33  33  33  33  33  32  32  32  33  33  33  34
2108  34  34  35  35  35  34  33  33  32  32  31  31  31  31  32  32  32  32  32  31  31  30  29  29  29  28  28  28  27  28  28  28  28  28  28  28  29  29  29  28  28  28  27  27  28  28  28  28  28  28  27  27  27  27  26  27  28  29  29  29
2109  29  28  28  28  28  28  28  28  28  28  28  28  28  28  28  27  27  26  26  26  26  26  26  26  27  27  27  27  27  28  28  28  28  29  29  30  30  31  31  32  33  34  34  35  36  37  38  38  39  40  40  41  42  44  44  45  46  47  48  49
2110  50  51  52  53  54  56  58  59  61  63  64  65  65  65  66  68  70  70  71  73  75  77  77  78  78  79  80  81  81  82  83  84  84  84  84  85  85  85  86  86  87  87  89  90  91  92  93  93  93  93  93  93  93  94  95  96  97  97  99 101
2111 102 103 103 103 102 102 103 104 104 104 104 103 104 104 104 105 107 107 107 109 111 113 113 112 111 110 109 108 107 107 107 107 107 107 108 109 110 111 111 112 115 118 119 119 119 118 115 113 110 110 110 110 110 109 110 112 113 113 113 114
2112 116 117 119 122 123 122 120 119 118 118 117 115 115 116 115 114 114 116 117 117 117 117 116 116 116 116 117 117 118 119 119 119 118 119 120 120 120 121 121 121 121 122 121 120 121 122 123 124 124 123 124 125 124 124 125 126 125 124 125 126
2113 126 127 127 125 125 125 125 125 124 124 124 123 125 125 124 123 122 123 124 124 125 124 125 126 127 128 128 127 127 126 128 126 126 127 126 126 127 128 130 133 132 133 134 134 135 136 137 135 134 135 136 138 139 140 138 139 136 135 135 134
2114 133 132 130 130 130 129 130 130 129 128 130 130 130 131 131 133 133 133 133 133 132 132 133 135 137 136 135 135 135 135 134 132 130 130 129 130 131 134 135 137 138 137 136 135 134 134 135 136 136 137 137 138 140 142 144 144 143 141 139 137
2115 137 139 140 140 141 144 144 146 145 144 143 143 142 142 140 141 142 139 137 137 138 138 139 142 144 146 147 147 146 145 143 142 141 141 141 141 141 142 142 142 143 144 146 147 147 145 144 144 142 140 139 137 137 136 135 134 134 134 135 135
2116 135 135 135 135 135 134 134 134 134 134 134 133 134 135 135 136 136 137 137 137 137 136 137 137 137 138 138 138 138 138 138 139 140 139 138 138 138 138 138 138 138 138 137 137 137 137 137 137 137 137 137 136 135 135 134 133 134 134 134 134
2117 134 134 135 135 135 135 136 137 137 137 137 137 137 136 136 136 135 135 136 136 135 136 136 137 136 136 135 136 136 136 136 135 135 135 135 134 135 135 135 135 135 135 135 135 134 134 134 134 134 134 134 134 134 134 134 133 133 133 133 133
2118 133 133 133 133 133 133 133 133 132 132 131 131 131 130 130 130 130 130 129 129 129 129 128 128 128 128 128 128 128 128 128 127 127 127 127 126 125 124 124 123 122 122 122 122 122 122 121 121 121 121 121 121 121 121 121 121 121 120 120 119
2119 118 118 117 117 116 116 115 114 114 113 112 112 111 110 110 109 108 108 108 107 107 106 106 106 106 106 106 105 105 105 105 105 105 105 105 106 106 106 106 105 106 105 105 105 105 105 105 106 107 108 109 110 110 111 111 111 111 111 110 110
2120 109 108 108 107 107 106 106 106 106 105 105 105 104 104 104 103 103 103 103 103 102 103 103 103 102 102 102 102 102 102 101 101 101 101 100 100 100 100 101 101 101 102 102 102 101 101 102 102 103 103 104 106 108 109 109 110 111 111 111 111
2121 112 112 112 112 113 113 113 113 114 114 113 113 113 114 115 115 115 115 115 115 115 115 115 116 116 115 115 115 115 115 115 115 115 115 115 115 115 115 115 115 115 115 115 115 114 114 114 113 113 113 113 113 113 113 112 112 112 112 112 112
2122 111 111 111 110 110 110 109 109 108 107 107 106 105 105 104 104 104 103 103 103 102 102 102 102 101 101 101 100 100 100 100 100  99  99  99  98  98  98  99  99 100 100 100 100 100 100  99  98  98  97  97  97 100 101 102 103 103 103 104 104
2123 104 104 103 103 103 103 102 102 101 100  99  99  98  98  98  97  97  97  97  97  97  97  98  98  98  98  99  99 100 100 100 101 101 102 102 103 103 104 104 104 104 104 104 103 102 102 102 102 103 102 102 103 103 104 104 104 104 104 104 105
2200 105 106 106 106 106 107 107 107 107 107 106 106 106 106 106 107 107 107 108 108 108 108 108 108 108 108 108 108 108 108 109 109 109 109 109 109 109 109 109 108 108 108 108 108 107 107 107 107 108 107 107 107 108 108 107 107 107 107 107 107
2201 107 107 107 107 107 106 107 106 106 106 106 106 106 106 105 105 105 105 105 105 105 105 105 105 105 105 105 105 105 104 104 104 104 104 104 104 104 104 103 103 103 103 103 103 103 103 103 103 103 103 103 103 103 103 103 103 103 103 103 103
2202 103 103 103 103 103 103 103 103 103 103 103 103 103 103 103 103 102 102 102 102 102 102 102 102 102 102 102 102 102 102 102 102 102 102 102 102 102 102 102 102 102 102 102 102 102 102 102 102 102 102 102 102 102 102 102 102 102 102 102 102
2203 102 103 103 103 103 103 103 103 103 103 102 102 101 100 100 100  99  99  99  99  98  98  98  98  98  97  97  97  97  97  97  97  97  96  96  96  96  96  96  96  96  96  95  95  95  95  95  95  95  95  95  95  95  95  95  95  95  95  95  95
2204  95  95  94  94  94  94  94  94  94  94  94  93  93  93  93  93  93  93  93  93  93  93  93  93  93  93  93  93  92  92  92  92  92  92  92  92  92  92  91  90  90  90  90  90  90  90  90  90  90  89  89  90  90  90  90  90  89  89  89  89
2205  90  90  90  90  90  90  90  90  89  89  88  89  89  89  89  89  89  89  89  89  88  88  88  89  89  89  89  90  90  90  90  90  90  90  90  90  90  90  90  90  90  90  90  90  89  89  90  90  90  90  89  89  89  89  90  90  90  90  90  90
2206  90  90  90  90  90  90  90  90  90  90  90  90  89  89  90  90  90  90  90  90  90  90  90  90  90  90  90  90  90  90  90  90  91  91  91  91  91  91  91  91  90  90  90  91  91  91  91  90  90  90  90  90  90  90  90  90  90  90  90  90
2207  90  90  90  90  89  89  89  89  89  89  89  88  88  88  87  87  87  87  87  87  87  87  87  87  87  87  88  88  88  87  88  88  88  88  88  88  88  88  88  87  87  87  87  87  87  87  87  87  87  87  87  87  87  87  87  87  86  86  85  85
2208  85  85  85  86  86  86  86  86  86  85  85  85  85  85  85  85  85  85  85  86  86  86  86  87  87  87  87  87  87  88  88  88  88  88  89  89  89  89  89  89  89  89  89  89  89  88  88  88  88  88  88  88  88  88  88  88  89  89  89  90
2209  90  90  90  91  91  91  91  91  91  91  91  92  92  92  92  91  91  91  92  92  92  92  92  92  92  92  92  92  92  92  92  92  92  92  92  92  92  92  92  92  92  92  92  92  92  92  92  92  92  92  92  92  92  91  91  92  92  92  92  92
2210  92  92  92  91  91  92  92  92  92  92  92  92  92  92  92  92  92  92  92  92  92  92  92  92  92  92  92  92  92  92  92  92  92  92  93  93  93  93  93  93  93  93  93  93  93  93  93  93  93  93  93  93  93  93  94  94  94  94  93  94
2211  94  94  94  94  94  94  94  94  94  94  94  95  95  95  95  95  95  95  95  95  95  96  96  96  96  96  96  96  96  96  96  96  96  96  96  96  96  97  97  97  97  97  97  97  97  97  97  97  97  97  97  97  97  97  97  97  98  98  97  97
2212  97  97  97  97  98  98  98  98  97  98  98  97  97  97  97  98  98  99  99  99  99  99  99  99  99  98  98  99  99 100 100 100 100 100 100 100 100 100 100 100 100 100 100 101 101 101 101 102 102 101 101 101 101 101 101 102 102 102 103 103
2213 102 102 103 102 101 101 101 101 102 103 103 103 102 102 101 102 102 102 102 102 103 103 103 103 104 104 104 103 103 103 103 104 105 105 106 106 106 106 105 104 104 104 103 103 104 103 103 103 103 103 104 103 103 104 104 103 103 103 103 103
2214 104 104 104 105 105 105 104 104 104 105 104 104 104 103 104 103 103 103 103 103 104 104 105 104 104 104 105 106 106 107 106 105 105 105 104 105 105 106 106 105 107 107 107 107 108 109 108 108 108 106 106 106 106 105 105 106 107 107 106 106
2215 106 106 105 105 106 105 104 105 107 107 107 108 108 109 108 107 106 106 107 107 107 107 107 107 107 107 107 107 107 107 106 106 105 106 106 106 152 106 106 107 106 106 106 106 106 106 106 107 107 107 108 108 109 109 109 108 107 107 107 107
2216 108 108 108 108 107 106 106 106 107 106 106 105 105 105 105 106 107 107 107 108 107 106 106 105 105 105 105 105 105 105 105 105 105 106 106 106 107 108 108 108 108 107 107 106 106 106 107 108 108 108 108 108 107 108 108 108 108 109 109 108
2217 107 107 106 106 107 107 107 107 106 106 105 105 105 105 104 104 104 104 104 104 104 104 105 105 105 104 104 104 104 104 104 104 104 104 104 104 104 103 103 104 104 104 104 104 104 104 104 104 104 104 103 103 103 103 104 104 104 104 104 103
2218 103 103 103 103 103 103 103 103 103 103 103 103 102 102 102 102 102 102 102 102 102 102 102 102 101 101 101 101 101 100 100 100 100 100 100 100 100  99  99  99  99  99  99  99  99  99  99  99  99  99  98  98  98  98  98  98  98  98  98  97
2219  97  97  97  97  97  96  96  96  96  96  96  96  96  96  96  96  96  96  96  96  95  95  95  96  95  96  95  95  95  95  95  95  95  95  95  95  95  95  95  95  95  95  95  94  94  94  94  94  94  94  93 166  93  93  93  93  93  93  92  92
2220  92  92  92  93  93  93  93  93  93  93  92  92  92  92  92  92  92  92  92  92  92  93  93  93  93  92  93  93  93  93  93  92  92  92  91  91  91  91  91  91  91  92  92  92  92  92  92  92  92  91  91  92  92  92  91  91  91  91  91  91
2221  91  92  92  92  92  91  91  91  91  91  91  91  91  91  91  91  91  91  91  91  91  91  90  90  90  90  90  90  90  90  90  90  90  91  91  91  90  90  90  90  90  90  90  89  89  89  90  90  89  89  89  89  89  89  89  89  89  89  89  89
2222  89  89  89  89  89  89  89  89  89  89  89  89  89  88  88  88  88  88  88  88  88  88  87  87  87  87  88  88  87  87  86  86  86  87  87  86  86  86  86  86  86  86  86  86  86  86  86  86  86  86  85  85  85  85  85  85  86  86  86  86
2223  86  86  86  85  85  85  85  85  85  85  85  85  85  85  85  85  85  85  85  85  84  84  84  84  84  84  83  83  84  84  84  84  84  84  84  84  84  83  83  83  83  83  83  83  83  83  83  83  83  83  82  82  82  82  82  82  82  82  82  82
2300  81  81  82  82  82  82 201  82  82  82  82  82  82  82  82  81  81  81  81  81  81  81  81  81  80  80  80  80  80  80  80  80  80  80  80  79  79  79  79  79  79  79  79  79  79  79  79  79  79  79  79  79  79  78  78  78  78  78  78  78
2301  78  78  78  78  78  78  78  77  77  77  77  77  77  77  77  77  77  77  77  77  77  77  77  77  77  76  76  76  76  76  76  76  76  76  76  76  76  76  76  76  76  76  76  76  76  77  77  77  77  77  77  77  77  77  77  76  77  76  76  76
2302  76  76  76  76  76  76  76  76  76  76  76  76  76  76  76  76  76  76  76  76  76  76  75  75  75  75  74  75  75  75  75  74  74  75  75  75  75  75  75  75  75  75  75  75  75  75  75  75  75  75  75  75  75  74  74  74  74  74  74  74
2303  74  74  74  74  74  74  74  74  74  74  74  74  75  74  74  74  74  74  74  74  74  74  73  73  73  73  74  74  74  74  74  74  74  73  73  73  73  72  72  71  71  71  70  70  69  69  69  69  69  69  69  70  70  70  70  70  71  71  71  71
2304  70  70  69  69  69  69  69  69  69  69  69  68  68  68  68  67  67  67  67  67  67 206  67  68  68  68  68  68  67  67  67  67  67  67  68  68  68  68  68  68  68  67  67  67  67  67  67  67  67  67  67  67  67  67  66  66  66  66  65  65
2305  65  65  65  65  65  64  64  64  64  64  65  65  65  65  64  64  64  64  64  64  64  64  64  64  64  64  64  65  65  65  65  65  65  65  64  64  64  65  66  66  65  65  65  64  64  64  64  63  63  63  63  63  63  62  62  62  62  62  62  62
2306  62  61  61  61  61  62  63  62  62  62  62  62  62  62  62  62  62  62  63  63  63  62  61  61  62  62  62  62  61  62  62  62  62  62  61  61  61  61  61  62  62  62  62  61  61  61  60  60  60  59  59  59  59  59  59  59  60  60  61  62
2307  63  64  65  65  66  66  67  66  66  66  66  65  64  63  63  63  63  63  63  63  62  62  61  61  61  61  61  61  61  61  61  61  61  62  62  62  62  62  62  62  63  63  63  63  63  63  63  63  63  63  63  63  64  64  64  64  64  65  65  65
2308  65  66  66  67  67  67  67  68  68  68  68  68  68  69  69  69  69  70  70  70  70  70  70  70  70  70  69  69  69  69  68  68  68  68  68  68  68  68  68  68  68  69  70  70  70  70  69  69  69  69  69  69  69  69  69  69  69  69  68  68
2309  68  67  67  66  66  66  66  67  68  69  70  70  70  71  71  70  70  70  70  70  70  69  69  69  69  70  70  70  70  70  70  70  70  70  70  71  71  70  71  70  70  70  70  70  70  70  70  71  71  71  71  71  71  71  71  71  71  71  71  72
2310  72  72  72  72  72  72  72  72  72  73  73  73  73  73  73  73  73  73  73  73  74  74  74  74  74  74  74  74  74  74  74  75  75  75  75  75  75  75  75  75  76  75  76  76  76  76  76  76  76  76  76  76  76  76  76  77  77  77  77  77
2311  77  77  77  77  77  77  77  78  78  77  77  77  77  77  77  78  78  79  79  79  79  79  79  79  79  80  80  80  80  80  80  81  81  82  83  83  83  83  82  82  81  81  81  81  81  82  83  84  84  84  84  85  85  86  85  86  86  86  85  85
2312  86  85  85  85  85  86  87  89  91  91  92  93  93  93  92  92  93  93  92  91  91  91  92  92  93  93  94  94  95  97  97  97  96  95  94  93  93  93  93  91  90  90  89  90  91  93  94  96  97  97  99  98  99 100 100 100  99  98  97  97
2313  98  98  98  96  95  95  96  96  97  98  99  98  98  98  98  97  96  96  96  96  97  96  96  96  96  97  97  98  98  98  99 100 101 100 100 100 100 100 101 101 101 101 101 101 102 101 100 100 101 101 101 100  99 100 100  99 100 100 101 100
2314 100 101 101 100  99 101 102 101 101 102 102 103 105 107 107 105 104 103 104 105 105 105 105 104 104 104 104 106 107 107 106 106 108 108 108 107 108 110 111 112 112 110 109 109 107 106 106 104 105 106 108 110 110 110 109 109 107 107 108 109
2315 109 109 108 109 109 108 109 107 107 109 108 107 107 108 108 109 110 110 109 108 108 107 107 107 108 108 109 109 110 110 111 112 112 113 112 112 112 111 111 111 111 112 111 109 109 110 111 110 109 109 109 108 107 106 105 105 105 105 105 105
2316 105 105 105 105 106 106 107 107 107 107 107 107 107 106 106 107 107 108 109 109 108 108 109 109 108 108 109 109 109 109 108 108 109 109 110 110 110 110 110 110 110 111 112 112 113 113 112 111 111 110 109 108 108 108 108 108 107 107 107 107
2317 107 107 107 108 108 108 107 107 107 107 107 108 108 108 108 108 108 108 107 107 107 108 107 107 108 108 108 107 107 106 106 107 107 107 107 107 106 107 107 107 107 107 107 107 107 107 106 106 106 106 106 106 106 105 105 105 105 105 105 105
2318 105 105 105 105 104 104 104 104 104 103 103 103 103 103 103 103 103 103 103 103 103 103 103 103 103 103 103 103 103 102 103 103 103 103 103 103 103 103 103 103 102 102 102 101 101 101 101 101 101 101 101 101 101 101 101 101 100 100 100  99
2319  99  99  99  99  98  98  98  98  98  98  98  98  98  98  98  98  98  98  98  98  98  98  98  98  98  98  98  98  98  98  98  98  97  98  98  98  98  98  98  98  98  98  98  98  97  97  97  97  97  97  97  97  97  97  97  97  97  97  97  97
2320  97  97  97  97  97  97  97  96  96  95  95  95  95  95  94  94  94  94  94  93  93  93  93  93  93  93  93  93  93  93  93  92  92  92  92  92  92  92  92  92  92  92  92  92  92  92  92  92  92  92  92  92  91  91  91  91  91  91  91  91
2321  91  91  91  91  91  91  91  91  91  90  90  91  91  91  91  90  90  90  90  90  90  90  90  90  90  90  89  89  89  89  89  89  89  89  88  88  88  88  88  88  88  88  88  87  87  87  87  87  87  87  87  87  86  86  86  86  86  86  86  86
2322  86  86  86  86  86  85  85  85  85  85  85  84  84  84  84  84  83  83  84  84  84  84  83  83  83  83  83  82  82  82  82  82  82  81  81  81  81  81  81  81  81  80  80  80  80  80  80  80  80  80  80  80  80  80  80  80  80  80  80  80
2323  80  79  79  79  79  79  79  79  79  79  79  79  79  79  79  79  79  79  79  79  78  78  78  78  78  78  78  78  78  78  78  78  78  78  78  78  77  77  78  78  77  77  77  77  77  77  77  77  77  77  77  77  76  76  76  76  76  76  76  76
2400  75  76  75  75  75  75  75  75  75  75  75  75  75  75  75  75  75  74  75  75  75  74  74  74  74  74  74  74  75  74  74  74  74  74  74  74  74  74  74  74  74  74  74  74  74  74  74  74  74  74  74  74  74  74  74  74  74  74  74  74
2401  74  74  73  74  73  73  73  73  73  73  73  73  73  73  73  73  73  73  73  72  72  72  73  72  72  72  72  72  72  72  72  72  72  72  72  72  72  72  72  72  72  72  72  72  72  72  72  72  71  71  71  71  71  71  71  71  71  71  71  71
2402  71  71  71  71  71  71  71  71  71  71  71  71  71  71  71  71  71  71  71  71  70  71  71  70  70  70  70  70  70  70  70  69  69  69  69  69  69  69  69  69  69  69  69  69  69  69  68  69  69  69  68  68  68  68  68  68  68  68  68  68
2403  68  68  68  68  68  68  68  68  68  68  68  68  68  68  68  68  68  68  68  68  68  68  68  68  68  68  68  68  68  68  67  68  67  67  67  68  68  68  68  68  68  68  68  68  68  69  69  69  69  69  69  69  69  69  69  69  69  68  68  68
2404  68  68  69  69  69  68  68  68  68  68  68  68  68  68  68  68  68  68  68  68  68  68  68  68  68  68  68  68  68  68  68  68  68  68  68  68  68  68  68  68  68  68  68  68  68  68  69  69  69  69  69  69  69  69  69  69  69  69  70  70
2405  70  70  70  70  70  70  70  70  70  70  70  70  70  70  70  70  70  70  70  70  70  70  70  70  71  70  70  70  70  70  70  70  70  70  70  70  70  70  70  70  70  70  70  70  70  70  70  70  70  70  70  70  70  70  70  70  70  70  70  70
2406  70  70  70  70  69  69  69  69  69  69  69  69  69  69  69  69  69  69  69  69  69  69  69  69  69  69  69  69  69  69  69  69  69  69  69  69  69  69  69  69  69  69  68  68  68  68  68  68  68  68  68  68  68  68  68  68  68  68  68  68
2407  68  68  68  68  68  68  68  68  68  68  68  68  68  68  68  68  68  68  68  68  68  68  68  68  68  68  68  68  68  68  68  68  68  68  68  67  68  67  67  67  67  68  67  67  67  67  67  67  67  67  67  67  67  67  67  67  67  67  67  67
2408  67  67  67  67  67  67  67  67  67  67  67  67  67  67  67  67  67  67  67  67  67  67  67  67  67  67  67  67  67  67  67  67  67  67  67  67  67  67  67  68  68  68  67  68  67  68  67  68  67  67  67  67  67  67  67  67  68  68  68  67
2409  67  68  68  68  68  68  68  68  68  68  68  69  69  69  69  69  69  69  69  69  69  69  69  69  69  69  69  69  69  69  69  69  69  69  69  70  70  70  70  70  70  70  70  70  70  70  70  70  70  70  70  70  70  70  70  70  70  70  70  70
2410  71  70  70  70  70  70  70  70  70  70  70  70  70  70  71  70  70  71  71  71  71  71  71  71  71  71  71  71  71  71  71  71  71  70  70  70  70  69  69  69  69  68  68  68  68  68  68  68  67  67  67  67  67  66  66  66  66  66  66  66
2411  66  66  65  65  66  66  66  66  66  66  66  66  66  66  67  67  66  66  67  67  67  67  67  67  67  68  68  69  69  69  69  70  70  70  70  70  71  71  71  71  71  71  71  72  72  72  72  72  73  74  73  73  73  74  74  74  75  75  75  76
2412  76  76  76  75  75  75  76  76  76  77  77  77  77  77  77  78  78  78  78  78  78  78  78  78  78  77  77  77  77  77  77  77  77  77  77  77  77  77  77  77  78  78  78  77  77  77  78  78  77  77  77  77  77  77  77  77  77  77  77  77
2413  78  78  78  79  79  79  79  79  79  79  80  81  81  82  84  85  87  89  90  91  91  92  92  91  91  91  90  90  89  89  90  92  92  94  97 100 101  98  96  94  93  92  93  94  96  96  94  92  91  90  89  88  88  89  90  90  90  90  90  89
2414  90  90  90  90  90  90  90  90  90  90  91  91  93  95  97  99 101 102 102 101 100 101 102 101 103 103 105 106 107 107 107 107 108 109 110 110 109 104 102 100  99  98  98  98  97  97  96  96  97  97  97  97  97  97  98  98  99 101 103 105
2415 104 103 103 102 100 100 102 103 104 105 106 108 109 110 110 109 108 108 109 109 107 106 108 110 111 111 110 110 110 110 109 108 108 106 105 105 106 106 106 105 104 103 103 102 102 103 103 104 104 104 104 103 103 103 103 103 104 104 104 103
2416 104 104 105 105 106 107 108 109 109 110 109 109 108 108 108 108 109 110 111 111 112 112 112 112 113 114 113 114 116 116 115 115 115 113 112 112 113 113 113 113 113 112 112 112 114 115 115 115 117 118 118 119 119 119 119 120 122 123 122 120
2417 119 118 118 118 118 118 118 118 119 121 121 123 123 123 122 121 119 119 120 120 119 118 119 120 119 119 119 120 121 121 122 123 123 124 124 123 120 118 160 116 116 116 116 116 116 116 116 115 114 114 114 113 113 113 113 113 113 113 113 112
2418 113 114 114 114 115 115 115 115 115 115 115 115 114 114 113 113 112 112 112 112 111 111 111 111 111 112 112 112 112 113 114 114 114 115 116 116 115 114 114 114 113 113 113 113 113 112 113 113 112 112 112 112 111 111 111 111 111 110 110 110
2419 109 109 109 109 109 108 108 108 108 108 107 108 108 107 107 107 106 106 105 105 104 104 103 103 103 103 103 103 103 102 102 102 102 101 101 101 101 101 100 100 100 101 101 101 101 100 100  99  99  99  99  99  98  98  98  97  97  97  96  96
2420  96  96  96  97  97  97  97  97  98  98  97  97  97  96  97  97  97  97  97  96  96  96  96  97  97  97  96  96  96  95  94  94  94  95  96  95  95  95  95  95  94  93  93  94  94  93  93  93  93  93  92  92  92  92  93  92  92  91  92  92
2421  92  92  92  92  92  93  92  92  92  92  91  91  91  91  91  90  91  91  90  90  91  91  91  91  90  90  90  90  89  89  89  89  89  88  88  88  88  88  88  88  87  87  87  87  86  86  86  86  85  85  85  85  85 181  86  85  85  85  85  84
2422  84  84  84  83  83  81  82  83  83  83  83  83  84  84  83  83  84  84  84  84  84  84  84  84  84  83  82  81  81  82  81  82  82  82  83  83  83  83  83  83  82  82  81  80  80  79  77  77  76  75  75  75  75  74  73  73  72  72  72  71
2423  71  70  69  68  68  67  66  65  64  64  64  65  65  64  61  60  59  59  58  57  56  54  54  53  53  53  52  52  52  51  51  50  49  48  48  47  47  47  47  46  46  46  47  47  47  47  47  47  46  47  47  47  47  46  45  45  45  45  44  44
2500  44  44  45  45  45  44  44  43  42  42  41  41  40  40  40  40  41  41  41  41  41  41  41  41  40  40  40  40  39  40  41  43  44  45  45  46  48  49  50  51  52  52  53  54  55  55  54  53  52  51  50  49  48  48  48  47  47  47  48  48
2501  48  47  46  45  45  45  45  45  45  46  45  43  42  41  40  39  39  39  39  39  41  42  42  42  42  41  39  40  40  41  40  39  40  40  40  41  41  40  39  39  39  39  39  40  40  39  38  37  37  37  35  34  33  33  33  33  33  33  34  34
2502  34  34  34  34  33  32  32  32 227  32  32  32  32  31  31  31  31  31  32  32  32  33  34  35  35  36  36  38  38  39  40  40  40  41  41  41  41  42  43  45  46  47  48  49  49  49  50  50  50  50  50  50  50  49  49  49  49  49  49  49
2503  48  46  45  44  44  43  43  42  42  41  41  41  41  41  40  39  39  39  39  39  40  41  40  40  42  42  43  44  44  45  45  46  46  46  46  46  46  46  46  46  46  47  47  47  47  48  47  47  47  47  46  45  45  44  44  44  44  43  43  43
2504  43  43  44  44  45  45  44  44  43  43  43  42  43  42  42  41  40  40  40  39  39  39  38  37  35  34  34  34  34  34  33  32  32  33  32  32  31  31  30  30  30  28  27  27  26  26  25  25  25  25  24  24  24  25  25  25  26  26  25  25
2505  24  24  24  25  25  24  24  24  24  25  25  25  24  25  26  27  28  28  28  29  31  32  33  33  32  33  33  33  34  34  33  31  31  30  31  31  33  33  34  34  33  33  32  31  31  30  30  30  30  30  30  30  30  30  30  30  29  29  26  25
2506  23  23  22  22  22  22  22  22  21  21  20  20  20  19  19  19  20  20  20  19  19  19  19 213  19  19  19  19  19  18  18  18  17  17  16  16  16  16  16  16  16  17  18  18  18  17  16  15  15  14  15  15  15  15  16  16  15  15  15  15
2507  15  14  15  15  15  16  16  16  17  17  16  16  16  17  19  20  21  22  22  22  23  23  24  24  24  25  25  25  25  25  25  25  25  26  27  28  29  30  31  32  32  33  33  33  34  34  34  33  33  33  33  33  33  34  34  33  33  32  32  32
2508  32  31  30  30  29  28  27  26  25  25  25  24  23  23  24  24  24  25  26  26  26  26  25  24  24  24  23  23  23  22  23  23  23  23  22  21  21  21  22  23  23  23  21  20  20  19  19  18  17  17  17  18  19  19  19  19  20  20  20  21
2509  21  22  22  23  23  23  24  24  24  25  25  25  25  25  25  25  25  25  25  25  25  26  26  26  26  27  27  27  27  27  27  27  27  27  27  27  27  27  28  28  27  27  27  27  27  27  27  27  27  27  28  28  28  28  28  28  28  28  28  28
2510  28  28  28  28  29  28  29  29  29  29  30  29  29  29  29  29  28  29  29  28  28  26  26  26  26  26  26  27  26  26  26  26  26  27  27  28  28  28 183  28  29  28  29  29  29  29  29  29  29  30  30  30  30  30  31  32  32  32  32  32
2511  33  34  35  36  37  38  38  38  38  39  39  40  40  41  41  42  43  44  46  47  49  51  52  53  54  54  53  54  55  55  54  55  56  57  57  58  59  60  61  63  65  67  67  67  67  68  70  71  72  71  71  73  73  73  74  75  77  77  78  79
2512  80  81  83  85  86  86  87  87  87  87  88  89  90  91  90  90  92  92  91  91  91  94  96  96  96  96  96  94  93  92  92  91  92  92  93  95  95  96  98  98  97  97  98  98  99 100 100 100 101 103 104 104 107 108 108 108 107 106 107 108
2513 109 108 110 109 107 105 105 106 105 105 105 107 109 111 112 109 109 107 106 107 108 110 111 111 110 111 110 110 109 111 109 108 108 110 111 112 113 113 114 115 117 116 116 117 117 114 113 113 114 114 112 112 113 114 113 113 113 114 116 118
2514 120 119 118 118 118 119 116 116 117 117 119 122 123 123 123 124 124 124 122 121 120 120 121 123 125 125 123 123 122 122 122 124 126 124 123 125 125 126 127 126 126 126 128 126 125 127 125 125 125 126 127 127 127 128 130 129 129 129 130 129
2515 129 129 130 131 133 134 133 132 131 131 130 129 128 128 128 128 129 130 130 130 130 127 127 129 130 130 129 131 130 130 129 128 129 129 131 132 132 132 133 135 135 135 135 134 133 133 133 133 132 133 133 135 134 134 136 137 136 134 133 135
2516 134 133 131 130 130 130 132 134 134 133 132 132 131 131 131 130 130 130 130 131 132 133 134 134 135 135 134 134 134 133 132 131 131 131 132 132 131 131 130 130 131 133 133 132 131 130 130 130 130 129 129 130 131 132 132 131 133 133 134 133
2517 132 131 131 130 129 130 130 130 131 130 130 130 130 130 130 129 129 129 129 129 130 129 129 129 130 130 129 129 129 128 129 129 129 129 129 130 129 129 129 130 130 129 128 128 127 127 128 129 129 128 128 128 128 128 128 128 128 127 127 127
2518 126 126 126 126 126 126 126 126 126 126 126 126 126 127 127 127 127 127 126 125 125 124 124 123 123 123 123 122 122 122 122 121 121 121 121 120 120 120 119 119 119 119 118 118 118 118 118 118 117 117 117 117 116 116 116 116 115 115 115 115
2519 114 114 114 114 114 114 114 113 113 113 113 113 112 112 112 112 111 111 111 111 111 111 111 110 110 110 110 110 109 109 109 109 109 108 108 108 108 108 108 107 107 107 107 107 107 107 107 107 107 106 106 105 105 104 104 104 104 104 104 104
2520 104 104 104 104 103 104 103 103 103 103 103 102 102 102 102 102 103 102 102 103 103 103 103 102 102 102 101 101 101 101 101 100 100 100  99  99  98  98  98  97  96  96  95  94  94  93  92  92  91  91  90  90  91  91  91  90  90  90  91  92
2521  92  92  93  93  92  92  92  91  91  91  91  92  92  93  93  92  92  91  90  89  88  87  87  86  86  84  84  84  84  84  83  82  81  81  80  79  79  79  78  78  78  78  77  77  77  77  79  81  83  85  86  88  89  90  91  91  91  91  91  91
2522  92  93  94  93  94  94  94  94  94  94  94  94  94  93  94  93  93  93  93  92  92  92  92  91  91  91  91  90  91  91  91  91  91  91  91  92  92  91  91  91  91  91  91  91  91  90  90  90  89  89  88  88  87  87  87  87  87  87  87  86
2523  86  86  86  86  87  87  87  86  86  85  84  83  82  82  82  82  83  82  82  82  82  82  82  81  82  81  81  81  82  81  80  80  80  80  79  78  78  77  77  76  76  75  75  74  74  73  73  72  72  72  73  73  75  77  77  76  76  75  75  74
2600  74  75  75  74  73  73  73  74  74  74  74  75  74  74  73  72  72  71  71  71  70  70  70  70  70  70  70  69  69  69  69  70  69  69  69  68  68  68  68  68  68  68  68  69  69  69  69  69  69  69  69  69  69  69  69  70  70  71  71  72
2601  72  72  72  72  72  73  73  74  75  75  75  76  76  76  77  77  78  79  79  80  80  80  81  81  81  81  80  80  80  81  81  81  81  81  80  80  80  80  81  81  81  82  82  82  82  82  82  82  82  82  82  82  82  81  81  81  81  81  80  80
2602  80  80  80  80  79  79  79  78  78  78  78  77  78  79  78  78  78  78  77  77  77  77  77  77  77  76  76  76  76  76  76  76  76  76  75  75  75  75  75  75  75  75  75  75  75  75  75  76  76  76  76  76  76  76  76  76  75  75  75  75
2603  75  75  75  76  76  76  76  76  76  76  76  76  77  77  77  77  76  76  76  76  75  75  75  75  75  75  75  75  75  75  75  75  75  75  76  76  76  76  76  76  76  76  76  76  76  76  76  76  76  76  76  75  75  75  75  75  75  75  75  74
2604  74  74  74  74  73  73  73  73  73  73  73  74  74  74  74  74  74  74  75  75  75  75  75  75  75  75  75  74  74  74  74  74  74  74  74  74  74  74  74  75  75  75  75  74  74  74  74  74  74  74  74  73  73  73  73  72  72  72  72  72
2605  72  72  72  72  72  72  72  72  71  71  71  71  71  71  71  71  71  71  71  71  71  71  72  72  72  72  72  72  72  72  71  71  71  71  71  71  71  71  71  71  71  71  71  71  70  70  70  70  70  69  69  69  69  69  68  68  68  68  68  68
2606  68  68  68  68  68  68  68  68  67  67  67  67  67  68  68  68  68  69  69  69  69  70  70  70  70  70  70  70  70  70  70  70  70  70  70  70  70  70  70  71  71  71  71  71  71  71  71  71  71  71  71  70  70  70  70  70  70  70  70  70
2607  70  70  70  70  70  70  70  70  69  69  69  69  69  69  69  69  69  69  69  69  69  69  69  69  69  69  69  69  69  69  69  69  69  70  70  71  71  71  71  71  71  72  72  72  72  72  72  72  72  72  72  72  72  71  71  71  71  71  71  71
2608  71  71  71  71  71  71  71  71  71  71  71  71  71  71  71  71  71  71  71  71  71  71  71  71  71  71  71  71  71  71  71  71  71  71  71  71  71  71  71  71  71  71  71  71  71  71  71  71  71  71  71  71  71  71  71  71  71  71  71  71
2609  70  70  70  69  69  69  69  69  69  69  69  69  69  69  70  70  70  70  70  70  71  71  70  71  70  70  70  70  70  70  71  71  71  71  71  71  71  70  70  70  71  71  71  71  71  72  72  72  72  72  72  72  73  73  73  73  73  73  74  74
2610  74  75  75  75  75  75  76  76  76  76  76  77  77  77  77  77  77  77  78  78  78  78  78  78  78  78  78  79  79  79  79  80  80  80  80  81  81  81  81  81  82  82  82  82  83  83  83  83  83  84  84  84  85  85  85  85  85  85  85  85
2611  85  86  86  86  86  86  86  86  86  87  87  87  87  87  87  87  87  87  87  88  88  89  89  89  89  90  90  90  90  90  90  91  92  91  91  90  90  90  91  91  92  92  93  93  93  93  93  93  92  93  94  94  93  93  92  92  93  93  93  93
2612  93  94  94  95  96  95  94  94  94  94  94  95  95  95  95  96  96  97  97  96  96  96  95  95  95  96  95  95  95  95  95  96  96  96  95  95  96  97  97  96  97  96  95  95  95  95  94  94  94  95  95  95  95  95  96  96  96  97  97  97
2613  97  98  99 100 100 100 100 100 101 101 101 103 103 103 104 104 104 105 105 104 105 105 105 104 105 105 106 106 104 105 106 106 105 105 105 104 104 104 104 105 105 106 106 107 107 107 108 109 108 108 109 109 110 111 110 109 110 110 110 110
2614 110 111 111 110 108 107 107 107 106 106 105 105 105 104 105 104 104 104 104 104 104 105 106 106 105 106 106 107 108 108 108 107 107 107 107 106 107 108 108 108 108 108 108 109 109 110 110 109 109 109 108 109 109 109 110 110 110 110 110 109
2615 110 110 110 110 110 110 110 111 111 111 111 110 110 109 109 109 109 110 111 110 110 110 109 109 108 108 108 109 109 110 110 110 110 109 109 109 109 109 109 108 108 107 107 107 106 106 106 106 105 105 105 105 105 105 105 105 104 103 103 103
2616 103 103 102 102 102 102 101 101 101 101 101 101 101 101 101 101 101 101 101 101 101 101 101 101 101 101 101 101 101 101 101 101 101 101 101 101 101 101 101 101 101 101 101 101 101 101 101 101 101 101 101 101 101 101 101 102 102 102 102 102
2617 102 102 102 101 101 102 101 101 101 101 101 101 101 101 101 101 101 101 101 101 101 101 101 101 101 101 101 101 101 101 101 101 101 101 100 100 100 100 100 100 100 100 100 100 100 100 100 100 100 100 100 100  99  99  99  99  99  99  99  99
2618  99  99  99  99  99  99  99  99  99  99  99  99  99  99  98  98  98  98  98  98  98  98  98  98  98  98  98  98  98  98  97  97  97  97  97  97  97  97  97  97  97  97  97  97  97  97  97  97  96  96  96  96  96  96  96  96  96  96  96  96
2619  96  96  96  95  95  95  96  96  95  96  96  96  96  96  96  96  96  95  95  95  95  96  95  95  95  95  95  95  95  95  95  95  95  95  95  95  95  95  94  94  94  94  94  94  94  94  94  94  94  94  94  94  94  93  93  93  93  93  93  93
2620  93  93  93  93  93  92  92  92  92  92  92  92  92  92  92  92  92  92  92  91  91  91  91  91  91  91  91  91  91  91  91  92  92  91  91  91  91  91  91  91  91  91  91  91  91  91  91  91  91  91  91  91  91  91  91  91  90  90  91  91
2621  90  90  91  91  90  90  90  90  90  90  90  90  90  90  91  90  91  91  90  91  90  90  91  90  90  90  90  90  90  90  90  90  90  90  90  90  89  90  90  90  90  89  89  89  89  89  89  89  88  89  89  89  89  89  89  89  89  88  89  89
2622  89  89  90  90  90  90  90  90  90  90  90  90  90  90  90  90  90  90  90  90  90  90  90  90  90  90  90  90  90  90  89  89  89  89  89  89  89  89  89  89  89  89  89  89  89  89  89  88  88  88  88  88  88  88  88  88  88  88  88  88
2623  88  88  87  87  87  87  87  87  87  87  87  87  87  87  87  87  87  87  87  87  86  86  86  86  86  86  86  86  86  86  86  86  86  86  86  86  86  86  86  86  86  86  86  86  85  85  86  86  85  85  86  85  85  85  85 261  85  86  85  85
2700  85  86  86  86  86  85  86  85  85  85  85  85  85  85  85  85  85  85  85  85  85  85  85  85  85  85  85  85  85  85  85  85  85  85  85  85  85  85  85  85  85  85  85  85  85  86  86  86  85  85  85  85  85  85  85  85  85  86  86  86
2701  86  86  86  86  86  86  86  86  86  86  86  86  86  85  85  85  85  85  85  86  85  86  86  86  86  86  86  86  86  86  86  86  86  86  86  86  86  86  86  86  86  86  86  86  86  86  86  86  86  86  86  86  86  86  86  86  87  87  86  86
2702  86  86  86  86  86  86  86  86  86  86  86  86  86  86  86  86  85  85  85  85  85  85  84  84  84  85  85  85  85  85  85  85  84  84  84  84  84  84  84  84  84  84  84  84  84  84  84  84  84  84  84  84  84  84  84  84  84  84  84  84
2703  84  84  83  83  83  83  83  83  83  83  82  82  83  83  83  83  83  83  83  82  82  83  83  83  83  83  83  82  82  82  82  82  81  81  81  81  81  81  80  80  80  80  80  80  80  80  80  80  80  80  80  79  79  79  79  79  79  79  79  79
2704  80  80  80  80  79  79  79  79  78  78 284  78  78  78  78  78  77  77  77  76  76  76  76  75  75  75  75  75  76  76  77  77  77  77  78  78  78  78  78  78  79  79  79  79  79  79  79  79  79  79  79  79  79  79  79  79  79  79  79  79
2705  79  79  79  79  79  79  79  79  79  79  79  79  79  79  79  79  79  78  78  77  77  77  77  77  77  77  77  77  76  75  74  74  72  72  71  70  69  68  67  67  66  65  65  64  63  62  61  60  59  58  57  56  55  55  54  54  53  52  52  51
2706  51  51  51  51  50  50  50  50  50  50  49  49  51  54  57  60  62  62  62  64  65  65  65  66  66  65  65  63  62  61  61  61  62  64  65  66  66  67  67  67  66  66  66  66  66  66  66  66  65  65  65  64  64  65  65  64  63  63  64  64
2707  64  64  64  65  65  65  64  64  64  64  63  63  62  62  62  62  62  62  61  61  61  61  60  59  59  60  61  61  61  61  60  60  60  61  61  61  61  61  61  61  60  59  58  57  56  56  56  55  55  55  55  55  54  53  52  53  53  53  53  54
2708  56  56  56  57  58  58  59  58  58  59  58  59  59  59  59  59  59  60  61  61  61  61  61  61  61 209  61  61  61  61  61  61  60  60  60  59  60  60  60  60  60  60  60  60  59  59  59  59  59  59  60  60  60  59  59  59  59  59  59  59
2709  59  58  58  58  58  59  59  59  59  60  59  58  59  59  60  60  60  59  59  60  60  59  59  59  59  59  59  58  57  57  56  55  55  55  56  56  56  58  58  58  60  60  60  61  61  61  62  62  62  62  62  62  62  62  62  62  61  61  61  61
2710  61  60  60  60  60  61  61  61  62  62  62  63  63  63  64  64  65  65  65  66  66  67  68  68  69  69  69  69  69  69  69  70  70  70  70  70  70  70  71  71  71  71  71  71  72  72  72  72  73  74  74  75  75  76  77  78  78  79  78  77
2711  77  78  78  79  80  81  82  82  82  82  83  83  84  84  84  84  84  84  84  84  85  85  86  87  88  88  89  89  90  89  88  88  88  89  90  90  91  91  91  92  92  92  92  93  94  95  94  93  92  94  94  95  96  97  97  97  97  97  97  99
2712 100  99  98  98  99 100 102 102 102 102 102 102 102 101 102 101 102 103 104 105 104 104 105 107 108 109 109 109 109 109 110 111 112 110 111 113 114 116 116 116 195 115 116 117 117 117 117 115 114 116 116 118 119 118 118 118 120 120 120 120
2713 121 122 120 120 120 121 122 122 121 123 123 126 127 128 129 130 130 129 130 130 128 127 129 132 133 131 131 131 130 129 130 130 131 133 136 136 135 134 133 133 134 133 134 135 135 136 136 138 139 138 138 137 139 142 141 139 138 138 138 139
2714 142 143 143 141 141 142 143 143 145 146 147 147 146 147 148 149 150 151 149 150 150 149 147 149 149 150 152 152 151 151 153 153 151 151 150 151 151 153 152 151 152 152 150 152 152 155 155 152 153 156 156 156 155 155 157 156 154 155 155 156
2715 158 158 158 158 158 158 158 157 155 155 154 155 156 158 158 156 155 154 154 155 157 157 156 157 157 157 157 157 158 157 159 158 158 159 159 160 161 161 161 161 162 161 161 159 158 158 160 161 161 162 160 159 158 158 159 159 160 162 162 162
2716 162 163 162 164 163 162 162 163 160 160 161 160 161 163 164 164 163 162 163 164 164 165 166 167 167 165 164 162 162 163 163 163 162 161 162 161 159 158 159 161 162 162 163 163 164 163 163 165 164 163 163 162 161 161 162 161 161 161 160 160
2717 160 159 159 161 161 159 160 160 160 159 159 159 159 159 158 158 158 158 158 158 158 158 158 159 160 160 160 160 160 160 159 159 158 158 157 157 158 158 158 158 159 159 159 159 159 159 158 158 157 157 156 156 156 156 156 156 156 156 155 155
2718 154 154 154 154 154 154 154 153 153 153 153 153 152 152 152 152 152 151 151 151 151 151 151 151 151 151 150 150 150 150 149 149 149 149 148 148 148 148 148 147 147 147 147 147 146 146 146 145 145 145 144 144 144 143 143 143 143 143 142 142
2719 142 142 141 141 141 141 141 140 140 140 140 139 138 137 137 136 136 135 134 133 132 131 131 130 129 129 128 127 126 125 123 122 121 120 119 118 117 117 116 114 113 112 111 110 110 109 108 108 107 107 106 105 105 104 104 104 103 102 101 100
2720  99  99  98  97  97  96  95  95  94  94  93  92  91  90  90  89  89  89  89  89  89  89  88  88  87  86  85  84  84  83  83  83  82  82  82  82  81  81  81  81  81  81  81  81  82  83  82  81  82  83  83  84  85  85  86  87  86  85  83  82
2721  81  81  81  80  80  79  79  78  78  77  77  77  76  76  77  77  77  78  78  77  77  76  76  75  75  74  74  74  73  73  73  73  73  73  73  72  72  71  70  70  70  69  69  70  70  71  71  72  72  72  71  71  70  69  69  68  67  67  67  68
2722  68  68  68  68  68  68  67  67  67  67  66  66  66  66  67  68  67  67  66  66  65  64  64  64  64  64  64  64  64  64  64  64  64  65  65  65  65  65  65  64  64  64  64  63  63  63  63  63  62  62  62  62  62  62  62  62  62  62  62  62
2723  62  62  62  62  62  62  62  62  62  63  63  62  62  61  61  60  60  60  60  60  60  60  60  60  59  59  59  59  59  59  59  60  60  60  60  59  59  59  58  58  58  58  57  57  57  57  56  56  56  56  56  56  56  56  56  56  56  56  56  56
2800  56  56  56  56  56  56  56  56  56  56  55  55  55  54  54  54  54  54  54  54  54  54  54  54  54  53  53  53  53  53  53  53  53  53  52  52  52  52  51  51  51  51  51  51  52  52  51  52  52  52  53  53  53  53  53  53  54  54  53  52
2801  52  52  52  52  52  52  52  52  52  52  52  52  51  51  50  50  50  50  49  49  49  49  48  48  48  48  48  48  49  50  50  51  52  52  51  51  51  51  50  50  49  48  47  47  47  46  47  46  47  47  46  46  46  45  45  45  45  46  46  46
2802  46  46  46  47  48  50  51  51  51  50  50  49  49  49  49  48  48  48  48  48  48  47  47  46  46  46  46  46  45  45  45  45  44  44  44  44  44  44  43  43  43  42  42  42  43  43  43  43  43  42  42  42  42  42  42  42  42  42  41  41
2803  41  41  40  40  40  40  40  40  41  41  42  42  43  43  43  43  43  43  43  42  42  42  42  41  41  41  41  41  41  40  41  41  42  42  42  42  42  41  41  41  40  40  40  40  40  40  41  41  41  41  41  40  40  40  40  40  40  40  40  40
2804  40  39  40  40  40  40  40  40  40  40  40  39  39  39  39  39  40  40  39  39  39  39  39  39  39  39  39  39  39  39  39  39  39  39  39  38  38  38  38  38  38  39  39  39  39  39  39  39  39  39  39  39  38  38  38  38  38  38  38  39
2805  39  39  39  39  39  40  40  39  39  39  39  40  39  39  39  39  39  39  40  40  40  41  41  41  41  42  42  42  42  42  42  42  42  43  43  43  45  45  44  45  45  45  45  45  46  46  46  47  47  47  47  48  48  49  50  50  51  51  51  51
2806  51  52  51  52  52  53  53  53  53  53  53  54  54  54  55  55  55  56  56  56  56  57  57  57  58  58  58  58  59  59  59  59  59  60  60  60  61  61  61  61  61  61  61  61  61  61  61  61  61  61  61  61  61  61  62  62  62  63  63  63
2807  64  65  65  66  66  66  66  66  66  66  66  65  65  65  65  64  65  64  65  65  65  64  64  64  64  65  65  66  67  68  68  68  69  69  69  69  69  69  70  69  69  69  69  69  69  69  70  69  69  69  69  69  69  69  68  68  68  68  68  68
2808  68  68  68  67  67  67  67  67  67  67  67  67  67  67  67  67  67  68  68  69  71  71  72  73  74  74  74  74  75  75  76  76  76  76  76  76  76  76  76  76  76  77  77  77  77  77  76  76  76  76  76  76  76  77  78  79  79  79  79  78
2809  78  78  78  78  78  79  79  79  79  79  79  79  79  80  79  80  80  80  80  81  81  81  81  81  81  81  81  81  81  81  81  82  81  81  82  82  82  82  82  82  82  83  83  83  83  83  83  84  83  83  83  83  83  83  83  84  84  84  84  83
2810  82  81  81  80  80  79  79  79  78  78  78  77  77  77  77  77  77  76  75  75  75  74  74  74  74  74  74  74  75  75  75  75  75  75  75  75  76  76  76  76  76  76  76  77  77  77  77  77  78  78  78  78  78  79  78  78  78  78  79  79
2811  79  79  79  79  79  80  80  80  80  80  80  81  81  81  81  81  81  81  81  81  82  82  82  83  84  84  84  85  85  86  86  87  87  87  87  87  88  88  88  89  89  89  89  89  89  88  89  89  88  88  88  88  88  88  87  88  88  88  88  88
2812  89  88  88  88  88  88  88  89  89  89  89  89  88  89  88  88  88  89  89  90  90  90  91  91  91  92  91  92  92  92  92  93  93  94  94  94  94  93  93  93  94  94  94  94  94  94  94  94  94  94  94  94  95  95  95  95  95  95  95  96
2813  96  95  95  95  96  96  96  96  97  97  97  97  97  97  97  98  98  97  97  98  98  99  99  99  99  99  99 100 100  99  99  99  99  99  99 100 100 100 102 102 102 103 103 103 102 103 103 104 104 103 102 102 102 103 103 103 103 104 104 104
2814 104 104 104 104 104 104 104 104 104 103 104 104 104 104 104 105 105 106 107 108 108 107 107 107 107 107 108 108 109 109 109 109 110 110 110 111 111 110 110 111 112 113 114 115 117 117 117 117 117 116 114 114 113 114 114 114 114 115 116 117
2815 116 116 117 117 117 117 117 117 116 117 118 118 117 117 117 118 118 119 119 119 119 119 119 120 121 123 125 126 127 126 124 123 123 123 123 122 123 123 123 123 123 123 123 123 124 125 126 128 129 129 127 127 125 125 125 126 126 126 127 127
2816 127 127 127 127 128 128 129 130 130 129 128 128 129 129 129 130 131 133 134 135 134 132 132 131 130 129 129 130 129 129 130 130 130 130 130 130 130 130 130 130 130 129 129 129 129 129 129 129 130 130 130 130 130 131 131 131 131 131 130 130
2817 130 130 130 130 130 130 130 130 130 130 130 130 129 129 129 128 128 128 128 128 128 128 128 128 128 128 128 128 129 129 129 129 130 130 130 130 130 130 130 130 130 130 130 130 130 130 130 130 130 130 130 130 130 130 129 129 129 129 129 129
2818 129 129 129 129 129 130 130 130 130 130 130 130 131 131 130 131 130 130 130 129 129 129 129 129 129 129 129 129 129 129 129 128 128 128 128 128 128 128 128 128 128 127 127 127 127 127 127 126 125 124 124 124 124 124 124 124 124 124 124 124
2819 125 124 124 124 124 123 123 122 122 121 121 120 120 119 119 118 118 117 117 117 116 115 114 113 112 111 110 110 109 109 108 107 107 106 105 105 105 105 105 105 104 104 104 103 103 102 102 101 101 100 100 100  99  99  99  99 100 100 100 100
2820 100 100 100 100 100 100 100 101 101 102 102 102 102 101 101 100 100 100  99  99  99  99  99  99  99  99  99 100 100 100 100 100 100 101 101 101 101 101 101 100 100 100 100 100 100 100 100 100 100 100 100  99  99  99  99  99 100 100 100 100
2821 100  99  99  99  99  99  99  99  98  98  98  98  98  98  98  98  98  98  98  98  98  98  98  98  98  98  98  98  98  98  97  97  97  98  98  97  97  97  97  97  97  97  96  96  96  96  96  96  97  97  97  97  96  96  96  96  96  96  95  95
2822  95  95  95  95  97  97  97  97  96  96  95  95  94  94  94  94  95  96  96  97  98  98  98  98  98  99 100 101 101 102 103 104 105 104 104 104 103 103 102 101 101 101 100  99  98  97  96  95  95  94  93  93  92  92  91  90  90  90  89  90
2823  90  90  90  89  89  89  89  88  87  86  85  85  84  84  83  83  82  81  81  80  80  80  79  79  78  77  77  76  76  76  76  75  75  75  74  74  73  73  73  72  72  72  71  71  71  71  71  71  70  70  70  70  70  71  71  71  71  70  70  70
2900  71  72  72  72  73  72  72  72  72  72  71  71  71  72  71  71  71  70  70  70  70  70  69  69  69  69  69  69  69  69  69  68  68  68  68  68  68  69  69  69  68  68  69  69  69  68  68  67  67  67  67  67  67  66  66  66  66  66  66  66
2901  66  66  66  66  65  65  65  65  65  65  65  65  64  64  64  64  64  64  64  63  63  63  63  63  62  62  62  62  62  61  61  61  61  60  60  59  59  60  60  60  60  60  60  60  60  60  60  59  59  58  58  58  58  57  57  57  57 219  57  57
2902  56  56  56  56  57  57  58  58  58  58  57  56  56  56  56  56  57  57  57  57  56  57  57  56  56  55  55  56  56  55  55  55  55  54  53  53  53  52  52  52  52  53  53  53  54  54  53  53  52  52  52  53  53  53  53  52  52  52  52  53
2903  53  53  53  54  55  56  56  56  56  56  56  56  55  55  55  55  55  56  56  56  56  55  55  54  54  54  54  53  54  55  56  56  56  56  56  56  57  57  57  57  57  56  56  57  58  59  59  58  58  59  60  61  61  61  61  60  60  58  57  56
2904  55  54  54  53  53  54  53  52  52  51  51  52  54  55  54  53  52  51  51  50  49  49  49  49  49  49  49  49  49  49  49  49  50  51  50  49  49  48  48  48  48  48  47  47  46  45  45  45  46  46  46  46  46  46  46  45  45  45  44  44
2905  44  44  44  44  44  44  44  44  45  45  45  44  44  44  43  43  43  42  42  41  41  41  42  44  44  44  44  44  45  45  45  45  45  43  42  42  43  43  44  44  44  44  45  45  45  45  45  45  43  42  42  43  43  42  42  43  43  43  42  42
2906  41  41  41  40  40  39  39  40  40  40  40  39 222  38  38  38  37  38  38  38  38  39  39  39  39  38  38  37  37  37  37  37  37  37  37  37  37  37  37  37  37  37  37  37  37  36  36  36  36  35  35  35  35  36  36  37  36  36  36  36
2907  36  36  36  36  36  35  35  35  35  35  34  34  34  34  34  34  34  36  36  37  38  38  37  36  35  35  35  34  34  34  35  36  35  35  35  35  35  34  33  33  32  33  34  35  35  35  35  34  34  34  34  35  35  38  39  38  38  38  39  39
2908  40  41  42  43  43  44  44  45  45  45  45  45  46  47  48  48  48  47  46  45  44  43  43  42  42  42  42  42  41  41  42  44  44  42  40  40  39  39  41  41  41  42  42  41  41  40  40  39  39  39  41  41  41  40  39  39  39  39  38  38
2909  37  37  37  36  35  35  35  35  35  35  35  35  36  36  36  36  37  37  36  36  36  36  36  36  36  36  36  36  36  37  38  38  38  38  39  40  40  41  41  42  42  43  43  43  43  43  43  44  44  45  46  45  45  46  47  47  48  48  49  49
2910  49  50  50  51  52  53  54  55  55  56  56  57  58  58  58  59  60  61  62  63  64  65  65  66  67  68  69 197  69  70  71  72  73  73  74  75  76  77  78  78  78  77  76  76  76  76  77  77  77  78  79  80  81  83  84  84  85  85  86  87
2911  88  87  87  87  88  89  89  89  89  89  89  90  90  90  90  91  91  91  92  92  93  92  92  92  92  93  93  94  95  95  96  96  96  97  98  98  99  99  99  99  99 100 101 102 103 104 104 105 105 105 105 106 108 109 110 112 112 113 114 112
2912 111 111 109 110 110 111 112 114 115 114 114 114 114 115 116 115 114 114 115 116 116 119 120 120 120 120 121 122 122 122 122 122 123 123 123 122 121 121 121 121 120 120 120 121 121 121 121 121 121 121 121 122 122 123 124 126 126 128 130 131
2913 130 128 129 128 129 129 128 128 129 128 128 129 130 131 131 133 135 137 137 134 134 134 135 135 134 135 134 135 134 136 137 136 136 137 137 138 140 139 139 139 138 139 140 140 140 141 144 146 147 148 146 145 144 143 143 143 143 144 144 143
2914 144 146 147 146 145 146 147 147 148 147 145 145 146 145 145 147 148 148 148 148 148 148 148 148 148 148 147 149 151 153 153 153 154 153 154 155 154 151 149 149 149 151 191 151 152 152 152 152 151 153 155 156 158 160 160 160 158 155 154 153
2915 154 155 156 158 159 159 157 155 157 158 158 158 160 160 161 162 159 157 156 156 156 156 157 159 158 158 157 159 160 161 160 158 158 159 160 161 161 161 160 159 160 161 162 162 160 158 156 157 157 157 158 158 157 157 157 158 159 160 159 158
2916 158 159 159 160 159 159 159 158 159 161 161 162 164 165 164 165 165 165 167 167 166 164 163 163 164 164 164 165 165 163 162 162 163 163 161 161 162 162 164 165 166 164 163 163 163 163 163 165 165 164 163 163 164 164 164 165 165 166 166 165
2917 164 164 164 163 163 163 163 163 163 163 164 163 163 163 164 163 163 164 164 163 162 162 162 161 161 160 160 160 161 162 162 162 162 163 162 162 163 164 163 162 161 161 161 162 162 162 162 162 162 161 161 160 160 160 160 160 160 160 160 161
2918 162 163 164 165 165 164 163 161 160 160 160 160 160 160 160 160 160 160 160 159 159 159 159 159 159 159 159 159 159 158 158 158 157 157 156 156 156 156 155 155 155 154 154 154 154 153 153 153 153 153 152 151 150 150 150 149 148 195 146 144
2919 142 140 138 137 136 135 134 134 133 132 131 130 129 129 130 132 133 133 132 131 130 129 128 127 127 126 125 125 124 124 123 122 121 121 122 122 121 120 120 119 119 119 119 118 118 117 116 116 115 115 114 114 113 112 112 111 111 110 110 109
2920 108 107 107 106 105 104 104 103 103 102 102 101 101 101 101 102 102 103 103 103 103 103 103 102 102 101 100 100  99  99  98  98  97  97  97  97  97  96  97  96  96  96  95  95  95  94  94  94  94  94  93  93  93  93  93  92  92  92  91  91
2921  90  90  90  90  90  90  89  89  89  89  89  89  88  89  88  88  88  88  88  87  87  86  86  86  85  85  86  86  86  86  86  86  86  86  86  87  87  87  87  87  86  86  86  85  85  85  85  85  85  86  86  87  87  87  88  88  89  89  89  89
2922  89  88  88  89  89  88  88  88  88  88  88  88  88  88  88  88  88  88  88  88  88  89  89  90  90  90  90  90  91  91  91  91  91  91  91  91  91  91  91  91  91  91  91  92  92  92  92  93  93  93  93  93  93  94  94  94  94  94  95  95
2923  95  95  95  96  96  96  96  96  97  96  96  96  97  97  97  97  97  97  97  97  97  97  97  97  97  97  97  97  97  97  97  97  97  97  97  97  97  97  97  97  97  97  97  97  97  97  97  97  96  96  96  96  96  96  96  96  95  95  95  95
3000  95  95  95  95  95  95  95  95  95  95  95  95  96  96  96  96  96  96  95  95  95  95  96  96  96  96  96  96  96  96  96  96  96  96  96  96  96  96  96  96  96  96  96  95  95  95  95  95  95  95  95  95  95  95  95  96  96  96  96  96
3001  96  96  96  96  96  95  95  95  95  95  95  95  95  95  95  95  95  96  95  96  96  96  96  96  96  96  96  96  96  96  95  95  95  95  95  95  95  95  95  96  96  96  96  97  97  97  97  97  97  96  96  96  96  96  96  96  96  96  96  97
3002  97  97  97  98  98  98  98  98  98  97  97  97  97  97  97  97  97  97  97  97  97  97  97  97  97  97  97  96  96  96  96  97  97  97  97  96  96  96  96  95  95  95  95  96  96  96  96  97  97  97  97  97  97  97  97  97  96  96  96  96
3003  96  97  96  96  96  97  97  97  97  97  97  98  98  99  99  99  99  99  99  99  99  99  99  99  99  99  99  99  99  99  98  99  99  99  99  99  99  99  99  99  99  98  98  98  99  99  99 100 101 102 103 103 103 103 103 103 102 102 102 102
3004 102 101 101 101 100 100 100 100 100  99  99  99  99  99  99 100 101 101 102 102 102 102 102 101 101 101 101 100 100 100 100 100 100  99  99  99  99  99  98  98  98  98  98  99  99  98  99  99 100 100 100 100  99  98  98  97  97  97  97  97
3005  97  97  98  99  99  99  99  99  99  99  99  99  99 100 100 100 100 100 100 100 100 100 100 101 101 101 101 102 102 102 102 102 102 103 102 102 103 103 102 102 102 102 103 103 103 103 103 103 103 104 104 104 104 104 104 104 104 105 105 105
3006 105 105 105 106 106 106 106 106 105 104 104 104 104 104 104 105 105 105 106 106 106 106 106 106 106 106 106 106 106 105 105 105 104 104 103 103 102 102 102 102 101 101 101 100 100 100 100 100 100  99  99  99  99  98  98  98  98  98  98  98
3007  99  99  99  99  99  99  99  98  98  98  98  97  97  97  97  98  99 100 100 101 102 102 102 101 101 101 101 102 102 102 102 101 101 100 100 100 100  99  99  99  99  99  99  99  98  98  98  97  97  97  96  96  95  95  95  95  95  94  94  94
3008  94  94  94  94  94  93  93  93  93  93  94  94  95  95  95  95  95  95  95  95  95  95  95  95  94  94  94  93  93  93  93  93  93  93  92  92  93  93  93  93  94  94  94  94  94  94  94  94  94  94  94  94  93  93  93  93  93  93  93  93
3009  93  93  93  93  93  93  93  93  93  93  93  93  93  93  93  94  94  94  94  94  94  94  94  94  94  94  95  95  95  95  96  96  96  96  96  97  98  98  99  99  99 100 100 101 101 101 102 102 102 102 103 103 103 103 103 103 103 103 103 102
3010 102 102 102 102 102 102 102 102 102 102 102 102 102 102 102 103 103 103 103 103 103 103 103 103 103 104 104 104 104 104 104 104 105 105 105 105 105 104 104 104 104 104 104 104 103 103 103 102 102 103 103 103 103 103 103 103 104 104 104 104
3011 104 104 104 104 104 104 103 103 104 104 104 104 104 104 105 105 106 106 106 106 106 106 107 107 107 107 107 107 107 107 107 107 107 107 107 108 108 108 108 108 108 108 108 108 108 108 108 108 108 108 108 108 108 108 108 108 108 108 108 108
3012 108 108 108 108 108 108 108 108 108 108 108 108 108 108 108 108 108 108 108 108 108 108 108 108 108 108 108 108 108 108 108 108 108 108 108 108 108 108 108 108 108 108 108 108 108 108 108 108 108 108 108 108 108 108 108 108 108 108 108 108
3013 108 108 108 109 109 109 109 109 109 109 109 109 109 109 109 109 109 110 110 110 110 110 110 110 110 110 111 111 111 111 111 111 111 111 111 112 112 112 112 112 112 112 113 113 113 113 112 112 112 112 112 112 112 112 112 112 112 112 112 112
3014 112 112 112 112 112 112 113 113 113 113 113 113 113 114 114 114 114 114 114 114 114 114 114 114 115 115 115 115 115 115 115 115 115 115 115 115 115 115 115 115 115 115 115 115 115 115 115 115 115 115 116 116 116 116 116 116 116 116 116 116
3015 116 116 116 116 116 116 116 116 116 116 116 116 116 115 115 115 115 115 115 114 114 114 114 114 114 114 114 113 113 113 113 113 113 113 112 112 112 112 112 112 112 112 112 112 112 112 112 111 111 111 111 111 111 111 111 111 111 111 111 111
3016 112 112 112 111 111 111 112 112 112 112 112 111 111 111 112 112 112 112 112 112 112 112 112 112 112 112 112 112 112 112 112 111 111 111 111 111 111 111 111 111 111 111 111 111 111 111 111 111 111 111 111 111 110 110 110 110 110 110 110 110
3017 110 110 110 110 110 110 110 110 110 110 110 110 110 110 110 110 110 110 110 110 110 110 110 110 110 110 110 110 110 110 110 110 110 110 110 110 110 110 110 110 110 110 110 110 110 110 109 109 109 109 109 109 109 109 109 109 109 109 109 109
3018 109 109 109 109 109 109 109 109 109 109 109 109 109 109 109 109 109 109 109 109 109 109 110 109 109 109 109 109 109 109 109 109 108 108 109 108 108 108 108 108 108 108 108 108 108 108 108 108 108 108 108 108 108 108 108 108 107 107 107 107
3019 107 107 107 106 106 106 106 106 106 106 106 106 106 105 105 105 105 105 105 105 105 105 105 105 105 105 105 104 104 104 104 104 104 104 104 104 104 104 104 104 105 104 105 104 104 103 103 103 103 102 102 103 102 102 102 101 101 101 100 100
3020 100 100 100  99  99  99  99  99  99  99  99  99  98  99  99  98  99  99  99  99  99  99  99  99  99  99  99  99  99  99  99  99  99  99  99  99  99  99  99  99  98  98  98  99  99  99  99  99  99  98  98  99  99  99  98  98  98  98  98  98
3021  98  98  98  98  98  98  98  98  98  97  97  97  97  97  97  97  97  97  97  97  97  97  97  97  97  97  97  97  97  97  97  97  97  97  97  97  98  98  98  98  98  98  98  98  99  98  98  98  98  98  98  98  98  98  98  97  97  97  97  97
3022  97  97  97  97  97  97  97  97  97  97  97  97  98  98  98  98  98  98  97  97  97  97  97  97  97  97  97  97  97  96  96  96  96  96  96  96  96  96  96  96  95  96  95  95  95  95  95  95  95  95  95  95  95  95  95  95  94  94  94  94
3023  93  93  93  93  92  91  90  89  88  89  89  88  88  88  88  88  87  87  86  86  85  85  85  84  84  83  83  83  82  82  82  82  82  82  81  81  81  81  81  82  82  81  81  81  81  80  80  80  80  79  80  80  81  80  80  80  80  80  80  79
3100  79  79  79  79  79  78  78  78  78  79  78  79  79  79  79  80  80  80  80  80  80  80  81  82  82  83  84  86  87  88  89  90  90  91  91  92  92  92  93  93  92  92  92  92  92  92  92  92  92  92  91  90  90  89  89  88  88  88  88  87
3101  87  87  87  86  86  85  85  85  85  85  85  85  84  84  84  84  84  84  84  84  84  84  85  87  88  89  89  89  89  89  89  89  89  89  90  90  90  90  90  91  90  90  91  90  90  90  90  91  90  90  90  90  90  91  90  91  90  90  90  90
3102  90  90  90  90  89  89  89  89  89  89  89  89  89  89  89  89  89  89  89  88  88  89  89  89  89  89  89  88  88  88  88  88  88  88  88  88  88  88  88  88  88  88  88  88  88  88  88  88  88  88  88  88  88  88  89  89  89  89  89  89
3103  89  89  89  89  89  89  89  89  89  89  89  89  89  89  89  89  89  89  89  88  88  88  88  88  88  88  88  88  88  88  87  87  87  87  87  87  87  87  86  86  86  86  86  85  85  86  86  86  86  87  87  87  87  87  87  87  86  86  86  86
3104  86  85  85  86  85  85  85  85  85  85  85  85  84  84  85  84  85  85  85  85  85  85  85  85  84  85  84  85  85  85  85  85  85  85  85  85  85  85  85  85  85  84  84  84  84  84  84  84  84  84  85  85  85  84  85  85  85  84  85  85
3105  85  85  84  84  84  84  85  85  84  84  84  84  84  84  84  84  84  84  84  84  84  84  85  85  85  85  85  85  84  84  84  84  84  84  84  84  84  84  84  84  84  84  83  83  83  84  84  83  83  83  84  84  84  84  84  84  84  84  84  84
3106  84  84  84  84  84  84  84  84  84  83  83  83  81  81  79  78  78  78  77  77  77  77  77  77  77  77  78  78  78  77  77  76  76  75  75  74  75  74  74  73  72  74  74  73  71  71  71  71  71  71  71  71  72  72  71  70  69  69  68  69
3107  69  69  68  68  68  69  70  70  69  68  68  68  67  68  67  66  66  66  66  67  68  69  69  69  69  70  69  69  69  68  67  66  66  66  66  66  66  65  65  65  65  65  65  65  65  66  67  67  66  65  64  64  64  64  64  64  64  64  64  64
3108  64  65  65  65  66  66  66  66  66  66  65  64  64  64 194  62  61  61  60  60  60  60  60  60  61  60  61  61  62  62  62  62  62  62  61  61  61  63  64  64  65  67  67  67  69  69  70  71  71  72  72  72  72  72  71  71  71  70  71  71
3109  70  69  68  67  65  64  64  65  65  65  64  64  64  65  66  66  66  67  67  67  67  67  67  67  67  67  67  67  67  67  66  66  65  65  65  64  64  64  64  64  63  61  60  60  60  61  61  62  63  64  64  64  64  65  65  66  66  66  66  66
3110  66  66  66  65  65  65  65  64  64  64  64  64  64  64  64  64  64  65  65  65  65  65  65  65  65  65  65  65  65  65  65  65  65  64  64  64  64  64  64  64  65  65  65  66  66  66  67  67  67  68  68  68  69  69  68  69  69  70  70  70
3111  70  70  70  70  70  70  70  70  70  70  71  71  72  72  72  72  72  72  72  73  73  74  74  74  75  75  75  77  77  78  78  78  79  80  79  79  80  80  81  82  83  82  82  82  82  82  81  82  83  83  84  84  85  85  87  87  87  86  87  87
3112  87  87  86  86  86  87  88  89  90  92  94  93  94  93  92  92  92  90  90  90  91  93  94  96  97  99  99 101 101 190 103 105 105 105 106 106 106 107 109 108 109 108 108 109 110 111 111 111 111 112 113 115 115 116 117 117 117 118 119 120
3113 120 118 118 118 117 117 118 118 119 119 122 124 125 127 130 130 129 127 127 128 129 131 132 131 131 132 133 132 132 130 131 130 130 131 133 134 134 133 134 135 135 133 132 132 132 134 134 134 134 133 134 136 136 139 140 139 140 139 138 138
3114 139 139 140 141 143 144 145 145 145 144 144 144 144 144 146 145 145 145 145 146 145 144 145 146 146 147 149 149 147 149 150 152 153 152 151 152 151 150 152 154 155 156 155 153 152 152 152 153 154 154 154 153 154 155 157 158 158 157 157 157
3115 157 158 159 161 160 159 158 160 158 159 159 158 158 161 160 160 160 159 160 160 160 162 164 164 163 162 165 167 168 168 167 167 166 165 163 162 162 161 162 163 162 161 160 160 161 163 165 166 166 167 168 169 168 167 168 168 168 167 165 165
3116 166 168 167 165 164 165 167 168 169 169 170 169 167 165 165 166 168 169 168 167 166 167 167 167 167 168 168 168 169 170 170 169 169 168 169 169 169 169 169 169 168 169 169 169 185 170 171 170 170 171 171 171 171 172 173 174 175 175 173 173
3117 174 174 174 175 175 175 174 174 174 174 172 171 170 170 169 169 169 168 168 168 167 167 168 168 168 168 168 168 168 168 168 168 168 168 168 169 169 169 169 170 170 170 170 169 168 167 167 166 166 166 166 166 165 165 165 165 165 164 164 164
3118 164 165 165 166 165 165 165 166 165 165 166 166 166 166 166 166 165 165 165 165 165 165 165 164 164 164 164 164 164 164 163 163 163 162 162 162 162 162 161 161 161 161 160 160 159 158 157 157 157 156 154 153 152 151 150 149 148 148 148 148
3119 147 147 147 147 147 146 145 145 144 144 143 142 141 141 140 139 138 137 136 135 134 133 133 132 131 131 131 130 130 129 129 128 128 128 127 127 126 125 125 124 124 123 123 123 122 122 122 122 122 121 121 120 120 120 120 119 119 119 119 119
3120 119 119 119 119 119 119 119 120 120 121 123 123 124 124 124 124 123 123 123 123 124 127 128 129 132 135 137 138 140 141 141 142 142 142 141 141 141 140 139 139 139 139 138 138 137 135 135 133 133 132 131 131 130 130 129 129 129 129 128 191
